order_date,product_id,quantity,model,type,part
2025-01-08,P001,4,-,Actual,Train
2025-01-09,P001,0,-,Actual,Train
2025-01-10,P001,1,-,Actual,Train
2025-01-11,P001,0,-,Actual,Train
2025-01-12,P001,2,-,Actual,Train
2025-01-13,P001,0,-,Actual,Train
2025-01-14,P001,3,-,Actual,Train
2025-01-15,P001,0,-,Actual,Train
2025-01-16,P001,6,-,Actual,Train
2025-01-17,P001,0,-,Actual,Train
2025-01-18,P001,0,-,Actual,Train
2025-01-19,P001,3,-,Actual,Train
2025-01-20,P001,0,-,Actual,Train
2025-01-21,P001,2,-,Actual,Train
2025-01-22,P001,2,-,Actual,Train
2025-01-23,P001,3,-,Actual,Train
2025-01-24,P001,1,-,Actual,Train
2025-01-25,P001,0,-,Actual,Train
2025-01-26,P001,0,-,Actual,Train
2025-01-27,P001,1,-,Actual,Train
2025-01-28,P001,1,-,Actual,Train
2025-01-29,P001,3,-,Actual,Train
2025-01-30,P001,0,-,Actual,Train
2025-01-31,P001,0,-,Actual,Train
2025-02-01,P001,3,-,Actual,Train
2025-02-02,P001,3,-,Actual,Train
2025-02-03,P001,1,-,Actual,Train
2025-02-04,P001,5,-,Actual,Train
2025-02-05,P001,3,-,Actual,Train
2025-02-06,P001,2,-,Actual,Train
2025-02-07,P001,1,-,Actual,Train
2025-02-08,P001,0,-,Actual,Train
2025-02-09,P001,4,-,Actual,Train
2025-02-10,P001,7,-,Actual,Train
2025-02-11,P001,0,-,Actual,Train
2025-02-12,P001,3,-,Actual,Train
2025-02-13,P001,5,-,Actual,Train
2025-02-14,P001,10,-,Actual,Train
2025-02-15,P001,0,-,Actual,Train
2025-02-16,P001,0,-,Actual,Train
2025-02-17,P001,3,-,Actual,Train
2025-02-18,P001,3,-,Actual,Train
2025-02-19,P001,4,-,Actual,Train
2025-02-20,P001,11,-,Actual,Train
2025-02-21,P001,0,-,Actual,Train
2025-02-22,P001,0,-,Actual,Train
2025-02-23,P001,1,-,Actual,Train
2025-02-24,P001,1,-,Actual,Train
2025-02-25,P001,0,-,Actual,Train
2025-02-26,P001,0,-,Actual,Train
2025-02-27,P001,7,-,Actual,Train
2025-02-28,P001,0,-,Actual,Train
2025-03-01,P001,3,-,Actual,Train
2025-03-02,P001,3,-,Actual,Train
2025-03-03,P001,3,-,Actual,Train
2025-03-04,P001,0,-,Actual,Train
2025-03-05,P001,0,-,Actual,Train
2025-03-06,P001,1,-,Actual,Train
2025-03-07,P001,5,-,Actual,Train
2025-03-08,P001,2,-,Actual,Train
2025-03-09,P001,2,-,Actual,Train
2025-03-10,P001,3,-,Actual,Train
2025-03-11,P001,0,-,Actual,Train
2025-03-12,P001,0,-,Actual,Train
2025-03-13,P001,0,-,Actual,Train
2025-03-14,P001,9,-,Actual,Train
2025-03-15,P001,2,-,Actual,Train
2025-03-16,P001,1,-,Actual,Train
2025-03-17,P001,3,-,Actual,Train
2025-03-18,P001,0,-,Actual,Train
2025-03-19,P001,3,-,Actual,Train
2025-03-20,P001,0,-,Actual,Train
2025-03-21,P001,1,-,Actual,Train
2025-03-22,P001,0,-,Actual,Train
2025-03-23,P001,5,-,Actual,Train
2025-03-24,P001,0,-,Actual,Train
2025-03-25,P001,3,-,Actual,Train
2025-03-26,P001,4,-,Actual,Train
2025-03-27,P001,0,-,Actual,Train
2025-03-28,P001,3,-,Actual,Train
2025-03-29,P001,1,-,Actual,Train
2025-03-30,P001,5,-,Actual,Train
2025-03-31,P001,3,-,Actual,Train
2025-04-01,P001,5,-,Actual,Train
2025-04-02,P001,9,-,Actual,Train
2025-04-03,P001,2,-,Actual,Train
2025-04-04,P001,1,-,Actual,Train
2025-04-05,P001,2,-,Actual,Train
2025-04-06,P001,6,-,Actual,Train
2025-04-07,P001,0,-,Actual,Train
2025-04-08,P001,1,-,Actual,Train
2025-04-09,P001,0,-,Actual,Train
2025-04-10,P001,1,-,Actual,Train
2025-04-11,P001,5,-,Actual,Train
2025-04-12,P001,0,-,Actual,Train
2025-04-13,P001,0,-,Actual,Train
2025-04-14,P001,2,-,Actual,Train
2025-04-15,P001,1,-,Actual,Train
2025-04-16,P001,5,-,Actual,Train
2025-04-17,P001,1,-,Actual,Train
2025-04-18,P001,2,-,Actual,Train
2025-04-19,P001,6,-,Actual,Train
2025-04-20,P001,2,-,Actual,Train
2025-04-21,P001,0,-,Actual,Train
2025-04-22,P001,7,-,Actual,Train
2025-04-23,P001,1,-,Actual,Train
2025-04-24,P001,0,-,Actual,Train
2025-04-25,P001,0,-,Actual,Train
2025-04-26,P001,6,-,Actual,Train
2025-04-27,P001,4,-,Actual,Train
2025-04-28,P001,2,-,Actual,Train
2025-04-29,P001,3,-,Actual,Train
2025-04-30,P001,3,-,Actual,Train
2025-05-01,P001,3,-,Actual,Train
2025-05-02,P001,4,-,Actual,Train
2025-05-03,P001,5,-,Actual,Train
2025-05-04,P001,1,-,Actual,Train
2025-05-05,P001,0,-,Actual,Train
2025-05-06,P001,0,-,Actual,Train
2025-05-07,P001,1,-,Actual,Train
2025-05-08,P001,1,-,Actual,Train
2025-05-09,P001,6,-,Actual,Train
2025-05-10,P001,0,-,Actual,Train
2025-05-11,P001,0,-,Actual,Train
2025-05-12,P001,0,-,Actual,Train
2025-05-13,P001,4,-,Actual,Train
2025-05-14,P001,2,-,Actual,Train
2025-05-15,P001,1,-,Actual,Train
2025-05-16,P001,5,-,Actual,Train
2025-05-17,P001,2,-,Actual,Train
2025-05-18,P001,0,-,Actual,Train
2025-05-19,P001,0,-,Actual,Train
2025-05-20,P001,3,-,Actual,Train
2025-05-21,P001,2,-,Actual,Train
2025-05-22,P001,1,-,Actual,Train
2025-05-23,P001,6,-,Actual,Train
2025-05-24,P001,0,-,Actual,Train
2025-05-25,P001,0,-,Actual,Train
2025-05-26,P001,1,-,Actual,Train
2025-05-27,P001,2,-,Actual,Train
2025-05-28,P001,6,-,Actual,Train
2025-05-29,P001,0,-,Actual,Train
2025-05-30,P001,0,-,Actual,Train
2025-05-31,P001,1,-,Actual,Train
2025-06-01,P001,2,-,Actual,Train
2025-06-02,P001,1,-,Actual,Train
2025-06-03,P001,4,-,Actual,Train
2025-06-04,P001,0,-,Actual,Train
2025-06-05,P001,0,-,Actual,Train
2025-06-06,P001,1,-,Actual,Train
2025-06-07,P001,0,-,Actual,Train
2025-06-08,P001,3,-,Actual,Train
2025-06-09,P001,0,-,Actual,Train
2025-06-10,P001,1,-,Actual,Train
2025-06-11,P001,3,-,Actual,Train
2025-06-12,P001,0,-,Actual,Train
2025-06-13,P001,0,-,Actual,Train
2025-06-14,P001,2,-,Actual,Train
2025-06-15,P001,4,-,Actual,Train
2025-06-16,P001,2,-,Actual,Train
2025-06-17,P001,2,-,Actual,Train
2025-06-18,P001,3,-,Actual,Train
2025-06-19,P001,0,-,Actual,Train
2025-06-20,P001,1,-,Actual,Train
2025-06-21,P001,3,-,Actual,Train
2025-06-22,P001,1,-,Actual,Train
2025-06-23,P001,3,-,Actual,Train
2025-06-24,P001,1,-,Actual,Train
2025-06-25,P001,0,-,Actual,Train
2025-06-26,P001,1,-,Actual,Train
2025-06-27,P001,6,-,Actual,Train
2025-06-28,P001,2,-,Actual,Train
2025-06-29,P001,2,-,Actual,Train
2025-06-30,P001,0,-,Actual,Train
2025-07-01,P001,1,-,Actual,Train
2025-07-02,P001,1,-,Actual,Train
2025-07-03,P001,1,-,Actual,Train
2025-07-04,P001,3,-,Actual,Train
2025-07-05,P001,0,-,Actual,Train
2025-07-06,P001,1,-,Actual,Train
2025-07-07,P001,7,-,Actual,Train
2025-07-08,P001,0,-,Actual,Train
2025-07-09,P001,0,-,Actual,Train
2025-07-10,P001,2,-,Actual,Train
2025-07-11,P001,1,-,Actual,Train
2025-07-12,P001,0,-,Actual,Train
2025-07-13,P001,2,-,Actual,Train
2025-07-14,P001,8,-,Actual,Train
2025-07-15,P001,2,-,Actual,Train
2025-07-16,P001,0,-,Actual,Train
2025-07-17,P001,8,-,Actual,Train
2025-07-18,P001,0,-,Actual,Train
2025-07-19,P001,0,-,Actual,Train
2025-07-20,P001,0,-,Actual,Train
2025-07-21,P001,4,-,Actual,Train
2025-07-22,P001,1,-,Actual,Train
2025-07-23,P001,3,-,Actual,Train
2025-07-24,P001,0,-,Actual,Train
2025-07-25,P001,2,-,Actual,Train
2025-07-26,P001,0,-,Actual,Train
2025-07-27,P001,1,-,Actual,Train
2025-07-28,P001,0,-,Actual,Train
2025-07-29,P001,0,-,Actual,Train
2025-07-30,P001,0,-,Actual,Train
2025-07-31,P001,2,-,Actual,Train
2025-08-01,P001,0,-,Actual,Train
2025-08-02,P001,1,-,Actual,Train
2025-08-03,P001,2,-,Actual,Train
2025-08-04,P001,4,-,Actual,Train
2025-08-05,P001,1,-,Actual,Train
2025-08-06,P001,3,-,Actual,Train
2025-08-07,P001,0,-,Actual,Train
2025-08-08,P001,3,-,Actual,Train
2025-08-09,P001,1,-,Actual,Train
2025-08-10,P001,9,-,Actual,Train
2025-08-11,P001,2,-,Actual,Train
2025-08-12,P001,1,-,Actual,Train
2025-08-13,P001,0,-,Actual,Train
2025-08-14,P001,2,-,Actual,Train
2025-08-15,P001,0,-,Actual,Train
2025-08-16,P001,0,-,Actual,Train
2025-08-17,P001,3,-,Actual,Train
2025-08-18,P001,0,-,Actual,Train
2025-08-19,P001,0,-,Actual,Train
2025-08-20,P001,6,-,Actual,Train
2025-08-21,P001,7,-,Actual,Train
2025-08-22,P001,5,-,Actual,Train
2025-08-23,P001,0,-,Actual,Train
2025-08-24,P001,2,-,Actual,Train
2025-08-25,P001,5,-,Actual,Train
2025-08-26,P001,0,-,Actual,Train
2025-08-27,P001,2,-,Actual,Train
2025-08-28,P001,1,-,Actual,Train
2025-08-29,P001,0,-,Actual,Train
2025-08-30,P001,4,-,Actual,Train
2025-08-31,P001,6,-,Actual,Train
2025-09-01,P001,3,-,Actual,Train
2025-09-02,P001,1,-,Actual,Train
2025-09-03,P001,0,-,Actual,Train
2025-09-04,P001,1,-,Actual,Train
2025-09-05,P001,0,-,Actual,Train
2025-09-06,P001,0,-,Actual,Train
2025-09-07,P001,0,-,Actual,Train
2025-09-08,P001,0,-,Actual,Train
2025-09-09,P001,3,-,Actual,Train
2025-09-10,P001,3,-,Actual,Train
2025-09-11,P001,0,-,Actual,Train
2025-09-12,P001,0,-,Actual,Train
2025-09-13,P001,3,-,Actual,Train
2025-09-14,P001,0,-,Actual,Train
2025-01-08,P002,0,-,Actual,Train
2025-01-09,P002,0,-,Actual,Train
2025-01-10,P002,0,-,Actual,Train
2025-01-11,P002,5,-,Actual,Train
2025-01-12,P002,1,-,Actual,Train
2025-01-13,P002,1,-,Actual,Train
2025-01-14,P002,7,-,Actual,Train
2025-01-15,P002,1,-,Actual,Train
2025-01-16,P002,9,-,Actual,Train
2025-01-17,P002,0,-,Actual,Train
2025-01-18,P002,2,-,Actual,Train
2025-01-19,P002,3,-,Actual,Train
2025-01-20,P002,2,-,Actual,Train
2025-01-21,P002,5,-,Actual,Train
2025-01-22,P002,2,-,Actual,Train
2025-01-23,P002,3,-,Actual,Train
2025-01-24,P002,0,-,Actual,Train
2025-01-25,P002,0,-,Actual,Train
2025-01-26,P002,0,-,Actual,Train
2025-01-27,P002,0,-,Actual,Train
2025-01-28,P002,3,-,Actual,Train
2025-01-29,P002,7,-,Actual,Train
2025-01-30,P002,4,-,Actual,Train
2025-01-31,P002,1,-,Actual,Train
2025-02-01,P002,1,-,Actual,Train
2025-02-02,P002,0,-,Actual,Train
2025-02-03,P002,2,-,Actual,Train
2025-02-04,P002,2,-,Actual,Train
2025-02-05,P002,0,-,Actual,Train
2025-02-06,P002,0,-,Actual,Train
2025-02-07,P002,5,-,Actual,Train
2025-02-08,P002,0,-,Actual,Train
2025-02-09,P002,0,-,Actual,Train
2025-02-10,P002,3,-,Actual,Train
2025-02-11,P002,1,-,Actual,Train
2025-02-12,P002,1,-,Actual,Train
2025-02-13,P002,2,-,Actual,Train
2025-02-14,P002,0,-,Actual,Train
2025-02-15,P002,0,-,Actual,Train
2025-02-16,P002,0,-,Actual,Train
2025-02-17,P002,0,-,Actual,Train
2025-02-18,P002,0,-,Actual,Train
2025-02-19,P002,10,-,Actual,Train
2025-02-20,P002,5,-,Actual,Train
2025-02-21,P002,3,-,Actual,Train
2025-02-22,P002,3,-,Actual,Train
2025-02-23,P002,0,-,Actual,Train
2025-02-24,P002,2,-,Actual,Train
2025-02-25,P002,0,-,Actual,Train
2025-02-26,P002,1,-,Actual,Train
2025-02-27,P002,3,-,Actual,Train
2025-02-28,P002,6,-,Actual,Train
2025-03-01,P002,0,-,Actual,Train
2025-03-02,P002,3,-,Actual,Train
2025-03-03,P002,1,-,Actual,Train
2025-03-04,P002,4,-,Actual,Train
2025-03-05,P002,0,-,Actual,Train
2025-03-06,P002,1,-,Actual,Train
2025-03-07,P002,3,-,Actual,Train
2025-03-08,P002,3,-,Actual,Train
2025-03-09,P002,3,-,Actual,Train
2025-03-10,P002,1,-,Actual,Train
2025-03-11,P002,0,-,Actual,Train
2025-03-12,P002,3,-,Actual,Train
2025-03-13,P002,2,-,Actual,Train
2025-03-14,P002,2,-,Actual,Train
2025-03-15,P002,0,-,Actual,Train
2025-03-16,P002,0,-,Actual,Train
2025-03-17,P002,3,-,Actual,Train
2025-03-18,P002,9,-,Actual,Train
2025-03-19,P002,3,-,Actual,Train
2025-03-20,P002,5,-,Actual,Train
2025-03-21,P002,0,-,Actual,Train
2025-03-22,P002,0,-,Actual,Train
2025-03-23,P002,6,-,Actual,Train
2025-03-24,P002,1,-,Actual,Train
2025-03-25,P002,3,-,Actual,Train
2025-03-26,P002,4,-,Actual,Train
2025-03-27,P002,0,-,Actual,Train
2025-03-28,P002,5,-,Actual,Train
2025-03-29,P002,0,-,Actual,Train
2025-03-30,P002,2,-,Actual,Train
2025-03-31,P002,0,-,Actual,Train
2025-04-01,P002,4,-,Actual,Train
2025-04-02,P002,3,-,Actual,Train
2025-04-03,P002,6,-,Actual,Train
2025-04-04,P002,7,-,Actual,Train
2025-04-05,P002,0,-,Actual,Train
2025-04-06,P002,3,-,Actual,Train
2025-04-07,P002,0,-,Actual,Train
2025-04-08,P002,2,-,Actual,Train
2025-04-09,P002,0,-,Actual,Train
2025-04-10,P002,6,-,Actual,Train
2025-04-11,P002,4,-,Actual,Train
2025-04-12,P002,5,-,Actual,Train
2025-04-13,P002,0,-,Actual,Train
2025-04-14,P002,0,-,Actual,Train
2025-04-15,P002,2,-,Actual,Train
2025-04-16,P002,3,-,Actual,Train
2025-04-17,P002,1,-,Actual,Train
2025-04-18,P002,4,-,Actual,Train
2025-04-19,P002,3,-,Actual,Train
2025-04-20,P002,3,-,Actual,Train
2025-04-21,P002,0,-,Actual,Train
2025-04-22,P002,3,-,Actual,Train
2025-04-23,P002,3,-,Actual,Train
2025-04-24,P002,0,-,Actual,Train
2025-04-25,P002,0,-,Actual,Train
2025-04-26,P002,2,-,Actual,Train
2025-04-27,P002,3,-,Actual,Train
2025-04-28,P002,1,-,Actual,Train
2025-04-29,P002,0,-,Actual,Train
2025-04-30,P002,0,-,Actual,Train
2025-05-01,P002,5,-,Actual,Train
2025-05-02,P002,3,-,Actual,Train
2025-05-03,P002,2,-,Actual,Train
2025-05-04,P002,2,-,Actual,Train
2025-05-05,P002,3,-,Actual,Train
2025-05-06,P002,0,-,Actual,Train
2025-05-07,P002,0,-,Actual,Train
2025-05-08,P002,5,-,Actual,Train
2025-05-09,P002,3,-,Actual,Train
2025-05-10,P002,2,-,Actual,Train
2025-05-11,P002,0,-,Actual,Train
2025-05-12,P002,0,-,Actual,Train
2025-05-13,P002,2,-,Actual,Train
2025-05-14,P002,1,-,Actual,Train
2025-05-15,P002,0,-,Actual,Train
2025-05-16,P002,3,-,Actual,Train
2025-05-17,P002,0,-,Actual,Train
2025-05-18,P002,0,-,Actual,Train
2025-05-19,P002,4,-,Actual,Train
2025-05-20,P002,2,-,Actual,Train
2025-05-21,P002,1,-,Actual,Train
2025-05-22,P002,2,-,Actual,Train
2025-05-23,P002,1,-,Actual,Train
2025-05-24,P002,0,-,Actual,Train
2025-05-25,P002,7,-,Actual,Train
2025-05-26,P002,0,-,Actual,Train
2025-05-27,P002,0,-,Actual,Train
2025-05-28,P002,2,-,Actual,Train
2025-05-29,P002,1,-,Actual,Train
2025-05-30,P002,0,-,Actual,Train
2025-05-31,P002,6,-,Actual,Train
2025-06-01,P002,5,-,Actual,Train
2025-06-02,P002,6,-,Actual,Train
2025-06-03,P002,0,-,Actual,Train
2025-06-04,P002,0,-,Actual,Train
2025-06-05,P002,2,-,Actual,Train
2025-06-06,P002,3,-,Actual,Train
2025-06-07,P002,3,-,Actual,Train
2025-06-08,P002,1,-,Actual,Train
2025-06-09,P002,0,-,Actual,Train
2025-06-10,P002,2,-,Actual,Train
2025-06-11,P002,0,-,Actual,Train
2025-06-12,P002,0,-,Actual,Train
2025-06-13,P002,1,-,Actual,Train
2025-06-14,P002,0,-,Actual,Train
2025-06-15,P002,0,-,Actual,Train
2025-06-16,P002,0,-,Actual,Train
2025-06-17,P002,5,-,Actual,Train
2025-06-18,P002,4,-,Actual,Train
2025-06-19,P002,3,-,Actual,Train
2025-06-20,P002,4,-,Actual,Train
2025-06-21,P002,3,-,Actual,Train
2025-06-22,P002,0,-,Actual,Train
2025-06-23,P002,0,-,Actual,Train
2025-06-24,P002,3,-,Actual,Train
2025-06-25,P002,3,-,Actual,Train
2025-06-26,P002,3,-,Actual,Train
2025-06-27,P002,2,-,Actual,Train
2025-06-28,P002,3,-,Actual,Train
2025-06-29,P002,0,-,Actual,Train
2025-06-30,P002,1,-,Actual,Train
2025-07-01,P002,1,-,Actual,Train
2025-07-02,P002,3,-,Actual,Train
2025-07-03,P002,0,-,Actual,Train
2025-07-04,P002,3,-,Actual,Train
2025-07-05,P002,5,-,Actual,Train
2025-07-06,P002,3,-,Actual,Train
2025-07-07,P002,5,-,Actual,Train
2025-07-08,P002,4,-,Actual,Train
2025-07-09,P002,2,-,Actual,Train
2025-07-10,P002,2,-,Actual,Train
2025-07-11,P002,0,-,Actual,Train
2025-07-12,P002,0,-,Actual,Train
2025-07-13,P002,3,-,Actual,Train
2025-07-14,P002,5,-,Actual,Train
2025-07-15,P002,0,-,Actual,Train
2025-07-16,P002,0,-,Actual,Train
2025-07-17,P002,3,-,Actual,Train
2025-07-18,P002,3,-,Actual,Train
2025-07-19,P002,0,-,Actual,Train
2025-07-20,P002,2,-,Actual,Train
2025-07-21,P002,2,-,Actual,Train
2025-07-22,P002,2,-,Actual,Train
2025-07-23,P002,1,-,Actual,Train
2025-07-24,P002,3,-,Actual,Train
2025-07-25,P002,4,-,Actual,Train
2025-07-26,P002,1,-,Actual,Train
2025-07-27,P002,4,-,Actual,Train
2025-07-28,P002,9,-,Actual,Train
2025-07-29,P002,8,-,Actual,Train
2025-07-30,P002,6,-,Actual,Train
2025-07-31,P002,0,-,Actual,Train
2025-08-01,P002,6,-,Actual,Train
2025-08-02,P002,0,-,Actual,Train
2025-08-03,P002,0,-,Actual,Train
2025-08-04,P002,2,-,Actual,Train
2025-08-05,P002,2,-,Actual,Train
2025-08-06,P002,1,-,Actual,Train
2025-08-07,P002,0,-,Actual,Train
2025-08-08,P002,0,-,Actual,Train
2025-08-09,P002,4,-,Actual,Train
2025-08-10,P002,3,-,Actual,Train
2025-08-11,P002,3,-,Actual,Train
2025-08-12,P002,3,-,Actual,Train
2025-08-13,P002,3,-,Actual,Train
2025-08-14,P002,0,-,Actual,Train
2025-08-15,P002,3,-,Actual,Train
2025-08-16,P002,0,-,Actual,Train
2025-08-17,P002,1,-,Actual,Train
2025-08-18,P002,1,-,Actual,Train
2025-08-19,P002,3,-,Actual,Train
2025-08-20,P002,0,-,Actual,Train
2025-08-21,P002,1,-,Actual,Train
2025-08-22,P002,0,-,Actual,Train
2025-08-23,P002,3,-,Actual,Train
2025-08-24,P002,2,-,Actual,Train
2025-08-25,P002,6,-,Actual,Train
2025-08-26,P002,2,-,Actual,Train
2025-08-27,P002,3,-,Actual,Train
2025-08-28,P002,3,-,Actual,Train
2025-08-29,P002,3,-,Actual,Train
2025-08-30,P002,2,-,Actual,Train
2025-08-31,P002,3,-,Actual,Train
2025-09-01,P002,7,-,Actual,Train
2025-09-02,P002,0,-,Actual,Train
2025-09-03,P002,4,-,Actual,Train
2025-09-04,P002,5,-,Actual,Train
2025-09-05,P002,0,-,Actual,Train
2025-09-06,P002,2,-,Actual,Train
2025-09-07,P002,3,-,Actual,Train
2025-09-08,P002,0,-,Actual,Train
2025-09-09,P002,0,-,Actual,Train
2025-09-10,P002,2,-,Actual,Train
2025-09-11,P002,0,-,Actual,Train
2025-09-12,P002,1,-,Actual,Train
2025-09-13,P002,0,-,Actual,Train
2025-09-14,P002,5,-,Actual,Train
2025-01-08,P003,3,-,Actual,Train
2025-01-09,P003,0,-,Actual,Train
2025-01-10,P003,2,-,Actual,Train
2025-01-11,P003,0,-,Actual,Train
2025-01-12,P003,3,-,Actual,Train
2025-01-13,P003,2,-,Actual,Train
2025-01-14,P003,1,-,Actual,Train
2025-01-15,P003,3,-,Actual,Train
2025-01-16,P003,1,-,Actual,Train
2025-01-17,P003,0,-,Actual,Train
2025-01-18,P003,7,-,Actual,Train
2025-01-19,P003,1,-,Actual,Train
2025-01-20,P003,9,-,Actual,Train
2025-01-21,P003,2,-,Actual,Train
2025-01-22,P003,0,-,Actual,Train
2025-01-23,P003,4,-,Actual,Train
2025-01-24,P003,1,-,Actual,Train
2025-01-25,P003,2,-,Actual,Train
2025-01-26,P003,5,-,Actual,Train
2025-01-27,P003,0,-,Actual,Train
2025-01-28,P003,0,-,Actual,Train
2025-01-29,P003,2,-,Actual,Train
2025-01-30,P003,0,-,Actual,Train
2025-01-31,P003,1,-,Actual,Train
2025-02-01,P003,0,-,Actual,Train
2025-02-02,P003,0,-,Actual,Train
2025-02-03,P003,0,-,Actual,Train
2025-02-04,P003,4,-,Actual,Train
2025-02-05,P003,0,-,Actual,Train
2025-02-06,P003,0,-,Actual,Train
2025-02-07,P003,2,-,Actual,Train
2025-02-08,P003,0,-,Actual,Train
2025-02-09,P003,1,-,Actual,Train
2025-02-10,P003,4,-,Actual,Train
2025-02-11,P003,3,-,Actual,Train
2025-02-12,P003,0,-,Actual,Train
2025-02-13,P003,0,-,Actual,Train
2025-02-14,P003,3,-,Actual,Train
2025-02-15,P003,2,-,Actual,Train
2025-02-16,P003,0,-,Actual,Train
2025-02-17,P003,1,-,Actual,Train
2025-02-18,P003,0,-,Actual,Train
2025-02-19,P003,5,-,Actual,Train
2025-02-20,P003,2,-,Actual,Train
2025-02-21,P003,6,-,Actual,Train
2025-02-22,P003,0,-,Actual,Train
2025-02-23,P003,1,-,Actual,Train
2025-02-24,P003,7,-,Actual,Train
2025-02-25,P003,4,-,Actual,Train
2025-02-26,P003,4,-,Actual,Train
2025-02-27,P003,2,-,Actual,Train
2025-02-28,P003,1,-,Actual,Train
2025-03-01,P003,1,-,Actual,Train
2025-03-02,P003,0,-,Actual,Train
2025-03-03,P003,3,-,Actual,Train
2025-03-04,P003,0,-,Actual,Train
2025-03-05,P003,1,-,Actual,Train
2025-03-06,P003,0,-,Actual,Train
2025-03-07,P003,0,-,Actual,Train
2025-03-08,P003,3,-,Actual,Train
2025-03-09,P003,4,-,Actual,Train
2025-03-10,P003,2,-,Actual,Train
2025-03-11,P003,0,-,Actual,Train
2025-03-12,P003,7,-,Actual,Train
2025-03-13,P003,3,-,Actual,Train
2025-03-14,P003,4,-,Actual,Train
2025-03-15,P003,7,-,Actual,Train
2025-03-16,P003,6,-,Actual,Train
2025-03-17,P003,3,-,Actual,Train
2025-03-18,P003,3,-,Actual,Train
2025-03-19,P003,6,-,Actual,Train
2025-03-20,P003,2,-,Actual,Train
2025-03-21,P003,2,-,Actual,Train
2025-03-22,P003,0,-,Actual,Train
2025-03-23,P003,1,-,Actual,Train
2025-03-24,P003,3,-,Actual,Train
2025-03-25,P003,2,-,Actual,Train
2025-03-26,P003,1,-,Actual,Train
2025-03-27,P003,0,-,Actual,Train
2025-03-28,P003,0,-,Actual,Train
2025-03-29,P003,2,-,Actual,Train
2025-03-30,P003,7,-,Actual,Train
2025-03-31,P003,2,-,Actual,Train
2025-04-01,P003,0,-,Actual,Train
2025-04-02,P003,1,-,Actual,Train
2025-04-03,P003,5,-,Actual,Train
2025-04-04,P003,1,-,Actual,Train
2025-04-05,P003,1,-,Actual,Train
2025-04-06,P003,0,-,Actual,Train
2025-04-07,P003,0,-,Actual,Train
2025-04-08,P003,3,-,Actual,Train
2025-04-09,P003,3,-,Actual,Train
2025-04-10,P003,6,-,Actual,Train
2025-04-11,P003,5,-,Actual,Train
2025-04-12,P003,1,-,Actual,Train
2025-04-13,P003,3,-,Actual,Train
2025-04-14,P003,0,-,Actual,Train
2025-04-15,P003,0,-,Actual,Train
2025-04-16,P003,4,-,Actual,Train
2025-04-17,P003,0,-,Actual,Train
2025-04-18,P003,3,-,Actual,Train
2025-04-19,P003,0,-,Actual,Train
2025-04-20,P003,0,-,Actual,Train
2025-04-21,P003,1,-,Actual,Train
2025-04-22,P003,0,-,Actual,Train
2025-04-23,P003,1,-,Actual,Train
2025-04-24,P003,5,-,Actual,Train
2025-04-25,P003,7,-,Actual,Train
2025-04-26,P003,4,-,Actual,Train
2025-04-27,P003,5,-,Actual,Train
2025-04-28,P003,0,-,Actual,Train
2025-04-29,P003,6,-,Actual,Train
2025-04-30,P003,0,-,Actual,Train
2025-05-01,P003,3,-,Actual,Train
2025-05-02,P003,2,-,Actual,Train
2025-05-03,P003,0,-,Actual,Train
2025-05-04,P003,6,-,Actual,Train
2025-05-05,P003,0,-,Actual,Train
2025-05-06,P003,0,-,Actual,Train
2025-05-07,P003,0,-,Actual,Train
2025-05-08,P003,2,-,Actual,Train
2025-05-09,P003,0,-,Actual,Train
2025-05-10,P003,1,-,Actual,Train
2025-05-11,P003,0,-,Actual,Train
2025-05-12,P003,1,-,Actual,Train
2025-05-13,P003,0,-,Actual,Train
2025-05-14,P003,3,-,Actual,Train
2025-05-15,P003,2,-,Actual,Train
2025-05-16,P003,1,-,Actual,Train
2025-05-17,P003,1,-,Actual,Train
2025-05-18,P003,3,-,Actual,Train
2025-05-19,P003,4,-,Actual,Train
2025-05-20,P003,1,-,Actual,Train
2025-05-21,P003,0,-,Actual,Train
2025-05-22,P003,3,-,Actual,Train
2025-05-23,P003,5,-,Actual,Train
2025-05-24,P003,0,-,Actual,Train
2025-05-25,P003,2,-,Actual,Train
2025-05-26,P003,1,-,Actual,Train
2025-05-27,P003,2,-,Actual,Train
2025-05-28,P003,1,-,Actual,Train
2025-05-29,P003,0,-,Actual,Train
2025-05-30,P003,1,-,Actual,Train
2025-05-31,P003,0,-,Actual,Train
2025-06-01,P003,6,-,Actual,Train
2025-06-02,P003,9,-,Actual,Train
2025-06-03,P003,0,-,Actual,Train
2025-06-04,P003,0,-,Actual,Train
2025-06-05,P003,0,-,Actual,Train
2025-06-06,P003,2,-,Actual,Train
2025-06-07,P003,0,-,Actual,Train
2025-06-08,P003,3,-,Actual,Train
2025-06-09,P003,0,-,Actual,Train
2025-06-10,P003,0,-,Actual,Train
2025-06-11,P003,2,-,Actual,Train
2025-06-12,P003,3,-,Actual,Train
2025-06-13,P003,6,-,Actual,Train
2025-06-14,P003,0,-,Actual,Train
2025-06-15,P003,1,-,Actual,Train
2025-06-16,P003,0,-,Actual,Train
2025-06-17,P003,2,-,Actual,Train
2025-06-18,P003,0,-,Actual,Train
2025-06-19,P003,4,-,Actual,Train
2025-06-20,P003,4,-,Actual,Train
2025-06-21,P003,3,-,Actual,Train
2025-06-22,P003,5,-,Actual,Train
2025-06-23,P003,0,-,Actual,Train
2025-06-24,P003,6,-,Actual,Train
2025-06-25,P003,2,-,Actual,Train
2025-06-26,P003,0,-,Actual,Train
2025-06-27,P003,8,-,Actual,Train
2025-06-28,P003,0,-,Actual,Train
2025-06-29,P003,3,-,Actual,Train
2025-06-30,P003,7,-,Actual,Train
2025-07-01,P003,3,-,Actual,Train
2025-07-02,P003,2,-,Actual,Train
2025-07-03,P003,0,-,Actual,Train
2025-07-04,P003,0,-,Actual,Train
2025-07-05,P003,0,-,Actual,Train
2025-07-06,P003,0,-,Actual,Train
2025-07-07,P003,4,-,Actual,Train
2025-07-08,P003,5,-,Actual,Train
2025-07-09,P003,0,-,Actual,Train
2025-07-10,P003,5,-,Actual,Train
2025-07-11,P003,0,-,Actual,Train
2025-07-12,P003,0,-,Actual,Train
2025-07-13,P003,5,-,Actual,Train
2025-07-14,P003,6,-,Actual,Train
2025-07-15,P003,1,-,Actual,Train
2025-07-16,P003,1,-,Actual,Train
2025-07-17,P003,2,-,Actual,Train
2025-07-18,P003,0,-,Actual,Train
2025-07-19,P003,0,-,Actual,Train
2025-07-20,P003,0,-,Actual,Train
2025-07-21,P003,2,-,Actual,Train
2025-07-22,P003,0,-,Actual,Train
2025-07-23,P003,0,-,Actual,Train
2025-07-24,P003,6,-,Actual,Train
2025-07-25,P003,7,-,Actual,Train
2025-07-26,P003,3,-,Actual,Train
2025-07-27,P003,0,-,Actual,Train
2025-07-28,P003,2,-,Actual,Train
2025-07-29,P003,2,-,Actual,Train
2025-07-30,P003,2,-,Actual,Train
2025-07-31,P003,0,-,Actual,Train
2025-08-01,P003,3,-,Actual,Train
2025-08-02,P003,0,-,Actual,Train
2025-08-03,P003,2,-,Actual,Train
2025-08-04,P003,0,-,Actual,Train
2025-08-05,P003,2,-,Actual,Train
2025-08-06,P003,0,-,Actual,Train
2025-08-07,P003,0,-,Actual,Train
2025-08-08,P003,0,-,Actual,Train
2025-08-09,P003,4,-,Actual,Train
2025-08-10,P003,0,-,Actual,Train
2025-08-11,P003,2,-,Actual,Train
2025-08-12,P003,1,-,Actual,Train
2025-08-13,P003,1,-,Actual,Train
2025-08-14,P003,0,-,Actual,Train
2025-08-15,P003,0,-,Actual,Train
2025-08-16,P003,4,-,Actual,Train
2025-08-17,P003,0,-,Actual,Train
2025-08-18,P003,0,-,Actual,Train
2025-08-19,P003,0,-,Actual,Train
2025-08-20,P003,3,-,Actual,Train
2025-08-21,P003,5,-,Actual,Train
2025-08-22,P003,3,-,Actual,Train
2025-08-23,P003,1,-,Actual,Train
2025-08-24,P003,5,-,Actual,Train
2025-08-25,P003,4,-,Actual,Train
2025-08-26,P003,1,-,Actual,Train
2025-08-27,P003,0,-,Actual,Train
2025-08-28,P003,3,-,Actual,Train
2025-08-29,P003,0,-,Actual,Train
2025-08-30,P003,4,-,Actual,Train
2025-08-31,P003,7,-,Actual,Train
2025-09-01,P003,0,-,Actual,Train
2025-09-02,P003,6,-,Actual,Train
2025-09-03,P003,3,-,Actual,Train
2025-09-04,P003,4,-,Actual,Train
2025-09-05,P003,0,-,Actual,Train
2025-09-06,P003,0,-,Actual,Train
2025-09-07,P003,3,-,Actual,Train
2025-09-08,P003,3,-,Actual,Train
2025-09-09,P003,3,-,Actual,Train
2025-09-10,P003,0,-,Actual,Train
2025-09-11,P003,0,-,Actual,Train
2025-09-12,P003,0,-,Actual,Train
2025-09-13,P003,4,-,Actual,Train
2025-09-14,P003,0,-,Actual,Train
2025-01-08,P004,0,-,Actual,Train
2025-01-09,P004,2,-,Actual,Train
2025-01-10,P004,0,-,Actual,Train
2025-01-11,P004,1,-,Actual,Train
2025-01-12,P004,7,-,Actual,Train
2025-01-13,P004,2,-,Actual,Train
2025-01-14,P004,0,-,Actual,Train
2025-01-15,P004,5,-,Actual,Train
2025-01-16,P004,3,-,Actual,Train
2025-01-17,P004,1,-,Actual,Train
2025-01-18,P004,2,-,Actual,Train
2025-01-19,P004,2,-,Actual,Train
2025-01-20,P004,2,-,Actual,Train
2025-01-21,P004,5,-,Actual,Train
2025-01-22,P004,4,-,Actual,Train
2025-01-23,P004,3,-,Actual,Train
2025-01-24,P004,0,-,Actual,Train
2025-01-25,P004,0,-,Actual,Train
2025-01-26,P004,1,-,Actual,Train
2025-01-27,P004,5,-,Actual,Train
2025-01-28,P004,1,-,Actual,Train
2025-01-29,P004,2,-,Actual,Train
2025-01-30,P004,0,-,Actual,Train
2025-01-31,P004,1,-,Actual,Train
2025-02-01,P004,10,-,Actual,Train
2025-02-02,P004,3,-,Actual,Train
2025-02-03,P004,2,-,Actual,Train
2025-02-04,P004,3,-,Actual,Train
2025-02-05,P004,0,-,Actual,Train
2025-02-06,P004,3,-,Actual,Train
2025-02-07,P004,5,-,Actual,Train
2025-02-08,P004,0,-,Actual,Train
2025-02-09,P004,1,-,Actual,Train
2025-02-10,P004,2,-,Actual,Train
2025-02-11,P004,4,-,Actual,Train
2025-02-12,P004,1,-,Actual,Train
2025-02-13,P004,7,-,Actual,Train
2025-02-14,P004,5,-,Actual,Train
2025-02-15,P004,5,-,Actual,Train
2025-02-16,P004,7,-,Actual,Train
2025-02-17,P004,1,-,Actual,Train
2025-02-18,P004,0,-,Actual,Train
2025-02-19,P004,1,-,Actual,Train
2025-02-20,P004,2,-,Actual,Train
2025-02-21,P004,0,-,Actual,Train
2025-02-22,P004,2,-,Actual,Train
2025-02-23,P004,2,-,Actual,Train
2025-02-24,P004,0,-,Actual,Train
2025-02-25,P004,6,-,Actual,Train
2025-02-26,P004,1,-,Actual,Train
2025-02-27,P004,0,-,Actual,Train
2025-02-28,P004,5,-,Actual,Train
2025-03-01,P004,0,-,Actual,Train
2025-03-02,P004,0,-,Actual,Train
2025-03-03,P004,4,-,Actual,Train
2025-03-04,P004,6,-,Actual,Train
2025-03-05,P004,3,-,Actual,Train
2025-03-06,P004,1,-,Actual,Train
2025-03-07,P004,0,-,Actual,Train
2025-03-08,P004,0,-,Actual,Train
2025-03-09,P004,0,-,Actual,Train
2025-03-10,P004,4,-,Actual,Train
2025-03-11,P004,6,-,Actual,Train
2025-03-12,P004,1,-,Actual,Train
2025-03-13,P004,0,-,Actual,Train
2025-03-14,P004,7,-,Actual,Train
2025-03-15,P004,3,-,Actual,Train
2025-03-16,P004,1,-,Actual,Train
2025-03-17,P004,3,-,Actual,Train
2025-03-18,P004,0,-,Actual,Train
2025-03-19,P004,2,-,Actual,Train
2025-03-20,P004,6,-,Actual,Train
2025-03-21,P004,2,-,Actual,Train
2025-03-22,P004,0,-,Actual,Train
2025-03-23,P004,2,-,Actual,Train
2025-03-24,P004,0,-,Actual,Train
2025-03-25,P004,5,-,Actual,Train
2025-03-26,P004,7,-,Actual,Train
2025-03-27,P004,5,-,Actual,Train
2025-03-28,P004,4,-,Actual,Train
2025-03-29,P004,0,-,Actual,Train
2025-03-30,P004,0,-,Actual,Train
2025-03-31,P004,3,-,Actual,Train
2025-04-01,P004,3,-,Actual,Train
2025-04-02,P004,5,-,Actual,Train
2025-04-03,P004,2,-,Actual,Train
2025-04-04,P004,2,-,Actual,Train
2025-04-05,P004,5,-,Actual,Train
2025-04-06,P004,0,-,Actual,Train
2025-04-07,P004,2,-,Actual,Train
2025-04-08,P004,3,-,Actual,Train
2025-04-09,P004,1,-,Actual,Train
2025-04-10,P004,0,-,Actual,Train
2025-04-11,P004,3,-,Actual,Train
2025-04-12,P004,9,-,Actual,Train
2025-04-13,P004,3,-,Actual,Train
2025-04-14,P004,2,-,Actual,Train
2025-04-15,P004,7,-,Actual,Train
2025-04-16,P004,1,-,Actual,Train
2025-04-17,P004,0,-,Actual,Train
2025-04-18,P004,0,-,Actual,Train
2025-04-19,P004,4,-,Actual,Train
2025-04-20,P004,2,-,Actual,Train
2025-04-21,P004,1,-,Actual,Train
2025-04-22,P004,2,-,Actual,Train
2025-04-23,P004,0,-,Actual,Train
2025-04-24,P004,3,-,Actual,Train
2025-04-25,P004,5,-,Actual,Train
2025-04-26,P004,1,-,Actual,Train
2025-04-27,P004,3,-,Actual,Train
2025-04-28,P004,0,-,Actual,Train
2025-04-29,P004,0,-,Actual,Train
2025-04-30,P004,1,-,Actual,Train
2025-05-01,P004,1,-,Actual,Train
2025-05-02,P004,3,-,Actual,Train
2025-05-03,P004,3,-,Actual,Train
2025-05-04,P004,9,-,Actual,Train
2025-05-05,P004,2,-,Actual,Train
2025-05-06,P004,3,-,Actual,Train
2025-05-07,P004,0,-,Actual,Train
2025-05-08,P004,2,-,Actual,Train
2025-05-09,P004,2,-,Actual,Train
2025-05-10,P004,0,-,Actual,Train
2025-05-11,P004,3,-,Actual,Train
2025-05-12,P004,0,-,Actual,Train
2025-05-13,P004,2,-,Actual,Train
2025-05-14,P004,5,-,Actual,Train
2025-05-15,P004,2,-,Actual,Train
2025-05-16,P004,2,-,Actual,Train
2025-05-17,P004,0,-,Actual,Train
2025-05-18,P004,0,-,Actual,Train
2025-05-19,P004,0,-,Actual,Train
2025-05-20,P004,0,-,Actual,Train
2025-05-21,P004,0,-,Actual,Train
2025-05-22,P004,0,-,Actual,Train
2025-05-23,P004,4,-,Actual,Train
2025-05-24,P004,5,-,Actual,Train
2025-05-25,P004,1,-,Actual,Train
2025-05-26,P004,3,-,Actual,Train
2025-05-27,P004,7,-,Actual,Train
2025-05-28,P004,9,-,Actual,Train
2025-05-29,P004,1,-,Actual,Train
2025-05-30,P004,0,-,Actual,Train
2025-05-31,P004,0,-,Actual,Train
2025-06-01,P004,3,-,Actual,Train
2025-06-02,P004,0,-,Actual,Train
2025-06-03,P004,3,-,Actual,Train
2025-06-04,P004,2,-,Actual,Train
2025-06-05,P004,5,-,Actual,Train
2025-06-06,P004,1,-,Actual,Train
2025-06-07,P004,0,-,Actual,Train
2025-06-08,P004,1,-,Actual,Train
2025-06-09,P004,1,-,Actual,Train
2025-06-10,P004,0,-,Actual,Train
2025-06-11,P004,5,-,Actual,Train
2025-06-12,P004,2,-,Actual,Train
2025-06-13,P004,9,-,Actual,Train
2025-06-14,P004,3,-,Actual,Train
2025-06-15,P004,5,-,Actual,Train
2025-06-16,P004,7,-,Actual,Train
2025-06-17,P004,2,-,Actual,Train
2025-06-18,P004,0,-,Actual,Train
2025-06-19,P004,4,-,Actual,Train
2025-06-20,P004,0,-,Actual,Train
2025-06-21,P004,0,-,Actual,Train
2025-06-22,P004,5,-,Actual,Train
2025-06-23,P004,0,-,Actual,Train
2025-06-24,P004,1,-,Actual,Train
2025-06-25,P004,0,-,Actual,Train
2025-06-26,P004,3,-,Actual,Train
2025-06-27,P004,0,-,Actual,Train
2025-06-28,P004,2,-,Actual,Train
2025-06-29,P004,8,-,Actual,Train
2025-06-30,P004,4,-,Actual,Train
2025-07-01,P004,0,-,Actual,Train
2025-07-02,P004,0,-,Actual,Train
2025-07-03,P004,0,-,Actual,Train
2025-07-04,P004,3,-,Actual,Train
2025-07-05,P004,0,-,Actual,Train
2025-07-06,P004,1,-,Actual,Train
2025-07-07,P004,6,-,Actual,Train
2025-07-08,P004,0,-,Actual,Train
2025-07-09,P004,0,-,Actual,Train
2025-07-10,P004,1,-,Actual,Train
2025-07-11,P004,4,-,Actual,Train
2025-07-12,P004,0,-,Actual,Train
2025-07-13,P004,0,-,Actual,Train
2025-07-14,P004,3,-,Actual,Train
2025-07-15,P004,2,-,Actual,Train
2025-07-16,P004,3,-,Actual,Train
2025-07-17,P004,4,-,Actual,Train
2025-07-18,P004,2,-,Actual,Train
2025-07-19,P004,9,-,Actual,Train
2025-07-20,P004,0,-,Actual,Train
2025-07-21,P004,3,-,Actual,Train
2025-07-22,P004,3,-,Actual,Train
2025-07-23,P004,1,-,Actual,Train
2025-07-24,P004,3,-,Actual,Train
2025-07-25,P004,2,-,Actual,Train
2025-07-26,P004,2,-,Actual,Train
2025-07-27,P004,3,-,Actual,Train
2025-07-28,P004,3,-,Actual,Train
2025-07-29,P004,3,-,Actual,Train
2025-07-30,P004,0,-,Actual,Train
2025-07-31,P004,0,-,Actual,Train
2025-08-01,P004,6,-,Actual,Train
2025-08-02,P004,2,-,Actual,Train
2025-08-03,P004,0,-,Actual,Train
2025-08-04,P004,6,-,Actual,Train
2025-08-05,P004,0,-,Actual,Train
2025-08-06,P004,1,-,Actual,Train
2025-08-07,P004,1,-,Actual,Train
2025-08-08,P004,0,-,Actual,Train
2025-08-09,P004,2,-,Actual,Train
2025-08-10,P004,5,-,Actual,Train
2025-08-11,P004,4,-,Actual,Train
2025-08-12,P004,0,-,Actual,Train
2025-08-13,P004,1,-,Actual,Train
2025-08-14,P004,0,-,Actual,Train
2025-08-15,P004,0,-,Actual,Train
2025-08-16,P004,3,-,Actual,Train
2025-08-17,P004,1,-,Actual,Train
2025-08-18,P004,0,-,Actual,Train
2025-08-19,P004,0,-,Actual,Train
2025-08-20,P004,0,-,Actual,Train
2025-08-21,P004,7,-,Actual,Train
2025-08-22,P004,3,-,Actual,Train
2025-08-23,P004,5,-,Actual,Train
2025-08-24,P004,0,-,Actual,Train
2025-08-25,P004,3,-,Actual,Train
2025-08-26,P004,0,-,Actual,Train
2025-08-27,P004,1,-,Actual,Train
2025-08-28,P004,6,-,Actual,Train
2025-08-29,P004,0,-,Actual,Train
2025-08-30,P004,4,-,Actual,Train
2025-08-31,P004,5,-,Actual,Train
2025-09-01,P004,4,-,Actual,Train
2025-09-02,P004,3,-,Actual,Train
2025-09-03,P004,1,-,Actual,Train
2025-09-04,P004,1,-,Actual,Train
2025-09-05,P004,1,-,Actual,Train
2025-09-06,P004,0,-,Actual,Train
2025-09-07,P004,0,-,Actual,Train
2025-09-08,P004,5,-,Actual,Train
2025-09-09,P004,1,-,Actual,Train
2025-09-10,P004,0,-,Actual,Train
2025-09-11,P004,3,-,Actual,Train
2025-09-12,P004,0,-,Actual,Train
2025-09-13,P004,4,-,Actual,Train
2025-09-14,P004,0,-,Actual,Train
2025-01-08,P005,1,-,Actual,Train
2025-01-09,P005,2,-,Actual,Train
2025-01-10,P005,3,-,Actual,Train
2025-01-11,P005,1,-,Actual,Train
2025-01-12,P005,0,-,Actual,Train
2025-01-13,P005,3,-,Actual,Train
2025-01-14,P005,0,-,Actual,Train
2025-01-15,P005,2,-,Actual,Train
2025-01-16,P005,3,-,Actual,Train
2025-01-17,P005,0,-,Actual,Train
2025-01-18,P005,4,-,Actual,Train
2025-01-19,P005,3,-,Actual,Train
2025-01-20,P005,4,-,Actual,Train
2025-01-21,P005,1,-,Actual,Train
2025-01-22,P005,1,-,Actual,Train
2025-01-23,P005,3,-,Actual,Train
2025-01-24,P005,8,-,Actual,Train
2025-01-25,P005,0,-,Actual,Train
2025-01-26,P005,1,-,Actual,Train
2025-01-27,P005,0,-,Actual,Train
2025-01-28,P005,0,-,Actual,Train
2025-01-29,P005,2,-,Actual,Train
2025-01-30,P005,0,-,Actual,Train
2025-01-31,P005,3,-,Actual,Train
2025-02-01,P005,0,-,Actual,Train
2025-02-02,P005,0,-,Actual,Train
2025-02-03,P005,1,-,Actual,Train
2025-02-04,P005,3,-,Actual,Train
2025-02-05,P005,1,-,Actual,Train
2025-02-06,P005,0,-,Actual,Train
2025-02-07,P005,3,-,Actual,Train
2025-02-08,P005,3,-,Actual,Train
2025-02-09,P005,0,-,Actual,Train
2025-02-10,P005,0,-,Actual,Train
2025-02-11,P005,0,-,Actual,Train
2025-02-12,P005,0,-,Actual,Train
2025-02-13,P005,0,-,Actual,Train
2025-02-14,P005,0,-,Actual,Train
2025-02-15,P005,3,-,Actual,Train
2025-02-16,P005,1,-,Actual,Train
2025-02-17,P005,0,-,Actual,Train
2025-02-18,P005,0,-,Actual,Train
2025-02-19,P005,2,-,Actual,Train
2025-02-20,P005,2,-,Actual,Train
2025-02-21,P005,3,-,Actual,Train
2025-02-22,P005,2,-,Actual,Train
2025-02-23,P005,4,-,Actual,Train
2025-02-24,P005,0,-,Actual,Train
2025-02-25,P005,9,-,Actual,Train
2025-02-26,P005,3,-,Actual,Train
2025-02-27,P005,3,-,Actual,Train
2025-02-28,P005,0,-,Actual,Train
2025-03-01,P005,3,-,Actual,Train
2025-03-02,P005,3,-,Actual,Train
2025-03-03,P005,3,-,Actual,Train
2025-03-04,P005,3,-,Actual,Train
2025-03-05,P005,7,-,Actual,Train
2025-03-06,P005,4,-,Actual,Train
2025-03-07,P005,0,-,Actual,Train
2025-03-08,P005,1,-,Actual,Train
2025-03-09,P005,3,-,Actual,Train
2025-03-10,P005,1,-,Actual,Train
2025-03-11,P005,0,-,Actual,Train
2025-03-12,P005,1,-,Actual,Train
2025-03-13,P005,0,-,Actual,Train
2025-03-14,P005,0,-,Actual,Train
2025-03-15,P005,3,-,Actual,Train
2025-03-16,P005,3,-,Actual,Train
2025-03-17,P005,3,-,Actual,Train
2025-03-18,P005,7,-,Actual,Train
2025-03-19,P005,2,-,Actual,Train
2025-03-20,P005,1,-,Actual,Train
2025-03-21,P005,3,-,Actual,Train
2025-03-22,P005,2,-,Actual,Train
2025-03-23,P005,3,-,Actual,Train
2025-03-24,P005,5,-,Actual,Train
2025-03-25,P005,4,-,Actual,Train
2025-03-26,P005,5,-,Actual,Train
2025-03-27,P005,0,-,Actual,Train
2025-03-28,P005,1,-,Actual,Train
2025-03-29,P005,0,-,Actual,Train
2025-03-30,P005,0,-,Actual,Train
2025-03-31,P005,1,-,Actual,Train
2025-04-01,P005,2,-,Actual,Train
2025-04-02,P005,5,-,Actual,Train
2025-04-03,P005,3,-,Actual,Train
2025-04-04,P005,2,-,Actual,Train
2025-04-05,P005,1,-,Actual,Train
2025-04-06,P005,0,-,Actual,Train
2025-04-07,P005,0,-,Actual,Train
2025-04-08,P005,0,-,Actual,Train
2025-04-09,P005,0,-,Actual,Train
2025-04-10,P005,5,-,Actual,Train
2025-04-11,P005,0,-,Actual,Train
2025-04-12,P005,5,-,Actual,Train
2025-04-13,P005,1,-,Actual,Train
2025-04-14,P005,0,-,Actual,Train
2025-04-15,P005,0,-,Actual,Train
2025-04-16,P005,4,-,Actual,Train
2025-04-17,P005,3,-,Actual,Train
2025-04-18,P005,0,-,Actual,Train
2025-04-19,P005,4,-,Actual,Train
2025-04-20,P005,3,-,Actual,Train
2025-04-21,P005,1,-,Actual,Train
2025-04-22,P005,3,-,Actual,Train
2025-04-23,P005,0,-,Actual,Train
2025-04-24,P005,0,-,Actual,Train
2025-04-25,P005,2,-,Actual,Train
2025-04-26,P005,2,-,Actual,Train
2025-04-27,P005,4,-,Actual,Train
2025-04-28,P005,0,-,Actual,Train
2025-04-29,P005,0,-,Actual,Train
2025-04-30,P005,0,-,Actual,Train
2025-05-01,P005,5,-,Actual,Train
2025-05-02,P005,0,-,Actual,Train
2025-05-03,P005,5,-,Actual,Train
2025-05-04,P005,3,-,Actual,Train
2025-05-05,P005,0,-,Actual,Train
2025-05-06,P005,0,-,Actual,Train
2025-05-07,P005,0,-,Actual,Train
2025-05-08,P005,3,-,Actual,Train
2025-05-09,P005,6,-,Actual,Train
2025-05-10,P005,2,-,Actual,Train
2025-05-11,P005,2,-,Actual,Train
2025-05-12,P005,3,-,Actual,Train
2025-05-13,P005,2,-,Actual,Train
2025-05-14,P005,3,-,Actual,Train
2025-05-15,P005,2,-,Actual,Train
2025-05-16,P005,0,-,Actual,Train
2025-05-17,P005,2,-,Actual,Train
2025-05-18,P005,2,-,Actual,Train
2025-05-19,P005,0,-,Actual,Train
2025-05-20,P005,0,-,Actual,Train
2025-05-21,P005,4,-,Actual,Train
2025-05-22,P005,2,-,Actual,Train
2025-05-23,P005,4,-,Actual,Train
2025-05-24,P005,6,-,Actual,Train
2025-05-25,P005,0,-,Actual,Train
2025-05-26,P005,0,-,Actual,Train
2025-05-27,P005,2,-,Actual,Train
2025-05-28,P005,0,-,Actual,Train
2025-05-29,P005,3,-,Actual,Train
2025-05-30,P005,5,-,Actual,Train
2025-05-31,P005,2,-,Actual,Train
2025-06-01,P005,1,-,Actual,Train
2025-06-02,P005,5,-,Actual,Train
2025-06-03,P005,0,-,Actual,Train
2025-06-04,P005,4,-,Actual,Train
2025-06-05,P005,0,-,Actual,Train
2025-06-06,P005,0,-,Actual,Train
2025-06-07,P005,1,-,Actual,Train
2025-06-08,P005,0,-,Actual,Train
2025-06-09,P005,2,-,Actual,Train
2025-06-10,P005,3,-,Actual,Train
2025-06-11,P005,6,-,Actual,Train
2025-06-12,P005,0,-,Actual,Train
2025-06-13,P005,3,-,Actual,Train
2025-06-14,P005,0,-,Actual,Train
2025-06-15,P005,3,-,Actual,Train
2025-06-16,P005,0,-,Actual,Train
2025-06-17,P005,0,-,Actual,Train
2025-06-18,P005,1,-,Actual,Train
2025-06-19,P005,3,-,Actual,Train
2025-06-20,P005,6,-,Actual,Train
2025-06-21,P005,1,-,Actual,Train
2025-06-22,P005,0,-,Actual,Train
2025-06-23,P005,0,-,Actual,Train
2025-06-24,P005,8,-,Actual,Train
2025-06-25,P005,3,-,Actual,Train
2025-06-26,P005,1,-,Actual,Train
2025-06-27,P005,10,-,Actual,Train
2025-06-28,P005,3,-,Actual,Train
2025-06-29,P005,0,-,Actual,Train
2025-06-30,P005,1,-,Actual,Train
2025-07-01,P005,2,-,Actual,Train
2025-07-02,P005,0,-,Actual,Train
2025-07-03,P005,0,-,Actual,Train
2025-07-04,P005,0,-,Actual,Train
2025-07-05,P005,2,-,Actual,Train
2025-07-06,P005,5,-,Actual,Train
2025-07-07,P005,3,-,Actual,Train
2025-07-08,P005,1,-,Actual,Train
2025-07-09,P005,1,-,Actual,Train
2025-07-10,P005,0,-,Actual,Train
2025-07-11,P005,4,-,Actual,Train
2025-07-12,P005,2,-,Actual,Train
2025-07-13,P005,0,-,Actual,Train
2025-07-14,P005,0,-,Actual,Train
2025-07-15,P005,4,-,Actual,Train
2025-07-16,P005,0,-,Actual,Train
2025-07-17,P005,3,-,Actual,Train
2025-07-18,P005,1,-,Actual,Train
2025-07-19,P005,0,-,Actual,Train
2025-07-20,P005,0,-,Actual,Train
2025-07-21,P005,6,-,Actual,Train
2025-07-22,P005,11,-,Actual,Train
2025-07-23,P005,0,-,Actual,Train
2025-07-24,P005,1,-,Actual,Train
2025-07-25,P005,3,-,Actual,Train
2025-07-26,P005,0,-,Actual,Train
2025-07-27,P005,4,-,Actual,Train
2025-07-28,P005,0,-,Actual,Train
2025-07-29,P005,4,-,Actual,Train
2025-07-30,P005,0,-,Actual,Train
2025-07-31,P005,2,-,Actual,Train
2025-08-01,P005,0,-,Actual,Train
2025-08-02,P005,0,-,Actual,Train
2025-08-03,P005,1,-,Actual,Train
2025-08-04,P005,2,-,Actual,Train
2025-08-05,P005,3,-,Actual,Train
2025-08-06,P005,1,-,Actual,Train
2025-08-07,P005,4,-,Actual,Train
2025-08-08,P005,0,-,Actual,Train
2025-08-09,P005,4,-,Actual,Train
2025-08-10,P005,2,-,Actual,Train
2025-08-11,P005,5,-,Actual,Train
2025-08-12,P005,3,-,Actual,Train
2025-08-13,P005,0,-,Actual,Train
2025-08-14,P005,0,-,Actual,Train
2025-08-15,P005,0,-,Actual,Train
2025-08-16,P005,3,-,Actual,Train
2025-08-17,P005,11,-,Actual,Train
2025-08-18,P005,2,-,Actual,Train
2025-08-19,P005,2,-,Actual,Train
2025-08-20,P005,0,-,Actual,Train
2025-08-21,P005,0,-,Actual,Train
2025-08-22,P005,3,-,Actual,Train
2025-08-23,P005,5,-,Actual,Train
2025-08-24,P005,2,-,Actual,Train
2025-08-25,P005,2,-,Actual,Train
2025-08-26,P005,2,-,Actual,Train
2025-08-27,P005,0,-,Actual,Train
2025-08-28,P005,0,-,Actual,Train
2025-08-29,P005,0,-,Actual,Train
2025-08-30,P005,5,-,Actual,Train
2025-08-31,P005,3,-,Actual,Train
2025-09-01,P005,3,-,Actual,Train
2025-09-02,P005,1,-,Actual,Train
2025-09-03,P005,3,-,Actual,Train
2025-09-04,P005,3,-,Actual,Train
2025-09-05,P005,2,-,Actual,Train
2025-09-06,P005,5,-,Actual,Train
2025-09-07,P005,0,-,Actual,Train
2025-09-08,P005,4,-,Actual,Train
2025-09-09,P005,1,-,Actual,Train
2025-09-10,P005,3,-,Actual,Train
2025-09-11,P005,0,-,Actual,Train
2025-09-12,P005,0,-,Actual,Train
2025-09-13,P005,1,-,Actual,Train
2025-09-14,P005,0,-,Actual,Train
2025-01-08,P006,6,-,Actual,Train
2025-01-09,P006,0,-,Actual,Train
2025-01-10,P006,5,-,Actual,Train
2025-01-11,P006,1,-,Actual,Train
2025-01-12,P006,3,-,Actual,Train
2025-01-13,P006,0,-,Actual,Train
2025-01-14,P006,5,-,Actual,Train
2025-01-15,P006,2,-,Actual,Train
2025-01-16,P006,0,-,Actual,Train
2025-01-17,P006,0,-,Actual,Train
2025-01-18,P006,2,-,Actual,Train
2025-01-19,P006,1,-,Actual,Train
2025-01-20,P006,2,-,Actual,Train
2025-01-21,P006,3,-,Actual,Train
2025-01-22,P006,1,-,Actual,Train
2025-01-23,P006,2,-,Actual,Train
2025-01-24,P006,2,-,Actual,Train
2025-01-25,P006,0,-,Actual,Train
2025-01-26,P006,0,-,Actual,Train
2025-01-27,P006,3,-,Actual,Train
2025-01-28,P006,2,-,Actual,Train
2025-01-29,P006,4,-,Actual,Train
2025-01-30,P006,0,-,Actual,Train
2025-01-31,P006,0,-,Actual,Train
2025-02-01,P006,1,-,Actual,Train
2025-02-02,P006,1,-,Actual,Train
2025-02-03,P006,0,-,Actual,Train
2025-02-04,P006,0,-,Actual,Train
2025-02-05,P006,3,-,Actual,Train
2025-02-06,P006,7,-,Actual,Train
2025-02-07,P006,0,-,Actual,Train
2025-02-08,P006,0,-,Actual,Train
2025-02-09,P006,0,-,Actual,Train
2025-02-10,P006,0,-,Actual,Train
2025-02-11,P006,2,-,Actual,Train
2025-02-12,P006,0,-,Actual,Train
2025-02-13,P006,1,-,Actual,Train
2025-02-14,P006,4,-,Actual,Train
2025-02-15,P006,3,-,Actual,Train
2025-02-16,P006,1,-,Actual,Train
2025-02-17,P006,0,-,Actual,Train
2025-02-18,P006,0,-,Actual,Train
2025-02-19,P006,5,-,Actual,Train
2025-02-20,P006,6,-,Actual,Train
2025-02-21,P006,0,-,Actual,Train
2025-02-22,P006,1,-,Actual,Train
2025-02-23,P006,7,-,Actual,Train
2025-02-24,P006,2,-,Actual,Train
2025-02-25,P006,0,-,Actual,Train
2025-02-26,P006,3,-,Actual,Train
2025-02-27,P006,0,-,Actual,Train
2025-02-28,P006,2,-,Actual,Train
2025-03-01,P006,0,-,Actual,Train
2025-03-02,P006,2,-,Actual,Train
2025-03-03,P006,4,-,Actual,Train
2025-03-04,P006,1,-,Actual,Train
2025-03-05,P006,1,-,Actual,Train
2025-03-06,P006,3,-,Actual,Train
2025-03-07,P006,6,-,Actual,Train
2025-03-08,P006,2,-,Actual,Train
2025-03-09,P006,3,-,Actual,Train
2025-03-10,P006,2,-,Actual,Train
2025-03-11,P006,1,-,Actual,Train
2025-03-12,P006,3,-,Actual,Train
2025-03-13,P006,1,-,Actual,Train
2025-03-14,P006,1,-,Actual,Train
2025-03-15,P006,0,-,Actual,Train
2025-03-16,P006,1,-,Actual,Train
2025-03-17,P006,1,-,Actual,Train
2025-03-18,P006,0,-,Actual,Train
2025-03-19,P006,3,-,Actual,Train
2025-03-20,P006,0,-,Actual,Train
2025-03-21,P006,3,-,Actual,Train
2025-03-22,P006,2,-,Actual,Train
2025-03-23,P006,3,-,Actual,Train
2025-03-24,P006,4,-,Actual,Train
2025-03-25,P006,2,-,Actual,Train
2025-03-26,P006,6,-,Actual,Train
2025-03-27,P006,2,-,Actual,Train
2025-03-28,P006,2,-,Actual,Train
2025-03-29,P006,3,-,Actual,Train
2025-03-30,P006,0,-,Actual,Train
2025-03-31,P006,0,-,Actual,Train
2025-04-01,P006,1,-,Actual,Train
2025-04-02,P006,1,-,Actual,Train
2025-04-03,P006,5,-,Actual,Train
2025-04-04,P006,1,-,Actual,Train
2025-04-05,P006,6,-,Actual,Train
2025-04-06,P006,0,-,Actual,Train
2025-04-07,P006,0,-,Actual,Train
2025-04-08,P006,2,-,Actual,Train
2025-04-09,P006,2,-,Actual,Train
2025-04-10,P006,0,-,Actual,Train
2025-04-11,P006,2,-,Actual,Train
2025-04-12,P006,4,-,Actual,Train
2025-04-13,P006,6,-,Actual,Train
2025-04-14,P006,0,-,Actual,Train
2025-04-15,P006,1,-,Actual,Train
2025-04-16,P006,1,-,Actual,Train
2025-04-17,P006,0,-,Actual,Train
2025-04-18,P006,1,-,Actual,Train
2025-04-19,P006,3,-,Actual,Train
2025-04-20,P006,0,-,Actual,Train
2025-04-21,P006,2,-,Actual,Train
2025-04-22,P006,3,-,Actual,Train
2025-04-23,P006,6,-,Actual,Train
2025-04-24,P006,0,-,Actual,Train
2025-04-25,P006,0,-,Actual,Train
2025-04-26,P006,0,-,Actual,Train
2025-04-27,P006,3,-,Actual,Train
2025-04-28,P006,2,-,Actual,Train
2025-04-29,P006,1,-,Actual,Train
2025-04-30,P006,2,-,Actual,Train
2025-05-01,P006,0,-,Actual,Train
2025-05-02,P006,0,-,Actual,Train
2025-05-03,P006,0,-,Actual,Train
2025-05-04,P006,5,-,Actual,Train
2025-05-05,P006,2,-,Actual,Train
2025-05-06,P006,0,-,Actual,Train
2025-05-07,P006,0,-,Actual,Train
2025-05-08,P006,2,-,Actual,Train
2025-05-09,P006,4,-,Actual,Train
2025-05-10,P006,0,-,Actual,Train
2025-05-11,P006,1,-,Actual,Train
2025-05-12,P006,0,-,Actual,Train
2025-05-13,P006,7,-,Actual,Train
2025-05-14,P006,3,-,Actual,Train
2025-05-15,P006,1,-,Actual,Train
2025-05-16,P006,3,-,Actual,Train
2025-05-17,P006,4,-,Actual,Train
2025-05-18,P006,0,-,Actual,Train
2025-05-19,P006,4,-,Actual,Train
2025-05-20,P006,7,-,Actual,Train
2025-05-21,P006,3,-,Actual,Train
2025-05-22,P006,2,-,Actual,Train
2025-05-23,P006,1,-,Actual,Train
2025-05-24,P006,2,-,Actual,Train
2025-05-25,P006,5,-,Actual,Train
2025-05-26,P006,0,-,Actual,Train
2025-05-27,P006,0,-,Actual,Train
2025-05-28,P006,0,-,Actual,Train
2025-05-29,P006,0,-,Actual,Train
2025-05-30,P006,2,-,Actual,Train
2025-05-31,P006,7,-,Actual,Train
2025-06-01,P006,1,-,Actual,Train
2025-06-02,P006,1,-,Actual,Train
2025-06-03,P006,2,-,Actual,Train
2025-06-04,P006,7,-,Actual,Train
2025-06-05,P006,0,-,Actual,Train
2025-06-06,P006,1,-,Actual,Train
2025-06-07,P006,0,-,Actual,Train
2025-06-08,P006,0,-,Actual,Train
2025-06-09,P006,1,-,Actual,Train
2025-06-10,P006,1,-,Actual,Train
2025-06-11,P006,0,-,Actual,Train
2025-06-12,P006,3,-,Actual,Train
2025-06-13,P006,3,-,Actual,Train
2025-06-14,P006,0,-,Actual,Train
2025-06-15,P006,1,-,Actual,Train
2025-06-16,P006,2,-,Actual,Train
2025-06-17,P006,0,-,Actual,Train
2025-06-18,P006,3,-,Actual,Train
2025-06-19,P006,0,-,Actual,Train
2025-06-20,P006,3,-,Actual,Train
2025-06-21,P006,2,-,Actual,Train
2025-06-22,P006,0,-,Actual,Train
2025-06-23,P006,1,-,Actual,Train
2025-06-24,P006,2,-,Actual,Train
2025-06-25,P006,2,-,Actual,Train
2025-06-26,P006,3,-,Actual,Train
2025-06-27,P006,6,-,Actual,Train
2025-06-28,P006,1,-,Actual,Train
2025-06-29,P006,5,-,Actual,Train
2025-06-30,P006,3,-,Actual,Train
2025-07-01,P006,1,-,Actual,Train
2025-07-02,P006,3,-,Actual,Train
2025-07-03,P006,1,-,Actual,Train
2025-07-04,P006,0,-,Actual,Train
2025-07-05,P006,3,-,Actual,Train
2025-07-06,P006,6,-,Actual,Train
2025-07-07,P006,1,-,Actual,Train
2025-07-08,P006,5,-,Actual,Train
2025-07-09,P006,0,-,Actual,Train
2025-07-10,P006,6,-,Actual,Train
2025-07-11,P006,0,-,Actual,Train
2025-07-12,P006,2,-,Actual,Train
2025-07-13,P006,1,-,Actual,Train
2025-07-14,P006,3,-,Actual,Train
2025-07-15,P006,1,-,Actual,Train
2025-07-16,P006,2,-,Actual,Train
2025-07-17,P006,0,-,Actual,Train
2025-07-18,P006,0,-,Actual,Train
2025-07-19,P006,3,-,Actual,Train
2025-07-20,P006,0,-,Actual,Train
2025-07-21,P006,3,-,Actual,Train
2025-07-22,P006,1,-,Actual,Train
2025-07-23,P006,4,-,Actual,Train
2025-07-24,P006,2,-,Actual,Train
2025-07-25,P006,0,-,Actual,Train
2025-07-26,P006,0,-,Actual,Train
2025-07-27,P006,2,-,Actual,Train
2025-07-28,P006,0,-,Actual,Train
2025-07-29,P006,5,-,Actual,Train
2025-07-30,P006,1,-,Actual,Train
2025-07-31,P006,0,-,Actual,Train
2025-08-01,P006,2,-,Actual,Train
2025-08-02,P006,2,-,Actual,Train
2025-08-03,P006,6,-,Actual,Train
2025-08-04,P006,0,-,Actual,Train
2025-08-05,P006,2,-,Actual,Train
2025-08-06,P006,6,-,Actual,Train
2025-08-07,P006,0,-,Actual,Train
2025-08-08,P006,0,-,Actual,Train
2025-08-09,P006,0,-,Actual,Train
2025-08-10,P006,8,-,Actual,Train
2025-08-11,P006,3,-,Actual,Train
2025-08-12,P006,8,-,Actual,Train
2025-08-13,P006,5,-,Actual,Train
2025-08-14,P006,0,-,Actual,Train
2025-08-15,P006,0,-,Actual,Train
2025-08-16,P006,3,-,Actual,Train
2025-08-17,P006,4,-,Actual,Train
2025-08-18,P006,2,-,Actual,Train
2025-08-19,P006,0,-,Actual,Train
2025-08-20,P006,0,-,Actual,Train
2025-08-21,P006,1,-,Actual,Train
2025-08-22,P006,0,-,Actual,Train
2025-08-23,P006,4,-,Actual,Train
2025-08-24,P006,11,-,Actual,Train
2025-08-25,P006,5,-,Actual,Train
2025-08-26,P006,7,-,Actual,Train
2025-08-27,P006,3,-,Actual,Train
2025-08-28,P006,2,-,Actual,Train
2025-08-29,P006,0,-,Actual,Train
2025-08-30,P006,0,-,Actual,Train
2025-08-31,P006,3,-,Actual,Train
2025-09-01,P006,3,-,Actual,Train
2025-09-02,P006,3,-,Actual,Train
2025-09-03,P006,2,-,Actual,Train
2025-09-04,P006,2,-,Actual,Train
2025-09-05,P006,0,-,Actual,Train
2025-09-06,P006,0,-,Actual,Train
2025-09-07,P006,0,-,Actual,Train
2025-09-08,P006,4,-,Actual,Train
2025-09-09,P006,12,-,Actual,Train
2025-09-10,P006,0,-,Actual,Train
2025-09-11,P006,0,-,Actual,Train
2025-09-12,P006,0,-,Actual,Train
2025-09-13,P006,0,-,Actual,Train
2025-09-14,P006,1,-,Actual,Train
2025-01-08,P007,0,-,Actual,Train
2025-01-09,P007,1,-,Actual,Train
2025-01-10,P007,2,-,Actual,Train
2025-01-11,P007,6,-,Actual,Train
2025-01-12,P007,4,-,Actual,Train
2025-01-13,P007,3,-,Actual,Train
2025-01-14,P007,4,-,Actual,Train
2025-01-15,P007,0,-,Actual,Train
2025-01-16,P007,0,-,Actual,Train
2025-01-17,P007,0,-,Actual,Train
2025-01-18,P007,3,-,Actual,Train
2025-01-19,P007,2,-,Actual,Train
2025-01-20,P007,0,-,Actual,Train
2025-01-21,P007,4,-,Actual,Train
2025-01-22,P007,0,-,Actual,Train
2025-01-23,P007,1,-,Actual,Train
2025-01-24,P007,3,-,Actual,Train
2025-01-25,P007,0,-,Actual,Train
2025-01-26,P007,0,-,Actual,Train
2025-01-27,P007,0,-,Actual,Train
2025-01-28,P007,1,-,Actual,Train
2025-01-29,P007,1,-,Actual,Train
2025-01-30,P007,6,-,Actual,Train
2025-01-31,P007,3,-,Actual,Train
2025-02-01,P007,2,-,Actual,Train
2025-02-02,P007,1,-,Actual,Train
2025-02-03,P007,2,-,Actual,Train
2025-02-04,P007,2,-,Actual,Train
2025-02-05,P007,0,-,Actual,Train
2025-02-06,P007,1,-,Actual,Train
2025-02-07,P007,3,-,Actual,Train
2025-02-08,P007,0,-,Actual,Train
2025-02-09,P007,0,-,Actual,Train
2025-02-10,P007,3,-,Actual,Train
2025-02-11,P007,0,-,Actual,Train
2025-02-12,P007,0,-,Actual,Train
2025-02-13,P007,8,-,Actual,Train
2025-02-14,P007,3,-,Actual,Train
2025-02-15,P007,7,-,Actual,Train
2025-02-16,P007,3,-,Actual,Train
2025-02-17,P007,3,-,Actual,Train
2025-02-18,P007,0,-,Actual,Train
2025-02-19,P007,6,-,Actual,Train
2025-02-20,P007,4,-,Actual,Train
2025-02-21,P007,3,-,Actual,Train
2025-02-22,P007,2,-,Actual,Train
2025-02-23,P007,3,-,Actual,Train
2025-02-24,P007,5,-,Actual,Train
2025-02-25,P007,1,-,Actual,Train
2025-02-26,P007,1,-,Actual,Train
2025-02-27,P007,3,-,Actual,Train
2025-02-28,P007,0,-,Actual,Train
2025-03-01,P007,8,-,Actual,Train
2025-03-02,P007,0,-,Actual,Train
2025-03-03,P007,2,-,Actual,Train
2025-03-04,P007,3,-,Actual,Train
2025-03-05,P007,1,-,Actual,Train
2025-03-06,P007,0,-,Actual,Train
2025-03-07,P007,0,-,Actual,Train
2025-03-08,P007,3,-,Actual,Train
2025-03-09,P007,4,-,Actual,Train
2025-03-10,P007,0,-,Actual,Train
2025-03-11,P007,0,-,Actual,Train
2025-03-12,P007,2,-,Actual,Train
2025-03-13,P007,0,-,Actual,Train
2025-03-14,P007,3,-,Actual,Train
2025-03-15,P007,3,-,Actual,Train
2025-03-16,P007,2,-,Actual,Train
2025-03-17,P007,2,-,Actual,Train
2025-03-18,P007,6,-,Actual,Train
2025-03-19,P007,3,-,Actual,Train
2025-03-20,P007,4,-,Actual,Train
2025-03-21,P007,1,-,Actual,Train
2025-03-22,P007,3,-,Actual,Train
2025-03-23,P007,0,-,Actual,Train
2025-03-24,P007,8,-,Actual,Train
2025-03-25,P007,3,-,Actual,Train
2025-03-26,P007,3,-,Actual,Train
2025-03-27,P007,0,-,Actual,Train
2025-03-28,P007,4,-,Actual,Train
2025-03-29,P007,4,-,Actual,Train
2025-03-30,P007,1,-,Actual,Train
2025-03-31,P007,4,-,Actual,Train
2025-04-01,P007,6,-,Actual,Train
2025-04-02,P007,6,-,Actual,Train
2025-04-03,P007,5,-,Actual,Train
2025-04-04,P007,2,-,Actual,Train
2025-04-05,P007,3,-,Actual,Train
2025-04-06,P007,0,-,Actual,Train
2025-04-07,P007,0,-,Actual,Train
2025-04-08,P007,0,-,Actual,Train
2025-04-09,P007,0,-,Actual,Train
2025-04-10,P007,2,-,Actual,Train
2025-04-11,P007,0,-,Actual,Train
2025-04-12,P007,5,-,Actual,Train
2025-04-13,P007,2,-,Actual,Train
2025-04-14,P007,5,-,Actual,Train
2025-04-15,P007,1,-,Actual,Train
2025-04-16,P007,3,-,Actual,Train
2025-04-17,P007,2,-,Actual,Train
2025-04-18,P007,2,-,Actual,Train
2025-04-19,P007,6,-,Actual,Train
2025-04-20,P007,0,-,Actual,Train
2025-04-21,P007,5,-,Actual,Train
2025-04-22,P007,5,-,Actual,Train
2025-04-23,P007,0,-,Actual,Train
2025-04-24,P007,7,-,Actual,Train
2025-04-25,P007,1,-,Actual,Train
2025-04-26,P007,3,-,Actual,Train
2025-04-27,P007,4,-,Actual,Train
2025-04-28,P007,0,-,Actual,Train
2025-04-29,P007,0,-,Actual,Train
2025-04-30,P007,2,-,Actual,Train
2025-05-01,P007,3,-,Actual,Train
2025-05-02,P007,3,-,Actual,Train
2025-05-03,P007,3,-,Actual,Train
2025-05-04,P007,3,-,Actual,Train
2025-05-05,P007,3,-,Actual,Train
2025-05-06,P007,0,-,Actual,Train
2025-05-07,P007,7,-,Actual,Train
2025-05-08,P007,3,-,Actual,Train
2025-05-09,P007,4,-,Actual,Train
2025-05-10,P007,3,-,Actual,Train
2025-05-11,P007,2,-,Actual,Train
2025-05-12,P007,0,-,Actual,Train
2025-05-13,P007,2,-,Actual,Train
2025-05-14,P007,2,-,Actual,Train
2025-05-15,P007,1,-,Actual,Train
2025-05-16,P007,4,-,Actual,Train
2025-05-17,P007,0,-,Actual,Train
2025-05-18,P007,0,-,Actual,Train
2025-05-19,P007,1,-,Actual,Train
2025-05-20,P007,0,-,Actual,Train
2025-05-21,P007,6,-,Actual,Train
2025-05-22,P007,4,-,Actual,Train
2025-05-23,P007,2,-,Actual,Train
2025-05-24,P007,2,-,Actual,Train
2025-05-25,P007,3,-,Actual,Train
2025-05-26,P007,2,-,Actual,Train
2025-05-27,P007,8,-,Actual,Train
2025-05-28,P007,3,-,Actual,Train
2025-05-29,P007,0,-,Actual,Train
2025-05-30,P007,0,-,Actual,Train
2025-05-31,P007,3,-,Actual,Train
2025-06-01,P007,0,-,Actual,Train
2025-06-02,P007,0,-,Actual,Train
2025-06-03,P007,0,-,Actual,Train
2025-06-04,P007,5,-,Actual,Train
2025-06-05,P007,0,-,Actual,Train
2025-06-06,P007,0,-,Actual,Train
2025-06-07,P007,0,-,Actual,Train
2025-06-08,P007,0,-,Actual,Train
2025-06-09,P007,0,-,Actual,Train
2025-06-10,P007,1,-,Actual,Train
2025-06-11,P007,0,-,Actual,Train
2025-06-12,P007,3,-,Actual,Train
2025-06-13,P007,7,-,Actual,Train
2025-06-14,P007,0,-,Actual,Train
2025-06-15,P007,0,-,Actual,Train
2025-06-16,P007,0,-,Actual,Train
2025-06-17,P007,0,-,Actual,Train
2025-06-18,P007,0,-,Actual,Train
2025-06-19,P007,3,-,Actual,Train
2025-06-20,P007,0,-,Actual,Train
2025-06-21,P007,3,-,Actual,Train
2025-06-22,P007,0,-,Actual,Train
2025-06-23,P007,1,-,Actual,Train
2025-06-24,P007,0,-,Actual,Train
2025-06-25,P007,2,-,Actual,Train
2025-06-26,P007,0,-,Actual,Train
2025-06-27,P007,9,-,Actual,Train
2025-06-28,P007,0,-,Actual,Train
2025-06-29,P007,4,-,Actual,Train
2025-06-30,P007,9,-,Actual,Train
2025-07-01,P007,0,-,Actual,Train
2025-07-02,P007,3,-,Actual,Train
2025-07-03,P007,2,-,Actual,Train
2025-07-04,P007,0,-,Actual,Train
2025-07-05,P007,2,-,Actual,Train
2025-07-06,P007,3,-,Actual,Train
2025-07-07,P007,6,-,Actual,Train
2025-07-08,P007,6,-,Actual,Train
2025-07-09,P007,3,-,Actual,Train
2025-07-10,P007,3,-,Actual,Train
2025-07-11,P007,0,-,Actual,Train
2025-07-12,P007,0,-,Actual,Train
2025-07-13,P007,0,-,Actual,Train
2025-07-14,P007,4,-,Actual,Train
2025-07-15,P007,2,-,Actual,Train
2025-07-16,P007,0,-,Actual,Train
2025-07-17,P007,0,-,Actual,Train
2025-07-18,P007,2,-,Actual,Train
2025-07-19,P007,1,-,Actual,Train
2025-07-20,P007,0,-,Actual,Train
2025-07-21,P007,2,-,Actual,Train
2025-07-22,P007,5,-,Actual,Train
2025-07-23,P007,4,-,Actual,Train
2025-07-24,P007,1,-,Actual,Train
2025-07-25,P007,0,-,Actual,Train
2025-07-26,P007,4,-,Actual,Train
2025-07-27,P007,0,-,Actual,Train
2025-07-28,P007,3,-,Actual,Train
2025-07-29,P007,9,-,Actual,Train
2025-07-30,P007,3,-,Actual,Train
2025-07-31,P007,0,-,Actual,Train
2025-08-01,P007,1,-,Actual,Train
2025-08-02,P007,2,-,Actual,Train
2025-08-03,P007,0,-,Actual,Train
2025-08-04,P007,3,-,Actual,Train
2025-08-05,P007,11,-,Actual,Train
2025-08-06,P007,0,-,Actual,Train
2025-08-07,P007,1,-,Actual,Train
2025-08-08,P007,0,-,Actual,Train
2025-08-09,P007,5,-,Actual,Train
2025-08-10,P007,8,-,Actual,Train
2025-08-11,P007,4,-,Actual,Train
2025-08-12,P007,3,-,Actual,Train
2025-08-13,P007,3,-,Actual,Train
2025-08-14,P007,0,-,Actual,Train
2025-08-15,P007,0,-,Actual,Train
2025-08-16,P007,8,-,Actual,Train
2025-08-17,P007,0,-,Actual,Train
2025-08-18,P007,4,-,Actual,Train
2025-08-19,P007,1,-,Actual,Train
2025-08-20,P007,1,-,Actual,Train
2025-08-21,P007,9,-,Actual,Train
2025-08-22,P007,2,-,Actual,Train
2025-08-23,P007,3,-,Actual,Train
2025-08-24,P007,5,-,Actual,Train
2025-08-25,P007,4,-,Actual,Train
2025-08-26,P007,6,-,Actual,Train
2025-08-27,P007,4,-,Actual,Train
2025-08-28,P007,3,-,Actual,Train
2025-08-29,P007,0,-,Actual,Train
2025-08-30,P007,0,-,Actual,Train
2025-08-31,P007,1,-,Actual,Train
2025-09-01,P007,6,-,Actual,Train
2025-09-02,P007,3,-,Actual,Train
2025-09-03,P007,1,-,Actual,Train
2025-09-04,P007,3,-,Actual,Train
2025-09-05,P007,2,-,Actual,Train
2025-09-06,P007,3,-,Actual,Train
2025-09-07,P007,0,-,Actual,Train
2025-09-08,P007,0,-,Actual,Train
2025-09-09,P007,6,-,Actual,Train
2025-09-10,P007,0,-,Actual,Train
2025-09-11,P007,3,-,Actual,Train
2025-09-12,P007,0,-,Actual,Train
2025-09-13,P007,5,-,Actual,Train
2025-09-14,P007,0,-,Actual,Train
2025-01-08,P008,2,-,Actual,Train
2025-01-09,P008,3,-,Actual,Train
2025-01-10,P008,0,-,Actual,Train
2025-01-11,P008,0,-,Actual,Train
2025-01-12,P008,0,-,Actual,Train
2025-01-13,P008,1,-,Actual,Train
2025-01-14,P008,1,-,Actual,Train
2025-01-15,P008,4,-,Actual,Train
2025-01-16,P008,0,-,Actual,Train
2025-01-17,P008,0,-,Actual,Train
2025-01-18,P008,0,-,Actual,Train
2025-01-19,P008,3,-,Actual,Train
2025-01-20,P008,1,-,Actual,Train
2025-01-21,P008,2,-,Actual,Train
2025-01-22,P008,3,-,Actual,Train
2025-01-23,P008,1,-,Actual,Train
2025-01-24,P008,3,-,Actual,Train
2025-01-25,P008,0,-,Actual,Train
2025-01-26,P008,3,-,Actual,Train
2025-01-27,P008,3,-,Actual,Train
2025-01-28,P008,0,-,Actual,Train
2025-01-29,P008,3,-,Actual,Train
2025-01-30,P008,5,-,Actual,Train
2025-01-31,P008,0,-,Actual,Train
2025-02-01,P008,8,-,Actual,Train
2025-02-02,P008,0,-,Actual,Train
2025-02-03,P008,1,-,Actual,Train
2025-02-04,P008,5,-,Actual,Train
2025-02-05,P008,0,-,Actual,Train
2025-02-06,P008,0,-,Actual,Train
2025-02-07,P008,2,-,Actual,Train
2025-02-08,P008,2,-,Actual,Train
2025-02-09,P008,1,-,Actual,Train
2025-02-10,P008,2,-,Actual,Train
2025-02-11,P008,0,-,Actual,Train
2025-02-12,P008,0,-,Actual,Train
2025-02-13,P008,3,-,Actual,Train
2025-02-14,P008,0,-,Actual,Train
2025-02-15,P008,3,-,Actual,Train
2025-02-16,P008,2,-,Actual,Train
2025-02-17,P008,0,-,Actual,Train
2025-02-18,P008,3,-,Actual,Train
2025-02-19,P008,3,-,Actual,Train
2025-02-20,P008,3,-,Actual,Train
2025-02-21,P008,0,-,Actual,Train
2025-02-22,P008,4,-,Actual,Train
2025-02-23,P008,1,-,Actual,Train
2025-02-24,P008,6,-,Actual,Train
2025-02-25,P008,3,-,Actual,Train
2025-02-26,P008,2,-,Actual,Train
2025-02-27,P008,1,-,Actual,Train
2025-02-28,P008,0,-,Actual,Train
2025-03-01,P008,3,-,Actual,Train
2025-03-02,P008,2,-,Actual,Train
2025-03-03,P008,3,-,Actual,Train
2025-03-04,P008,4,-,Actual,Train
2025-03-05,P008,2,-,Actual,Train
2025-03-06,P008,1,-,Actual,Train
2025-03-07,P008,0,-,Actual,Train
2025-03-08,P008,3,-,Actual,Train
2025-03-09,P008,1,-,Actual,Train
2025-03-10,P008,0,-,Actual,Train
2025-03-11,P008,0,-,Actual,Train
2025-03-12,P008,4,-,Actual,Train
2025-03-13,P008,0,-,Actual,Train
2025-03-14,P008,3,-,Actual,Train
2025-03-15,P008,4,-,Actual,Train
2025-03-16,P008,0,-,Actual,Train
2025-03-17,P008,0,-,Actual,Train
2025-03-18,P008,3,-,Actual,Train
2025-03-19,P008,8,-,Actual,Train
2025-03-20,P008,4,-,Actual,Train
2025-03-21,P008,0,-,Actual,Train
2025-03-22,P008,0,-,Actual,Train
2025-03-23,P008,2,-,Actual,Train
2025-03-24,P008,8,-,Actual,Train
2025-03-25,P008,3,-,Actual,Train
2025-03-26,P008,0,-,Actual,Train
2025-03-27,P008,2,-,Actual,Train
2025-03-28,P008,10,-,Actual,Train
2025-03-29,P008,3,-,Actual,Train
2025-03-30,P008,7,-,Actual,Train
2025-03-31,P008,2,-,Actual,Train
2025-04-01,P008,1,-,Actual,Train
2025-04-02,P008,6,-,Actual,Train
2025-04-03,P008,1,-,Actual,Train
2025-04-04,P008,3,-,Actual,Train
2025-04-05,P008,0,-,Actual,Train
2025-04-06,P008,3,-,Actual,Train
2025-04-07,P008,0,-,Actual,Train
2025-04-08,P008,3,-,Actual,Train
2025-04-09,P008,3,-,Actual,Train
2025-04-10,P008,3,-,Actual,Train
2025-04-11,P008,2,-,Actual,Train
2025-04-12,P008,2,-,Actual,Train
2025-04-13,P008,0,-,Actual,Train
2025-04-14,P008,3,-,Actual,Train
2025-04-15,P008,1,-,Actual,Train
2025-04-16,P008,2,-,Actual,Train
2025-04-17,P008,2,-,Actual,Train
2025-04-18,P008,0,-,Actual,Train
2025-04-19,P008,2,-,Actual,Train
2025-04-20,P008,0,-,Actual,Train
2025-04-21,P008,1,-,Actual,Train
2025-04-22,P008,1,-,Actual,Train
2025-04-23,P008,0,-,Actual,Train
2025-04-24,P008,0,-,Actual,Train
2025-04-25,P008,5,-,Actual,Train
2025-04-26,P008,3,-,Actual,Train
2025-04-27,P008,1,-,Actual,Train
2025-04-28,P008,1,-,Actual,Train
2025-04-29,P008,4,-,Actual,Train
2025-04-30,P008,0,-,Actual,Train
2025-05-01,P008,5,-,Actual,Train
2025-05-02,P008,0,-,Actual,Train
2025-05-03,P008,7,-,Actual,Train
2025-05-04,P008,6,-,Actual,Train
2025-05-05,P008,0,-,Actual,Train
2025-05-06,P008,0,-,Actual,Train
2025-05-07,P008,1,-,Actual,Train
2025-05-08,P008,2,-,Actual,Train
2025-05-09,P008,3,-,Actual,Train
2025-05-10,P008,2,-,Actual,Train
2025-05-11,P008,3,-,Actual,Train
2025-05-12,P008,0,-,Actual,Train
2025-05-13,P008,4,-,Actual,Train
2025-05-14,P008,0,-,Actual,Train
2025-05-15,P008,0,-,Actual,Train
2025-05-16,P008,8,-,Actual,Train
2025-05-17,P008,4,-,Actual,Train
2025-05-18,P008,4,-,Actual,Train
2025-05-19,P008,3,-,Actual,Train
2025-05-20,P008,1,-,Actual,Train
2025-05-21,P008,1,-,Actual,Train
2025-05-22,P008,0,-,Actual,Train
2025-05-23,P008,0,-,Actual,Train
2025-05-24,P008,2,-,Actual,Train
2025-05-25,P008,0,-,Actual,Train
2025-05-26,P008,5,-,Actual,Train
2025-05-27,P008,4,-,Actual,Train
2025-05-28,P008,0,-,Actual,Train
2025-05-29,P008,0,-,Actual,Train
2025-05-30,P008,0,-,Actual,Train
2025-05-31,P008,0,-,Actual,Train
2025-06-01,P008,1,-,Actual,Train
2025-06-02,P008,3,-,Actual,Train
2025-06-03,P008,0,-,Actual,Train
2025-06-04,P008,0,-,Actual,Train
2025-06-05,P008,1,-,Actual,Train
2025-06-06,P008,0,-,Actual,Train
2025-06-07,P008,1,-,Actual,Train
2025-06-08,P008,0,-,Actual,Train
2025-06-09,P008,6,-,Actual,Train
2025-06-10,P008,1,-,Actual,Train
2025-06-11,P008,0,-,Actual,Train
2025-06-12,P008,4,-,Actual,Train
2025-06-13,P008,5,-,Actual,Train
2025-06-14,P008,0,-,Actual,Train
2025-06-15,P008,4,-,Actual,Train
2025-06-16,P008,3,-,Actual,Train
2025-06-17,P008,2,-,Actual,Train
2025-06-18,P008,0,-,Actual,Train
2025-06-19,P008,2,-,Actual,Train
2025-06-20,P008,0,-,Actual,Train
2025-06-21,P008,4,-,Actual,Train
2025-06-22,P008,3,-,Actual,Train
2025-06-23,P008,0,-,Actual,Train
2025-06-24,P008,5,-,Actual,Train
2025-06-25,P008,0,-,Actual,Train
2025-06-26,P008,2,-,Actual,Train
2025-06-27,P008,3,-,Actual,Train
2025-06-28,P008,3,-,Actual,Train
2025-06-29,P008,3,-,Actual,Train
2025-06-30,P008,3,-,Actual,Train
2025-07-01,P008,0,-,Actual,Train
2025-07-02,P008,2,-,Actual,Train
2025-07-03,P008,1,-,Actual,Train
2025-07-04,P008,0,-,Actual,Train
2025-07-05,P008,0,-,Actual,Train
2025-07-06,P008,6,-,Actual,Train
2025-07-07,P008,0,-,Actual,Train
2025-07-08,P008,3,-,Actual,Train
2025-07-09,P008,5,-,Actual,Train
2025-07-10,P008,2,-,Actual,Train
2025-07-11,P008,5,-,Actual,Train
2025-07-12,P008,2,-,Actual,Train
2025-07-13,P008,4,-,Actual,Train
2025-07-14,P008,4,-,Actual,Train
2025-07-15,P008,1,-,Actual,Train
2025-07-16,P008,4,-,Actual,Train
2025-07-17,P008,0,-,Actual,Train
2025-07-18,P008,2,-,Actual,Train
2025-07-19,P008,0,-,Actual,Train
2025-07-20,P008,0,-,Actual,Train
2025-07-21,P008,0,-,Actual,Train
2025-07-22,P008,6,-,Actual,Train
2025-07-23,P008,2,-,Actual,Train
2025-07-24,P008,0,-,Actual,Train
2025-07-25,P008,0,-,Actual,Train
2025-07-26,P008,3,-,Actual,Train
2025-07-27,P008,0,-,Actual,Train
2025-07-28,P008,3,-,Actual,Train
2025-07-29,P008,3,-,Actual,Train
2025-07-30,P008,0,-,Actual,Train
2025-07-31,P008,1,-,Actual,Train
2025-08-01,P008,3,-,Actual,Train
2025-08-02,P008,2,-,Actual,Train
2025-08-03,P008,4,-,Actual,Train
2025-08-04,P008,3,-,Actual,Train
2025-08-05,P008,6,-,Actual,Train
2025-08-06,P008,0,-,Actual,Train
2025-08-07,P008,0,-,Actual,Train
2025-08-08,P008,6,-,Actual,Train
2025-08-09,P008,2,-,Actual,Train
2025-08-10,P008,0,-,Actual,Train
2025-08-11,P008,0,-,Actual,Train
2025-08-12,P008,3,-,Actual,Train
2025-08-13,P008,0,-,Actual,Train
2025-08-14,P008,0,-,Actual,Train
2025-08-15,P008,3,-,Actual,Train
2025-08-16,P008,1,-,Actual,Train
2025-08-17,P008,3,-,Actual,Train
2025-08-18,P008,0,-,Actual,Train
2025-08-19,P008,2,-,Actual,Train
2025-08-20,P008,7,-,Actual,Train
2025-08-21,P008,9,-,Actual,Train
2025-08-22,P008,6,-,Actual,Train
2025-08-23,P008,3,-,Actual,Train
2025-08-24,P008,2,-,Actual,Train
2025-08-25,P008,3,-,Actual,Train
2025-08-26,P008,0,-,Actual,Train
2025-08-27,P008,3,-,Actual,Train
2025-08-28,P008,0,-,Actual,Train
2025-08-29,P008,0,-,Actual,Train
2025-08-30,P008,6,-,Actual,Train
2025-08-31,P008,6,-,Actual,Train
2025-09-01,P008,0,-,Actual,Train
2025-09-02,P008,0,-,Actual,Train
2025-09-03,P008,4,-,Actual,Train
2025-09-04,P008,4,-,Actual,Train
2025-09-05,P008,0,-,Actual,Train
2025-09-06,P008,0,-,Actual,Train
2025-09-07,P008,1,-,Actual,Train
2025-09-08,P008,0,-,Actual,Train
2025-09-09,P008,0,-,Actual,Train
2025-09-10,P008,5,-,Actual,Train
2025-09-11,P008,1,-,Actual,Train
2025-09-12,P008,0,-,Actual,Train
2025-09-13,P008,7,-,Actual,Train
2025-09-14,P008,0,-,Actual,Train
2025-01-08,P009,10,-,Actual,Train
2025-01-09,P009,0,-,Actual,Train
2025-01-10,P009,0,-,Actual,Train
2025-01-11,P009,6,-,Actual,Train
2025-01-12,P009,2,-,Actual,Train
2025-01-13,P009,0,-,Actual,Train
2025-01-14,P009,0,-,Actual,Train
2025-01-15,P009,6,-,Actual,Train
2025-01-16,P009,0,-,Actual,Train
2025-01-17,P009,0,-,Actual,Train
2025-01-18,P009,0,-,Actual,Train
2025-01-19,P009,0,-,Actual,Train
2025-01-20,P009,3,-,Actual,Train
2025-01-21,P009,3,-,Actual,Train
2025-01-22,P009,0,-,Actual,Train
2025-01-23,P009,1,-,Actual,Train
2025-01-24,P009,6,-,Actual,Train
2025-01-25,P009,0,-,Actual,Train
2025-01-26,P009,1,-,Actual,Train
2025-01-27,P009,0,-,Actual,Train
2025-01-28,P009,3,-,Actual,Train
2025-01-29,P009,2,-,Actual,Train
2025-01-30,P009,5,-,Actual,Train
2025-01-31,P009,3,-,Actual,Train
2025-02-01,P009,5,-,Actual,Train
2025-02-02,P009,0,-,Actual,Train
2025-02-03,P009,3,-,Actual,Train
2025-02-04,P009,7,-,Actual,Train
2025-02-05,P009,0,-,Actual,Train
2025-02-06,P009,7,-,Actual,Train
2025-02-07,P009,0,-,Actual,Train
2025-02-08,P009,1,-,Actual,Train
2025-02-09,P009,3,-,Actual,Train
2025-02-10,P009,1,-,Actual,Train
2025-02-11,P009,0,-,Actual,Train
2025-02-12,P009,0,-,Actual,Train
2025-02-13,P009,0,-,Actual,Train
2025-02-14,P009,6,-,Actual,Train
2025-02-15,P009,0,-,Actual,Train
2025-02-16,P009,2,-,Actual,Train
2025-02-17,P009,1,-,Actual,Train
2025-02-18,P009,0,-,Actual,Train
2025-02-19,P009,5,-,Actual,Train
2025-02-20,P009,4,-,Actual,Train
2025-02-21,P009,2,-,Actual,Train
2025-02-22,P009,1,-,Actual,Train
2025-02-23,P009,0,-,Actual,Train
2025-02-24,P009,0,-,Actual,Train
2025-02-25,P009,3,-,Actual,Train
2025-02-26,P009,0,-,Actual,Train
2025-02-27,P009,3,-,Actual,Train
2025-02-28,P009,0,-,Actual,Train
2025-03-01,P009,2,-,Actual,Train
2025-03-02,P009,0,-,Actual,Train
2025-03-03,P009,4,-,Actual,Train
2025-03-04,P009,3,-,Actual,Train
2025-03-05,P009,1,-,Actual,Train
2025-03-06,P009,0,-,Actual,Train
2025-03-07,P009,0,-,Actual,Train
2025-03-08,P009,1,-,Actual,Train
2025-03-09,P009,9,-,Actual,Train
2025-03-10,P009,3,-,Actual,Train
2025-03-11,P009,0,-,Actual,Train
2025-03-12,P009,9,-,Actual,Train
2025-03-13,P009,3,-,Actual,Train
2025-03-14,P009,2,-,Actual,Train
2025-03-15,P009,0,-,Actual,Train
2025-03-16,P009,0,-,Actual,Train
2025-03-17,P009,0,-,Actual,Train
2025-03-18,P009,0,-,Actual,Train
2025-03-19,P009,0,-,Actual,Train
2025-03-20,P009,2,-,Actual,Train
2025-03-21,P009,0,-,Actual,Train
2025-03-22,P009,1,-,Actual,Train
2025-03-23,P009,3,-,Actual,Train
2025-03-24,P009,0,-,Actual,Train
2025-03-25,P009,1,-,Actual,Train
2025-03-26,P009,2,-,Actual,Train
2025-03-27,P009,6,-,Actual,Train
2025-03-28,P009,2,-,Actual,Train
2025-03-29,P009,3,-,Actual,Train
2025-03-30,P009,1,-,Actual,Train
2025-03-31,P009,1,-,Actual,Train
2025-04-01,P009,4,-,Actual,Train
2025-04-02,P009,7,-,Actual,Train
2025-04-03,P009,3,-,Actual,Train
2025-04-04,P009,9,-,Actual,Train
2025-04-05,P009,4,-,Actual,Train
2025-04-06,P009,3,-,Actual,Train
2025-04-07,P009,1,-,Actual,Train
2025-04-08,P009,0,-,Actual,Train
2025-04-09,P009,0,-,Actual,Train
2025-04-10,P009,3,-,Actual,Train
2025-04-11,P009,2,-,Actual,Train
2025-04-12,P009,1,-,Actual,Train
2025-04-13,P009,4,-,Actual,Train
2025-04-14,P009,1,-,Actual,Train
2025-04-15,P009,0,-,Actual,Train
2025-04-16,P009,5,-,Actual,Train
2025-04-17,P009,0,-,Actual,Train
2025-04-18,P009,4,-,Actual,Train
2025-04-19,P009,3,-,Actual,Train
2025-04-20,P009,0,-,Actual,Train
2025-04-21,P009,5,-,Actual,Train
2025-04-22,P009,3,-,Actual,Train
2025-04-23,P009,2,-,Actual,Train
2025-04-24,P009,3,-,Actual,Train
2025-04-25,P009,0,-,Actual,Train
2025-04-26,P009,4,-,Actual,Train
2025-04-27,P009,4,-,Actual,Train
2025-04-28,P009,2,-,Actual,Train
2025-04-29,P009,0,-,Actual,Train
2025-04-30,P009,6,-,Actual,Train
2025-05-01,P009,3,-,Actual,Train
2025-05-02,P009,2,-,Actual,Train
2025-05-03,P009,5,-,Actual,Train
2025-05-04,P009,2,-,Actual,Train
2025-05-05,P009,0,-,Actual,Train
2025-05-06,P009,2,-,Actual,Train
2025-05-07,P009,2,-,Actual,Train
2025-05-08,P009,2,-,Actual,Train
2025-05-09,P009,0,-,Actual,Train
2025-05-10,P009,4,-,Actual,Train
2025-05-11,P009,1,-,Actual,Train
2025-05-12,P009,0,-,Actual,Train
2025-05-13,P009,2,-,Actual,Train
2025-05-14,P009,2,-,Actual,Train
2025-05-15,P009,4,-,Actual,Train
2025-05-16,P009,2,-,Actual,Train
2025-05-17,P009,3,-,Actual,Train
2025-05-18,P009,0,-,Actual,Train
2025-05-19,P009,5,-,Actual,Train
2025-05-20,P009,0,-,Actual,Train
2025-05-21,P009,0,-,Actual,Train
2025-05-22,P009,2,-,Actual,Train
2025-05-23,P009,4,-,Actual,Train
2025-05-24,P009,1,-,Actual,Train
2025-05-25,P009,2,-,Actual,Train
2025-05-26,P009,0,-,Actual,Train
2025-05-27,P009,1,-,Actual,Train
2025-05-28,P009,2,-,Actual,Train
2025-05-29,P009,0,-,Actual,Train
2025-05-30,P009,0,-,Actual,Train
2025-05-31,P009,0,-,Actual,Train
2025-06-01,P009,2,-,Actual,Train
2025-06-02,P009,3,-,Actual,Train
2025-06-03,P009,3,-,Actual,Train
2025-06-04,P009,6,-,Actual,Train
2025-06-05,P009,8,-,Actual,Train
2025-06-06,P009,5,-,Actual,Train
2025-06-07,P009,2,-,Actual,Train
2025-06-08,P009,0,-,Actual,Train
2025-06-09,P009,0,-,Actual,Train
2025-06-10,P009,2,-,Actual,Train
2025-06-11,P009,6,-,Actual,Train
2025-06-12,P009,2,-,Actual,Train
2025-06-13,P009,5,-,Actual,Train
2025-06-14,P009,2,-,Actual,Train
2025-06-15,P009,2,-,Actual,Train
2025-06-16,P009,2,-,Actual,Train
2025-06-17,P009,6,-,Actual,Train
2025-06-18,P009,6,-,Actual,Train
2025-06-19,P009,0,-,Actual,Train
2025-06-20,P009,1,-,Actual,Train
2025-06-21,P009,0,-,Actual,Train
2025-06-22,P009,1,-,Actual,Train
2025-06-23,P009,0,-,Actual,Train
2025-06-24,P009,2,-,Actual,Train
2025-06-25,P009,3,-,Actual,Train
2025-06-26,P009,5,-,Actual,Train
2025-06-27,P009,4,-,Actual,Train
2025-06-28,P009,0,-,Actual,Train
2025-06-29,P009,6,-,Actual,Train
2025-06-30,P009,7,-,Actual,Train
2025-07-01,P009,0,-,Actual,Train
2025-07-02,P009,0,-,Actual,Train
2025-07-03,P009,0,-,Actual,Train
2025-07-04,P009,0,-,Actual,Train
2025-07-05,P009,1,-,Actual,Train
2025-07-06,P009,7,-,Actual,Train
2025-07-07,P009,3,-,Actual,Train
2025-07-08,P009,5,-,Actual,Train
2025-07-09,P009,0,-,Actual,Train
2025-07-10,P009,4,-,Actual,Train
2025-07-11,P009,0,-,Actual,Train
2025-07-12,P009,7,-,Actual,Train
2025-07-13,P009,4,-,Actual,Train
2025-07-14,P009,1,-,Actual,Train
2025-07-15,P009,4,-,Actual,Train
2025-07-16,P009,0,-,Actual,Train
2025-07-17,P009,3,-,Actual,Train
2025-07-18,P009,3,-,Actual,Train
2025-07-19,P009,4,-,Actual,Train
2025-07-20,P009,0,-,Actual,Train
2025-07-21,P009,1,-,Actual,Train
2025-07-22,P009,3,-,Actual,Train
2025-07-23,P009,0,-,Actual,Train
2025-07-24,P009,0,-,Actual,Train
2025-07-25,P009,0,-,Actual,Train
2025-07-26,P009,3,-,Actual,Train
2025-07-27,P009,3,-,Actual,Train
2025-07-28,P009,4,-,Actual,Train
2025-07-29,P009,5,-,Actual,Train
2025-07-30,P009,0,-,Actual,Train
2025-07-31,P009,1,-,Actual,Train
2025-08-01,P009,1,-,Actual,Train
2025-08-02,P009,0,-,Actual,Train
2025-08-03,P009,3,-,Actual,Train
2025-08-04,P009,0,-,Actual,Train
2025-08-05,P009,0,-,Actual,Train
2025-08-06,P009,1,-,Actual,Train
2025-08-07,P009,2,-,Actual,Train
2025-08-08,P009,3,-,Actual,Train
2025-08-09,P009,1,-,Actual,Train
2025-08-10,P009,0,-,Actual,Train
2025-08-11,P009,0,-,Actual,Train
2025-08-12,P009,0,-,Actual,Train
2025-08-13,P009,0,-,Actual,Train
2025-08-14,P009,0,-,Actual,Train
2025-08-15,P009,3,-,Actual,Train
2025-08-16,P009,2,-,Actual,Train
2025-08-17,P009,2,-,Actual,Train
2025-08-18,P009,0,-,Actual,Train
2025-08-19,P009,2,-,Actual,Train
2025-08-20,P009,2,-,Actual,Train
2025-08-21,P009,4,-,Actual,Train
2025-08-22,P009,1,-,Actual,Train
2025-08-23,P009,1,-,Actual,Train
2025-08-24,P009,4,-,Actual,Train
2025-08-25,P009,1,-,Actual,Train
2025-08-26,P009,2,-,Actual,Train
2025-08-27,P009,0,-,Actual,Train
2025-08-28,P009,3,-,Actual,Train
2025-08-29,P009,3,-,Actual,Train
2025-08-30,P009,7,-,Actual,Train
2025-08-31,P009,8,-,Actual,Train
2025-09-01,P009,1,-,Actual,Train
2025-09-02,P009,4,-,Actual,Train
2025-09-03,P009,0,-,Actual,Train
2025-09-04,P009,0,-,Actual,Train
2025-09-05,P009,0,-,Actual,Train
2025-09-06,P009,2,-,Actual,Train
2025-09-07,P009,0,-,Actual,Train
2025-09-08,P009,0,-,Actual,Train
2025-09-09,P009,4,-,Actual,Train
2025-09-10,P009,1,-,Actual,Train
2025-09-11,P009,3,-,Actual,Train
2025-09-12,P009,0,-,Actual,Train
2025-09-13,P009,6,-,Actual,Train
2025-09-14,P009,1,-,Actual,Train
2025-01-08,P010,3,-,Actual,Train
2025-01-09,P010,6,-,Actual,Train
2025-01-10,P010,1,-,Actual,Train
2025-01-11,P010,0,-,Actual,Train
2025-01-12,P010,0,-,Actual,Train
2025-01-13,P010,1,-,Actual,Train
2025-01-14,P010,3,-,Actual,Train
2025-01-15,P010,0,-,Actual,Train
2025-01-16,P010,0,-,Actual,Train
2025-01-17,P010,3,-,Actual,Train
2025-01-18,P010,2,-,Actual,Train
2025-01-19,P010,6,-,Actual,Train
2025-01-20,P010,2,-,Actual,Train
2025-01-21,P010,5,-,Actual,Train
2025-01-22,P010,0,-,Actual,Train
2025-01-23,P010,7,-,Actual,Train
2025-01-24,P010,3,-,Actual,Train
2025-01-25,P010,0,-,Actual,Train
2025-01-26,P010,2,-,Actual,Train
2025-01-27,P010,1,-,Actual,Train
2025-01-28,P010,1,-,Actual,Train
2025-01-29,P010,1,-,Actual,Train
2025-01-30,P010,7,-,Actual,Train
2025-01-31,P010,0,-,Actual,Train
2025-02-01,P010,1,-,Actual,Train
2025-02-02,P010,2,-,Actual,Train
2025-02-03,P010,2,-,Actual,Train
2025-02-04,P010,6,-,Actual,Train
2025-02-05,P010,0,-,Actual,Train
2025-02-06,P010,3,-,Actual,Train
2025-02-07,P010,0,-,Actual,Train
2025-02-08,P010,3,-,Actual,Train
2025-02-09,P010,2,-,Actual,Train
2025-02-10,P010,0,-,Actual,Train
2025-02-11,P010,3,-,Actual,Train
2025-02-12,P010,1,-,Actual,Train
2025-02-13,P010,0,-,Actual,Train
2025-02-14,P010,7,-,Actual,Train
2025-02-15,P010,0,-,Actual,Train
2025-02-16,P010,3,-,Actual,Train
2025-02-17,P010,0,-,Actual,Train
2025-02-18,P010,1,-,Actual,Train
2025-02-19,P010,5,-,Actual,Train
2025-02-20,P010,4,-,Actual,Train
2025-02-21,P010,0,-,Actual,Train
2025-02-22,P010,3,-,Actual,Train
2025-02-23,P010,5,-,Actual,Train
2025-02-24,P010,1,-,Actual,Train
2025-02-25,P010,0,-,Actual,Train
2025-02-26,P010,4,-,Actual,Train
2025-02-27,P010,1,-,Actual,Train
2025-02-28,P010,2,-,Actual,Train
2025-03-01,P010,1,-,Actual,Train
2025-03-02,P010,0,-,Actual,Train
2025-03-03,P010,0,-,Actual,Train
2025-03-04,P010,2,-,Actual,Train
2025-03-05,P010,8,-,Actual,Train
2025-03-06,P010,3,-,Actual,Train
2025-03-07,P010,0,-,Actual,Train
2025-03-08,P010,2,-,Actual,Train
2025-03-09,P010,5,-,Actual,Train
2025-03-10,P010,2,-,Actual,Train
2025-03-11,P010,1,-,Actual,Train
2025-03-12,P010,0,-,Actual,Train
2025-03-13,P010,0,-,Actual,Train
2025-03-14,P010,0,-,Actual,Train
2025-03-15,P010,3,-,Actual,Train
2025-03-16,P010,0,-,Actual,Train
2025-03-17,P010,0,-,Actual,Train
2025-03-18,P010,4,-,Actual,Train
2025-03-19,P010,0,-,Actual,Train
2025-03-20,P010,3,-,Actual,Train
2025-03-21,P010,10,-,Actual,Train
2025-03-22,P010,0,-,Actual,Train
2025-03-23,P010,4,-,Actual,Train
2025-03-24,P010,4,-,Actual,Train
2025-03-25,P010,3,-,Actual,Train
2025-03-26,P010,2,-,Actual,Train
2025-03-27,P010,4,-,Actual,Train
2025-03-28,P010,2,-,Actual,Train
2025-03-29,P010,0,-,Actual,Train
2025-03-30,P010,3,-,Actual,Train
2025-03-31,P010,0,-,Actual,Train
2025-04-01,P010,0,-,Actual,Train
2025-04-02,P010,6,-,Actual,Train
2025-04-03,P010,6,-,Actual,Train
2025-04-04,P010,3,-,Actual,Train
2025-04-05,P010,0,-,Actual,Train
2025-04-06,P010,1,-,Actual,Train
2025-04-07,P010,0,-,Actual,Train
2025-04-08,P010,1,-,Actual,Train
2025-04-09,P010,3,-,Actual,Train
2025-04-10,P010,0,-,Actual,Train
2025-04-11,P010,1,-,Actual,Train
2025-04-12,P010,3,-,Actual,Train
2025-04-13,P010,5,-,Actual,Train
2025-04-14,P010,3,-,Actual,Train
2025-04-15,P010,0,-,Actual,Train
2025-04-16,P010,0,-,Actual,Train
2025-04-17,P010,0,-,Actual,Train
2025-04-18,P010,2,-,Actual,Train
2025-04-19,P010,0,-,Actual,Train
2025-04-20,P010,2,-,Actual,Train
2025-04-21,P010,3,-,Actual,Train
2025-04-22,P010,5,-,Actual,Train
2025-04-23,P010,5,-,Actual,Train
2025-04-24,P010,0,-,Actual,Train
2025-04-25,P010,0,-,Actual,Train
2025-04-26,P010,10,-,Actual,Train
2025-04-27,P010,0,-,Actual,Train
2025-04-28,P010,4,-,Actual,Train
2025-04-29,P010,2,-,Actual,Train
2025-04-30,P010,0,-,Actual,Train
2025-05-01,P010,7,-,Actual,Train
2025-05-02,P010,2,-,Actual,Train
2025-05-03,P010,0,-,Actual,Train
2025-05-04,P010,7,-,Actual,Train
2025-05-05,P010,0,-,Actual,Train
2025-05-06,P010,1,-,Actual,Train
2025-05-07,P010,0,-,Actual,Train
2025-05-08,P010,3,-,Actual,Train
2025-05-09,P010,3,-,Actual,Train
2025-05-10,P010,1,-,Actual,Train
2025-05-11,P010,3,-,Actual,Train
2025-05-12,P010,0,-,Actual,Train
2025-05-13,P010,3,-,Actual,Train
2025-05-14,P010,2,-,Actual,Train
2025-05-15,P010,8,-,Actual,Train
2025-05-16,P010,3,-,Actual,Train
2025-05-17,P010,3,-,Actual,Train
2025-05-18,P010,4,-,Actual,Train
2025-05-19,P010,1,-,Actual,Train
2025-05-20,P010,2,-,Actual,Train
2025-05-21,P010,0,-,Actual,Train
2025-05-22,P010,1,-,Actual,Train
2025-05-23,P010,4,-,Actual,Train
2025-05-24,P010,0,-,Actual,Train
2025-05-25,P010,0,-,Actual,Train
2025-05-26,P010,0,-,Actual,Train
2025-05-27,P010,0,-,Actual,Train
2025-05-28,P010,0,-,Actual,Train
2025-05-29,P010,0,-,Actual,Train
2025-05-30,P010,3,-,Actual,Train
2025-05-31,P010,7,-,Actual,Train
2025-06-01,P010,0,-,Actual,Train
2025-06-02,P010,5,-,Actual,Train
2025-06-03,P010,3,-,Actual,Train
2025-06-04,P010,6,-,Actual,Train
2025-06-05,P010,2,-,Actual,Train
2025-06-06,P010,3,-,Actual,Train
2025-06-07,P010,0,-,Actual,Train
2025-06-08,P010,0,-,Actual,Train
2025-06-09,P010,2,-,Actual,Train
2025-06-10,P010,2,-,Actual,Train
2025-06-11,P010,3,-,Actual,Train
2025-06-12,P010,0,-,Actual,Train
2025-06-13,P010,3,-,Actual,Train
2025-06-14,P010,0,-,Actual,Train
2025-06-15,P010,0,-,Actual,Train
2025-06-16,P010,0,-,Actual,Train
2025-06-17,P010,1,-,Actual,Train
2025-06-18,P010,1,-,Actual,Train
2025-06-19,P010,2,-,Actual,Train
2025-06-20,P010,4,-,Actual,Train
2025-06-21,P010,6,-,Actual,Train
2025-06-22,P010,1,-,Actual,Train
2025-06-23,P010,0,-,Actual,Train
2025-06-24,P010,5,-,Actual,Train
2025-06-25,P010,2,-,Actual,Train
2025-06-26,P010,0,-,Actual,Train
2025-06-27,P010,3,-,Actual,Train
2025-06-28,P010,7,-,Actual,Train
2025-06-29,P010,4,-,Actual,Train
2025-06-30,P010,1,-,Actual,Train
2025-07-01,P010,0,-,Actual,Train
2025-07-02,P010,1,-,Actual,Train
2025-07-03,P010,1,-,Actual,Train
2025-07-04,P010,0,-,Actual,Train
2025-07-05,P010,3,-,Actual,Train
2025-07-06,P010,6,-,Actual,Train
2025-07-07,P010,2,-,Actual,Train
2025-07-08,P010,5,-,Actual,Train
2025-07-09,P010,1,-,Actual,Train
2025-07-10,P010,2,-,Actual,Train
2025-07-11,P010,0,-,Actual,Train
2025-07-12,P010,2,-,Actual,Train
2025-07-13,P010,0,-,Actual,Train
2025-07-14,P010,3,-,Actual,Train
2025-07-15,P010,0,-,Actual,Train
2025-07-16,P010,0,-,Actual,Train
2025-07-17,P010,0,-,Actual,Train
2025-07-18,P010,2,-,Actual,Train
2025-07-19,P010,3,-,Actual,Train
2025-07-20,P010,0,-,Actual,Train
2025-07-21,P010,9,-,Actual,Train
2025-07-22,P010,0,-,Actual,Train
2025-07-23,P010,0,-,Actual,Train
2025-07-24,P010,3,-,Actual,Train
2025-07-25,P010,0,-,Actual,Train
2025-07-26,P010,0,-,Actual,Train
2025-07-27,P010,0,-,Actual,Train
2025-07-28,P010,0,-,Actual,Train
2025-07-29,P010,3,-,Actual,Train
2025-07-30,P010,0,-,Actual,Train
2025-07-31,P010,0,-,Actual,Train
2025-08-01,P010,0,-,Actual,Train
2025-08-02,P010,4,-,Actual,Train
2025-08-03,P010,2,-,Actual,Train
2025-08-04,P010,0,-,Actual,Train
2025-08-05,P010,2,-,Actual,Train
2025-08-06,P010,0,-,Actual,Train
2025-08-07,P010,3,-,Actual,Train
2025-08-08,P010,3,-,Actual,Train
2025-08-09,P010,0,-,Actual,Train
2025-08-10,P010,3,-,Actual,Train
2025-08-11,P010,2,-,Actual,Train
2025-08-12,P010,0,-,Actual,Train
2025-08-13,P010,4,-,Actual,Train
2025-08-14,P010,1,-,Actual,Train
2025-08-15,P010,0,-,Actual,Train
2025-08-16,P010,2,-,Actual,Train
2025-08-17,P010,3,-,Actual,Train
2025-08-18,P010,0,-,Actual,Train
2025-08-19,P010,3,-,Actual,Train
2025-08-20,P010,2,-,Actual,Train
2025-08-21,P010,5,-,Actual,Train
2025-08-22,P010,0,-,Actual,Train
2025-08-23,P010,4,-,Actual,Train
2025-08-24,P010,9,-,Actual,Train
2025-08-25,P010,5,-,Actual,Train
2025-08-26,P010,9,-,Actual,Train
2025-08-27,P010,7,-,Actual,Train
2025-08-28,P010,0,-,Actual,Train
2025-08-29,P010,0,-,Actual,Train
2025-08-30,P010,5,-,Actual,Train
2025-08-31,P010,1,-,Actual,Train
2025-09-01,P010,3,-,Actual,Train
2025-09-02,P010,0,-,Actual,Train
2025-09-03,P010,0,-,Actual,Train
2025-09-04,P010,1,-,Actual,Train
2025-09-05,P010,5,-,Actual,Train
2025-09-06,P010,0,-,Actual,Train
2025-09-07,P010,0,-,Actual,Train
2025-09-08,P010,1,-,Actual,Train
2025-09-09,P010,0,-,Actual,Train
2025-09-10,P010,0,-,Actual,Train
2025-09-11,P010,3,-,Actual,Train
2025-09-12,P010,2,-,Actual,Train
2025-09-13,P010,1,-,Actual,Train
2025-09-14,P010,0,-,Actual,Train
2025-01-08,P011,1,-,Actual,Train
2025-01-09,P011,3,-,Actual,Train
2025-01-10,P011,0,-,Actual,Train
2025-01-11,P011,3,-,Actual,Train
2025-01-12,P011,0,-,Actual,Train
2025-01-13,P011,3,-,Actual,Train
2025-01-14,P011,3,-,Actual,Train
2025-01-15,P011,2,-,Actual,Train
2025-01-16,P011,0,-,Actual,Train
2025-01-17,P011,0,-,Actual,Train
2025-01-18,P011,3,-,Actual,Train
2025-01-19,P011,0,-,Actual,Train
2025-01-20,P011,5,-,Actual,Train
2025-01-21,P011,2,-,Actual,Train
2025-01-22,P011,7,-,Actual,Train
2025-01-23,P011,2,-,Actual,Train
2025-01-24,P011,2,-,Actual,Train
2025-01-25,P011,1,-,Actual,Train
2025-01-26,P011,0,-,Actual,Train
2025-01-27,P011,0,-,Actual,Train
2025-01-28,P011,1,-,Actual,Train
2025-01-29,P011,0,-,Actual,Train
2025-01-30,P011,2,-,Actual,Train
2025-01-31,P011,1,-,Actual,Train
2025-02-01,P011,3,-,Actual,Train
2025-02-02,P011,1,-,Actual,Train
2025-02-03,P011,0,-,Actual,Train
2025-02-04,P011,3,-,Actual,Train
2025-02-05,P011,3,-,Actual,Train
2025-02-06,P011,0,-,Actual,Train
2025-02-07,P011,0,-,Actual,Train
2025-02-08,P011,0,-,Actual,Train
2025-02-09,P011,0,-,Actual,Train
2025-02-10,P011,1,-,Actual,Train
2025-02-11,P011,6,-,Actual,Train
2025-02-12,P011,0,-,Actual,Train
2025-02-13,P011,5,-,Actual,Train
2025-02-14,P011,0,-,Actual,Train
2025-02-15,P011,0,-,Actual,Train
2025-02-16,P011,3,-,Actual,Train
2025-02-17,P011,4,-,Actual,Train
2025-02-18,P011,0,-,Actual,Train
2025-02-19,P011,3,-,Actual,Train
2025-02-20,P011,4,-,Actual,Train
2025-02-21,P011,1,-,Actual,Train
2025-02-22,P011,2,-,Actual,Train
2025-02-23,P011,1,-,Actual,Train
2025-02-24,P011,8,-,Actual,Train
2025-02-25,P011,2,-,Actual,Train
2025-02-26,P011,5,-,Actual,Train
2025-02-27,P011,3,-,Actual,Train
2025-02-28,P011,3,-,Actual,Train
2025-03-01,P011,3,-,Actual,Train
2025-03-02,P011,3,-,Actual,Train
2025-03-03,P011,7,-,Actual,Train
2025-03-04,P011,7,-,Actual,Train
2025-03-05,P011,0,-,Actual,Train
2025-03-06,P011,1,-,Actual,Train
2025-03-07,P011,0,-,Actual,Train
2025-03-08,P011,0,-,Actual,Train
2025-03-09,P011,0,-,Actual,Train
2025-03-10,P011,3,-,Actual,Train
2025-03-11,P011,3,-,Actual,Train
2025-03-12,P011,0,-,Actual,Train
2025-03-13,P011,2,-,Actual,Train
2025-03-14,P011,0,-,Actual,Train
2025-03-15,P011,1,-,Actual,Train
2025-03-16,P011,2,-,Actual,Train
2025-03-17,P011,0,-,Actual,Train
2025-03-18,P011,5,-,Actual,Train
2025-03-19,P011,5,-,Actual,Train
2025-03-20,P011,5,-,Actual,Train
2025-03-21,P011,0,-,Actual,Train
2025-03-22,P011,2,-,Actual,Train
2025-03-23,P011,3,-,Actual,Train
2025-03-24,P011,4,-,Actual,Train
2025-03-25,P011,1,-,Actual,Train
2025-03-26,P011,2,-,Actual,Train
2025-03-27,P011,0,-,Actual,Train
2025-03-28,P011,0,-,Actual,Train
2025-03-29,P011,0,-,Actual,Train
2025-03-30,P011,0,-,Actual,Train
2025-03-31,P011,5,-,Actual,Train
2025-04-01,P011,0,-,Actual,Train
2025-04-02,P011,2,-,Actual,Train
2025-04-03,P011,3,-,Actual,Train
2025-04-04,P011,5,-,Actual,Train
2025-04-05,P011,0,-,Actual,Train
2025-04-06,P011,3,-,Actual,Train
2025-04-07,P011,0,-,Actual,Train
2025-04-08,P011,2,-,Actual,Train
2025-04-09,P011,2,-,Actual,Train
2025-04-10,P011,2,-,Actual,Train
2025-04-11,P011,3,-,Actual,Train
2025-04-12,P011,1,-,Actual,Train
2025-04-13,P011,3,-,Actual,Train
2025-04-14,P011,0,-,Actual,Train
2025-04-15,P011,3,-,Actual,Train
2025-04-16,P011,1,-,Actual,Train
2025-04-17,P011,3,-,Actual,Train
2025-04-18,P011,5,-,Actual,Train
2025-04-19,P011,7,-,Actual,Train
2025-04-20,P011,3,-,Actual,Train
2025-04-21,P011,7,-,Actual,Train
2025-04-22,P011,1,-,Actual,Train
2025-04-23,P011,7,-,Actual,Train
2025-04-24,P011,1,-,Actual,Train
2025-04-25,P011,9,-,Actual,Train
2025-04-26,P011,1,-,Actual,Train
2025-04-27,P011,2,-,Actual,Train
2025-04-28,P011,1,-,Actual,Train
2025-04-29,P011,4,-,Actual,Train
2025-04-30,P011,3,-,Actual,Train
2025-05-01,P011,3,-,Actual,Train
2025-05-02,P011,4,-,Actual,Train
2025-05-03,P011,1,-,Actual,Train
2025-05-04,P011,3,-,Actual,Train
2025-05-05,P011,0,-,Actual,Train
2025-05-06,P011,0,-,Actual,Train
2025-05-07,P011,3,-,Actual,Train
2025-05-08,P011,0,-,Actual,Train
2025-05-09,P011,0,-,Actual,Train
2025-05-10,P011,0,-,Actual,Train
2025-05-11,P011,3,-,Actual,Train
2025-05-12,P011,2,-,Actual,Train
2025-05-13,P011,3,-,Actual,Train
2025-05-14,P011,3,-,Actual,Train
2025-05-15,P011,1,-,Actual,Train
2025-05-16,P011,5,-,Actual,Train
2025-05-17,P011,1,-,Actual,Train
2025-05-18,P011,3,-,Actual,Train
2025-05-19,P011,0,-,Actual,Train
2025-05-20,P011,1,-,Actual,Train
2025-05-21,P011,0,-,Actual,Train
2025-05-22,P011,7,-,Actual,Train
2025-05-23,P011,6,-,Actual,Train
2025-05-24,P011,0,-,Actual,Train
2025-05-25,P011,2,-,Actual,Train
2025-05-26,P011,4,-,Actual,Train
2025-05-27,P011,5,-,Actual,Train
2025-05-28,P011,2,-,Actual,Train
2025-05-29,P011,0,-,Actual,Train
2025-05-30,P011,6,-,Actual,Train
2025-05-31,P011,0,-,Actual,Train
2025-06-01,P011,0,-,Actual,Train
2025-06-02,P011,1,-,Actual,Train
2025-06-03,P011,2,-,Actual,Train
2025-06-04,P011,5,-,Actual,Train
2025-06-05,P011,5,-,Actual,Train
2025-06-06,P011,3,-,Actual,Train
2025-06-07,P011,4,-,Actual,Train
2025-06-08,P011,2,-,Actual,Train
2025-06-09,P011,0,-,Actual,Train
2025-06-10,P011,5,-,Actual,Train
2025-06-11,P011,2,-,Actual,Train
2025-06-12,P011,0,-,Actual,Train
2025-06-13,P011,2,-,Actual,Train
2025-06-14,P011,7,-,Actual,Train
2025-06-15,P011,0,-,Actual,Train
2025-06-16,P011,3,-,Actual,Train
2025-06-17,P011,5,-,Actual,Train
2025-06-18,P011,1,-,Actual,Train
2025-06-19,P011,3,-,Actual,Train
2025-06-20,P011,1,-,Actual,Train
2025-06-21,P011,0,-,Actual,Train
2025-06-22,P011,0,-,Actual,Train
2025-06-23,P011,3,-,Actual,Train
2025-06-24,P011,1,-,Actual,Train
2025-06-25,P011,0,-,Actual,Train
2025-06-26,P011,2,-,Actual,Train
2025-06-27,P011,0,-,Actual,Train
2025-06-28,P011,1,-,Actual,Train
2025-06-29,P011,7,-,Actual,Train
2025-06-30,P011,5,-,Actual,Train
2025-07-01,P011,1,-,Actual,Train
2025-07-02,P011,0,-,Actual,Train
2025-07-03,P011,0,-,Actual,Train
2025-07-04,P011,3,-,Actual,Train
2025-07-05,P011,6,-,Actual,Train
2025-07-06,P011,0,-,Actual,Train
2025-07-07,P011,4,-,Actual,Train
2025-07-08,P011,0,-,Actual,Train
2025-07-09,P011,0,-,Actual,Train
2025-07-10,P011,3,-,Actual,Train
2025-07-11,P011,0,-,Actual,Train
2025-07-12,P011,3,-,Actual,Train
2025-07-13,P011,1,-,Actual,Train
2025-07-14,P011,0,-,Actual,Train
2025-07-15,P011,3,-,Actual,Train
2025-07-16,P011,2,-,Actual,Train
2025-07-17,P011,6,-,Actual,Train
2025-07-18,P011,3,-,Actual,Train
2025-07-19,P011,9,-,Actual,Train
2025-07-20,P011,0,-,Actual,Train
2025-07-21,P011,4,-,Actual,Train
2025-07-22,P011,2,-,Actual,Train
2025-07-23,P011,0,-,Actual,Train
2025-07-24,P011,0,-,Actual,Train
2025-07-25,P011,2,-,Actual,Train
2025-07-26,P011,0,-,Actual,Train
2025-07-27,P011,0,-,Actual,Train
2025-07-28,P011,0,-,Actual,Train
2025-07-29,P011,2,-,Actual,Train
2025-07-30,P011,6,-,Actual,Train
2025-07-31,P011,0,-,Actual,Train
2025-08-01,P011,0,-,Actual,Train
2025-08-02,P011,1,-,Actual,Train
2025-08-03,P011,7,-,Actual,Train
2025-08-04,P011,4,-,Actual,Train
2025-08-05,P011,3,-,Actual,Train
2025-08-06,P011,0,-,Actual,Train
2025-08-07,P011,4,-,Actual,Train
2025-08-08,P011,6,-,Actual,Train
2025-08-09,P011,1,-,Actual,Train
2025-08-10,P011,2,-,Actual,Train
2025-08-11,P011,3,-,Actual,Train
2025-08-12,P011,5,-,Actual,Train
2025-08-13,P011,0,-,Actual,Train
2025-08-14,P011,3,-,Actual,Train
2025-08-15,P011,0,-,Actual,Train
2025-08-16,P011,3,-,Actual,Train
2025-08-17,P011,2,-,Actual,Train
2025-08-18,P011,0,-,Actual,Train
2025-08-19,P011,0,-,Actual,Train
2025-08-20,P011,4,-,Actual,Train
2025-08-21,P011,1,-,Actual,Train
2025-08-22,P011,10,-,Actual,Train
2025-08-23,P011,0,-,Actual,Train
2025-08-24,P011,8,-,Actual,Train
2025-08-25,P011,8,-,Actual,Train
2025-08-26,P011,2,-,Actual,Train
2025-08-27,P011,3,-,Actual,Train
2025-08-28,P011,3,-,Actual,Train
2025-08-29,P011,0,-,Actual,Train
2025-08-30,P011,0,-,Actual,Train
2025-08-31,P011,2,-,Actual,Train
2025-09-01,P011,1,-,Actual,Train
2025-09-02,P011,4,-,Actual,Train
2025-09-03,P011,1,-,Actual,Train
2025-09-04,P011,0,-,Actual,Train
2025-09-05,P011,2,-,Actual,Train
2025-09-06,P011,0,-,Actual,Train
2025-09-07,P011,1,-,Actual,Train
2025-09-08,P011,1,-,Actual,Train
2025-09-09,P011,2,-,Actual,Train
2025-09-10,P011,0,-,Actual,Train
2025-09-11,P011,0,-,Actual,Train
2025-09-12,P011,1,-,Actual,Train
2025-09-13,P011,5,-,Actual,Train
2025-09-14,P011,0,-,Actual,Train
2025-01-08,P012,1,-,Actual,Train
2025-01-09,P012,2,-,Actual,Train
2025-01-10,P012,0,-,Actual,Train
2025-01-11,P012,0,-,Actual,Train
2025-01-12,P012,2,-,Actual,Train
2025-01-13,P012,4,-,Actual,Train
2025-01-14,P012,0,-,Actual,Train
2025-01-15,P012,6,-,Actual,Train
2025-01-16,P012,0,-,Actual,Train
2025-01-17,P012,0,-,Actual,Train
2025-01-18,P012,6,-,Actual,Train
2025-01-19,P012,0,-,Actual,Train
2025-01-20,P012,1,-,Actual,Train
2025-01-21,P012,3,-,Actual,Train
2025-01-22,P012,3,-,Actual,Train
2025-01-23,P012,3,-,Actual,Train
2025-01-24,P012,3,-,Actual,Train
2025-01-25,P012,0,-,Actual,Train
2025-01-26,P012,0,-,Actual,Train
2025-01-27,P012,2,-,Actual,Train
2025-01-28,P012,3,-,Actual,Train
2025-01-29,P012,5,-,Actual,Train
2025-01-30,P012,3,-,Actual,Train
2025-01-31,P012,0,-,Actual,Train
2025-02-01,P012,7,-,Actual,Train
2025-02-02,P012,0,-,Actual,Train
2025-02-03,P012,0,-,Actual,Train
2025-02-04,P012,0,-,Actual,Train
2025-02-05,P012,5,-,Actual,Train
2025-02-06,P012,2,-,Actual,Train
2025-02-07,P012,0,-,Actual,Train
2025-02-08,P012,1,-,Actual,Train
2025-02-09,P012,3,-,Actual,Train
2025-02-10,P012,0,-,Actual,Train
2025-02-11,P012,0,-,Actual,Train
2025-02-12,P012,0,-,Actual,Train
2025-02-13,P012,2,-,Actual,Train
2025-02-14,P012,0,-,Actual,Train
2025-02-15,P012,1,-,Actual,Train
2025-02-16,P012,4,-,Actual,Train
2025-02-17,P012,2,-,Actual,Train
2025-02-18,P012,0,-,Actual,Train
2025-02-19,P012,4,-,Actual,Train
2025-02-20,P012,1,-,Actual,Train
2025-02-21,P012,0,-,Actual,Train
2025-02-22,P012,4,-,Actual,Train
2025-02-23,P012,4,-,Actual,Train
2025-02-24,P012,4,-,Actual,Train
2025-02-25,P012,2,-,Actual,Train
2025-02-26,P012,3,-,Actual,Train
2025-02-27,P012,1,-,Actual,Train
2025-02-28,P012,0,-,Actual,Train
2025-03-01,P012,4,-,Actual,Train
2025-03-02,P012,0,-,Actual,Train
2025-03-03,P012,1,-,Actual,Train
2025-03-04,P012,1,-,Actual,Train
2025-03-05,P012,4,-,Actual,Train
2025-03-06,P012,5,-,Actual,Train
2025-03-07,P012,0,-,Actual,Train
2025-03-08,P012,6,-,Actual,Train
2025-03-09,P012,0,-,Actual,Train
2025-03-10,P012,1,-,Actual,Train
2025-03-11,P012,1,-,Actual,Train
2025-03-12,P012,1,-,Actual,Train
2025-03-13,P012,1,-,Actual,Train
2025-03-14,P012,0,-,Actual,Train
2025-03-15,P012,6,-,Actual,Train
2025-03-16,P012,0,-,Actual,Train
2025-03-17,P012,1,-,Actual,Train
2025-03-18,P012,0,-,Actual,Train
2025-03-19,P012,1,-,Actual,Train
2025-03-20,P012,3,-,Actual,Train
2025-03-21,P012,2,-,Actual,Train
2025-03-22,P012,0,-,Actual,Train
2025-03-23,P012,0,-,Actual,Train
2025-03-24,P012,5,-,Actual,Train
2025-03-25,P012,3,-,Actual,Train
2025-03-26,P012,3,-,Actual,Train
2025-03-27,P012,10,-,Actual,Train
2025-03-28,P012,2,-,Actual,Train
2025-03-29,P012,0,-,Actual,Train
2025-03-30,P012,3,-,Actual,Train
2025-03-31,P012,0,-,Actual,Train
2025-04-01,P012,2,-,Actual,Train
2025-04-02,P012,3,-,Actual,Train
2025-04-03,P012,3,-,Actual,Train
2025-04-04,P012,0,-,Actual,Train
2025-04-05,P012,2,-,Actual,Train
2025-04-06,P012,0,-,Actual,Train
2025-04-07,P012,0,-,Actual,Train
2025-04-08,P012,3,-,Actual,Train
2025-04-09,P012,4,-,Actual,Train
2025-04-10,P012,0,-,Actual,Train
2025-04-11,P012,2,-,Actual,Train
2025-04-12,P012,2,-,Actual,Train
2025-04-13,P012,3,-,Actual,Train
2025-04-14,P012,0,-,Actual,Train
2025-04-15,P012,3,-,Actual,Train
2025-04-16,P012,0,-,Actual,Train
2025-04-17,P012,0,-,Actual,Train
2025-04-18,P012,6,-,Actual,Train
2025-04-19,P012,0,-,Actual,Train
2025-04-20,P012,1,-,Actual,Train
2025-04-21,P012,2,-,Actual,Train
2025-04-22,P012,0,-,Actual,Train
2025-04-23,P012,3,-,Actual,Train
2025-04-24,P012,0,-,Actual,Train
2025-04-25,P012,4,-,Actual,Train
2025-04-26,P012,5,-,Actual,Train
2025-04-27,P012,3,-,Actual,Train
2025-04-28,P012,1,-,Actual,Train
2025-04-29,P012,1,-,Actual,Train
2025-04-30,P012,3,-,Actual,Train
2025-05-01,P012,3,-,Actual,Train
2025-05-02,P012,0,-,Actual,Train
2025-05-03,P012,0,-,Actual,Train
2025-05-04,P012,2,-,Actual,Train
2025-05-05,P012,0,-,Actual,Train
2025-05-06,P012,2,-,Actual,Train
2025-05-07,P012,0,-,Actual,Train
2025-05-08,P012,3,-,Actual,Train
2025-05-09,P012,5,-,Actual,Train
2025-05-10,P012,0,-,Actual,Train
2025-05-11,P012,4,-,Actual,Train
2025-05-12,P012,0,-,Actual,Train
2025-05-13,P012,2,-,Actual,Train
2025-05-14,P012,0,-,Actual,Train
2025-05-15,P012,2,-,Actual,Train
2025-05-16,P012,0,-,Actual,Train
2025-05-17,P012,3,-,Actual,Train
2025-05-18,P012,0,-,Actual,Train
2025-05-19,P012,5,-,Actual,Train
2025-05-20,P012,4,-,Actual,Train
2025-05-21,P012,0,-,Actual,Train
2025-05-22,P012,4,-,Actual,Train
2025-05-23,P012,0,-,Actual,Train
2025-05-24,P012,0,-,Actual,Train
2025-05-25,P012,3,-,Actual,Train
2025-05-26,P012,2,-,Actual,Train
2025-05-27,P012,6,-,Actual,Train
2025-05-28,P012,0,-,Actual,Train
2025-05-29,P012,0,-,Actual,Train
2025-05-30,P012,0,-,Actual,Train
2025-05-31,P012,0,-,Actual,Train
2025-06-01,P012,0,-,Actual,Train
2025-06-02,P012,2,-,Actual,Train
2025-06-03,P012,4,-,Actual,Train
2025-06-04,P012,2,-,Actual,Train
2025-06-05,P012,0,-,Actual,Train
2025-06-06,P012,3,-,Actual,Train
2025-06-07,P012,0,-,Actual,Train
2025-06-08,P012,3,-,Actual,Train
2025-06-09,P012,0,-,Actual,Train
2025-06-10,P012,0,-,Actual,Train
2025-06-11,P012,2,-,Actual,Train
2025-06-12,P012,3,-,Actual,Train
2025-06-13,P012,3,-,Actual,Train
2025-06-14,P012,0,-,Actual,Train
2025-06-15,P012,7,-,Actual,Train
2025-06-16,P012,6,-,Actual,Train
2025-06-17,P012,1,-,Actual,Train
2025-06-18,P012,3,-,Actual,Train
2025-06-19,P012,3,-,Actual,Train
2025-06-20,P012,3,-,Actual,Train
2025-06-21,P012,2,-,Actual,Train
2025-06-22,P012,1,-,Actual,Train
2025-06-23,P012,0,-,Actual,Train
2025-06-24,P012,4,-,Actual,Train
2025-06-25,P012,7,-,Actual,Train
2025-06-26,P012,1,-,Actual,Train
2025-06-27,P012,5,-,Actual,Train
2025-06-28,P012,0,-,Actual,Train
2025-06-29,P012,0,-,Actual,Train
2025-06-30,P012,1,-,Actual,Train
2025-07-01,P012,0,-,Actual,Train
2025-07-02,P012,1,-,Actual,Train
2025-07-03,P012,3,-,Actual,Train
2025-07-04,P012,0,-,Actual,Train
2025-07-05,P012,5,-,Actual,Train
2025-07-06,P012,1,-,Actual,Train
2025-07-07,P012,0,-,Actual,Train
2025-07-08,P012,3,-,Actual,Train
2025-07-09,P012,10,-,Actual,Train
2025-07-10,P012,1,-,Actual,Train
2025-07-11,P012,3,-,Actual,Train
2025-07-12,P012,0,-,Actual,Train
2025-07-13,P012,3,-,Actual,Train
2025-07-14,P012,2,-,Actual,Train
2025-07-15,P012,0,-,Actual,Train
2025-07-16,P012,0,-,Actual,Train
2025-07-17,P012,0,-,Actual,Train
2025-07-18,P012,1,-,Actual,Train
2025-07-19,P012,3,-,Actual,Train
2025-07-20,P012,0,-,Actual,Train
2025-07-21,P012,3,-,Actual,Train
2025-07-22,P012,0,-,Actual,Train
2025-07-23,P012,0,-,Actual,Train
2025-07-24,P012,3,-,Actual,Train
2025-07-25,P012,2,-,Actual,Train
2025-07-26,P012,0,-,Actual,Train
2025-07-27,P012,0,-,Actual,Train
2025-07-28,P012,5,-,Actual,Train
2025-07-29,P012,4,-,Actual,Train
2025-07-30,P012,2,-,Actual,Train
2025-07-31,P012,0,-,Actual,Train
2025-08-01,P012,4,-,Actual,Train
2025-08-02,P012,0,-,Actual,Train
2025-08-03,P012,0,-,Actual,Train
2025-08-04,P012,0,-,Actual,Train
2025-08-05,P012,0,-,Actual,Train
2025-08-06,P012,5,-,Actual,Train
2025-08-07,P012,0,-,Actual,Train
2025-08-08,P012,4,-,Actual,Train
2025-08-09,P012,4,-,Actual,Train
2025-08-10,P012,0,-,Actual,Train
2025-08-11,P012,6,-,Actual,Train
2025-08-12,P012,0,-,Actual,Train
2025-08-13,P012,0,-,Actual,Train
2025-08-14,P012,0,-,Actual,Train
2025-08-15,P012,0,-,Actual,Train
2025-08-16,P012,3,-,Actual,Train
2025-08-17,P012,3,-,Actual,Train
2025-08-18,P012,0,-,Actual,Train
2025-08-19,P012,3,-,Actual,Train
2025-08-20,P012,0,-,Actual,Train
2025-08-21,P012,2,-,Actual,Train
2025-08-22,P012,3,-,Actual,Train
2025-08-23,P012,0,-,Actual,Train
2025-08-24,P012,3,-,Actual,Train
2025-08-25,P012,2,-,Actual,Train
2025-08-26,P012,8,-,Actual,Train
2025-08-27,P012,0,-,Actual,Train
2025-08-28,P012,0,-,Actual,Train
2025-08-29,P012,0,-,Actual,Train
2025-08-30,P012,0,-,Actual,Train
2025-08-31,P012,8,-,Actual,Train
2025-09-01,P012,0,-,Actual,Train
2025-09-02,P012,6,-,Actual,Train
2025-09-03,P012,3,-,Actual,Train
2025-09-04,P012,0,-,Actual,Train
2025-09-05,P012,3,-,Actual,Train
2025-09-06,P012,0,-,Actual,Train
2025-09-07,P012,4,-,Actual,Train
2025-09-08,P012,0,-,Actual,Train
2025-09-09,P012,0,-,Actual,Train
2025-09-10,P012,2,-,Actual,Train
2025-09-11,P012,0,-,Actual,Train
2025-09-12,P012,0,-,Actual,Train
2025-09-13,P012,5,-,Actual,Train
2025-09-14,P012,3,-,Actual,Train
2025-01-08,P013,2,-,Actual,Train
2025-01-09,P013,5,-,Actual,Train
2025-01-10,P013,0,-,Actual,Train
2025-01-11,P013,3,-,Actual,Train
2025-01-12,P013,1,-,Actual,Train
2025-01-13,P013,2,-,Actual,Train
2025-01-14,P013,1,-,Actual,Train
2025-01-15,P013,3,-,Actual,Train
2025-01-16,P013,0,-,Actual,Train
2025-01-17,P013,0,-,Actual,Train
2025-01-18,P013,0,-,Actual,Train
2025-01-19,P013,0,-,Actual,Train
2025-01-20,P013,0,-,Actual,Train
2025-01-21,P013,3,-,Actual,Train
2025-01-22,P013,3,-,Actual,Train
2025-01-23,P013,1,-,Actual,Train
2025-01-24,P013,0,-,Actual,Train
2025-01-25,P013,1,-,Actual,Train
2025-01-26,P013,1,-,Actual,Train
2025-01-27,P013,0,-,Actual,Train
2025-01-28,P013,0,-,Actual,Train
2025-01-29,P013,4,-,Actual,Train
2025-01-30,P013,5,-,Actual,Train
2025-01-31,P013,0,-,Actual,Train
2025-02-01,P013,0,-,Actual,Train
2025-02-02,P013,3,-,Actual,Train
2025-02-03,P013,5,-,Actual,Train
2025-02-04,P013,0,-,Actual,Train
2025-02-05,P013,0,-,Actual,Train
2025-02-06,P013,6,-,Actual,Train
2025-02-07,P013,6,-,Actual,Train
2025-02-08,P013,2,-,Actual,Train
2025-02-09,P013,2,-,Actual,Train
2025-02-10,P013,0,-,Actual,Train
2025-02-11,P013,1,-,Actual,Train
2025-02-12,P013,3,-,Actual,Train
2025-02-13,P013,4,-,Actual,Train
2025-02-14,P013,2,-,Actual,Train
2025-02-15,P013,0,-,Actual,Train
2025-02-16,P013,0,-,Actual,Train
2025-02-17,P013,3,-,Actual,Train
2025-02-18,P013,0,-,Actual,Train
2025-02-19,P013,1,-,Actual,Train
2025-02-20,P013,5,-,Actual,Train
2025-02-21,P013,1,-,Actual,Train
2025-02-22,P013,2,-,Actual,Train
2025-02-23,P013,2,-,Actual,Train
2025-02-24,P013,2,-,Actual,Train
2025-02-25,P013,2,-,Actual,Train
2025-02-26,P013,1,-,Actual,Train
2025-02-27,P013,1,-,Actual,Train
2025-02-28,P013,0,-,Actual,Train
2025-03-01,P013,3,-,Actual,Train
2025-03-02,P013,0,-,Actual,Train
2025-03-03,P013,3,-,Actual,Train
2025-03-04,P013,5,-,Actual,Train
2025-03-05,P013,3,-,Actual,Train
2025-03-06,P013,4,-,Actual,Train
2025-03-07,P013,0,-,Actual,Train
2025-03-08,P013,3,-,Actual,Train
2025-03-09,P013,3,-,Actual,Train
2025-03-10,P013,2,-,Actual,Train
2025-03-11,P013,3,-,Actual,Train
2025-03-12,P013,4,-,Actual,Train
2025-03-13,P013,0,-,Actual,Train
2025-03-14,P013,5,-,Actual,Train
2025-03-15,P013,7,-,Actual,Train
2025-03-16,P013,1,-,Actual,Train
2025-03-17,P013,0,-,Actual,Train
2025-03-18,P013,1,-,Actual,Train
2025-03-19,P013,1,-,Actual,Train
2025-03-20,P013,0,-,Actual,Train
2025-03-21,P013,9,-,Actual,Train
2025-03-22,P013,0,-,Actual,Train
2025-03-23,P013,0,-,Actual,Train
2025-03-24,P013,4,-,Actual,Train
2025-03-25,P013,0,-,Actual,Train
2025-03-26,P013,3,-,Actual,Train
2025-03-27,P013,3,-,Actual,Train
2025-03-28,P013,5,-,Actual,Train
2025-03-29,P013,0,-,Actual,Train
2025-03-30,P013,3,-,Actual,Train
2025-03-31,P013,0,-,Actual,Train
2025-04-01,P013,0,-,Actual,Train
2025-04-02,P013,3,-,Actual,Train
2025-04-03,P013,4,-,Actual,Train
2025-04-04,P013,5,-,Actual,Train
2025-04-05,P013,1,-,Actual,Train
2025-04-06,P013,1,-,Actual,Train
2025-04-07,P013,3,-,Actual,Train
2025-04-08,P013,0,-,Actual,Train
2025-04-09,P013,3,-,Actual,Train
2025-04-10,P013,4,-,Actual,Train
2025-04-11,P013,0,-,Actual,Train
2025-04-12,P013,2,-,Actual,Train
2025-04-13,P013,1,-,Actual,Train
2025-04-14,P013,0,-,Actual,Train
2025-04-15,P013,4,-,Actual,Train
2025-04-16,P013,1,-,Actual,Train
2025-04-17,P013,3,-,Actual,Train
2025-04-18,P013,0,-,Actual,Train
2025-04-19,P013,0,-,Actual,Train
2025-04-20,P013,2,-,Actual,Train
2025-04-21,P013,1,-,Actual,Train
2025-04-22,P013,0,-,Actual,Train
2025-04-23,P013,3,-,Actual,Train
2025-04-24,P013,2,-,Actual,Train
2025-04-25,P013,0,-,Actual,Train
2025-04-26,P013,1,-,Actual,Train
2025-04-27,P013,2,-,Actual,Train
2025-04-28,P013,3,-,Actual,Train
2025-04-29,P013,4,-,Actual,Train
2025-04-30,P013,0,-,Actual,Train
2025-05-01,P013,0,-,Actual,Train
2025-05-02,P013,3,-,Actual,Train
2025-05-03,P013,2,-,Actual,Train
2025-05-04,P013,1,-,Actual,Train
2025-05-05,P013,4,-,Actual,Train
2025-05-06,P013,0,-,Actual,Train
2025-05-07,P013,1,-,Actual,Train
2025-05-08,P013,0,-,Actual,Train
2025-05-09,P013,5,-,Actual,Train
2025-05-10,P013,3,-,Actual,Train
2025-05-11,P013,0,-,Actual,Train
2025-05-12,P013,2,-,Actual,Train
2025-05-13,P013,5,-,Actual,Train
2025-05-14,P013,0,-,Actual,Train
2025-05-15,P013,1,-,Actual,Train
2025-05-16,P013,2,-,Actual,Train
2025-05-17,P013,3,-,Actual,Train
2025-05-18,P013,0,-,Actual,Train
2025-05-19,P013,0,-,Actual,Train
2025-05-20,P013,3,-,Actual,Train
2025-05-21,P013,3,-,Actual,Train
2025-05-22,P013,5,-,Actual,Train
2025-05-23,P013,0,-,Actual,Train
2025-05-24,P013,4,-,Actual,Train
2025-05-25,P013,2,-,Actual,Train
2025-05-26,P013,2,-,Actual,Train
2025-05-27,P013,3,-,Actual,Train
2025-05-28,P013,0,-,Actual,Train
2025-05-29,P013,2,-,Actual,Train
2025-05-30,P013,0,-,Actual,Train
2025-05-31,P013,2,-,Actual,Train
2025-06-01,P013,0,-,Actual,Train
2025-06-02,P013,0,-,Actual,Train
2025-06-03,P013,6,-,Actual,Train
2025-06-04,P013,4,-,Actual,Train
2025-06-05,P013,5,-,Actual,Train
2025-06-06,P013,9,-,Actual,Train
2025-06-07,P013,0,-,Actual,Train
2025-06-08,P013,1,-,Actual,Train
2025-06-09,P013,3,-,Actual,Train
2025-06-10,P013,2,-,Actual,Train
2025-06-11,P013,5,-,Actual,Train
2025-06-12,P013,0,-,Actual,Train
2025-06-13,P013,0,-,Actual,Train
2025-06-14,P013,3,-,Actual,Train
2025-06-15,P013,1,-,Actual,Train
2025-06-16,P013,5,-,Actual,Train
2025-06-17,P013,4,-,Actual,Train
2025-06-18,P013,3,-,Actual,Train
2025-06-19,P013,3,-,Actual,Train
2025-06-20,P013,1,-,Actual,Train
2025-06-21,P013,2,-,Actual,Train
2025-06-22,P013,6,-,Actual,Train
2025-06-23,P013,3,-,Actual,Train
2025-06-24,P013,6,-,Actual,Train
2025-06-25,P013,6,-,Actual,Train
2025-06-26,P013,2,-,Actual,Train
2025-06-27,P013,5,-,Actual,Train
2025-06-28,P013,0,-,Actual,Train
2025-06-29,P013,6,-,Actual,Train
2025-06-30,P013,2,-,Actual,Train
2025-07-01,P013,3,-,Actual,Train
2025-07-02,P013,3,-,Actual,Train
2025-07-03,P013,0,-,Actual,Train
2025-07-04,P013,5,-,Actual,Train
2025-07-05,P013,0,-,Actual,Train
2025-07-06,P013,0,-,Actual,Train
2025-07-07,P013,4,-,Actual,Train
2025-07-08,P013,0,-,Actual,Train
2025-07-09,P013,2,-,Actual,Train
2025-07-10,P013,3,-,Actual,Train
2025-07-11,P013,3,-,Actual,Train
2025-07-12,P013,4,-,Actual,Train
2025-07-13,P013,2,-,Actual,Train
2025-07-14,P013,0,-,Actual,Train
2025-07-15,P013,1,-,Actual,Train
2025-07-16,P013,2,-,Actual,Train
2025-07-17,P013,5,-,Actual,Train
2025-07-18,P013,0,-,Actual,Train
2025-07-19,P013,0,-,Actual,Train
2025-07-20,P013,3,-,Actual,Train
2025-07-21,P013,0,-,Actual,Train
2025-07-22,P013,3,-,Actual,Train
2025-07-23,P013,3,-,Actual,Train
2025-07-24,P013,1,-,Actual,Train
2025-07-25,P013,3,-,Actual,Train
2025-07-26,P013,0,-,Actual,Train
2025-07-27,P013,0,-,Actual,Train
2025-07-28,P013,0,-,Actual,Train
2025-07-29,P013,6,-,Actual,Train
2025-07-30,P013,3,-,Actual,Train
2025-07-31,P013,0,-,Actual,Train
2025-08-01,P013,0,-,Actual,Train
2025-08-02,P013,5,-,Actual,Train
2025-08-03,P013,0,-,Actual,Train
2025-08-04,P013,1,-,Actual,Train
2025-08-05,P013,0,-,Actual,Train
2025-08-06,P013,0,-,Actual,Train
2025-08-07,P013,3,-,Actual,Train
2025-08-08,P013,0,-,Actual,Train
2025-08-09,P013,3,-,Actual,Train
2025-08-10,P013,0,-,Actual,Train
2025-08-11,P013,0,-,Actual,Train
2025-08-12,P013,0,-,Actual,Train
2025-08-13,P013,3,-,Actual,Train
2025-08-14,P013,0,-,Actual,Train
2025-08-15,P013,0,-,Actual,Train
2025-08-16,P013,1,-,Actual,Train
2025-08-17,P013,0,-,Actual,Train
2025-08-18,P013,0,-,Actual,Train
2025-08-19,P013,2,-,Actual,Train
2025-08-20,P013,4,-,Actual,Train
2025-08-21,P013,1,-,Actual,Train
2025-08-22,P013,2,-,Actual,Train
2025-08-23,P013,5,-,Actual,Train
2025-08-24,P013,7,-,Actual,Train
2025-08-25,P013,2,-,Actual,Train
2025-08-26,P013,0,-,Actual,Train
2025-08-27,P013,5,-,Actual,Train
2025-08-28,P013,4,-,Actual,Train
2025-08-29,P013,0,-,Actual,Train
2025-08-30,P013,2,-,Actual,Train
2025-08-31,P013,2,-,Actual,Train
2025-09-01,P013,1,-,Actual,Train
2025-09-02,P013,0,-,Actual,Train
2025-09-03,P013,4,-,Actual,Train
2025-09-04,P013,0,-,Actual,Train
2025-09-05,P013,3,-,Actual,Train
2025-09-06,P013,0,-,Actual,Train
2025-09-07,P013,0,-,Actual,Train
2025-09-08,P013,2,-,Actual,Train
2025-09-09,P013,0,-,Actual,Train
2025-09-10,P013,1,-,Actual,Train
2025-09-11,P013,3,-,Actual,Train
2025-09-12,P013,0,-,Actual,Train
2025-09-13,P013,6,-,Actual,Train
2025-09-14,P013,2,-,Actual,Train
2025-01-08,P014,2,-,Actual,Train
2025-01-09,P014,1,-,Actual,Train
2025-01-10,P014,0,-,Actual,Train
2025-01-11,P014,2,-,Actual,Train
2025-01-12,P014,5,-,Actual,Train
2025-01-13,P014,1,-,Actual,Train
2025-01-14,P014,0,-,Actual,Train
2025-01-15,P014,2,-,Actual,Train
2025-01-16,P014,4,-,Actual,Train
2025-01-17,P014,0,-,Actual,Train
2025-01-18,P014,4,-,Actual,Train
2025-01-19,P014,2,-,Actual,Train
2025-01-20,P014,2,-,Actual,Train
2025-01-21,P014,6,-,Actual,Train
2025-01-22,P014,1,-,Actual,Train
2025-01-23,P014,4,-,Actual,Train
2025-01-24,P014,1,-,Actual,Train
2025-01-25,P014,0,-,Actual,Train
2025-01-26,P014,0,-,Actual,Train
2025-01-27,P014,0,-,Actual,Train
2025-01-28,P014,1,-,Actual,Train
2025-01-29,P014,0,-,Actual,Train
2025-01-30,P014,4,-,Actual,Train
2025-01-31,P014,5,-,Actual,Train
2025-02-01,P014,4,-,Actual,Train
2025-02-02,P014,5,-,Actual,Train
2025-02-03,P014,2,-,Actual,Train
2025-02-04,P014,2,-,Actual,Train
2025-02-05,P014,0,-,Actual,Train
2025-02-06,P014,1,-,Actual,Train
2025-02-07,P014,2,-,Actual,Train
2025-02-08,P014,8,-,Actual,Train
2025-02-09,P014,1,-,Actual,Train
2025-02-10,P014,5,-,Actual,Train
2025-02-11,P014,0,-,Actual,Train
2025-02-12,P014,0,-,Actual,Train
2025-02-13,P014,4,-,Actual,Train
2025-02-14,P014,0,-,Actual,Train
2025-02-15,P014,4,-,Actual,Train
2025-02-16,P014,0,-,Actual,Train
2025-02-17,P014,0,-,Actual,Train
2025-02-18,P014,2,-,Actual,Train
2025-02-19,P014,6,-,Actual,Train
2025-02-20,P014,10,-,Actual,Train
2025-02-21,P014,0,-,Actual,Train
2025-02-22,P014,2,-,Actual,Train
2025-02-23,P014,4,-,Actual,Train
2025-02-24,P014,3,-,Actual,Train
2025-02-25,P014,2,-,Actual,Train
2025-02-26,P014,0,-,Actual,Train
2025-02-27,P014,1,-,Actual,Train
2025-02-28,P014,2,-,Actual,Train
2025-03-01,P014,0,-,Actual,Train
2025-03-02,P014,3,-,Actual,Train
2025-03-03,P014,5,-,Actual,Train
2025-03-04,P014,2,-,Actual,Train
2025-03-05,P014,0,-,Actual,Train
2025-03-06,P014,4,-,Actual,Train
2025-03-07,P014,6,-,Actual,Train
2025-03-08,P014,4,-,Actual,Train
2025-03-09,P014,7,-,Actual,Train
2025-03-10,P014,2,-,Actual,Train
2025-03-11,P014,2,-,Actual,Train
2025-03-12,P014,3,-,Actual,Train
2025-03-13,P014,2,-,Actual,Train
2025-03-14,P014,0,-,Actual,Train
2025-03-15,P014,0,-,Actual,Train
2025-03-16,P014,3,-,Actual,Train
2025-03-17,P014,1,-,Actual,Train
2025-03-18,P014,4,-,Actual,Train
2025-03-19,P014,0,-,Actual,Train
2025-03-20,P014,0,-,Actual,Train
2025-03-21,P014,0,-,Actual,Train
2025-03-22,P014,0,-,Actual,Train
2025-03-23,P014,0,-,Actual,Train
2025-03-24,P014,4,-,Actual,Train
2025-03-25,P014,6,-,Actual,Train
2025-03-26,P014,6,-,Actual,Train
2025-03-27,P014,3,-,Actual,Train
2025-03-28,P014,2,-,Actual,Train
2025-03-29,P014,1,-,Actual,Train
2025-03-30,P014,0,-,Actual,Train
2025-03-31,P014,0,-,Actual,Train
2025-04-01,P014,2,-,Actual,Train
2025-04-02,P014,5,-,Actual,Train
2025-04-03,P014,1,-,Actual,Train
2025-04-04,P014,3,-,Actual,Train
2025-04-05,P014,8,-,Actual,Train
2025-04-06,P014,2,-,Actual,Train
2025-04-07,P014,0,-,Actual,Train
2025-04-08,P014,0,-,Actual,Train
2025-04-09,P014,1,-,Actual,Train
2025-04-10,P014,2,-,Actual,Train
2025-04-11,P014,0,-,Actual,Train
2025-04-12,P014,2,-,Actual,Train
2025-04-13,P014,3,-,Actual,Train
2025-04-14,P014,8,-,Actual,Train
2025-04-15,P014,9,-,Actual,Train
2025-04-16,P014,4,-,Actual,Train
2025-04-17,P014,4,-,Actual,Train
2025-04-18,P014,0,-,Actual,Train
2025-04-19,P014,2,-,Actual,Train
2025-04-20,P014,3,-,Actual,Train
2025-04-21,P014,4,-,Actual,Train
2025-04-22,P014,3,-,Actual,Train
2025-04-23,P014,3,-,Actual,Train
2025-04-24,P014,2,-,Actual,Train
2025-04-25,P014,4,-,Actual,Train
2025-04-26,P014,11,-,Actual,Train
2025-04-27,P014,1,-,Actual,Train
2025-04-28,P014,2,-,Actual,Train
2025-04-29,P014,5,-,Actual,Train
2025-04-30,P014,2,-,Actual,Train
2025-05-01,P014,1,-,Actual,Train
2025-05-02,P014,0,-,Actual,Train
2025-05-03,P014,3,-,Actual,Train
2025-05-04,P014,7,-,Actual,Train
2025-05-05,P014,2,-,Actual,Train
2025-05-06,P014,0,-,Actual,Train
2025-05-07,P014,0,-,Actual,Train
2025-05-08,P014,8,-,Actual,Train
2025-05-09,P014,0,-,Actual,Train
2025-05-10,P014,1,-,Actual,Train
2025-05-11,P014,0,-,Actual,Train
2025-05-12,P014,0,-,Actual,Train
2025-05-13,P014,2,-,Actual,Train
2025-05-14,P014,5,-,Actual,Train
2025-05-15,P014,6,-,Actual,Train
2025-05-16,P014,3,-,Actual,Train
2025-05-17,P014,2,-,Actual,Train
2025-05-18,P014,3,-,Actual,Train
2025-05-19,P014,3,-,Actual,Train
2025-05-20,P014,0,-,Actual,Train
2025-05-21,P014,0,-,Actual,Train
2025-05-22,P014,2,-,Actual,Train
2025-05-23,P014,0,-,Actual,Train
2025-05-24,P014,1,-,Actual,Train
2025-05-25,P014,0,-,Actual,Train
2025-05-26,P014,2,-,Actual,Train
2025-05-27,P014,0,-,Actual,Train
2025-05-28,P014,3,-,Actual,Train
2025-05-29,P014,0,-,Actual,Train
2025-05-30,P014,0,-,Actual,Train
2025-05-31,P014,2,-,Actual,Train
2025-06-01,P014,0,-,Actual,Train
2025-06-02,P014,3,-,Actual,Train
2025-06-03,P014,2,-,Actual,Train
2025-06-04,P014,4,-,Actual,Train
2025-06-05,P014,1,-,Actual,Train
2025-06-06,P014,1,-,Actual,Train
2025-06-07,P014,2,-,Actual,Train
2025-06-08,P014,0,-,Actual,Train
2025-06-09,P014,1,-,Actual,Train
2025-06-10,P014,1,-,Actual,Train
2025-06-11,P014,0,-,Actual,Train
2025-06-12,P014,0,-,Actual,Train
2025-06-13,P014,5,-,Actual,Train
2025-06-14,P014,7,-,Actual,Train
2025-06-15,P014,0,-,Actual,Train
2025-06-16,P014,5,-,Actual,Train
2025-06-17,P014,5,-,Actual,Train
2025-06-18,P014,1,-,Actual,Train
2025-06-19,P014,1,-,Actual,Train
2025-06-20,P014,2,-,Actual,Train
2025-06-21,P014,2,-,Actual,Train
2025-06-22,P014,1,-,Actual,Train
2025-06-23,P014,0,-,Actual,Train
2025-06-24,P014,2,-,Actual,Train
2025-06-25,P014,6,-,Actual,Train
2025-06-26,P014,0,-,Actual,Train
2025-06-27,P014,2,-,Actual,Train
2025-06-28,P014,0,-,Actual,Train
2025-06-29,P014,0,-,Actual,Train
2025-06-30,P014,9,-,Actual,Train
2025-07-01,P014,3,-,Actual,Train
2025-07-02,P014,2,-,Actual,Train
2025-07-03,P014,3,-,Actual,Train
2025-07-04,P014,0,-,Actual,Train
2025-07-05,P014,2,-,Actual,Train
2025-07-06,P014,8,-,Actual,Train
2025-07-07,P014,0,-,Actual,Train
2025-07-08,P014,1,-,Actual,Train
2025-07-09,P014,3,-,Actual,Train
2025-07-10,P014,6,-,Actual,Train
2025-07-11,P014,3,-,Actual,Train
2025-07-12,P014,0,-,Actual,Train
2025-07-13,P014,3,-,Actual,Train
2025-07-14,P014,5,-,Actual,Train
2025-07-15,P014,0,-,Actual,Train
2025-07-16,P014,2,-,Actual,Train
2025-07-17,P014,0,-,Actual,Train
2025-07-18,P014,3,-,Actual,Train
2025-07-19,P014,1,-,Actual,Train
2025-07-20,P014,1,-,Actual,Train
2025-07-21,P014,4,-,Actual,Train
2025-07-22,P014,3,-,Actual,Train
2025-07-23,P014,6,-,Actual,Train
2025-07-24,P014,3,-,Actual,Train
2025-07-25,P014,0,-,Actual,Train
2025-07-26,P014,0,-,Actual,Train
2025-07-27,P014,4,-,Actual,Train
2025-07-28,P014,0,-,Actual,Train
2025-07-29,P014,3,-,Actual,Train
2025-07-30,P014,3,-,Actual,Train
2025-07-31,P014,0,-,Actual,Train
2025-08-01,P014,0,-,Actual,Train
2025-08-02,P014,5,-,Actual,Train
2025-08-03,P014,3,-,Actual,Train
2025-08-04,P014,4,-,Actual,Train
2025-08-05,P014,0,-,Actual,Train
2025-08-06,P014,3,-,Actual,Train
2025-08-07,P014,3,-,Actual,Train
2025-08-08,P014,0,-,Actual,Train
2025-08-09,P014,0,-,Actual,Train
2025-08-10,P014,0,-,Actual,Train
2025-08-11,P014,2,-,Actual,Train
2025-08-12,P014,0,-,Actual,Train
2025-08-13,P014,2,-,Actual,Train
2025-08-14,P014,0,-,Actual,Train
2025-08-15,P014,3,-,Actual,Train
2025-08-16,P014,2,-,Actual,Train
2025-08-17,P014,4,-,Actual,Train
2025-08-18,P014,5,-,Actual,Train
2025-08-19,P014,1,-,Actual,Train
2025-08-20,P014,0,-,Actual,Train
2025-08-21,P014,1,-,Actual,Train
2025-08-22,P014,6,-,Actual,Train
2025-08-23,P014,1,-,Actual,Train
2025-08-24,P014,4,-,Actual,Train
2025-08-25,P014,0,-,Actual,Train
2025-08-26,P014,1,-,Actual,Train
2025-08-27,P014,0,-,Actual,Train
2025-08-28,P014,2,-,Actual,Train
2025-08-29,P014,0,-,Actual,Train
2025-08-30,P014,0,-,Actual,Train
2025-08-31,P014,0,-,Actual,Train
2025-09-01,P014,11,-,Actual,Train
2025-09-02,P014,0,-,Actual,Train
2025-09-03,P014,0,-,Actual,Train
2025-09-04,P014,0,-,Actual,Train
2025-09-05,P014,0,-,Actual,Train
2025-09-06,P014,0,-,Actual,Train
2025-09-07,P014,7,-,Actual,Train
2025-09-08,P014,5,-,Actual,Train
2025-09-09,P014,1,-,Actual,Train
2025-09-10,P014,0,-,Actual,Train
2025-09-11,P014,0,-,Actual,Train
2025-09-12,P014,0,-,Actual,Train
2025-09-13,P014,2,-,Actual,Train
2025-09-14,P014,5,-,Actual,Train
2025-01-08,P015,3,-,Actual,Train
2025-01-09,P015,3,-,Actual,Train
2025-01-10,P015,2,-,Actual,Train
2025-01-11,P015,2,-,Actual,Train
2025-01-12,P015,1,-,Actual,Train
2025-01-13,P015,2,-,Actual,Train
2025-01-14,P015,4,-,Actual,Train
2025-01-15,P015,3,-,Actual,Train
2025-01-16,P015,0,-,Actual,Train
2025-01-17,P015,0,-,Actual,Train
2025-01-18,P015,6,-,Actual,Train
2025-01-19,P015,3,-,Actual,Train
2025-01-20,P015,5,-,Actual,Train
2025-01-21,P015,2,-,Actual,Train
2025-01-22,P015,7,-,Actual,Train
2025-01-23,P015,3,-,Actual,Train
2025-01-24,P015,4,-,Actual,Train
2025-01-25,P015,0,-,Actual,Train
2025-01-26,P015,0,-,Actual,Train
2025-01-27,P015,0,-,Actual,Train
2025-01-28,P015,4,-,Actual,Train
2025-01-29,P015,0,-,Actual,Train
2025-01-30,P015,5,-,Actual,Train
2025-01-31,P015,3,-,Actual,Train
2025-02-01,P015,1,-,Actual,Train
2025-02-02,P015,4,-,Actual,Train
2025-02-03,P015,1,-,Actual,Train
2025-02-04,P015,3,-,Actual,Train
2025-02-05,P015,0,-,Actual,Train
2025-02-06,P015,4,-,Actual,Train
2025-02-07,P015,5,-,Actual,Train
2025-02-08,P015,0,-,Actual,Train
2025-02-09,P015,9,-,Actual,Train
2025-02-10,P015,3,-,Actual,Train
2025-02-11,P015,3,-,Actual,Train
2025-02-12,P015,2,-,Actual,Train
2025-02-13,P015,0,-,Actual,Train
2025-02-14,P015,6,-,Actual,Train
2025-02-15,P015,2,-,Actual,Train
2025-02-16,P015,6,-,Actual,Train
2025-02-17,P015,6,-,Actual,Train
2025-02-18,P015,2,-,Actual,Train
2025-02-19,P015,6,-,Actual,Train
2025-02-20,P015,5,-,Actual,Train
2025-02-21,P015,5,-,Actual,Train
2025-02-22,P015,0,-,Actual,Train
2025-02-23,P015,0,-,Actual,Train
2025-02-24,P015,0,-,Actual,Train
2025-02-25,P015,5,-,Actual,Train
2025-02-26,P015,0,-,Actual,Train
2025-02-27,P015,4,-,Actual,Train
2025-02-28,P015,0,-,Actual,Train
2025-03-01,P015,1,-,Actual,Train
2025-03-02,P015,0,-,Actual,Train
2025-03-03,P015,2,-,Actual,Train
2025-03-04,P015,2,-,Actual,Train
2025-03-05,P015,0,-,Actual,Train
2025-03-06,P015,3,-,Actual,Train
2025-03-07,P015,0,-,Actual,Train
2025-03-08,P015,0,-,Actual,Train
2025-03-09,P015,4,-,Actual,Train
2025-03-10,P015,5,-,Actual,Train
2025-03-11,P015,3,-,Actual,Train
2025-03-12,P015,0,-,Actual,Train
2025-03-13,P015,0,-,Actual,Train
2025-03-14,P015,4,-,Actual,Train
2025-03-15,P015,3,-,Actual,Train
2025-03-16,P015,3,-,Actual,Train
2025-03-17,P015,1,-,Actual,Train
2025-03-18,P015,3,-,Actual,Train
2025-03-19,P015,0,-,Actual,Train
2025-03-20,P015,2,-,Actual,Train
2025-03-21,P015,2,-,Actual,Train
2025-03-22,P015,0,-,Actual,Train
2025-03-23,P015,1,-,Actual,Train
2025-03-24,P015,9,-,Actual,Train
2025-03-25,P015,3,-,Actual,Train
2025-03-26,P015,2,-,Actual,Train
2025-03-27,P015,7,-,Actual,Train
2025-03-28,P015,9,-,Actual,Train
2025-03-29,P015,1,-,Actual,Train
2025-03-30,P015,2,-,Actual,Train
2025-03-31,P015,4,-,Actual,Train
2025-04-01,P015,0,-,Actual,Train
2025-04-02,P015,4,-,Actual,Train
2025-04-03,P015,4,-,Actual,Train
2025-04-04,P015,1,-,Actual,Train
2025-04-05,P015,6,-,Actual,Train
2025-04-06,P015,3,-,Actual,Train
2025-04-07,P015,1,-,Actual,Train
2025-04-08,P015,2,-,Actual,Train
2025-04-09,P015,0,-,Actual,Train
2025-04-10,P015,0,-,Actual,Train
2025-04-11,P015,3,-,Actual,Train
2025-04-12,P015,2,-,Actual,Train
2025-04-13,P015,0,-,Actual,Train
2025-04-14,P015,2,-,Actual,Train
2025-04-15,P015,5,-,Actual,Train
2025-04-16,P015,2,-,Actual,Train
2025-04-17,P015,1,-,Actual,Train
2025-04-18,P015,3,-,Actual,Train
2025-04-19,P015,9,-,Actual,Train
2025-04-20,P015,6,-,Actual,Train
2025-04-21,P015,2,-,Actual,Train
2025-04-22,P015,3,-,Actual,Train
2025-04-23,P015,0,-,Actual,Train
2025-04-24,P015,0,-,Actual,Train
2025-04-25,P015,2,-,Actual,Train
2025-04-26,P015,0,-,Actual,Train
2025-04-27,P015,5,-,Actual,Train
2025-04-28,P015,4,-,Actual,Train
2025-04-29,P015,4,-,Actual,Train
2025-04-30,P015,0,-,Actual,Train
2025-05-01,P015,2,-,Actual,Train
2025-05-02,P015,0,-,Actual,Train
2025-05-03,P015,0,-,Actual,Train
2025-05-04,P015,7,-,Actual,Train
2025-05-05,P015,5,-,Actual,Train
2025-05-06,P015,0,-,Actual,Train
2025-05-07,P015,0,-,Actual,Train
2025-05-08,P015,5,-,Actual,Train
2025-05-09,P015,6,-,Actual,Train
2025-05-10,P015,4,-,Actual,Train
2025-05-11,P015,3,-,Actual,Train
2025-05-12,P015,3,-,Actual,Train
2025-05-13,P015,3,-,Actual,Train
2025-05-14,P015,5,-,Actual,Train
2025-05-15,P015,0,-,Actual,Train
2025-05-16,P015,3,-,Actual,Train
2025-05-17,P015,1,-,Actual,Train
2025-05-18,P015,2,-,Actual,Train
2025-05-19,P015,0,-,Actual,Train
2025-05-20,P015,0,-,Actual,Train
2025-05-21,P015,3,-,Actual,Train
2025-05-22,P015,0,-,Actual,Train
2025-05-23,P015,2,-,Actual,Train
2025-05-24,P015,4,-,Actual,Train
2025-05-25,P015,0,-,Actual,Train
2025-05-26,P015,6,-,Actual,Train
2025-05-27,P015,2,-,Actual,Train
2025-05-28,P015,0,-,Actual,Train
2025-05-29,P015,0,-,Actual,Train
2025-05-30,P015,0,-,Actual,Train
2025-05-31,P015,3,-,Actual,Train
2025-06-01,P015,0,-,Actual,Train
2025-06-02,P015,3,-,Actual,Train
2025-06-03,P015,4,-,Actual,Train
2025-06-04,P015,4,-,Actual,Train
2025-06-05,P015,2,-,Actual,Train
2025-06-06,P015,3,-,Actual,Train
2025-06-07,P015,3,-,Actual,Train
2025-06-08,P015,5,-,Actual,Train
2025-06-09,P015,3,-,Actual,Train
2025-06-10,P015,1,-,Actual,Train
2025-06-11,P015,2,-,Actual,Train
2025-06-12,P015,0,-,Actual,Train
2025-06-13,P015,2,-,Actual,Train
2025-06-14,P015,4,-,Actual,Train
2025-06-15,P015,1,-,Actual,Train
2025-06-16,P015,1,-,Actual,Train
2025-06-17,P015,2,-,Actual,Train
2025-06-18,P015,0,-,Actual,Train
2025-06-19,P015,3,-,Actual,Train
2025-06-20,P015,2,-,Actual,Train
2025-06-21,P015,4,-,Actual,Train
2025-06-22,P015,3,-,Actual,Train
2025-06-23,P015,0,-,Actual,Train
2025-06-24,P015,1,-,Actual,Train
2025-06-25,P015,0,-,Actual,Train
2025-06-26,P015,3,-,Actual,Train
2025-06-27,P015,0,-,Actual,Train
2025-06-28,P015,2,-,Actual,Train
2025-06-29,P015,2,-,Actual,Train
2025-06-30,P015,3,-,Actual,Train
2025-07-01,P015,4,-,Actual,Train
2025-07-02,P015,1,-,Actual,Train
2025-07-03,P015,0,-,Actual,Train
2025-07-04,P015,1,-,Actual,Train
2025-07-05,P015,0,-,Actual,Train
2025-07-06,P015,3,-,Actual,Train
2025-07-07,P015,1,-,Actual,Train
2025-07-08,P015,2,-,Actual,Train
2025-07-09,P015,1,-,Actual,Train
2025-07-10,P015,1,-,Actual,Train
2025-07-11,P015,0,-,Actual,Train
2025-07-12,P015,4,-,Actual,Train
2025-07-13,P015,0,-,Actual,Train
2025-07-14,P015,6,-,Actual,Train
2025-07-15,P015,0,-,Actual,Train
2025-07-16,P015,5,-,Actual,Train
2025-07-17,P015,0,-,Actual,Train
2025-07-18,P015,2,-,Actual,Train
2025-07-19,P015,4,-,Actual,Train
2025-07-20,P015,1,-,Actual,Train
2025-07-21,P015,3,-,Actual,Train
2025-07-22,P015,0,-,Actual,Train
2025-07-23,P015,0,-,Actual,Train
2025-07-24,P015,6,-,Actual,Train
2025-07-25,P015,0,-,Actual,Train
2025-07-26,P015,1,-,Actual,Train
2025-07-27,P015,0,-,Actual,Train
2025-07-28,P015,4,-,Actual,Train
2025-07-29,P015,0,-,Actual,Train
2025-07-30,P015,3,-,Actual,Train
2025-07-31,P015,2,-,Actual,Train
2025-08-01,P015,2,-,Actual,Train
2025-08-02,P015,1,-,Actual,Train
2025-08-03,P015,0,-,Actual,Train
2025-08-04,P015,6,-,Actual,Train
2025-08-05,P015,0,-,Actual,Train
2025-08-06,P015,4,-,Actual,Train
2025-08-07,P015,3,-,Actual,Train
2025-08-08,P015,0,-,Actual,Train
2025-08-09,P015,0,-,Actual,Train
2025-08-10,P015,3,-,Actual,Train
2025-08-11,P015,2,-,Actual,Train
2025-08-12,P015,0,-,Actual,Train
2025-08-13,P015,0,-,Actual,Train
2025-08-14,P015,2,-,Actual,Train
2025-08-15,P015,2,-,Actual,Train
2025-08-16,P015,5,-,Actual,Train
2025-08-17,P015,0,-,Actual,Train
2025-08-18,P015,3,-,Actual,Train
2025-08-19,P015,5,-,Actual,Train
2025-08-20,P015,0,-,Actual,Train
2025-08-21,P015,12,-,Actual,Train
2025-08-22,P015,0,-,Actual,Train
2025-08-23,P015,3,-,Actual,Train
2025-08-24,P015,1,-,Actual,Train
2025-08-25,P015,2,-,Actual,Train
2025-08-26,P015,0,-,Actual,Train
2025-08-27,P015,0,-,Actual,Train
2025-08-28,P015,0,-,Actual,Train
2025-08-29,P015,0,-,Actual,Train
2025-08-30,P015,9,-,Actual,Train
2025-08-31,P015,2,-,Actual,Train
2025-09-01,P015,5,-,Actual,Train
2025-09-02,P015,0,-,Actual,Train
2025-09-03,P015,3,-,Actual,Train
2025-09-04,P015,1,-,Actual,Train
2025-09-05,P015,3,-,Actual,Train
2025-09-06,P015,3,-,Actual,Train
2025-09-07,P015,3,-,Actual,Train
2025-09-08,P015,2,-,Actual,Train
2025-09-09,P015,4,-,Actual,Train
2025-09-10,P015,0,-,Actual,Train
2025-09-11,P015,0,-,Actual,Train
2025-09-12,P015,0,-,Actual,Train
2025-09-13,P015,6,-,Actual,Train
2025-09-14,P015,0,-,Actual,Train
2025-01-08,P016,1,-,Actual,Train
2025-01-09,P016,6,-,Actual,Train
2025-01-10,P016,3,-,Actual,Train
2025-01-11,P016,1,-,Actual,Train
2025-01-12,P016,1,-,Actual,Train
2025-01-13,P016,3,-,Actual,Train
2025-01-14,P016,6,-,Actual,Train
2025-01-15,P016,6,-,Actual,Train
2025-01-16,P016,3,-,Actual,Train
2025-01-17,P016,3,-,Actual,Train
2025-01-18,P016,4,-,Actual,Train
2025-01-19,P016,4,-,Actual,Train
2025-01-20,P016,1,-,Actual,Train
2025-01-21,P016,5,-,Actual,Train
2025-01-22,P016,0,-,Actual,Train
2025-01-23,P016,6,-,Actual,Train
2025-01-24,P016,6,-,Actual,Train
2025-01-25,P016,0,-,Actual,Train
2025-01-26,P016,0,-,Actual,Train
2025-01-27,P016,1,-,Actual,Train
2025-01-28,P016,0,-,Actual,Train
2025-01-29,P016,3,-,Actual,Train
2025-01-30,P016,6,-,Actual,Train
2025-01-31,P016,0,-,Actual,Train
2025-02-01,P016,0,-,Actual,Train
2025-02-02,P016,0,-,Actual,Train
2025-02-03,P016,2,-,Actual,Train
2025-02-04,P016,5,-,Actual,Train
2025-02-05,P016,0,-,Actual,Train
2025-02-06,P016,3,-,Actual,Train
2025-02-07,P016,3,-,Actual,Train
2025-02-08,P016,0,-,Actual,Train
2025-02-09,P016,2,-,Actual,Train
2025-02-10,P016,3,-,Actual,Train
2025-02-11,P016,3,-,Actual,Train
2025-02-12,P016,0,-,Actual,Train
2025-02-13,P016,2,-,Actual,Train
2025-02-14,P016,6,-,Actual,Train
2025-02-15,P016,0,-,Actual,Train
2025-02-16,P016,0,-,Actual,Train
2025-02-17,P016,0,-,Actual,Train
2025-02-18,P016,0,-,Actual,Train
2025-02-19,P016,1,-,Actual,Train
2025-02-20,P016,3,-,Actual,Train
2025-02-21,P016,3,-,Actual,Train
2025-02-22,P016,0,-,Actual,Train
2025-02-23,P016,0,-,Actual,Train
2025-02-24,P016,0,-,Actual,Train
2025-02-25,P016,0,-,Actual,Train
2025-02-26,P016,3,-,Actual,Train
2025-02-27,P016,0,-,Actual,Train
2025-02-28,P016,3,-,Actual,Train
2025-03-01,P016,3,-,Actual,Train
2025-03-02,P016,0,-,Actual,Train
2025-03-03,P016,4,-,Actual,Train
2025-03-04,P016,5,-,Actual,Train
2025-03-05,P016,0,-,Actual,Train
2025-03-06,P016,1,-,Actual,Train
2025-03-07,P016,0,-,Actual,Train
2025-03-08,P016,0,-,Actual,Train
2025-03-09,P016,3,-,Actual,Train
2025-03-10,P016,2,-,Actual,Train
2025-03-11,P016,0,-,Actual,Train
2025-03-12,P016,7,-,Actual,Train
2025-03-13,P016,0,-,Actual,Train
2025-03-14,P016,1,-,Actual,Train
2025-03-15,P016,0,-,Actual,Train
2025-03-16,P016,3,-,Actual,Train
2025-03-17,P016,0,-,Actual,Train
2025-03-18,P016,3,-,Actual,Train
2025-03-19,P016,1,-,Actual,Train
2025-03-20,P016,2,-,Actual,Train
2025-03-21,P016,2,-,Actual,Train
2025-03-22,P016,3,-,Actual,Train
2025-03-23,P016,0,-,Actual,Train
2025-03-24,P016,1,-,Actual,Train
2025-03-25,P016,2,-,Actual,Train
2025-03-26,P016,1,-,Actual,Train
2025-03-27,P016,0,-,Actual,Train
2025-03-28,P016,4,-,Actual,Train
2025-03-29,P016,1,-,Actual,Train
2025-03-30,P016,2,-,Actual,Train
2025-03-31,P016,2,-,Actual,Train
2025-04-01,P016,0,-,Actual,Train
2025-04-02,P016,0,-,Actual,Train
2025-04-03,P016,3,-,Actual,Train
2025-04-04,P016,6,-,Actual,Train
2025-04-05,P016,0,-,Actual,Train
2025-04-06,P016,3,-,Actual,Train
2025-04-07,P016,4,-,Actual,Train
2025-04-08,P016,4,-,Actual,Train
2025-04-09,P016,2,-,Actual,Train
2025-04-10,P016,0,-,Actual,Train
2025-04-11,P016,4,-,Actual,Train
2025-04-12,P016,3,-,Actual,Train
2025-04-13,P016,2,-,Actual,Train
2025-04-14,P016,0,-,Actual,Train
2025-04-15,P016,0,-,Actual,Train
2025-04-16,P016,2,-,Actual,Train
2025-04-17,P016,2,-,Actual,Train
2025-04-18,P016,3,-,Actual,Train
2025-04-19,P016,1,-,Actual,Train
2025-04-20,P016,1,-,Actual,Train
2025-04-21,P016,2,-,Actual,Train
2025-04-22,P016,2,-,Actual,Train
2025-04-23,P016,7,-,Actual,Train
2025-04-24,P016,0,-,Actual,Train
2025-04-25,P016,2,-,Actual,Train
2025-04-26,P016,5,-,Actual,Train
2025-04-27,P016,2,-,Actual,Train
2025-04-28,P016,1,-,Actual,Train
2025-04-29,P016,3,-,Actual,Train
2025-04-30,P016,3,-,Actual,Train
2025-05-01,P016,0,-,Actual,Train
2025-05-02,P016,0,-,Actual,Train
2025-05-03,P016,3,-,Actual,Train
2025-05-04,P016,0,-,Actual,Train
2025-05-05,P016,3,-,Actual,Train
2025-05-06,P016,0,-,Actual,Train
2025-05-07,P016,0,-,Actual,Train
2025-05-08,P016,1,-,Actual,Train
2025-05-09,P016,6,-,Actual,Train
2025-05-10,P016,2,-,Actual,Train
2025-05-11,P016,3,-,Actual,Train
2025-05-12,P016,5,-,Actual,Train
2025-05-13,P016,3,-,Actual,Train
2025-05-14,P016,0,-,Actual,Train
2025-05-15,P016,1,-,Actual,Train
2025-05-16,P016,6,-,Actual,Train
2025-05-17,P016,0,-,Actual,Train
2025-05-18,P016,0,-,Actual,Train
2025-05-19,P016,0,-,Actual,Train
2025-05-20,P016,0,-,Actual,Train
2025-05-21,P016,0,-,Actual,Train
2025-05-22,P016,1,-,Actual,Train
2025-05-23,P016,1,-,Actual,Train
2025-05-24,P016,4,-,Actual,Train
2025-05-25,P016,0,-,Actual,Train
2025-05-26,P016,1,-,Actual,Train
2025-05-27,P016,0,-,Actual,Train
2025-05-28,P016,0,-,Actual,Train
2025-05-29,P016,2,-,Actual,Train
2025-05-30,P016,0,-,Actual,Train
2025-05-31,P016,3,-,Actual,Train
2025-06-01,P016,3,-,Actual,Train
2025-06-02,P016,1,-,Actual,Train
2025-06-03,P016,0,-,Actual,Train
2025-06-04,P016,10,-,Actual,Train
2025-06-05,P016,0,-,Actual,Train
2025-06-06,P016,2,-,Actual,Train
2025-06-07,P016,4,-,Actual,Train
2025-06-08,P016,0,-,Actual,Train
2025-06-09,P016,0,-,Actual,Train
2025-06-10,P016,3,-,Actual,Train
2025-06-11,P016,1,-,Actual,Train
2025-06-12,P016,1,-,Actual,Train
2025-06-13,P016,0,-,Actual,Train
2025-06-14,P016,1,-,Actual,Train
2025-06-15,P016,1,-,Actual,Train
2025-06-16,P016,0,-,Actual,Train
2025-06-17,P016,2,-,Actual,Train
2025-06-18,P016,1,-,Actual,Train
2025-06-19,P016,3,-,Actual,Train
2025-06-20,P016,0,-,Actual,Train
2025-06-21,P016,0,-,Actual,Train
2025-06-22,P016,5,-,Actual,Train
2025-06-23,P016,2,-,Actual,Train
2025-06-24,P016,2,-,Actual,Train
2025-06-25,P016,0,-,Actual,Train
2025-06-26,P016,0,-,Actual,Train
2025-06-27,P016,14,-,Actual,Train
2025-06-28,P016,7,-,Actual,Train
2025-06-29,P016,6,-,Actual,Train
2025-06-30,P016,3,-,Actual,Train
2025-07-01,P016,0,-,Actual,Train
2025-07-02,P016,2,-,Actual,Train
2025-07-03,P016,0,-,Actual,Train
2025-07-04,P016,0,-,Actual,Train
2025-07-05,P016,0,-,Actual,Train
2025-07-06,P016,1,-,Actual,Train
2025-07-07,P016,3,-,Actual,Train
2025-07-08,P016,1,-,Actual,Train
2025-07-09,P016,5,-,Actual,Train
2025-07-10,P016,1,-,Actual,Train
2025-07-11,P016,4,-,Actual,Train
2025-07-12,P016,0,-,Actual,Train
2025-07-13,P016,6,-,Actual,Train
2025-07-14,P016,3,-,Actual,Train
2025-07-15,P016,1,-,Actual,Train
2025-07-16,P016,3,-,Actual,Train
2025-07-17,P016,0,-,Actual,Train
2025-07-18,P016,3,-,Actual,Train
2025-07-19,P016,3,-,Actual,Train
2025-07-20,P016,5,-,Actual,Train
2025-07-21,P016,0,-,Actual,Train
2025-07-22,P016,5,-,Actual,Train
2025-07-23,P016,2,-,Actual,Train
2025-07-24,P016,0,-,Actual,Train
2025-07-25,P016,3,-,Actual,Train
2025-07-26,P016,0,-,Actual,Train
2025-07-27,P016,5,-,Actual,Train
2025-07-28,P016,1,-,Actual,Train
2025-07-29,P016,0,-,Actual,Train
2025-07-30,P016,1,-,Actual,Train
2025-07-31,P016,0,-,Actual,Train
2025-08-01,P016,3,-,Actual,Train
2025-08-02,P016,0,-,Actual,Train
2025-08-03,P016,2,-,Actual,Train
2025-08-04,P016,1,-,Actual,Train
2025-08-05,P016,2,-,Actual,Train
2025-08-06,P016,1,-,Actual,Train
2025-08-07,P016,0,-,Actual,Train
2025-08-08,P016,4,-,Actual,Train
2025-08-09,P016,1,-,Actual,Train
2025-08-10,P016,4,-,Actual,Train
2025-08-11,P016,5,-,Actual,Train
2025-08-12,P016,3,-,Actual,Train
2025-08-13,P016,1,-,Actual,Train
2025-08-14,P016,1,-,Actual,Train
2025-08-15,P016,4,-,Actual,Train
2025-08-16,P016,0,-,Actual,Train
2025-08-17,P016,0,-,Actual,Train
2025-08-18,P016,0,-,Actual,Train
2025-08-19,P016,0,-,Actual,Train
2025-08-20,P016,1,-,Actual,Train
2025-08-21,P016,4,-,Actual,Train
2025-08-22,P016,5,-,Actual,Train
2025-08-23,P016,2,-,Actual,Train
2025-08-24,P016,2,-,Actual,Train
2025-08-25,P016,2,-,Actual,Train
2025-08-26,P016,4,-,Actual,Train
2025-08-27,P016,3,-,Actual,Train
2025-08-28,P016,1,-,Actual,Train
2025-08-29,P016,2,-,Actual,Train
2025-08-30,P016,3,-,Actual,Train
2025-08-31,P016,7,-,Actual,Train
2025-09-01,P016,5,-,Actual,Train
2025-09-02,P016,3,-,Actual,Train
2025-09-03,P016,6,-,Actual,Train
2025-09-04,P016,2,-,Actual,Train
2025-09-05,P016,2,-,Actual,Train
2025-09-06,P016,1,-,Actual,Train
2025-09-07,P016,4,-,Actual,Train
2025-09-08,P016,7,-,Actual,Train
2025-09-09,P016,0,-,Actual,Train
2025-09-10,P016,3,-,Actual,Train
2025-09-11,P016,1,-,Actual,Train
2025-09-12,P016,0,-,Actual,Train
2025-09-13,P016,2,-,Actual,Train
2025-09-14,P016,0,-,Actual,Train
2025-01-08,P017,10,-,Actual,Train
2025-01-09,P017,3,-,Actual,Train
2025-01-10,P017,0,-,Actual,Train
2025-01-11,P017,0,-,Actual,Train
2025-01-12,P017,3,-,Actual,Train
2025-01-13,P017,5,-,Actual,Train
2025-01-14,P017,2,-,Actual,Train
2025-01-15,P017,5,-,Actual,Train
2025-01-16,P017,7,-,Actual,Train
2025-01-17,P017,0,-,Actual,Train
2025-01-18,P017,0,-,Actual,Train
2025-01-19,P017,0,-,Actual,Train
2025-01-20,P017,3,-,Actual,Train
2025-01-21,P017,2,-,Actual,Train
2025-01-22,P017,2,-,Actual,Train
2025-01-23,P017,0,-,Actual,Train
2025-01-24,P017,1,-,Actual,Train
2025-01-25,P017,2,-,Actual,Train
2025-01-26,P017,0,-,Actual,Train
2025-01-27,P017,0,-,Actual,Train
2025-01-28,P017,0,-,Actual,Train
2025-01-29,P017,8,-,Actual,Train
2025-01-30,P017,0,-,Actual,Train
2025-01-31,P017,3,-,Actual,Train
2025-02-01,P017,1,-,Actual,Train
2025-02-02,P017,0,-,Actual,Train
2025-02-03,P017,0,-,Actual,Train
2025-02-04,P017,1,-,Actual,Train
2025-02-05,P017,0,-,Actual,Train
2025-02-06,P017,0,-,Actual,Train
2025-02-07,P017,0,-,Actual,Train
2025-02-08,P017,0,-,Actual,Train
2025-02-09,P017,3,-,Actual,Train
2025-02-10,P017,0,-,Actual,Train
2025-02-11,P017,2,-,Actual,Train
2025-02-12,P017,6,-,Actual,Train
2025-02-13,P017,4,-,Actual,Train
2025-02-14,P017,2,-,Actual,Train
2025-02-15,P017,4,-,Actual,Train
2025-02-16,P017,0,-,Actual,Train
2025-02-17,P017,3,-,Actual,Train
2025-02-18,P017,0,-,Actual,Train
2025-02-19,P017,5,-,Actual,Train
2025-02-20,P017,3,-,Actual,Train
2025-02-21,P017,1,-,Actual,Train
2025-02-22,P017,0,-,Actual,Train
2025-02-23,P017,6,-,Actual,Train
2025-02-24,P017,1,-,Actual,Train
2025-02-25,P017,1,-,Actual,Train
2025-02-26,P017,0,-,Actual,Train
2025-02-27,P017,2,-,Actual,Train
2025-02-28,P017,2,-,Actual,Train
2025-03-01,P017,7,-,Actual,Train
2025-03-02,P017,2,-,Actual,Train
2025-03-03,P017,1,-,Actual,Train
2025-03-04,P017,4,-,Actual,Train
2025-03-05,P017,3,-,Actual,Train
2025-03-06,P017,2,-,Actual,Train
2025-03-07,P017,5,-,Actual,Train
2025-03-08,P017,2,-,Actual,Train
2025-03-09,P017,1,-,Actual,Train
2025-03-10,P017,0,-,Actual,Train
2025-03-11,P017,0,-,Actual,Train
2025-03-12,P017,3,-,Actual,Train
2025-03-13,P017,2,-,Actual,Train
2025-03-14,P017,0,-,Actual,Train
2025-03-15,P017,0,-,Actual,Train
2025-03-16,P017,3,-,Actual,Train
2025-03-17,P017,0,-,Actual,Train
2025-03-18,P017,2,-,Actual,Train
2025-03-19,P017,3,-,Actual,Train
2025-03-20,P017,4,-,Actual,Train
2025-03-21,P017,1,-,Actual,Train
2025-03-22,P017,0,-,Actual,Train
2025-03-23,P017,2,-,Actual,Train
2025-03-24,P017,5,-,Actual,Train
2025-03-25,P017,2,-,Actual,Train
2025-03-26,P017,3,-,Actual,Train
2025-03-27,P017,2,-,Actual,Train
2025-03-28,P017,0,-,Actual,Train
2025-03-29,P017,0,-,Actual,Train
2025-03-30,P017,0,-,Actual,Train
2025-03-31,P017,3,-,Actual,Train
2025-04-01,P017,3,-,Actual,Train
2025-04-02,P017,3,-,Actual,Train
2025-04-03,P017,3,-,Actual,Train
2025-04-04,P017,3,-,Actual,Train
2025-04-05,P017,1,-,Actual,Train
2025-04-06,P017,0,-,Actual,Train
2025-04-07,P017,1,-,Actual,Train
2025-04-08,P017,1,-,Actual,Train
2025-04-09,P017,3,-,Actual,Train
2025-04-10,P017,2,-,Actual,Train
2025-04-11,P017,2,-,Actual,Train
2025-04-12,P017,1,-,Actual,Train
2025-04-13,P017,2,-,Actual,Train
2025-04-14,P017,0,-,Actual,Train
2025-04-15,P017,0,-,Actual,Train
2025-04-16,P017,0,-,Actual,Train
2025-04-17,P017,1,-,Actual,Train
2025-04-18,P017,3,-,Actual,Train
2025-04-19,P017,0,-,Actual,Train
2025-04-20,P017,0,-,Actual,Train
2025-04-21,P017,2,-,Actual,Train
2025-04-22,P017,2,-,Actual,Train
2025-04-23,P017,3,-,Actual,Train
2025-04-24,P017,0,-,Actual,Train
2025-04-25,P017,5,-,Actual,Train
2025-04-26,P017,7,-,Actual,Train
2025-04-27,P017,1,-,Actual,Train
2025-04-28,P017,0,-,Actual,Train
2025-04-29,P017,0,-,Actual,Train
2025-04-30,P017,0,-,Actual,Train
2025-05-01,P017,0,-,Actual,Train
2025-05-02,P017,0,-,Actual,Train
2025-05-03,P017,0,-,Actual,Train
2025-05-04,P017,3,-,Actual,Train
2025-05-05,P017,1,-,Actual,Train
2025-05-06,P017,0,-,Actual,Train
2025-05-07,P017,0,-,Actual,Train
2025-05-08,P017,7,-,Actual,Train
2025-05-09,P017,7,-,Actual,Train
2025-05-10,P017,3,-,Actual,Train
2025-05-11,P017,8,-,Actual,Train
2025-05-12,P017,2,-,Actual,Train
2025-05-13,P017,0,-,Actual,Train
2025-05-14,P017,1,-,Actual,Train
2025-05-15,P017,1,-,Actual,Train
2025-05-16,P017,2,-,Actual,Train
2025-05-17,P017,5,-,Actual,Train
2025-05-18,P017,0,-,Actual,Train
2025-05-19,P017,3,-,Actual,Train
2025-05-20,P017,1,-,Actual,Train
2025-05-21,P017,0,-,Actual,Train
2025-05-22,P017,3,-,Actual,Train
2025-05-23,P017,5,-,Actual,Train
2025-05-24,P017,0,-,Actual,Train
2025-05-25,P017,3,-,Actual,Train
2025-05-26,P017,0,-,Actual,Train
2025-05-27,P017,0,-,Actual,Train
2025-05-28,P017,0,-,Actual,Train
2025-05-29,P017,3,-,Actual,Train
2025-05-30,P017,3,-,Actual,Train
2025-05-31,P017,0,-,Actual,Train
2025-06-01,P017,0,-,Actual,Train
2025-06-02,P017,7,-,Actual,Train
2025-06-03,P017,4,-,Actual,Train
2025-06-04,P017,4,-,Actual,Train
2025-06-05,P017,0,-,Actual,Train
2025-06-06,P017,0,-,Actual,Train
2025-06-07,P017,0,-,Actual,Train
2025-06-08,P017,2,-,Actual,Train
2025-06-09,P017,3,-,Actual,Train
2025-06-10,P017,7,-,Actual,Train
2025-06-11,P017,3,-,Actual,Train
2025-06-12,P017,0,-,Actual,Train
2025-06-13,P017,0,-,Actual,Train
2025-06-14,P017,0,-,Actual,Train
2025-06-15,P017,1,-,Actual,Train
2025-06-16,P017,0,-,Actual,Train
2025-06-17,P017,0,-,Actual,Train
2025-06-18,P017,0,-,Actual,Train
2025-06-19,P017,1,-,Actual,Train
2025-06-20,P017,5,-,Actual,Train
2025-06-21,P017,0,-,Actual,Train
2025-06-22,P017,3,-,Actual,Train
2025-06-23,P017,0,-,Actual,Train
2025-06-24,P017,1,-,Actual,Train
2025-06-25,P017,2,-,Actual,Train
2025-06-26,P017,3,-,Actual,Train
2025-06-27,P017,4,-,Actual,Train
2025-06-28,P017,0,-,Actual,Train
2025-06-29,P017,2,-,Actual,Train
2025-06-30,P017,4,-,Actual,Train
2025-07-01,P017,0,-,Actual,Train
2025-07-02,P017,0,-,Actual,Train
2025-07-03,P017,3,-,Actual,Train
2025-07-04,P017,0,-,Actual,Train
2025-07-05,P017,1,-,Actual,Train
2025-07-06,P017,1,-,Actual,Train
2025-07-07,P017,0,-,Actual,Train
2025-07-08,P017,6,-,Actual,Train
2025-07-09,P017,0,-,Actual,Train
2025-07-10,P017,6,-,Actual,Train
2025-07-11,P017,2,-,Actual,Train
2025-07-12,P017,0,-,Actual,Train
2025-07-13,P017,3,-,Actual,Train
2025-07-14,P017,3,-,Actual,Train
2025-07-15,P017,1,-,Actual,Train
2025-07-16,P017,4,-,Actual,Train
2025-07-17,P017,5,-,Actual,Train
2025-07-18,P017,0,-,Actual,Train
2025-07-19,P017,3,-,Actual,Train
2025-07-20,P017,2,-,Actual,Train
2025-07-21,P017,0,-,Actual,Train
2025-07-22,P017,6,-,Actual,Train
2025-07-23,P017,0,-,Actual,Train
2025-07-24,P017,0,-,Actual,Train
2025-07-25,P017,0,-,Actual,Train
2025-07-26,P017,3,-,Actual,Train
2025-07-27,P017,5,-,Actual,Train
2025-07-28,P017,2,-,Actual,Train
2025-07-29,P017,2,-,Actual,Train
2025-07-30,P017,0,-,Actual,Train
2025-07-31,P017,0,-,Actual,Train
2025-08-01,P017,2,-,Actual,Train
2025-08-02,P017,1,-,Actual,Train
2025-08-03,P017,0,-,Actual,Train
2025-08-04,P017,5,-,Actual,Train
2025-08-05,P017,2,-,Actual,Train
2025-08-06,P017,4,-,Actual,Train
2025-08-07,P017,0,-,Actual,Train
2025-08-08,P017,0,-,Actual,Train
2025-08-09,P017,0,-,Actual,Train
2025-08-10,P017,7,-,Actual,Train
2025-08-11,P017,2,-,Actual,Train
2025-08-12,P017,2,-,Actual,Train
2025-08-13,P017,0,-,Actual,Train
2025-08-14,P017,1,-,Actual,Train
2025-08-15,P017,3,-,Actual,Train
2025-08-16,P017,2,-,Actual,Train
2025-08-17,P017,3,-,Actual,Train
2025-08-18,P017,2,-,Actual,Train
2025-08-19,P017,2,-,Actual,Train
2025-08-20,P017,3,-,Actual,Train
2025-08-21,P017,9,-,Actual,Train
2025-08-22,P017,11,-,Actual,Train
2025-08-23,P017,0,-,Actual,Train
2025-08-24,P017,2,-,Actual,Train
2025-08-25,P017,3,-,Actual,Train
2025-08-26,P017,3,-,Actual,Train
2025-08-27,P017,0,-,Actual,Train
2025-08-28,P017,0,-,Actual,Train
2025-08-29,P017,0,-,Actual,Train
2025-08-30,P017,0,-,Actual,Train
2025-08-31,P017,2,-,Actual,Train
2025-09-01,P017,4,-,Actual,Train
2025-09-02,P017,0,-,Actual,Train
2025-09-03,P017,0,-,Actual,Train
2025-09-04,P017,4,-,Actual,Train
2025-09-05,P017,0,-,Actual,Train
2025-09-06,P017,3,-,Actual,Train
2025-09-07,P017,1,-,Actual,Train
2025-09-08,P017,5,-,Actual,Train
2025-09-09,P017,4,-,Actual,Train
2025-09-10,P017,0,-,Actual,Train
2025-09-11,P017,0,-,Actual,Train
2025-09-12,P017,0,-,Actual,Train
2025-09-13,P017,6,-,Actual,Train
2025-09-14,P017,1,-,Actual,Train
2025-01-08,P018,3,-,Actual,Train
2025-01-09,P018,0,-,Actual,Train
2025-01-10,P018,0,-,Actual,Train
2025-01-11,P018,1,-,Actual,Train
2025-01-12,P018,0,-,Actual,Train
2025-01-13,P018,0,-,Actual,Train
2025-01-14,P018,1,-,Actual,Train
2025-01-15,P018,2,-,Actual,Train
2025-01-16,P018,1,-,Actual,Train
2025-01-17,P018,0,-,Actual,Train
2025-01-18,P018,7,-,Actual,Train
2025-01-19,P018,0,-,Actual,Train
2025-01-20,P018,3,-,Actual,Train
2025-01-21,P018,0,-,Actual,Train
2025-01-22,P018,1,-,Actual,Train
2025-01-23,P018,5,-,Actual,Train
2025-01-24,P018,4,-,Actual,Train
2025-01-25,P018,3,-,Actual,Train
2025-01-26,P018,2,-,Actual,Train
2025-01-27,P018,0,-,Actual,Train
2025-01-28,P018,3,-,Actual,Train
2025-01-29,P018,8,-,Actual,Train
2025-01-30,P018,5,-,Actual,Train
2025-01-31,P018,0,-,Actual,Train
2025-02-01,P018,1,-,Actual,Train
2025-02-02,P018,0,-,Actual,Train
2025-02-03,P018,0,-,Actual,Train
2025-02-04,P018,2,-,Actual,Train
2025-02-05,P018,2,-,Actual,Train
2025-02-06,P018,1,-,Actual,Train
2025-02-07,P018,3,-,Actual,Train
2025-02-08,P018,7,-,Actual,Train
2025-02-09,P018,0,-,Actual,Train
2025-02-10,P018,2,-,Actual,Train
2025-02-11,P018,2,-,Actual,Train
2025-02-12,P018,0,-,Actual,Train
2025-02-13,P018,1,-,Actual,Train
2025-02-14,P018,5,-,Actual,Train
2025-02-15,P018,0,-,Actual,Train
2025-02-16,P018,1,-,Actual,Train
2025-02-17,P018,1,-,Actual,Train
2025-02-18,P018,0,-,Actual,Train
2025-02-19,P018,2,-,Actual,Train
2025-02-20,P018,6,-,Actual,Train
2025-02-21,P018,0,-,Actual,Train
2025-02-22,P018,2,-,Actual,Train
2025-02-23,P018,2,-,Actual,Train
2025-02-24,P018,3,-,Actual,Train
2025-02-25,P018,0,-,Actual,Train
2025-02-26,P018,0,-,Actual,Train
2025-02-27,P018,6,-,Actual,Train
2025-02-28,P018,6,-,Actual,Train
2025-03-01,P018,1,-,Actual,Train
2025-03-02,P018,0,-,Actual,Train
2025-03-03,P018,5,-,Actual,Train
2025-03-04,P018,1,-,Actual,Train
2025-03-05,P018,1,-,Actual,Train
2025-03-06,P018,4,-,Actual,Train
2025-03-07,P018,3,-,Actual,Train
2025-03-08,P018,4,-,Actual,Train
2025-03-09,P018,4,-,Actual,Train
2025-03-10,P018,0,-,Actual,Train
2025-03-11,P018,0,-,Actual,Train
2025-03-12,P018,3,-,Actual,Train
2025-03-13,P018,0,-,Actual,Train
2025-03-14,P018,3,-,Actual,Train
2025-03-15,P018,2,-,Actual,Train
2025-03-16,P018,0,-,Actual,Train
2025-03-17,P018,0,-,Actual,Train
2025-03-18,P018,0,-,Actual,Train
2025-03-19,P018,0,-,Actual,Train
2025-03-20,P018,0,-,Actual,Train
2025-03-21,P018,0,-,Actual,Train
2025-03-22,P018,4,-,Actual,Train
2025-03-23,P018,3,-,Actual,Train
2025-03-24,P018,0,-,Actual,Train
2025-03-25,P018,4,-,Actual,Train
2025-03-26,P018,9,-,Actual,Train
2025-03-27,P018,1,-,Actual,Train
2025-03-28,P018,0,-,Actual,Train
2025-03-29,P018,3,-,Actual,Train
2025-03-30,P018,5,-,Actual,Train
2025-03-31,P018,2,-,Actual,Train
2025-04-01,P018,2,-,Actual,Train
2025-04-02,P018,2,-,Actual,Train
2025-04-03,P018,3,-,Actual,Train
2025-04-04,P018,3,-,Actual,Train
2025-04-05,P018,0,-,Actual,Train
2025-04-06,P018,0,-,Actual,Train
2025-04-07,P018,2,-,Actual,Train
2025-04-08,P018,0,-,Actual,Train
2025-04-09,P018,0,-,Actual,Train
2025-04-10,P018,0,-,Actual,Train
2025-04-11,P018,6,-,Actual,Train
2025-04-12,P018,9,-,Actual,Train
2025-04-13,P018,1,-,Actual,Train
2025-04-14,P018,3,-,Actual,Train
2025-04-15,P018,4,-,Actual,Train
2025-04-16,P018,5,-,Actual,Train
2025-04-17,P018,0,-,Actual,Train
2025-04-18,P018,3,-,Actual,Train
2025-04-19,P018,3,-,Actual,Train
2025-04-20,P018,0,-,Actual,Train
2025-04-21,P018,2,-,Actual,Train
2025-04-22,P018,1,-,Actual,Train
2025-04-23,P018,0,-,Actual,Train
2025-04-24,P018,2,-,Actual,Train
2025-04-25,P018,1,-,Actual,Train
2025-04-26,P018,5,-,Actual,Train
2025-04-27,P018,8,-,Actual,Train
2025-04-28,P018,3,-,Actual,Train
2025-04-29,P018,0,-,Actual,Train
2025-04-30,P018,1,-,Actual,Train
2025-05-01,P018,3,-,Actual,Train
2025-05-02,P018,3,-,Actual,Train
2025-05-03,P018,0,-,Actual,Train
2025-05-04,P018,3,-,Actual,Train
2025-05-05,P018,0,-,Actual,Train
2025-05-06,P018,0,-,Actual,Train
2025-05-07,P018,0,-,Actual,Train
2025-05-08,P018,0,-,Actual,Train
2025-05-09,P018,9,-,Actual,Train
2025-05-10,P018,1,-,Actual,Train
2025-05-11,P018,0,-,Actual,Train
2025-05-12,P018,2,-,Actual,Train
2025-05-13,P018,1,-,Actual,Train
2025-05-14,P018,2,-,Actual,Train
2025-05-15,P018,0,-,Actual,Train
2025-05-16,P018,3,-,Actual,Train
2025-05-17,P018,2,-,Actual,Train
2025-05-18,P018,0,-,Actual,Train
2025-05-19,P018,4,-,Actual,Train
2025-05-20,P018,4,-,Actual,Train
2025-05-21,P018,3,-,Actual,Train
2025-05-22,P018,2,-,Actual,Train
2025-05-23,P018,3,-,Actual,Train
2025-05-24,P018,2,-,Actual,Train
2025-05-25,P018,1,-,Actual,Train
2025-05-26,P018,3,-,Actual,Train
2025-05-27,P018,3,-,Actual,Train
2025-05-28,P018,1,-,Actual,Train
2025-05-29,P018,1,-,Actual,Train
2025-05-30,P018,2,-,Actual,Train
2025-05-31,P018,0,-,Actual,Train
2025-06-01,P018,4,-,Actual,Train
2025-06-02,P018,12,-,Actual,Train
2025-06-03,P018,3,-,Actual,Train
2025-06-04,P018,6,-,Actual,Train
2025-06-05,P018,4,-,Actual,Train
2025-06-06,P018,5,-,Actual,Train
2025-06-07,P018,5,-,Actual,Train
2025-06-08,P018,3,-,Actual,Train
2025-06-09,P018,3,-,Actual,Train
2025-06-10,P018,0,-,Actual,Train
2025-06-11,P018,5,-,Actual,Train
2025-06-12,P018,0,-,Actual,Train
2025-06-13,P018,2,-,Actual,Train
2025-06-14,P018,6,-,Actual,Train
2025-06-15,P018,5,-,Actual,Train
2025-06-16,P018,1,-,Actual,Train
2025-06-17,P018,1,-,Actual,Train
2025-06-18,P018,0,-,Actual,Train
2025-06-19,P018,6,-,Actual,Train
2025-06-20,P018,4,-,Actual,Train
2025-06-21,P018,0,-,Actual,Train
2025-06-22,P018,2,-,Actual,Train
2025-06-23,P018,2,-,Actual,Train
2025-06-24,P018,14,-,Actual,Train
2025-06-25,P018,1,-,Actual,Train
2025-06-26,P018,3,-,Actual,Train
2025-06-27,P018,0,-,Actual,Train
2025-06-28,P018,0,-,Actual,Train
2025-06-29,P018,3,-,Actual,Train
2025-06-30,P018,4,-,Actual,Train
2025-07-01,P018,1,-,Actual,Train
2025-07-02,P018,2,-,Actual,Train
2025-07-03,P018,2,-,Actual,Train
2025-07-04,P018,2,-,Actual,Train
2025-07-05,P018,0,-,Actual,Train
2025-07-06,P018,3,-,Actual,Train
2025-07-07,P018,6,-,Actual,Train
2025-07-08,P018,3,-,Actual,Train
2025-07-09,P018,3,-,Actual,Train
2025-07-10,P018,4,-,Actual,Train
2025-07-11,P018,1,-,Actual,Train
2025-07-12,P018,2,-,Actual,Train
2025-07-13,P018,0,-,Actual,Train
2025-07-14,P018,5,-,Actual,Train
2025-07-15,P018,3,-,Actual,Train
2025-07-16,P018,0,-,Actual,Train
2025-07-17,P018,1,-,Actual,Train
2025-07-18,P018,4,-,Actual,Train
2025-07-19,P018,2,-,Actual,Train
2025-07-20,P018,1,-,Actual,Train
2025-07-21,P018,0,-,Actual,Train
2025-07-22,P018,4,-,Actual,Train
2025-07-23,P018,0,-,Actual,Train
2025-07-24,P018,0,-,Actual,Train
2025-07-25,P018,7,-,Actual,Train
2025-07-26,P018,2,-,Actual,Train
2025-07-27,P018,2,-,Actual,Train
2025-07-28,P018,4,-,Actual,Train
2025-07-29,P018,5,-,Actual,Train
2025-07-30,P018,3,-,Actual,Train
2025-07-31,P018,0,-,Actual,Train
2025-08-01,P018,3,-,Actual,Train
2025-08-02,P018,0,-,Actual,Train
2025-08-03,P018,0,-,Actual,Train
2025-08-04,P018,3,-,Actual,Train
2025-08-05,P018,3,-,Actual,Train
2025-08-06,P018,0,-,Actual,Train
2025-08-07,P018,1,-,Actual,Train
2025-08-08,P018,5,-,Actual,Train
2025-08-09,P018,2,-,Actual,Train
2025-08-10,P018,7,-,Actual,Train
2025-08-11,P018,0,-,Actual,Train
2025-08-12,P018,1,-,Actual,Train
2025-08-13,P018,4,-,Actual,Train
2025-08-14,P018,0,-,Actual,Train
2025-08-15,P018,1,-,Actual,Train
2025-08-16,P018,2,-,Actual,Train
2025-08-17,P018,2,-,Actual,Train
2025-08-18,P018,3,-,Actual,Train
2025-08-19,P018,2,-,Actual,Train
2025-08-20,P018,0,-,Actual,Train
2025-08-21,P018,6,-,Actual,Train
2025-08-22,P018,0,-,Actual,Train
2025-08-23,P018,4,-,Actual,Train
2025-08-24,P018,1,-,Actual,Train
2025-08-25,P018,5,-,Actual,Train
2025-08-26,P018,5,-,Actual,Train
2025-08-27,P018,3,-,Actual,Train
2025-08-28,P018,0,-,Actual,Train
2025-08-29,P018,0,-,Actual,Train
2025-08-30,P018,2,-,Actual,Train
2025-08-31,P018,4,-,Actual,Train
2025-09-01,P018,0,-,Actual,Train
2025-09-02,P018,8,-,Actual,Train
2025-09-03,P018,1,-,Actual,Train
2025-09-04,P018,5,-,Actual,Train
2025-09-05,P018,2,-,Actual,Train
2025-09-06,P018,1,-,Actual,Train
2025-09-07,P018,3,-,Actual,Train
2025-09-08,P018,0,-,Actual,Train
2025-09-09,P018,6,-,Actual,Train
2025-09-10,P018,6,-,Actual,Train
2025-09-11,P018,0,-,Actual,Train
2025-09-12,P018,3,-,Actual,Train
2025-09-13,P018,1,-,Actual,Train
2025-09-14,P018,0,-,Actual,Train
2025-01-08,P019,2,-,Actual,Train
2025-01-09,P019,3,-,Actual,Train
2025-01-10,P019,2,-,Actual,Train
2025-01-11,P019,1,-,Actual,Train
2025-01-12,P019,0,-,Actual,Train
2025-01-13,P019,0,-,Actual,Train
2025-01-14,P019,12,-,Actual,Train
2025-01-15,P019,0,-,Actual,Train
2025-01-16,P019,1,-,Actual,Train
2025-01-17,P019,0,-,Actual,Train
2025-01-18,P019,3,-,Actual,Train
2025-01-19,P019,2,-,Actual,Train
2025-01-20,P019,0,-,Actual,Train
2025-01-21,P019,1,-,Actual,Train
2025-01-22,P019,2,-,Actual,Train
2025-01-23,P019,3,-,Actual,Train
2025-01-24,P019,2,-,Actual,Train
2025-01-25,P019,0,-,Actual,Train
2025-01-26,P019,1,-,Actual,Train
2025-01-27,P019,2,-,Actual,Train
2025-01-28,P019,2,-,Actual,Train
2025-01-29,P019,2,-,Actual,Train
2025-01-30,P019,5,-,Actual,Train
2025-01-31,P019,0,-,Actual,Train
2025-02-01,P019,0,-,Actual,Train
2025-02-02,P019,2,-,Actual,Train
2025-02-03,P019,0,-,Actual,Train
2025-02-04,P019,4,-,Actual,Train
2025-02-05,P019,4,-,Actual,Train
2025-02-06,P019,2,-,Actual,Train
2025-02-07,P019,0,-,Actual,Train
2025-02-08,P019,1,-,Actual,Train
2025-02-09,P019,4,-,Actual,Train
2025-02-10,P019,3,-,Actual,Train
2025-02-11,P019,1,-,Actual,Train
2025-02-12,P019,0,-,Actual,Train
2025-02-13,P019,1,-,Actual,Train
2025-02-14,P019,2,-,Actual,Train
2025-02-15,P019,2,-,Actual,Train
2025-02-16,P019,0,-,Actual,Train
2025-02-17,P019,0,-,Actual,Train
2025-02-18,P019,1,-,Actual,Train
2025-02-19,P019,6,-,Actual,Train
2025-02-20,P019,8,-,Actual,Train
2025-02-21,P019,3,-,Actual,Train
2025-02-22,P019,0,-,Actual,Train
2025-02-23,P019,3,-,Actual,Train
2025-02-24,P019,1,-,Actual,Train
2025-02-25,P019,3,-,Actual,Train
2025-02-26,P019,0,-,Actual,Train
2025-02-27,P019,8,-,Actual,Train
2025-02-28,P019,0,-,Actual,Train
2025-03-01,P019,0,-,Actual,Train
2025-03-02,P019,0,-,Actual,Train
2025-03-03,P019,2,-,Actual,Train
2025-03-04,P019,2,-,Actual,Train
2025-03-05,P019,2,-,Actual,Train
2025-03-06,P019,0,-,Actual,Train
2025-03-07,P019,0,-,Actual,Train
2025-03-08,P019,0,-,Actual,Train
2025-03-09,P019,3,-,Actual,Train
2025-03-10,P019,2,-,Actual,Train
2025-03-11,P019,1,-,Actual,Train
2025-03-12,P019,2,-,Actual,Train
2025-03-13,P019,0,-,Actual,Train
2025-03-14,P019,6,-,Actual,Train
2025-03-15,P019,3,-,Actual,Train
2025-03-16,P019,3,-,Actual,Train
2025-03-17,P019,2,-,Actual,Train
2025-03-18,P019,1,-,Actual,Train
2025-03-19,P019,3,-,Actual,Train
2025-03-20,P019,4,-,Actual,Train
2025-03-21,P019,2,-,Actual,Train
2025-03-22,P019,1,-,Actual,Train
2025-03-23,P019,0,-,Actual,Train
2025-03-24,P019,3,-,Actual,Train
2025-03-25,P019,3,-,Actual,Train
2025-03-26,P019,1,-,Actual,Train
2025-03-27,P019,2,-,Actual,Train
2025-03-28,P019,0,-,Actual,Train
2025-03-29,P019,0,-,Actual,Train
2025-03-30,P019,2,-,Actual,Train
2025-03-31,P019,6,-,Actual,Train
2025-04-01,P019,1,-,Actual,Train
2025-04-02,P019,0,-,Actual,Train
2025-04-03,P019,2,-,Actual,Train
2025-04-04,P019,9,-,Actual,Train
2025-04-05,P019,0,-,Actual,Train
2025-04-06,P019,0,-,Actual,Train
2025-04-07,P019,2,-,Actual,Train
2025-04-08,P019,2,-,Actual,Train
2025-04-09,P019,3,-,Actual,Train
2025-04-10,P019,3,-,Actual,Train
2025-04-11,P019,2,-,Actual,Train
2025-04-12,P019,6,-,Actual,Train
2025-04-13,P019,2,-,Actual,Train
2025-04-14,P019,0,-,Actual,Train
2025-04-15,P019,3,-,Actual,Train
2025-04-16,P019,6,-,Actual,Train
2025-04-17,P019,0,-,Actual,Train
2025-04-18,P019,8,-,Actual,Train
2025-04-19,P019,5,-,Actual,Train
2025-04-20,P019,0,-,Actual,Train
2025-04-21,P019,4,-,Actual,Train
2025-04-22,P019,0,-,Actual,Train
2025-04-23,P019,1,-,Actual,Train
2025-04-24,P019,2,-,Actual,Train
2025-04-25,P019,2,-,Actual,Train
2025-04-26,P019,8,-,Actual,Train
2025-04-27,P019,3,-,Actual,Train
2025-04-28,P019,0,-,Actual,Train
2025-04-29,P019,0,-,Actual,Train
2025-04-30,P019,3,-,Actual,Train
2025-05-01,P019,0,-,Actual,Train
2025-05-02,P019,0,-,Actual,Train
2025-05-03,P019,0,-,Actual,Train
2025-05-04,P019,10,-,Actual,Train
2025-05-05,P019,0,-,Actual,Train
2025-05-06,P019,0,-,Actual,Train
2025-05-07,P019,2,-,Actual,Train
2025-05-08,P019,0,-,Actual,Train
2025-05-09,P019,2,-,Actual,Train
2025-05-10,P019,0,-,Actual,Train
2025-05-11,P019,0,-,Actual,Train
2025-05-12,P019,3,-,Actual,Train
2025-05-13,P019,1,-,Actual,Train
2025-05-14,P019,2,-,Actual,Train
2025-05-15,P019,0,-,Actual,Train
2025-05-16,P019,5,-,Actual,Train
2025-05-17,P019,3,-,Actual,Train
2025-05-18,P019,3,-,Actual,Train
2025-05-19,P019,9,-,Actual,Train
2025-05-20,P019,0,-,Actual,Train
2025-05-21,P019,3,-,Actual,Train
2025-05-22,P019,0,-,Actual,Train
2025-05-23,P019,6,-,Actual,Train
2025-05-24,P019,3,-,Actual,Train
2025-05-25,P019,3,-,Actual,Train
2025-05-26,P019,4,-,Actual,Train
2025-05-27,P019,9,-,Actual,Train
2025-05-28,P019,2,-,Actual,Train
2025-05-29,P019,1,-,Actual,Train
2025-05-30,P019,0,-,Actual,Train
2025-05-31,P019,0,-,Actual,Train
2025-06-01,P019,0,-,Actual,Train
2025-06-02,P019,0,-,Actual,Train
2025-06-03,P019,0,-,Actual,Train
2025-06-04,P019,10,-,Actual,Train
2025-06-05,P019,2,-,Actual,Train
2025-06-06,P019,0,-,Actual,Train
2025-06-07,P019,3,-,Actual,Train
2025-06-08,P019,6,-,Actual,Train
2025-06-09,P019,3,-,Actual,Train
2025-06-10,P019,8,-,Actual,Train
2025-06-11,P019,0,-,Actual,Train
2025-06-12,P019,0,-,Actual,Train
2025-06-13,P019,5,-,Actual,Train
2025-06-14,P019,9,-,Actual,Train
2025-06-15,P019,0,-,Actual,Train
2025-06-16,P019,0,-,Actual,Train
2025-06-17,P019,2,-,Actual,Train
2025-06-18,P019,1,-,Actual,Train
2025-06-19,P019,2,-,Actual,Train
2025-06-20,P019,3,-,Actual,Train
2025-06-21,P019,7,-,Actual,Train
2025-06-22,P019,2,-,Actual,Train
2025-06-23,P019,1,-,Actual,Train
2025-06-24,P019,5,-,Actual,Train
2025-06-25,P019,3,-,Actual,Train
2025-06-26,P019,0,-,Actual,Train
2025-06-27,P019,0,-,Actual,Train
2025-06-28,P019,1,-,Actual,Train
2025-06-29,P019,0,-,Actual,Train
2025-06-30,P019,3,-,Actual,Train
2025-07-01,P019,0,-,Actual,Train
2025-07-02,P019,4,-,Actual,Train
2025-07-03,P019,0,-,Actual,Train
2025-07-04,P019,0,-,Actual,Train
2025-07-05,P019,1,-,Actual,Train
2025-07-06,P019,2,-,Actual,Train
2025-07-07,P019,8,-,Actual,Train
2025-07-08,P019,0,-,Actual,Train
2025-07-09,P019,3,-,Actual,Train
2025-07-10,P019,5,-,Actual,Train
2025-07-11,P019,1,-,Actual,Train
2025-07-12,P019,2,-,Actual,Train
2025-07-13,P019,0,-,Actual,Train
2025-07-14,P019,2,-,Actual,Train
2025-07-15,P019,0,-,Actual,Train
2025-07-16,P019,1,-,Actual,Train
2025-07-17,P019,2,-,Actual,Train
2025-07-18,P019,0,-,Actual,Train
2025-07-19,P019,5,-,Actual,Train
2025-07-20,P019,1,-,Actual,Train
2025-07-21,P019,1,-,Actual,Train
2025-07-22,P019,0,-,Actual,Train
2025-07-23,P019,1,-,Actual,Train
2025-07-24,P019,0,-,Actual,Train
2025-07-25,P019,2,-,Actual,Train
2025-07-26,P019,3,-,Actual,Train
2025-07-27,P019,5,-,Actual,Train
2025-07-28,P019,4,-,Actual,Train
2025-07-29,P019,1,-,Actual,Train
2025-07-30,P019,0,-,Actual,Train
2025-07-31,P019,1,-,Actual,Train
2025-08-01,P019,0,-,Actual,Train
2025-08-02,P019,1,-,Actual,Train
2025-08-03,P019,0,-,Actual,Train
2025-08-04,P019,0,-,Actual,Train
2025-08-05,P019,3,-,Actual,Train
2025-08-06,P019,4,-,Actual,Train
2025-08-07,P019,3,-,Actual,Train
2025-08-08,P019,4,-,Actual,Train
2025-08-09,P019,0,-,Actual,Train
2025-08-10,P019,2,-,Actual,Train
2025-08-11,P019,2,-,Actual,Train
2025-08-12,P019,6,-,Actual,Train
2025-08-13,P019,0,-,Actual,Train
2025-08-14,P019,0,-,Actual,Train
2025-08-15,P019,1,-,Actual,Train
2025-08-16,P019,2,-,Actual,Train
2025-08-17,P019,4,-,Actual,Train
2025-08-18,P019,0,-,Actual,Train
2025-08-19,P019,4,-,Actual,Train
2025-08-20,P019,2,-,Actual,Train
2025-08-21,P019,5,-,Actual,Train
2025-08-22,P019,1,-,Actual,Train
2025-08-23,P019,0,-,Actual,Train
2025-08-24,P019,1,-,Actual,Train
2025-08-25,P019,1,-,Actual,Train
2025-08-26,P019,3,-,Actual,Train
2025-08-27,P019,2,-,Actual,Train
2025-08-28,P019,0,-,Actual,Train
2025-08-29,P019,0,-,Actual,Train
2025-08-30,P019,4,-,Actual,Train
2025-08-31,P019,1,-,Actual,Train
2025-09-01,P019,2,-,Actual,Train
2025-09-02,P019,1,-,Actual,Train
2025-09-03,P019,2,-,Actual,Train
2025-09-04,P019,3,-,Actual,Train
2025-09-05,P019,0,-,Actual,Train
2025-09-06,P019,6,-,Actual,Train
2025-09-07,P019,0,-,Actual,Train
2025-09-08,P019,6,-,Actual,Train
2025-09-09,P019,0,-,Actual,Train
2025-09-10,P019,0,-,Actual,Train
2025-09-11,P019,0,-,Actual,Train
2025-09-12,P019,1,-,Actual,Train
2025-09-13,P019,6,-,Actual,Train
2025-09-14,P019,3,-,Actual,Train
2025-01-08,P020,1,-,Actual,Train
2025-01-09,P020,0,-,Actual,Train
2025-01-10,P020,1,-,Actual,Train
2025-01-11,P020,6,-,Actual,Train
2025-01-12,P020,0,-,Actual,Train
2025-01-13,P020,0,-,Actual,Train
2025-01-14,P020,1,-,Actual,Train
2025-01-15,P020,0,-,Actual,Train
2025-01-16,P020,7,-,Actual,Train
2025-01-17,P020,0,-,Actual,Train
2025-01-18,P020,0,-,Actual,Train
2025-01-19,P020,2,-,Actual,Train
2025-01-20,P020,0,-,Actual,Train
2025-01-21,P020,5,-,Actual,Train
2025-01-22,P020,5,-,Actual,Train
2025-01-23,P020,4,-,Actual,Train
2025-01-24,P020,3,-,Actual,Train
2025-01-25,P020,0,-,Actual,Train
2025-01-26,P020,2,-,Actual,Train
2025-01-27,P020,3,-,Actual,Train
2025-01-28,P020,1,-,Actual,Train
2025-01-29,P020,6,-,Actual,Train
2025-01-30,P020,0,-,Actual,Train
2025-01-31,P020,3,-,Actual,Train
2025-02-01,P020,0,-,Actual,Train
2025-02-02,P020,3,-,Actual,Train
2025-02-03,P020,0,-,Actual,Train
2025-02-04,P020,5,-,Actual,Train
2025-02-05,P020,0,-,Actual,Train
2025-02-06,P020,2,-,Actual,Train
2025-02-07,P020,4,-,Actual,Train
2025-02-08,P020,0,-,Actual,Train
2025-02-09,P020,4,-,Actual,Train
2025-02-10,P020,1,-,Actual,Train
2025-02-11,P020,2,-,Actual,Train
2025-02-12,P020,3,-,Actual,Train
2025-02-13,P020,5,-,Actual,Train
2025-02-14,P020,0,-,Actual,Train
2025-02-15,P020,0,-,Actual,Train
2025-02-16,P020,0,-,Actual,Train
2025-02-17,P020,3,-,Actual,Train
2025-02-18,P020,1,-,Actual,Train
2025-02-19,P020,5,-,Actual,Train
2025-02-20,P020,2,-,Actual,Train
2025-02-21,P020,1,-,Actual,Train
2025-02-22,P020,0,-,Actual,Train
2025-02-23,P020,3,-,Actual,Train
2025-02-24,P020,0,-,Actual,Train
2025-02-25,P020,3,-,Actual,Train
2025-02-26,P020,6,-,Actual,Train
2025-02-27,P020,4,-,Actual,Train
2025-02-28,P020,0,-,Actual,Train
2025-03-01,P020,5,-,Actual,Train
2025-03-02,P020,0,-,Actual,Train
2025-03-03,P020,8,-,Actual,Train
2025-03-04,P020,6,-,Actual,Train
2025-03-05,P020,9,-,Actual,Train
2025-03-06,P020,6,-,Actual,Train
2025-03-07,P020,5,-,Actual,Train
2025-03-08,P020,3,-,Actual,Train
2025-03-09,P020,1,-,Actual,Train
2025-03-10,P020,3,-,Actual,Train
2025-03-11,P020,2,-,Actual,Train
2025-03-12,P020,4,-,Actual,Train
2025-03-13,P020,0,-,Actual,Train
2025-03-14,P020,3,-,Actual,Train
2025-03-15,P020,1,-,Actual,Train
2025-03-16,P020,0,-,Actual,Train
2025-03-17,P020,0,-,Actual,Train
2025-03-18,P020,1,-,Actual,Train
2025-03-19,P020,0,-,Actual,Train
2025-03-20,P020,0,-,Actual,Train
2025-03-21,P020,3,-,Actual,Train
2025-03-22,P020,0,-,Actual,Train
2025-03-23,P020,0,-,Actual,Train
2025-03-24,P020,0,-,Actual,Train
2025-03-25,P020,3,-,Actual,Train
2025-03-26,P020,4,-,Actual,Train
2025-03-27,P020,0,-,Actual,Train
2025-03-28,P020,0,-,Actual,Train
2025-03-29,P020,0,-,Actual,Train
2025-03-30,P020,3,-,Actual,Train
2025-03-31,P020,0,-,Actual,Train
2025-04-01,P020,5,-,Actual,Train
2025-04-02,P020,0,-,Actual,Train
2025-04-03,P020,0,-,Actual,Train
2025-04-04,P020,4,-,Actual,Train
2025-04-05,P020,3,-,Actual,Train
2025-04-06,P020,9,-,Actual,Train
2025-04-07,P020,1,-,Actual,Train
2025-04-08,P020,1,-,Actual,Train
2025-04-09,P020,2,-,Actual,Train
2025-04-10,P020,1,-,Actual,Train
2025-04-11,P020,3,-,Actual,Train
2025-04-12,P020,0,-,Actual,Train
2025-04-13,P020,0,-,Actual,Train
2025-04-14,P020,0,-,Actual,Train
2025-04-15,P020,2,-,Actual,Train
2025-04-16,P020,0,-,Actual,Train
2025-04-17,P020,4,-,Actual,Train
2025-04-18,P020,0,-,Actual,Train
2025-04-19,P020,0,-,Actual,Train
2025-04-20,P020,4,-,Actual,Train
2025-04-21,P020,4,-,Actual,Train
2025-04-22,P020,3,-,Actual,Train
2025-04-23,P020,2,-,Actual,Train
2025-04-24,P020,2,-,Actual,Train
2025-04-25,P020,3,-,Actual,Train
2025-04-26,P020,1,-,Actual,Train
2025-04-27,P020,5,-,Actual,Train
2025-04-28,P020,0,-,Actual,Train
2025-04-29,P020,1,-,Actual,Train
2025-04-30,P020,0,-,Actual,Train
2025-05-01,P020,5,-,Actual,Train
2025-05-02,P020,1,-,Actual,Train
2025-05-03,P020,3,-,Actual,Train
2025-05-04,P020,2,-,Actual,Train
2025-05-05,P020,2,-,Actual,Train
2025-05-06,P020,0,-,Actual,Train
2025-05-07,P020,3,-,Actual,Train
2025-05-08,P020,0,-,Actual,Train
2025-05-09,P020,3,-,Actual,Train
2025-05-10,P020,0,-,Actual,Train
2025-05-11,P020,0,-,Actual,Train
2025-05-12,P020,4,-,Actual,Train
2025-05-13,P020,2,-,Actual,Train
2025-05-14,P020,2,-,Actual,Train
2025-05-15,P020,7,-,Actual,Train
2025-05-16,P020,3,-,Actual,Train
2025-05-17,P020,0,-,Actual,Train
2025-05-18,P020,2,-,Actual,Train
2025-05-19,P020,1,-,Actual,Train
2025-05-20,P020,3,-,Actual,Train
2025-05-21,P020,0,-,Actual,Train
2025-05-22,P020,3,-,Actual,Train
2025-05-23,P020,6,-,Actual,Train
2025-05-24,P020,1,-,Actual,Train
2025-05-25,P020,3,-,Actual,Train
2025-05-26,P020,1,-,Actual,Train
2025-05-27,P020,0,-,Actual,Train
2025-05-28,P020,0,-,Actual,Train
2025-05-29,P020,0,-,Actual,Train
2025-05-30,P020,0,-,Actual,Train
2025-05-31,P020,8,-,Actual,Train
2025-06-01,P020,4,-,Actual,Train
2025-06-02,P020,4,-,Actual,Train
2025-06-03,P020,1,-,Actual,Train
2025-06-04,P020,2,-,Actual,Train
2025-06-05,P020,3,-,Actual,Train
2025-06-06,P020,5,-,Actual,Train
2025-06-07,P020,0,-,Actual,Train
2025-06-08,P020,0,-,Actual,Train
2025-06-09,P020,0,-,Actual,Train
2025-06-10,P020,4,-,Actual,Train
2025-06-11,P020,1,-,Actual,Train
2025-06-12,P020,0,-,Actual,Train
2025-06-13,P020,1,-,Actual,Train
2025-06-14,P020,6,-,Actual,Train
2025-06-15,P020,3,-,Actual,Train
2025-06-16,P020,4,-,Actual,Train
2025-06-17,P020,0,-,Actual,Train
2025-06-18,P020,0,-,Actual,Train
2025-06-19,P020,4,-,Actual,Train
2025-06-20,P020,0,-,Actual,Train
2025-06-21,P020,0,-,Actual,Train
2025-06-22,P020,3,-,Actual,Train
2025-06-23,P020,0,-,Actual,Train
2025-06-24,P020,4,-,Actual,Train
2025-06-25,P020,3,-,Actual,Train
2025-06-26,P020,3,-,Actual,Train
2025-06-27,P020,9,-,Actual,Train
2025-06-28,P020,0,-,Actual,Train
2025-06-29,P020,1,-,Actual,Train
2025-06-30,P020,2,-,Actual,Train
2025-07-01,P020,1,-,Actual,Train
2025-07-02,P020,0,-,Actual,Train
2025-07-03,P020,3,-,Actual,Train
2025-07-04,P020,3,-,Actual,Train
2025-07-05,P020,0,-,Actual,Train
2025-07-06,P020,4,-,Actual,Train
2025-07-07,P020,3,-,Actual,Train
2025-07-08,P020,0,-,Actual,Train
2025-07-09,P020,2,-,Actual,Train
2025-07-10,P020,0,-,Actual,Train
2025-07-11,P020,0,-,Actual,Train
2025-07-12,P020,12,-,Actual,Train
2025-07-13,P020,4,-,Actual,Train
2025-07-14,P020,0,-,Actual,Train
2025-07-15,P020,3,-,Actual,Train
2025-07-16,P020,4,-,Actual,Train
2025-07-17,P020,4,-,Actual,Train
2025-07-18,P020,0,-,Actual,Train
2025-07-19,P020,0,-,Actual,Train
2025-07-20,P020,4,-,Actual,Train
2025-07-21,P020,0,-,Actual,Train
2025-07-22,P020,0,-,Actual,Train
2025-07-23,P020,0,-,Actual,Train
2025-07-24,P020,3,-,Actual,Train
2025-07-25,P020,0,-,Actual,Train
2025-07-26,P020,0,-,Actual,Train
2025-07-27,P020,0,-,Actual,Train
2025-07-28,P020,6,-,Actual,Train
2025-07-29,P020,1,-,Actual,Train
2025-07-30,P020,2,-,Actual,Train
2025-07-31,P020,1,-,Actual,Train
2025-08-01,P020,0,-,Actual,Train
2025-08-02,P020,5,-,Actual,Train
2025-08-03,P020,1,-,Actual,Train
2025-08-04,P020,1,-,Actual,Train
2025-08-05,P020,0,-,Actual,Train
2025-08-06,P020,1,-,Actual,Train
2025-08-07,P020,2,-,Actual,Train
2025-08-08,P020,1,-,Actual,Train
2025-08-09,P020,0,-,Actual,Train
2025-08-10,P020,0,-,Actual,Train
2025-08-11,P020,3,-,Actual,Train
2025-08-12,P020,7,-,Actual,Train
2025-08-13,P020,3,-,Actual,Train
2025-08-14,P020,2,-,Actual,Train
2025-08-15,P020,1,-,Actual,Train
2025-08-16,P020,0,-,Actual,Train
2025-08-17,P020,5,-,Actual,Train
2025-08-18,P020,0,-,Actual,Train
2025-08-19,P020,0,-,Actual,Train
2025-08-20,P020,1,-,Actual,Train
2025-08-21,P020,3,-,Actual,Train
2025-08-22,P020,5,-,Actual,Train
2025-08-23,P020,2,-,Actual,Train
2025-08-24,P020,2,-,Actual,Train
2025-08-25,P020,6,-,Actual,Train
2025-08-26,P020,2,-,Actual,Train
2025-08-27,P020,3,-,Actual,Train
2025-08-28,P020,3,-,Actual,Train
2025-08-29,P020,2,-,Actual,Train
2025-08-30,P020,0,-,Actual,Train
2025-08-31,P020,5,-,Actual,Train
2025-09-01,P020,9,-,Actual,Train
2025-09-02,P020,0,-,Actual,Train
2025-09-03,P020,1,-,Actual,Train
2025-09-04,P020,2,-,Actual,Train
2025-09-05,P020,3,-,Actual,Train
2025-09-06,P020,0,-,Actual,Train
2025-09-07,P020,5,-,Actual,Train
2025-09-08,P020,0,-,Actual,Train
2025-09-09,P020,0,-,Actual,Train
2025-09-10,P020,0,-,Actual,Train
2025-09-11,P020,0,-,Actual,Train
2025-09-12,P020,0,-,Actual,Train
2025-09-13,P020,0,-,Actual,Train
2025-09-14,P020,0,-,Actual,Train
2025-09-15,P001,0,-,Actual,Valid
2025-09-16,P001,0,-,Actual,Valid
2025-09-17,P001,1,-,Actual,Valid
2025-09-18,P001,5,-,Actual,Valid
2025-09-19,P001,3,-,Actual,Valid
2025-09-20,P001,7,-,Actual,Valid
2025-09-21,P001,4,-,Actual,Valid
2025-09-22,P001,0,-,Actual,Valid
2025-09-23,P001,5,-,Actual,Valid
2025-09-24,P001,0,-,Actual,Valid
2025-09-25,P001,2,-,Actual,Valid
2025-09-26,P001,4,-,Actual,Valid
2025-09-27,P001,10,-,Actual,Valid
2025-09-28,P001,3,-,Actual,Valid
2025-09-29,P001,8,-,Actual,Valid
2025-09-30,P001,1,-,Actual,Valid
2025-10-01,P001,4,-,Actual,Valid
2025-10-02,P001,0,-,Actual,Valid
2025-10-03,P001,0,-,Actual,Valid
2025-10-04,P001,3,-,Actual,Valid
2025-10-05,P001,1,-,Actual,Valid
2025-10-06,P001,0,-,Actual,Valid
2025-10-07,P001,0,-,Actual,Valid
2025-10-08,P001,2,-,Actual,Valid
2025-10-09,P001,4,-,Actual,Valid
2025-10-10,P001,1,-,Actual,Valid
2025-10-11,P001,2,-,Actual,Valid
2025-10-12,P001,1,-,Actual,Valid
2025-10-13,P001,5,-,Actual,Valid
2025-10-14,P001,2,-,Actual,Valid
2025-10-15,P001,1,-,Actual,Valid
2025-10-16,P001,2,-,Actual,Valid
2025-10-17,P001,4,-,Actual,Valid
2025-10-18,P001,3,-,Actual,Valid
2025-10-19,P001,0,-,Actual,Valid
2025-10-20,P001,0,-,Actual,Valid
2025-10-21,P001,0,-,Actual,Valid
2025-10-22,P001,1,-,Actual,Valid
2025-10-23,P001,1,-,Actual,Valid
2025-10-24,P001,0,-,Actual,Valid
2025-10-25,P001,7,-,Actual,Valid
2025-10-26,P001,1,-,Actual,Valid
2025-10-27,P001,0,-,Actual,Valid
2025-10-28,P001,2,-,Actual,Valid
2025-10-29,P001,8,-,Actual,Valid
2025-10-30,P001,2,-,Actual,Valid
2025-10-31,P001,1,-,Actual,Valid
2025-11-01,P001,0,-,Actual,Valid
2025-11-02,P001,7,-,Actual,Valid
2025-11-03,P001,3,-,Actual,Valid
2025-11-04,P001,1,-,Actual,Valid
2025-11-05,P001,5,-,Actual,Valid
2025-11-06,P001,4,-,Actual,Valid
2025-11-07,P001,0,-,Actual,Valid
2025-11-08,P001,0,-,Actual,Valid
2025-11-09,P001,0,-,Actual,Valid
2025-11-10,P001,2,-,Actual,Valid
2025-11-11,P001,1,-,Actual,Valid
2025-11-12,P001,0,-,Actual,Valid
2025-11-13,P001,3,-,Actual,Valid
2025-11-14,P001,0,-,Actual,Valid
2025-11-15,P001,0,-,Actual,Valid
2025-11-16,P001,0,-,Actual,Valid
2025-11-17,P001,1,-,Actual,Valid
2025-11-18,P001,0,-,Actual,Valid
2025-11-19,P001,0,-,Actual,Valid
2025-11-20,P001,0,-,Actual,Valid
2025-11-21,P001,0,-,Actual,Valid
2025-11-22,P001,6,-,Actual,Valid
2025-11-23,P001,2,-,Actual,Valid
2025-11-24,P001,5,-,Actual,Valid
2025-09-15,P002,1,-,Actual,Valid
2025-09-16,P002,3,-,Actual,Valid
2025-09-17,P002,0,-,Actual,Valid
2025-09-18,P002,2,-,Actual,Valid
2025-09-19,P002,0,-,Actual,Valid
2025-09-20,P002,0,-,Actual,Valid
2025-09-21,P002,0,-,Actual,Valid
2025-09-22,P002,5,-,Actual,Valid
2025-09-23,P002,3,-,Actual,Valid
2025-09-24,P002,3,-,Actual,Valid
2025-09-25,P002,0,-,Actual,Valid
2025-09-26,P002,3,-,Actual,Valid
2025-09-27,P002,1,-,Actual,Valid
2025-09-28,P002,9,-,Actual,Valid
2025-09-29,P002,2,-,Actual,Valid
2025-09-30,P002,5,-,Actual,Valid
2025-10-01,P002,3,-,Actual,Valid
2025-10-02,P002,0,-,Actual,Valid
2025-10-03,P002,2,-,Actual,Valid
2025-10-04,P002,5,-,Actual,Valid
2025-10-05,P002,0,-,Actual,Valid
2025-10-06,P002,0,-,Actual,Valid
2025-10-07,P002,3,-,Actual,Valid
2025-10-08,P002,1,-,Actual,Valid
2025-10-09,P002,0,-,Actual,Valid
2025-10-10,P002,1,-,Actual,Valid
2025-10-11,P002,3,-,Actual,Valid
2025-10-12,P002,3,-,Actual,Valid
2025-10-13,P002,0,-,Actual,Valid
2025-10-14,P002,1,-,Actual,Valid
2025-10-15,P002,1,-,Actual,Valid
2025-10-16,P002,5,-,Actual,Valid
2025-10-17,P002,5,-,Actual,Valid
2025-10-18,P002,0,-,Actual,Valid
2025-10-19,P002,2,-,Actual,Valid
2025-10-20,P002,1,-,Actual,Valid
2025-10-21,P002,1,-,Actual,Valid
2025-10-22,P002,6,-,Actual,Valid
2025-10-23,P002,1,-,Actual,Valid
2025-10-24,P002,2,-,Actual,Valid
2025-10-25,P002,0,-,Actual,Valid
2025-10-26,P002,1,-,Actual,Valid
2025-10-27,P002,0,-,Actual,Valid
2025-10-28,P002,0,-,Actual,Valid
2025-10-29,P002,3,-,Actual,Valid
2025-10-30,P002,8,-,Actual,Valid
2025-10-31,P002,1,-,Actual,Valid
2025-11-01,P002,3,-,Actual,Valid
2025-11-02,P002,1,-,Actual,Valid
2025-11-03,P002,8,-,Actual,Valid
2025-11-04,P002,2,-,Actual,Valid
2025-11-05,P002,0,-,Actual,Valid
2025-11-06,P002,2,-,Actual,Valid
2025-11-07,P002,2,-,Actual,Valid
2025-11-08,P002,3,-,Actual,Valid
2025-11-09,P002,1,-,Actual,Valid
2025-11-10,P002,0,-,Actual,Valid
2025-11-11,P002,0,-,Actual,Valid
2025-11-12,P002,0,-,Actual,Valid
2025-11-13,P002,3,-,Actual,Valid
2025-11-14,P002,1,-,Actual,Valid
2025-11-15,P002,0,-,Actual,Valid
2025-11-16,P002,1,-,Actual,Valid
2025-11-17,P002,0,-,Actual,Valid
2025-11-18,P002,0,-,Actual,Valid
2025-11-19,P002,1,-,Actual,Valid
2025-11-20,P002,0,-,Actual,Valid
2025-11-21,P002,3,-,Actual,Valid
2025-11-22,P002,3,-,Actual,Valid
2025-11-23,P002,1,-,Actual,Valid
2025-11-24,P002,5,-,Actual,Valid
2025-09-15,P003,4,-,Actual,Valid
2025-09-16,P003,0,-,Actual,Valid
2025-09-17,P003,0,-,Actual,Valid
2025-09-18,P003,5,-,Actual,Valid
2025-09-19,P003,0,-,Actual,Valid
2025-09-20,P003,8,-,Actual,Valid
2025-09-21,P003,5,-,Actual,Valid
2025-09-22,P003,0,-,Actual,Valid
2025-09-23,P003,2,-,Actual,Valid
2025-09-24,P003,0,-,Actual,Valid
2025-09-25,P003,2,-,Actual,Valid
2025-09-26,P003,0,-,Actual,Valid
2025-09-27,P003,4,-,Actual,Valid
2025-09-28,P003,1,-,Actual,Valid
2025-09-29,P003,1,-,Actual,Valid
2025-09-30,P003,4,-,Actual,Valid
2025-10-01,P003,0,-,Actual,Valid
2025-10-02,P003,0,-,Actual,Valid
2025-10-03,P003,0,-,Actual,Valid
2025-10-04,P003,10,-,Actual,Valid
2025-10-05,P003,2,-,Actual,Valid
2025-10-06,P003,0,-,Actual,Valid
2025-10-07,P003,2,-,Actual,Valid
2025-10-08,P003,3,-,Actual,Valid
2025-10-09,P003,0,-,Actual,Valid
2025-10-10,P003,0,-,Actual,Valid
2025-10-11,P003,4,-,Actual,Valid
2025-10-12,P003,4,-,Actual,Valid
2025-10-13,P003,0,-,Actual,Valid
2025-10-14,P003,1,-,Actual,Valid
2025-10-15,P003,1,-,Actual,Valid
2025-10-16,P003,1,-,Actual,Valid
2025-10-17,P003,6,-,Actual,Valid
2025-10-18,P003,1,-,Actual,Valid
2025-10-19,P003,1,-,Actual,Valid
2025-10-20,P003,2,-,Actual,Valid
2025-10-21,P003,3,-,Actual,Valid
2025-10-22,P003,5,-,Actual,Valid
2025-10-23,P003,0,-,Actual,Valid
2025-10-24,P003,0,-,Actual,Valid
2025-10-25,P003,11,-,Actual,Valid
2025-10-26,P003,3,-,Actual,Valid
2025-10-27,P003,1,-,Actual,Valid
2025-10-28,P003,4,-,Actual,Valid
2025-10-29,P003,1,-,Actual,Valid
2025-10-30,P003,2,-,Actual,Valid
2025-10-31,P003,5,-,Actual,Valid
2025-11-01,P003,5,-,Actual,Valid
2025-11-02,P003,0,-,Actual,Valid
2025-11-03,P003,4,-,Actual,Valid
2025-11-04,P003,1,-,Actual,Valid
2025-11-05,P003,0,-,Actual,Valid
2025-11-06,P003,1,-,Actual,Valid
2025-11-07,P003,0,-,Actual,Valid
2025-11-08,P003,5,-,Actual,Valid
2025-11-09,P003,3,-,Actual,Valid
2025-11-10,P003,1,-,Actual,Valid
2025-11-11,P003,3,-,Actual,Valid
2025-11-12,P003,2,-,Actual,Valid
2025-11-13,P003,5,-,Actual,Valid
2025-11-14,P003,0,-,Actual,Valid
2025-11-15,P003,0,-,Actual,Valid
2025-11-16,P003,0,-,Actual,Valid
2025-11-17,P003,0,-,Actual,Valid
2025-11-18,P003,0,-,Actual,Valid
2025-11-19,P003,3,-,Actual,Valid
2025-11-20,P003,2,-,Actual,Valid
2025-11-21,P003,0,-,Actual,Valid
2025-11-22,P003,1,-,Actual,Valid
2025-11-23,P003,1,-,Actual,Valid
2025-11-24,P003,0,-,Actual,Valid
2025-09-15,P004,0,-,Actual,Valid
2025-09-16,P004,3,-,Actual,Valid
2025-09-17,P004,1,-,Actual,Valid
2025-09-18,P004,1,-,Actual,Valid
2025-09-19,P004,2,-,Actual,Valid
2025-09-20,P004,2,-,Actual,Valid
2025-09-21,P004,0,-,Actual,Valid
2025-09-22,P004,1,-,Actual,Valid
2025-09-23,P004,6,-,Actual,Valid
2025-09-24,P004,1,-,Actual,Valid
2025-09-25,P004,2,-,Actual,Valid
2025-09-26,P004,6,-,Actual,Valid
2025-09-27,P004,13,-,Actual,Valid
2025-09-28,P004,1,-,Actual,Valid
2025-09-29,P004,2,-,Actual,Valid
2025-09-30,P004,2,-,Actual,Valid
2025-10-01,P004,7,-,Actual,Valid
2025-10-02,P004,0,-,Actual,Valid
2025-10-03,P004,0,-,Actual,Valid
2025-10-04,P004,2,-,Actual,Valid
2025-10-05,P004,0,-,Actual,Valid
2025-10-06,P004,1,-,Actual,Valid
2025-10-07,P004,0,-,Actual,Valid
2025-10-08,P004,0,-,Actual,Valid
2025-10-09,P004,4,-,Actual,Valid
2025-10-10,P004,0,-,Actual,Valid
2025-10-11,P004,0,-,Actual,Valid
2025-10-12,P004,4,-,Actual,Valid
2025-10-13,P004,3,-,Actual,Valid
2025-10-14,P004,3,-,Actual,Valid
2025-10-15,P004,3,-,Actual,Valid
2025-10-16,P004,3,-,Actual,Valid
2025-10-17,P004,0,-,Actual,Valid
2025-10-18,P004,3,-,Actual,Valid
2025-10-19,P004,6,-,Actual,Valid
2025-10-20,P004,0,-,Actual,Valid
2025-10-21,P004,0,-,Actual,Valid
2025-10-22,P004,4,-,Actual,Valid
2025-10-23,P004,1,-,Actual,Valid
2025-10-24,P004,1,-,Actual,Valid
2025-10-25,P004,4,-,Actual,Valid
2025-10-26,P004,0,-,Actual,Valid
2025-10-27,P004,0,-,Actual,Valid
2025-10-28,P004,0,-,Actual,Valid
2025-10-29,P004,4,-,Actual,Valid
2025-10-30,P004,6,-,Actual,Valid
2025-10-31,P004,0,-,Actual,Valid
2025-11-01,P004,4,-,Actual,Valid
2025-11-02,P004,1,-,Actual,Valid
2025-11-03,P004,0,-,Actual,Valid
2025-11-04,P004,4,-,Actual,Valid
2025-11-05,P004,5,-,Actual,Valid
2025-11-06,P004,0,-,Actual,Valid
2025-11-07,P004,3,-,Actual,Valid
2025-11-08,P004,0,-,Actual,Valid
2025-11-09,P004,4,-,Actual,Valid
2025-11-10,P004,0,-,Actual,Valid
2025-11-11,P004,0,-,Actual,Valid
2025-11-12,P004,8,-,Actual,Valid
2025-11-13,P004,3,-,Actual,Valid
2025-11-14,P004,0,-,Actual,Valid
2025-11-15,P004,3,-,Actual,Valid
2025-11-16,P004,1,-,Actual,Valid
2025-11-17,P004,3,-,Actual,Valid
2025-11-18,P004,0,-,Actual,Valid
2025-11-19,P004,0,-,Actual,Valid
2025-11-20,P004,0,-,Actual,Valid
2025-11-21,P004,6,-,Actual,Valid
2025-11-22,P004,2,-,Actual,Valid
2025-11-23,P004,0,-,Actual,Valid
2025-11-24,P004,4,-,Actual,Valid
2025-09-15,P005,0,-,Actual,Valid
2025-09-16,P005,0,-,Actual,Valid
2025-09-17,P005,7,-,Actual,Valid
2025-09-18,P005,3,-,Actual,Valid
2025-09-19,P005,3,-,Actual,Valid
2025-09-20,P005,0,-,Actual,Valid
2025-09-21,P005,6,-,Actual,Valid
2025-09-22,P005,0,-,Actual,Valid
2025-09-23,P005,2,-,Actual,Valid
2025-09-24,P005,3,-,Actual,Valid
2025-09-25,P005,3,-,Actual,Valid
2025-09-26,P005,0,-,Actual,Valid
2025-09-27,P005,2,-,Actual,Valid
2025-09-28,P005,0,-,Actual,Valid
2025-09-29,P005,0,-,Actual,Valid
2025-09-30,P005,3,-,Actual,Valid
2025-10-01,P005,2,-,Actual,Valid
2025-10-02,P005,0,-,Actual,Valid
2025-10-03,P005,0,-,Actual,Valid
2025-10-04,P005,1,-,Actual,Valid
2025-10-05,P005,1,-,Actual,Valid
2025-10-06,P005,0,-,Actual,Valid
2025-10-07,P005,0,-,Actual,Valid
2025-10-08,P005,0,-,Actual,Valid
2025-10-09,P005,5,-,Actual,Valid
2025-10-10,P005,2,-,Actual,Valid
2025-10-11,P005,3,-,Actual,Valid
2025-10-12,P005,0,-,Actual,Valid
2025-10-13,P005,0,-,Actual,Valid
2025-10-14,P005,0,-,Actual,Valid
2025-10-15,P005,3,-,Actual,Valid
2025-10-16,P005,0,-,Actual,Valid
2025-10-17,P005,6,-,Actual,Valid
2025-10-18,P005,0,-,Actual,Valid
2025-10-19,P005,1,-,Actual,Valid
2025-10-20,P005,0,-,Actual,Valid
2025-10-21,P005,3,-,Actual,Valid
2025-10-22,P005,2,-,Actual,Valid
2025-10-23,P005,2,-,Actual,Valid
2025-10-24,P005,2,-,Actual,Valid
2025-10-25,P005,6,-,Actual,Valid
2025-10-26,P005,3,-,Actual,Valid
2025-10-27,P005,3,-,Actual,Valid
2025-10-28,P005,1,-,Actual,Valid
2025-10-29,P005,0,-,Actual,Valid
2025-10-30,P005,3,-,Actual,Valid
2025-10-31,P005,8,-,Actual,Valid
2025-11-01,P005,0,-,Actual,Valid
2025-11-02,P005,2,-,Actual,Valid
2025-11-03,P005,0,-,Actual,Valid
2025-11-04,P005,6,-,Actual,Valid
2025-11-05,P005,4,-,Actual,Valid
2025-11-06,P005,3,-,Actual,Valid
2025-11-07,P005,3,-,Actual,Valid
2025-11-08,P005,3,-,Actual,Valid
2025-11-09,P005,3,-,Actual,Valid
2025-11-10,P005,4,-,Actual,Valid
2025-11-11,P005,0,-,Actual,Valid
2025-11-12,P005,4,-,Actual,Valid
2025-11-13,P005,1,-,Actual,Valid
2025-11-14,P005,1,-,Actual,Valid
2025-11-15,P005,3,-,Actual,Valid
2025-11-16,P005,0,-,Actual,Valid
2025-11-17,P005,2,-,Actual,Valid
2025-11-18,P005,2,-,Actual,Valid
2025-11-19,P005,2,-,Actual,Valid
2025-11-20,P005,2,-,Actual,Valid
2025-11-21,P005,5,-,Actual,Valid
2025-11-22,P005,0,-,Actual,Valid
2025-11-23,P005,0,-,Actual,Valid
2025-11-24,P005,2,-,Actual,Valid
2025-09-15,P006,0,-,Actual,Valid
2025-09-16,P006,3,-,Actual,Valid
2025-09-17,P006,1,-,Actual,Valid
2025-09-18,P006,0,-,Actual,Valid
2025-09-19,P006,1,-,Actual,Valid
2025-09-20,P006,0,-,Actual,Valid
2025-09-21,P006,5,-,Actual,Valid
2025-09-22,P006,5,-,Actual,Valid
2025-09-23,P006,6,-,Actual,Valid
2025-09-24,P006,1,-,Actual,Valid
2025-09-25,P006,2,-,Actual,Valid
2025-09-26,P006,4,-,Actual,Valid
2025-09-27,P006,3,-,Actual,Valid
2025-09-28,P006,2,-,Actual,Valid
2025-09-29,P006,2,-,Actual,Valid
2025-09-30,P006,1,-,Actual,Valid
2025-10-01,P006,2,-,Actual,Valid
2025-10-02,P006,3,-,Actual,Valid
2025-10-03,P006,1,-,Actual,Valid
2025-10-04,P006,7,-,Actual,Valid
2025-10-05,P006,2,-,Actual,Valid
2025-10-06,P006,1,-,Actual,Valid
2025-10-07,P006,0,-,Actual,Valid
2025-10-08,P006,10,-,Actual,Valid
2025-10-09,P006,3,-,Actual,Valid
2025-10-10,P006,0,-,Actual,Valid
2025-10-11,P006,8,-,Actual,Valid
2025-10-12,P006,4,-,Actual,Valid
2025-10-13,P006,0,-,Actual,Valid
2025-10-14,P006,2,-,Actual,Valid
2025-10-15,P006,3,-,Actual,Valid
2025-10-16,P006,3,-,Actual,Valid
2025-10-17,P006,4,-,Actual,Valid
2025-10-18,P006,0,-,Actual,Valid
2025-10-19,P006,2,-,Actual,Valid
2025-10-20,P006,0,-,Actual,Valid
2025-10-21,P006,0,-,Actual,Valid
2025-10-22,P006,3,-,Actual,Valid
2025-10-23,P006,6,-,Actual,Valid
2025-10-24,P006,6,-,Actual,Valid
2025-10-25,P006,0,-,Actual,Valid
2025-10-26,P006,3,-,Actual,Valid
2025-10-27,P006,1,-,Actual,Valid
2025-10-28,P006,6,-,Actual,Valid
2025-10-29,P006,0,-,Actual,Valid
2025-10-30,P006,1,-,Actual,Valid
2025-10-31,P006,0,-,Actual,Valid
2025-11-01,P006,0,-,Actual,Valid
2025-11-02,P006,0,-,Actual,Valid
2025-11-03,P006,0,-,Actual,Valid
2025-11-04,P006,5,-,Actual,Valid
2025-11-05,P006,3,-,Actual,Valid
2025-11-06,P006,0,-,Actual,Valid
2025-11-07,P006,2,-,Actual,Valid
2025-11-08,P006,1,-,Actual,Valid
2025-11-09,P006,1,-,Actual,Valid
2025-11-10,P006,0,-,Actual,Valid
2025-11-11,P006,0,-,Actual,Valid
2025-11-12,P006,0,-,Actual,Valid
2025-11-13,P006,0,-,Actual,Valid
2025-11-14,P006,0,-,Actual,Valid
2025-11-15,P006,2,-,Actual,Valid
2025-11-16,P006,0,-,Actual,Valid
2025-11-17,P006,0,-,Actual,Valid
2025-11-18,P006,2,-,Actual,Valid
2025-11-19,P006,5,-,Actual,Valid
2025-11-20,P006,0,-,Actual,Valid
2025-11-21,P006,2,-,Actual,Valid
2025-11-22,P006,2,-,Actual,Valid
2025-11-23,P006,0,-,Actual,Valid
2025-11-24,P006,4,-,Actual,Valid
2025-09-15,P007,0,-,Actual,Valid
2025-09-16,P007,0,-,Actual,Valid
2025-09-17,P007,0,-,Actual,Valid
2025-09-18,P007,0,-,Actual,Valid
2025-09-19,P007,0,-,Actual,Valid
2025-09-20,P007,2,-,Actual,Valid
2025-09-21,P007,4,-,Actual,Valid
2025-09-22,P007,2,-,Actual,Valid
2025-09-23,P007,6,-,Actual,Valid
2025-09-24,P007,3,-,Actual,Valid
2025-09-25,P007,0,-,Actual,Valid
2025-09-26,P007,3,-,Actual,Valid
2025-09-27,P007,0,-,Actual,Valid
2025-09-28,P007,2,-,Actual,Valid
2025-09-29,P007,0,-,Actual,Valid
2025-09-30,P007,0,-,Actual,Valid
2025-10-01,P007,1,-,Actual,Valid
2025-10-02,P007,0,-,Actual,Valid
2025-10-03,P007,2,-,Actual,Valid
2025-10-04,P007,2,-,Actual,Valid
2025-10-05,P007,8,-,Actual,Valid
2025-10-06,P007,0,-,Actual,Valid
2025-10-07,P007,0,-,Actual,Valid
2025-10-08,P007,6,-,Actual,Valid
2025-10-09,P007,0,-,Actual,Valid
2025-10-10,P007,3,-,Actual,Valid
2025-10-11,P007,1,-,Actual,Valid
2025-10-12,P007,3,-,Actual,Valid
2025-10-13,P007,0,-,Actual,Valid
2025-10-14,P007,1,-,Actual,Valid
2025-10-15,P007,0,-,Actual,Valid
2025-10-16,P007,4,-,Actual,Valid
2025-10-17,P007,4,-,Actual,Valid
2025-10-18,P007,5,-,Actual,Valid
2025-10-19,P007,0,-,Actual,Valid
2025-10-20,P007,0,-,Actual,Valid
2025-10-21,P007,2,-,Actual,Valid
2025-10-22,P007,0,-,Actual,Valid
2025-10-23,P007,1,-,Actual,Valid
2025-10-24,P007,0,-,Actual,Valid
2025-10-25,P007,8,-,Actual,Valid
2025-10-26,P007,3,-,Actual,Valid
2025-10-27,P007,0,-,Actual,Valid
2025-10-28,P007,0,-,Actual,Valid
2025-10-29,P007,0,-,Actual,Valid
2025-10-30,P007,0,-,Actual,Valid
2025-10-31,P007,0,-,Actual,Valid
2025-11-01,P007,0,-,Actual,Valid
2025-11-02,P007,3,-,Actual,Valid
2025-11-03,P007,3,-,Actual,Valid
2025-11-04,P007,0,-,Actual,Valid
2025-11-05,P007,0,-,Actual,Valid
2025-11-06,P007,3,-,Actual,Valid
2025-11-07,P007,0,-,Actual,Valid
2025-11-08,P007,3,-,Actual,Valid
2025-11-09,P007,2,-,Actual,Valid
2025-11-10,P007,3,-,Actual,Valid
2025-11-11,P007,2,-,Actual,Valid
2025-11-12,P007,2,-,Actual,Valid
2025-11-13,P007,2,-,Actual,Valid
2025-11-14,P007,0,-,Actual,Valid
2025-11-15,P007,4,-,Actual,Valid
2025-11-16,P007,0,-,Actual,Valid
2025-11-17,P007,2,-,Actual,Valid
2025-11-18,P007,3,-,Actual,Valid
2025-11-19,P007,4,-,Actual,Valid
2025-11-20,P007,3,-,Actual,Valid
2025-11-21,P007,0,-,Actual,Valid
2025-11-22,P007,3,-,Actual,Valid
2025-11-23,P007,3,-,Actual,Valid
2025-11-24,P007,0,-,Actual,Valid
2025-09-15,P008,2,-,Actual,Valid
2025-09-16,P008,1,-,Actual,Valid
2025-09-17,P008,1,-,Actual,Valid
2025-09-18,P008,3,-,Actual,Valid
2025-09-19,P008,0,-,Actual,Valid
2025-09-20,P008,0,-,Actual,Valid
2025-09-21,P008,0,-,Actual,Valid
2025-09-22,P008,6,-,Actual,Valid
2025-09-23,P008,4,-,Actual,Valid
2025-09-24,P008,4,-,Actual,Valid
2025-09-25,P008,0,-,Actual,Valid
2025-09-26,P008,0,-,Actual,Valid
2025-09-27,P008,11,-,Actual,Valid
2025-09-28,P008,1,-,Actual,Valid
2025-09-29,P008,3,-,Actual,Valid
2025-09-30,P008,0,-,Actual,Valid
2025-10-01,P008,4,-,Actual,Valid
2025-10-02,P008,1,-,Actual,Valid
2025-10-03,P008,3,-,Actual,Valid
2025-10-04,P008,1,-,Actual,Valid
2025-10-05,P008,2,-,Actual,Valid
2025-10-06,P008,0,-,Actual,Valid
2025-10-07,P008,0,-,Actual,Valid
2025-10-08,P008,1,-,Actual,Valid
2025-10-09,P008,2,-,Actual,Valid
2025-10-10,P008,2,-,Actual,Valid
2025-10-11,P008,4,-,Actual,Valid
2025-10-12,P008,3,-,Actual,Valid
2025-10-13,P008,2,-,Actual,Valid
2025-10-14,P008,0,-,Actual,Valid
2025-10-15,P008,0,-,Actual,Valid
2025-10-16,P008,0,-,Actual,Valid
2025-10-17,P008,0,-,Actual,Valid
2025-10-18,P008,0,-,Actual,Valid
2025-10-19,P008,4,-,Actual,Valid
2025-10-20,P008,2,-,Actual,Valid
2025-10-21,P008,3,-,Actual,Valid
2025-10-22,P008,3,-,Actual,Valid
2025-10-23,P008,3,-,Actual,Valid
2025-10-24,P008,4,-,Actual,Valid
2025-10-25,P008,1,-,Actual,Valid
2025-10-26,P008,2,-,Actual,Valid
2025-10-27,P008,0,-,Actual,Valid
2025-10-28,P008,0,-,Actual,Valid
2025-10-29,P008,0,-,Actual,Valid
2025-10-30,P008,4,-,Actual,Valid
2025-10-31,P008,2,-,Actual,Valid
2025-11-01,P008,0,-,Actual,Valid
2025-11-02,P008,1,-,Actual,Valid
2025-11-03,P008,2,-,Actual,Valid
2025-11-04,P008,3,-,Actual,Valid
2025-11-05,P008,2,-,Actual,Valid
2025-11-06,P008,0,-,Actual,Valid
2025-11-07,P008,0,-,Actual,Valid
2025-11-08,P008,1,-,Actual,Valid
2025-11-09,P008,2,-,Actual,Valid
2025-11-10,P008,2,-,Actual,Valid
2025-11-11,P008,1,-,Actual,Valid
2025-11-12,P008,2,-,Actual,Valid
2025-11-13,P008,3,-,Actual,Valid
2025-11-14,P008,5,-,Actual,Valid
2025-11-15,P008,0,-,Actual,Valid
2025-11-16,P008,0,-,Actual,Valid
2025-11-17,P008,0,-,Actual,Valid
2025-11-18,P008,0,-,Actual,Valid
2025-11-19,P008,0,-,Actual,Valid
2025-11-20,P008,0,-,Actual,Valid
2025-11-21,P008,0,-,Actual,Valid
2025-11-22,P008,0,-,Actual,Valid
2025-11-23,P008,3,-,Actual,Valid
2025-11-24,P008,0,-,Actual,Valid
2025-09-15,P009,2,-,Actual,Valid
2025-09-16,P009,3,-,Actual,Valid
2025-09-17,P009,3,-,Actual,Valid
2025-09-18,P009,2,-,Actual,Valid
2025-09-19,P009,0,-,Actual,Valid
2025-09-20,P009,0,-,Actual,Valid
2025-09-21,P009,3,-,Actual,Valid
2025-09-22,P009,0,-,Actual,Valid
2025-09-23,P009,6,-,Actual,Valid
2025-09-24,P009,1,-,Actual,Valid
2025-09-25,P009,1,-,Actual,Valid
2025-09-26,P009,7,-,Actual,Valid
2025-09-27,P009,7,-,Actual,Valid
2025-09-28,P009,2,-,Actual,Valid
2025-09-29,P009,3,-,Actual,Valid
2025-09-30,P009,0,-,Actual,Valid
2025-10-01,P009,2,-,Actual,Valid
2025-10-02,P009,3,-,Actual,Valid
2025-10-03,P009,0,-,Actual,Valid
2025-10-04,P009,3,-,Actual,Valid
2025-10-05,P009,1,-,Actual,Valid
2025-10-06,P009,2,-,Actual,Valid
2025-10-07,P009,0,-,Actual,Valid
2025-10-08,P009,5,-,Actual,Valid
2025-10-09,P009,0,-,Actual,Valid
2025-10-10,P009,0,-,Actual,Valid
2025-10-11,P009,0,-,Actual,Valid
2025-10-12,P009,0,-,Actual,Valid
2025-10-13,P009,0,-,Actual,Valid
2025-10-14,P009,5,-,Actual,Valid
2025-10-15,P009,0,-,Actual,Valid
2025-10-16,P009,0,-,Actual,Valid
2025-10-17,P009,8,-,Actual,Valid
2025-10-18,P009,3,-,Actual,Valid
2025-10-19,P009,0,-,Actual,Valid
2025-10-20,P009,3,-,Actual,Valid
2025-10-21,P009,5,-,Actual,Valid
2025-10-22,P009,4,-,Actual,Valid
2025-10-23,P009,1,-,Actual,Valid
2025-10-24,P009,1,-,Actual,Valid
2025-10-25,P009,6,-,Actual,Valid
2025-10-26,P009,0,-,Actual,Valid
2025-10-27,P009,0,-,Actual,Valid
2025-10-28,P009,0,-,Actual,Valid
2025-10-29,P009,9,-,Actual,Valid
2025-10-30,P009,2,-,Actual,Valid
2025-10-31,P009,3,-,Actual,Valid
2025-11-01,P009,2,-,Actual,Valid
2025-11-02,P009,0,-,Actual,Valid
2025-11-03,P009,2,-,Actual,Valid
2025-11-04,P009,8,-,Actual,Valid
2025-11-05,P009,0,-,Actual,Valid
2025-11-06,P009,0,-,Actual,Valid
2025-11-07,P009,0,-,Actual,Valid
2025-11-08,P009,1,-,Actual,Valid
2025-11-09,P009,0,-,Actual,Valid
2025-11-10,P009,2,-,Actual,Valid
2025-11-11,P009,2,-,Actual,Valid
2025-11-12,P009,5,-,Actual,Valid
2025-11-13,P009,3,-,Actual,Valid
2025-11-14,P009,0,-,Actual,Valid
2025-11-15,P009,2,-,Actual,Valid
2025-11-16,P009,0,-,Actual,Valid
2025-11-17,P009,0,-,Actual,Valid
2025-11-18,P009,1,-,Actual,Valid
2025-11-19,P009,1,-,Actual,Valid
2025-11-20,P009,0,-,Actual,Valid
2025-11-21,P009,3,-,Actual,Valid
2025-11-22,P009,1,-,Actual,Valid
2025-11-23,P009,0,-,Actual,Valid
2025-11-24,P009,0,-,Actual,Valid
2025-09-15,P010,4,-,Actual,Valid
2025-09-16,P010,0,-,Actual,Valid
2025-09-17,P010,8,-,Actual,Valid
2025-09-18,P010,3,-,Actual,Valid
2025-09-19,P010,0,-,Actual,Valid
2025-09-20,P010,0,-,Actual,Valid
2025-09-21,P010,1,-,Actual,Valid
2025-09-22,P010,0,-,Actual,Valid
2025-09-23,P010,4,-,Actual,Valid
2025-09-24,P010,2,-,Actual,Valid
2025-09-25,P010,1,-,Actual,Valid
2025-09-26,P010,3,-,Actual,Valid
2025-09-27,P010,7,-,Actual,Valid
2025-09-28,P010,3,-,Actual,Valid
2025-09-29,P010,5,-,Actual,Valid
2025-09-30,P010,3,-,Actual,Valid
2025-10-01,P010,5,-,Actual,Valid
2025-10-02,P010,0,-,Actual,Valid
2025-10-03,P010,3,-,Actual,Valid
2025-10-04,P010,1,-,Actual,Valid
2025-10-05,P010,2,-,Actual,Valid
2025-10-06,P010,0,-,Actual,Valid
2025-10-07,P010,0,-,Actual,Valid
2025-10-08,P010,4,-,Actual,Valid
2025-10-09,P010,3,-,Actual,Valid
2025-10-10,P010,0,-,Actual,Valid
2025-10-11,P010,4,-,Actual,Valid
2025-10-12,P010,3,-,Actual,Valid
2025-10-13,P010,1,-,Actual,Valid
2025-10-14,P010,3,-,Actual,Valid
2025-10-15,P010,1,-,Actual,Valid
2025-10-16,P010,2,-,Actual,Valid
2025-10-17,P010,8,-,Actual,Valid
2025-10-18,P010,0,-,Actual,Valid
2025-10-19,P010,1,-,Actual,Valid
2025-10-20,P010,0,-,Actual,Valid
2025-10-21,P010,0,-,Actual,Valid
2025-10-22,P010,5,-,Actual,Valid
2025-10-23,P010,2,-,Actual,Valid
2025-10-24,P010,2,-,Actual,Valid
2025-10-25,P010,4,-,Actual,Valid
2025-10-26,P010,1,-,Actual,Valid
2025-10-27,P010,0,-,Actual,Valid
2025-10-28,P010,3,-,Actual,Valid
2025-10-29,P010,0,-,Actual,Valid
2025-10-30,P010,5,-,Actual,Valid
2025-10-31,P010,5,-,Actual,Valid
2025-11-01,P010,6,-,Actual,Valid
2025-11-02,P010,0,-,Actual,Valid
2025-11-03,P010,3,-,Actual,Valid
2025-11-04,P010,3,-,Actual,Valid
2025-11-05,P010,3,-,Actual,Valid
2025-11-06,P010,6,-,Actual,Valid
2025-11-07,P010,0,-,Actual,Valid
2025-11-08,P010,0,-,Actual,Valid
2025-11-09,P010,4,-,Actual,Valid
2025-11-10,P010,2,-,Actual,Valid
2025-11-11,P010,1,-,Actual,Valid
2025-11-12,P010,3,-,Actual,Valid
2025-11-13,P010,3,-,Actual,Valid
2025-11-14,P010,0,-,Actual,Valid
2025-11-15,P010,8,-,Actual,Valid
2025-11-16,P010,0,-,Actual,Valid
2025-11-17,P010,0,-,Actual,Valid
2025-11-18,P010,8,-,Actual,Valid
2025-11-19,P010,0,-,Actual,Valid
2025-11-20,P010,1,-,Actual,Valid
2025-11-21,P010,4,-,Actual,Valid
2025-11-22,P010,0,-,Actual,Valid
2025-11-23,P010,2,-,Actual,Valid
2025-11-24,P010,3,-,Actual,Valid
2025-09-15,P011,3,-,Actual,Valid
2025-09-16,P011,4,-,Actual,Valid
2025-09-17,P011,8,-,Actual,Valid
2025-09-18,P011,3,-,Actual,Valid
2025-09-19,P011,2,-,Actual,Valid
2025-09-20,P011,0,-,Actual,Valid
2025-09-21,P011,5,-,Actual,Valid
2025-09-22,P011,3,-,Actual,Valid
2025-09-23,P011,3,-,Actual,Valid
2025-09-24,P011,1,-,Actual,Valid
2025-09-25,P011,4,-,Actual,Valid
2025-09-26,P011,0,-,Actual,Valid
2025-09-27,P011,2,-,Actual,Valid
2025-09-28,P011,1,-,Actual,Valid
2025-09-29,P011,8,-,Actual,Valid
2025-09-30,P011,3,-,Actual,Valid
2025-10-01,P011,0,-,Actual,Valid
2025-10-02,P011,0,-,Actual,Valid
2025-10-03,P011,0,-,Actual,Valid
2025-10-04,P011,0,-,Actual,Valid
2025-10-05,P011,0,-,Actual,Valid
2025-10-06,P011,1,-,Actual,Valid
2025-10-07,P011,5,-,Actual,Valid
2025-10-08,P011,1,-,Actual,Valid
2025-10-09,P011,3,-,Actual,Valid
2025-10-10,P011,0,-,Actual,Valid
2025-10-11,P011,1,-,Actual,Valid
2025-10-12,P011,4,-,Actual,Valid
2025-10-13,P011,0,-,Actual,Valid
2025-10-14,P011,4,-,Actual,Valid
2025-10-15,P011,0,-,Actual,Valid
2025-10-16,P011,2,-,Actual,Valid
2025-10-17,P011,1,-,Actual,Valid
2025-10-18,P011,1,-,Actual,Valid
2025-10-19,P011,1,-,Actual,Valid
2025-10-20,P011,0,-,Actual,Valid
2025-10-21,P011,1,-,Actual,Valid
2025-10-22,P011,6,-,Actual,Valid
2025-10-23,P011,3,-,Actual,Valid
2025-10-24,P011,4,-,Actual,Valid
2025-10-25,P011,2,-,Actual,Valid
2025-10-26,P011,0,-,Actual,Valid
2025-10-27,P011,6,-,Actual,Valid
2025-10-28,P011,0,-,Actual,Valid
2025-10-29,P011,3,-,Actual,Valid
2025-10-30,P011,3,-,Actual,Valid
2025-10-31,P011,0,-,Actual,Valid
2025-11-01,P011,0,-,Actual,Valid
2025-11-02,P011,0,-,Actual,Valid
2025-11-03,P011,1,-,Actual,Valid
2025-11-04,P011,9,-,Actual,Valid
2025-11-05,P011,5,-,Actual,Valid
2025-11-06,P011,0,-,Actual,Valid
2025-11-07,P011,2,-,Actual,Valid
2025-11-08,P011,0,-,Actual,Valid
2025-11-09,P011,5,-,Actual,Valid
2025-11-10,P011,4,-,Actual,Valid
2025-11-11,P011,0,-,Actual,Valid
2025-11-12,P011,3,-,Actual,Valid
2025-11-13,P011,1,-,Actual,Valid
2025-11-14,P011,0,-,Actual,Valid
2025-11-15,P011,0,-,Actual,Valid
2025-11-16,P011,5,-,Actual,Valid
2025-11-17,P011,0,-,Actual,Valid
2025-11-18,P011,0,-,Actual,Valid
2025-11-19,P011,2,-,Actual,Valid
2025-11-20,P011,0,-,Actual,Valid
2025-11-21,P011,4,-,Actual,Valid
2025-11-22,P011,0,-,Actual,Valid
2025-11-23,P011,0,-,Actual,Valid
2025-11-24,P011,1,-,Actual,Valid
2025-09-15,P012,1,-,Actual,Valid
2025-09-16,P012,3,-,Actual,Valid
2025-09-17,P012,3,-,Actual,Valid
2025-09-18,P012,4,-,Actual,Valid
2025-09-19,P012,2,-,Actual,Valid
2025-09-20,P012,3,-,Actual,Valid
2025-09-21,P012,0,-,Actual,Valid
2025-09-22,P012,4,-,Actual,Valid
2025-09-23,P012,5,-,Actual,Valid
2025-09-24,P012,6,-,Actual,Valid
2025-09-25,P012,0,-,Actual,Valid
2025-09-26,P012,0,-,Actual,Valid
2025-09-27,P012,0,-,Actual,Valid
2025-09-28,P012,0,-,Actual,Valid
2025-09-29,P012,0,-,Actual,Valid
2025-09-30,P012,0,-,Actual,Valid
2025-10-01,P012,2,-,Actual,Valid
2025-10-02,P012,2,-,Actual,Valid
2025-10-03,P012,3,-,Actual,Valid
2025-10-04,P012,2,-,Actual,Valid
2025-10-05,P012,2,-,Actual,Valid
2025-10-06,P012,0,-,Actual,Valid
2025-10-07,P012,0,-,Actual,Valid
2025-10-08,P012,6,-,Actual,Valid
2025-10-09,P012,1,-,Actual,Valid
2025-10-10,P012,3,-,Actual,Valid
2025-10-11,P012,0,-,Actual,Valid
2025-10-12,P012,1,-,Actual,Valid
2025-10-13,P012,0,-,Actual,Valid
2025-10-14,P012,5,-,Actual,Valid
2025-10-15,P012,0,-,Actual,Valid
2025-10-16,P012,2,-,Actual,Valid
2025-10-17,P012,0,-,Actual,Valid
2025-10-18,P012,0,-,Actual,Valid
2025-10-19,P012,0,-,Actual,Valid
2025-10-20,P012,0,-,Actual,Valid
2025-10-21,P012,0,-,Actual,Valid
2025-10-22,P012,4,-,Actual,Valid
2025-10-23,P012,0,-,Actual,Valid
2025-10-24,P012,8,-,Actual,Valid
2025-10-25,P012,5,-,Actual,Valid
2025-10-26,P012,0,-,Actual,Valid
2025-10-27,P012,1,-,Actual,Valid
2025-10-28,P012,0,-,Actual,Valid
2025-10-29,P012,0,-,Actual,Valid
2025-10-30,P012,0,-,Actual,Valid
2025-10-31,P012,3,-,Actual,Valid
2025-11-01,P012,0,-,Actual,Valid
2025-11-02,P012,3,-,Actual,Valid
2025-11-03,P012,5,-,Actual,Valid
2025-11-04,P012,1,-,Actual,Valid
2025-11-05,P012,3,-,Actual,Valid
2025-11-06,P012,2,-,Actual,Valid
2025-11-07,P012,1,-,Actual,Valid
2025-11-08,P012,0,-,Actual,Valid
2025-11-09,P012,6,-,Actual,Valid
2025-11-10,P012,6,-,Actual,Valid
2025-11-11,P012,2,-,Actual,Valid
2025-11-12,P012,3,-,Actual,Valid
2025-11-13,P012,0,-,Actual,Valid
2025-11-14,P012,0,-,Actual,Valid
2025-11-15,P012,0,-,Actual,Valid
2025-11-16,P012,0,-,Actual,Valid
2025-11-17,P012,3,-,Actual,Valid
2025-11-18,P012,4,-,Actual,Valid
2025-11-19,P012,6,-,Actual,Valid
2025-11-20,P012,0,-,Actual,Valid
2025-11-21,P012,0,-,Actual,Valid
2025-11-22,P012,5,-,Actual,Valid
2025-11-23,P012,3,-,Actual,Valid
2025-11-24,P012,3,-,Actual,Valid
2025-09-15,P013,2,-,Actual,Valid
2025-09-16,P013,0,-,Actual,Valid
2025-09-17,P013,3,-,Actual,Valid
2025-09-18,P013,0,-,Actual,Valid
2025-09-19,P013,2,-,Actual,Valid
2025-09-20,P013,3,-,Actual,Valid
2025-09-21,P013,3,-,Actual,Valid
2025-09-22,P013,5,-,Actual,Valid
2025-09-23,P013,1,-,Actual,Valid
2025-09-24,P013,1,-,Actual,Valid
2025-09-25,P013,2,-,Actual,Valid
2025-09-26,P013,2,-,Actual,Valid
2025-09-27,P013,2,-,Actual,Valid
2025-09-28,P013,2,-,Actual,Valid
2025-09-29,P013,0,-,Actual,Valid
2025-09-30,P013,4,-,Actual,Valid
2025-10-01,P013,0,-,Actual,Valid
2025-10-02,P013,1,-,Actual,Valid
2025-10-03,P013,0,-,Actual,Valid
2025-10-04,P013,6,-,Actual,Valid
2025-10-05,P013,2,-,Actual,Valid
2025-10-06,P013,0,-,Actual,Valid
2025-10-07,P013,0,-,Actual,Valid
2025-10-08,P013,1,-,Actual,Valid
2025-10-09,P013,2,-,Actual,Valid
2025-10-10,P013,3,-,Actual,Valid
2025-10-11,P013,4,-,Actual,Valid
2025-10-12,P013,0,-,Actual,Valid
2025-10-13,P013,0,-,Actual,Valid
2025-10-14,P013,0,-,Actual,Valid
2025-10-15,P013,0,-,Actual,Valid
2025-10-16,P013,0,-,Actual,Valid
2025-10-17,P013,0,-,Actual,Valid
2025-10-18,P013,0,-,Actual,Valid
2025-10-19,P013,0,-,Actual,Valid
2025-10-20,P013,3,-,Actual,Valid
2025-10-21,P013,0,-,Actual,Valid
2025-10-22,P013,3,-,Actual,Valid
2025-10-23,P013,7,-,Actual,Valid
2025-10-24,P013,4,-,Actual,Valid
2025-10-25,P013,3,-,Actual,Valid
2025-10-26,P013,4,-,Actual,Valid
2025-10-27,P013,0,-,Actual,Valid
2025-10-28,P013,3,-,Actual,Valid
2025-10-29,P013,4,-,Actual,Valid
2025-10-30,P013,4,-,Actual,Valid
2025-10-31,P013,0,-,Actual,Valid
2025-11-01,P013,0,-,Actual,Valid
2025-11-02,P013,0,-,Actual,Valid
2025-11-03,P013,6,-,Actual,Valid
2025-11-04,P013,3,-,Actual,Valid
2025-11-05,P013,3,-,Actual,Valid
2025-11-06,P013,0,-,Actual,Valid
2025-11-07,P013,4,-,Actual,Valid
2025-11-08,P013,5,-,Actual,Valid
2025-11-09,P013,2,-,Actual,Valid
2025-11-10,P013,2,-,Actual,Valid
2025-11-11,P013,0,-,Actual,Valid
2025-11-12,P013,0,-,Actual,Valid
2025-11-13,P013,8,-,Actual,Valid
2025-11-14,P013,2,-,Actual,Valid
2025-11-15,P013,2,-,Actual,Valid
2025-11-16,P013,0,-,Actual,Valid
2025-11-17,P013,0,-,Actual,Valid
2025-11-18,P013,3,-,Actual,Valid
2025-11-19,P013,6,-,Actual,Valid
2025-11-20,P013,0,-,Actual,Valid
2025-11-21,P013,1,-,Actual,Valid
2025-11-22,P013,0,-,Actual,Valid
2025-11-23,P013,1,-,Actual,Valid
2025-11-24,P013,1,-,Actual,Valid
2025-09-15,P014,0,-,Actual,Valid
2025-09-16,P014,0,-,Actual,Valid
2025-09-17,P014,5,-,Actual,Valid
2025-09-18,P014,4,-,Actual,Valid
2025-09-19,P014,2,-,Actual,Valid
2025-09-20,P014,0,-,Actual,Valid
2025-09-21,P014,8,-,Actual,Valid
2025-09-22,P014,0,-,Actual,Valid
2025-09-23,P014,0,-,Actual,Valid
2025-09-24,P014,3,-,Actual,Valid
2025-09-25,P014,1,-,Actual,Valid
2025-09-26,P014,0,-,Actual,Valid
2025-09-27,P014,5,-,Actual,Valid
2025-09-28,P014,4,-,Actual,Valid
2025-09-29,P014,3,-,Actual,Valid
2025-09-30,P014,0,-,Actual,Valid
2025-10-01,P014,2,-,Actual,Valid
2025-10-02,P014,0,-,Actual,Valid
2025-10-03,P014,0,-,Actual,Valid
2025-10-04,P014,3,-,Actual,Valid
2025-10-05,P014,2,-,Actual,Valid
2025-10-06,P014,3,-,Actual,Valid
2025-10-07,P014,0,-,Actual,Valid
2025-10-08,P014,0,-,Actual,Valid
2025-10-09,P014,0,-,Actual,Valid
2025-10-10,P014,0,-,Actual,Valid
2025-10-11,P014,3,-,Actual,Valid
2025-10-12,P014,2,-,Actual,Valid
2025-10-13,P014,0,-,Actual,Valid
2025-10-14,P014,3,-,Actual,Valid
2025-10-15,P014,0,-,Actual,Valid
2025-10-16,P014,2,-,Actual,Valid
2025-10-17,P014,0,-,Actual,Valid
2025-10-18,P014,1,-,Actual,Valid
2025-10-19,P014,1,-,Actual,Valid
2025-10-20,P014,2,-,Actual,Valid
2025-10-21,P014,1,-,Actual,Valid
2025-10-22,P014,0,-,Actual,Valid
2025-10-23,P014,3,-,Actual,Valid
2025-10-24,P014,3,-,Actual,Valid
2025-10-25,P014,12,-,Actual,Valid
2025-10-26,P014,0,-,Actual,Valid
2025-10-27,P014,0,-,Actual,Valid
2025-10-28,P014,0,-,Actual,Valid
2025-10-29,P014,7,-,Actual,Valid
2025-10-30,P014,2,-,Actual,Valid
2025-10-31,P014,3,-,Actual,Valid
2025-11-01,P014,0,-,Actual,Valid
2025-11-02,P014,4,-,Actual,Valid
2025-11-03,P014,0,-,Actual,Valid
2025-11-04,P014,0,-,Actual,Valid
2025-11-05,P014,5,-,Actual,Valid
2025-11-06,P014,2,-,Actual,Valid
2025-11-07,P014,0,-,Actual,Valid
2025-11-08,P014,5,-,Actual,Valid
2025-11-09,P014,4,-,Actual,Valid
2025-11-10,P014,2,-,Actual,Valid
2025-11-11,P014,0,-,Actual,Valid
2025-11-12,P014,1,-,Actual,Valid
2025-11-13,P014,2,-,Actual,Valid
2025-11-14,P014,0,-,Actual,Valid
2025-11-15,P014,2,-,Actual,Valid
2025-11-16,P014,0,-,Actual,Valid
2025-11-17,P014,0,-,Actual,Valid
2025-11-18,P014,0,-,Actual,Valid
2025-11-19,P014,8,-,Actual,Valid
2025-11-20,P014,0,-,Actual,Valid
2025-11-21,P014,0,-,Actual,Valid
2025-11-22,P014,0,-,Actual,Valid
2025-11-23,P014,6,-,Actual,Valid
2025-11-24,P014,0,-,Actual,Valid
2025-09-15,P015,6,-,Actual,Valid
2025-09-16,P015,0,-,Actual,Valid
2025-09-17,P015,0,-,Actual,Valid
2025-09-18,P015,1,-,Actual,Valid
2025-09-19,P015,0,-,Actual,Valid
2025-09-20,P015,0,-,Actual,Valid
2025-09-21,P015,1,-,Actual,Valid
2025-09-22,P015,5,-,Actual,Valid
2025-09-23,P015,3,-,Actual,Valid
2025-09-24,P015,0,-,Actual,Valid
2025-09-25,P015,0,-,Actual,Valid
2025-09-26,P015,0,-,Actual,Valid
2025-09-27,P015,14,-,Actual,Valid
2025-09-28,P015,4,-,Actual,Valid
2025-09-29,P015,5,-,Actual,Valid
2025-09-30,P015,0,-,Actual,Valid
2025-10-01,P015,1,-,Actual,Valid
2025-10-02,P015,3,-,Actual,Valid
2025-10-03,P015,3,-,Actual,Valid
2025-10-04,P015,1,-,Actual,Valid
2025-10-05,P015,2,-,Actual,Valid
2025-10-06,P015,4,-,Actual,Valid
2025-10-07,P015,2,-,Actual,Valid
2025-10-08,P015,0,-,Actual,Valid
2025-10-09,P015,5,-,Actual,Valid
2025-10-10,P015,5,-,Actual,Valid
2025-10-11,P015,3,-,Actual,Valid
2025-10-12,P015,0,-,Actual,Valid
2025-10-13,P015,4,-,Actual,Valid
2025-10-14,P015,0,-,Actual,Valid
2025-10-15,P015,2,-,Actual,Valid
2025-10-16,P015,4,-,Actual,Valid
2025-10-17,P015,2,-,Actual,Valid
2025-10-18,P015,1,-,Actual,Valid
2025-10-19,P015,3,-,Actual,Valid
2025-10-20,P015,0,-,Actual,Valid
2025-10-21,P015,2,-,Actual,Valid
2025-10-22,P015,0,-,Actual,Valid
2025-10-23,P015,1,-,Actual,Valid
2025-10-24,P015,0,-,Actual,Valid
2025-10-25,P015,6,-,Actual,Valid
2025-10-26,P015,3,-,Actual,Valid
2025-10-27,P015,0,-,Actual,Valid
2025-10-28,P015,0,-,Actual,Valid
2025-10-29,P015,3,-,Actual,Valid
2025-10-30,P015,1,-,Actual,Valid
2025-10-31,P015,0,-,Actual,Valid
2025-11-01,P015,5,-,Actual,Valid
2025-11-02,P015,0,-,Actual,Valid
2025-11-03,P015,2,-,Actual,Valid
2025-11-04,P015,9,-,Actual,Valid
2025-11-05,P015,2,-,Actual,Valid
2025-11-06,P015,2,-,Actual,Valid
2025-11-07,P015,5,-,Actual,Valid
2025-11-08,P015,0,-,Actual,Valid
2025-11-09,P015,12,-,Actual,Valid
2025-11-10,P015,0,-,Actual,Valid
2025-11-11,P015,0,-,Actual,Valid
2025-11-12,P015,6,-,Actual,Valid
2025-11-13,P015,3,-,Actual,Valid
2025-11-14,P015,0,-,Actual,Valid
2025-11-15,P015,2,-,Actual,Valid
2025-11-16,P015,3,-,Actual,Valid
2025-11-17,P015,2,-,Actual,Valid
2025-11-18,P015,2,-,Actual,Valid
2025-11-19,P015,2,-,Actual,Valid
2025-11-20,P015,0,-,Actual,Valid
2025-11-21,P015,3,-,Actual,Valid
2025-11-22,P015,0,-,Actual,Valid
2025-11-23,P015,0,-,Actual,Valid
2025-11-24,P015,2,-,Actual,Valid
2025-09-15,P016,3,-,Actual,Valid
2025-09-16,P016,2,-,Actual,Valid
2025-09-17,P016,0,-,Actual,Valid
2025-09-18,P016,0,-,Actual,Valid
2025-09-19,P016,4,-,Actual,Valid
2025-09-20,P016,3,-,Actual,Valid
2025-09-21,P016,4,-,Actual,Valid
2025-09-22,P016,3,-,Actual,Valid
2025-09-23,P016,3,-,Actual,Valid
2025-09-24,P016,3,-,Actual,Valid
2025-09-25,P016,4,-,Actual,Valid
2025-09-26,P016,2,-,Actual,Valid
2025-09-27,P016,0,-,Actual,Valid
2025-09-28,P016,2,-,Actual,Valid
2025-09-29,P016,0,-,Actual,Valid
2025-09-30,P016,3,-,Actual,Valid
2025-10-01,P016,3,-,Actual,Valid
2025-10-02,P016,0,-,Actual,Valid
2025-10-03,P016,3,-,Actual,Valid
2025-10-04,P016,3,-,Actual,Valid
2025-10-05,P016,2,-,Actual,Valid
2025-10-06,P016,6,-,Actual,Valid
2025-10-07,P016,0,-,Actual,Valid
2025-10-08,P016,3,-,Actual,Valid
2025-10-09,P016,11,-,Actual,Valid
2025-10-10,P016,0,-,Actual,Valid
2025-10-11,P016,3,-,Actual,Valid
2025-10-12,P016,8,-,Actual,Valid
2025-10-13,P016,3,-,Actual,Valid
2025-10-14,P016,0,-,Actual,Valid
2025-10-15,P016,2,-,Actual,Valid
2025-10-16,P016,3,-,Actual,Valid
2025-10-17,P016,5,-,Actual,Valid
2025-10-18,P016,0,-,Actual,Valid
2025-10-19,P016,4,-,Actual,Valid
2025-10-20,P016,0,-,Actual,Valid
2025-10-21,P016,3,-,Actual,Valid
2025-10-22,P016,6,-,Actual,Valid
2025-10-23,P016,0,-,Actual,Valid
2025-10-24,P016,4,-,Actual,Valid
2025-10-25,P016,3,-,Actual,Valid
2025-10-26,P016,0,-,Actual,Valid
2025-10-27,P016,3,-,Actual,Valid
2025-10-28,P016,0,-,Actual,Valid
2025-10-29,P016,3,-,Actual,Valid
2025-10-30,P016,0,-,Actual,Valid
2025-10-31,P016,0,-,Actual,Valid
2025-11-01,P016,4,-,Actual,Valid
2025-11-02,P016,0,-,Actual,Valid
2025-11-03,P016,3,-,Actual,Valid
2025-11-04,P016,0,-,Actual,Valid
2025-11-05,P016,0,-,Actual,Valid
2025-11-06,P016,0,-,Actual,Valid
2025-11-07,P016,0,-,Actual,Valid
2025-11-08,P016,7,-,Actual,Valid
2025-11-09,P016,5,-,Actual,Valid
2025-11-10,P016,1,-,Actual,Valid
2025-11-11,P016,7,-,Actual,Valid
2025-11-12,P016,1,-,Actual,Valid
2025-11-13,P016,5,-,Actual,Valid
2025-11-14,P016,3,-,Actual,Valid
2025-11-15,P016,0,-,Actual,Valid
2025-11-16,P016,1,-,Actual,Valid
2025-11-17,P016,0,-,Actual,Valid
2025-11-18,P016,2,-,Actual,Valid
2025-11-19,P016,0,-,Actual,Valid
2025-11-20,P016,1,-,Actual,Valid
2025-11-21,P016,1,-,Actual,Valid
2025-11-22,P016,2,-,Actual,Valid
2025-11-23,P016,0,-,Actual,Valid
2025-11-24,P016,4,-,Actual,Valid
2025-09-15,P017,5,-,Actual,Valid
2025-09-16,P017,3,-,Actual,Valid
2025-09-17,P017,0,-,Actual,Valid
2025-09-18,P017,0,-,Actual,Valid
2025-09-19,P017,0,-,Actual,Valid
2025-09-20,P017,4,-,Actual,Valid
2025-09-21,P017,8,-,Actual,Valid
2025-09-22,P017,1,-,Actual,Valid
2025-09-23,P017,3,-,Actual,Valid
2025-09-24,P017,3,-,Actual,Valid
2025-09-25,P017,6,-,Actual,Valid
2025-09-26,P017,4,-,Actual,Valid
2025-09-27,P017,3,-,Actual,Valid
2025-09-28,P017,2,-,Actual,Valid
2025-09-29,P017,6,-,Actual,Valid
2025-09-30,P017,0,-,Actual,Valid
2025-10-01,P017,4,-,Actual,Valid
2025-10-02,P017,0,-,Actual,Valid
2025-10-03,P017,0,-,Actual,Valid
2025-10-04,P017,5,-,Actual,Valid
2025-10-05,P017,3,-,Actual,Valid
2025-10-06,P017,1,-,Actual,Valid
2025-10-07,P017,0,-,Actual,Valid
2025-10-08,P017,2,-,Actual,Valid
2025-10-09,P017,1,-,Actual,Valid
2025-10-10,P017,0,-,Actual,Valid
2025-10-11,P017,0,-,Actual,Valid
2025-10-12,P017,11,-,Actual,Valid
2025-10-13,P017,0,-,Actual,Valid
2025-10-14,P017,0,-,Actual,Valid
2025-10-15,P017,1,-,Actual,Valid
2025-10-16,P017,2,-,Actual,Valid
2025-10-17,P017,2,-,Actual,Valid
2025-10-18,P017,0,-,Actual,Valid
2025-10-19,P017,3,-,Actual,Valid
2025-10-20,P017,0,-,Actual,Valid
2025-10-21,P017,3,-,Actual,Valid
2025-10-22,P017,2,-,Actual,Valid
2025-10-23,P017,8,-,Actual,Valid
2025-10-24,P017,3,-,Actual,Valid
2025-10-25,P017,3,-,Actual,Valid
2025-10-26,P017,0,-,Actual,Valid
2025-10-27,P017,3,-,Actual,Valid
2025-10-28,P017,0,-,Actual,Valid
2025-10-29,P017,5,-,Actual,Valid
2025-10-30,P017,5,-,Actual,Valid
2025-10-31,P017,0,-,Actual,Valid
2025-11-01,P017,0,-,Actual,Valid
2025-11-02,P017,7,-,Actual,Valid
2025-11-03,P017,0,-,Actual,Valid
2025-11-04,P017,1,-,Actual,Valid
2025-11-05,P017,3,-,Actual,Valid
2025-11-06,P017,4,-,Actual,Valid
2025-11-07,P017,5,-,Actual,Valid
2025-11-08,P017,0,-,Actual,Valid
2025-11-09,P017,4,-,Actual,Valid
2025-11-10,P017,0,-,Actual,Valid
2025-11-11,P017,0,-,Actual,Valid
2025-11-12,P017,4,-,Actual,Valid
2025-11-13,P017,1,-,Actual,Valid
2025-11-14,P017,3,-,Actual,Valid
2025-11-15,P017,4,-,Actual,Valid
2025-11-16,P017,6,-,Actual,Valid
2025-11-17,P017,3,-,Actual,Valid
2025-11-18,P017,3,-,Actual,Valid
2025-11-19,P017,2,-,Actual,Valid
2025-11-20,P017,2,-,Actual,Valid
2025-11-21,P017,4,-,Actual,Valid
2025-11-22,P017,0,-,Actual,Valid
2025-11-23,P017,0,-,Actual,Valid
2025-11-24,P017,8,-,Actual,Valid
2025-09-15,P018,2,-,Actual,Valid
2025-09-16,P018,0,-,Actual,Valid
2025-09-17,P018,0,-,Actual,Valid
2025-09-18,P018,2,-,Actual,Valid
2025-09-19,P018,3,-,Actual,Valid
2025-09-20,P018,5,-,Actual,Valid
2025-09-21,P018,0,-,Actual,Valid
2025-09-22,P018,3,-,Actual,Valid
2025-09-23,P018,3,-,Actual,Valid
2025-09-24,P018,9,-,Actual,Valid
2025-09-25,P018,0,-,Actual,Valid
2025-09-26,P018,2,-,Actual,Valid
2025-09-27,P018,6,-,Actual,Valid
2025-09-28,P018,6,-,Actual,Valid
2025-09-29,P018,1,-,Actual,Valid
2025-09-30,P018,7,-,Actual,Valid
2025-10-01,P018,0,-,Actual,Valid
2025-10-02,P018,0,-,Actual,Valid
2025-10-03,P018,3,-,Actual,Valid
2025-10-04,P018,0,-,Actual,Valid
2025-10-05,P018,4,-,Actual,Valid
2025-10-06,P018,3,-,Actual,Valid
2025-10-07,P018,0,-,Actual,Valid
2025-10-08,P018,3,-,Actual,Valid
2025-10-09,P018,5,-,Actual,Valid
2025-10-10,P018,0,-,Actual,Valid
2025-10-11,P018,3,-,Actual,Valid
2025-10-12,P018,3,-,Actual,Valid
2025-10-13,P018,0,-,Actual,Valid
2025-10-14,P018,4,-,Actual,Valid
2025-10-15,P018,1,-,Actual,Valid
2025-10-16,P018,2,-,Actual,Valid
2025-10-17,P018,2,-,Actual,Valid
2025-10-18,P018,0,-,Actual,Valid
2025-10-19,P018,0,-,Actual,Valid
2025-10-20,P018,0,-,Actual,Valid
2025-10-21,P018,4,-,Actual,Valid
2025-10-22,P018,0,-,Actual,Valid
2025-10-23,P018,3,-,Actual,Valid
2025-10-24,P018,6,-,Actual,Valid
2025-10-25,P018,4,-,Actual,Valid
2025-10-26,P018,3,-,Actual,Valid
2025-10-27,P018,4,-,Actual,Valid
2025-10-28,P018,0,-,Actual,Valid
2025-10-29,P018,3,-,Actual,Valid
2025-10-30,P018,5,-,Actual,Valid
2025-10-31,P018,3,-,Actual,Valid
2025-11-01,P018,0,-,Actual,Valid
2025-11-02,P018,0,-,Actual,Valid
2025-11-03,P018,0,-,Actual,Valid
2025-11-04,P018,3,-,Actual,Valid
2025-11-05,P018,6,-,Actual,Valid
2025-11-06,P018,3,-,Actual,Valid
2025-11-07,P018,0,-,Actual,Valid
2025-11-08,P018,1,-,Actual,Valid
2025-11-09,P018,1,-,Actual,Valid
2025-11-10,P018,0,-,Actual,Valid
2025-11-11,P018,0,-,Actual,Valid
2025-11-12,P018,0,-,Actual,Valid
2025-11-13,P018,3,-,Actual,Valid
2025-11-14,P018,3,-,Actual,Valid
2025-11-15,P018,3,-,Actual,Valid
2025-11-16,P018,2,-,Actual,Valid
2025-11-17,P018,0,-,Actual,Valid
2025-11-18,P018,6,-,Actual,Valid
2025-11-19,P018,7,-,Actual,Valid
2025-11-20,P018,3,-,Actual,Valid
2025-11-21,P018,3,-,Actual,Valid
2025-11-22,P018,0,-,Actual,Valid
2025-11-23,P018,3,-,Actual,Valid
2025-11-24,P018,0,-,Actual,Valid
2025-09-15,P019,3,-,Actual,Valid
2025-09-16,P019,7,-,Actual,Valid
2025-09-17,P019,0,-,Actual,Valid
2025-09-18,P019,0,-,Actual,Valid
2025-09-19,P019,5,-,Actual,Valid
2025-09-20,P019,3,-,Actual,Valid
2025-09-21,P019,4,-,Actual,Valid
2025-09-22,P019,3,-,Actual,Valid
2025-09-23,P019,0,-,Actual,Valid
2025-09-24,P019,4,-,Actual,Valid
2025-09-25,P019,0,-,Actual,Valid
2025-09-26,P019,4,-,Actual,Valid
2025-09-27,P019,3,-,Actual,Valid
2025-09-28,P019,2,-,Actual,Valid
2025-09-29,P019,0,-,Actual,Valid
2025-09-30,P019,5,-,Actual,Valid
2025-10-01,P019,6,-,Actual,Valid
2025-10-02,P019,0,-,Actual,Valid
2025-10-03,P019,0,-,Actual,Valid
2025-10-04,P019,1,-,Actual,Valid
2025-10-05,P019,7,-,Actual,Valid
2025-10-06,P019,2,-,Actual,Valid
2025-10-07,P019,0,-,Actual,Valid
2025-10-08,P019,7,-,Actual,Valid
2025-10-09,P019,3,-,Actual,Valid
2025-10-10,P019,3,-,Actual,Valid
2025-10-11,P019,0,-,Actual,Valid
2025-10-12,P019,3,-,Actual,Valid
2025-10-13,P019,2,-,Actual,Valid
2025-10-14,P019,5,-,Actual,Valid
2025-10-15,P019,3,-,Actual,Valid
2025-10-16,P019,6,-,Actual,Valid
2025-10-17,P019,0,-,Actual,Valid
2025-10-18,P019,3,-,Actual,Valid
2025-10-19,P019,3,-,Actual,Valid
2025-10-20,P019,0,-,Actual,Valid
2025-10-21,P019,0,-,Actual,Valid
2025-10-22,P019,3,-,Actual,Valid
2025-10-23,P019,5,-,Actual,Valid
2025-10-24,P019,0,-,Actual,Valid
2025-10-25,P019,0,-,Actual,Valid
2025-10-26,P019,1,-,Actual,Valid
2025-10-27,P019,0,-,Actual,Valid
2025-10-28,P019,0,-,Actual,Valid
2025-10-29,P019,3,-,Actual,Valid
2025-10-30,P019,3,-,Actual,Valid
2025-10-31,P019,3,-,Actual,Valid
2025-11-01,P019,0,-,Actual,Valid
2025-11-02,P019,3,-,Actual,Valid
2025-11-03,P019,6,-,Actual,Valid
2025-11-04,P019,1,-,Actual,Valid
2025-11-05,P019,4,-,Actual,Valid
2025-11-06,P019,3,-,Actual,Valid
2025-11-07,P019,0,-,Actual,Valid
2025-11-08,P019,3,-,Actual,Valid
2025-11-09,P019,2,-,Actual,Valid
2025-11-10,P019,0,-,Actual,Valid
2025-11-11,P019,0,-,Actual,Valid
2025-11-12,P019,4,-,Actual,Valid
2025-11-13,P019,1,-,Actual,Valid
2025-11-14,P019,3,-,Actual,Valid
2025-11-15,P019,0,-,Actual,Valid
2025-11-16,P019,0,-,Actual,Valid
2025-11-17,P019,1,-,Actual,Valid
2025-11-18,P019,0,-,Actual,Valid
2025-11-19,P019,2,-,Actual,Valid
2025-11-20,P019,0,-,Actual,Valid
2025-11-21,P019,0,-,Actual,Valid
2025-11-22,P019,0,-,Actual,Valid
2025-11-23,P019,4,-,Actual,Valid
2025-11-24,P019,3,-,Actual,Valid
2025-09-15,P020,3,-,Actual,Valid
2025-09-16,P020,6,-,Actual,Valid
2025-09-17,P020,0,-,Actual,Valid
2025-09-18,P020,3,-,Actual,Valid
2025-09-19,P020,10,-,Actual,Valid
2025-09-20,P020,0,-,Actual,Valid
2025-09-21,P020,1,-,Actual,Valid
2025-09-22,P020,6,-,Actual,Valid
2025-09-23,P020,3,-,Actual,Valid
2025-09-24,P020,3,-,Actual,Valid
2025-09-25,P020,3,-,Actual,Valid
2025-09-26,P020,3,-,Actual,Valid
2025-09-27,P020,7,-,Actual,Valid
2025-09-28,P020,5,-,Actual,Valid
2025-09-29,P020,1,-,Actual,Valid
2025-09-30,P020,5,-,Actual,Valid
2025-10-01,P020,1,-,Actual,Valid
2025-10-02,P020,1,-,Actual,Valid
2025-10-03,P020,2,-,Actual,Valid
2025-10-04,P020,2,-,Actual,Valid
2025-10-05,P020,2,-,Actual,Valid
2025-10-06,P020,1,-,Actual,Valid
2025-10-07,P020,0,-,Actual,Valid
2025-10-08,P020,0,-,Actual,Valid
2025-10-09,P020,4,-,Actual,Valid
2025-10-10,P020,3,-,Actual,Valid
2025-10-11,P020,1,-,Actual,Valid
2025-10-12,P020,4,-,Actual,Valid
2025-10-13,P020,0,-,Actual,Valid
2025-10-14,P020,4,-,Actual,Valid
2025-10-15,P020,3,-,Actual,Valid
2025-10-16,P020,0,-,Actual,Valid
2025-10-17,P020,4,-,Actual,Valid
2025-10-18,P020,0,-,Actual,Valid
2025-10-19,P020,3,-,Actual,Valid
2025-10-20,P020,3,-,Actual,Valid
2025-10-21,P020,0,-,Actual,Valid
2025-10-22,P020,1,-,Actual,Valid
2025-10-23,P020,4,-,Actual,Valid
2025-10-24,P020,0,-,Actual,Valid
2025-10-25,P020,4,-,Actual,Valid
2025-10-26,P020,0,-,Actual,Valid
2025-10-27,P020,0,-,Actual,Valid
2025-10-28,P020,0,-,Actual,Valid
2025-10-29,P020,2,-,Actual,Valid
2025-10-30,P020,4,-,Actual,Valid
2025-10-31,P020,0,-,Actual,Valid
2025-11-01,P020,0,-,Actual,Valid
2025-11-02,P020,3,-,Actual,Valid
2025-11-03,P020,6,-,Actual,Valid
2025-11-04,P020,1,-,Actual,Valid
2025-11-05,P020,6,-,Actual,Valid
2025-11-06,P020,0,-,Actual,Valid
2025-11-07,P020,0,-,Actual,Valid
2025-11-08,P020,3,-,Actual,Valid
2025-11-09,P020,1,-,Actual,Valid
2025-11-10,P020,0,-,Actual,Valid
2025-11-11,P020,0,-,Actual,Valid
2025-11-12,P020,0,-,Actual,Valid
2025-11-13,P020,6,-,Actual,Valid
2025-11-14,P020,4,-,Actual,Valid
2025-11-15,P020,1,-,Actual,Valid
2025-11-16,P020,0,-,Actual,Valid
2025-11-17,P020,1,-,Actual,Valid
2025-11-18,P020,4,-,Actual,Valid
2025-11-19,P020,6,-,Actual,Valid
2025-11-20,P020,0,-,Actual,Valid
2025-11-21,P020,1,-,Actual,Valid
2025-11-22,P020,2,-,Actual,Valid
2025-11-23,P020,0,-,Actual,Valid
2025-11-24,P020,3,-,Actual,Valid
2025-11-25,P001,2,-,Actual,Test
2025-11-26,P001,2,-,Actual,Test
2025-11-27,P001,6,-,Actual,Test
2025-11-28,P001,0,-,Actual,Test
2025-11-29,P001,2,-,Actual,Test
2025-11-30,P001,1,-,Actual,Test
2025-12-01,P001,2,-,Actual,Test
2025-12-02,P001,0,-,Actual,Test
2025-12-03,P001,0,-,Actual,Test
2025-12-04,P001,3,-,Actual,Test
2025-12-05,P001,1,-,Actual,Test
2025-12-06,P001,3,-,Actual,Test
2025-12-07,P001,0,-,Actual,Test
2025-12-08,P001,4,-,Actual,Test
2025-12-09,P001,0,-,Actual,Test
2025-12-10,P001,0,-,Actual,Test
2025-12-11,P001,2,-,Actual,Test
2025-12-12,P001,0,-,Actual,Test
2025-12-13,P001,0,-,Actual,Test
2025-12-14,P001,2,-,Actual,Test
2025-12-15,P001,0,-,Actual,Test
2025-12-16,P001,0,-,Actual,Test
2025-12-17,P001,0,-,Actual,Test
2025-12-18,P001,3,-,Actual,Test
2025-12-19,P001,0,-,Actual,Test
2025-12-20,P001,0,-,Actual,Test
2025-12-21,P001,0,-,Actual,Test
2025-12-22,P001,2,-,Actual,Test
2025-12-23,P001,1,-,Actual,Test
2025-12-24,P001,11,-,Actual,Test
2025-12-25,P001,5,-,Actual,Test
2025-12-26,P001,5,-,Actual,Test
2025-12-27,P001,0,-,Actual,Test
2025-12-28,P001,5,-,Actual,Test
2025-12-29,P001,0,-,Actual,Test
2025-12-30,P001,2,-,Actual,Test
2025-12-31,P001,2,-,Actual,Test
2025-11-25,P002,4,-,Actual,Test
2025-11-26,P002,0,-,Actual,Test
2025-11-27,P002,3,-,Actual,Test
2025-11-28,P002,0,-,Actual,Test
2025-11-29,P002,3,-,Actual,Test
2025-11-30,P002,0,-,Actual,Test
2025-12-01,P002,0,-,Actual,Test
2025-12-02,P002,6,-,Actual,Test
2025-12-03,P002,9,-,Actual,Test
2025-12-04,P002,0,-,Actual,Test
2025-12-05,P002,0,-,Actual,Test
2025-12-06,P002,1,-,Actual,Test
2025-12-07,P002,3,-,Actual,Test
2025-12-08,P002,0,-,Actual,Test
2025-12-09,P002,0,-,Actual,Test
2025-12-10,P002,0,-,Actual,Test
2025-12-11,P002,5,-,Actual,Test
2025-12-12,P002,2,-,Actual,Test
2025-12-13,P002,0,-,Actual,Test
2025-12-14,P002,3,-,Actual,Test
2025-12-15,P002,1,-,Actual,Test
2025-12-16,P002,0,-,Actual,Test
2025-12-17,P002,6,-,Actual,Test
2025-12-18,P002,1,-,Actual,Test
2025-12-19,P002,0,-,Actual,Test
2025-12-20,P002,4,-,Actual,Test
2025-12-21,P002,1,-,Actual,Test
2025-12-22,P002,0,-,Actual,Test
2025-12-23,P002,3,-,Actual,Test
2025-12-24,P002,0,-,Actual,Test
2025-12-25,P002,2,-,Actual,Test
2025-12-26,P002,1,-,Actual,Test
2025-12-27,P002,5,-,Actual,Test
2025-12-28,P002,0,-,Actual,Test
2025-12-29,P002,0,-,Actual,Test
2025-12-30,P002,11,-,Actual,Test
2025-12-31,P002,0,-,Actual,Test
2025-11-25,P003,2,-,Actual,Test
2025-11-26,P003,3,-,Actual,Test
2025-11-27,P003,2,-,Actual,Test
2025-11-28,P003,0,-,Actual,Test
2025-11-29,P003,0,-,Actual,Test
2025-11-30,P003,0,-,Actual,Test
2025-12-01,P003,2,-,Actual,Test
2025-12-02,P003,0,-,Actual,Test
2025-12-03,P003,0,-,Actual,Test
2025-12-04,P003,0,-,Actual,Test
2025-12-05,P003,0,-,Actual,Test
2025-12-06,P003,0,-,Actual,Test
2025-12-07,P003,3,-,Actual,Test
2025-12-08,P003,0,-,Actual,Test
2025-12-09,P003,3,-,Actual,Test
2025-12-10,P003,3,-,Actual,Test
2025-12-11,P003,3,-,Actual,Test
2025-12-12,P003,1,-,Actual,Test
2025-12-13,P003,1,-,Actual,Test
2025-12-14,P003,0,-,Actual,Test
2025-12-15,P003,2,-,Actual,Test
2025-12-16,P003,1,-,Actual,Test
2025-12-17,P003,1,-,Actual,Test
2025-12-18,P003,1,-,Actual,Test
2025-12-19,P003,5,-,Actual,Test
2025-12-20,P003,0,-,Actual,Test
2025-12-21,P003,2,-,Actual,Test
2025-12-22,P003,3,-,Actual,Test
2025-12-23,P003,3,-,Actual,Test
2025-12-24,P003,0,-,Actual,Test
2025-12-25,P003,0,-,Actual,Test
2025-12-26,P003,2,-,Actual,Test
2025-12-27,P003,6,-,Actual,Test
2025-12-28,P003,0,-,Actual,Test
2025-12-29,P003,3,-,Actual,Test
2025-12-30,P003,1,-,Actual,Test
2025-12-31,P003,0,-,Actual,Test
2025-11-25,P004,4,-,Actual,Test
2025-11-26,P004,0,-,Actual,Test
2025-11-27,P004,0,-,Actual,Test
2025-11-28,P004,1,-,Actual,Test
2025-11-29,P004,3,-,Actual,Test
2025-11-30,P004,0,-,Actual,Test
2025-12-01,P004,1,-,Actual,Test
2025-12-02,P004,5,-,Actual,Test
2025-12-03,P004,0,-,Actual,Test
2025-12-04,P004,3,-,Actual,Test
2025-12-05,P004,0,-,Actual,Test
2025-12-06,P004,0,-,Actual,Test
2025-12-07,P004,1,-,Actual,Test
2025-12-08,P004,3,-,Actual,Test
2025-12-09,P004,0,-,Actual,Test
2025-12-10,P004,0,-,Actual,Test
2025-12-11,P004,0,-,Actual,Test
2025-12-12,P004,0,-,Actual,Test
2025-12-13,P004,0,-,Actual,Test
2025-12-14,P004,0,-,Actual,Test
2025-12-15,P004,2,-,Actual,Test
2025-12-16,P004,2,-,Actual,Test
2025-12-17,P004,1,-,Actual,Test
2025-12-18,P004,0,-,Actual,Test
2025-12-19,P004,0,-,Actual,Test
2025-12-20,P004,0,-,Actual,Test
2025-12-21,P004,3,-,Actual,Test
2025-12-22,P004,0,-,Actual,Test
2025-12-23,P004,5,-,Actual,Test
2025-12-24,P004,3,-,Actual,Test
2025-12-25,P004,2,-,Actual,Test
2025-12-26,P004,0,-,Actual,Test
2025-12-27,P004,1,-,Actual,Test
2025-12-28,P004,2,-,Actual,Test
2025-12-29,P004,2,-,Actual,Test
2025-12-30,P004,2,-,Actual,Test
2025-12-31,P004,0,-,Actual,Test
2025-11-25,P005,3,-,Actual,Test
2025-11-26,P005,6,-,Actual,Test
2025-11-27,P005,1,-,Actual,Test
2025-11-28,P005,0,-,Actual,Test
2025-11-29,P005,1,-,Actual,Test
2025-11-30,P005,3,-,Actual,Test
2025-12-01,P005,2,-,Actual,Test
2025-12-02,P005,0,-,Actual,Test
2025-12-03,P005,4,-,Actual,Test
2025-12-04,P005,0,-,Actual,Test
2025-12-05,P005,0,-,Actual,Test
2025-12-06,P005,1,-,Actual,Test
2025-12-07,P005,0,-,Actual,Test
2025-12-08,P005,8,-,Actual,Test
2025-12-09,P005,6,-,Actual,Test
2025-12-10,P005,0,-,Actual,Test
2025-12-11,P005,0,-,Actual,Test
2025-12-12,P005,3,-,Actual,Test
2025-12-13,P005,0,-,Actual,Test
2025-12-14,P005,0,-,Actual,Test
2025-12-15,P005,0,-,Actual,Test
2025-12-16,P005,4,-,Actual,Test
2025-12-17,P005,3,-,Actual,Test
2025-12-18,P005,2,-,Actual,Test
2025-12-19,P005,2,-,Actual,Test
2025-12-20,P005,2,-,Actual,Test
2025-12-21,P005,0,-,Actual,Test
2025-12-22,P005,0,-,Actual,Test
2025-12-23,P005,0,-,Actual,Test
2025-12-24,P005,0,-,Actual,Test
2025-12-25,P005,4,-,Actual,Test
2025-12-26,P005,0,-,Actual,Test
2025-12-27,P005,0,-,Actual,Test
2025-12-28,P005,0,-,Actual,Test
2025-12-29,P005,0,-,Actual,Test
2025-12-30,P005,3,-,Actual,Test
2025-12-31,P005,0,-,Actual,Test
2025-11-25,P006,0,-,Actual,Test
2025-11-26,P006,0,-,Actual,Test
2025-11-27,P006,0,-,Actual,Test
2025-11-28,P006,0,-,Actual,Test
2025-11-29,P006,3,-,Actual,Test
2025-11-30,P006,2,-,Actual,Test
2025-12-01,P006,0,-,Actual,Test
2025-12-02,P006,0,-,Actual,Test
2025-12-03,P006,3,-,Actual,Test
2025-12-04,P006,0,-,Actual,Test
2025-12-05,P006,0,-,Actual,Test
2025-12-06,P006,2,-,Actual,Test
2025-12-07,P006,3,-,Actual,Test
2025-12-08,P006,0,-,Actual,Test
2025-12-09,P006,1,-,Actual,Test
2025-12-10,P006,0,-,Actual,Test
2025-12-11,P006,3,-,Actual,Test
2025-12-12,P006,3,-,Actual,Test
2025-12-13,P006,2,-,Actual,Test
2025-12-14,P006,3,-,Actual,Test
2025-12-15,P006,6,-,Actual,Test
2025-12-16,P006,1,-,Actual,Test
2025-12-17,P006,9,-,Actual,Test
2025-12-18,P006,1,-,Actual,Test
2025-12-19,P006,2,-,Actual,Test
2025-12-20,P006,6,-,Actual,Test
2025-12-21,P006,4,-,Actual,Test
2025-12-22,P006,0,-,Actual,Test
2025-12-23,P006,6,-,Actual,Test
2025-12-24,P006,1,-,Actual,Test
2025-12-25,P006,0,-,Actual,Test
2025-12-26,P006,0,-,Actual,Test
2025-12-27,P006,0,-,Actual,Test
2025-12-28,P006,12,-,Actual,Test
2025-12-29,P006,0,-,Actual,Test
2025-12-30,P006,3,-,Actual,Test
2025-12-31,P006,2,-,Actual,Test
2025-11-25,P007,4,-,Actual,Test
2025-11-26,P007,0,-,Actual,Test
2025-11-27,P007,1,-,Actual,Test
2025-11-28,P007,2,-,Actual,Test
2025-11-29,P007,2,-,Actual,Test
2025-11-30,P007,0,-,Actual,Test
2025-12-01,P007,0,-,Actual,Test
2025-12-02,P007,3,-,Actual,Test
2025-12-03,P007,1,-,Actual,Test
2025-12-04,P007,3,-,Actual,Test
2025-12-05,P007,3,-,Actual,Test
2025-12-06,P007,0,-,Actual,Test
2025-12-07,P007,3,-,Actual,Test
2025-12-08,P007,2,-,Actual,Test
2025-12-09,P007,1,-,Actual,Test
2025-12-10,P007,3,-,Actual,Test
2025-12-11,P007,0,-,Actual,Test
2025-12-12,P007,0,-,Actual,Test
2025-12-13,P007,3,-,Actual,Test
2025-12-14,P007,0,-,Actual,Test
2025-12-15,P007,0,-,Actual,Test
2025-12-16,P007,2,-,Actual,Test
2025-12-17,P007,9,-,Actual,Test
2025-12-18,P007,5,-,Actual,Test
2025-12-19,P007,3,-,Actual,Test
2025-12-20,P007,0,-,Actual,Test
2025-12-21,P007,4,-,Actual,Test
2025-12-22,P007,5,-,Actual,Test
2025-12-23,P007,2,-,Actual,Test
2025-12-24,P007,3,-,Actual,Test
2025-12-25,P007,0,-,Actual,Test
2025-12-26,P007,0,-,Actual,Test
2025-12-27,P007,2,-,Actual,Test
2025-12-28,P007,5,-,Actual,Test
2025-12-29,P007,2,-,Actual,Test
2025-12-30,P007,4,-,Actual,Test
2025-12-31,P007,4,-,Actual,Test
2025-11-25,P008,0,-,Actual,Test
2025-11-26,P008,1,-,Actual,Test
2025-11-27,P008,1,-,Actual,Test
2025-11-28,P008,0,-,Actual,Test
2025-11-29,P008,0,-,Actual,Test
2025-11-30,P008,0,-,Actual,Test
2025-12-01,P008,0,-,Actual,Test
2025-12-02,P008,2,-,Actual,Test
2025-12-03,P008,3,-,Actual,Test
2025-12-04,P008,0,-,Actual,Test
2025-12-05,P008,0,-,Actual,Test
2025-12-06,P008,0,-,Actual,Test
2025-12-07,P008,1,-,Actual,Test
2025-12-08,P008,0,-,Actual,Test
2025-12-09,P008,4,-,Actual,Test
2025-12-10,P008,0,-,Actual,Test
2025-12-11,P008,1,-,Actual,Test
2025-12-12,P008,0,-,Actual,Test
2025-12-13,P008,5,-,Actual,Test
2025-12-14,P008,0,-,Actual,Test
2025-12-15,P008,0,-,Actual,Test
2025-12-16,P008,0,-,Actual,Test
2025-12-17,P008,0,-,Actual,Test
2025-12-18,P008,1,-,Actual,Test
2025-12-19,P008,0,-,Actual,Test
2025-12-20,P008,0,-,Actual,Test
2025-12-21,P008,0,-,Actual,Test
2025-12-22,P008,0,-,Actual,Test
2025-12-23,P008,3,-,Actual,Test
2025-12-24,P008,0,-,Actual,Test
2025-12-25,P008,3,-,Actual,Test
2025-12-26,P008,0,-,Actual,Test
2025-12-27,P008,2,-,Actual,Test
2025-12-28,P008,1,-,Actual,Test
2025-12-29,P008,0,-,Actual,Test
2025-12-30,P008,1,-,Actual,Test
2025-12-31,P008,0,-,Actual,Test
2025-11-25,P009,2,-,Actual,Test
2025-11-26,P009,5,-,Actual,Test
2025-11-27,P009,3,-,Actual,Test
2025-11-28,P009,0,-,Actual,Test
2025-11-29,P009,4,-,Actual,Test
2025-11-30,P009,0,-,Actual,Test
2025-12-01,P009,6,-,Actual,Test
2025-12-02,P009,0,-,Actual,Test
2025-12-03,P009,8,-,Actual,Test
2025-12-04,P009,1,-,Actual,Test
2025-12-05,P009,6,-,Actual,Test
2025-12-06,P009,0,-,Actual,Test
2025-12-07,P009,1,-,Actual,Test
2025-12-08,P009,2,-,Actual,Test
2025-12-09,P009,0,-,Actual,Test
2025-12-10,P009,0,-,Actual,Test
2025-12-11,P009,3,-,Actual,Test
2025-12-12,P009,0,-,Actual,Test
2025-12-13,P009,5,-,Actual,Test
2025-12-14,P009,0,-,Actual,Test
2025-12-15,P009,3,-,Actual,Test
2025-12-16,P009,4,-,Actual,Test
2025-12-17,P009,9,-,Actual,Test
2025-12-18,P009,2,-,Actual,Test
2025-12-19,P009,0,-,Actual,Test
2025-12-20,P009,2,-,Actual,Test
2025-12-21,P009,0,-,Actual,Test
2025-12-22,P009,6,-,Actual,Test
2025-12-23,P009,0,-,Actual,Test
2025-12-24,P009,4,-,Actual,Test
2025-12-25,P009,0,-,Actual,Test
2025-12-26,P009,0,-,Actual,Test
2025-12-27,P009,8,-,Actual,Test
2025-12-28,P009,0,-,Actual,Test
2025-12-29,P009,0,-,Actual,Test
2025-12-30,P009,1,-,Actual,Test
2025-12-31,P009,0,-,Actual,Test
2025-11-25,P010,1,-,Actual,Test
2025-11-26,P010,0,-,Actual,Test
2025-11-27,P010,3,-,Actual,Test
2025-11-28,P010,2,-,Actual,Test
2025-11-29,P010,2,-,Actual,Test
2025-11-30,P010,0,-,Actual,Test
2025-12-01,P010,3,-,Actual,Test
2025-12-02,P010,0,-,Actual,Test
2025-12-03,P010,6,-,Actual,Test
2025-12-04,P010,0,-,Actual,Test
2025-12-05,P010,0,-,Actual,Test
2025-12-06,P010,3,-,Actual,Test
2025-12-07,P010,0,-,Actual,Test
2025-12-08,P010,3,-,Actual,Test
2025-12-09,P010,3,-,Actual,Test
2025-12-10,P010,1,-,Actual,Test
2025-12-11,P010,0,-,Actual,Test
2025-12-12,P010,0,-,Actual,Test
2025-12-13,P010,3,-,Actual,Test
2025-12-14,P010,0,-,Actual,Test
2025-12-15,P010,0,-,Actual,Test
2025-12-16,P010,1,-,Actual,Test
2025-12-17,P010,3,-,Actual,Test
2025-12-18,P010,5,-,Actual,Test
2025-12-19,P010,0,-,Actual,Test
2025-12-20,P010,4,-,Actual,Test
2025-12-21,P010,3,-,Actual,Test
2025-12-22,P010,0,-,Actual,Test
2025-12-23,P010,0,-,Actual,Test
2025-12-24,P010,1,-,Actual,Test
2025-12-25,P010,3,-,Actual,Test
2025-12-26,P010,0,-,Actual,Test
2025-12-27,P010,0,-,Actual,Test
2025-12-28,P010,2,-,Actual,Test
2025-12-29,P010,1,-,Actual,Test
2025-12-30,P010,3,-,Actual,Test
2025-12-31,P010,3,-,Actual,Test
2025-11-25,P011,2,-,Actual,Test
2025-11-26,P011,1,-,Actual,Test
2025-11-27,P011,0,-,Actual,Test
2025-11-28,P011,0,-,Actual,Test
2025-11-29,P011,2,-,Actual,Test
2025-11-30,P011,0,-,Actual,Test
2025-12-01,P011,0,-,Actual,Test
2025-12-02,P011,0,-,Actual,Test
2025-12-03,P011,0,-,Actual,Test
2025-12-04,P011,3,-,Actual,Test
2025-12-05,P011,0,-,Actual,Test
2025-12-06,P011,0,-,Actual,Test
2025-12-07,P011,1,-,Actual,Test
2025-12-08,P011,0,-,Actual,Test
2025-12-09,P011,1,-,Actual,Test
2025-12-10,P011,1,-,Actual,Test
2025-12-11,P011,0,-,Actual,Test
2025-12-12,P011,8,-,Actual,Test
2025-12-13,P011,2,-,Actual,Test
2025-12-14,P011,1,-,Actual,Test
2025-12-15,P011,3,-,Actual,Test
2025-12-16,P011,0,-,Actual,Test
2025-12-17,P011,2,-,Actual,Test
2025-12-18,P011,3,-,Actual,Test
2025-12-19,P011,1,-,Actual,Test
2025-12-20,P011,4,-,Actual,Test
2025-12-21,P011,0,-,Actual,Test
2025-12-22,P011,4,-,Actual,Test
2025-12-23,P011,1,-,Actual,Test
2025-12-24,P011,1,-,Actual,Test
2025-12-25,P011,0,-,Actual,Test
2025-12-26,P011,0,-,Actual,Test
2025-12-27,P011,0,-,Actual,Test
2025-12-28,P011,2,-,Actual,Test
2025-12-29,P011,2,-,Actual,Test
2025-12-30,P011,0,-,Actual,Test
2025-12-31,P011,0,-,Actual,Test
2025-11-25,P012,1,-,Actual,Test
2025-11-26,P012,1,-,Actual,Test
2025-11-27,P012,2,-,Actual,Test
2025-11-28,P012,5,-,Actual,Test
2025-11-29,P012,3,-,Actual,Test
2025-11-30,P012,0,-,Actual,Test
2025-12-01,P012,4,-,Actual,Test
2025-12-02,P012,0,-,Actual,Test
2025-12-03,P012,4,-,Actual,Test
2025-12-04,P012,0,-,Actual,Test
2025-12-05,P012,0,-,Actual,Test
2025-12-06,P012,2,-,Actual,Test
2025-12-07,P012,2,-,Actual,Test
2025-12-08,P012,0,-,Actual,Test
2025-12-09,P012,5,-,Actual,Test
2025-12-10,P012,3,-,Actual,Test
2025-12-11,P012,4,-,Actual,Test
2025-12-12,P012,0,-,Actual,Test
2025-12-13,P012,4,-,Actual,Test
2025-12-14,P012,3,-,Actual,Test
2025-12-15,P012,4,-,Actual,Test
2025-12-16,P012,2,-,Actual,Test
2025-12-17,P012,4,-,Actual,Test
2025-12-18,P012,0,-,Actual,Test
2025-12-19,P012,2,-,Actual,Test
2025-12-20,P012,1,-,Actual,Test
2025-12-21,P012,1,-,Actual,Test
2025-12-22,P012,0,-,Actual,Test
2025-12-23,P012,0,-,Actual,Test
2025-12-24,P012,0,-,Actual,Test
2025-12-25,P012,0,-,Actual,Test
2025-12-26,P012,0,-,Actual,Test
2025-12-27,P012,3,-,Actual,Test
2025-12-28,P012,5,-,Actual,Test
2025-12-29,P012,3,-,Actual,Test
2025-12-30,P012,2,-,Actual,Test
2025-12-31,P012,0,-,Actual,Test
2025-11-25,P013,0,-,Actual,Test
2025-11-26,P013,4,-,Actual,Test
2025-11-27,P013,0,-,Actual,Test
2025-11-28,P013,0,-,Actual,Test
2025-11-29,P013,0,-,Actual,Test
2025-11-30,P013,1,-,Actual,Test
2025-12-01,P013,0,-,Actual,Test
2025-12-02,P013,0,-,Actual,Test
2025-12-03,P013,3,-,Actual,Test
2025-12-04,P013,0,-,Actual,Test
2025-12-05,P013,8,-,Actual,Test
2025-12-06,P013,0,-,Actual,Test
2025-12-07,P013,0,-,Actual,Test
2025-12-08,P013,0,-,Actual,Test
2025-12-09,P013,4,-,Actual,Test
2025-12-10,P013,5,-,Actual,Test
2025-12-11,P013,0,-,Actual,Test
2025-12-12,P013,1,-,Actual,Test
2025-12-13,P013,10,-,Actual,Test
2025-12-14,P013,0,-,Actual,Test
2025-12-15,P013,3,-,Actual,Test
2025-12-16,P013,3,-,Actual,Test
2025-12-17,P013,2,-,Actual,Test
2025-12-18,P013,5,-,Actual,Test
2025-12-19,P013,2,-,Actual,Test
2025-12-20,P013,2,-,Actual,Test
2025-12-21,P013,0,-,Actual,Test
2025-12-22,P013,3,-,Actual,Test
2025-12-23,P013,4,-,Actual,Test
2025-12-24,P013,1,-,Actual,Test
2025-12-25,P013,1,-,Actual,Test
2025-12-26,P013,2,-,Actual,Test
2025-12-27,P013,6,-,Actual,Test
2025-12-28,P013,2,-,Actual,Test
2025-12-29,P013,3,-,Actual,Test
2025-12-30,P013,0,-,Actual,Test
2025-12-31,P013,0,-,Actual,Test
2025-11-25,P014,4,-,Actual,Test
2025-11-26,P014,2,-,Actual,Test
2025-11-27,P014,0,-,Actual,Test
2025-11-28,P014,0,-,Actual,Test
2025-11-29,P014,0,-,Actual,Test
2025-11-30,P014,2,-,Actual,Test
2025-12-01,P014,0,-,Actual,Test
2025-12-02,P014,1,-,Actual,Test
2025-12-03,P014,1,-,Actual,Test
2025-12-04,P014,0,-,Actual,Test
2025-12-05,P014,1,-,Actual,Test
2025-12-06,P014,3,-,Actual,Test
2025-12-07,P014,3,-,Actual,Test
2025-12-08,P014,6,-,Actual,Test
2025-12-09,P014,0,-,Actual,Test
2025-12-10,P014,3,-,Actual,Test
2025-12-11,P014,1,-,Actual,Test
2025-12-12,P014,0,-,Actual,Test
2025-12-13,P014,3,-,Actual,Test
2025-12-14,P014,1,-,Actual,Test
2025-12-15,P014,0,-,Actual,Test
2025-12-16,P014,4,-,Actual,Test
2025-12-17,P014,3,-,Actual,Test
2025-12-18,P014,0,-,Actual,Test
2025-12-19,P014,0,-,Actual,Test
2025-12-20,P014,0,-,Actual,Test
2025-12-21,P014,0,-,Actual,Test
2025-12-22,P014,0,-,Actual,Test
2025-12-23,P014,0,-,Actual,Test
2025-12-24,P014,5,-,Actual,Test
2025-12-25,P014,1,-,Actual,Test
2025-12-26,P014,0,-,Actual,Test
2025-12-27,P014,4,-,Actual,Test
2025-12-28,P014,2,-,Actual,Test
2025-12-29,P014,7,-,Actual,Test
2025-12-30,P014,0,-,Actual,Test
2025-12-31,P014,2,-,Actual,Test
2025-11-25,P015,0,-,Actual,Test
2025-11-26,P015,3,-,Actual,Test
2025-11-27,P015,2,-,Actual,Test
2025-11-28,P015,4,-,Actual,Test
2025-11-29,P015,2,-,Actual,Test
2025-11-30,P015,3,-,Actual,Test
2025-12-01,P015,3,-,Actual,Test
2025-12-02,P015,0,-,Actual,Test
2025-12-03,P015,4,-,Actual,Test
2025-12-04,P015,0,-,Actual,Test
2025-12-05,P015,8,-,Actual,Test
2025-12-06,P015,0,-,Actual,Test
2025-12-07,P015,0,-,Actual,Test
2025-12-08,P015,4,-,Actual,Test
2025-12-09,P015,0,-,Actual,Test
2025-12-10,P015,5,-,Actual,Test
2025-12-11,P015,2,-,Actual,Test
2025-12-12,P015,1,-,Actual,Test
2025-12-13,P015,4,-,Actual,Test
2025-12-14,P015,4,-,Actual,Test
2025-12-15,P015,0,-,Actual,Test
2025-12-16,P015,0,-,Actual,Test
2025-12-17,P015,2,-,Actual,Test
2025-12-18,P015,0,-,Actual,Test
2025-12-19,P015,2,-,Actual,Test
2025-12-20,P015,0,-,Actual,Test
2025-12-21,P015,0,-,Actual,Test
2025-12-22,P015,1,-,Actual,Test
2025-12-23,P015,2,-,Actual,Test
2025-12-24,P015,5,-,Actual,Test
2025-12-25,P015,5,-,Actual,Test
2025-12-26,P015,4,-,Actual,Test
2025-12-27,P015,2,-,Actual,Test
2025-12-28,P015,0,-,Actual,Test
2025-12-29,P015,0,-,Actual,Test
2025-12-30,P015,2,-,Actual,Test
2025-12-31,P015,5,-,Actual,Test
2025-11-25,P016,4,-,Actual,Test
2025-11-26,P016,0,-,Actual,Test
2025-11-27,P016,0,-,Actual,Test
2025-11-28,P016,1,-,Actual,Test
2025-11-29,P016,1,-,Actual,Test
2025-11-30,P016,0,-,Actual,Test
2025-12-01,P016,4,-,Actual,Test
2025-12-02,P016,3,-,Actual,Test
2025-12-03,P016,5,-,Actual,Test
2025-12-04,P016,1,-,Actual,Test
2025-12-05,P016,0,-,Actual,Test
2025-12-06,P016,2,-,Actual,Test
2025-12-07,P016,1,-,Actual,Test
2025-12-08,P016,4,-,Actual,Test
2025-12-09,P016,2,-,Actual,Test
2025-12-10,P016,2,-,Actual,Test
2025-12-11,P016,0,-,Actual,Test
2025-12-12,P016,3,-,Actual,Test
2025-12-13,P016,2,-,Actual,Test
2025-12-14,P016,0,-,Actual,Test
2025-12-15,P016,1,-,Actual,Test
2025-12-16,P016,0,-,Actual,Test
2025-12-17,P016,2,-,Actual,Test
2025-12-18,P016,2,-,Actual,Test
2025-12-19,P016,0,-,Actual,Test
2025-12-20,P016,2,-,Actual,Test
2025-12-21,P016,0,-,Actual,Test
2025-12-22,P016,0,-,Actual,Test
2025-12-23,P016,4,-,Actual,Test
2025-12-24,P016,5,-,Actual,Test
2025-12-25,P016,0,-,Actual,Test
2025-12-26,P016,0,-,Actual,Test
2025-12-27,P016,3,-,Actual,Test
2025-12-28,P016,1,-,Actual,Test
2025-12-29,P016,6,-,Actual,Test
2025-12-30,P016,0,-,Actual,Test
2025-12-31,P016,0,-,Actual,Test
2025-11-25,P017,2,-,Actual,Test
2025-11-26,P017,0,-,Actual,Test
2025-11-27,P017,5,-,Actual,Test
2025-11-28,P017,2,-,Actual,Test
2025-11-29,P017,0,-,Actual,Test
2025-11-30,P017,0,-,Actual,Test
2025-12-01,P017,5,-,Actual,Test
2025-12-02,P017,3,-,Actual,Test
2025-12-03,P017,0,-,Actual,Test
2025-12-04,P017,1,-,Actual,Test
2025-12-05,P017,2,-,Actual,Test
2025-12-06,P017,8,-,Actual,Test
2025-12-07,P017,0,-,Actual,Test
2025-12-08,P017,1,-,Actual,Test
2025-12-09,P017,6,-,Actual,Test
2025-12-10,P017,4,-,Actual,Test
2025-12-11,P017,0,-,Actual,Test
2025-12-12,P017,3,-,Actual,Test
2025-12-13,P017,0,-,Actual,Test
2025-12-14,P017,1,-,Actual,Test
2025-12-15,P017,0,-,Actual,Test
2025-12-16,P017,3,-,Actual,Test
2025-12-17,P017,4,-,Actual,Test
2025-12-18,P017,3,-,Actual,Test
2025-12-19,P017,4,-,Actual,Test
2025-12-20,P017,1,-,Actual,Test
2025-12-21,P017,0,-,Actual,Test
2025-12-22,P017,1,-,Actual,Test
2025-12-23,P017,7,-,Actual,Test
2025-12-24,P017,1,-,Actual,Test
2025-12-25,P017,5,-,Actual,Test
2025-12-26,P017,3,-,Actual,Test
2025-12-27,P017,3,-,Actual,Test
2025-12-28,P017,4,-,Actual,Test
2025-12-29,P017,1,-,Actual,Test
2025-12-30,P017,0,-,Actual,Test
2025-12-31,P017,0,-,Actual,Test
2025-11-25,P018,0,-,Actual,Test
2025-11-26,P018,0,-,Actual,Test
2025-11-27,P018,4,-,Actual,Test
2025-11-28,P018,3,-,Actual,Test
2025-11-29,P018,0,-,Actual,Test
2025-11-30,P018,0,-,Actual,Test
2025-12-01,P018,5,-,Actual,Test
2025-12-02,P018,1,-,Actual,Test
2025-12-03,P018,2,-,Actual,Test
2025-12-04,P018,0,-,Actual,Test
2025-12-05,P018,2,-,Actual,Test
2025-12-06,P018,0,-,Actual,Test
2025-12-07,P018,2,-,Actual,Test
2025-12-08,P018,3,-,Actual,Test
2025-12-09,P018,6,-,Actual,Test
2025-12-10,P018,3,-,Actual,Test
2025-12-11,P018,3,-,Actual,Test
2025-12-12,P018,1,-,Actual,Test
2025-12-13,P018,6,-,Actual,Test
2025-12-14,P018,1,-,Actual,Test
2025-12-15,P018,1,-,Actual,Test
2025-12-16,P018,0,-,Actual,Test
2025-12-17,P018,2,-,Actual,Test
2025-12-18,P018,2,-,Actual,Test
2025-12-19,P018,0,-,Actual,Test
2025-12-20,P018,3,-,Actual,Test
2025-12-21,P018,0,-,Actual,Test
2025-12-22,P018,5,-,Actual,Test
2025-12-23,P018,2,-,Actual,Test
2025-12-24,P018,6,-,Actual,Test
2025-12-25,P018,3,-,Actual,Test
2025-12-26,P018,5,-,Actual,Test
2025-12-27,P018,3,-,Actual,Test
2025-12-28,P018,6,-,Actual,Test
2025-12-29,P018,3,-,Actual,Test
2025-12-30,P018,0,-,Actual,Test
2025-12-31,P018,4,-,Actual,Test
2025-11-25,P019,4,-,Actual,Test
2025-11-26,P019,0,-,Actual,Test
2025-11-27,P019,0,-,Actual,Test
2025-11-28,P019,3,-,Actual,Test
2025-11-29,P019,3,-,Actual,Test
2025-11-30,P019,0,-,Actual,Test
2025-12-01,P019,0,-,Actual,Test
2025-12-02,P019,1,-,Actual,Test
2025-12-03,P019,4,-,Actual,Test
2025-12-04,P019,0,-,Actual,Test
2025-12-05,P019,1,-,Actual,Test
2025-12-06,P019,0,-,Actual,Test
2025-12-07,P019,0,-,Actual,Test
2025-12-08,P019,5,-,Actual,Test
2025-12-09,P019,1,-,Actual,Test
2025-12-10,P019,4,-,Actual,Test
2025-12-11,P019,3,-,Actual,Test
2025-12-12,P019,0,-,Actual,Test
2025-12-13,P019,0,-,Actual,Test
2025-12-14,P019,0,-,Actual,Test
2025-12-15,P019,3,-,Actual,Test
2025-12-16,P019,4,-,Actual,Test
2025-12-17,P019,1,-,Actual,Test
2025-12-18,P019,0,-,Actual,Test
2025-12-19,P019,3,-,Actual,Test
2025-12-20,P019,1,-,Actual,Test
2025-12-21,P019,5,-,Actual,Test
2025-12-22,P019,5,-,Actual,Test
2025-12-23,P019,6,-,Actual,Test
2025-12-24,P019,0,-,Actual,Test
2025-12-25,P019,0,-,Actual,Test
2025-12-26,P019,0,-,Actual,Test
2025-12-27,P019,6,-,Actual,Test
2025-12-28,P019,3,-,Actual,Test
2025-12-29,P019,2,-,Actual,Test
2025-12-30,P019,3,-,Actual,Test
2025-12-31,P019,4,-,Actual,Test
2025-11-25,P020,3,-,Actual,Test
2025-11-26,P020,0,-,Actual,Test
2025-11-27,P020,3,-,Actual,Test
2025-11-28,P020,0,-,Actual,Test
2025-11-29,P020,2,-,Actual,Test
2025-11-30,P020,0,-,Actual,Test
2025-12-01,P020,0,-,Actual,Test
2025-12-02,P020,3,-,Actual,Test
2025-12-03,P020,1,-,Actual,Test
2025-12-04,P020,0,-,Actual,Test
2025-12-05,P020,1,-,Actual,Test
2025-12-06,P020,0,-,Actual,Test
2025-12-07,P020,1,-,Actual,Test
2025-12-08,P020,3,-,Actual,Test
2025-12-09,P020,0,-,Actual,Test
2025-12-10,P020,1,-,Actual,Test
2025-12-11,P020,0,-,Actual,Test
2025-12-12,P020,0,-,Actual,Test
2025-12-13,P020,5,-,Actual,Test
2025-12-14,P020,1,-,Actual,Test
2025-12-15,P020,4,-,Actual,Test
2025-12-16,P020,3,-,Actual,Test
2025-12-17,P020,3,-,Actual,Test
2025-12-18,P020,0,-,Actual,Test
2025-12-19,P020,2,-,Actual,Test
2025-12-20,P020,4,-,Actual,Test
2025-12-21,P020,2,-,Actual,Test
2025-12-22,P020,2,-,Actual,Test
2025-12-23,P020,2,-,Actual,Test
2025-12-24,P020,5,-,Actual,Test
2025-12-25,P020,2,-,Actual,Test
2025-12-26,P020,0,-,Actual,Test
2025-12-27,P020,0,-,Actual,Test
2025-12-28,P020,2,-,Actual,Test
2025-12-29,P020,1,-,Actual,Test
2025-12-30,P020,5,-,Actual,Test
2025-12-31,P020,0,-,Actual,Test
