order_date,product_id,quantity,model,type,part
2025-01-08,P001,1.9491167068481445,LSTM,Prediction,Train
2025-01-09,P001,1.9625823497772217,LSTM,Prediction,Train
2025-01-10,P001,1.969131350517273,LSTM,Prediction,Train
2025-01-11,P001,1.9628887176513672,LSTM,Prediction,Train
2025-01-12,P001,1.9492418766021729,LSTM,Prediction,Train
2025-01-13,P001,1.9512895345687866,LSTM,Prediction,Train
2025-01-14,P001,1.9609501361846924,LSTM,Prediction,Train
2025-01-15,P001,1.9612928628921509,LSTM,Prediction,Train
2025-01-16,P001,1.9697574377059937,LSTM,Prediction,Train
2025-01-17,P001,1.9712623357772827,LSTM,Prediction,Train
2025-01-18,P001,1.9565404653549194,LSTM,Prediction,Train
2025-01-19,P001,1.9556446075439453,LSTM,Prediction,Train
2025-01-20,P001,1.9543951749801636,LSTM,Prediction,Train
2025-01-21,P001,1.9629075527191162,LSTM,Prediction,Train
2025-01-22,P001,1.9654920101165771,LSTM,Prediction,Train
2025-01-23,P001,1.9750771522521973,LSTM,Prediction,Train
2025-01-24,P001,1.9503813982009888,LSTM,Prediction,Train
2025-01-25,P001,1.967428207397461,LSTM,Prediction,Train
2025-01-26,P001,1.9713962078094482,LSTM,Prediction,Train
2025-01-27,P001,1.967982530593872,LSTM,Prediction,Train
2025-01-28,P001,1.9695192575454712,LSTM,Prediction,Train
2025-01-29,P001,1.9601229429244995,LSTM,Prediction,Train
2025-01-30,P001,1.9655919075012207,LSTM,Prediction,Train
2025-01-31,P001,1.9644054174423218,LSTM,Prediction,Train
2025-02-01,P001,1.9527769088745117,LSTM,Prediction,Train
2025-02-02,P001,1.9595813751220703,LSTM,Prediction,Train
2025-02-03,P001,1.9631887674331665,LSTM,Prediction,Train
2025-02-04,P001,1.9633315801620483,LSTM,Prediction,Train
2025-02-05,P001,1.956239104270935,LSTM,Prediction,Train
2025-02-06,P001,1.9698176383972168,LSTM,Prediction,Train
2025-02-07,P001,1.9585355520248413,LSTM,Prediction,Train
2025-02-08,P001,1.925283432006836,LSTM,Prediction,Train
2025-02-09,P001,1.9656763076782227,LSTM,Prediction,Train
2025-02-10,P001,1.9538236856460571,LSTM,Prediction,Train
2025-02-11,P001,1.9580048322677612,LSTM,Prediction,Train
2025-02-12,P001,1.964843988418579,LSTM,Prediction,Train
2025-02-13,P001,1.967851996421814,LSTM,Prediction,Train
2025-02-14,P001,1.9546899795532227,LSTM,Prediction,Train
2025-02-15,P001,1.9621915817260742,LSTM,Prediction,Train
2025-02-16,P001,1.9573012590408325,LSTM,Prediction,Train
2025-02-17,P001,1.9501315355300903,LSTM,Prediction,Train
2025-02-18,P001,1.9637714624404907,LSTM,Prediction,Train
2025-02-19,P001,1.9498584270477295,LSTM,Prediction,Train
2025-02-20,P001,1.9721840620040894,LSTM,Prediction,Train
2025-02-21,P001,1.9635117053985596,LSTM,Prediction,Train
2025-02-22,P001,1.9588475227355957,LSTM,Prediction,Train
2025-02-23,P001,1.9618504047393799,LSTM,Prediction,Train
2025-02-24,P001,1.9511412382125854,LSTM,Prediction,Train
2025-02-25,P001,1.9634647369384766,LSTM,Prediction,Train
2025-02-26,P001,1.9615486860275269,LSTM,Prediction,Train
2025-02-27,P001,1.954119086265564,LSTM,Prediction,Train
2025-02-28,P001,1.9471746683120728,LSTM,Prediction,Train
2025-03-01,P001,1.9545042514801025,LSTM,Prediction,Train
2025-03-02,P001,1.9564818143844604,LSTM,Prediction,Train
2025-03-03,P001,1.9597049951553345,LSTM,Prediction,Train
2025-03-04,P001,1.9482115507125854,LSTM,Prediction,Train
2025-03-05,P001,1.9611515998840332,LSTM,Prediction,Train
2025-03-06,P001,1.9578142166137695,LSTM,Prediction,Train
2025-03-07,P001,1.9716575145721436,LSTM,Prediction,Train
2025-03-08,P001,1.9685182571411133,LSTM,Prediction,Train
2025-03-09,P001,1.957334280014038,LSTM,Prediction,Train
2025-03-10,P001,1.9567185640335083,LSTM,Prediction,Train
2025-03-11,P001,1.9562206268310547,LSTM,Prediction,Train
2025-03-12,P001,1.9582566022872925,LSTM,Prediction,Train
2025-03-13,P001,1.9614231586456299,LSTM,Prediction,Train
2025-03-14,P001,1.9642107486724854,LSTM,Prediction,Train
2025-03-15,P001,1.9605035781860352,LSTM,Prediction,Train
2025-03-16,P001,1.9602490663528442,LSTM,Prediction,Train
2025-03-17,P001,1.9605785608291626,LSTM,Prediction,Train
2025-03-18,P001,1.9508651494979858,LSTM,Prediction,Train
2025-03-19,P001,1.967507004737854,LSTM,Prediction,Train
2025-03-20,P001,1.9596641063690186,LSTM,Prediction,Train
2025-03-21,P001,1.9554321765899658,LSTM,Prediction,Train
2025-03-22,P001,1.9434356689453125,LSTM,Prediction,Train
2025-03-23,P001,1.9602704048156738,LSTM,Prediction,Train
2025-03-24,P001,1.9550257921218872,LSTM,Prediction,Train
2025-03-25,P001,1.964445948600769,LSTM,Prediction,Train
2025-03-26,P001,1.9539402723312378,LSTM,Prediction,Train
2025-03-27,P001,1.9547382593154907,LSTM,Prediction,Train
2025-03-28,P001,1.9576845169067383,LSTM,Prediction,Train
2025-03-29,P001,1.9590818881988525,LSTM,Prediction,Train
2025-03-30,P001,1.9611387252807617,LSTM,Prediction,Train
2025-03-31,P001,1.958259105682373,LSTM,Prediction,Train
2025-04-01,P001,1.9565980434417725,LSTM,Prediction,Train
2025-04-02,P001,1.9627058506011963,LSTM,Prediction,Train
2025-04-03,P001,1.9629815816879272,LSTM,Prediction,Train
2025-04-04,P001,1.9602152109146118,LSTM,Prediction,Train
2025-04-05,P001,1.9606972932815552,LSTM,Prediction,Train
2025-04-06,P001,1.958561658859253,LSTM,Prediction,Train
2025-04-07,P001,1.9707932472229004,LSTM,Prediction,Train
2025-04-08,P001,1.9508564472198486,LSTM,Prediction,Train
2025-04-09,P001,1.9539377689361572,LSTM,Prediction,Train
2025-04-10,P001,1.9592758417129517,LSTM,Prediction,Train
2025-04-11,P001,1.9644629955291748,LSTM,Prediction,Train
2025-04-12,P001,1.9707531929016113,LSTM,Prediction,Train
2025-04-13,P001,1.972223162651062,LSTM,Prediction,Train
2025-04-14,P001,1.9612598419189453,LSTM,Prediction,Train
2025-04-15,P001,1.960697889328003,LSTM,Prediction,Train
2025-04-16,P001,1.9529672861099243,LSTM,Prediction,Train
2025-04-17,P001,1.9484195709228516,LSTM,Prediction,Train
2025-04-18,P001,1.9640389680862427,LSTM,Prediction,Train
2025-04-19,P001,1.9616622924804688,LSTM,Prediction,Train
2025-04-20,P001,1.9626387357711792,LSTM,Prediction,Train
2025-04-21,P001,1.971396803855896,LSTM,Prediction,Train
2025-04-22,P001,1.9522242546081543,LSTM,Prediction,Train
2025-04-23,P001,1.957654356956482,LSTM,Prediction,Train
2025-04-24,P001,1.9564872980117798,LSTM,Prediction,Train
2025-04-25,P001,1.952648639678955,LSTM,Prediction,Train
2025-04-26,P001,1.9561545848846436,LSTM,Prediction,Train
2025-04-27,P001,1.9617284536361694,LSTM,Prediction,Train
2025-04-28,P001,1.9684613943099976,LSTM,Prediction,Train
2025-04-29,P001,1.9572464227676392,LSTM,Prediction,Train
2025-04-30,P001,1.951547384262085,LSTM,Prediction,Train
2025-05-01,P001,1.957967758178711,LSTM,Prediction,Train
2025-05-02,P001,1.948808193206787,LSTM,Prediction,Train
2025-05-03,P001,1.955126404762268,LSTM,Prediction,Train
2025-05-04,P001,1.9715346097946167,LSTM,Prediction,Train
2025-05-05,P001,1.9644755125045776,LSTM,Prediction,Train
2025-05-06,P001,1.9551013708114624,LSTM,Prediction,Train
2025-05-07,P001,1.9501007795333862,LSTM,Prediction,Train
2025-05-08,P001,1.9710657596588135,LSTM,Prediction,Train
2025-05-09,P001,1.962934136390686,LSTM,Prediction,Train
2025-05-10,P001,1.9591286182403564,LSTM,Prediction,Train
2025-05-11,P001,1.9575186967849731,LSTM,Prediction,Train
2025-05-12,P001,1.9769408702850342,LSTM,Prediction,Train
2025-05-13,P001,1.9633007049560547,LSTM,Prediction,Train
2025-05-14,P001,1.9572253227233887,LSTM,Prediction,Train
2025-05-15,P001,1.963145136833191,LSTM,Prediction,Train
2025-05-16,P001,1.9542465209960938,LSTM,Prediction,Train
2025-05-17,P001,1.964520812034607,LSTM,Prediction,Train
2025-05-18,P001,1.959799885749817,LSTM,Prediction,Train
2025-05-19,P001,1.960742712020874,LSTM,Prediction,Train
2025-05-20,P001,1.9505436420440674,LSTM,Prediction,Train
2025-05-21,P001,1.9662195444107056,LSTM,Prediction,Train
2025-05-22,P001,1.9589121341705322,LSTM,Prediction,Train
2025-05-23,P001,1.957263708114624,LSTM,Prediction,Train
2025-05-24,P001,1.9659233093261719,LSTM,Prediction,Train
2025-05-25,P001,1.964705467224121,LSTM,Prediction,Train
2025-05-26,P001,1.967938780784607,LSTM,Prediction,Train
2025-05-27,P001,1.9759901762008667,LSTM,Prediction,Train
2025-05-28,P001,1.9560885429382324,LSTM,Prediction,Train
2025-05-29,P001,1.9575068950653076,LSTM,Prediction,Train
2025-05-30,P001,1.9498594999313354,LSTM,Prediction,Train
2025-05-31,P001,1.9616435766220093,LSTM,Prediction,Train
2025-06-01,P001,1.9646908044815063,LSTM,Prediction,Train
2025-06-02,P001,1.9610271453857422,LSTM,Prediction,Train
2025-06-03,P001,1.9526346921920776,LSTM,Prediction,Train
2025-06-04,P001,1.9596108198165894,LSTM,Prediction,Train
2025-06-05,P001,1.961068868637085,LSTM,Prediction,Train
2025-06-06,P001,1.9600739479064941,LSTM,Prediction,Train
2025-06-07,P001,1.9615365266799927,LSTM,Prediction,Train
2025-06-08,P001,1.9605028629302979,LSTM,Prediction,Train
2025-06-09,P001,1.957294225692749,LSTM,Prediction,Train
2025-06-10,P001,1.965000033378601,LSTM,Prediction,Train
2025-06-11,P001,1.9716087579727173,LSTM,Prediction,Train
2025-06-12,P001,1.9610161781311035,LSTM,Prediction,Train
2025-06-13,P001,1.959322452545166,LSTM,Prediction,Train
2025-06-14,P001,1.9594749212265015,LSTM,Prediction,Train
2025-06-15,P001,1.9611303806304932,LSTM,Prediction,Train
2025-06-16,P001,1.963492751121521,LSTM,Prediction,Train
2025-06-17,P001,1.950028896331787,LSTM,Prediction,Train
2025-06-18,P001,1.9574711322784424,LSTM,Prediction,Train
2025-06-19,P001,1.9531139135360718,LSTM,Prediction,Train
2025-06-20,P001,1.9606763124465942,LSTM,Prediction,Train
2025-06-21,P001,1.9574412107467651,LSTM,Prediction,Train
2025-06-22,P001,1.964316487312317,LSTM,Prediction,Train
2025-06-23,P001,1.9702410697937012,LSTM,Prediction,Train
2025-06-24,P001,1.9663819074630737,LSTM,Prediction,Train
2025-06-25,P001,1.9638338088989258,LSTM,Prediction,Train
2025-06-26,P001,1.957250714302063,LSTM,Prediction,Train
2025-06-27,P001,1.9588141441345215,LSTM,Prediction,Train
2025-06-28,P001,1.96226167678833,LSTM,Prediction,Train
2025-06-29,P001,1.9565973281860352,LSTM,Prediction,Train
2025-06-30,P001,1.9662575721740723,LSTM,Prediction,Train
2025-07-01,P001,1.9465023279190063,LSTM,Prediction,Train
2025-07-02,P001,1.9672540426254272,LSTM,Prediction,Train
2025-07-03,P001,1.956095576286316,LSTM,Prediction,Train
2025-07-04,P001,1.9456523656845093,LSTM,Prediction,Train
2025-07-05,P001,1.9415440559387207,LSTM,Prediction,Train
2025-07-06,P001,1.9727504253387451,LSTM,Prediction,Train
2025-07-07,P001,1.9644831418991089,LSTM,Prediction,Train
2025-07-08,P001,1.9517048597335815,LSTM,Prediction,Train
2025-07-09,P001,1.9654624462127686,LSTM,Prediction,Train
2025-07-10,P001,1.9564670324325562,LSTM,Prediction,Train
2025-07-11,P001,1.961354374885559,LSTM,Prediction,Train
2025-07-12,P001,1.9685782194137573,LSTM,Prediction,Train
2025-07-13,P001,1.96501624584198,LSTM,Prediction,Train
2025-07-14,P001,1.963733434677124,LSTM,Prediction,Train
2025-07-15,P001,1.971248984336853,LSTM,Prediction,Train
2025-07-16,P001,1.94955575466156,LSTM,Prediction,Train
2025-07-17,P001,1.968658685684204,LSTM,Prediction,Train
2025-07-18,P001,1.9536755084991455,LSTM,Prediction,Train
2025-07-19,P001,1.9612749814987183,LSTM,Prediction,Train
2025-07-20,P001,1.9663997888565063,LSTM,Prediction,Train
2025-07-21,P001,1.969052791595459,LSTM,Prediction,Train
2025-07-22,P001,1.9308234453201294,LSTM,Prediction,Train
2025-07-23,P001,1.9637815952301025,LSTM,Prediction,Train
2025-07-24,P001,1.9642566442489624,LSTM,Prediction,Train
2025-07-25,P001,1.9569460153579712,LSTM,Prediction,Train
2025-07-26,P001,1.9568169116973877,LSTM,Prediction,Train
2025-07-27,P001,1.9637377262115479,LSTM,Prediction,Train
2025-07-28,P001,1.9658881425857544,LSTM,Prediction,Train
2025-07-29,P001,1.967918872833252,LSTM,Prediction,Train
2025-07-30,P001,1.9749867916107178,LSTM,Prediction,Train
2025-07-31,P001,1.9607754945755005,LSTM,Prediction,Train
2025-08-01,P001,1.9601706266403198,LSTM,Prediction,Train
2025-08-02,P001,1.9533048868179321,LSTM,Prediction,Train
2025-08-03,P001,1.9596686363220215,LSTM,Prediction,Train
2025-08-04,P001,1.9626199007034302,LSTM,Prediction,Train
2025-08-05,P001,1.9576681852340698,LSTM,Prediction,Train
2025-08-06,P001,1.9541188478469849,LSTM,Prediction,Train
2025-08-07,P001,1.9685441255569458,LSTM,Prediction,Train
2025-08-08,P001,1.956444263458252,LSTM,Prediction,Train
2025-08-09,P001,1.9608168601989746,LSTM,Prediction,Train
2025-08-10,P001,1.9663963317871094,LSTM,Prediction,Train
2025-08-11,P001,1.9620118141174316,LSTM,Prediction,Train
2025-08-12,P001,1.958369493484497,LSTM,Prediction,Train
2025-08-13,P001,1.9573397636413574,LSTM,Prediction,Train
2025-08-14,P001,1.963901400566101,LSTM,Prediction,Train
2025-08-15,P001,1.9620780944824219,LSTM,Prediction,Train
2025-08-16,P001,1.9653128385543823,LSTM,Prediction,Train
2025-08-17,P001,1.9595695734024048,LSTM,Prediction,Train
2025-08-18,P001,1.9588191509246826,LSTM,Prediction,Train
2025-08-19,P001,1.9692413806915283,LSTM,Prediction,Train
2025-08-20,P001,1.9655132293701172,LSTM,Prediction,Train
2025-08-21,P001,1.955395221710205,LSTM,Prediction,Train
2025-08-22,P001,1.9612767696380615,LSTM,Prediction,Train
2025-08-23,P001,1.9700816869735718,LSTM,Prediction,Train
2025-08-24,P001,1.9612489938735962,LSTM,Prediction,Train
2025-08-25,P001,1.9438440799713135,LSTM,Prediction,Train
2025-08-26,P001,1.945305585861206,LSTM,Prediction,Train
2025-08-27,P001,1.959397792816162,LSTM,Prediction,Train
2025-08-28,P001,1.9536410570144653,LSTM,Prediction,Train
2025-08-29,P001,1.9572080373764038,LSTM,Prediction,Train
2025-08-30,P001,1.941880226135254,LSTM,Prediction,Train
2025-08-31,P001,1.9487682580947876,LSTM,Prediction,Train
2025-09-01,P001,1.96976900100708,LSTM,Prediction,Train
2025-09-02,P001,1.9502501487731934,LSTM,Prediction,Train
2025-09-03,P001,1.954444408416748,LSTM,Prediction,Train
2025-09-04,P001,1.9694647789001465,LSTM,Prediction,Train
2025-09-05,P001,1.9573408365249634,LSTM,Prediction,Train
2025-09-06,P001,1.9628874063491821,LSTM,Prediction,Train
2025-09-07,P001,1.9512830972671509,LSTM,Prediction,Train
2025-09-08,P001,1.957585334777832,LSTM,Prediction,Train
2025-09-09,P001,1.952796459197998,LSTM,Prediction,Train
2025-09-10,P001,1.959272027015686,LSTM,Prediction,Train
2025-09-11,P001,1.957947015762329,LSTM,Prediction,Train
2025-09-12,P001,1.9552613496780396,LSTM,Prediction,Train
2025-09-13,P001,1.9610610008239746,LSTM,Prediction,Train
2025-09-14,P001,1.9567580223083496,LSTM,Prediction,Train
2025-01-08,P002,2.081263303756714,LSTM,Prediction,Train
2025-01-09,P002,2.0917599201202393,LSTM,Prediction,Train
2025-01-10,P002,2.104968786239624,LSTM,Prediction,Train
2025-01-11,P002,2.0964014530181885,LSTM,Prediction,Train
2025-01-12,P002,2.08109188079834,LSTM,Prediction,Train
2025-01-13,P002,2.083813190460205,LSTM,Prediction,Train
2025-01-14,P002,2.096773386001587,LSTM,Prediction,Train
2025-01-15,P002,2.096099376678467,LSTM,Prediction,Train
2025-01-16,P002,2.106186866760254,LSTM,Prediction,Train
2025-01-17,P002,2.104813814163208,LSTM,Prediction,Train
2025-01-18,P002,2.091216564178467,LSTM,Prediction,Train
2025-01-19,P002,2.08968186378479,LSTM,Prediction,Train
2025-01-20,P002,2.0877771377563477,LSTM,Prediction,Train
2025-01-21,P002,2.095222234725952,LSTM,Prediction,Train
2025-01-22,P002,2.1015098094940186,LSTM,Prediction,Train
2025-01-23,P002,2.1096014976501465,LSTM,Prediction,Train
2025-01-24,P002,2.0820512771606445,LSTM,Prediction,Train
2025-01-25,P002,2.102625846862793,LSTM,Prediction,Train
2025-01-26,P002,2.105800151824951,LSTM,Prediction,Train
2025-01-27,P002,2.1047708988189697,LSTM,Prediction,Train
2025-01-28,P002,2.1101083755493164,LSTM,Prediction,Train
2025-01-29,P002,2.0933780670166016,LSTM,Prediction,Train
2025-01-30,P002,2.099518060684204,LSTM,Prediction,Train
2025-01-31,P002,2.101754665374756,LSTM,Prediction,Train
2025-02-01,P002,2.0822067260742188,LSTM,Prediction,Train
2025-02-02,P002,2.0906853675842285,LSTM,Prediction,Train
2025-02-03,P002,2.0973799228668213,LSTM,Prediction,Train
2025-02-04,P002,2.097475528717041,LSTM,Prediction,Train
2025-02-05,P002,2.0886306762695312,LSTM,Prediction,Train
2025-02-06,P002,2.1031579971313477,LSTM,Prediction,Train
2025-02-07,P002,2.093414068222046,LSTM,Prediction,Train
2025-02-08,P002,2.0528550148010254,LSTM,Prediction,Train
2025-02-09,P002,2.099600315093994,LSTM,Prediction,Train
2025-02-10,P002,2.087899684906006,LSTM,Prediction,Train
2025-02-11,P002,2.0932672023773193,LSTM,Prediction,Train
2025-02-12,P002,2.096472978591919,LSTM,Prediction,Train
2025-02-13,P002,2.1020188331604004,LSTM,Prediction,Train
2025-02-14,P002,2.0877137184143066,LSTM,Prediction,Train
2025-02-15,P002,2.0981297492980957,LSTM,Prediction,Train
2025-02-16,P002,2.092331647872925,LSTM,Prediction,Train
2025-02-17,P002,2.083437919616699,LSTM,Prediction,Train
2025-02-18,P002,2.1008071899414062,LSTM,Prediction,Train
2025-02-19,P002,2.0821642875671387,LSTM,Prediction,Train
2025-02-20,P002,2.1050608158111572,LSTM,Prediction,Train
2025-02-21,P002,2.0977210998535156,LSTM,Prediction,Train
2025-02-22,P002,2.093766689300537,LSTM,Prediction,Train
2025-02-23,P002,2.098658323287964,LSTM,Prediction,Train
2025-02-24,P002,2.0852794647216797,LSTM,Prediction,Train
2025-02-25,P002,2.0981037616729736,LSTM,Prediction,Train
2025-02-26,P002,2.096632957458496,LSTM,Prediction,Train
2025-02-27,P002,2.088209390640259,LSTM,Prediction,Train
2025-02-28,P002,2.0808088779449463,LSTM,Prediction,Train
2025-03-01,P002,2.0877678394317627,LSTM,Prediction,Train
2025-03-02,P002,2.09381365776062,LSTM,Prediction,Train
2025-03-03,P002,2.094531297683716,LSTM,Prediction,Train
2025-03-04,P002,2.074901580810547,LSTM,Prediction,Train
2025-03-05,P002,2.0954649448394775,LSTM,Prediction,Train
2025-03-06,P002,2.092984437942505,LSTM,Prediction,Train
2025-03-07,P002,2.105254888534546,LSTM,Prediction,Train
2025-03-08,P002,2.102418899536133,LSTM,Prediction,Train
2025-03-09,P002,2.088879108428955,LSTM,Prediction,Train
2025-03-10,P002,2.083982467651367,LSTM,Prediction,Train
2025-03-11,P002,2.089486598968506,LSTM,Prediction,Train
2025-03-12,P002,2.092599391937256,LSTM,Prediction,Train
2025-03-13,P002,2.092804193496704,LSTM,Prediction,Train
2025-03-14,P002,2.101750373840332,LSTM,Prediction,Train
2025-03-15,P002,2.095024824142456,LSTM,Prediction,Train
2025-03-16,P002,2.094440460205078,LSTM,Prediction,Train
2025-03-17,P002,2.096224784851074,LSTM,Prediction,Train
2025-03-18,P002,2.0839121341705322,LSTM,Prediction,Train
2025-03-19,P002,2.1050376892089844,LSTM,Prediction,Train
2025-03-20,P002,2.093430280685425,LSTM,Prediction,Train
2025-03-21,P002,2.0901966094970703,LSTM,Prediction,Train
2025-03-22,P002,2.0756072998046875,LSTM,Prediction,Train
2025-03-23,P002,2.0935423374176025,LSTM,Prediction,Train
2025-03-24,P002,2.088096857070923,LSTM,Prediction,Train
2025-03-25,P002,2.0978572368621826,LSTM,Prediction,Train
2025-03-26,P002,2.086040496826172,LSTM,Prediction,Train
2025-03-27,P002,2.0865137577056885,LSTM,Prediction,Train
2025-03-28,P002,2.0892140865325928,LSTM,Prediction,Train
2025-03-29,P002,2.0946710109710693,LSTM,Prediction,Train
2025-03-30,P002,2.097783327102661,LSTM,Prediction,Train
2025-03-31,P002,2.091900587081909,LSTM,Prediction,Train
2025-04-01,P002,2.0920872688293457,LSTM,Prediction,Train
2025-04-02,P002,2.096405267715454,LSTM,Prediction,Train
2025-04-03,P002,2.09435772895813,LSTM,Prediction,Train
2025-04-04,P002,2.094651937484741,LSTM,Prediction,Train
2025-04-05,P002,2.0924205780029297,LSTM,Prediction,Train
2025-04-06,P002,2.088254690170288,LSTM,Prediction,Train
2025-04-07,P002,2.107732057571411,LSTM,Prediction,Train
2025-04-08,P002,2.0820424556732178,LSTM,Prediction,Train
2025-04-09,P002,2.0868759155273438,LSTM,Prediction,Train
2025-04-10,P002,2.094228744506836,LSTM,Prediction,Train
2025-04-11,P002,2.1013247966766357,LSTM,Prediction,Train
2025-04-12,P002,2.104212522506714,LSTM,Prediction,Train
2025-04-13,P002,2.1056106090545654,LSTM,Prediction,Train
2025-04-14,P002,2.0950891971588135,LSTM,Prediction,Train
2025-04-15,P002,2.095301866531372,LSTM,Prediction,Train
2025-04-16,P002,2.0864953994750977,LSTM,Prediction,Train
2025-04-17,P002,2.080207347869873,LSTM,Prediction,Train
2025-04-18,P002,2.099485397338867,LSTM,Prediction,Train
2025-04-19,P002,2.0972914695739746,LSTM,Prediction,Train
2025-04-20,P002,2.0996220111846924,LSTM,Prediction,Train
2025-04-21,P002,2.103818416595459,LSTM,Prediction,Train
2025-04-22,P002,2.0864927768707275,LSTM,Prediction,Train
2025-04-23,P002,2.090636968612671,LSTM,Prediction,Train
2025-04-24,P002,2.088759422302246,LSTM,Prediction,Train
2025-04-25,P002,2.0860793590545654,LSTM,Prediction,Train
2025-04-26,P002,2.09013295173645,LSTM,Prediction,Train
2025-04-27,P002,2.0990495681762695,LSTM,Prediction,Train
2025-04-28,P002,2.0964646339416504,LSTM,Prediction,Train
2025-04-29,P002,2.090205430984497,LSTM,Prediction,Train
2025-04-30,P002,2.0838675498962402,LSTM,Prediction,Train
2025-05-01,P002,2.09346342086792,LSTM,Prediction,Train
2025-05-02,P002,2.081084966659546,LSTM,Prediction,Train
2025-05-03,P002,2.087421417236328,LSTM,Prediction,Train
2025-05-04,P002,2.108936071395874,LSTM,Prediction,Train
2025-05-05,P002,2.100040912628174,LSTM,Prediction,Train
2025-05-06,P002,2.0892341136932373,LSTM,Prediction,Train
2025-05-07,P002,2.0829200744628906,LSTM,Prediction,Train
2025-05-08,P002,2.1043317317962646,LSTM,Prediction,Train
2025-05-09,P002,2.0972211360931396,LSTM,Prediction,Train
2025-05-10,P002,2.093967914581299,LSTM,Prediction,Train
2025-05-11,P002,2.092811346054077,LSTM,Prediction,Train
2025-05-12,P002,2.1148741245269775,LSTM,Prediction,Train
2025-05-13,P002,2.1003341674804688,LSTM,Prediction,Train
2025-05-14,P002,2.0913727283477783,LSTM,Prediction,Train
2025-05-15,P002,2.0993053913116455,LSTM,Prediction,Train
2025-05-16,P002,2.0881826877593994,LSTM,Prediction,Train
2025-05-17,P002,2.1031606197357178,LSTM,Prediction,Train
2025-05-18,P002,2.0961496829986572,LSTM,Prediction,Train
2025-05-19,P002,2.089799165725708,LSTM,Prediction,Train
2025-05-20,P002,2.0807671546936035,LSTM,Prediction,Train
2025-05-21,P002,2.1011929512023926,LSTM,Prediction,Train
2025-05-22,P002,2.0895462036132812,LSTM,Prediction,Train
2025-05-23,P002,2.0894088745117188,LSTM,Prediction,Train
2025-05-24,P002,2.10212779045105,LSTM,Prediction,Train
2025-05-25,P002,2.1034293174743652,LSTM,Prediction,Train
2025-05-26,P002,2.1019577980041504,LSTM,Prediction,Train
2025-05-27,P002,2.1095523834228516,LSTM,Prediction,Train
2025-05-28,P002,2.0895135402679443,LSTM,Prediction,Train
2025-05-29,P002,2.0909526348114014,LSTM,Prediction,Train
2025-05-30,P002,2.0824737548828125,LSTM,Prediction,Train
2025-05-31,P002,2.097196102142334,LSTM,Prediction,Train
2025-06-01,P002,2.101288318634033,LSTM,Prediction,Train
2025-06-02,P002,2.0982534885406494,LSTM,Prediction,Train
2025-06-03,P002,2.0851070880889893,LSTM,Prediction,Train
2025-06-04,P002,2.0899710655212402,LSTM,Prediction,Train
2025-06-05,P002,2.093212127685547,LSTM,Prediction,Train
2025-06-06,P002,2.0943663120269775,LSTM,Prediction,Train
2025-06-07,P002,2.0948472023010254,LSTM,Prediction,Train
2025-06-08,P002,2.0953023433685303,LSTM,Prediction,Train
2025-06-09,P002,2.087646484375,LSTM,Prediction,Train
2025-06-10,P002,2.1018707752227783,LSTM,Prediction,Train
2025-06-11,P002,2.103696584701538,LSTM,Prediction,Train
2025-06-12,P002,2.095010757446289,LSTM,Prediction,Train
2025-06-13,P002,2.0935654640197754,LSTM,Prediction,Train
2025-06-14,P002,2.0849087238311768,LSTM,Prediction,Train
2025-06-15,P002,2.0977675914764404,LSTM,Prediction,Train
2025-06-16,P002,2.0962488651275635,LSTM,Prediction,Train
2025-06-17,P002,2.0782322883605957,LSTM,Prediction,Train
2025-06-18,P002,2.089106321334839,LSTM,Prediction,Train
2025-06-19,P002,2.0865442752838135,LSTM,Prediction,Train
2025-06-20,P002,2.0932576656341553,LSTM,Prediction,Train
2025-06-21,P002,2.092015504837036,LSTM,Prediction,Train
2025-06-22,P002,2.098633289337158,LSTM,Prediction,Train
2025-06-23,P002,2.105987071990967,LSTM,Prediction,Train
2025-06-24,P002,2.103212833404541,LSTM,Prediction,Train
2025-06-25,P002,2.096329689025879,LSTM,Prediction,Train
2025-06-26,P002,2.089484453201294,LSTM,Prediction,Train
2025-06-27,P002,2.092860221862793,LSTM,Prediction,Train
2025-06-28,P002,2.0982420444488525,LSTM,Prediction,Train
2025-06-29,P002,2.087819814682007,LSTM,Prediction,Train
2025-06-30,P002,2.102518320083618,LSTM,Prediction,Train
2025-07-01,P002,2.077373504638672,LSTM,Prediction,Train
2025-07-02,P002,2.102114200592041,LSTM,Prediction,Train
2025-07-03,P002,2.0868711471557617,LSTM,Prediction,Train
2025-07-04,P002,2.077540636062622,LSTM,Prediction,Train
2025-07-05,P002,2.0723443031311035,LSTM,Prediction,Train
2025-07-06,P002,2.1014294624328613,LSTM,Prediction,Train
2025-07-07,P002,2.0995068550109863,LSTM,Prediction,Train
2025-07-08,P002,2.0859146118164062,LSTM,Prediction,Train
2025-07-09,P002,2.103902816772461,LSTM,Prediction,Train
2025-07-10,P002,2.088611364364624,LSTM,Prediction,Train
2025-07-11,P002,2.096306085586548,LSTM,Prediction,Train
2025-07-12,P002,2.102522134780884,LSTM,Prediction,Train
2025-07-13,P002,2.098649263381958,LSTM,Prediction,Train
2025-07-14,P002,2.09787654876709,LSTM,Prediction,Train
2025-07-15,P002,2.101783275604248,LSTM,Prediction,Train
2025-07-16,P002,2.081575393676758,LSTM,Prediction,Train
2025-07-17,P002,2.1042134761810303,LSTM,Prediction,Train
2025-07-18,P002,2.0878610610961914,LSTM,Prediction,Train
2025-07-19,P002,2.0955960750579834,LSTM,Prediction,Train
2025-07-20,P002,2.103578805923462,LSTM,Prediction,Train
2025-07-21,P002,2.10105299949646,LSTM,Prediction,Train
2025-07-22,P002,2.0554990768432617,LSTM,Prediction,Train
2025-07-23,P002,2.097639322280884,LSTM,Prediction,Train
2025-07-24,P002,2.1009912490844727,LSTM,Prediction,Train
2025-07-25,P002,2.088531255722046,LSTM,Prediction,Train
2025-07-26,P002,2.0907888412475586,LSTM,Prediction,Train
2025-07-27,P002,2.0989599227905273,LSTM,Prediction,Train
2025-07-28,P002,2.1010987758636475,LSTM,Prediction,Train
2025-07-29,P002,2.1047215461730957,LSTM,Prediction,Train
2025-07-30,P002,2.1043241024017334,LSTM,Prediction,Train
2025-07-31,P002,2.0939269065856934,LSTM,Prediction,Train
2025-08-01,P002,2.095435619354248,LSTM,Prediction,Train
2025-08-02,P002,2.0873961448669434,LSTM,Prediction,Train
2025-08-03,P002,2.0908474922180176,LSTM,Prediction,Train
2025-08-04,P002,2.097594738006592,LSTM,Prediction,Train
2025-08-05,P002,2.090379476547241,LSTM,Prediction,Train
2025-08-06,P002,2.086200714111328,LSTM,Prediction,Train
2025-08-07,P002,2.1066770553588867,LSTM,Prediction,Train
2025-08-08,P002,2.08807110786438,LSTM,Prediction,Train
2025-08-09,P002,2.094630479812622,LSTM,Prediction,Train
2025-08-10,P002,2.0997471809387207,LSTM,Prediction,Train
2025-08-11,P002,2.0965030193328857,LSTM,Prediction,Train
2025-08-12,P002,2.0928337574005127,LSTM,Prediction,Train
2025-08-13,P002,2.0850718021392822,LSTM,Prediction,Train
2025-08-14,P002,2.0998926162719727,LSTM,Prediction,Train
2025-08-15,P002,2.0972306728363037,LSTM,Prediction,Train
2025-08-16,P002,2.1000638008117676,LSTM,Prediction,Train
2025-08-17,P002,2.088273525238037,LSTM,Prediction,Train
2025-08-18,P002,2.0889089107513428,LSTM,Prediction,Train
2025-08-19,P002,2.1071643829345703,LSTM,Prediction,Train
2025-08-20,P002,2.1020822525024414,LSTM,Prediction,Train
2025-08-21,P002,2.0888211727142334,LSTM,Prediction,Train
2025-08-22,P002,2.09804105758667,LSTM,Prediction,Train
2025-08-23,P002,2.09505558013916,LSTM,Prediction,Train
2025-08-24,P002,2.0911850929260254,LSTM,Prediction,Train
2025-08-25,P002,2.0703611373901367,LSTM,Prediction,Train
2025-08-26,P002,2.077016830444336,LSTM,Prediction,Train
2025-08-27,P002,2.0938172340393066,LSTM,Prediction,Train
2025-08-28,P002,2.0852088928222656,LSTM,Prediction,Train
2025-08-29,P002,2.0921454429626465,LSTM,Prediction,Train
2025-08-30,P002,2.071659564971924,LSTM,Prediction,Train
2025-08-31,P002,2.080632209777832,LSTM,Prediction,Train
2025-09-01,P002,2.104530096054077,LSTM,Prediction,Train
2025-09-02,P002,2.0836379528045654,LSTM,Prediction,Train
2025-09-03,P002,2.0855178833007812,LSTM,Prediction,Train
2025-09-04,P002,2.1111154556274414,LSTM,Prediction,Train
2025-09-05,P002,2.089808225631714,LSTM,Prediction,Train
2025-09-06,P002,2.0921273231506348,LSTM,Prediction,Train
2025-09-07,P002,2.0835013389587402,LSTM,Prediction,Train
2025-09-08,P002,2.0913584232330322,LSTM,Prediction,Train
2025-09-09,P002,2.0855066776275635,LSTM,Prediction,Train
2025-09-10,P002,2.095079183578491,LSTM,Prediction,Train
2025-09-11,P002,2.0945117473602295,LSTM,Prediction,Train
2025-09-12,P002,2.0856306552886963,LSTM,Prediction,Train
2025-09-13,P002,2.0965988636016846,LSTM,Prediction,Train
2025-09-14,P002,2.088319778442383,LSTM,Prediction,Train
2025-01-08,P003,2.054523229598999,LSTM,Prediction,Train
2025-01-09,P003,2.067257881164551,LSTM,Prediction,Train
2025-01-10,P003,2.080510377883911,LSTM,Prediction,Train
2025-01-11,P003,2.0724644660949707,LSTM,Prediction,Train
2025-01-12,P003,2.0558536052703857,LSTM,Prediction,Train
2025-01-13,P003,2.06034517288208,LSTM,Prediction,Train
2025-01-14,P003,2.0720603466033936,LSTM,Prediction,Train
2025-01-15,P003,2.071733236312866,LSTM,Prediction,Train
2025-01-16,P003,2.0816173553466797,LSTM,Prediction,Train
2025-01-17,P003,2.0819311141967773,LSTM,Prediction,Train
2025-01-18,P003,2.065671682357788,LSTM,Prediction,Train
2025-01-19,P003,2.0644571781158447,LSTM,Prediction,Train
2025-01-20,P003,2.062633991241455,LSTM,Prediction,Train
2025-01-21,P003,2.069854974746704,LSTM,Prediction,Train
2025-01-22,P003,2.07552433013916,LSTM,Prediction,Train
2025-01-23,P003,2.0814547538757324,LSTM,Prediction,Train
2025-01-24,P003,2.0560691356658936,LSTM,Prediction,Train
2025-01-25,P003,2.077781915664673,LSTM,Prediction,Train
2025-01-26,P003,2.0843570232391357,LSTM,Prediction,Train
2025-01-27,P003,2.0802950859069824,LSTM,Prediction,Train
2025-01-28,P003,2.0833561420440674,LSTM,Prediction,Train
2025-01-29,P003,2.0683517456054688,LSTM,Prediction,Train
2025-01-30,P003,2.072242498397827,LSTM,Prediction,Train
2025-01-31,P003,2.0757265090942383,LSTM,Prediction,Train
2025-02-01,P003,2.05336594581604,LSTM,Prediction,Train
2025-02-02,P003,2.0643861293792725,LSTM,Prediction,Train
2025-02-03,P003,2.0719408988952637,LSTM,Prediction,Train
2025-02-04,P003,2.0730843544006348,LSTM,Prediction,Train
2025-02-05,P003,2.0622825622558594,LSTM,Prediction,Train
2025-02-06,P003,2.0799155235290527,LSTM,Prediction,Train
2025-02-07,P003,2.068737506866455,LSTM,Prediction,Train
2025-02-08,P003,2.023470163345337,LSTM,Prediction,Train
2025-02-09,P003,2.0741453170776367,LSTM,Prediction,Train
2025-02-10,P003,2.062304735183716,LSTM,Prediction,Train
2025-02-11,P003,2.067629337310791,LSTM,Prediction,Train
2025-02-12,P003,2.070849657058716,LSTM,Prediction,Train
2025-02-13,P003,2.0763566493988037,LSTM,Prediction,Train
2025-02-14,P003,2.061457633972168,LSTM,Prediction,Train
2025-02-15,P003,2.0732364654541016,LSTM,Prediction,Train
2025-02-16,P003,2.0671298503875732,LSTM,Prediction,Train
2025-02-17,P003,2.0573647022247314,LSTM,Prediction,Train
2025-02-18,P003,2.0761184692382812,LSTM,Prediction,Train
2025-02-19,P003,2.053138256072998,LSTM,Prediction,Train
2025-02-20,P003,2.082528829574585,LSTM,Prediction,Train
2025-02-21,P003,2.0748255252838135,LSTM,Prediction,Train
2025-02-22,P003,2.0682668685913086,LSTM,Prediction,Train
2025-02-23,P003,2.0709524154663086,LSTM,Prediction,Train
2025-02-24,P003,2.05757212638855,LSTM,Prediction,Train
2025-02-25,P003,2.072240114212036,LSTM,Prediction,Train
2025-02-26,P003,2.0709307193756104,LSTM,Prediction,Train
2025-02-27,P003,2.0624475479125977,LSTM,Prediction,Train
2025-02-28,P003,2.0548927783966064,LSTM,Prediction,Train
2025-03-01,P003,2.0613794326782227,LSTM,Prediction,Train
2025-03-02,P003,2.0644402503967285,LSTM,Prediction,Train
2025-03-03,P003,2.0695106983184814,LSTM,Prediction,Train
2025-03-04,P003,2.0468530654907227,LSTM,Prediction,Train
2025-03-05,P003,2.0677664279937744,LSTM,Prediction,Train
2025-03-06,P003,2.0651743412017822,LSTM,Prediction,Train
2025-03-07,P003,2.0813229084014893,LSTM,Prediction,Train
2025-03-08,P003,2.0756895542144775,LSTM,Prediction,Train
2025-03-09,P003,2.0662338733673096,LSTM,Prediction,Train
2025-03-10,P003,2.05641770362854,LSTM,Prediction,Train
2025-03-11,P003,2.062474489212036,LSTM,Prediction,Train
2025-03-12,P003,2.06589412689209,LSTM,Prediction,Train
2025-03-13,P003,2.0663974285125732,LSTM,Prediction,Train
2025-03-14,P003,2.07275128364563,LSTM,Prediction,Train
2025-03-15,P003,2.0709242820739746,LSTM,Prediction,Train
2025-03-16,P003,2.0679931640625,LSTM,Prediction,Train
2025-03-17,P003,2.071258306503296,LSTM,Prediction,Train
2025-03-18,P003,2.0585734844207764,LSTM,Prediction,Train
2025-03-19,P003,2.0781383514404297,LSTM,Prediction,Train
2025-03-20,P003,2.070840358734131,LSTM,Prediction,Train
2025-03-21,P003,2.0642263889312744,LSTM,Prediction,Train
2025-03-22,P003,2.049185037612915,LSTM,Prediction,Train
2025-03-23,P003,2.0673727989196777,LSTM,Prediction,Train
2025-03-24,P003,2.062077760696411,LSTM,Prediction,Train
2025-03-25,P003,2.0724775791168213,LSTM,Prediction,Train
2025-03-26,P003,2.0554747581481934,LSTM,Prediction,Train
2025-03-27,P003,2.0612599849700928,LSTM,Prediction,Train
2025-03-28,P003,2.062535285949707,LSTM,Prediction,Train
2025-03-29,P003,2.0693516731262207,LSTM,Prediction,Train
2025-03-30,P003,2.068249464035034,LSTM,Prediction,Train
2025-03-31,P003,2.0674874782562256,LSTM,Prediction,Train
2025-04-01,P003,2.0647449493408203,LSTM,Prediction,Train
2025-04-02,P003,2.0726702213287354,LSTM,Prediction,Train
2025-04-03,P003,2.067107915878296,LSTM,Prediction,Train
2025-04-04,P003,2.0677490234375,LSTM,Prediction,Train
2025-04-05,P003,2.0660908222198486,LSTM,Prediction,Train
2025-04-06,P003,2.0663564205169678,LSTM,Prediction,Train
2025-04-07,P003,2.082789659500122,LSTM,Prediction,Train
2025-04-08,P003,2.0561106204986572,LSTM,Prediction,Train
2025-04-09,P003,2.061596632003784,LSTM,Prediction,Train
2025-04-10,P003,2.068652391433716,LSTM,Prediction,Train
2025-04-11,P003,2.0750558376312256,LSTM,Prediction,Train
2025-04-12,P003,2.0771944522857666,LSTM,Prediction,Train
2025-04-13,P003,2.080165147781372,LSTM,Prediction,Train
2025-04-14,P003,2.068227529525757,LSTM,Prediction,Train
2025-04-15,P003,2.068889856338501,LSTM,Prediction,Train
2025-04-16,P003,2.0609140396118164,LSTM,Prediction,Train
2025-04-17,P003,2.0522124767303467,LSTM,Prediction,Train
2025-04-18,P003,2.074904680252075,LSTM,Prediction,Train
2025-04-19,P003,2.074768543243408,LSTM,Prediction,Train
2025-04-20,P003,2.0745108127593994,LSTM,Prediction,Train
2025-04-21,P003,2.0762484073638916,LSTM,Prediction,Train
2025-04-22,P003,2.0604000091552734,LSTM,Prediction,Train
2025-04-23,P003,2.061157464981079,LSTM,Prediction,Train
2025-04-24,P003,2.0623886585235596,LSTM,Prediction,Train
2025-04-25,P003,2.0589213371276855,LSTM,Prediction,Train
2025-04-26,P003,2.0630552768707275,LSTM,Prediction,Train
2025-04-27,P003,2.0725202560424805,LSTM,Prediction,Train
2025-04-28,P003,2.067805290222168,LSTM,Prediction,Train
2025-04-29,P003,2.062241315841675,LSTM,Prediction,Train
2025-04-30,P003,2.057875871658325,LSTM,Prediction,Train
2025-05-01,P003,2.0673105716705322,LSTM,Prediction,Train
2025-05-02,P003,2.053004503250122,LSTM,Prediction,Train
2025-05-03,P003,2.0585343837738037,LSTM,Prediction,Train
2025-05-04,P003,2.0802884101867676,LSTM,Prediction,Train
2025-05-05,P003,2.076343536376953,LSTM,Prediction,Train
2025-05-06,P003,2.0630319118499756,LSTM,Prediction,Train
2025-05-07,P003,2.056340456008911,LSTM,Prediction,Train
2025-05-08,P003,2.0789668560028076,LSTM,Prediction,Train
2025-05-09,P003,2.074711561203003,LSTM,Prediction,Train
2025-05-10,P003,2.0690042972564697,LSTM,Prediction,Train
2025-05-11,P003,2.067141532897949,LSTM,Prediction,Train
2025-05-12,P003,2.0880279541015625,LSTM,Prediction,Train
2025-05-13,P003,2.0749013423919678,LSTM,Prediction,Train
2025-05-14,P003,2.065778970718384,LSTM,Prediction,Train
2025-05-15,P003,2.0749237537384033,LSTM,Prediction,Train
2025-05-16,P003,2.0618338584899902,LSTM,Prediction,Train
2025-05-17,P003,2.076585292816162,LSTM,Prediction,Train
2025-05-18,P003,2.0657055377960205,LSTM,Prediction,Train
2025-05-19,P003,2.062788248062134,LSTM,Prediction,Train
2025-05-20,P003,2.0518906116485596,LSTM,Prediction,Train
2025-05-21,P003,2.076174020767212,LSTM,Prediction,Train
2025-05-22,P003,2.064464569091797,LSTM,Prediction,Train
2025-05-23,P003,2.0632176399230957,LSTM,Prediction,Train
2025-05-24,P003,2.0772039890289307,LSTM,Prediction,Train
2025-05-25,P003,2.0755419731140137,LSTM,Prediction,Train
2025-05-26,P003,2.075836658477783,LSTM,Prediction,Train
2025-05-27,P003,2.079699754714966,LSTM,Prediction,Train
2025-05-28,P003,2.0627565383911133,LSTM,Prediction,Train
2025-05-29,P003,2.0660557746887207,LSTM,Prediction,Train
2025-05-30,P003,2.056147813796997,LSTM,Prediction,Train
2025-05-31,P003,2.0699312686920166,LSTM,Prediction,Train
2025-06-01,P003,2.074512004852295,LSTM,Prediction,Train
2025-06-02,P003,2.0707786083221436,LSTM,Prediction,Train
2025-06-03,P003,2.0587780475616455,LSTM,Prediction,Train
2025-06-04,P003,2.0616090297698975,LSTM,Prediction,Train
2025-06-05,P003,2.0676777362823486,LSTM,Prediction,Train
2025-06-06,P003,2.069770574569702,LSTM,Prediction,Train
2025-06-07,P003,2.069459915161133,LSTM,Prediction,Train
2025-06-08,P003,2.0712738037109375,LSTM,Prediction,Train
2025-06-09,P003,2.061298131942749,LSTM,Prediction,Train
2025-06-10,P003,2.0764689445495605,LSTM,Prediction,Train
2025-06-11,P003,2.080549716949463,LSTM,Prediction,Train
2025-06-12,P003,2.068124771118164,LSTM,Prediction,Train
2025-06-13,P003,2.0684189796447754,LSTM,Prediction,Train
2025-06-14,P003,2.053618907928467,LSTM,Prediction,Train
2025-06-15,P003,2.0704731941223145,LSTM,Prediction,Train
2025-06-16,P003,2.07070255279541,LSTM,Prediction,Train
2025-06-17,P003,2.056187152862549,LSTM,Prediction,Train
2025-06-18,P003,2.0611021518707275,LSTM,Prediction,Train
2025-06-19,P003,2.0617878437042236,LSTM,Prediction,Train
2025-06-20,P003,2.066826343536377,LSTM,Prediction,Train
2025-06-21,P003,2.065004587173462,LSTM,Prediction,Train
2025-06-22,P003,2.0740575790405273,LSTM,Prediction,Train
2025-06-23,P003,2.0821268558502197,LSTM,Prediction,Train
2025-06-24,P003,2.076063632965088,LSTM,Prediction,Train
2025-06-25,P003,2.0673320293426514,LSTM,Prediction,Train
2025-06-26,P003,2.065032720565796,LSTM,Prediction,Train
2025-06-27,P003,2.067509174346924,LSTM,Prediction,Train
2025-06-28,P003,2.073831796646118,LSTM,Prediction,Train
2025-06-29,P003,2.0611579418182373,LSTM,Prediction,Train
2025-06-30,P003,2.0766730308532715,LSTM,Prediction,Train
2025-07-01,P003,2.052039861679077,LSTM,Prediction,Train
2025-07-02,P003,2.078141450881958,LSTM,Prediction,Train
2025-07-03,P003,2.057281017303467,LSTM,Prediction,Train
2025-07-04,P003,2.0511233806610107,LSTM,Prediction,Train
2025-07-05,P003,2.0453574657440186,LSTM,Prediction,Train
2025-07-06,P003,2.0774171352386475,LSTM,Prediction,Train
2025-07-07,P003,2.072807788848877,LSTM,Prediction,Train
2025-07-08,P003,2.0582454204559326,LSTM,Prediction,Train
2025-07-09,P003,2.07846999168396,LSTM,Prediction,Train
2025-07-10,P003,2.0654337406158447,LSTM,Prediction,Train
2025-07-11,P003,2.0713632106781006,LSTM,Prediction,Train
2025-07-12,P003,2.0742342472076416,LSTM,Prediction,Train
2025-07-13,P003,2.079200506210327,LSTM,Prediction,Train
2025-07-14,P003,2.071208953857422,LSTM,Prediction,Train
2025-07-15,P003,2.0766148567199707,LSTM,Prediction,Train
2025-07-16,P003,2.055138111114502,LSTM,Prediction,Train
2025-07-17,P003,2.0778419971466064,LSTM,Prediction,Train
2025-07-18,P003,2.0617899894714355,LSTM,Prediction,Train
2025-07-19,P003,2.070986270904541,LSTM,Prediction,Train
2025-07-20,P003,2.077213764190674,LSTM,Prediction,Train
2025-07-21,P003,2.074711561203003,LSTM,Prediction,Train
2025-07-22,P003,2.0250022411346436,LSTM,Prediction,Train
2025-07-23,P003,2.0698368549346924,LSTM,Prediction,Train
2025-07-24,P003,2.0759968757629395,LSTM,Prediction,Train
2025-07-25,P003,2.0612502098083496,LSTM,Prediction,Train
2025-07-26,P003,2.0656096935272217,LSTM,Prediction,Train
2025-07-27,P003,2.074435234069824,LSTM,Prediction,Train
2025-07-28,P003,2.0758438110351562,LSTM,Prediction,Train
2025-07-29,P003,2.0769472122192383,LSTM,Prediction,Train
2025-07-30,P003,2.082632541656494,LSTM,Prediction,Train
2025-07-31,P003,2.0689520835876465,LSTM,Prediction,Train
2025-08-01,P003,2.0702826976776123,LSTM,Prediction,Train
2025-08-02,P003,2.062094211578369,LSTM,Prediction,Train
2025-08-03,P003,2.069382905960083,LSTM,Prediction,Train
2025-08-04,P003,2.0701985359191895,LSTM,Prediction,Train
2025-08-05,P003,2.0644187927246094,LSTM,Prediction,Train
2025-08-06,P003,2.059401512145996,LSTM,Prediction,Train
2025-08-07,P003,2.083261251449585,LSTM,Prediction,Train
2025-08-08,P003,2.0614819526672363,LSTM,Prediction,Train
2025-08-09,P003,2.0704450607299805,LSTM,Prediction,Train
2025-08-10,P003,2.0721018314361572,LSTM,Prediction,Train
2025-08-11,P003,2.071054220199585,LSTM,Prediction,Train
2025-08-12,P003,2.0673105716705322,LSTM,Prediction,Train
2025-08-13,P003,2.056530237197876,LSTM,Prediction,Train
2025-08-14,P003,2.073873996734619,LSTM,Prediction,Train
2025-08-15,P003,2.070363998413086,LSTM,Prediction,Train
2025-08-16,P003,2.0768847465515137,LSTM,Prediction,Train
2025-08-17,P003,2.059296131134033,LSTM,Prediction,Train
2025-08-18,P003,2.061223268508911,LSTM,Prediction,Train
2025-08-19,P003,2.0778143405914307,LSTM,Prediction,Train
2025-08-20,P003,2.075732946395874,LSTM,Prediction,Train
2025-08-21,P003,2.0633270740509033,LSTM,Prediction,Train
2025-08-22,P003,2.0712168216705322,LSTM,Prediction,Train
2025-08-23,P003,2.0706870555877686,LSTM,Prediction,Train
2025-08-24,P003,2.0643599033355713,LSTM,Prediction,Train
2025-08-25,P003,2.0445261001586914,LSTM,Prediction,Train
2025-08-26,P003,2.0499308109283447,LSTM,Prediction,Train
2025-08-27,P003,2.068399667739868,LSTM,Prediction,Train
2025-08-28,P003,2.0594851970672607,LSTM,Prediction,Train
2025-08-29,P003,2.0658397674560547,LSTM,Prediction,Train
2025-08-30,P003,2.0460357666015625,LSTM,Prediction,Train
2025-08-31,P003,2.055366039276123,LSTM,Prediction,Train
2025-09-01,P003,2.079042434692383,LSTM,Prediction,Train
2025-09-02,P003,2.0568995475769043,LSTM,Prediction,Train
2025-09-03,P003,2.0594675540924072,LSTM,Prediction,Train
2025-09-04,P003,2.079099416732788,LSTM,Prediction,Train
2025-09-05,P003,2.064207077026367,LSTM,Prediction,Train
2025-09-06,P003,2.0640969276428223,LSTM,Prediction,Train
2025-09-07,P003,2.0565502643585205,LSTM,Prediction,Train
2025-09-08,P003,2.065020799636841,LSTM,Prediction,Train
2025-09-09,P003,2.060511350631714,LSTM,Prediction,Train
2025-09-10,P003,2.0697264671325684,LSTM,Prediction,Train
2025-09-11,P003,2.0687952041625977,LSTM,Prediction,Train
2025-09-12,P003,2.0627670288085938,LSTM,Prediction,Train
2025-09-13,P003,2.0711090564727783,LSTM,Prediction,Train
2025-09-14,P003,2.0619146823883057,LSTM,Prediction,Train
2025-01-08,P004,2.219635009765625,LSTM,Prediction,Train
2025-01-09,P004,2.2299838066101074,LSTM,Prediction,Train
2025-01-10,P004,2.239521026611328,LSTM,Prediction,Train
2025-01-11,P004,2.2338123321533203,LSTM,Prediction,Train
2025-01-12,P004,2.2193007469177246,LSTM,Prediction,Train
2025-01-13,P004,2.220780372619629,LSTM,Prediction,Train
2025-01-14,P004,2.2322325706481934,LSTM,Prediction,Train
2025-01-15,P004,2.2329702377319336,LSTM,Prediction,Train
2025-01-16,P004,2.241286277770996,LSTM,Prediction,Train
2025-01-17,P004,2.2400498390197754,LSTM,Prediction,Train
2025-01-18,P004,2.2273507118225098,LSTM,Prediction,Train
2025-01-19,P004,2.2257943153381348,LSTM,Prediction,Train
2025-01-20,P004,2.22426700592041,LSTM,Prediction,Train
2025-01-21,P004,2.2320261001586914,LSTM,Prediction,Train
2025-01-22,P004,2.2374401092529297,LSTM,Prediction,Train
2025-01-23,P004,2.24589204788208,LSTM,Prediction,Train
2025-01-24,P004,2.2193708419799805,LSTM,Prediction,Train
2025-01-25,P004,2.2374348640441895,LSTM,Prediction,Train
2025-01-26,P004,2.2425479888916016,LSTM,Prediction,Train
2025-01-27,P004,2.2387313842773438,LSTM,Prediction,Train
2025-01-28,P004,2.2441020011901855,LSTM,Prediction,Train
2025-01-29,P004,2.2310948371887207,LSTM,Prediction,Train
2025-01-30,P004,2.2371721267700195,LSTM,Prediction,Train
2025-01-31,P004,2.236050605773926,LSTM,Prediction,Train
2025-02-01,P004,2.2212624549865723,LSTM,Prediction,Train
2025-02-02,P004,2.2292003631591797,LSTM,Prediction,Train
2025-02-03,P004,2.2323079109191895,LSTM,Prediction,Train
2025-02-04,P004,2.23250150680542,LSTM,Prediction,Train
2025-02-05,P004,2.2265963554382324,LSTM,Prediction,Train
2025-02-06,P004,2.2395386695861816,LSTM,Prediction,Train
2025-02-07,P004,2.2298331260681152,LSTM,Prediction,Train
2025-02-08,P004,2.1936378479003906,LSTM,Prediction,Train
2025-02-09,P004,2.2336597442626953,LSTM,Prediction,Train
2025-02-10,P004,2.225205898284912,LSTM,Prediction,Train
2025-02-11,P004,2.2281575202941895,LSTM,Prediction,Train
2025-02-12,P004,2.23399019241333,LSTM,Prediction,Train
2025-02-13,P004,2.237738609313965,LSTM,Prediction,Train
2025-02-14,P004,2.2238845825195312,LSTM,Prediction,Train
2025-02-15,P004,2.2327880859375,LSTM,Prediction,Train
2025-02-16,P004,2.2290191650390625,LSTM,Prediction,Train
2025-02-17,P004,2.2204155921936035,LSTM,Prediction,Train
2025-02-18,P004,2.235687255859375,LSTM,Prediction,Train
2025-02-19,P004,2.216167449951172,LSTM,Prediction,Train
2025-02-20,P004,2.241539478302002,LSTM,Prediction,Train
2025-02-21,P004,2.233010768890381,LSTM,Prediction,Train
2025-02-22,P004,2.2295446395874023,LSTM,Prediction,Train
2025-02-23,P004,2.23284912109375,LSTM,Prediction,Train
2025-02-24,P004,2.2210917472839355,LSTM,Prediction,Train
2025-02-25,P004,2.2350425720214844,LSTM,Prediction,Train
2025-02-26,P004,2.2327523231506348,LSTM,Prediction,Train
2025-02-27,P004,2.227184295654297,LSTM,Prediction,Train
2025-02-28,P004,2.2185654640197754,LSTM,Prediction,Train
2025-03-01,P004,2.2235827445983887,LSTM,Prediction,Train
2025-03-02,P004,2.2298874855041504,LSTM,Prediction,Train
2025-03-03,P004,2.231894016265869,LSTM,Prediction,Train
2025-03-04,P004,2.21372127532959,LSTM,Prediction,Train
2025-03-05,P004,2.230930805206299,LSTM,Prediction,Train
2025-03-06,P004,2.2275328636169434,LSTM,Prediction,Train
2025-03-07,P004,2.242168426513672,LSTM,Prediction,Train
2025-03-08,P004,2.2397656440734863,LSTM,Prediction,Train
2025-03-09,P004,2.226731300354004,LSTM,Prediction,Train
2025-03-10,P004,2.223351001739502,LSTM,Prediction,Train
2025-03-11,P004,2.2271194458007812,LSTM,Prediction,Train
2025-03-12,P004,2.227891445159912,LSTM,Prediction,Train
2025-03-13,P004,2.230607032775879,LSTM,Prediction,Train
2025-03-14,P004,2.236231803894043,LSTM,Prediction,Train
2025-03-15,P004,2.230637550354004,LSTM,Prediction,Train
2025-03-16,P004,2.2304344177246094,LSTM,Prediction,Train
2025-03-17,P004,2.231391429901123,LSTM,Prediction,Train
2025-03-18,P004,2.2205305099487305,LSTM,Prediction,Train
2025-03-19,P004,2.2412095069885254,LSTM,Prediction,Train
2025-03-20,P004,2.2291412353515625,LSTM,Prediction,Train
2025-03-21,P004,2.226560115814209,LSTM,Prediction,Train
2025-03-22,P004,2.211606502532959,LSTM,Prediction,Train
2025-03-23,P004,2.230360984802246,LSTM,Prediction,Train
2025-03-24,P004,2.2257447242736816,LSTM,Prediction,Train
2025-03-25,P004,2.2327003479003906,LSTM,Prediction,Train
2025-03-26,P004,2.2266998291015625,LSTM,Prediction,Train
2025-03-27,P004,2.223747730255127,LSTM,Prediction,Train
2025-03-28,P004,2.227443218231201,LSTM,Prediction,Train
2025-03-29,P004,2.230039596557617,LSTM,Prediction,Train
2025-03-30,P004,2.2335596084594727,LSTM,Prediction,Train
2025-03-31,P004,2.2285165786743164,LSTM,Prediction,Train
2025-04-01,P004,2.2278013229370117,LSTM,Prediction,Train
2025-04-02,P004,2.2328758239746094,LSTM,Prediction,Train
2025-04-03,P004,2.233206272125244,LSTM,Prediction,Train
2025-04-04,P004,2.229264259338379,LSTM,Prediction,Train
2025-04-05,P004,2.22763729095459,LSTM,Prediction,Train
2025-04-06,P004,2.2284698486328125,LSTM,Prediction,Train
2025-04-07,P004,2.2408523559570312,LSTM,Prediction,Train
2025-04-08,P004,2.2202258110046387,LSTM,Prediction,Train
2025-04-09,P004,2.2237539291381836,LSTM,Prediction,Train
2025-04-10,P004,2.230319023132324,LSTM,Prediction,Train
2025-04-11,P004,2.2356338500976562,LSTM,Prediction,Train
2025-04-12,P004,2.242173194885254,LSTM,Prediction,Train
2025-04-13,P004,2.2416324615478516,LSTM,Prediction,Train
2025-04-14,P004,2.2326340675354004,LSTM,Prediction,Train
2025-04-15,P004,2.2305397987365723,LSTM,Prediction,Train
2025-04-16,P004,2.2240915298461914,LSTM,Prediction,Train
2025-04-17,P004,2.218254566192627,LSTM,Prediction,Train
2025-04-18,P004,2.235016345977783,LSTM,Prediction,Train
2025-04-19,P004,2.233733654022217,LSTM,Prediction,Train
2025-04-20,P004,2.235818862915039,LSTM,Prediction,Train
2025-04-21,P004,2.240762710571289,LSTM,Prediction,Train
2025-04-22,P004,2.223745346069336,LSTM,Prediction,Train
2025-04-23,P004,2.227888584136963,LSTM,Prediction,Train
2025-04-24,P004,2.2262344360351562,LSTM,Prediction,Train
2025-04-25,P004,2.222630500793457,LSTM,Prediction,Train
2025-04-26,P004,2.2262072563171387,LSTM,Prediction,Train
2025-04-27,P004,2.2335128784179688,LSTM,Prediction,Train
2025-04-28,P004,2.235133647918701,LSTM,Prediction,Train
2025-04-29,P004,2.2268505096435547,LSTM,Prediction,Train
2025-04-30,P004,2.2236623764038086,LSTM,Prediction,Train
2025-05-01,P004,2.2290210723876953,LSTM,Prediction,Train
2025-05-02,P004,2.2153544425964355,LSTM,Prediction,Train
2025-05-03,P004,2.2230634689331055,LSTM,Prediction,Train
2025-05-04,P004,2.245365619659424,LSTM,Prediction,Train
2025-05-05,P004,2.235714912414551,LSTM,Prediction,Train
2025-05-06,P004,2.2266411781311035,LSTM,Prediction,Train
2025-05-07,P004,2.220381259918213,LSTM,Prediction,Train
2025-05-08,P004,2.24204683303833,LSTM,Prediction,Train
2025-05-09,P004,2.23372220993042,LSTM,Prediction,Train
2025-05-10,P004,2.2303051948547363,LSTM,Prediction,Train
2025-05-11,P004,2.2299904823303223,LSTM,Prediction,Train
2025-05-12,P004,2.2483925819396973,LSTM,Prediction,Train
2025-05-13,P004,2.235280990600586,LSTM,Prediction,Train
2025-05-14,P004,2.227517604827881,LSTM,Prediction,Train
2025-05-15,P004,2.23429012298584,LSTM,Prediction,Train
2025-05-16,P004,2.224099636077881,LSTM,Prediction,Train
2025-05-17,P004,2.237208843231201,LSTM,Prediction,Train
2025-05-18,P004,2.23292875289917,LSTM,Prediction,Train
2025-05-19,P004,2.228039264678955,LSTM,Prediction,Train
2025-05-20,P004,2.2186264991760254,LSTM,Prediction,Train
2025-05-21,P004,2.237513542175293,LSTM,Prediction,Train
2025-05-22,P004,2.2275619506835938,LSTM,Prediction,Train
2025-05-23,P004,2.228276252746582,LSTM,Prediction,Train
2025-05-24,P004,2.2385048866271973,LSTM,Prediction,Train
2025-05-25,P004,2.239290237426758,LSTM,Prediction,Train
2025-05-26,P004,2.24163818359375,LSTM,Prediction,Train
2025-05-27,P004,2.246643543243408,LSTM,Prediction,Train
2025-05-28,P004,2.2260289192199707,LSTM,Prediction,Train
2025-05-29,P004,2.2278637886047363,LSTM,Prediction,Train
2025-05-30,P004,2.219733238220215,LSTM,Prediction,Train
2025-05-31,P004,2.2341151237487793,LSTM,Prediction,Train
2025-06-01,P004,2.236661434173584,LSTM,Prediction,Train
2025-06-02,P004,2.233616828918457,LSTM,Prediction,Train
2025-06-03,P004,2.2228755950927734,LSTM,Prediction,Train
2025-06-04,P004,2.2286009788513184,LSTM,Prediction,Train
2025-06-05,P004,2.232048511505127,LSTM,Prediction,Train
2025-06-06,P004,2.2303566932678223,LSTM,Prediction,Train
2025-06-07,P004,2.231649875640869,LSTM,Prediction,Train
2025-06-08,P004,2.2309188842773438,LSTM,Prediction,Train
2025-06-09,P004,2.2253732681274414,LSTM,Prediction,Train
2025-06-10,P004,2.2354354858398438,LSTM,Prediction,Train
2025-06-11,P004,2.2404990196228027,LSTM,Prediction,Train
2025-06-12,P004,2.230159282684326,LSTM,Prediction,Train
2025-06-13,P004,2.2295007705688477,LSTM,Prediction,Train
2025-06-14,P004,2.226743221282959,LSTM,Prediction,Train
2025-06-15,P004,2.233849048614502,LSTM,Prediction,Train
2025-06-16,P004,2.232570171356201,LSTM,Prediction,Train
2025-06-17,P004,2.2171449661254883,LSTM,Prediction,Train
2025-06-18,P004,2.228466510772705,LSTM,Prediction,Train
2025-06-19,P004,2.2229127883911133,LSTM,Prediction,Train
2025-06-20,P004,2.2307748794555664,LSTM,Prediction,Train
2025-06-21,P004,2.228605270385742,LSTM,Prediction,Train
2025-06-22,P004,2.234711170196533,LSTM,Prediction,Train
2025-06-23,P004,2.2426490783691406,LSTM,Prediction,Train
2025-06-24,P004,2.2387032508850098,LSTM,Prediction,Train
2025-06-25,P004,2.2330846786499023,LSTM,Prediction,Train
2025-06-26,P004,2.2282257080078125,LSTM,Prediction,Train
2025-06-27,P004,2.2295804023742676,LSTM,Prediction,Train
2025-06-28,P004,2.233851909637451,LSTM,Prediction,Train
2025-06-29,P004,2.2247815132141113,LSTM,Prediction,Train
2025-06-30,P004,2.236896514892578,LSTM,Prediction,Train
2025-07-01,P004,2.2156167030334473,LSTM,Prediction,Train
2025-07-02,P004,2.237781047821045,LSTM,Prediction,Train
2025-07-03,P004,2.22292423248291,LSTM,Prediction,Train
2025-07-04,P004,2.215261459350586,LSTM,Prediction,Train
2025-07-05,P004,2.2122883796691895,LSTM,Prediction,Train
2025-07-06,P004,2.2391128540039062,LSTM,Prediction,Train
2025-07-07,P004,2.2342166900634766,LSTM,Prediction,Train
2025-07-08,P004,2.2221455574035645,LSTM,Prediction,Train
2025-07-09,P004,2.2373390197753906,LSTM,Prediction,Train
2025-07-10,P004,2.2265052795410156,LSTM,Prediction,Train
2025-07-11,P004,2.2320361137390137,LSTM,Prediction,Train
2025-07-12,P004,2.2389988899230957,LSTM,Prediction,Train
2025-07-13,P004,2.235011100769043,LSTM,Prediction,Train
2025-07-14,P004,2.232105255126953,LSTM,Prediction,Train
2025-07-15,P004,2.240623950958252,LSTM,Prediction,Train
2025-07-16,P004,2.21942138671875,LSTM,Prediction,Train
2025-07-17,P004,2.2392516136169434,LSTM,Prediction,Train
2025-07-18,P004,2.224867820739746,LSTM,Prediction,Train
2025-07-19,P004,2.2326254844665527,LSTM,Prediction,Train
2025-07-20,P004,2.2367544174194336,LSTM,Prediction,Train
2025-07-21,P004,2.2396063804626465,LSTM,Prediction,Train
2025-07-22,P004,2.19547176361084,LSTM,Prediction,Train
2025-07-23,P004,2.232332229614258,LSTM,Prediction,Train
2025-07-24,P004,2.2355833053588867,LSTM,Prediction,Train
2025-07-25,P004,2.225285053253174,LSTM,Prediction,Train
2025-07-26,P004,2.227602958679199,LSTM,Prediction,Train
2025-07-27,P004,2.234868049621582,LSTM,Prediction,Train
2025-07-28,P004,2.2371697425842285,LSTM,Prediction,Train
2025-07-29,P004,2.2404685020446777,LSTM,Prediction,Train
2025-07-30,P004,2.2443976402282715,LSTM,Prediction,Train
2025-07-31,P004,2.2316579818725586,LSTM,Prediction,Train
2025-08-01,P004,2.2318687438964844,LSTM,Prediction,Train
2025-08-02,P004,2.2235336303710938,LSTM,Prediction,Train
2025-08-03,P004,2.229151725769043,LSTM,Prediction,Train
2025-08-04,P004,2.2327327728271484,LSTM,Prediction,Train
2025-08-05,P004,2.2276992797851562,LSTM,Prediction,Train
2025-08-06,P004,2.222428798675537,LSTM,Prediction,Train
2025-08-07,P004,2.241985321044922,LSTM,Prediction,Train
2025-08-08,P004,2.2271413803100586,LSTM,Prediction,Train
2025-08-09,P004,2.2317538261413574,LSTM,Prediction,Train
2025-08-10,P004,2.238349437713623,LSTM,Prediction,Train
2025-08-11,P004,2.232910633087158,LSTM,Prediction,Train
2025-08-12,P004,2.2289533615112305,LSTM,Prediction,Train
2025-08-13,P004,2.2244277000427246,LSTM,Prediction,Train
2025-08-14,P004,2.234917640686035,LSTM,Prediction,Train
2025-08-15,P004,2.2331714630126953,LSTM,Prediction,Train
2025-08-16,P004,2.23651123046875,LSTM,Prediction,Train
2025-08-17,P004,2.2280402183532715,LSTM,Prediction,Train
2025-08-18,P004,2.2296605110168457,LSTM,Prediction,Train
2025-08-19,P004,2.2430667877197266,LSTM,Prediction,Train
2025-08-20,P004,2.2376608848571777,LSTM,Prediction,Train
2025-08-21,P004,2.2254772186279297,LSTM,Prediction,Train
2025-08-22,P004,2.232698440551758,LSTM,Prediction,Train
2025-08-23,P004,2.2329912185668945,LSTM,Prediction,Train
2025-08-24,P004,2.229465961456299,LSTM,Prediction,Train
2025-08-25,P004,2.2113404273986816,LSTM,Prediction,Train
2025-08-26,P004,2.215353488922119,LSTM,Prediction,Train
2025-08-27,P004,2.2295665740966797,LSTM,Prediction,Train
2025-08-28,P004,2.2233309745788574,LSTM,Prediction,Train
2025-08-29,P004,2.226634979248047,LSTM,Prediction,Train
2025-08-30,P004,2.2104034423828125,LSTM,Prediction,Train
2025-08-31,P004,2.218512535095215,LSTM,Prediction,Train
2025-09-01,P004,2.2406792640686035,LSTM,Prediction,Train
2025-09-02,P004,2.2212839126586914,LSTM,Prediction,Train
2025-09-03,P004,2.2227931022644043,LSTM,Prediction,Train
2025-09-04,P004,2.244953155517578,LSTM,Prediction,Train
2025-09-05,P004,2.224949836730957,LSTM,Prediction,Train
2025-09-06,P004,2.229762554168701,LSTM,Prediction,Train
2025-09-07,P004,2.221329689025879,LSTM,Prediction,Train
2025-09-08,P004,2.228950023651123,LSTM,Prediction,Train
2025-09-09,P004,2.2229180335998535,LSTM,Prediction,Train
2025-09-10,P004,2.2306957244873047,LSTM,Prediction,Train
2025-09-11,P004,2.231438159942627,LSTM,Prediction,Train
2025-09-12,P004,2.2240867614746094,LSTM,Prediction,Train
2025-09-13,P004,2.232769012451172,LSTM,Prediction,Train
2025-09-14,P004,2.2273077964782715,LSTM,Prediction,Train
2025-01-08,P005,1.9109182357788086,LSTM,Prediction,Train
2025-01-09,P005,1.9237021207809448,LSTM,Prediction,Train
2025-01-10,P005,1.936339020729065,LSTM,Prediction,Train
2025-01-11,P005,1.926279902458191,LSTM,Prediction,Train
2025-01-12,P005,1.911598801612854,LSTM,Prediction,Train
2025-01-13,P005,1.9171185493469238,LSTM,Prediction,Train
2025-01-14,P005,1.9271626472473145,LSTM,Prediction,Train
2025-01-15,P005,1.9257241487503052,LSTM,Prediction,Train
2025-01-16,P005,1.9362744092941284,LSTM,Prediction,Train
2025-01-17,P005,1.9387497901916504,LSTM,Prediction,Train
2025-01-18,P005,1.9206459522247314,LSTM,Prediction,Train
2025-01-19,P005,1.9201054573059082,LSTM,Prediction,Train
2025-01-20,P005,1.91854989528656,LSTM,Prediction,Train
2025-01-21,P005,1.9256343841552734,LSTM,Prediction,Train
2025-01-22,P005,1.9308888912200928,LSTM,Prediction,Train
2025-01-23,P005,1.939635992050171,LSTM,Prediction,Train
2025-01-24,P005,1.9128749370574951,LSTM,Prediction,Train
2025-01-25,P005,1.933182954788208,LSTM,Prediction,Train
2025-01-26,P005,1.9403772354125977,LSTM,Prediction,Train
2025-01-27,P005,1.9356803894042969,LSTM,Prediction,Train
2025-01-28,P005,1.9398956298828125,LSTM,Prediction,Train
2025-01-29,P005,1.922979712486267,LSTM,Prediction,Train
2025-01-30,P005,1.9279040098190308,LSTM,Prediction,Train
2025-01-31,P005,1.9314676523208618,LSTM,Prediction,Train
2025-02-01,P005,1.912363886833191,LSTM,Prediction,Train
2025-02-02,P005,1.9208675622940063,LSTM,Prediction,Train
2025-02-03,P005,1.9276421070098877,LSTM,Prediction,Train
2025-02-04,P005,1.9294792413711548,LSTM,Prediction,Train
2025-02-05,P005,1.918573021888733,LSTM,Prediction,Train
2025-02-06,P005,1.9356199502944946,LSTM,Prediction,Train
2025-02-07,P005,1.9230082035064697,LSTM,Prediction,Train
2025-02-08,P005,1.8825479745864868,LSTM,Prediction,Train
2025-02-09,P005,1.9305325746536255,LSTM,Prediction,Train
2025-02-10,P005,1.9182299375534058,LSTM,Prediction,Train
2025-02-11,P005,1.9236340522766113,LSTM,Prediction,Train
2025-02-12,P005,1.9254275560379028,LSTM,Prediction,Train
2025-02-13,P005,1.9337254762649536,LSTM,Prediction,Train
2025-02-14,P005,1.917974829673767,LSTM,Prediction,Train
2025-02-15,P005,1.9285953044891357,LSTM,Prediction,Train
2025-02-16,P005,1.9227286577224731,LSTM,Prediction,Train
2025-02-17,P005,1.9129034280776978,LSTM,Prediction,Train
2025-02-18,P005,1.931025505065918,LSTM,Prediction,Train
2025-02-19,P005,1.912436604499817,LSTM,Prediction,Train
2025-02-20,P005,1.9380571842193604,LSTM,Prediction,Train
2025-02-21,P005,1.930396556854248,LSTM,Prediction,Train
2025-02-22,P005,1.923833966255188,LSTM,Prediction,Train
2025-02-23,P005,1.9279123544692993,LSTM,Prediction,Train
2025-02-24,P005,1.914706826210022,LSTM,Prediction,Train
2025-02-25,P005,1.9277974367141724,LSTM,Prediction,Train
2025-02-26,P005,1.9271013736724854,LSTM,Prediction,Train
2025-02-27,P005,1.9207721948623657,LSTM,Prediction,Train
2025-02-28,P005,1.9110172986984253,LSTM,Prediction,Train
2025-03-01,P005,1.9184354543685913,LSTM,Prediction,Train
2025-03-02,P005,1.9234107732772827,LSTM,Prediction,Train
2025-03-03,P005,1.924687385559082,LSTM,Prediction,Train
2025-03-04,P005,1.9032961130142212,LSTM,Prediction,Train
2025-03-05,P005,1.9254411458969116,LSTM,Prediction,Train
2025-03-06,P005,1.9224951267242432,LSTM,Prediction,Train
2025-03-07,P005,1.93544340133667,LSTM,Prediction,Train
2025-03-08,P005,1.9336005449295044,LSTM,Prediction,Train
2025-03-09,P005,1.9216322898864746,LSTM,Prediction,Train
2025-03-10,P005,1.9150714874267578,LSTM,Prediction,Train
2025-03-11,P005,1.9194676876068115,LSTM,Prediction,Train
2025-03-12,P005,1.9231821298599243,LSTM,Prediction,Train
2025-03-13,P005,1.9229031801223755,LSTM,Prediction,Train
2025-03-14,P005,1.9316811561584473,LSTM,Prediction,Train
2025-03-15,P005,1.92720365524292,LSTM,Prediction,Train
2025-03-16,P005,1.923171043395996,LSTM,Prediction,Train
2025-03-17,P005,1.9268075227737427,LSTM,Prediction,Train
2025-03-18,P005,1.9138576984405518,LSTM,Prediction,Train
2025-03-19,P005,1.9348136186599731,LSTM,Prediction,Train
2025-03-20,P005,1.925811767578125,LSTM,Prediction,Train
2025-03-21,P005,1.9199024438858032,LSTM,Prediction,Train
2025-03-22,P005,1.9054116010665894,LSTM,Prediction,Train
2025-03-23,P005,1.9233394861221313,LSTM,Prediction,Train
2025-03-24,P005,1.9176205396652222,LSTM,Prediction,Train
2025-03-25,P005,1.928367018699646,LSTM,Prediction,Train
2025-03-26,P005,1.9138339757919312,LSTM,Prediction,Train
2025-03-27,P005,1.9179413318634033,LSTM,Prediction,Train
2025-03-28,P005,1.9192904233932495,LSTM,Prediction,Train
2025-03-29,P005,1.9247794151306152,LSTM,Prediction,Train
2025-03-30,P005,1.9267165660858154,LSTM,Prediction,Train
2025-03-31,P005,1.9234390258789062,LSTM,Prediction,Train
2025-04-01,P005,1.9220337867736816,LSTM,Prediction,Train
2025-04-02,P005,1.9274157285690308,LSTM,Prediction,Train
2025-04-03,P005,1.9259858131408691,LSTM,Prediction,Train
2025-04-04,P005,1.9231164455413818,LSTM,Prediction,Train
2025-04-05,P005,1.922293782234192,LSTM,Prediction,Train
2025-04-06,P005,1.9219105243682861,LSTM,Prediction,Train
2025-04-07,P005,1.9383152723312378,LSTM,Prediction,Train
2025-04-08,P005,1.911965012550354,LSTM,Prediction,Train
2025-04-09,P005,1.9170571565628052,LSTM,Prediction,Train
2025-04-10,P005,1.9243353605270386,LSTM,Prediction,Train
2025-04-11,P005,1.9320945739746094,LSTM,Prediction,Train
2025-04-12,P005,1.9346438646316528,LSTM,Prediction,Train
2025-04-13,P005,1.9325642585754395,LSTM,Prediction,Train
2025-04-14,P005,1.9243687391281128,LSTM,Prediction,Train
2025-04-15,P005,1.927172064781189,LSTM,Prediction,Train
2025-04-16,P005,1.915932059288025,LSTM,Prediction,Train
2025-04-17,P005,1.909912109375,LSTM,Prediction,Train
2025-04-18,P005,1.9295226335525513,LSTM,Prediction,Train
2025-04-19,P005,1.9288766384124756,LSTM,Prediction,Train
2025-04-20,P005,1.9317128658294678,LSTM,Prediction,Train
2025-04-21,P005,1.9345734119415283,LSTM,Prediction,Train
2025-04-22,P005,1.9155070781707764,LSTM,Prediction,Train
2025-04-23,P005,1.9213045835494995,LSTM,Prediction,Train
2025-04-24,P005,1.9182124137878418,LSTM,Prediction,Train
2025-04-25,P005,1.9160996675491333,LSTM,Prediction,Train
2025-04-26,P005,1.9197810888290405,LSTM,Prediction,Train
2025-04-27,P005,1.9288005828857422,LSTM,Prediction,Train
2025-04-28,P005,1.9275790452957153,LSTM,Prediction,Train
2025-04-29,P005,1.9196287393569946,LSTM,Prediction,Train
2025-04-30,P005,1.912276029586792,LSTM,Prediction,Train
2025-05-01,P005,1.9236464500427246,LSTM,Prediction,Train
2025-05-02,P005,1.911333441734314,LSTM,Prediction,Train
2025-05-03,P005,1.917360544204712,LSTM,Prediction,Train
2025-05-04,P005,1.9384139776229858,LSTM,Prediction,Train
2025-05-05,P005,1.9307714700698853,LSTM,Prediction,Train
2025-05-06,P005,1.918881893157959,LSTM,Prediction,Train
2025-05-07,P005,1.9130338430404663,LSTM,Prediction,Train
2025-05-08,P005,1.9355876445770264,LSTM,Prediction,Train
2025-05-09,P005,1.9288015365600586,LSTM,Prediction,Train
2025-05-10,P005,1.9243674278259277,LSTM,Prediction,Train
2025-05-11,P005,1.9251967668533325,LSTM,Prediction,Train
2025-05-12,P005,1.9456026554107666,LSTM,Prediction,Train
2025-05-13,P005,1.9300976991653442,LSTM,Prediction,Train
2025-05-14,P005,1.921156406402588,LSTM,Prediction,Train
2025-05-15,P005,1.9296795129776,LSTM,Prediction,Train
2025-05-16,P005,1.9184858798980713,LSTM,Prediction,Train
2025-05-17,P005,1.9320167303085327,LSTM,Prediction,Train
2025-05-18,P005,1.9240834712982178,LSTM,Prediction,Train
2025-05-19,P005,1.9206933975219727,LSTM,Prediction,Train
2025-05-20,P005,1.910062313079834,LSTM,Prediction,Train
2025-05-21,P005,1.93109929561615,LSTM,Prediction,Train
2025-05-22,P005,1.920558214187622,LSTM,Prediction,Train
2025-05-23,P005,1.9199446439743042,LSTM,Prediction,Train
2025-05-24,P005,1.9314194917678833,LSTM,Prediction,Train
2025-05-25,P005,1.9332640171051025,LSTM,Prediction,Train
2025-05-26,P005,1.9316844940185547,LSTM,Prediction,Train
2025-05-27,P005,1.9392130374908447,LSTM,Prediction,Train
2025-05-28,P005,1.9192230701446533,LSTM,Prediction,Train
2025-05-29,P005,1.9212210178375244,LSTM,Prediction,Train
2025-05-30,P005,1.9124644994735718,LSTM,Prediction,Train
2025-05-31,P005,1.9270094633102417,LSTM,Prediction,Train
2025-06-01,P005,1.9311175346374512,LSTM,Prediction,Train
2025-06-02,P005,1.927765130996704,LSTM,Prediction,Train
2025-06-03,P005,1.9154835939407349,LSTM,Prediction,Train
2025-06-04,P005,1.9176044464111328,LSTM,Prediction,Train
2025-06-05,P005,1.9234451055526733,LSTM,Prediction,Train
2025-06-06,P005,1.9256778955459595,LSTM,Prediction,Train
2025-06-07,P005,1.92508864402771,LSTM,Prediction,Train
2025-06-08,P005,1.9272315502166748,LSTM,Prediction,Train
2025-06-09,P005,1.9184061288833618,LSTM,Prediction,Train
2025-06-10,P005,1.9332447052001953,LSTM,Prediction,Train
2025-06-11,P005,1.9358710050582886,LSTM,Prediction,Train
2025-06-12,P005,1.9231544733047485,LSTM,Prediction,Train
2025-06-13,P005,1.9243206977844238,LSTM,Prediction,Train
2025-06-14,P005,1.9146589040756226,LSTM,Prediction,Train
2025-06-15,P005,1.927847146987915,LSTM,Prediction,Train
2025-06-16,P005,1.925955057144165,LSTM,Prediction,Train
2025-06-17,P005,1.9122352600097656,LSTM,Prediction,Train
2025-06-18,P005,1.9189839363098145,LSTM,Prediction,Train
2025-06-19,P005,1.9173632860183716,LSTM,Prediction,Train
2025-06-20,P005,1.9240258932113647,LSTM,Prediction,Train
2025-06-21,P005,1.9219048023223877,LSTM,Prediction,Train
2025-06-22,P005,1.9294370412826538,LSTM,Prediction,Train
2025-06-23,P005,1.9366191625595093,LSTM,Prediction,Train
2025-06-24,P005,1.9322106838226318,LSTM,Prediction,Train
2025-06-25,P005,1.9249780178070068,LSTM,Prediction,Train
2025-06-26,P005,1.9200435876846313,LSTM,Prediction,Train
2025-06-27,P005,1.922765851020813,LSTM,Prediction,Train
2025-06-28,P005,1.9285534620285034,LSTM,Prediction,Train
2025-06-29,P005,1.9175018072128296,LSTM,Prediction,Train
2025-06-30,P005,1.9333707094192505,LSTM,Prediction,Train
2025-07-01,P005,1.9084714651107788,LSTM,Prediction,Train
2025-07-02,P005,1.932857871055603,LSTM,Prediction,Train
2025-07-03,P005,1.9150481224060059,LSTM,Prediction,Train
2025-07-04,P005,1.90768301486969,LSTM,Prediction,Train
2025-07-05,P005,1.9034794569015503,LSTM,Prediction,Train
2025-07-06,P005,1.9335585832595825,LSTM,Prediction,Train
2025-07-07,P005,1.9305039644241333,LSTM,Prediction,Train
2025-07-08,P005,1.9165271520614624,LSTM,Prediction,Train
2025-07-09,P005,1.9337158203125,LSTM,Prediction,Train
2025-07-10,P005,1.9218028783798218,LSTM,Prediction,Train
2025-07-11,P005,1.9278799295425415,LSTM,Prediction,Train
2025-07-12,P005,1.9311386346817017,LSTM,Prediction,Train
2025-07-13,P005,1.9365432262420654,LSTM,Prediction,Train
2025-07-14,P005,1.9293187856674194,LSTM,Prediction,Train
2025-07-15,P005,1.9307001829147339,LSTM,Prediction,Train
2025-07-16,P005,1.9107658863067627,LSTM,Prediction,Train
2025-07-17,P005,1.9323976039886475,LSTM,Prediction,Train
2025-07-18,P005,1.9175467491149902,LSTM,Prediction,Train
2025-07-19,P005,1.9261174201965332,LSTM,Prediction,Train
2025-07-20,P005,1.9337875843048096,LSTM,Prediction,Train
2025-07-21,P005,1.9316378831863403,LSTM,Prediction,Train
2025-07-22,P005,1.8862615823745728,LSTM,Prediction,Train
2025-07-23,P005,1.9283452033996582,LSTM,Prediction,Train
2025-07-24,P005,1.9312940835952759,LSTM,Prediction,Train
2025-07-25,P005,1.919022798538208,LSTM,Prediction,Train
2025-07-26,P005,1.9216339588165283,LSTM,Prediction,Train
2025-07-27,P005,1.92829167842865,LSTM,Prediction,Train
2025-07-28,P005,1.931688666343689,LSTM,Prediction,Train
2025-07-29,P005,1.9338743686676025,LSTM,Prediction,Train
2025-07-30,P005,1.9365789890289307,LSTM,Prediction,Train
2025-07-31,P005,1.9243755340576172,LSTM,Prediction,Train
2025-08-01,P005,1.9255343675613403,LSTM,Prediction,Train
2025-08-02,P005,1.9175198078155518,LSTM,Prediction,Train
2025-08-03,P005,1.9240955114364624,LSTM,Prediction,Train
2025-08-04,P005,1.9269990921020508,LSTM,Prediction,Train
2025-08-05,P005,1.9212260246276855,LSTM,Prediction,Train
2025-08-06,P005,1.9149084091186523,LSTM,Prediction,Train
2025-08-07,P005,1.9387694597244263,LSTM,Prediction,Train
2025-08-08,P005,1.9178719520568848,LSTM,Prediction,Train
2025-08-09,P005,1.9251067638397217,LSTM,Prediction,Train
2025-08-10,P005,1.9290786981582642,LSTM,Prediction,Train
2025-08-11,P005,1.9263967275619507,LSTM,Prediction,Train
2025-08-12,P005,1.9225229024887085,LSTM,Prediction,Train
2025-08-13,P005,1.915145754814148,LSTM,Prediction,Train
2025-08-14,P005,1.9302165508270264,LSTM,Prediction,Train
2025-08-15,P005,1.924707055091858,LSTM,Prediction,Train
2025-08-16,P005,1.9296938180923462,LSTM,Prediction,Train
2025-08-17,P005,1.9149214029312134,LSTM,Prediction,Train
2025-08-18,P005,1.9181076288223267,LSTM,Prediction,Train
2025-08-19,P005,1.9360809326171875,LSTM,Prediction,Train
2025-08-20,P005,1.9318442344665527,LSTM,Prediction,Train
2025-08-21,P005,1.9186664819717407,LSTM,Prediction,Train
2025-08-22,P005,1.9274760484695435,LSTM,Prediction,Train
2025-08-23,P005,1.9268555641174316,LSTM,Prediction,Train
2025-08-24,P005,1.9210742712020874,LSTM,Prediction,Train
2025-08-25,P005,1.9003962278366089,LSTM,Prediction,Train
2025-08-26,P005,1.9068129062652588,LSTM,Prediction,Train
2025-08-27,P005,1.9238777160644531,LSTM,Prediction,Train
2025-08-28,P005,1.9159302711486816,LSTM,Prediction,Train
2025-08-29,P005,1.9223994016647339,LSTM,Prediction,Train
2025-08-30,P005,1.90251886844635,LSTM,Prediction,Train
2025-08-31,P005,1.911346673965454,LSTM,Prediction,Train
2025-09-01,P005,1.934589147567749,LSTM,Prediction,Train
2025-09-02,P005,1.9137704372406006,LSTM,Prediction,Train
2025-09-03,P005,1.9146555662155151,LSTM,Prediction,Train
2025-09-04,P005,1.9395527839660645,LSTM,Prediction,Train
2025-09-05,P005,1.9216701984405518,LSTM,Prediction,Train
2025-09-06,P005,1.9228196144104004,LSTM,Prediction,Train
2025-09-07,P005,1.913206696510315,LSTM,Prediction,Train
2025-09-08,P005,1.9213249683380127,LSTM,Prediction,Train
2025-09-09,P005,1.9157220125198364,LSTM,Prediction,Train
2025-09-10,P005,1.9251247644424438,LSTM,Prediction,Train
2025-09-11,P005,1.9249393939971924,LSTM,Prediction,Train
2025-09-12,P005,1.9174352884292603,LSTM,Prediction,Train
2025-09-13,P005,1.9266464710235596,LSTM,Prediction,Train
2025-09-14,P005,1.918480396270752,LSTM,Prediction,Train
2025-01-08,P006,1.9854158163070679,LSTM,Prediction,Train
2025-01-09,P006,1.9937483072280884,LSTM,Prediction,Train
2025-01-10,P006,2.007472515106201,LSTM,Prediction,Train
2025-01-11,P006,1.998411774635315,LSTM,Prediction,Train
2025-01-12,P006,1.9820410013198853,LSTM,Prediction,Train
2025-01-13,P006,1.983554720878601,LSTM,Prediction,Train
2025-01-14,P006,1.9982706308364868,LSTM,Prediction,Train
2025-01-15,P006,1.999057412147522,LSTM,Prediction,Train
2025-01-16,P006,2.0088694095611572,LSTM,Prediction,Train
2025-01-17,P006,2.0081112384796143,LSTM,Prediction,Train
2025-01-18,P006,1.9916664361953735,LSTM,Prediction,Train
2025-01-19,P006,1.9913750886917114,LSTM,Prediction,Train
2025-01-20,P006,1.9901829957962036,LSTM,Prediction,Train
2025-01-21,P006,1.9986871480941772,LSTM,Prediction,Train
2025-01-22,P006,2.0041651725769043,LSTM,Prediction,Train
2025-01-23,P006,2.015296459197998,LSTM,Prediction,Train
2025-01-24,P006,1.9839411973953247,LSTM,Prediction,Train
2025-01-25,P006,2.0034775733947754,LSTM,Prediction,Train
2025-01-26,P006,2.0119893550872803,LSTM,Prediction,Train
2025-01-27,P006,2.0054898262023926,LSTM,Prediction,Train
2025-01-28,P006,2.0063583850860596,LSTM,Prediction,Train
2025-01-29,P006,1.996677279472351,LSTM,Prediction,Train
2025-01-30,P006,2.000462293624878,LSTM,Prediction,Train
2025-01-31,P006,2.002816915512085,LSTM,Prediction,Train
2025-02-01,P006,1.9849311113357544,LSTM,Prediction,Train
2025-02-02,P006,1.9950884580612183,LSTM,Prediction,Train
2025-02-03,P006,2.000068187713623,LSTM,Prediction,Train
2025-02-04,P006,2.0002150535583496,LSTM,Prediction,Train
2025-02-05,P006,1.9915145635604858,LSTM,Prediction,Train
2025-02-06,P006,2.009110450744629,LSTM,Prediction,Train
2025-02-07,P006,1.995235562324524,LSTM,Prediction,Train
2025-02-08,P006,1.9548579454421997,LSTM,Prediction,Train
2025-02-09,P006,2.0025651454925537,LSTM,Prediction,Train
2025-02-10,P006,1.9899944067001343,LSTM,Prediction,Train
2025-02-11,P006,1.9941233396530151,LSTM,Prediction,Train
2025-02-12,P006,2.001797914505005,LSTM,Prediction,Train
2025-02-13,P006,2.0032548904418945,LSTM,Prediction,Train
2025-02-14,P006,1.989960789680481,LSTM,Prediction,Train
2025-02-15,P006,1.998345971107483,LSTM,Prediction,Train
2025-02-16,P006,1.9930554628372192,LSTM,Prediction,Train
2025-02-17,P006,1.984998345375061,LSTM,Prediction,Train
2025-02-18,P006,2.0015909671783447,LSTM,Prediction,Train
2025-02-19,P006,1.9821301698684692,LSTM,Prediction,Train
2025-02-20,P006,2.0112719535827637,LSTM,Prediction,Train
2025-02-21,P006,1.9990383386611938,LSTM,Prediction,Train
2025-02-22,P006,1.9953721761703491,LSTM,Prediction,Train
2025-02-23,P006,1.9978493452072144,LSTM,Prediction,Train
2025-02-24,P006,1.9843872785568237,LSTM,Prediction,Train
2025-02-25,P006,2.003570556640625,LSTM,Prediction,Train
2025-02-26,P006,1.9986873865127563,LSTM,Prediction,Train
2025-02-27,P006,1.9872647523880005,LSTM,Prediction,Train
2025-02-28,P006,1.9823638200759888,LSTM,Prediction,Train
2025-03-01,P006,1.988923192024231,LSTM,Prediction,Train
2025-03-02,P006,1.9922059774398804,LSTM,Prediction,Train
2025-03-03,P006,1.9969276189804077,LSTM,Prediction,Train
2025-03-04,P006,1.9796243906021118,LSTM,Prediction,Train
2025-03-05,P006,1.9974960088729858,LSTM,Prediction,Train
2025-03-06,P006,1.9935837984085083,LSTM,Prediction,Train
2025-03-07,P006,2.0103445053100586,LSTM,Prediction,Train
2025-03-08,P006,2.0058557987213135,LSTM,Prediction,Train
2025-03-09,P006,1.99270498752594,LSTM,Prediction,Train
2025-03-10,P006,1.9868792295455933,LSTM,Prediction,Train
2025-03-11,P006,1.992834210395813,LSTM,Prediction,Train
2025-03-12,P006,1.9951785802841187,LSTM,Prediction,Train
2025-03-13,P006,1.996214747428894,LSTM,Prediction,Train
2025-03-14,P006,2.0022943019866943,LSTM,Prediction,Train
2025-03-15,P006,1.9975625276565552,LSTM,Prediction,Train
2025-03-16,P006,1.996899962425232,LSTM,Prediction,Train
2025-03-17,P006,1.9959772825241089,LSTM,Prediction,Train
2025-03-18,P006,1.9842885732650757,LSTM,Prediction,Train
2025-03-19,P006,2.0055091381073,LSTM,Prediction,Train
2025-03-20,P006,1.9952739477157593,LSTM,Prediction,Train
2025-03-21,P006,1.9925886392593384,LSTM,Prediction,Train
2025-03-22,P006,1.9761146306991577,LSTM,Prediction,Train
2025-03-23,P006,1.9948350191116333,LSTM,Prediction,Train
2025-03-24,P006,1.9930709600448608,LSTM,Prediction,Train
2025-03-25,P006,2.001058340072632,LSTM,Prediction,Train
2025-03-26,P006,1.992357850074768,LSTM,Prediction,Train
2025-03-27,P006,1.9903193712234497,LSTM,Prediction,Train
2025-03-28,P006,1.9950064420700073,LSTM,Prediction,Train
2025-03-29,P006,1.9954599142074585,LSTM,Prediction,Train
2025-03-30,P006,1.9981378316879272,LSTM,Prediction,Train
2025-03-31,P006,1.9924241304397583,LSTM,Prediction,Train
2025-04-01,P006,1.9929789304733276,LSTM,Prediction,Train
2025-04-02,P006,1.9985805749893188,LSTM,Prediction,Train
2025-04-03,P006,1.9971867799758911,LSTM,Prediction,Train
2025-04-04,P006,1.9967321157455444,LSTM,Prediction,Train
2025-04-05,P006,1.996212124824524,LSTM,Prediction,Train
2025-04-06,P006,1.9934395551681519,LSTM,Prediction,Train
2025-04-07,P006,2.00909686088562,LSTM,Prediction,Train
2025-04-08,P006,1.9841550588607788,LSTM,Prediction,Train
2025-04-09,P006,1.9882551431655884,LSTM,Prediction,Train
2025-04-10,P006,1.995869755744934,LSTM,Prediction,Train
2025-04-11,P006,2.0019948482513428,LSTM,Prediction,Train
2025-04-12,P006,2.007610559463501,LSTM,Prediction,Train
2025-04-13,P006,2.00890851020813,LSTM,Prediction,Train
2025-04-14,P006,1.9961975812911987,LSTM,Prediction,Train
2025-04-15,P006,1.9972182512283325,LSTM,Prediction,Train
2025-04-16,P006,1.989503026008606,LSTM,Prediction,Train
2025-04-17,P006,1.9821473360061646,LSTM,Prediction,Train
2025-04-18,P006,2.0018961429595947,LSTM,Prediction,Train
2025-04-19,P006,1.9974192380905151,LSTM,Prediction,Train
2025-04-20,P006,2.0001869201660156,LSTM,Prediction,Train
2025-04-21,P006,2.0079751014709473,LSTM,Prediction,Train
2025-04-22,P006,1.9900709390640259,LSTM,Prediction,Train
2025-04-23,P006,1.9978479146957397,LSTM,Prediction,Train
2025-04-24,P006,1.9916807413101196,LSTM,Prediction,Train
2025-04-25,P006,1.9878188371658325,LSTM,Prediction,Train
2025-04-26,P006,1.9950355291366577,LSTM,Prediction,Train
2025-04-27,P006,2.0017189979553223,LSTM,Prediction,Train
2025-04-28,P006,2.0026001930236816,LSTM,Prediction,Train
2025-04-29,P006,1.9904624223709106,LSTM,Prediction,Train
2025-04-30,P006,1.9898592233657837,LSTM,Prediction,Train
2025-05-01,P006,1.9945396184921265,LSTM,Prediction,Train
2025-05-02,P006,1.9814754724502563,LSTM,Prediction,Train
2025-05-03,P006,1.9907974004745483,LSTM,Prediction,Train
2025-05-04,P006,2.0148797035217285,LSTM,Prediction,Train
2025-05-05,P006,2.002152442932129,LSTM,Prediction,Train
2025-05-06,P006,1.9920767545700073,LSTM,Prediction,Train
2025-05-07,P006,1.9839671850204468,LSTM,Prediction,Train
2025-05-08,P006,2.0100913047790527,LSTM,Prediction,Train
2025-05-09,P006,2.0003278255462646,LSTM,Prediction,Train
2025-05-10,P006,1.9950896501541138,LSTM,Prediction,Train
2025-05-11,P006,1.995728611946106,LSTM,Prediction,Train
2025-05-12,P006,2.0181965827941895,LSTM,Prediction,Train
2025-05-13,P006,2.0012056827545166,LSTM,Prediction,Train
2025-05-14,P006,1.9926365613937378,LSTM,Prediction,Train
2025-05-15,P006,2.0001864433288574,LSTM,Prediction,Train
2025-05-16,P006,1.9894441366195679,LSTM,Prediction,Train
2025-05-17,P006,2.006047010421753,LSTM,Prediction,Train
2025-05-18,P006,1.9989582300186157,LSTM,Prediction,Train
2025-05-19,P006,1.9942723512649536,LSTM,Prediction,Train
2025-05-20,P006,1.9835339784622192,LSTM,Prediction,Train
2025-05-21,P006,2.006004810333252,LSTM,Prediction,Train
2025-05-22,P006,1.9909495115280151,LSTM,Prediction,Train
2025-05-23,P006,1.9918838739395142,LSTM,Prediction,Train
2025-05-24,P006,2.0059823989868164,LSTM,Prediction,Train
2025-05-25,P006,2.002882242202759,LSTM,Prediction,Train
2025-05-26,P006,2.009026050567627,LSTM,Prediction,Train
2025-05-27,P006,2.0158913135528564,LSTM,Prediction,Train
2025-05-28,P006,1.992911696434021,LSTM,Prediction,Train
2025-05-29,P006,1.9919661283493042,LSTM,Prediction,Train
2025-05-30,P006,1.9834941625595093,LSTM,Prediction,Train
2025-05-31,P006,2.001222848892212,LSTM,Prediction,Train
2025-06-01,P006,2.003770351409912,LSTM,Prediction,Train
2025-06-02,P006,1.996860146522522,LSTM,Prediction,Train
2025-06-03,P006,1.9897862672805786,LSTM,Prediction,Train
2025-06-04,P006,1.9923452138900757,LSTM,Prediction,Train
2025-06-05,P006,1.998653531074524,LSTM,Prediction,Train
2025-06-06,P006,1.9964245557785034,LSTM,Prediction,Train
2025-06-07,P006,1.9983936548233032,LSTM,Prediction,Train
2025-06-08,P006,1.9987777471542358,LSTM,Prediction,Train
2025-06-09,P006,1.991822361946106,LSTM,Prediction,Train
2025-06-10,P006,2.0011377334594727,LSTM,Prediction,Train
2025-06-11,P006,2.0085747241973877,LSTM,Prediction,Train
2025-06-12,P006,1.996949553489685,LSTM,Prediction,Train
2025-06-13,P006,1.9944161176681519,LSTM,Prediction,Train
2025-06-14,P006,1.9961198568344116,LSTM,Prediction,Train
2025-06-15,P006,1.9999510049819946,LSTM,Prediction,Train
2025-06-16,P006,2.0020651817321777,LSTM,Prediction,Train
2025-06-17,P006,1.9831968545913696,LSTM,Prediction,Train
2025-06-18,P006,1.9922868013381958,LSTM,Prediction,Train
2025-06-19,P006,1.9870558977127075,LSTM,Prediction,Train
2025-06-20,P006,1.9964290857315063,LSTM,Prediction,Train
2025-06-21,P006,1.994268774986267,LSTM,Prediction,Train
2025-06-22,P006,2.000753879547119,LSTM,Prediction,Train
2025-06-23,P006,2.0054337978363037,LSTM,Prediction,Train
2025-06-24,P006,2.0041277408599854,LSTM,Prediction,Train
2025-06-25,P006,2.001107931137085,LSTM,Prediction,Train
2025-06-26,P006,1.9930680990219116,LSTM,Prediction,Train
2025-06-27,P006,1.9948796033859253,LSTM,Prediction,Train
2025-06-28,P006,2.000095844268799,LSTM,Prediction,Train
2025-06-29,P006,1.9900416135787964,LSTM,Prediction,Train
2025-06-30,P006,2.0038533210754395,LSTM,Prediction,Train
2025-07-01,P006,1.9810258150100708,LSTM,Prediction,Train
2025-07-02,P006,2.0058085918426514,LSTM,Prediction,Train
2025-07-03,P006,1.9912198781967163,LSTM,Prediction,Train
2025-07-04,P006,1.9798132181167603,LSTM,Prediction,Train
2025-07-05,P006,1.9747010469436646,LSTM,Prediction,Train
2025-07-06,P006,2.0047502517700195,LSTM,Prediction,Train
2025-07-07,P006,2.002479314804077,LSTM,Prediction,Train
2025-07-08,P006,1.9872723817825317,LSTM,Prediction,Train
2025-07-09,P006,2.0023257732391357,LSTM,Prediction,Train
2025-07-10,P006,1.9914439916610718,LSTM,Prediction,Train
2025-07-11,P006,1.998879313468933,LSTM,Prediction,Train
2025-07-12,P006,2.0066254138946533,LSTM,Prediction,Train
2025-07-13,P006,2.004024028778076,LSTM,Prediction,Train
2025-07-14,P006,2.004737615585327,LSTM,Prediction,Train
2025-07-15,P006,2.0056498050689697,LSTM,Prediction,Train
2025-07-16,P006,1.9824804067611694,LSTM,Prediction,Train
2025-07-17,P006,2.008439302444458,LSTM,Prediction,Train
2025-07-18,P006,1.9879006147384644,LSTM,Prediction,Train
2025-07-19,P006,1.9979649782180786,LSTM,Prediction,Train
2025-07-20,P006,2.0041017532348633,LSTM,Prediction,Train
2025-07-21,P006,2.006561517715454,LSTM,Prediction,Train
2025-07-22,P006,1.9555989503860474,LSTM,Prediction,Train
2025-07-23,P006,1.9986690282821655,LSTM,Prediction,Train
2025-07-24,P006,2.0011160373687744,LSTM,Prediction,Train
2025-07-25,P006,1.9906915426254272,LSTM,Prediction,Train
2025-07-26,P006,1.9927815198898315,LSTM,Prediction,Train
2025-07-27,P006,2.000659465789795,LSTM,Prediction,Train
2025-07-28,P006,2.0037436485290527,LSTM,Prediction,Train
2025-07-29,P006,2.010908842086792,LSTM,Prediction,Train
2025-07-30,P006,2.011610984802246,LSTM,Prediction,Train
2025-07-31,P006,1.996942162513733,LSTM,Prediction,Train
2025-08-01,P006,1.9972256422042847,LSTM,Prediction,Train
2025-08-02,P006,1.987691044807434,LSTM,Prediction,Train
2025-08-03,P006,1.9944218397140503,LSTM,Prediction,Train
2025-08-04,P006,2.000276565551758,LSTM,Prediction,Train
2025-08-05,P006,1.9957488775253296,LSTM,Prediction,Train
2025-08-06,P006,1.9855059385299683,LSTM,Prediction,Train
2025-08-07,P006,2.005582332611084,LSTM,Prediction,Train
2025-08-08,P006,1.9958969354629517,LSTM,Prediction,Train
2025-08-09,P006,1.9971548318862915,LSTM,Prediction,Train
2025-08-10,P006,2.0064444541931152,LSTM,Prediction,Train
2025-08-11,P006,1.9989126920700073,LSTM,Prediction,Train
2025-08-12,P006,1.9948431253433228,LSTM,Prediction,Train
2025-08-13,P006,1.990315556526184,LSTM,Prediction,Train
2025-08-14,P006,2.0003740787506104,LSTM,Prediction,Train
2025-08-15,P006,2.001250982284546,LSTM,Prediction,Train
2025-08-16,P006,2.002103328704834,LSTM,Prediction,Train
2025-08-17,P006,1.9931143522262573,LSTM,Prediction,Train
2025-08-18,P006,1.9998093843460083,LSTM,Prediction,Train
2025-08-19,P006,2.008770227432251,LSTM,Prediction,Train
2025-08-20,P006,2.0045993328094482,LSTM,Prediction,Train
2025-08-21,P006,1.9897350072860718,LSTM,Prediction,Train
2025-08-22,P006,1.9982045888900757,LSTM,Prediction,Train
2025-08-23,P006,2.003603935241699,LSTM,Prediction,Train
2025-08-24,P006,1.9984873533248901,LSTM,Prediction,Train
2025-08-25,P006,1.973197340965271,LSTM,Prediction,Train
2025-08-26,P006,1.978728175163269,LSTM,Prediction,Train
2025-08-27,P006,1.99616277217865,LSTM,Prediction,Train
2025-08-28,P006,1.9886480569839478,LSTM,Prediction,Train
2025-08-29,P006,1.9931563138961792,LSTM,Prediction,Train
2025-08-30,P006,1.9727479219436646,LSTM,Prediction,Train
2025-08-31,P006,1.9826539754867554,LSTM,Prediction,Train
2025-09-01,P006,2.007993698120117,LSTM,Prediction,Train
2025-09-02,P006,1.987775206565857,LSTM,Prediction,Train
2025-09-03,P006,1.986005425453186,LSTM,Prediction,Train
2025-09-04,P006,2.010328531265259,LSTM,Prediction,Train
2025-09-05,P006,1.9934238195419312,LSTM,Prediction,Train
2025-09-06,P006,1.9991928339004517,LSTM,Prediction,Train
2025-09-07,P006,1.9858649969100952,LSTM,Prediction,Train
2025-09-08,P006,1.9964255094528198,LSTM,Prediction,Train
2025-09-09,P006,1.9872013330459595,LSTM,Prediction,Train
2025-09-10,P006,1.996639370918274,LSTM,Prediction,Train
2025-09-11,P006,1.99516761302948,LSTM,Prediction,Train
2025-09-12,P006,1.9902149438858032,LSTM,Prediction,Train
2025-09-13,P006,1.998282790184021,LSTM,Prediction,Train
2025-09-14,P006,1.9913514852523804,LSTM,Prediction,Train
2025-01-08,P007,2.227095127105713,LSTM,Prediction,Train
2025-01-09,P007,2.2350916862487793,LSTM,Prediction,Train
2025-01-10,P007,2.2515275478363037,LSTM,Prediction,Train
2025-01-11,P007,2.240023374557495,LSTM,Prediction,Train
2025-01-12,P007,2.2248404026031494,LSTM,Prediction,Train
2025-01-13,P007,2.2291836738586426,LSTM,Prediction,Train
2025-01-14,P007,2.239891290664673,LSTM,Prediction,Train
2025-01-15,P007,2.240844964981079,LSTM,Prediction,Train
2025-01-16,P007,2.2515957355499268,LSTM,Prediction,Train
2025-01-17,P007,2.250760555267334,LSTM,Prediction,Train
2025-01-18,P007,2.2341718673706055,LSTM,Prediction,Train
2025-01-19,P007,2.2330482006073,LSTM,Prediction,Train
2025-01-20,P007,2.232621669769287,LSTM,Prediction,Train
2025-01-21,P007,2.2409489154815674,LSTM,Prediction,Train
2025-01-22,P007,2.2445781230926514,LSTM,Prediction,Train
2025-01-23,P007,2.2526919841766357,LSTM,Prediction,Train
2025-01-24,P007,2.2262606620788574,LSTM,Prediction,Train
2025-01-25,P007,2.2448980808258057,LSTM,Prediction,Train
2025-01-26,P007,2.2552413940429688,LSTM,Prediction,Train
2025-01-27,P007,2.246950626373291,LSTM,Prediction,Train
2025-01-28,P007,2.2472057342529297,LSTM,Prediction,Train
2025-01-29,P007,2.2372324466705322,LSTM,Prediction,Train
2025-01-30,P007,2.2426095008850098,LSTM,Prediction,Train
2025-01-31,P007,2.244015693664551,LSTM,Prediction,Train
2025-02-01,P007,2.22550368309021,LSTM,Prediction,Train
2025-02-02,P007,2.2360401153564453,LSTM,Prediction,Train
2025-02-03,P007,2.2420825958251953,LSTM,Prediction,Train
2025-02-04,P007,2.24414324760437,LSTM,Prediction,Train
2025-02-05,P007,2.2327499389648438,LSTM,Prediction,Train
2025-02-06,P007,2.2517197132110596,LSTM,Prediction,Train
2025-02-07,P007,2.2373480796813965,LSTM,Prediction,Train
2025-02-08,P007,2.1961922645568848,LSTM,Prediction,Train
2025-02-09,P007,2.2438952922821045,LSTM,Prediction,Train
2025-02-10,P007,2.2316534519195557,LSTM,Prediction,Train
2025-02-11,P007,2.2349295616149902,LSTM,Prediction,Train
2025-02-12,P007,2.2428925037384033,LSTM,Prediction,Train
2025-02-13,P007,2.2447855472564697,LSTM,Prediction,Train
2025-02-14,P007,2.230437994003296,LSTM,Prediction,Train
2025-02-15,P007,2.240408420562744,LSTM,Prediction,Train
2025-02-16,P007,2.234234571456909,LSTM,Prediction,Train
2025-02-17,P007,2.227137804031372,LSTM,Prediction,Train
2025-02-18,P007,2.2431740760803223,LSTM,Prediction,Train
2025-02-19,P007,2.224243402481079,LSTM,Prediction,Train
2025-02-20,P007,2.2555086612701416,LSTM,Prediction,Train
2025-02-21,P007,2.242335557937622,LSTM,Prediction,Train
2025-02-22,P007,2.2369234561920166,LSTM,Prediction,Train
2025-02-23,P007,2.240896224975586,LSTM,Prediction,Train
2025-02-24,P007,2.2280068397521973,LSTM,Prediction,Train
2025-02-25,P007,2.2427146434783936,LSTM,Prediction,Train
2025-02-26,P007,2.2389073371887207,LSTM,Prediction,Train
2025-02-27,P007,2.232318878173828,LSTM,Prediction,Train
2025-02-28,P007,2.2250816822052,LSTM,Prediction,Train
2025-03-01,P007,2.2304611206054688,LSTM,Prediction,Train
2025-03-02,P007,2.2361690998077393,LSTM,Prediction,Train
2025-03-03,P007,2.2391839027404785,LSTM,Prediction,Train
2025-03-04,P007,2.2221195697784424,LSTM,Prediction,Train
2025-03-05,P007,2.238579034805298,LSTM,Prediction,Train
2025-03-06,P007,2.236384630203247,LSTM,Prediction,Train
2025-03-07,P007,2.2499682903289795,LSTM,Prediction,Train
2025-03-08,P007,2.24733829498291,LSTM,Prediction,Train
2025-03-09,P007,2.235243082046509,LSTM,Prediction,Train
2025-03-10,P007,2.2274270057678223,LSTM,Prediction,Train
2025-03-11,P007,2.23384165763855,LSTM,Prediction,Train
2025-03-12,P007,2.2373526096343994,LSTM,Prediction,Train
2025-03-13,P007,2.237445592880249,LSTM,Prediction,Train
2025-03-14,P007,2.244809865951538,LSTM,Prediction,Train
2025-03-15,P007,2.241154670715332,LSTM,Prediction,Train
2025-03-16,P007,2.2388110160827637,LSTM,Prediction,Train
2025-03-17,P007,2.2389211654663086,LSTM,Prediction,Train
2025-03-18,P007,2.2271361351013184,LSTM,Prediction,Train
2025-03-19,P007,2.247511386871338,LSTM,Prediction,Train
2025-03-20,P007,2.2386298179626465,LSTM,Prediction,Train
2025-03-21,P007,2.233829975128174,LSTM,Prediction,Train
2025-03-22,P007,2.220391273498535,LSTM,Prediction,Train
2025-03-23,P007,2.2355942726135254,LSTM,Prediction,Train
2025-03-24,P007,2.2353758811950684,LSTM,Prediction,Train
2025-03-25,P007,2.2427659034729004,LSTM,Prediction,Train
2025-03-26,P007,2.2317802906036377,LSTM,Prediction,Train
2025-03-27,P007,2.2321407794952393,LSTM,Prediction,Train
2025-03-28,P007,2.2334980964660645,LSTM,Prediction,Train
2025-03-29,P007,2.237549066543579,LSTM,Prediction,Train
2025-03-30,P007,2.2390527725219727,LSTM,Prediction,Train
2025-03-31,P007,2.2344186305999756,LSTM,Prediction,Train
2025-04-01,P007,2.233987331390381,LSTM,Prediction,Train
2025-04-02,P007,2.2402877807617188,LSTM,Prediction,Train
2025-04-03,P007,2.240396499633789,LSTM,Prediction,Train
2025-04-04,P007,2.23854660987854,LSTM,Prediction,Train
2025-04-05,P007,2.24027419090271,LSTM,Prediction,Train
2025-04-06,P007,2.2363457679748535,LSTM,Prediction,Train
2025-04-07,P007,2.249131441116333,LSTM,Prediction,Train
2025-04-08,P007,2.2261343002319336,LSTM,Prediction,Train
2025-04-09,P007,2.2305798530578613,LSTM,Prediction,Train
2025-04-10,P007,2.235592842102051,LSTM,Prediction,Train
2025-04-11,P007,2.2441627979278564,LSTM,Prediction,Train
2025-04-12,P007,2.2479076385498047,LSTM,Prediction,Train
2025-04-13,P007,2.2516891956329346,LSTM,Prediction,Train
2025-04-14,P007,2.2383317947387695,LSTM,Prediction,Train
2025-04-15,P007,2.239135503768921,LSTM,Prediction,Train
2025-04-16,P007,2.233461380004883,LSTM,Prediction,Train
2025-04-17,P007,2.2265589237213135,LSTM,Prediction,Train
2025-04-18,P007,2.2439136505126953,LSTM,Prediction,Train
2025-04-19,P007,2.241412401199341,LSTM,Prediction,Train
2025-04-20,P007,2.24414324760437,LSTM,Prediction,Train
2025-04-21,P007,2.250885009765625,LSTM,Prediction,Train
2025-04-22,P007,2.231826066970825,LSTM,Prediction,Train
2025-04-23,P007,2.239670991897583,LSTM,Prediction,Train
2025-04-24,P007,2.233023166656494,LSTM,Prediction,Train
2025-04-25,P007,2.229773759841919,LSTM,Prediction,Train
2025-04-26,P007,2.2355048656463623,LSTM,Prediction,Train
2025-04-27,P007,2.241546869277954,LSTM,Prediction,Train
2025-04-28,P007,2.2429018020629883,LSTM,Prediction,Train
2025-04-29,P007,2.231679677963257,LSTM,Prediction,Train
2025-04-30,P007,2.2312684059143066,LSTM,Prediction,Train
2025-05-01,P007,2.2363440990448,LSTM,Prediction,Train
2025-05-02,P007,2.2221105098724365,LSTM,Prediction,Train
2025-05-03,P007,2.231114625930786,LSTM,Prediction,Train
2025-05-04,P007,2.2541377544403076,LSTM,Prediction,Train
2025-05-05,P007,2.245198965072632,LSTM,Prediction,Train
2025-05-06,P007,2.233081579208374,LSTM,Prediction,Train
2025-05-07,P007,2.225782632827759,LSTM,Prediction,Train
2025-05-08,P007,2.2510218620300293,LSTM,Prediction,Train
2025-05-09,P007,2.2429733276367188,LSTM,Prediction,Train
2025-05-10,P007,2.2367470264434814,LSTM,Prediction,Train
2025-05-11,P007,2.2396674156188965,LSTM,Prediction,Train
2025-05-12,P007,2.2583816051483154,LSTM,Prediction,Train
2025-05-13,P007,2.242011308670044,LSTM,Prediction,Train
2025-05-14,P007,2.2351067066192627,LSTM,Prediction,Train
2025-05-15,P007,2.2417116165161133,LSTM,Prediction,Train
2025-05-16,P007,2.2309563159942627,LSTM,Prediction,Train
2025-05-17,P007,2.246638774871826,LSTM,Prediction,Train
2025-05-18,P007,2.2387897968292236,LSTM,Prediction,Train
2025-05-19,P007,2.2344701290130615,LSTM,Prediction,Train
2025-05-20,P007,2.2253365516662598,LSTM,Prediction,Train
2025-05-21,P007,2.2472498416900635,LSTM,Prediction,Train
2025-05-22,P007,2.2334537506103516,LSTM,Prediction,Train
2025-05-23,P007,2.2330832481384277,LSTM,Prediction,Train
2025-05-24,P007,2.2465262413024902,LSTM,Prediction,Train
2025-05-25,P007,2.2450690269470215,LSTM,Prediction,Train
2025-05-26,P007,2.249523401260376,LSTM,Prediction,Train
2025-05-27,P007,2.2574543952941895,LSTM,Prediction,Train
2025-05-28,P007,2.233198404312134,LSTM,Prediction,Train
2025-05-29,P007,2.234740734100342,LSTM,Prediction,Train
2025-05-30,P007,2.2258810997009277,LSTM,Prediction,Train
2025-05-31,P007,2.2436351776123047,LSTM,Prediction,Train
2025-06-01,P007,2.2446987628936768,LSTM,Prediction,Train
2025-06-02,P007,2.2391159534454346,LSTM,Prediction,Train
2025-06-03,P007,2.231837272644043,LSTM,Prediction,Train
2025-06-04,P007,2.233846426010132,LSTM,Prediction,Train
2025-06-05,P007,2.237529754638672,LSTM,Prediction,Train
2025-06-06,P007,2.2369511127471924,LSTM,Prediction,Train
2025-06-07,P007,2.2398297786712646,LSTM,Prediction,Train
2025-06-08,P007,2.2425763607025146,LSTM,Prediction,Train
2025-06-09,P007,2.23350191116333,LSTM,Prediction,Train
2025-06-10,P007,2.2434518337249756,LSTM,Prediction,Train
2025-06-11,P007,2.2508232593536377,LSTM,Prediction,Train
2025-06-12,P007,2.2399027347564697,LSTM,Prediction,Train
2025-06-13,P007,2.236598014831543,LSTM,Prediction,Train
2025-06-14,P007,2.2358205318450928,LSTM,Prediction,Train
2025-06-15,P007,2.2400715351104736,LSTM,Prediction,Train
2025-06-16,P007,2.2423176765441895,LSTM,Prediction,Train
2025-06-17,P007,2.229505777359009,LSTM,Prediction,Train
2025-06-18,P007,2.235562801361084,LSTM,Prediction,Train
2025-06-19,P007,2.2299132347106934,LSTM,Prediction,Train
2025-06-20,P007,2.2366933822631836,LSTM,Prediction,Train
2025-06-21,P007,2.236686944961548,LSTM,Prediction,Train
2025-06-22,P007,2.2416911125183105,LSTM,Prediction,Train
2025-06-23,P007,2.2485570907592773,LSTM,Prediction,Train
2025-06-24,P007,2.2458372116088867,LSTM,Prediction,Train
2025-06-25,P007,2.241185188293457,LSTM,Prediction,Train
2025-06-26,P007,2.235044240951538,LSTM,Prediction,Train
2025-06-27,P007,2.2373485565185547,LSTM,Prediction,Train
2025-06-28,P007,2.241899251937866,LSTM,Prediction,Train
2025-06-29,P007,2.2312328815460205,LSTM,Prediction,Train
2025-06-30,P007,2.244591236114502,LSTM,Prediction,Train
2025-07-01,P007,2.2232415676116943,LSTM,Prediction,Train
2025-07-02,P007,2.247831344604492,LSTM,Prediction,Train
2025-07-03,P007,2.2333037853240967,LSTM,Prediction,Train
2025-07-04,P007,2.221423864364624,LSTM,Prediction,Train
2025-07-05,P007,2.2195205688476562,LSTM,Prediction,Train
2025-07-06,P007,2.249129056930542,LSTM,Prediction,Train
2025-07-07,P007,2.2442314624786377,LSTM,Prediction,Train
2025-07-08,P007,2.228762626647949,LSTM,Prediction,Train
2025-07-09,P007,2.2437925338745117,LSTM,Prediction,Train
2025-07-10,P007,2.2350027561187744,LSTM,Prediction,Train
2025-07-11,P007,2.2405195236206055,LSTM,Prediction,Train
2025-07-12,P007,2.247241258621216,LSTM,Prediction,Train
2025-07-13,P007,2.2499780654907227,LSTM,Prediction,Train
2025-07-14,P007,2.2433812618255615,LSTM,Prediction,Train
2025-07-15,P007,2.247267484664917,LSTM,Prediction,Train
2025-07-16,P007,2.226343870162964,LSTM,Prediction,Train
2025-07-17,P007,2.2515721321105957,LSTM,Prediction,Train
2025-07-18,P007,2.2306268215179443,LSTM,Prediction,Train
2025-07-19,P007,2.239015579223633,LSTM,Prediction,Train
2025-07-20,P007,2.245938539505005,LSTM,Prediction,Train
2025-07-21,P007,2.2447407245635986,LSTM,Prediction,Train
2025-07-22,P007,2.1964938640594482,LSTM,Prediction,Train
2025-07-23,P007,2.239624261856079,LSTM,Prediction,Train
2025-07-24,P007,2.242386817932129,LSTM,Prediction,Train
2025-07-25,P007,2.232943296432495,LSTM,Prediction,Train
2025-07-26,P007,2.2347466945648193,LSTM,Prediction,Train
2025-07-27,P007,2.242739200592041,LSTM,Prediction,Train
2025-07-28,P007,2.245573043823242,LSTM,Prediction,Train
2025-07-29,P007,2.250089406967163,LSTM,Prediction,Train
2025-07-30,P007,2.2527408599853516,LSTM,Prediction,Train
2025-07-31,P007,2.2386934757232666,LSTM,Prediction,Train
2025-08-01,P007,2.240006923675537,LSTM,Prediction,Train
2025-08-02,P007,2.2296054363250732,LSTM,Prediction,Train
2025-08-03,P007,2.2376630306243896,LSTM,Prediction,Train
2025-08-04,P007,2.2432217597961426,LSTM,Prediction,Train
2025-08-05,P007,2.237689733505249,LSTM,Prediction,Train
2025-08-06,P007,2.230692148208618,LSTM,Prediction,Train
2025-08-07,P007,2.2495102882385254,LSTM,Prediction,Train
2025-08-08,P007,2.2369637489318848,LSTM,Prediction,Train
2025-08-09,P007,2.239638328552246,LSTM,Prediction,Train
2025-08-10,P007,2.2445566654205322,LSTM,Prediction,Train
2025-08-11,P007,2.2391555309295654,LSTM,Prediction,Train
2025-08-12,P007,2.237577199935913,LSTM,Prediction,Train
2025-08-13,P007,2.2336807250976562,LSTM,Prediction,Train
2025-08-14,P007,2.2417337894439697,LSTM,Prediction,Train
2025-08-15,P007,2.2422661781311035,LSTM,Prediction,Train
2025-08-16,P007,2.245242118835449,LSTM,Prediction,Train
2025-08-17,P007,2.2360591888427734,LSTM,Prediction,Train
2025-08-18,P007,2.2374961376190186,LSTM,Prediction,Train
2025-08-19,P007,2.2493083477020264,LSTM,Prediction,Train
2025-08-20,P007,2.24537992477417,LSTM,Prediction,Train
2025-08-21,P007,2.233893871307373,LSTM,Prediction,Train
2025-08-22,P007,2.2389838695526123,LSTM,Prediction,Train
2025-08-23,P007,2.2443315982818604,LSTM,Prediction,Train
2025-08-24,P007,2.2385058403015137,LSTM,Prediction,Train
2025-08-25,P007,2.2154335975646973,LSTM,Prediction,Train
2025-08-26,P007,2.220283269882202,LSTM,Prediction,Train
2025-08-27,P007,2.237130880355835,LSTM,Prediction,Train
2025-08-28,P007,2.2306325435638428,LSTM,Prediction,Train
2025-08-29,P007,2.2350800037384033,LSTM,Prediction,Train
2025-08-30,P007,2.218372344970703,LSTM,Prediction,Train
2025-08-31,P007,2.225412368774414,LSTM,Prediction,Train
2025-09-01,P007,2.2471587657928467,LSTM,Prediction,Train
2025-09-02,P007,2.228837490081787,LSTM,Prediction,Train
2025-09-03,P007,2.2298309803009033,LSTM,Prediction,Train
2025-09-04,P007,2.25317645072937,LSTM,Prediction,Train
2025-09-05,P007,2.2357730865478516,LSTM,Prediction,Train
2025-09-06,P007,2.237104654312134,LSTM,Prediction,Train
2025-09-07,P007,2.227818489074707,LSTM,Prediction,Train
2025-09-08,P007,2.236952543258667,LSTM,Prediction,Train
2025-09-09,P007,2.228980302810669,LSTM,Prediction,Train
2025-09-10,P007,2.2378156185150146,LSTM,Prediction,Train
2025-09-11,P007,2.236290693283081,LSTM,Prediction,Train
2025-09-12,P007,2.234299898147583,LSTM,Prediction,Train
2025-09-13,P007,2.240508794784546,LSTM,Prediction,Train
2025-09-14,P007,2.233673334121704,LSTM,Prediction,Train
2025-01-08,P008,1.9347138404846191,LSTM,Prediction,Train
2025-01-09,P008,1.9458166360855103,LSTM,Prediction,Train
2025-01-10,P008,1.9594162702560425,LSTM,Prediction,Train
2025-01-11,P008,1.9480739831924438,LSTM,Prediction,Train
2025-01-12,P008,1.9333208799362183,LSTM,Prediction,Train
2025-01-13,P008,1.9381130933761597,LSTM,Prediction,Train
2025-01-14,P008,1.9483954906463623,LSTM,Prediction,Train
2025-01-15,P008,1.9484052658081055,LSTM,Prediction,Train
2025-01-16,P008,1.9585912227630615,LSTM,Prediction,Train
2025-01-17,P008,1.959584355354309,LSTM,Prediction,Train
2025-01-18,P008,1.9428740739822388,LSTM,Prediction,Train
2025-01-19,P008,1.9420009851455688,LSTM,Prediction,Train
2025-01-20,P008,1.9409160614013672,LSTM,Prediction,Train
2025-01-21,P008,1.9496489763259888,LSTM,Prediction,Train
2025-01-22,P008,1.9529823064804077,LSTM,Prediction,Train
2025-01-23,P008,1.9634649753570557,LSTM,Prediction,Train
2025-01-24,P008,1.9356712102890015,LSTM,Prediction,Train
2025-01-25,P008,1.9537039995193481,LSTM,Prediction,Train
2025-01-26,P008,1.9630664587020874,LSTM,Prediction,Train
2025-01-27,P008,1.9559351205825806,LSTM,Prediction,Train
2025-01-28,P008,1.9622647762298584,LSTM,Prediction,Train
2025-01-29,P008,1.945570468902588,LSTM,Prediction,Train
2025-01-30,P008,1.9513779878616333,LSTM,Prediction,Train
2025-01-31,P008,1.9523972272872925,LSTM,Prediction,Train
2025-02-01,P008,1.936169981956482,LSTM,Prediction,Train
2025-02-02,P008,1.944785714149475,LSTM,Prediction,Train
2025-02-03,P008,1.9500532150268555,LSTM,Prediction,Train
2025-02-04,P008,1.9525783061981201,LSTM,Prediction,Train
2025-02-05,P008,1.9414807558059692,LSTM,Prediction,Train
2025-02-06,P008,1.959934115409851,LSTM,Prediction,Train
2025-02-07,P008,1.9452617168426514,LSTM,Prediction,Train
2025-02-08,P008,1.9090025424957275,LSTM,Prediction,Train
2025-02-09,P008,1.9540011882781982,LSTM,Prediction,Train
2025-02-10,P008,1.9396860599517822,LSTM,Prediction,Train
2025-02-11,P008,1.9453893899917603,LSTM,Prediction,Train
2025-02-12,P008,1.949994683265686,LSTM,Prediction,Train
2025-02-13,P008,1.9561625719070435,LSTM,Prediction,Train
2025-02-14,P008,1.9408706426620483,LSTM,Prediction,Train
2025-02-15,P008,1.9497390985488892,LSTM,Prediction,Train
2025-02-16,P008,1.9436959028244019,LSTM,Prediction,Train
2025-02-17,P008,1.9362506866455078,LSTM,Prediction,Train
2025-02-18,P008,1.9518393278121948,LSTM,Prediction,Train
2025-02-19,P008,1.9394387006759644,LSTM,Prediction,Train
2025-02-20,P008,1.960778832435608,LSTM,Prediction,Train
2025-02-21,P008,1.9513864517211914,LSTM,Prediction,Train
2025-02-22,P008,1.9464868307113647,LSTM,Prediction,Train
2025-02-23,P008,1.9508408308029175,LSTM,Prediction,Train
2025-02-24,P008,1.937922716140747,LSTM,Prediction,Train
2025-02-25,P008,1.9500975608825684,LSTM,Prediction,Train
2025-02-26,P008,1.948073387145996,LSTM,Prediction,Train
2025-02-27,P008,1.9420138597488403,LSTM,Prediction,Train
2025-02-28,P008,1.932218074798584,LSTM,Prediction,Train
2025-03-01,P008,1.941310167312622,LSTM,Prediction,Train
2025-03-02,P008,1.9479318857192993,LSTM,Prediction,Train
2025-03-03,P008,1.9478528499603271,LSTM,Prediction,Train
2025-03-04,P008,1.9315110445022583,LSTM,Prediction,Train
2025-03-05,P008,1.9499646425247192,LSTM,Prediction,Train
2025-03-06,P008,1.9470012187957764,LSTM,Prediction,Train
2025-03-07,P008,1.9569954872131348,LSTM,Prediction,Train
2025-03-08,P008,1.9557552337646484,LSTM,Prediction,Train
2025-03-09,P008,1.9446016550064087,LSTM,Prediction,Train
2025-03-10,P008,1.9391969442367554,LSTM,Prediction,Train
2025-03-11,P008,1.9421781301498413,LSTM,Prediction,Train
2025-03-12,P008,1.947509527206421,LSTM,Prediction,Train
2025-03-13,P008,1.947677731513977,LSTM,Prediction,Train
2025-03-14,P008,1.9548529386520386,LSTM,Prediction,Train
2025-03-15,P008,1.9506057500839233,LSTM,Prediction,Train
2025-03-16,P008,1.9465758800506592,LSTM,Prediction,Train
2025-03-17,P008,1.94785475730896,LSTM,Prediction,Train
2025-03-18,P008,1.9364374876022339,LSTM,Prediction,Train
2025-03-19,P008,1.9568238258361816,LSTM,Prediction,Train
2025-03-20,P008,1.9468485116958618,LSTM,Prediction,Train
2025-03-21,P008,1.9425324201583862,LSTM,Prediction,Train
2025-03-22,P008,1.9295574426651,LSTM,Prediction,Train
2025-03-23,P008,1.945741891860962,LSTM,Prediction,Train
2025-03-24,P008,1.9415074586868286,LSTM,Prediction,Train
2025-03-25,P008,1.9495631456375122,LSTM,Prediction,Train
2025-03-26,P008,1.9399055242538452,LSTM,Prediction,Train
2025-03-27,P008,1.940277099609375,LSTM,Prediction,Train
2025-03-28,P008,1.9423683881759644,LSTM,Prediction,Train
2025-03-29,P008,1.946164608001709,LSTM,Prediction,Train
2025-03-30,P008,1.9503767490386963,LSTM,Prediction,Train
2025-03-31,P008,1.943729281425476,LSTM,Prediction,Train
2025-04-01,P008,1.944548487663269,LSTM,Prediction,Train
2025-04-02,P008,1.94818913936615,LSTM,Prediction,Train
2025-04-03,P008,1.9499573707580566,LSTM,Prediction,Train
2025-04-04,P008,1.9467061758041382,LSTM,Prediction,Train
2025-04-05,P008,1.9497205018997192,LSTM,Prediction,Train
2025-04-06,P008,1.9449917078018188,LSTM,Prediction,Train
2025-04-07,P008,1.9581626653671265,LSTM,Prediction,Train
2025-04-08,P008,1.9356945753097534,LSTM,Prediction,Train
2025-04-09,P008,1.9397422075271606,LSTM,Prediction,Train
2025-04-10,P008,1.9457323551177979,LSTM,Prediction,Train
2025-04-11,P008,1.9534611701965332,LSTM,Prediction,Train
2025-04-12,P008,1.9579941034317017,LSTM,Prediction,Train
2025-04-13,P008,1.957404613494873,LSTM,Prediction,Train
2025-04-14,P008,1.9470561742782593,LSTM,Prediction,Train
2025-04-15,P008,1.9487615823745728,LSTM,Prediction,Train
2025-04-16,P008,1.9393287897109985,LSTM,Prediction,Train
2025-04-17,P008,1.9349671602249146,LSTM,Prediction,Train
2025-04-18,P008,1.9508731365203857,LSTM,Prediction,Train
2025-04-19,P008,1.9496755599975586,LSTM,Prediction,Train
2025-04-20,P008,1.9525103569030762,LSTM,Prediction,Train
2025-04-21,P008,1.9581310749053955,LSTM,Prediction,Train
2025-04-22,P008,1.9388749599456787,LSTM,Prediction,Train
2025-04-23,P008,1.948282241821289,LSTM,Prediction,Train
2025-04-24,P008,1.9410978555679321,LSTM,Prediction,Train
2025-04-25,P008,1.9390121698379517,LSTM,Prediction,Train
2025-04-26,P008,1.9446347951889038,LSTM,Prediction,Train
2025-04-27,P008,1.9518734216690063,LSTM,Prediction,Train
2025-04-28,P008,1.9544425010681152,LSTM,Prediction,Train
2025-04-29,P008,1.9438133239746094,LSTM,Prediction,Train
2025-04-30,P008,1.9377466440200806,LSTM,Prediction,Train
2025-05-01,P008,1.9445562362670898,LSTM,Prediction,Train
2025-05-02,P008,1.9358885288238525,LSTM,Prediction,Train
2025-05-03,P008,1.9424437284469604,LSTM,Prediction,Train
2025-05-04,P008,1.962764859199524,LSTM,Prediction,Train
2025-05-05,P008,1.952048420906067,LSTM,Prediction,Train
2025-05-06,P008,1.9416606426239014,LSTM,Prediction,Train
2025-05-07,P008,1.935188889503479,LSTM,Prediction,Train
2025-05-08,P008,1.9564554691314697,LSTM,Prediction,Train
2025-05-09,P008,1.950400710105896,LSTM,Prediction,Train
2025-05-10,P008,1.9458829164505005,LSTM,Prediction,Train
2025-05-11,P008,1.94960355758667,LSTM,Prediction,Train
2025-05-12,P008,1.9668834209442139,LSTM,Prediction,Train
2025-05-13,P008,1.9513083696365356,LSTM,Prediction,Train
2025-05-14,P008,1.9434664249420166,LSTM,Prediction,Train
2025-05-15,P008,1.9498299360275269,LSTM,Prediction,Train
2025-05-16,P008,1.9405537843704224,LSTM,Prediction,Train
2025-05-17,P008,1.953392744064331,LSTM,Prediction,Train
2025-05-18,P008,1.948216199874878,LSTM,Prediction,Train
2025-05-19,P008,1.9461054801940918,LSTM,Prediction,Train
2025-05-20,P008,1.9353504180908203,LSTM,Prediction,Train
2025-05-21,P008,1.9533076286315918,LSTM,Prediction,Train
2025-05-22,P008,1.943191409111023,LSTM,Prediction,Train
2025-05-23,P008,1.9417191743850708,LSTM,Prediction,Train
2025-05-24,P008,1.9535536766052246,LSTM,Prediction,Train
2025-05-25,P008,1.9560378789901733,LSTM,Prediction,Train
2025-05-26,P008,1.9548615217208862,LSTM,Prediction,Train
2025-05-27,P008,1.9656320810317993,LSTM,Prediction,Train
2025-05-28,P008,1.9426581859588623,LSTM,Prediction,Train
2025-05-29,P008,1.9432321786880493,LSTM,Prediction,Train
2025-05-30,P008,1.9361321926116943,LSTM,Prediction,Train
2025-05-31,P008,1.9502105712890625,LSTM,Prediction,Train
2025-06-01,P008,1.953045129776001,LSTM,Prediction,Train
2025-06-02,P008,1.9498006105422974,LSTM,Prediction,Train
2025-06-03,P008,1.9405335187911987,LSTM,Prediction,Train
2025-06-04,P008,1.943270206451416,LSTM,Prediction,Train
2025-06-05,P008,1.9456228017807007,LSTM,Prediction,Train
2025-06-06,P008,1.9464213848114014,LSTM,Prediction,Train
2025-06-07,P008,1.948645830154419,LSTM,Prediction,Train
2025-06-08,P008,1.950453758239746,LSTM,Prediction,Train
2025-06-09,P008,1.943377137184143,LSTM,Prediction,Train
2025-06-10,P008,1.9540693759918213,LSTM,Prediction,Train
2025-06-11,P008,1.9570671319961548,LSTM,Prediction,Train
2025-06-12,P008,1.9475092887878418,LSTM,Prediction,Train
2025-06-13,P008,1.9456160068511963,LSTM,Prediction,Train
2025-06-14,P008,1.9461277723312378,LSTM,Prediction,Train
2025-06-15,P008,1.9498082399368286,LSTM,Prediction,Train
2025-06-16,P008,1.9500164985656738,LSTM,Prediction,Train
2025-06-17,P008,1.9392199516296387,LSTM,Prediction,Train
2025-06-18,P008,1.9445842504501343,LSTM,Prediction,Train
2025-06-19,P008,1.9386333227157593,LSTM,Prediction,Train
2025-06-20,P008,1.9461697340011597,LSTM,Prediction,Train
2025-06-21,P008,1.9464547634124756,LSTM,Prediction,Train
2025-06-22,P008,1.9500048160552979,LSTM,Prediction,Train
2025-06-23,P008,1.9571465253829956,LSTM,Prediction,Train
2025-06-24,P008,1.9559197425842285,LSTM,Prediction,Train
2025-06-25,P008,1.950401782989502,LSTM,Prediction,Train
2025-06-26,P008,1.9423431158065796,LSTM,Prediction,Train
2025-06-27,P008,1.9459365606307983,LSTM,Prediction,Train
2025-06-28,P008,1.9497356414794922,LSTM,Prediction,Train
2025-06-29,P008,1.940675973892212,LSTM,Prediction,Train
2025-06-30,P008,1.9552998542785645,LSTM,Prediction,Train
2025-07-01,P008,1.9326822757720947,LSTM,Prediction,Train
2025-07-02,P008,1.954995036125183,LSTM,Prediction,Train
2025-07-03,P008,1.94295334815979,LSTM,Prediction,Train
2025-07-04,P008,1.9312348365783691,LSTM,Prediction,Train
2025-07-05,P008,1.9275981187820435,LSTM,Prediction,Train
2025-07-06,P008,1.9573177099227905,LSTM,Prediction,Train
2025-07-07,P008,1.9529935121536255,LSTM,Prediction,Train
2025-07-08,P008,1.9397906064987183,LSTM,Prediction,Train
2025-07-09,P008,1.954300045967102,LSTM,Prediction,Train
2025-07-10,P008,1.944959282875061,LSTM,Prediction,Train
2025-07-11,P008,1.9490846395492554,LSTM,Prediction,Train
2025-07-12,P008,1.9556608200073242,LSTM,Prediction,Train
2025-07-13,P008,1.9585667848587036,LSTM,Prediction,Train
2025-07-14,P008,1.9539008140563965,LSTM,Prediction,Train
2025-07-15,P008,1.9558955430984497,LSTM,Prediction,Train
2025-07-16,P008,1.9342843294143677,LSTM,Prediction,Train
2025-07-17,P008,1.9570188522338867,LSTM,Prediction,Train
2025-07-18,P008,1.941324234008789,LSTM,Prediction,Train
2025-07-19,P008,1.9479199647903442,LSTM,Prediction,Train
2025-07-20,P008,1.9567101001739502,LSTM,Prediction,Train
2025-07-21,P008,1.9538989067077637,LSTM,Prediction,Train
2025-07-22,P008,1.9127342700958252,LSTM,Prediction,Train
2025-07-23,P008,1.9493680000305176,LSTM,Prediction,Train
2025-07-24,P008,1.951838731765747,LSTM,Prediction,Train
2025-07-25,P008,1.9434621334075928,LSTM,Prediction,Train
2025-07-26,P008,1.9435995817184448,LSTM,Prediction,Train
2025-07-27,P008,1.9505332708358765,LSTM,Prediction,Train
2025-07-28,P008,1.9527249336242676,LSTM,Prediction,Train
2025-07-29,P008,1.95836341381073,LSTM,Prediction,Train
2025-07-30,P008,1.9582759141921997,LSTM,Prediction,Train
2025-07-31,P008,1.9460551738739014,LSTM,Prediction,Train
2025-08-01,P008,1.947574257850647,LSTM,Prediction,Train
2025-08-02,P008,1.9393991231918335,LSTM,Prediction,Train
2025-08-03,P008,1.9461270570755005,LSTM,Prediction,Train
2025-08-04,P008,1.9500904083251953,LSTM,Prediction,Train
2025-08-05,P008,1.944926142692566,LSTM,Prediction,Train
2025-08-06,P008,1.939387321472168,LSTM,Prediction,Train
2025-08-07,P008,1.9576903581619263,LSTM,Prediction,Train
2025-08-08,P008,1.9427368640899658,LSTM,Prediction,Train
2025-08-09,P008,1.9475411176681519,LSTM,Prediction,Train
2025-08-10,P008,1.953578233718872,LSTM,Prediction,Train
2025-08-11,P008,1.9480985403060913,LSTM,Prediction,Train
2025-08-12,P008,1.9454582929611206,LSTM,Prediction,Train
2025-08-13,P008,1.94361412525177,LSTM,Prediction,Train
2025-08-14,P008,1.9512748718261719,LSTM,Prediction,Train
2025-08-15,P008,1.9490582942962646,LSTM,Prediction,Train
2025-08-16,P008,1.9517107009887695,LSTM,Prediction,Train
2025-08-17,P008,1.9423855543136597,LSTM,Prediction,Train
2025-08-18,P008,1.944930076599121,LSTM,Prediction,Train
2025-08-19,P008,1.9602594375610352,LSTM,Prediction,Train
2025-08-20,P008,1.9544076919555664,LSTM,Prediction,Train
2025-08-21,P008,1.9409267902374268,LSTM,Prediction,Train
2025-08-22,P008,1.9489787817001343,LSTM,Prediction,Train
2025-08-23,P008,1.955708622932434,LSTM,Prediction,Train
2025-08-24,P008,1.945662021636963,LSTM,Prediction,Train
2025-08-25,P008,1.9248648881912231,LSTM,Prediction,Train
2025-08-26,P008,1.9301811456680298,LSTM,Prediction,Train
2025-08-27,P008,1.9469046592712402,LSTM,Prediction,Train
2025-08-28,P008,1.9391840696334839,LSTM,Prediction,Train
2025-08-29,P008,1.9439629316329956,LSTM,Prediction,Train
2025-08-30,P008,1.9264228343963623,LSTM,Prediction,Train
2025-08-31,P008,1.934246301651001,LSTM,Prediction,Train
2025-09-01,P008,1.9569010734558105,LSTM,Prediction,Train
2025-09-02,P008,1.9368165731430054,LSTM,Prediction,Train
2025-09-03,P008,1.9385830163955688,LSTM,Prediction,Train
2025-09-04,P008,1.964016079902649,LSTM,Prediction,Train
2025-09-05,P008,1.944663405418396,LSTM,Prediction,Train
2025-09-06,P008,1.948318600654602,LSTM,Prediction,Train
2025-09-07,P008,1.9364043474197388,LSTM,Prediction,Train
2025-09-08,P008,1.944881796836853,LSTM,Prediction,Train
2025-09-09,P008,1.937254786491394,LSTM,Prediction,Train
2025-09-10,P008,1.9467189311981201,LSTM,Prediction,Train
2025-09-11,P008,1.9448583126068115,LSTM,Prediction,Train
2025-09-12,P008,1.9406908750534058,LSTM,Prediction,Train
2025-09-13,P008,1.9489141702651978,LSTM,Prediction,Train
2025-09-14,P008,1.9416874647140503,LSTM,Prediction,Train
2025-01-08,P009,2.091376304626465,LSTM,Prediction,Train
2025-01-09,P009,2.100839138031006,LSTM,Prediction,Train
2025-01-10,P009,2.119619607925415,LSTM,Prediction,Train
2025-01-11,P009,2.107447624206543,LSTM,Prediction,Train
2025-01-12,P009,2.0900728702545166,LSTM,Prediction,Train
2025-01-13,P009,2.093255043029785,LSTM,Prediction,Train
2025-01-14,P009,2.1078436374664307,LSTM,Prediction,Train
2025-01-15,P009,2.1078357696533203,LSTM,Prediction,Train
2025-01-16,P009,2.1191933155059814,LSTM,Prediction,Train
2025-01-17,P009,2.1172256469726562,LSTM,Prediction,Train
2025-01-18,P009,2.102046012878418,LSTM,Prediction,Train
2025-01-19,P009,2.1003365516662598,LSTM,Prediction,Train
2025-01-20,P009,2.0983500480651855,LSTM,Prediction,Train
2025-01-21,P009,2.107297658920288,LSTM,Prediction,Train
2025-01-22,P009,2.1132564544677734,LSTM,Prediction,Train
2025-01-23,P009,2.1250452995300293,LSTM,Prediction,Train
2025-01-24,P009,2.091162919998169,LSTM,Prediction,Train
2025-01-25,P009,2.114086151123047,LSTM,Prediction,Train
2025-01-26,P009,2.1241602897644043,LSTM,Prediction,Train
2025-01-27,P009,2.11608624458313,LSTM,Prediction,Train
2025-01-28,P009,2.1265616416931152,LSTM,Prediction,Train
2025-01-29,P009,2.1042003631591797,LSTM,Prediction,Train
2025-01-30,P009,2.1130363941192627,LSTM,Prediction,Train
2025-01-31,P009,2.113771438598633,LSTM,Prediction,Train
2025-02-01,P009,2.09247088432312,LSTM,Prediction,Train
2025-02-02,P009,2.1033966541290283,LSTM,Prediction,Train
2025-02-03,P009,2.109058380126953,LSTM,Prediction,Train
2025-02-04,P009,2.10929536819458,LSTM,Prediction,Train
2025-02-05,P009,2.099132537841797,LSTM,Prediction,Train
2025-02-06,P009,2.1208717823028564,LSTM,Prediction,Train
2025-02-07,P009,2.1050608158111572,LSTM,Prediction,Train
2025-02-08,P009,2.0608668327331543,LSTM,Prediction,Train
2025-02-09,P009,2.110684633255005,LSTM,Prediction,Train
2025-02-10,P009,2.0985324382781982,LSTM,Prediction,Train
2025-02-11,P009,2.1040072441101074,LSTM,Prediction,Train
2025-02-12,P009,2.108992576599121,LSTM,Prediction,Train
2025-02-13,P009,2.1145200729370117,LSTM,Prediction,Train
2025-02-14,P009,2.0980913639068604,LSTM,Prediction,Train
2025-02-15,P009,2.1088945865631104,LSTM,Prediction,Train
2025-02-16,P009,2.1022226810455322,LSTM,Prediction,Train
2025-02-17,P009,2.092782497406006,LSTM,Prediction,Train
2025-02-18,P009,2.1124684810638428,LSTM,Prediction,Train
2025-02-19,P009,2.0923590660095215,LSTM,Prediction,Train
2025-02-20,P009,2.119720458984375,LSTM,Prediction,Train
2025-02-21,P009,2.109062433242798,LSTM,Prediction,Train
2025-02-22,P009,2.105473518371582,LSTM,Prediction,Train
2025-02-23,P009,2.108919858932495,LSTM,Prediction,Train
2025-02-24,P009,2.0961620807647705,LSTM,Prediction,Train
2025-02-25,P009,2.1107537746429443,LSTM,Prediction,Train
2025-02-26,P009,2.1075263023376465,LSTM,Prediction,Train
2025-02-27,P009,2.100090980529785,LSTM,Prediction,Train
2025-02-28,P009,2.091684341430664,LSTM,Prediction,Train
2025-03-01,P009,2.097280979156494,LSTM,Prediction,Train
2025-03-02,P009,2.106649875640869,LSTM,Prediction,Train
2025-03-03,P009,2.1072707176208496,LSTM,Prediction,Train
2025-03-04,P009,2.08632755279541,LSTM,Prediction,Train
2025-03-05,P009,2.1073460578918457,LSTM,Prediction,Train
2025-03-06,P009,2.1044974327087402,LSTM,Prediction,Train
2025-03-07,P009,2.1170308589935303,LSTM,Prediction,Train
2025-03-08,P009,2.1162426471710205,LSTM,Prediction,Train
2025-03-09,P009,2.1027050018310547,LSTM,Prediction,Train
2025-03-10,P009,2.0940983295440674,LSTM,Prediction,Train
2025-03-11,P009,2.100507974624634,LSTM,Prediction,Train
2025-03-12,P009,2.103641986846924,LSTM,Prediction,Train
2025-03-13,P009,2.1041882038116455,LSTM,Prediction,Train
2025-03-14,P009,2.115251302719116,LSTM,Prediction,Train
2025-03-15,P009,2.108950138092041,LSTM,Prediction,Train
2025-03-16,P009,2.105581760406494,LSTM,Prediction,Train
2025-03-17,P009,2.1074047088623047,LSTM,Prediction,Train
2025-03-18,P009,2.0939395427703857,LSTM,Prediction,Train
2025-03-19,P009,2.1189627647399902,LSTM,Prediction,Train
2025-03-20,P009,2.10548734664917,LSTM,Prediction,Train
2025-03-21,P009,2.1003780364990234,LSTM,Prediction,Train
2025-03-22,P009,2.0850000381469727,LSTM,Prediction,Train
2025-03-23,P009,2.1039013862609863,LSTM,Prediction,Train
2025-03-24,P009,2.100698947906494,LSTM,Prediction,Train
2025-03-25,P009,2.1069788932800293,LSTM,Prediction,Train
2025-03-26,P009,2.0988693237304688,LSTM,Prediction,Train
2025-03-27,P009,2.0964183807373047,LSTM,Prediction,Train
2025-03-28,P009,2.100897789001465,LSTM,Prediction,Train
2025-03-29,P009,2.105189085006714,LSTM,Prediction,Train
2025-03-30,P009,2.1097443103790283,LSTM,Prediction,Train
2025-03-31,P009,2.1014108657836914,LSTM,Prediction,Train
2025-04-01,P009,2.103344678878784,LSTM,Prediction,Train
2025-04-02,P009,2.1079418659210205,LSTM,Prediction,Train
2025-04-03,P009,2.1078615188598633,LSTM,Prediction,Train
2025-04-04,P009,2.105403423309326,LSTM,Prediction,Train
2025-04-05,P009,2.1046268939971924,LSTM,Prediction,Train
2025-04-06,P009,2.1026132106781006,LSTM,Prediction,Train
2025-04-07,P009,2.119744300842285,LSTM,Prediction,Train
2025-04-08,P009,2.091062307357788,LSTM,Prediction,Train
2025-04-09,P009,2.097174644470215,LSTM,Prediction,Train
2025-04-10,P009,2.10451602935791,LSTM,Prediction,Train
2025-04-11,P009,2.112325668334961,LSTM,Prediction,Train
2025-04-12,P009,2.1181766986846924,LSTM,Prediction,Train
2025-04-13,P009,2.1187832355499268,LSTM,Prediction,Train
2025-04-14,P009,2.105994701385498,LSTM,Prediction,Train
2025-04-15,P009,2.1057660579681396,LSTM,Prediction,Train
2025-04-16,P009,2.099666118621826,LSTM,Prediction,Train
2025-04-17,P009,2.090575933456421,LSTM,Prediction,Train
2025-04-18,P009,2.111706495285034,LSTM,Prediction,Train
2025-04-19,P009,2.1098947525024414,LSTM,Prediction,Train
2025-04-20,P009,2.11315655708313,LSTM,Prediction,Train
2025-04-21,P009,2.1170928478240967,LSTM,Prediction,Train
2025-04-22,P009,2.0971274375915527,LSTM,Prediction,Train
2025-04-23,P009,2.1065871715545654,LSTM,Prediction,Train
2025-04-24,P009,2.0986874103546143,LSTM,Prediction,Train
2025-04-25,P009,2.095487594604492,LSTM,Prediction,Train
2025-04-26,P009,2.101269006729126,LSTM,Prediction,Train
2025-04-27,P009,2.1118743419647217,LSTM,Prediction,Train
2025-04-28,P009,2.109524965286255,LSTM,Prediction,Train
2025-04-29,P009,2.100797414779663,LSTM,Prediction,Train
2025-04-30,P009,2.09601092338562,LSTM,Prediction,Train
2025-05-01,P009,2.1046619415283203,LSTM,Prediction,Train
2025-05-02,P009,2.0910067558288574,LSTM,Prediction,Train
2025-05-03,P009,2.0997045040130615,LSTM,Prediction,Train
2025-05-04,P009,2.127089023590088,LSTM,Prediction,Train
2025-05-05,P009,2.1117706298828125,LSTM,Prediction,Train
2025-05-06,P009,2.099907636642456,LSTM,Prediction,Train
2025-05-07,P009,2.092707633972168,LSTM,Prediction,Train
2025-05-08,P009,2.1192221641540527,LSTM,Prediction,Train
2025-05-09,P009,2.1100735664367676,LSTM,Prediction,Train
2025-05-10,P009,2.1050281524658203,LSTM,Prediction,Train
2025-05-11,P009,2.10848331451416,LSTM,Prediction,Train
2025-05-12,P009,2.1302614212036133,LSTM,Prediction,Train
2025-05-13,P009,2.1112875938415527,LSTM,Prediction,Train
2025-05-14,P009,2.1013147830963135,LSTM,Prediction,Train
2025-05-15,P009,2.1102163791656494,LSTM,Prediction,Train
2025-05-16,P009,2.0978145599365234,LSTM,Prediction,Train
2025-05-17,P009,2.1154744625091553,LSTM,Prediction,Train
2025-05-18,P009,2.110100030899048,LSTM,Prediction,Train
2025-05-19,P009,2.100332021713257,LSTM,Prediction,Train
2025-05-20,P009,2.09089994430542,LSTM,Prediction,Train
2025-05-21,P009,2.114450216293335,LSTM,Prediction,Train
2025-05-22,P009,2.100130796432495,LSTM,Prediction,Train
2025-05-23,P009,2.1026499271392822,LSTM,Prediction,Train
2025-05-24,P009,2.1153743267059326,LSTM,Prediction,Train
2025-05-25,P009,2.1172125339508057,LSTM,Prediction,Train
2025-05-26,P009,2.1169629096984863,LSTM,Prediction,Train
2025-05-27,P009,2.1267340183258057,LSTM,Prediction,Train
2025-05-28,P009,2.100311756134033,LSTM,Prediction,Train
2025-05-29,P009,2.1013951301574707,LSTM,Prediction,Train
2025-05-30,P009,2.092252492904663,LSTM,Prediction,Train
2025-05-31,P009,2.1089205741882324,LSTM,Prediction,Train
2025-06-01,P009,2.1145708560943604,LSTM,Prediction,Train
2025-06-02,P009,2.109591007232666,LSTM,Prediction,Train
2025-06-03,P009,2.0966908931732178,LSTM,Prediction,Train
2025-06-04,P009,2.1010916233062744,LSTM,Prediction,Train
2025-06-05,P009,2.1060712337493896,LSTM,Prediction,Train
2025-06-06,P009,2.105459690093994,LSTM,Prediction,Train
2025-06-07,P009,2.1053576469421387,LSTM,Prediction,Train
2025-06-08,P009,2.1095941066741943,LSTM,Prediction,Train
2025-06-09,P009,2.0979831218719482,LSTM,Prediction,Train
2025-06-10,P009,2.112043619155884,LSTM,Prediction,Train
2025-06-11,P009,2.1171932220458984,LSTM,Prediction,Train
2025-06-12,P009,2.1067776679992676,LSTM,Prediction,Train
2025-06-13,P009,2.1042728424072266,LSTM,Prediction,Train
2025-06-14,P009,2.098956823348999,LSTM,Prediction,Train
2025-06-15,P009,2.10957932472229,LSTM,Prediction,Train
2025-06-16,P009,2.1092522144317627,LSTM,Prediction,Train
2025-06-17,P009,2.0948612689971924,LSTM,Prediction,Train
2025-06-18,P009,2.1038262844085693,LSTM,Prediction,Train
2025-06-19,P009,2.095702886581421,LSTM,Prediction,Train
2025-06-20,P009,2.1056923866271973,LSTM,Prediction,Train
2025-06-21,P009,2.1038479804992676,LSTM,Prediction,Train
2025-06-22,P009,2.110297203063965,LSTM,Prediction,Train
2025-06-23,P009,2.1199324131011963,LSTM,Prediction,Train
2025-06-24,P009,2.116698980331421,LSTM,Prediction,Train
2025-06-25,P009,2.108142375946045,LSTM,Prediction,Train
2025-06-26,P009,2.1022071838378906,LSTM,Prediction,Train
2025-06-27,P009,2.104550838470459,LSTM,Prediction,Train
2025-06-28,P009,2.109259843826294,LSTM,Prediction,Train
2025-06-29,P009,2.0970234870910645,LSTM,Prediction,Train
2025-06-30,P009,2.115598440170288,LSTM,Prediction,Train
2025-07-01,P009,2.088066339492798,LSTM,Prediction,Train
2025-07-02,P009,2.115959882736206,LSTM,Prediction,Train
2025-07-03,P009,2.0993995666503906,LSTM,Prediction,Train
2025-07-04,P009,2.0870351791381836,LSTM,Prediction,Train
2025-07-05,P009,2.0831305980682373,LSTM,Prediction,Train
2025-07-06,P009,2.112337112426758,LSTM,Prediction,Train
2025-07-07,P009,2.110790491104126,LSTM,Prediction,Train
2025-07-08,P009,2.0957202911376953,LSTM,Prediction,Train
2025-07-09,P009,2.1155498027801514,LSTM,Prediction,Train
2025-07-10,P009,2.101835012435913,LSTM,Prediction,Train
2025-07-11,P009,2.10914945602417,LSTM,Prediction,Train
2025-07-12,P009,2.115554094314575,LSTM,Prediction,Train
2025-07-13,P009,2.117476463317871,LSTM,Prediction,Train
2025-07-14,P009,2.1116509437561035,LSTM,Prediction,Train
2025-07-15,P009,2.1138534545898438,LSTM,Prediction,Train
2025-07-16,P009,2.0920755863189697,LSTM,Prediction,Train
2025-07-17,P009,2.1177382469177246,LSTM,Prediction,Train
2025-07-18,P009,2.098616123199463,LSTM,Prediction,Train
2025-07-19,P009,2.1070070266723633,LSTM,Prediction,Train
2025-07-20,P009,2.11541748046875,LSTM,Prediction,Train
2025-07-21,P009,2.1140646934509277,LSTM,Prediction,Train
2025-07-22,P009,2.0630085468292236,LSTM,Prediction,Train
2025-07-23,P009,2.107114315032959,LSTM,Prediction,Train
2025-07-24,P009,2.111511707305908,LSTM,Prediction,Train
2025-07-25,P009,2.1028363704681396,LSTM,Prediction,Train
2025-07-26,P009,2.101144790649414,LSTM,Prediction,Train
2025-07-27,P009,2.1105453968048096,LSTM,Prediction,Train
2025-07-28,P009,2.114354372024536,LSTM,Prediction,Train
2025-07-29,P009,2.1209678649902344,LSTM,Prediction,Train
2025-07-30,P009,2.1187875270843506,LSTM,Prediction,Train
2025-07-31,P009,2.106874704360962,LSTM,Prediction,Train
2025-08-01,P009,2.1078648567199707,LSTM,Prediction,Train
2025-08-02,P009,2.0971198081970215,LSTM,Prediction,Train
2025-08-03,P009,2.1048057079315186,LSTM,Prediction,Train
2025-08-04,P009,2.110039472579956,LSTM,Prediction,Train
2025-08-05,P009,2.102517604827881,LSTM,Prediction,Train
2025-08-06,P009,2.0962374210357666,LSTM,Prediction,Train
2025-08-07,P009,2.1199605464935303,LSTM,Prediction,Train
2025-08-08,P009,2.1006858348846436,LSTM,Prediction,Train
2025-08-09,P009,2.106600284576416,LSTM,Prediction,Train
2025-08-10,P009,2.1135175228118896,LSTM,Prediction,Train
2025-08-11,P009,2.1076202392578125,LSTM,Prediction,Train
2025-08-12,P009,2.104841947555542,LSTM,Prediction,Train
2025-08-13,P009,2.096588134765625,LSTM,Prediction,Train
2025-08-14,P009,2.1106905937194824,LSTM,Prediction,Train
2025-08-15,P009,2.109893321990967,LSTM,Prediction,Train
2025-08-16,P009,2.113051176071167,LSTM,Prediction,Train
2025-08-17,P009,2.1012396812438965,LSTM,Prediction,Train
2025-08-18,P009,2.1031112670898438,LSTM,Prediction,Train
2025-08-19,P009,2.122448205947876,LSTM,Prediction,Train
2025-08-20,P009,2.116039752960205,LSTM,Prediction,Train
2025-08-21,P009,2.099538803100586,LSTM,Prediction,Train
2025-08-22,P009,2.1090426445007324,LSTM,Prediction,Train
2025-08-23,P009,2.1079914569854736,LSTM,Prediction,Train
2025-08-24,P009,2.1025779247283936,LSTM,Prediction,Train
2025-08-25,P009,2.0790162086486816,LSTM,Prediction,Train
2025-08-26,P009,2.0860178470611572,LSTM,Prediction,Train
2025-08-27,P009,2.104552984237671,LSTM,Prediction,Train
2025-08-28,P009,2.0956926345825195,LSTM,Prediction,Train
2025-08-29,P009,2.101280689239502,LSTM,Prediction,Train
2025-08-30,P009,2.082932710647583,LSTM,Prediction,Train
2025-08-31,P009,2.0901997089385986,LSTM,Prediction,Train
2025-09-01,P009,2.1179935932159424,LSTM,Prediction,Train
2025-09-02,P009,2.0942351818084717,LSTM,Prediction,Train
2025-09-03,P009,2.095874786376953,LSTM,Prediction,Train
2025-09-04,P009,2.128929376602173,LSTM,Prediction,Train
2025-09-05,P009,2.098987102508545,LSTM,Prediction,Train
2025-09-06,P009,2.104701519012451,LSTM,Prediction,Train
2025-09-07,P009,2.0939881801605225,LSTM,Prediction,Train
2025-09-08,P009,2.103656053543091,LSTM,Prediction,Train
2025-09-09,P009,2.0965309143066406,LSTM,Prediction,Train
2025-09-10,P009,2.105807304382324,LSTM,Prediction,Train
2025-09-11,P009,2.1070406436920166,LSTM,Prediction,Train
2025-09-12,P009,2.0995805263519287,LSTM,Prediction,Train
2025-09-13,P009,2.108212947845459,LSTM,Prediction,Train
2025-09-14,P009,2.0995829105377197,LSTM,Prediction,Train
2025-01-08,P010,2.0830800533294678,LSTM,Prediction,Train
2025-01-09,P010,2.094341278076172,LSTM,Prediction,Train
2025-01-10,P010,2.104292869567871,LSTM,Prediction,Train
2025-01-11,P010,2.0971972942352295,LSTM,Prediction,Train
2025-01-12,P010,2.08406400680542,LSTM,Prediction,Train
2025-01-13,P010,2.0887460708618164,LSTM,Prediction,Train
2025-01-14,P010,2.0973408222198486,LSTM,Prediction,Train
2025-01-15,P010,2.097031831741333,LSTM,Prediction,Train
2025-01-16,P010,2.106719493865967,LSTM,Prediction,Train
2025-01-17,P010,2.1071834564208984,LSTM,Prediction,Train
2025-01-18,P010,2.0923259258270264,LSTM,Prediction,Train
2025-01-19,P010,2.091773748397827,LSTM,Prediction,Train
2025-01-20,P010,2.0904717445373535,LSTM,Prediction,Train
2025-01-21,P010,2.0971732139587402,LSTM,Prediction,Train
2025-01-22,P010,2.101970911026001,LSTM,Prediction,Train
2025-01-23,P010,2.107381582260132,LSTM,Prediction,Train
2025-01-24,P010,2.0850491523742676,LSTM,Prediction,Train
2025-01-25,P010,2.1020641326904297,LSTM,Prediction,Train
2025-01-26,P010,2.1087429523468018,LSTM,Prediction,Train
2025-01-27,P010,2.1060705184936523,LSTM,Prediction,Train
2025-01-28,P010,2.1068801879882812,LSTM,Prediction,Train
2025-01-29,P010,2.0938451290130615,LSTM,Prediction,Train
2025-01-30,P010,2.095996618270874,LSTM,Prediction,Train
2025-01-31,P010,2.1010990142822266,LSTM,Prediction,Train
2025-02-01,P010,2.0827484130859375,LSTM,Prediction,Train
2025-02-02,P010,2.0918753147125244,LSTM,Prediction,Train
2025-02-03,P010,2.0988917350769043,LSTM,Prediction,Train
2025-02-04,P010,2.099234104156494,LSTM,Prediction,Train
2025-02-05,P010,2.089693307876587,LSTM,Prediction,Train
2025-02-06,P010,2.107342481613159,LSTM,Prediction,Train
2025-02-07,P010,2.094637155532837,LSTM,Prediction,Train
2025-02-08,P010,2.0565872192382812,LSTM,Prediction,Train
2025-02-09,P010,2.1020607948303223,LSTM,Prediction,Train
2025-02-10,P010,2.0896999835968018,LSTM,Prediction,Train
2025-02-11,P010,2.09417986869812,LSTM,Prediction,Train
2025-02-12,P010,2.0988848209381104,LSTM,Prediction,Train
2025-02-13,P010,2.1016628742218018,LSTM,Prediction,Train
2025-02-14,P010,2.0888113975524902,LSTM,Prediction,Train
2025-02-15,P010,2.0989248752593994,LSTM,Prediction,Train
2025-02-16,P010,2.092910051345825,LSTM,Prediction,Train
2025-02-17,P010,2.085205078125,LSTM,Prediction,Train
2025-02-18,P010,2.1006176471710205,LSTM,Prediction,Train
2025-02-19,P010,2.0853207111358643,LSTM,Prediction,Train
2025-02-20,P010,2.1072866916656494,LSTM,Prediction,Train
2025-02-21,P010,2.1002755165100098,LSTM,Prediction,Train
2025-02-22,P010,2.094420909881592,LSTM,Prediction,Train
2025-02-23,P010,2.098137378692627,LSTM,Prediction,Train
2025-02-24,P010,2.0850741863250732,LSTM,Prediction,Train
2025-02-25,P010,2.099421501159668,LSTM,Prediction,Train
2025-02-26,P010,2.096449375152588,LSTM,Prediction,Train
2025-02-27,P010,2.0901923179626465,LSTM,Prediction,Train
2025-02-28,P010,2.083477020263672,LSTM,Prediction,Train
2025-03-01,P010,2.0905771255493164,LSTM,Prediction,Train
2025-03-02,P010,2.0932412147521973,LSTM,Prediction,Train
2025-03-03,P010,2.0944504737854004,LSTM,Prediction,Train
2025-03-04,P010,2.0797886848449707,LSTM,Prediction,Train
2025-03-05,P010,2.0958831310272217,LSTM,Prediction,Train
2025-03-06,P010,2.0929336547851562,LSTM,Prediction,Train
2025-03-07,P010,2.1058578491210938,LSTM,Prediction,Train
2025-03-08,P010,2.101510524749756,LSTM,Prediction,Train
2025-03-09,P010,2.0917575359344482,LSTM,Prediction,Train
2025-03-10,P010,2.0845677852630615,LSTM,Prediction,Train
2025-03-11,P010,2.089141607284546,LSTM,Prediction,Train
2025-03-12,P010,2.093219757080078,LSTM,Prediction,Train
2025-03-13,P010,2.09403657913208,LSTM,Prediction,Train
2025-03-14,P010,2.1009631156921387,LSTM,Prediction,Train
2025-03-15,P010,2.0974109172821045,LSTM,Prediction,Train
2025-03-16,P010,2.0946688652038574,LSTM,Prediction,Train
2025-03-17,P010,2.0970568656921387,LSTM,Prediction,Train
2025-03-18,P010,2.0860469341278076,LSTM,Prediction,Train
2025-03-19,P010,2.1027309894561768,LSTM,Prediction,Train
2025-03-20,P010,2.095677614212036,LSTM,Prediction,Train
2025-03-21,P010,2.0914835929870605,LSTM,Prediction,Train
2025-03-22,P010,2.0785956382751465,LSTM,Prediction,Train
2025-03-23,P010,2.0954394340515137,LSTM,Prediction,Train
2025-03-24,P010,2.0899436473846436,LSTM,Prediction,Train
2025-03-25,P010,2.099222183227539,LSTM,Prediction,Train
2025-03-26,P010,2.0816099643707275,LSTM,Prediction,Train
2025-03-27,P010,2.089311361312866,LSTM,Prediction,Train
2025-03-28,P010,2.0910115242004395,LSTM,Prediction,Train
2025-03-29,P010,2.0959925651550293,LSTM,Prediction,Train
2025-03-30,P010,2.094850540161133,LSTM,Prediction,Train
2025-03-31,P010,2.0937869548797607,LSTM,Prediction,Train
2025-04-01,P010,2.0934767723083496,LSTM,Prediction,Train
2025-04-02,P010,2.0978598594665527,LSTM,Prediction,Train
2025-04-03,P010,2.0935559272766113,LSTM,Prediction,Train
2025-04-04,P010,2.0975453853607178,LSTM,Prediction,Train
2025-04-05,P010,2.095339059829712,LSTM,Prediction,Train
2025-04-06,P010,2.0909571647644043,LSTM,Prediction,Train
2025-04-07,P010,2.1063570976257324,LSTM,Prediction,Train
2025-04-08,P010,2.083954334259033,LSTM,Prediction,Train
2025-04-09,P010,2.0891642570495605,LSTM,Prediction,Train
2025-04-10,P010,2.094580888748169,LSTM,Prediction,Train
2025-04-11,P010,2.102076768875122,LSTM,Prediction,Train
2025-04-12,P010,2.103233575820923,LSTM,Prediction,Train
2025-04-13,P010,2.10664963722229,LSTM,Prediction,Train
2025-04-14,P010,2.0921308994293213,LSTM,Prediction,Train
2025-04-15,P010,2.096092462539673,LSTM,Prediction,Train
2025-04-16,P010,2.0884132385253906,LSTM,Prediction,Train
2025-04-17,P010,2.084162712097168,LSTM,Prediction,Train
2025-04-18,P010,2.1007044315338135,LSTM,Prediction,Train
2025-04-19,P010,2.0991411209106445,LSTM,Prediction,Train
2025-04-20,P010,2.1008758544921875,LSTM,Prediction,Train
2025-04-21,P010,2.10414719581604,LSTM,Prediction,Train
2025-04-22,P010,2.0880279541015625,LSTM,Prediction,Train
2025-04-23,P010,2.09183406829834,LSTM,Prediction,Train
2025-04-24,P010,2.091034173965454,LSTM,Prediction,Train
2025-04-25,P010,2.08773136138916,LSTM,Prediction,Train
2025-04-26,P010,2.0917410850524902,LSTM,Prediction,Train
2025-04-27,P010,2.098411798477173,LSTM,Prediction,Train
2025-04-28,P010,2.097262144088745,LSTM,Prediction,Train
2025-04-29,P010,2.0909602642059326,LSTM,Prediction,Train
2025-04-30,P010,2.085010290145874,LSTM,Prediction,Train
2025-05-01,P010,2.0938124656677246,LSTM,Prediction,Train
2025-05-02,P010,2.081181287765503,LSTM,Prediction,Train
2025-05-03,P010,2.0882859230041504,LSTM,Prediction,Train
2025-05-04,P010,2.1036901473999023,LSTM,Prediction,Train
2025-05-05,P010,2.1010231971740723,LSTM,Prediction,Train
2025-05-06,P010,2.0899033546447754,LSTM,Prediction,Train
2025-05-07,P010,2.0854439735412598,LSTM,Prediction,Train
2025-05-08,P010,2.103437662124634,LSTM,Prediction,Train
2025-05-09,P010,2.0990121364593506,LSTM,Prediction,Train
2025-05-10,P010,2.094484806060791,LSTM,Prediction,Train
2025-05-11,P010,2.093916177749634,LSTM,Prediction,Train
2025-05-12,P010,2.1115994453430176,LSTM,Prediction,Train
2025-05-13,P010,2.1000235080718994,LSTM,Prediction,Train
2025-05-14,P010,2.0923948287963867,LSTM,Prediction,Train
2025-05-15,P010,2.100621461868286,LSTM,Prediction,Train
2025-05-16,P010,2.090394973754883,LSTM,Prediction,Train
2025-05-17,P010,2.103577136993408,LSTM,Prediction,Train
2025-05-18,P010,2.092193841934204,LSTM,Prediction,Train
2025-05-19,P010,2.0938055515289307,LSTM,Prediction,Train
2025-05-20,P010,2.0841667652130127,LSTM,Prediction,Train
2025-05-21,P010,2.1026434898376465,LSTM,Prediction,Train
2025-05-22,P010,2.0908212661743164,LSTM,Prediction,Train
2025-05-23,P010,2.0898680686950684,LSTM,Prediction,Train
2025-05-24,P010,2.1022560596466064,LSTM,Prediction,Train
2025-05-25,P010,2.101860523223877,LSTM,Prediction,Train
2025-05-26,P010,2.101297616958618,LSTM,Prediction,Train
2025-05-27,P010,2.1073880195617676,LSTM,Prediction,Train
2025-05-28,P010,2.0897462368011475,LSTM,Prediction,Train
2025-05-29,P010,2.0932750701904297,LSTM,Prediction,Train
2025-05-30,P010,2.0847418308258057,LSTM,Prediction,Train
2025-05-31,P010,2.0981688499450684,LSTM,Prediction,Train
2025-06-01,P010,2.098656177520752,LSTM,Prediction,Train
2025-06-02,P010,2.096421003341675,LSTM,Prediction,Train
2025-06-03,P010,2.0866801738739014,LSTM,Prediction,Train
2025-06-04,P010,2.0891804695129395,LSTM,Prediction,Train
2025-06-05,P010,2.092432737350464,LSTM,Prediction,Train
2025-06-06,P010,2.0952415466308594,LSTM,Prediction,Train
2025-06-07,P010,2.095769166946411,LSTM,Prediction,Train
2025-06-08,P010,2.096487283706665,LSTM,Prediction,Train
2025-06-09,P010,2.0907070636749268,LSTM,Prediction,Train
2025-06-10,P010,2.102466344833374,LSTM,Prediction,Train
2025-06-11,P010,2.1052908897399902,LSTM,Prediction,Train
2025-06-12,P010,2.0962424278259277,LSTM,Prediction,Train
2025-06-13,P010,2.0948476791381836,LSTM,Prediction,Train
2025-06-14,P010,2.084721803665161,LSTM,Prediction,Train
2025-06-15,P010,2.0968456268310547,LSTM,Prediction,Train
2025-06-16,P010,2.0975496768951416,LSTM,Prediction,Train
2025-06-17,P010,2.0839436054229736,LSTM,Prediction,Train
2025-06-18,P010,2.0907862186431885,LSTM,Prediction,Train
2025-06-19,P010,2.0893774032592773,LSTM,Prediction,Train
2025-06-20,P010,2.095059394836426,LSTM,Prediction,Train
2025-06-21,P010,2.0921926498413086,LSTM,Prediction,Train
2025-06-22,P010,2.0997979640960693,LSTM,Prediction,Train
2025-06-23,P010,2.1052708625793457,LSTM,Prediction,Train
2025-06-24,P010,2.1017181873321533,LSTM,Prediction,Train
2025-06-25,P010,2.0950865745544434,LSTM,Prediction,Train
2025-06-26,P010,2.0918970108032227,LSTM,Prediction,Train
2025-06-27,P010,2.094055652618408,LSTM,Prediction,Train
2025-06-28,P010,2.0990653038024902,LSTM,Prediction,Train
2025-06-29,P010,2.088912010192871,LSTM,Prediction,Train
2025-06-30,P010,2.1020898818969727,LSTM,Prediction,Train
2025-07-01,P010,2.079723358154297,LSTM,Prediction,Train
2025-07-02,P010,2.102593421936035,LSTM,Prediction,Train
2025-07-03,P010,2.0902676582336426,LSTM,Prediction,Train
2025-07-04,P010,2.079690933227539,LSTM,Prediction,Train
2025-07-05,P010,2.0771212577819824,LSTM,Prediction,Train
2025-07-06,P010,2.101731300354004,LSTM,Prediction,Train
2025-07-07,P010,2.099637746810913,LSTM,Prediction,Train
2025-07-08,P010,2.086449146270752,LSTM,Prediction,Train
2025-07-09,P010,2.1034770011901855,LSTM,Prediction,Train
2025-07-10,P010,2.0910985469818115,LSTM,Prediction,Train
2025-07-11,P010,2.096207857131958,LSTM,Prediction,Train
2025-07-12,P010,2.1012048721313477,LSTM,Prediction,Train
2025-07-13,P010,2.102966070175171,LSTM,Prediction,Train
2025-07-14,P010,2.1000168323516846,LSTM,Prediction,Train
2025-07-15,P010,2.102064609527588,LSTM,Prediction,Train
2025-07-16,P010,2.0830414295196533,LSTM,Prediction,Train
2025-07-17,P010,2.1051197052001953,LSTM,Prediction,Train
2025-07-18,P010,2.089041233062744,LSTM,Prediction,Train
2025-07-19,P010,2.096222400665283,LSTM,Prediction,Train
2025-07-20,P010,2.1034061908721924,LSTM,Prediction,Train
2025-07-21,P010,2.098360776901245,LSTM,Prediction,Train
2025-07-22,P010,2.05720591545105,LSTM,Prediction,Train
2025-07-23,P010,2.0960075855255127,LSTM,Prediction,Train
2025-07-24,P010,2.1014087200164795,LSTM,Prediction,Train
2025-07-25,P010,2.08790922164917,LSTM,Prediction,Train
2025-07-26,P010,2.0920896530151367,LSTM,Prediction,Train
2025-07-27,P010,2.0999348163604736,LSTM,Prediction,Train
2025-07-28,P010,2.1002979278564453,LSTM,Prediction,Train
2025-07-29,P010,2.1044092178344727,LSTM,Prediction,Train
2025-07-30,P010,2.1050753593444824,LSTM,Prediction,Train
2025-07-31,P010,2.0954291820526123,LSTM,Prediction,Train
2025-08-01,P010,2.097352981567383,LSTM,Prediction,Train
2025-08-02,P010,2.089102268218994,LSTM,Prediction,Train
2025-08-03,P010,2.0939927101135254,LSTM,Prediction,Train
2025-08-04,P010,2.0982706546783447,LSTM,Prediction,Train
2025-08-05,P010,2.09283709526062,LSTM,Prediction,Train
2025-08-06,P010,2.087456464767456,LSTM,Prediction,Train
2025-08-07,P010,2.1076619625091553,LSTM,Prediction,Train
2025-08-08,P010,2.0907514095306396,LSTM,Prediction,Train
2025-08-09,P010,2.0957438945770264,LSTM,Prediction,Train
2025-08-10,P010,2.0959599018096924,LSTM,Prediction,Train
2025-08-11,P010,2.095776081085205,LSTM,Prediction,Train
2025-08-12,P010,2.0932276248931885,LSTM,Prediction,Train
2025-08-13,P010,2.089813232421875,LSTM,Prediction,Train
2025-08-14,P010,2.1002542972564697,LSTM,Prediction,Train
2025-08-15,P010,2.09786057472229,LSTM,Prediction,Train
2025-08-16,P010,2.101322889328003,LSTM,Prediction,Train
2025-08-17,P010,2.0914390087127686,LSTM,Prediction,Train
2025-08-18,P010,2.0889804363250732,LSTM,Prediction,Train
2025-08-19,P010,2.1041996479034424,LSTM,Prediction,Train
2025-08-20,P010,2.1004092693328857,LSTM,Prediction,Train
2025-08-21,P010,2.089528799057007,LSTM,Prediction,Train
2025-08-22,P010,2.097346544265747,LSTM,Prediction,Train
2025-08-23,P010,2.099308729171753,LSTM,Prediction,Train
2025-08-24,P010,2.0950379371643066,LSTM,Prediction,Train
2025-08-25,P010,2.0731730461120605,LSTM,Prediction,Train
2025-08-26,P010,2.0795881748199463,LSTM,Prediction,Train
2025-08-27,P010,2.095449686050415,LSTM,Prediction,Train
2025-08-28,P010,2.0867035388946533,LSTM,Prediction,Train
2025-08-29,P010,2.093393564224243,LSTM,Prediction,Train
2025-08-30,P010,2.076810598373413,LSTM,Prediction,Train
2025-08-31,P010,2.0834755897521973,LSTM,Prediction,Train
2025-09-01,P010,2.1026594638824463,LSTM,Prediction,Train
2025-09-02,P010,2.0860211849212646,LSTM,Prediction,Train
2025-09-03,P010,2.0867772102355957,LSTM,Prediction,Train
2025-09-04,P010,2.1037118434906006,LSTM,Prediction,Train
2025-09-05,P010,2.09428071975708,LSTM,Prediction,Train
2025-09-06,P010,2.0916225910186768,LSTM,Prediction,Train
2025-09-07,P010,2.0860962867736816,LSTM,Prediction,Train
2025-09-08,P010,2.094184398651123,LSTM,Prediction,Train
2025-09-09,P010,2.0874812602996826,LSTM,Prediction,Train
2025-09-10,P010,2.095782518386841,LSTM,Prediction,Train
2025-09-11,P010,2.094189167022705,LSTM,Prediction,Train
2025-09-12,P010,2.089158058166504,LSTM,Prediction,Train
2025-09-13,P010,2.0977213382720947,LSTM,Prediction,Train
2025-09-14,P010,2.0905158519744873,LSTM,Prediction,Train
2025-01-08,P011,2.136690139770508,LSTM,Prediction,Train
2025-01-09,P011,2.152022361755371,LSTM,Prediction,Train
2025-01-10,P011,2.1617414951324463,LSTM,Prediction,Train
2025-01-11,P011,2.152853488922119,LSTM,Prediction,Train
2025-01-12,P011,2.1387386322021484,LSTM,Prediction,Train
2025-01-13,P011,2.141918897628784,LSTM,Prediction,Train
2025-01-14,P011,2.1537904739379883,LSTM,Prediction,Train
2025-01-15,P011,2.1518807411193848,LSTM,Prediction,Train
2025-01-16,P011,2.161656379699707,LSTM,Prediction,Train
2025-01-17,P011,2.1652424335479736,LSTM,Prediction,Train
2025-01-18,P011,2.148205041885376,LSTM,Prediction,Train
2025-01-19,P011,2.146951198577881,LSTM,Prediction,Train
2025-01-20,P011,2.1451807022094727,LSTM,Prediction,Train
2025-01-21,P011,2.1525471210479736,LSTM,Prediction,Train
2025-01-22,P011,2.156698226928711,LSTM,Prediction,Train
2025-01-23,P011,2.167691469192505,LSTM,Prediction,Train
2025-01-24,P011,2.139225959777832,LSTM,Prediction,Train
2025-01-25,P011,2.160189390182495,LSTM,Prediction,Train
2025-01-26,P011,2.169421672821045,LSTM,Prediction,Train
2025-01-27,P011,2.1607418060302734,LSTM,Prediction,Train
2025-01-28,P011,2.165802478790283,LSTM,Prediction,Train
2025-01-29,P011,2.150547981262207,LSTM,Prediction,Train
2025-01-30,P011,2.1579766273498535,LSTM,Prediction,Train
2025-01-31,P011,2.157033681869507,LSTM,Prediction,Train
2025-02-01,P011,2.1399312019348145,LSTM,Prediction,Train
2025-02-02,P011,2.149341106414795,LSTM,Prediction,Train
2025-02-03,P011,2.1556997299194336,LSTM,Prediction,Train
2025-02-04,P011,2.155808687210083,LSTM,Prediction,Train
2025-02-05,P011,2.1464929580688477,LSTM,Prediction,Train
2025-02-06,P011,2.1646738052368164,LSTM,Prediction,Train
2025-02-07,P011,2.1494712829589844,LSTM,Prediction,Train
2025-02-08,P011,2.1066057682037354,LSTM,Prediction,Train
2025-02-09,P011,2.1576905250549316,LSTM,Prediction,Train
2025-02-10,P011,2.1444296836853027,LSTM,Prediction,Train
2025-02-11,P011,2.150050163269043,LSTM,Prediction,Train
2025-02-12,P011,2.1556003093719482,LSTM,Prediction,Train
2025-02-13,P011,2.1610448360443115,LSTM,Prediction,Train
2025-02-14,P011,2.1452977657318115,LSTM,Prediction,Train
2025-02-15,P011,2.154672145843506,LSTM,Prediction,Train
2025-02-16,P011,2.1483206748962402,LSTM,Prediction,Train
2025-02-17,P011,2.139587163925171,LSTM,Prediction,Train
2025-02-18,P011,2.157472610473633,LSTM,Prediction,Train
2025-02-19,P011,2.138227939605713,LSTM,Prediction,Train
2025-02-20,P011,2.1679208278656006,LSTM,Prediction,Train
2025-02-21,P011,2.1562235355377197,LSTM,Prediction,Train
2025-02-22,P011,2.1497890949249268,LSTM,Prediction,Train
2025-02-23,P011,2.1539740562438965,LSTM,Prediction,Train
2025-02-24,P011,2.1406030654907227,LSTM,Prediction,Train
2025-02-25,P011,2.154452085494995,LSTM,Prediction,Train
2025-02-26,P011,2.1528356075286865,LSTM,Prediction,Train
2025-02-27,P011,2.145746946334839,LSTM,Prediction,Train
2025-02-28,P011,2.1380629539489746,LSTM,Prediction,Train
2025-03-01,P011,2.1436848640441895,LSTM,Prediction,Train
2025-03-02,P011,2.147508144378662,LSTM,Prediction,Train
2025-03-03,P011,2.1504623889923096,LSTM,Prediction,Train
2025-03-04,P011,2.136819839477539,LSTM,Prediction,Train
2025-03-05,P011,2.1528913974761963,LSTM,Prediction,Train
2025-03-06,P011,2.147263526916504,LSTM,Prediction,Train
2025-03-07,P011,2.1630709171295166,LSTM,Prediction,Train
2025-03-08,P011,2.159465789794922,LSTM,Prediction,Train
2025-03-09,P011,2.150510787963867,LSTM,Prediction,Train
2025-03-10,P011,2.143721580505371,LSTM,Prediction,Train
2025-03-11,P011,2.1463890075683594,LSTM,Prediction,Train
2025-03-12,P011,2.148306369781494,LSTM,Prediction,Train
2025-03-13,P011,2.1502716541290283,LSTM,Prediction,Train
2025-03-14,P011,2.1556155681610107,LSTM,Prediction,Train
2025-03-15,P011,2.156832456588745,LSTM,Prediction,Train
2025-03-16,P011,2.1522254943847656,LSTM,Prediction,Train
2025-03-17,P011,2.153524160385132,LSTM,Prediction,Train
2025-03-18,P011,2.1417438983917236,LSTM,Prediction,Train
2025-03-19,P011,2.1609106063842773,LSTM,Prediction,Train
2025-03-20,P011,2.1545491218566895,LSTM,Prediction,Train
2025-03-21,P011,2.145805597305298,LSTM,Prediction,Train
2025-03-22,P011,2.1330995559692383,LSTM,Prediction,Train
2025-03-23,P011,2.1496329307556152,LSTM,Prediction,Train
2025-03-24,P011,2.1452839374542236,LSTM,Prediction,Train
2025-03-25,P011,2.1562442779541016,LSTM,Prediction,Train
2025-03-26,P011,2.1416149139404297,LSTM,Prediction,Train
2025-03-27,P011,2.143378257751465,LSTM,Prediction,Train
2025-03-28,P011,2.1479907035827637,LSTM,Prediction,Train
2025-03-29,P011,2.1504650115966797,LSTM,Prediction,Train
2025-03-30,P011,2.150782346725464,LSTM,Prediction,Train
2025-03-31,P011,2.1488027572631836,LSTM,Prediction,Train
2025-04-01,P011,2.1463258266448975,LSTM,Prediction,Train
2025-04-02,P011,2.154959201812744,LSTM,Prediction,Train
2025-04-03,P011,2.1515398025512695,LSTM,Prediction,Train
2025-04-04,P011,2.151610851287842,LSTM,Prediction,Train
2025-04-05,P011,2.1500563621520996,LSTM,Prediction,Train
2025-04-06,P011,2.1511175632476807,LSTM,Prediction,Train
2025-04-07,P011,2.165494441986084,LSTM,Prediction,Train
2025-04-08,P011,2.137880802154541,LSTM,Prediction,Train
2025-04-09,P011,2.142822027206421,LSTM,Prediction,Train
2025-04-10,P011,2.1509597301483154,LSTM,Prediction,Train
2025-04-11,P011,2.156921148300171,LSTM,Prediction,Train
2025-04-12,P011,2.162562131881714,LSTM,Prediction,Train
2025-04-13,P011,2.164764404296875,LSTM,Prediction,Train
2025-04-14,P011,2.1503100395202637,LSTM,Prediction,Train
2025-04-15,P011,2.151458740234375,LSTM,Prediction,Train
2025-04-16,P011,2.144008159637451,LSTM,Prediction,Train
2025-04-17,P011,2.136756181716919,LSTM,Prediction,Train
2025-04-18,P011,2.1563010215759277,LSTM,Prediction,Train
2025-04-19,P011,2.1545498371124268,LSTM,Prediction,Train
2025-04-20,P011,2.157757520675659,LSTM,Prediction,Train
2025-04-21,P011,2.1628403663635254,LSTM,Prediction,Train
2025-04-22,P011,2.142180919647217,LSTM,Prediction,Train
2025-04-23,P011,2.148571014404297,LSTM,Prediction,Train
2025-04-24,P011,2.147496223449707,LSTM,Prediction,Train
2025-04-25,P011,2.140284538269043,LSTM,Prediction,Train
2025-04-26,P011,2.146505832672119,LSTM,Prediction,Train
2025-04-27,P011,2.1541976928710938,LSTM,Prediction,Train
2025-04-28,P011,2.1582541465759277,LSTM,Prediction,Train
2025-04-29,P011,2.144327163696289,LSTM,Prediction,Train
2025-04-30,P011,2.1394269466400146,LSTM,Prediction,Train
2025-05-01,P011,2.150383472442627,LSTM,Prediction,Train
2025-05-02,P011,2.138359308242798,LSTM,Prediction,Train
2025-05-03,P011,2.144364356994629,LSTM,Prediction,Train
2025-05-04,P011,2.166133165359497,LSTM,Prediction,Train
2025-05-05,P011,2.1575822830200195,LSTM,Prediction,Train
2025-05-06,P011,2.1450798511505127,LSTM,Prediction,Train
2025-05-07,P011,2.13865327835083,LSTM,Prediction,Train
2025-05-08,P011,2.16489839553833,LSTM,Prediction,Train
2025-05-09,P011,2.156182050704956,LSTM,Prediction,Train
2025-05-10,P011,2.150831699371338,LSTM,Prediction,Train
2025-05-11,P011,2.1531150341033936,LSTM,Prediction,Train
2025-05-12,P011,2.1708362102508545,LSTM,Prediction,Train
2025-05-13,P011,2.155860424041748,LSTM,Prediction,Train
2025-05-14,P011,2.148494243621826,LSTM,Prediction,Train
2025-05-15,P011,2.1559929847717285,LSTM,Prediction,Train
2025-05-16,P011,2.1442372798919678,LSTM,Prediction,Train
2025-05-17,P011,2.1578073501586914,LSTM,Prediction,Train
2025-05-18,P011,2.150949716567993,LSTM,Prediction,Train
2025-05-19,P011,2.1494522094726562,LSTM,Prediction,Train
2025-05-20,P011,2.1375231742858887,LSTM,Prediction,Train
2025-05-21,P011,2.1593539714813232,LSTM,Prediction,Train
2025-05-22,P011,2.1461997032165527,LSTM,Prediction,Train
2025-05-23,P011,2.1469550132751465,LSTM,Prediction,Train
2025-05-24,P011,2.1578259468078613,LSTM,Prediction,Train
2025-05-25,P011,2.1598620414733887,LSTM,Prediction,Train
2025-05-26,P011,2.1590216159820557,LSTM,Prediction,Train
2025-05-27,P011,2.167064666748047,LSTM,Prediction,Train
2025-05-28,P011,2.1474721431732178,LSTM,Prediction,Train
2025-05-29,P011,2.147196054458618,LSTM,Prediction,Train
2025-05-30,P011,2.1379647254943848,LSTM,Prediction,Train
2025-05-31,P011,2.1519858837127686,LSTM,Prediction,Train
2025-06-01,P011,2.1570754051208496,LSTM,Prediction,Train
2025-06-02,P011,2.152736186981201,LSTM,Prediction,Train
2025-06-03,P011,2.1420748233795166,LSTM,Prediction,Train
2025-06-04,P011,2.147761344909668,LSTM,Prediction,Train
2025-06-05,P011,2.1532680988311768,LSTM,Prediction,Train
2025-06-06,P011,2.15301513671875,LSTM,Prediction,Train
2025-06-07,P011,2.1511192321777344,LSTM,Prediction,Train
2025-06-08,P011,2.1556718349456787,LSTM,Prediction,Train
2025-06-09,P011,2.1466076374053955,LSTM,Prediction,Train
2025-06-10,P011,2.1582207679748535,LSTM,Prediction,Train
2025-06-11,P011,2.164304733276367,LSTM,Prediction,Train
2025-06-12,P011,2.1542506217956543,LSTM,Prediction,Train
2025-06-13,P011,2.1508841514587402,LSTM,Prediction,Train
2025-06-14,P011,2.146200180053711,LSTM,Prediction,Train
2025-06-15,P011,2.1544337272644043,LSTM,Prediction,Train
2025-06-16,P011,2.1555535793304443,LSTM,Prediction,Train
2025-06-17,P011,2.143646478652954,LSTM,Prediction,Train
2025-06-18,P011,2.1466033458709717,LSTM,Prediction,Train
2025-06-19,P011,2.143080949783325,LSTM,Prediction,Train
2025-06-20,P011,2.150676727294922,LSTM,Prediction,Train
2025-06-21,P011,2.145881414413452,LSTM,Prediction,Train
2025-06-22,P011,2.156759023666382,LSTM,Prediction,Train
2025-06-23,P011,2.163910388946533,LSTM,Prediction,Train
2025-06-24,P011,2.1607015132904053,LSTM,Prediction,Train
2025-06-25,P011,2.1542341709136963,LSTM,Prediction,Train
2025-06-26,P011,2.1477231979370117,LSTM,Prediction,Train
2025-06-27,P011,2.1483798027038574,LSTM,Prediction,Train
2025-06-28,P011,2.1548054218292236,LSTM,Prediction,Train
2025-06-29,P011,2.14573073387146,LSTM,Prediction,Train
2025-06-30,P011,2.1581459045410156,LSTM,Prediction,Train
2025-07-01,P011,2.137326240539551,LSTM,Prediction,Train
2025-07-02,P011,2.1613662242889404,LSTM,Prediction,Train
2025-07-03,P011,2.1434195041656494,LSTM,Prediction,Train
2025-07-04,P011,2.1345431804656982,LSTM,Prediction,Train
2025-07-05,P011,2.1292214393615723,LSTM,Prediction,Train
2025-07-06,P011,2.162153959274292,LSTM,Prediction,Train
2025-07-07,P011,2.1560134887695312,LSTM,Prediction,Train
2025-07-08,P011,2.1404001712799072,LSTM,Prediction,Train
2025-07-09,P011,2.159313917160034,LSTM,Prediction,Train
2025-07-10,P011,2.1485891342163086,LSTM,Prediction,Train
2025-07-11,P011,2.154787302017212,LSTM,Prediction,Train
2025-07-12,P011,2.160048246383667,LSTM,Prediction,Train
2025-07-13,P011,2.1652650833129883,LSTM,Prediction,Train
2025-07-14,P011,2.1564197540283203,LSTM,Prediction,Train
2025-07-15,P011,2.1605145931243896,LSTM,Prediction,Train
2025-07-16,P011,2.138082981109619,LSTM,Prediction,Train
2025-07-17,P011,2.161346435546875,LSTM,Prediction,Train
2025-07-18,P011,2.143115997314453,LSTM,Prediction,Train
2025-07-19,P011,2.1530332565307617,LSTM,Prediction,Train
2025-07-20,P011,2.158132314682007,LSTM,Prediction,Train
2025-07-21,P011,2.160444974899292,LSTM,Prediction,Train
2025-07-22,P011,2.113273859024048,LSTM,Prediction,Train
2025-07-23,P011,2.1553869247436523,LSTM,Prediction,Train
2025-07-24,P011,2.1566476821899414,LSTM,Prediction,Train
2025-07-25,P011,2.1499528884887695,LSTM,Prediction,Train
2025-07-26,P011,2.1469831466674805,LSTM,Prediction,Train
2025-07-27,P011,2.1552176475524902,LSTM,Prediction,Train
2025-07-28,P011,2.1577157974243164,LSTM,Prediction,Train
2025-07-29,P011,2.16093373298645,LSTM,Prediction,Train
2025-07-30,P011,2.1674797534942627,LSTM,Prediction,Train
2025-07-31,P011,2.152000904083252,LSTM,Prediction,Train
2025-08-01,P011,2.1521553993225098,LSTM,Prediction,Train
2025-08-02,P011,2.1445682048797607,LSTM,Prediction,Train
2025-08-03,P011,2.1550261974334717,LSTM,Prediction,Train
2025-08-04,P011,2.153597831726074,LSTM,Prediction,Train
2025-08-05,P011,2.147862195968628,LSTM,Prediction,Train
2025-08-06,P011,2.1423213481903076,LSTM,Prediction,Train
2025-08-07,P011,2.1630542278289795,LSTM,Prediction,Train
2025-08-08,P011,2.1445884704589844,LSTM,Prediction,Train
2025-08-09,P011,2.152038812637329,LSTM,Prediction,Train
2025-08-10,P011,2.156548261642456,LSTM,Prediction,Train
2025-08-11,P011,2.1533896923065186,LSTM,Prediction,Train
2025-08-12,P011,2.149256944656372,LSTM,Prediction,Train
2025-08-13,P011,2.1453609466552734,LSTM,Prediction,Train
2025-08-14,P011,2.155474901199341,LSTM,Prediction,Train
2025-08-15,P011,2.1545989513397217,LSTM,Prediction,Train
2025-08-16,P011,2.1576669216156006,LSTM,Prediction,Train
2025-08-17,P011,2.1466434001922607,LSTM,Prediction,Train
2025-08-18,P011,2.147284984588623,LSTM,Prediction,Train
2025-08-19,P011,2.1636574268341064,LSTM,Prediction,Train
2025-08-20,P011,2.1589953899383545,LSTM,Prediction,Train
2025-08-21,P011,2.146881341934204,LSTM,Prediction,Train
2025-08-22,P011,2.152766466140747,LSTM,Prediction,Train
2025-08-23,P011,2.161874294281006,LSTM,Prediction,Train
2025-08-24,P011,2.152449369430542,LSTM,Prediction,Train
2025-08-25,P011,2.1295247077941895,LSTM,Prediction,Train
2025-08-26,P011,2.1320254802703857,LSTM,Prediction,Train
2025-08-27,P011,2.1494925022125244,LSTM,Prediction,Train
2025-08-28,P011,2.1432156562805176,LSTM,Prediction,Train
2025-08-29,P011,2.1488635540008545,LSTM,Prediction,Train
2025-08-30,P011,2.1321356296539307,LSTM,Prediction,Train
2025-08-31,P011,2.1369080543518066,LSTM,Prediction,Train
2025-09-01,P011,2.1627352237701416,LSTM,Prediction,Train
2025-09-02,P011,2.1401097774505615,LSTM,Prediction,Train
2025-09-03,P011,2.143991231918335,LSTM,Prediction,Train
2025-09-04,P011,2.162410020828247,LSTM,Prediction,Train
2025-09-05,P011,2.1455459594726562,LSTM,Prediction,Train
2025-09-06,P011,2.1527206897735596,LSTM,Prediction,Train
2025-09-07,P011,2.139777898788452,LSTM,Prediction,Train
2025-09-08,P011,2.147747278213501,LSTM,Prediction,Train
2025-09-09,P011,2.144604206085205,LSTM,Prediction,Train
2025-09-10,P011,2.1513211727142334,LSTM,Prediction,Train
2025-09-11,P011,2.150524854660034,LSTM,Prediction,Train
2025-09-12,P011,2.149085521697998,LSTM,Prediction,Train
2025-09-13,P011,2.153257131576538,LSTM,Prediction,Train
2025-09-14,P011,2.1441421508789062,LSTM,Prediction,Train
2025-01-08,P012,1.8728207349777222,LSTM,Prediction,Train
2025-01-09,P012,1.8812522888183594,LSTM,Prediction,Train
2025-01-10,P012,1.8893845081329346,LSTM,Prediction,Train
2025-01-11,P012,1.8836779594421387,LSTM,Prediction,Train
2025-01-12,P012,1.8740371465682983,LSTM,Prediction,Train
2025-01-13,P012,1.8735543489456177,LSTM,Prediction,Train
2025-01-14,P012,1.8850358724594116,LSTM,Prediction,Train
2025-01-15,P012,1.8839424848556519,LSTM,Prediction,Train
2025-01-16,P012,1.8902170658111572,LSTM,Prediction,Train
2025-01-17,P012,1.8905755281448364,LSTM,Prediction,Train
2025-01-18,P012,1.881497859954834,LSTM,Prediction,Train
2025-01-19,P012,1.8813165426254272,LSTM,Prediction,Train
2025-01-20,P012,1.8789557218551636,LSTM,Prediction,Train
2025-01-21,P012,1.8838157653808594,LSTM,Prediction,Train
2025-01-22,P012,1.888291835784912,LSTM,Prediction,Train
2025-01-23,P012,1.897312045097351,LSTM,Prediction,Train
2025-01-24,P012,1.8749632835388184,LSTM,Prediction,Train
2025-01-25,P012,1.8886991739273071,LSTM,Prediction,Train
2025-01-26,P012,1.8948901891708374,LSTM,Prediction,Train
2025-01-27,P012,1.8905900716781616,LSTM,Prediction,Train
2025-01-28,P012,1.8961272239685059,LSTM,Prediction,Train
2025-01-29,P012,1.8826438188552856,LSTM,Prediction,Train
2025-01-30,P012,1.8882019519805908,LSTM,Prediction,Train
2025-01-31,P012,1.8885271549224854,LSTM,Prediction,Train
2025-02-01,P012,1.8737794160842896,LSTM,Prediction,Train
2025-02-02,P012,1.882848858833313,LSTM,Prediction,Train
2025-02-03,P012,1.8870290517807007,LSTM,Prediction,Train
2025-02-04,P012,1.8844577074050903,LSTM,Prediction,Train
2025-02-05,P012,1.8806575536727905,LSTM,Prediction,Train
2025-02-06,P012,1.8936183452606201,LSTM,Prediction,Train
2025-02-07,P012,1.8826508522033691,LSTM,Prediction,Train
2025-02-08,P012,1.8533605337142944,LSTM,Prediction,Train
2025-02-09,P012,1.8893357515335083,LSTM,Prediction,Train
2025-02-10,P012,1.8789397478103638,LSTM,Prediction,Train
2025-02-11,P012,1.8836597204208374,LSTM,Prediction,Train
2025-02-12,P012,1.8867464065551758,LSTM,Prediction,Train
2025-02-13,P012,1.8897833824157715,LSTM,Prediction,Train
2025-02-14,P012,1.8802169561386108,LSTM,Prediction,Train
2025-02-15,P012,1.8858520984649658,LSTM,Prediction,Train
2025-02-16,P012,1.881078839302063,LSTM,Prediction,Train
2025-02-17,P012,1.8754990100860596,LSTM,Prediction,Train
2025-02-18,P012,1.8875653743743896,LSTM,Prediction,Train
2025-02-19,P012,1.8755675554275513,LSTM,Prediction,Train
2025-02-20,P012,1.8907314538955688,LSTM,Prediction,Train
2025-02-21,P012,1.884580135345459,LSTM,Prediction,Train
2025-02-22,P012,1.8834537267684937,LSTM,Prediction,Train
2025-02-23,P012,1.8833496570587158,LSTM,Prediction,Train
2025-02-24,P012,1.8760180473327637,LSTM,Prediction,Train
2025-02-25,P012,1.8863446712493896,LSTM,Prediction,Train
2025-02-26,P012,1.8844438791275024,LSTM,Prediction,Train
2025-02-27,P012,1.8786919116973877,LSTM,Prediction,Train
2025-02-28,P012,1.8742202520370483,LSTM,Prediction,Train
2025-03-01,P012,1.8799546957015991,LSTM,Prediction,Train
2025-03-02,P012,1.8826781511306763,LSTM,Prediction,Train
2025-03-03,P012,1.8828139305114746,LSTM,Prediction,Train
2025-03-04,P012,1.8725262880325317,LSTM,Prediction,Train
2025-03-05,P012,1.885518193244934,LSTM,Prediction,Train
2025-03-06,P012,1.8810415267944336,LSTM,Prediction,Train
2025-03-07,P012,1.8900799751281738,LSTM,Prediction,Train
2025-03-08,P012,1.890060305595398,LSTM,Prediction,Train
2025-03-09,P012,1.8820804357528687,LSTM,Prediction,Train
2025-03-10,P012,1.8772361278533936,LSTM,Prediction,Train
2025-03-11,P012,1.879409909248352,LSTM,Prediction,Train
2025-03-12,P012,1.8813468217849731,LSTM,Prediction,Train
2025-03-13,P012,1.8823785781860352,LSTM,Prediction,Train
2025-03-14,P012,1.8896632194519043,LSTM,Prediction,Train
2025-03-15,P012,1.8856686353683472,LSTM,Prediction,Train
2025-03-16,P012,1.8838504552841187,LSTM,Prediction,Train
2025-03-17,P012,1.8846139907836914,LSTM,Prediction,Train
2025-03-18,P012,1.8767836093902588,LSTM,Prediction,Train
2025-03-19,P012,1.8905562162399292,LSTM,Prediction,Train
2025-03-20,P012,1.8840774297714233,LSTM,Prediction,Train
2025-03-21,P012,1.8805158138275146,LSTM,Prediction,Train
2025-03-22,P012,1.8700995445251465,LSTM,Prediction,Train
2025-03-23,P012,1.8835583925247192,LSTM,Prediction,Train
2025-03-24,P012,1.880521535873413,LSTM,Prediction,Train
2025-03-25,P012,1.8827846050262451,LSTM,Prediction,Train
2025-03-26,P012,1.8748080730438232,LSTM,Prediction,Train
2025-03-27,P012,1.8758294582366943,LSTM,Prediction,Train
2025-03-28,P012,1.8824938535690308,LSTM,Prediction,Train
2025-03-29,P012,1.8842852115631104,LSTM,Prediction,Train
2025-03-30,P012,1.8841779232025146,LSTM,Prediction,Train
2025-03-31,P012,1.8793110847473145,LSTM,Prediction,Train
2025-04-01,P012,1.8829585313796997,LSTM,Prediction,Train
2025-04-02,P012,1.8855096101760864,LSTM,Prediction,Train
2025-04-03,P012,1.8823213577270508,LSTM,Prediction,Train
2025-04-04,P012,1.884861946105957,LSTM,Prediction,Train
2025-04-05,P012,1.881352424621582,LSTM,Prediction,Train
2025-04-06,P012,1.8812166452407837,LSTM,Prediction,Train
2025-04-07,P012,1.8912315368652344,LSTM,Prediction,Train
2025-04-08,P012,1.8725683689117432,LSTM,Prediction,Train
2025-04-09,P012,1.8783354759216309,LSTM,Prediction,Train
2025-04-10,P012,1.8836283683776855,LSTM,Prediction,Train
2025-04-11,P012,1.8872647285461426,LSTM,Prediction,Train
2025-04-12,P012,1.891832947731018,LSTM,Prediction,Train
2025-04-13,P012,1.891499638557434,LSTM,Prediction,Train
2025-04-14,P012,1.8805875778198242,LSTM,Prediction,Train
2025-04-15,P012,1.8840103149414062,LSTM,Prediction,Train
2025-04-16,P012,1.8774715662002563,LSTM,Prediction,Train
2025-04-17,P012,1.8733437061309814,LSTM,Prediction,Train
2025-04-18,P012,1.8877289295196533,LSTM,Prediction,Train
2025-04-19,P012,1.8846608400344849,LSTM,Prediction,Train
2025-04-20,P012,1.8880497217178345,LSTM,Prediction,Train
2025-04-21,P012,1.890268325805664,LSTM,Prediction,Train
2025-04-22,P012,1.8782180547714233,LSTM,Prediction,Train
2025-04-23,P012,1.882870078086853,LSTM,Prediction,Train
2025-04-24,P012,1.8791207075119019,LSTM,Prediction,Train
2025-04-25,P012,1.8770724534988403,LSTM,Prediction,Train
2025-04-26,P012,1.8816944360733032,LSTM,Prediction,Train
2025-04-27,P012,1.8876512050628662,LSTM,Prediction,Train
2025-04-28,P012,1.8877418041229248,LSTM,Prediction,Train
2025-04-29,P012,1.8799768686294556,LSTM,Prediction,Train
2025-04-30,P012,1.8753892183303833,LSTM,Prediction,Train
2025-05-01,P012,1.8841077089309692,LSTM,Prediction,Train
2025-05-02,P012,1.8754816055297852,LSTM,Prediction,Train
2025-05-03,P012,1.8806283473968506,LSTM,Prediction,Train
2025-05-04,P012,1.8964998722076416,LSTM,Prediction,Train
2025-05-05,P012,1.8865625858306885,LSTM,Prediction,Train
2025-05-06,P012,1.879541277885437,LSTM,Prediction,Train
2025-05-07,P012,1.8764771223068237,LSTM,Prediction,Train
2025-05-08,P012,1.8919249773025513,LSTM,Prediction,Train
2025-05-09,P012,1.8855377435684204,LSTM,Prediction,Train
2025-05-10,P012,1.8829649686813354,LSTM,Prediction,Train
2025-05-11,P012,1.885831356048584,LSTM,Prediction,Train
2025-05-12,P012,1.8981683254241943,LSTM,Prediction,Train
2025-05-13,P012,1.886944055557251,LSTM,Prediction,Train
2025-05-14,P012,1.8809322118759155,LSTM,Prediction,Train
2025-05-15,P012,1.8872997760772705,LSTM,Prediction,Train
2025-05-16,P012,1.8798500299453735,LSTM,Prediction,Train
2025-05-17,P012,1.8900706768035889,LSTM,Prediction,Train
2025-05-18,P012,1.8869752883911133,LSTM,Prediction,Train
2025-05-19,P012,1.8828078508377075,LSTM,Prediction,Train
2025-05-20,P012,1.875301480293274,LSTM,Prediction,Train
2025-05-21,P012,1.8895800113677979,LSTM,Prediction,Train
2025-05-22,P012,1.879020094871521,LSTM,Prediction,Train
2025-05-23,P012,1.8809101581573486,LSTM,Prediction,Train
2025-05-24,P012,1.8886874914169312,LSTM,Prediction,Train
2025-05-25,P012,1.890458106994629,LSTM,Prediction,Train
2025-05-26,P012,1.8889328241348267,LSTM,Prediction,Train
2025-05-27,P012,1.8940751552581787,LSTM,Prediction,Train
2025-05-28,P012,1.881772518157959,LSTM,Prediction,Train
2025-05-29,P012,1.8810062408447266,LSTM,Prediction,Train
2025-05-30,P012,1.874390959739685,LSTM,Prediction,Train
2025-05-31,P012,1.8831675052642822,LSTM,Prediction,Train
2025-06-01,P012,1.888358473777771,LSTM,Prediction,Train
2025-06-02,P012,1.8846852779388428,LSTM,Prediction,Train
2025-06-03,P012,1.8770968914031982,LSTM,Prediction,Train
2025-06-04,P012,1.880560278892517,LSTM,Prediction,Train
2025-06-05,P012,1.8834729194641113,LSTM,Prediction,Train
2025-06-06,P012,1.8846079111099243,LSTM,Prediction,Train
2025-06-07,P012,1.8827204704284668,LSTM,Prediction,Train
2025-06-08,P012,1.8863869905471802,LSTM,Prediction,Train
2025-06-09,P012,1.8793730735778809,LSTM,Prediction,Train
2025-06-10,P012,1.8867403268814087,LSTM,Prediction,Train
2025-06-11,P012,1.890796422958374,LSTM,Prediction,Train
2025-06-12,P012,1.8839571475982666,LSTM,Prediction,Train
2025-06-13,P012,1.8831208944320679,LSTM,Prediction,Train
2025-06-14,P012,1.876729130744934,LSTM,Prediction,Train
2025-06-15,P012,1.8864387273788452,LSTM,Prediction,Train
2025-06-16,P012,1.8865485191345215,LSTM,Prediction,Train
2025-06-17,P012,1.8755055665969849,LSTM,Prediction,Train
2025-06-18,P012,1.8813613653182983,LSTM,Prediction,Train
2025-06-19,P012,1.8772443532943726,LSTM,Prediction,Train
2025-06-20,P012,1.8861314058303833,LSTM,Prediction,Train
2025-06-21,P012,1.8798606395721436,LSTM,Prediction,Train
2025-06-22,P012,1.8876036405563354,LSTM,Prediction,Train
2025-06-23,P012,1.890066146850586,LSTM,Prediction,Train
2025-06-24,P012,1.890505075454712,LSTM,Prediction,Train
2025-06-25,P012,1.8842140436172485,LSTM,Prediction,Train
2025-06-26,P012,1.881389856338501,LSTM,Prediction,Train
2025-06-27,P012,1.8812823295593262,LSTM,Prediction,Train
2025-06-28,P012,1.8856106996536255,LSTM,Prediction,Train
2025-06-29,P012,1.8773432970046997,LSTM,Prediction,Train
2025-06-30,P012,1.8894009590148926,LSTM,Prediction,Train
2025-07-01,P012,1.8722896575927734,LSTM,Prediction,Train
2025-07-02,P012,1.88961660861969,LSTM,Prediction,Train
2025-07-03,P012,1.881049394607544,LSTM,Prediction,Train
2025-07-04,P012,1.8718572854995728,LSTM,Prediction,Train
2025-07-05,P012,1.8689069747924805,LSTM,Prediction,Train
2025-07-06,P012,1.8839586973190308,LSTM,Prediction,Train
2025-07-07,P012,1.8869205713272095,LSTM,Prediction,Train
2025-07-08,P012,1.8765157461166382,LSTM,Prediction,Train
2025-07-09,P012,1.8903312683105469,LSTM,Prediction,Train
2025-07-10,P012,1.8798185586929321,LSTM,Prediction,Train
2025-07-11,P012,1.8868061304092407,LSTM,Prediction,Train
2025-07-12,P012,1.8902113437652588,LSTM,Prediction,Train
2025-07-13,P012,1.8896151781082153,LSTM,Prediction,Train
2025-07-14,P012,1.8894165754318237,LSTM,Prediction,Train
2025-07-15,P012,1.8862379789352417,LSTM,Prediction,Train
2025-07-16,P012,1.8737640380859375,LSTM,Prediction,Train
2025-07-17,P012,1.8901373147964478,LSTM,Prediction,Train
2025-07-18,P012,1.8779689073562622,LSTM,Prediction,Train
2025-07-19,P012,1.8842246532440186,LSTM,Prediction,Train
2025-07-20,P012,1.888961911201477,LSTM,Prediction,Train
2025-07-21,P012,1.8870965242385864,LSTM,Prediction,Train
2025-07-22,P012,1.8556660413742065,LSTM,Prediction,Train
2025-07-23,P012,1.8835092782974243,LSTM,Prediction,Train
2025-07-24,P012,1.8874143362045288,LSTM,Prediction,Train
2025-07-25,P012,1.8826056718826294,LSTM,Prediction,Train
2025-07-26,P012,1.8798413276672363,LSTM,Prediction,Train
2025-07-27,P012,1.8854328393936157,LSTM,Prediction,Train
2025-07-28,P012,1.8879079818725586,LSTM,Prediction,Train
2025-07-29,P012,1.8940178155899048,LSTM,Prediction,Train
2025-07-30,P012,1.8920565843582153,LSTM,Prediction,Train
2025-07-31,P012,1.8844821453094482,LSTM,Prediction,Train
2025-08-01,P012,1.8853296041488647,LSTM,Prediction,Train
2025-08-02,P012,1.8790831565856934,LSTM,Prediction,Train
2025-08-03,P012,1.8829764127731323,LSTM,Prediction,Train
2025-08-04,P012,1.8837817907333374,LSTM,Prediction,Train
2025-08-05,P012,1.880577564239502,LSTM,Prediction,Train
2025-08-06,P012,1.874644160270691,LSTM,Prediction,Train
2025-08-07,P012,1.8907012939453125,LSTM,Prediction,Train
2025-08-08,P012,1.8777875900268555,LSTM,Prediction,Train
2025-08-09,P012,1.8834831714630127,LSTM,Prediction,Train
2025-08-10,P012,1.8860334157943726,LSTM,Prediction,Train
2025-08-11,P012,1.8843697309494019,LSTM,Prediction,Train
2025-08-12,P012,1.8828279972076416,LSTM,Prediction,Train
2025-08-13,P012,1.879118800163269,LSTM,Prediction,Train
2025-08-14,P012,1.886974573135376,LSTM,Prediction,Train
2025-08-15,P012,1.8860318660736084,LSTM,Prediction,Train
2025-08-16,P012,1.8863556385040283,LSTM,Prediction,Train
2025-08-17,P012,1.878495216369629,LSTM,Prediction,Train
2025-08-18,P012,1.8817296028137207,LSTM,Prediction,Train
2025-08-19,P012,1.8944693803787231,LSTM,Prediction,Train
2025-08-20,P012,1.8901476860046387,LSTM,Prediction,Train
2025-08-21,P012,1.8783079385757446,LSTM,Prediction,Train
2025-08-22,P012,1.8863763809204102,LSTM,Prediction,Train
2025-08-23,P012,1.8884100914001465,LSTM,Prediction,Train
2025-08-24,P012,1.8837213516235352,LSTM,Prediction,Train
2025-08-25,P012,1.8645576238632202,LSTM,Prediction,Train
2025-08-26,P012,1.8718817234039307,LSTM,Prediction,Train
2025-08-27,P012,1.8833892345428467,LSTM,Prediction,Train
2025-08-28,P012,1.8770976066589355,LSTM,Prediction,Train
2025-08-29,P012,1.8815757036209106,LSTM,Prediction,Train
2025-08-30,P012,1.8703839778900146,LSTM,Prediction,Train
2025-08-31,P012,1.8712456226348877,LSTM,Prediction,Train
2025-09-01,P012,1.89188551902771,LSTM,Prediction,Train
2025-09-02,P012,1.8770109415054321,LSTM,Prediction,Train
2025-09-03,P012,1.8759620189666748,LSTM,Prediction,Train
2025-09-04,P012,1.894316554069519,LSTM,Prediction,Train
2025-09-05,P012,1.8775502443313599,LSTM,Prediction,Train
2025-09-06,P012,1.8842535018920898,LSTM,Prediction,Train
2025-09-07,P012,1.8769971132278442,LSTM,Prediction,Train
2025-09-08,P012,1.8831151723861694,LSTM,Prediction,Train
2025-09-09,P012,1.877504825592041,LSTM,Prediction,Train
2025-09-10,P012,1.8839412927627563,LSTM,Prediction,Train
2025-09-11,P012,1.8835512399673462,LSTM,Prediction,Train
2025-09-12,P012,1.880515456199646,LSTM,Prediction,Train
2025-09-13,P012,1.8853790760040283,LSTM,Prediction,Train
2025-09-14,P012,1.8788174390792847,LSTM,Prediction,Train
2025-01-08,P013,1.9764658212661743,LSTM,Prediction,Train
2025-01-09,P013,1.985012412071228,LSTM,Prediction,Train
2025-01-10,P013,1.9948351383209229,LSTM,Prediction,Train
2025-01-11,P013,1.9868252277374268,LSTM,Prediction,Train
2025-01-12,P013,1.9759446382522583,LSTM,Prediction,Train
2025-01-13,P013,1.9781160354614258,LSTM,Prediction,Train
2025-01-14,P013,1.9855533838272095,LSTM,Prediction,Train
2025-01-15,P013,1.9869128465652466,LSTM,Prediction,Train
2025-01-16,P013,1.9924200773239136,LSTM,Prediction,Train
2025-01-17,P013,1.9965131282806396,LSTM,Prediction,Train
2025-01-18,P013,1.983667254447937,LSTM,Prediction,Train
2025-01-19,P013,1.9818092584609985,LSTM,Prediction,Train
2025-01-20,P013,1.9813425540924072,LSTM,Prediction,Train
2025-01-21,P013,1.9895926713943481,LSTM,Prediction,Train
2025-01-22,P013,1.9894198179244995,LSTM,Prediction,Train
2025-01-23,P013,1.9998726844787598,LSTM,Prediction,Train
2025-01-24,P013,1.9773316383361816,LSTM,Prediction,Train
2025-01-25,P013,1.9907463788986206,LSTM,Prediction,Train
2025-01-26,P013,1.9965101480484009,LSTM,Prediction,Train
2025-01-27,P013,1.9910303354263306,LSTM,Prediction,Train
2025-01-28,P013,1.995147943496704,LSTM,Prediction,Train
2025-01-29,P013,1.9855806827545166,LSTM,Prediction,Train
2025-01-30,P013,1.9923466444015503,LSTM,Prediction,Train
2025-01-31,P013,1.988450288772583,LSTM,Prediction,Train
2025-02-01,P013,1.9792119264602661,LSTM,Prediction,Train
2025-02-02,P013,1.9880789518356323,LSTM,Prediction,Train
2025-02-03,P013,1.9902678728103638,LSTM,Prediction,Train
2025-02-04,P013,1.9895586967468262,LSTM,Prediction,Train
2025-02-05,P013,1.9812260866165161,LSTM,Prediction,Train
2025-02-06,P013,2.0001237392425537,LSTM,Prediction,Train
2025-02-07,P013,1.9845430850982666,LSTM,Prediction,Train
2025-02-08,P013,1.9543731212615967,LSTM,Prediction,Train
2025-02-09,P013,1.9910504817962646,LSTM,Prediction,Train
2025-02-10,P013,1.9798071384429932,LSTM,Prediction,Train
2025-02-11,P013,1.983249306678772,LSTM,Prediction,Train
2025-02-12,P013,1.991593360900879,LSTM,Prediction,Train
2025-02-13,P013,1.9905558824539185,LSTM,Prediction,Train
2025-02-14,P013,1.9811480045318604,LSTM,Prediction,Train
2025-02-15,P013,1.9865608215332031,LSTM,Prediction,Train
2025-02-16,P013,1.9816522598266602,LSTM,Prediction,Train
2025-02-17,P013,1.9768998622894287,LSTM,Prediction,Train
2025-02-18,P013,1.9876892566680908,LSTM,Prediction,Train
2025-02-19,P013,1.9784760475158691,LSTM,Prediction,Train
2025-02-20,P013,1.9985029697418213,LSTM,Prediction,Train
2025-02-21,P013,1.9881173372268677,LSTM,Prediction,Train
2025-02-22,P013,1.9845607280731201,LSTM,Prediction,Train
2025-02-23,P013,1.9892100095748901,LSTM,Prediction,Train
2025-02-24,P013,1.9784125089645386,LSTM,Prediction,Train
2025-02-25,P013,1.990389347076416,LSTM,Prediction,Train
2025-02-26,P013,1.986106038093567,LSTM,Prediction,Train
2025-02-27,P013,1.9790230989456177,LSTM,Prediction,Train
2025-02-28,P013,1.9750319719314575,LSTM,Prediction,Train
2025-03-01,P013,1.9807888269424438,LSTM,Prediction,Train
2025-03-02,P013,1.982632040977478,LSTM,Prediction,Train
2025-03-03,P013,1.986713171005249,LSTM,Prediction,Train
2025-03-04,P013,1.9796329736709595,LSTM,Prediction,Train
2025-03-05,P013,1.9867457151412964,LSTM,Prediction,Train
2025-03-06,P013,1.985206961631775,LSTM,Prediction,Train
2025-03-07,P013,1.9960365295410156,LSTM,Prediction,Train
2025-03-08,P013,1.992070198059082,LSTM,Prediction,Train
2025-03-09,P013,1.98371160030365,LSTM,Prediction,Train
2025-03-10,P013,1.9805110692977905,LSTM,Prediction,Train
2025-03-11,P013,1.9820501804351807,LSTM,Prediction,Train
2025-03-12,P013,1.9848071336746216,LSTM,Prediction,Train
2025-03-13,P013,1.985015869140625,LSTM,Prediction,Train
2025-03-14,P013,1.9900158643722534,LSTM,Prediction,Train
2025-03-15,P013,1.9888479709625244,LSTM,Prediction,Train
2025-03-16,P013,1.9875757694244385,LSTM,Prediction,Train
2025-03-17,P013,1.9859774112701416,LSTM,Prediction,Train
2025-03-18,P013,1.9779075384140015,LSTM,Prediction,Train
2025-03-19,P013,1.9901820421218872,LSTM,Prediction,Train
2025-03-20,P013,1.985310435295105,LSTM,Prediction,Train
2025-03-21,P013,1.9814003705978394,LSTM,Prediction,Train
2025-03-22,P013,1.9732584953308105,LSTM,Prediction,Train
2025-03-23,P013,1.9859275817871094,LSTM,Prediction,Train
2025-03-24,P013,1.983292579650879,LSTM,Prediction,Train
2025-03-25,P013,1.990544080734253,LSTM,Prediction,Train
2025-03-26,P013,1.981346845626831,LSTM,Prediction,Train
2025-03-27,P013,1.98188316822052,LSTM,Prediction,Train
2025-03-28,P013,1.9854294061660767,LSTM,Prediction,Train
2025-03-29,P013,1.984197735786438,LSTM,Prediction,Train
2025-03-30,P013,1.986156702041626,LSTM,Prediction,Train
2025-03-31,P013,1.983612298965454,LSTM,Prediction,Train
2025-04-01,P013,1.9832566976547241,LSTM,Prediction,Train
2025-04-02,P013,1.987923502922058,LSTM,Prediction,Train
2025-04-03,P013,1.9867994785308838,LSTM,Prediction,Train
2025-04-04,P013,1.9878257513046265,LSTM,Prediction,Train
2025-04-05,P013,1.9901070594787598,LSTM,Prediction,Train
2025-04-06,P013,1.9848870038986206,LSTM,Prediction,Train
2025-04-07,P013,1.994343876838684,LSTM,Prediction,Train
2025-04-08,P013,1.9767465591430664,LSTM,Prediction,Train
2025-04-09,P013,1.9804918766021729,LSTM,Prediction,Train
2025-04-10,P013,1.9836223125457764,LSTM,Prediction,Train
2025-04-11,P013,1.988828182220459,LSTM,Prediction,Train
2025-04-12,P013,1.9939112663269043,LSTM,Prediction,Train
2025-04-13,P013,1.999608039855957,LSTM,Prediction,Train
2025-04-14,P013,1.9856535196304321,LSTM,Prediction,Train
2025-04-15,P013,1.9849730730056763,LSTM,Prediction,Train
2025-04-16,P013,1.9813843965530396,LSTM,Prediction,Train
2025-04-17,P013,1.9771147966384888,LSTM,Prediction,Train
2025-04-18,P013,1.98914635181427,LSTM,Prediction,Train
2025-04-19,P013,1.9874216318130493,LSTM,Prediction,Train
2025-04-20,P013,1.988070011138916,LSTM,Prediction,Train
2025-04-21,P013,1.9974238872528076,LSTM,Prediction,Train
2025-04-22,P013,1.9797922372817993,LSTM,Prediction,Train
2025-04-23,P013,1.9887336492538452,LSTM,Prediction,Train
2025-04-24,P013,1.9835989475250244,LSTM,Prediction,Train
2025-04-25,P013,1.978986144065857,LSTM,Prediction,Train
2025-04-26,P013,1.9847854375839233,LSTM,Prediction,Train
2025-04-27,P013,1.98655366897583,LSTM,Prediction,Train
2025-04-28,P013,1.9917881488800049,LSTM,Prediction,Train
2025-04-29,P013,1.9846642017364502,LSTM,Prediction,Train
2025-04-30,P013,1.9799085855484009,LSTM,Prediction,Train
2025-05-01,P013,1.9836137294769287,LSTM,Prediction,Train
2025-05-02,P013,1.9763494729995728,LSTM,Prediction,Train
2025-05-03,P013,1.984541416168213,LSTM,Prediction,Train
2025-05-04,P013,1.9974255561828613,LSTM,Prediction,Train
2025-05-05,P013,1.989941120147705,LSTM,Prediction,Train
2025-05-06,P013,1.9807164669036865,LSTM,Prediction,Train
2025-05-07,P013,1.9765316247940063,LSTM,Prediction,Train
2025-05-08,P013,1.997879147529602,LSTM,Prediction,Train
2025-05-09,P013,1.9879004955291748,LSTM,Prediction,Train
2025-05-10,P013,1.9844776391983032,LSTM,Prediction,Train
2025-05-11,P013,1.9846546649932861,LSTM,Prediction,Train
2025-05-12,P013,2.000154733657837,LSTM,Prediction,Train
2025-05-13,P013,1.9866875410079956,LSTM,Prediction,Train
2025-05-14,P013,1.9830690622329712,LSTM,Prediction,Train
2025-05-15,P013,1.9869298934936523,LSTM,Prediction,Train
2025-05-16,P013,1.9799669981002808,LSTM,Prediction,Train
2025-05-17,P013,1.9893285036087036,LSTM,Prediction,Train
2025-05-18,P013,1.9869372844696045,LSTM,Prediction,Train
2025-05-19,P013,1.9863418340682983,LSTM,Prediction,Train
2025-05-20,P013,1.9774175882339478,LSTM,Prediction,Train
2025-05-21,P013,1.9916402101516724,LSTM,Prediction,Train
2025-05-22,P013,1.9831902980804443,LSTM,Prediction,Train
2025-05-23,P013,1.9844329357147217,LSTM,Prediction,Train
2025-05-24,P013,1.9912141561508179,LSTM,Prediction,Train
2025-05-25,P013,1.9890602827072144,LSTM,Prediction,Train
2025-05-26,P013,1.9912182092666626,LSTM,Prediction,Train
2025-05-27,P013,2.0009496212005615,LSTM,Prediction,Train
2025-05-28,P013,1.9835407733917236,LSTM,Prediction,Train
2025-05-29,P013,1.9836053848266602,LSTM,Prediction,Train
2025-05-30,P013,1.9771041870117188,LSTM,Prediction,Train
2025-05-31,P013,1.9881054162979126,LSTM,Prediction,Train
2025-06-01,P013,1.989242434501648,LSTM,Prediction,Train
2025-06-02,P013,1.98583984375,LSTM,Prediction,Train
2025-06-03,P013,1.9805922508239746,LSTM,Prediction,Train
2025-06-04,P013,1.9881904125213623,LSTM,Prediction,Train
2025-06-05,P013,1.9883298873901367,LSTM,Prediction,Train
2025-06-06,P013,1.985074758529663,LSTM,Prediction,Train
2025-06-07,P013,1.9869152307510376,LSTM,Prediction,Train
2025-06-08,P013,1.9873462915420532,LSTM,Prediction,Train
2025-06-09,P013,1.9816951751708984,LSTM,Prediction,Train
2025-06-10,P013,1.9904042482376099,LSTM,Prediction,Train
2025-06-11,P013,1.9972848892211914,LSTM,Prediction,Train
2025-06-12,P013,1.990172266960144,LSTM,Prediction,Train
2025-06-13,P013,1.9843157529830933,LSTM,Prediction,Train
2025-06-14,P013,1.9889436960220337,LSTM,Prediction,Train
2025-06-15,P013,1.9862949848175049,LSTM,Prediction,Train
2025-06-16,P013,1.9921538829803467,LSTM,Prediction,Train
2025-06-17,P013,1.9798541069030762,LSTM,Prediction,Train
2025-06-18,P013,1.9866312742233276,LSTM,Prediction,Train
2025-06-19,P013,1.9791927337646484,LSTM,Prediction,Train
2025-06-20,P013,1.987030029296875,LSTM,Prediction,Train
2025-06-21,P013,1.983978509902954,LSTM,Prediction,Train
2025-06-22,P013,1.9882482290267944,LSTM,Prediction,Train
2025-06-23,P013,1.9948915243148804,LSTM,Prediction,Train
2025-06-24,P013,1.9923303127288818,LSTM,Prediction,Train
2025-06-25,P013,1.989518404006958,LSTM,Prediction,Train
2025-06-26,P013,1.984376311302185,LSTM,Prediction,Train
2025-06-27,P013,1.9845343828201294,LSTM,Prediction,Train
2025-06-28,P013,1.9870063066482544,LSTM,Prediction,Train
2025-06-29,P013,1.98337984085083,LSTM,Prediction,Train
2025-06-30,P013,1.9920003414154053,LSTM,Prediction,Train
2025-07-01,P013,1.9744887351989746,LSTM,Prediction,Train
2025-07-02,P013,1.992902398109436,LSTM,Prediction,Train
2025-07-03,P013,1.9875376224517822,LSTM,Prediction,Train
2025-07-04,P013,1.973404049873352,LSTM,Prediction,Train
2025-07-05,P013,1.9693679809570312,LSTM,Prediction,Train
2025-07-06,P013,1.9983748197555542,LSTM,Prediction,Train
2025-07-07,P013,1.9899816513061523,LSTM,Prediction,Train
2025-07-08,P013,1.977174997329712,LSTM,Prediction,Train
2025-07-09,P013,1.9890916347503662,LSTM,Prediction,Train
2025-07-10,P013,1.9819029569625854,LSTM,Prediction,Train
2025-07-11,P013,1.9863392114639282,LSTM,Prediction,Train
2025-07-12,P013,1.992519497871399,LSTM,Prediction,Train
2025-07-13,P013,1.991260290145874,LSTM,Prediction,Train
2025-07-14,P013,1.993384599685669,LSTM,Prediction,Train
2025-07-15,P013,1.9962067604064941,LSTM,Prediction,Train
2025-07-16,P013,1.9776074886322021,LSTM,Prediction,Train
2025-07-17,P013,1.9968335628509521,LSTM,Prediction,Train
2025-07-18,P013,1.978531002998352,LSTM,Prediction,Train
2025-07-19,P013,1.986599087715149,LSTM,Prediction,Train
2025-07-20,P013,1.9915250539779663,LSTM,Prediction,Train
2025-07-21,P013,1.9935814142227173,LSTM,Prediction,Train
2025-07-22,P013,1.9572733640670776,LSTM,Prediction,Train
2025-07-23,P013,1.9875156879425049,LSTM,Prediction,Train
2025-07-24,P013,1.9872668981552124,LSTM,Prediction,Train
2025-07-25,P013,1.9856162071228027,LSTM,Prediction,Train
2025-07-26,P013,1.9817405939102173,LSTM,Prediction,Train
2025-07-27,P013,1.989363670349121,LSTM,Prediction,Train
2025-07-28,P013,1.9913755655288696,LSTM,Prediction,Train
2025-07-29,P013,1.9967381954193115,LSTM,Prediction,Train
2025-07-30,P013,1.9980535507202148,LSTM,Prediction,Train
2025-07-31,P013,1.9872609376907349,LSTM,Prediction,Train
2025-08-01,P013,1.9857312440872192,LSTM,Prediction,Train
2025-08-02,P013,1.9792338609695435,LSTM,Prediction,Train
2025-08-03,P013,1.9851194620132446,LSTM,Prediction,Train
2025-08-04,P013,1.9925928115844727,LSTM,Prediction,Train
2025-08-05,P013,1.9860213994979858,LSTM,Prediction,Train
2025-08-06,P013,1.9831143617630005,LSTM,Prediction,Train
2025-08-07,P013,1.9902456998825073,LSTM,Prediction,Train
2025-08-08,P013,1.9849492311477661,LSTM,Prediction,Train
2025-08-09,P013,1.986925482749939,LSTM,Prediction,Train
2025-08-10,P013,1.9905688762664795,LSTM,Prediction,Train
2025-08-11,P013,1.9864493608474731,LSTM,Prediction,Train
2025-08-12,P013,1.9852606058120728,LSTM,Prediction,Train
2025-08-13,P013,1.9837522506713867,LSTM,Prediction,Train
2025-08-14,P013,1.986944556236267,LSTM,Prediction,Train
2025-08-15,P013,1.990612268447876,LSTM,Prediction,Train
2025-08-16,P013,1.9917151927947998,LSTM,Prediction,Train
2025-08-17,P013,1.9912360906600952,LSTM,Prediction,Train
2025-08-18,P013,1.9880660772323608,LSTM,Prediction,Train
2025-08-19,P013,1.9952412843704224,LSTM,Prediction,Train
2025-08-20,P013,1.9910645484924316,LSTM,Prediction,Train
2025-08-21,P013,1.9831962585449219,LSTM,Prediction,Train
2025-08-22,P013,1.9848161935806274,LSTM,Prediction,Train
2025-08-23,P013,1.9959813356399536,LSTM,Prediction,Train
2025-08-24,P013,1.9886798858642578,LSTM,Prediction,Train
2025-08-25,P013,1.9713152647018433,LSTM,Prediction,Train
2025-08-26,P013,1.972427487373352,LSTM,Prediction,Train
2025-08-27,P013,1.9852511882781982,LSTM,Prediction,Train
2025-08-28,P013,1.980094313621521,LSTM,Prediction,Train
2025-08-29,P013,1.9823870658874512,LSTM,Prediction,Train
2025-08-30,P013,1.9708168506622314,LSTM,Prediction,Train
2025-08-31,P013,1.9759087562561035,LSTM,Prediction,Train
2025-09-01,P013,1.994553804397583,LSTM,Prediction,Train
2025-09-02,P013,1.9775885343551636,LSTM,Prediction,Train
2025-09-03,P013,1.9822126626968384,LSTM,Prediction,Train
2025-09-04,P013,1.9966049194335938,LSTM,Prediction,Train
2025-09-05,P013,1.9858304262161255,LSTM,Prediction,Train
2025-09-06,P013,1.9914791584014893,LSTM,Prediction,Train
2025-09-07,P013,1.978340983390808,LSTM,Prediction,Train
2025-09-08,P013,1.9851566553115845,LSTM,Prediction,Train
2025-09-09,P013,1.979665994644165,LSTM,Prediction,Train
2025-09-10,P013,1.98385488986969,LSTM,Prediction,Train
2025-09-11,P013,1.9832708835601807,LSTM,Prediction,Train
2025-09-12,P013,1.983697772026062,LSTM,Prediction,Train
2025-09-13,P013,1.9859747886657715,LSTM,Prediction,Train
2025-09-14,P013,1.9824124574661255,LSTM,Prediction,Train
2025-01-08,P014,2.2155537605285645,LSTM,Prediction,Train
2025-01-09,P014,2.229210138320923,LSTM,Prediction,Train
2025-01-10,P014,2.2410531044006348,LSTM,Prediction,Train
2025-01-11,P014,2.2319400310516357,LSTM,Prediction,Train
2025-01-12,P014,2.217226028442383,LSTM,Prediction,Train
2025-01-13,P014,2.219036102294922,LSTM,Prediction,Train
2025-01-14,P014,2.2321670055389404,LSTM,Prediction,Train
2025-01-15,P014,2.2317116260528564,LSTM,Prediction,Train
2025-01-16,P014,2.2418019771575928,LSTM,Prediction,Train
2025-01-17,P014,2.2442243099212646,LSTM,Prediction,Train
2025-01-18,P014,2.227064847946167,LSTM,Prediction,Train
2025-01-19,P014,2.226503610610962,LSTM,Prediction,Train
2025-01-20,P014,2.2242343425750732,LSTM,Prediction,Train
2025-01-21,P014,2.2328670024871826,LSTM,Prediction,Train
2025-01-22,P014,2.237769603729248,LSTM,Prediction,Train
2025-01-23,P014,2.2518887519836426,LSTM,Prediction,Train
2025-01-24,P014,2.2178702354431152,LSTM,Prediction,Train
2025-01-25,P014,2.239302396774292,LSTM,Prediction,Train
2025-01-26,P014,2.248169422149658,LSTM,Prediction,Train
2025-01-27,P014,2.241544246673584,LSTM,Prediction,Train
2025-01-28,P014,2.2501885890960693,LSTM,Prediction,Train
2025-01-29,P014,2.229377269744873,LSTM,Prediction,Train
2025-01-30,P014,2.236265182495117,LSTM,Prediction,Train
2025-01-31,P014,2.237855911254883,LSTM,Prediction,Train
2025-02-01,P014,2.218693733215332,LSTM,Prediction,Train
2025-02-02,P014,2.2295522689819336,LSTM,Prediction,Train
2025-02-03,P014,2.235671043395996,LSTM,Prediction,Train
2025-02-04,P014,2.2338099479675293,LSTM,Prediction,Train
2025-02-05,P014,2.2246012687683105,LSTM,Prediction,Train
2025-02-06,P014,2.2478911876678467,LSTM,Prediction,Train
2025-02-07,P014,2.2292771339416504,LSTM,Prediction,Train
2025-02-08,P014,2.18422794342041,LSTM,Prediction,Train
2025-02-09,P014,2.2381913661956787,LSTM,Prediction,Train
2025-02-10,P014,2.2232232093811035,LSTM,Prediction,Train
2025-02-11,P014,2.2296411991119385,LSTM,Prediction,Train
2025-02-12,P014,2.2365152835845947,LSTM,Prediction,Train
2025-02-13,P014,2.239638090133667,LSTM,Prediction,Train
2025-02-14,P014,2.224555492401123,LSTM,Prediction,Train
2025-02-15,P014,2.2336525917053223,LSTM,Prediction,Train
2025-02-16,P014,2.226804733276367,LSTM,Prediction,Train
2025-02-17,P014,2.2177462577819824,LSTM,Prediction,Train
2025-02-18,P014,2.235954523086548,LSTM,Prediction,Train
2025-02-19,P014,2.218937397003174,LSTM,Prediction,Train
2025-02-20,P014,2.2459757328033447,LSTM,Prediction,Train
2025-02-21,P014,2.2341485023498535,LSTM,Prediction,Train
2025-02-22,P014,2.229377031326294,LSTM,Prediction,Train
2025-02-23,P014,2.2342448234558105,LSTM,Prediction,Train
2025-02-24,P014,2.2200779914855957,LSTM,Prediction,Train
2025-02-25,P014,2.236480712890625,LSTM,Prediction,Train
2025-02-26,P014,2.2321207523345947,LSTM,Prediction,Train
2025-02-27,P014,2.2234373092651367,LSTM,Prediction,Train
2025-02-28,P014,2.2164838314056396,LSTM,Prediction,Train
2025-03-01,P014,2.2235398292541504,LSTM,Prediction,Train
2025-03-02,P014,2.228510856628418,LSTM,Prediction,Train
2025-03-03,P014,2.229377269744873,LSTM,Prediction,Train
2025-03-04,P014,2.2157607078552246,LSTM,Prediction,Train
2025-03-05,P014,2.2327797412872314,LSTM,Prediction,Train
2025-03-06,P014,2.2277133464813232,LSTM,Prediction,Train
2025-03-07,P014,2.2429051399230957,LSTM,Prediction,Train
2025-03-08,P014,2.2397689819335938,LSTM,Prediction,Train
2025-03-09,P014,2.2274980545043945,LSTM,Prediction,Train
2025-03-10,P014,2.2211968898773193,LSTM,Prediction,Train
2025-03-11,P014,2.2245543003082275,LSTM,Prediction,Train
2025-03-12,P014,2.227752923965454,LSTM,Prediction,Train
2025-03-13,P014,2.229452133178711,LSTM,Prediction,Train
2025-03-14,P014,2.237893581390381,LSTM,Prediction,Train
2025-03-15,P014,2.235001564025879,LSTM,Prediction,Train
2025-03-16,P014,2.2308807373046875,LSTM,Prediction,Train
2025-03-17,P014,2.231452226638794,LSTM,Prediction,Train
2025-03-18,P014,2.2197227478027344,LSTM,Prediction,Train
2025-03-19,P014,2.2404074668884277,LSTM,Prediction,Train
2025-03-20,P014,2.2309110164642334,LSTM,Prediction,Train
2025-03-21,P014,2.225249767303467,LSTM,Prediction,Train
2025-03-22,P014,2.2107977867126465,LSTM,Prediction,Train
2025-03-23,P014,2.230489492416382,LSTM,Prediction,Train
2025-03-24,P014,2.2254953384399414,LSTM,Prediction,Train
2025-03-25,P014,2.234842538833618,LSTM,Prediction,Train
2025-03-26,P014,2.2201859951019287,LSTM,Prediction,Train
2025-03-27,P014,2.222411870956421,LSTM,Prediction,Train
2025-03-28,P014,2.2288410663604736,LSTM,Prediction,Train
2025-03-29,P014,2.2302157878875732,LSTM,Prediction,Train
2025-03-30,P014,2.232059955596924,LSTM,Prediction,Train
2025-03-31,P014,2.2275431156158447,LSTM,Prediction,Train
2025-04-01,P014,2.228578567504883,LSTM,Prediction,Train
2025-04-02,P014,2.234161376953125,LSTM,Prediction,Train
2025-04-03,P014,2.2297825813293457,LSTM,Prediction,Train
2025-04-04,P014,2.23313045501709,LSTM,Prediction,Train
2025-04-05,P014,2.2300353050231934,LSTM,Prediction,Train
2025-04-06,P014,2.2266416549682617,LSTM,Prediction,Train
2025-04-07,P014,2.245370626449585,LSTM,Prediction,Train
2025-04-08,P014,2.2152066230773926,LSTM,Prediction,Train
2025-04-09,P014,2.222696542739868,LSTM,Prediction,Train
2025-04-10,P014,2.230114221572876,LSTM,Prediction,Train
2025-04-11,P014,2.2374706268310547,LSTM,Prediction,Train
2025-04-12,P014,2.2431821823120117,LSTM,Prediction,Train
2025-04-13,P014,2.2450931072235107,LSTM,Prediction,Train
2025-04-14,P014,2.227379560470581,LSTM,Prediction,Train
2025-04-15,P014,2.231078863143921,LSTM,Prediction,Train
2025-04-16,P014,2.222587823867798,LSTM,Prediction,Train
2025-04-17,P014,2.216017246246338,LSTM,Prediction,Train
2025-04-18,P014,2.236891269683838,LSTM,Prediction,Train
2025-04-19,P014,2.233710765838623,LSTM,Prediction,Train
2025-04-20,P014,2.236417531967163,LSTM,Prediction,Train
2025-04-21,P014,2.2441253662109375,LSTM,Prediction,Train
2025-04-22,P014,2.2217469215393066,LSTM,Prediction,Train
2025-04-23,P014,2.2300708293914795,LSTM,Prediction,Train
2025-04-24,P014,2.22662353515625,LSTM,Prediction,Train
2025-04-25,P014,2.220431089401245,LSTM,Prediction,Train
2025-04-26,P014,2.2271459102630615,LSTM,Prediction,Train
2025-04-27,P014,2.2349343299865723,LSTM,Prediction,Train
2025-04-28,P014,2.237022638320923,LSTM,Prediction,Train
2025-04-29,P014,2.225703477859497,LSTM,Prediction,Train
2025-04-30,P014,2.2185521125793457,LSTM,Prediction,Train
2025-05-01,P014,2.229320526123047,LSTM,Prediction,Train
2025-05-02,P014,2.217883825302124,LSTM,Prediction,Train
2025-05-03,P014,2.226557493209839,LSTM,Prediction,Train
2025-05-04,P014,2.247129201889038,LSTM,Prediction,Train
2025-05-05,P014,2.236513137817383,LSTM,Prediction,Train
2025-05-06,P014,2.223525285720825,LSTM,Prediction,Train
2025-05-07,P014,2.2186148166656494,LSTM,Prediction,Train
2025-05-08,P014,2.244785785675049,LSTM,Prediction,Train
2025-05-09,P014,2.234184503555298,LSTM,Prediction,Train
2025-05-10,P014,2.229886531829834,LSTM,Prediction,Train
2025-05-11,P014,2.230940818786621,LSTM,Prediction,Train
2025-05-12,P014,2.2537341117858887,LSTM,Prediction,Train
2025-05-13,P014,2.2349586486816406,LSTM,Prediction,Train
2025-05-14,P014,2.226303815841675,LSTM,Prediction,Train
2025-05-15,P014,2.2358715534210205,LSTM,Prediction,Train
2025-05-16,P014,2.223714590072632,LSTM,Prediction,Train
2025-05-17,P014,2.2397725582122803,LSTM,Prediction,Train
2025-05-18,P014,2.2316572666168213,LSTM,Prediction,Train
2025-05-19,P014,2.229037284851074,LSTM,Prediction,Train
2025-05-20,P014,2.2170448303222656,LSTM,Prediction,Train
2025-05-21,P014,2.2404167652130127,LSTM,Prediction,Train
2025-05-22,P014,2.2269935607910156,LSTM,Prediction,Train
2025-05-23,P014,2.228670597076416,LSTM,Prediction,Train
2025-05-24,P014,2.2389044761657715,LSTM,Prediction,Train
2025-05-25,P014,2.2408857345581055,LSTM,Prediction,Train
2025-05-26,P014,2.238988161087036,LSTM,Prediction,Train
2025-05-27,P014,2.248399019241333,LSTM,Prediction,Train
2025-05-28,P014,2.2263975143432617,LSTM,Prediction,Train
2025-05-29,P014,2.226546049118042,LSTM,Prediction,Train
2025-05-30,P014,2.2173054218292236,LSTM,Prediction,Train
2025-05-31,P014,2.2324728965759277,LSTM,Prediction,Train
2025-06-01,P014,2.2363975048065186,LSTM,Prediction,Train
2025-06-02,P014,2.232649087905884,LSTM,Prediction,Train
2025-06-03,P014,2.2206692695617676,LSTM,Prediction,Train
2025-06-04,P014,2.2269184589385986,LSTM,Prediction,Train
2025-06-05,P014,2.2331950664520264,LSTM,Prediction,Train
2025-06-06,P014,2.2316668033599854,LSTM,Prediction,Train
2025-06-07,P014,2.2296688556671143,LSTM,Prediction,Train
2025-06-08,P014,2.2329745292663574,LSTM,Prediction,Train
2025-06-09,P014,2.224775791168213,LSTM,Prediction,Train
2025-06-10,P014,2.2381575107574463,LSTM,Prediction,Train
2025-06-11,P014,2.2442941665649414,LSTM,Prediction,Train
2025-06-12,P014,2.233046293258667,LSTM,Prediction,Train
2025-06-13,P014,2.2294139862060547,LSTM,Prediction,Train
2025-06-14,P014,2.2239482402801514,LSTM,Prediction,Train
2025-06-15,P014,2.234395980834961,LSTM,Prediction,Train
2025-06-16,P014,2.2367379665374756,LSTM,Prediction,Train
2025-06-17,P014,2.2183287143707275,LSTM,Prediction,Train
2025-06-18,P014,2.2279772758483887,LSTM,Prediction,Train
2025-06-19,P014,2.2220964431762695,LSTM,Prediction,Train
2025-06-20,P014,2.2323784828186035,LSTM,Prediction,Train
2025-06-21,P014,2.225813388824463,LSTM,Prediction,Train
2025-06-22,P014,2.236521005630493,LSTM,Prediction,Train
2025-06-23,P014,2.2442755699157715,LSTM,Prediction,Train
2025-06-24,P014,2.241572141647339,LSTM,Prediction,Train
2025-06-25,P014,2.2333552837371826,LSTM,Prediction,Train
2025-06-26,P014,2.227722406387329,LSTM,Prediction,Train
2025-06-27,P014,2.227999210357666,LSTM,Prediction,Train
2025-06-28,P014,2.2338216304779053,LSTM,Prediction,Train
2025-06-29,P014,2.224358558654785,LSTM,Prediction,Train
2025-06-30,P014,2.2400853633880615,LSTM,Prediction,Train
2025-07-01,P014,2.213496208190918,LSTM,Prediction,Train
2025-07-02,P014,2.240582227706909,LSTM,Prediction,Train
2025-07-03,P014,2.2266626358032227,LSTM,Prediction,Train
2025-07-04,P014,2.212319850921631,LSTM,Prediction,Train
2025-07-05,P014,2.208216667175293,LSTM,Prediction,Train
2025-07-06,P014,2.2392191886901855,LSTM,Prediction,Train
2025-07-07,P014,2.234862804412842,LSTM,Prediction,Train
2025-07-08,P014,2.219114065170288,LSTM,Prediction,Train
2025-07-09,P014,2.239293336868286,LSTM,Prediction,Train
2025-07-10,P014,2.225074529647827,LSTM,Prediction,Train
2025-07-11,P014,2.2327733039855957,LSTM,Prediction,Train
2025-07-12,P014,2.23946213722229,LSTM,Prediction,Train
2025-07-13,P014,2.240957736968994,LSTM,Prediction,Train
2025-07-14,P014,2.2399630546569824,LSTM,Prediction,Train
2025-07-15,P014,2.2397427558898926,LSTM,Prediction,Train
2025-07-16,P014,2.2170209884643555,LSTM,Prediction,Train
2025-07-17,P014,2.2433102130889893,LSTM,Prediction,Train
2025-07-18,P014,2.223123073577881,LSTM,Prediction,Train
2025-07-19,P014,2.231889009475708,LSTM,Prediction,Train
2025-07-20,P014,2.2387378215789795,LSTM,Prediction,Train
2025-07-21,P014,2.239654779434204,LSTM,Prediction,Train
2025-07-22,P014,2.1891303062438965,LSTM,Prediction,Train
2025-07-23,P014,2.232983112335205,LSTM,Prediction,Train
2025-07-24,P014,2.2359986305236816,LSTM,Prediction,Train
2025-07-25,P014,2.2276220321655273,LSTM,Prediction,Train
2025-07-26,P014,2.224982500076294,LSTM,Prediction,Train
2025-07-27,P014,2.234978199005127,LSTM,Prediction,Train
2025-07-28,P014,2.238041400909424,LSTM,Prediction,Train
2025-07-29,P014,2.2446508407592773,LSTM,Prediction,Train
2025-07-30,P014,2.244563341140747,LSTM,Prediction,Train
2025-07-31,P014,2.2326877117156982,LSTM,Prediction,Train
2025-08-01,P014,2.2323029041290283,LSTM,Prediction,Train
2025-08-02,P014,2.2228379249572754,LSTM,Prediction,Train
2025-08-03,P014,2.230186700820923,LSTM,Prediction,Train
2025-08-04,P014,2.2362053394317627,LSTM,Prediction,Train
2025-08-05,P014,2.2272136211395264,LSTM,Prediction,Train
2025-08-06,P014,2.221193552017212,LSTM,Prediction,Train
2025-08-07,P014,2.2422726154327393,LSTM,Prediction,Train
2025-08-08,P014,2.225289821624756,LSTM,Prediction,Train
2025-08-09,P014,2.231334686279297,LSTM,Prediction,Train
2025-08-10,P014,2.2363810539245605,LSTM,Prediction,Train
2025-08-11,P014,2.2325823307037354,LSTM,Prediction,Train
2025-08-12,P014,2.2290596961975098,LSTM,Prediction,Train
2025-08-13,P014,2.22357439994812,LSTM,Prediction,Train
2025-08-14,P014,2.235008478164673,LSTM,Prediction,Train
2025-08-15,P014,2.2354838848114014,LSTM,Prediction,Train
2025-08-16,P014,2.2375972270965576,LSTM,Prediction,Train
2025-08-17,P014,2.229865312576294,LSTM,Prediction,Train
2025-08-18,P014,2.228736162185669,LSTM,Prediction,Train
2025-08-19,P014,2.2462198734283447,LSTM,Prediction,Train
2025-08-20,P014,2.2393529415130615,LSTM,Prediction,Train
2025-08-21,P014,2.2236344814300537,LSTM,Prediction,Train
2025-08-22,P014,2.2325901985168457,LSTM,Prediction,Train
2025-08-23,P014,2.2386951446533203,LSTM,Prediction,Train
2025-08-24,P014,2.232445478439331,LSTM,Prediction,Train
2025-08-25,P014,2.205475091934204,LSTM,Prediction,Train
2025-08-26,P014,2.211097002029419,LSTM,Prediction,Train
2025-08-27,P014,2.229734182357788,LSTM,Prediction,Train
2025-08-28,P014,2.220475673675537,LSTM,Prediction,Train
2025-08-29,P014,2.227571725845337,LSTM,Prediction,Train
2025-08-30,P014,2.209449052810669,LSTM,Prediction,Train
2025-08-31,P014,2.2144014835357666,LSTM,Prediction,Train
2025-09-01,P014,2.2434511184692383,LSTM,Prediction,Train
2025-09-02,P014,2.21948504447937,LSTM,Prediction,Train
2025-09-03,P014,2.221754789352417,LSTM,Prediction,Train
2025-09-04,P014,2.245603322982788,LSTM,Prediction,Train
2025-09-05,P014,2.2258434295654297,LSTM,Prediction,Train
2025-09-06,P014,2.23339581489563,LSTM,Prediction,Train
2025-09-07,P014,2.219608783721924,LSTM,Prediction,Train
2025-09-08,P014,2.2293622493743896,LSTM,Prediction,Train
2025-09-09,P014,2.2227561473846436,LSTM,Prediction,Train
2025-09-10,P014,2.230242967605591,LSTM,Prediction,Train
2025-09-11,P014,2.230618715286255,LSTM,Prediction,Train
2025-09-12,P014,2.225992202758789,LSTM,Prediction,Train
2025-09-13,P014,2.2323105335235596,LSTM,Prediction,Train
2025-09-14,P014,2.2247109413146973,LSTM,Prediction,Train
2025-01-08,P015,2.2149505615234375,LSTM,Prediction,Train
2025-01-09,P015,2.2217540740966797,LSTM,Prediction,Train
2025-01-10,P015,2.229212999343872,LSTM,Prediction,Train
2025-01-11,P015,2.224303960800171,LSTM,Prediction,Train
2025-01-12,P015,2.214287281036377,LSTM,Prediction,Train
2025-01-13,P015,2.2139151096343994,LSTM,Prediction,Train
2025-01-14,P015,2.2238831520080566,LSTM,Prediction,Train
2025-01-15,P015,2.224076986312866,LSTM,Prediction,Train
2025-01-16,P015,2.229830026626587,LSTM,Prediction,Train
2025-01-17,P015,2.2295422554016113,LSTM,Prediction,Train
2025-01-18,P015,2.2215991020202637,LSTM,Prediction,Train
2025-01-19,P015,2.219846725463867,LSTM,Prediction,Train
2025-01-20,P015,2.2184560298919678,LSTM,Prediction,Train
2025-01-21,P015,2.2249999046325684,LSTM,Prediction,Train
2025-01-22,P015,2.2274975776672363,LSTM,Prediction,Train
2025-01-23,P015,2.235351085662842,LSTM,Prediction,Train
2025-01-24,P015,2.2152507305145264,LSTM,Prediction,Train
2025-01-25,P015,2.2275021076202393,LSTM,Prediction,Train
2025-01-26,P015,2.231321334838867,LSTM,Prediction,Train
2025-01-27,P015,2.2279162406921387,LSTM,Prediction,Train
2025-01-28,P015,2.231790542602539,LSTM,Prediction,Train
2025-01-29,P015,2.223052978515625,LSTM,Prediction,Train
2025-01-30,P015,2.2280795574188232,LSTM,Prediction,Train
2025-01-31,P015,2.2272472381591797,LSTM,Prediction,Train
2025-02-01,P015,2.2161953449249268,LSTM,Prediction,Train
2025-02-02,P015,2.223907232284546,LSTM,Prediction,Train
2025-02-03,P015,2.225550413131714,LSTM,Prediction,Train
2025-02-04,P015,2.2237179279327393,LSTM,Prediction,Train
2025-02-05,P015,2.2205286026000977,LSTM,Prediction,Train
2025-02-06,P015,2.230672836303711,LSTM,Prediction,Train
2025-02-07,P015,2.2224385738372803,LSTM,Prediction,Train
2025-02-08,P015,2.1953532695770264,LSTM,Prediction,Train
2025-02-09,P015,2.2265005111694336,LSTM,Prediction,Train
2025-02-10,P015,2.218825340270996,LSTM,Prediction,Train
2025-02-11,P015,2.2215025424957275,LSTM,Prediction,Train
2025-02-12,P015,2.2273805141448975,LSTM,Prediction,Train
2025-02-13,P015,2.227572202682495,LSTM,Prediction,Train
2025-02-14,P015,2.2193641662597656,LSTM,Prediction,Train
2025-02-15,P015,2.224041700363159,LSTM,Prediction,Train
2025-02-16,P015,2.220820188522339,LSTM,Prediction,Train
2025-02-17,P015,2.2157320976257324,LSTM,Prediction,Train
2025-02-18,P015,2.225750684738159,LSTM,Prediction,Train
2025-02-19,P015,2.214667558670044,LSTM,Prediction,Train
2025-02-20,P015,2.230937957763672,LSTM,Prediction,Train
2025-02-21,P015,2.2236459255218506,LSTM,Prediction,Train
2025-02-22,P015,2.2224085330963135,LSTM,Prediction,Train
2025-02-23,P015,2.2250804901123047,LSTM,Prediction,Train
2025-02-24,P015,2.2169971466064453,LSTM,Prediction,Train
2025-02-25,P015,2.2266621589660645,LSTM,Prediction,Train
2025-02-26,P015,2.22408127784729,LSTM,Prediction,Train
2025-02-27,P015,2.220167875289917,LSTM,Prediction,Train
2025-02-28,P015,2.2144293785095215,LSTM,Prediction,Train
2025-03-01,P015,2.218506336212158,LSTM,Prediction,Train
2025-03-02,P015,2.222169876098633,LSTM,Prediction,Train
2025-03-03,P015,2.223414897918701,LSTM,Prediction,Train
2025-03-04,P015,2.2139651775360107,LSTM,Prediction,Train
2025-03-05,P015,2.2244412899017334,LSTM,Prediction,Train
2025-03-06,P015,2.221388816833496,LSTM,Prediction,Train
2025-03-07,P015,2.2299904823303223,LSTM,Prediction,Train
2025-03-08,P015,2.2300913333892822,LSTM,Prediction,Train
2025-03-09,P015,2.219952344894409,LSTM,Prediction,Train
2025-03-10,P015,2.21880841255188,LSTM,Prediction,Train
2025-03-11,P015,2.220707654953003,LSTM,Prediction,Train
2025-03-12,P015,2.220623731613159,LSTM,Prediction,Train
2025-03-13,P015,2.223079204559326,LSTM,Prediction,Train
2025-03-14,P015,2.228254556655884,LSTM,Prediction,Train
2025-03-15,P015,2.2230801582336426,LSTM,Prediction,Train
2025-03-16,P015,2.224886178970337,LSTM,Prediction,Train
2025-03-17,P015,2.223099946975708,LSTM,Prediction,Train
2025-03-18,P015,2.2165346145629883,LSTM,Prediction,Train
2025-03-19,P015,2.22979736328125,LSTM,Prediction,Train
2025-03-20,P015,2.2217907905578613,LSTM,Prediction,Train
2025-03-21,P015,2.219933271408081,LSTM,Prediction,Train
2025-03-22,P015,2.2097573280334473,LSTM,Prediction,Train
2025-03-23,P015,2.2229199409484863,LSTM,Prediction,Train
2025-03-24,P015,2.220797300338745,LSTM,Prediction,Train
2025-03-25,P015,2.2251203060150146,LSTM,Prediction,Train
2025-03-26,P015,2.2199747562408447,LSTM,Prediction,Train
2025-03-27,P015,2.21811842918396,LSTM,Prediction,Train
2025-03-28,P015,2.2218964099884033,LSTM,Prediction,Train
2025-03-29,P015,2.2223949432373047,LSTM,Prediction,Train
2025-03-30,P015,2.2249441146850586,LSTM,Prediction,Train
2025-03-31,P015,2.220691680908203,LSTM,Prediction,Train
2025-04-01,P015,2.221996784210205,LSTM,Prediction,Train
2025-04-02,P015,2.2247936725616455,LSTM,Prediction,Train
2025-04-03,P015,2.2246453762054443,LSTM,Prediction,Train
2025-04-04,P015,2.2254433631896973,LSTM,Prediction,Train
2025-04-05,P015,2.2229185104370117,LSTM,Prediction,Train
2025-04-06,P015,2.2207679748535156,LSTM,Prediction,Train
2025-04-07,P015,2.2302565574645996,LSTM,Prediction,Train
2025-04-08,P015,2.214832067489624,LSTM,Prediction,Train
2025-04-09,P015,2.2182071208953857,LSTM,Prediction,Train
2025-04-10,P015,2.2225446701049805,LSTM,Prediction,Train
2025-04-11,P015,2.2260735034942627,LSTM,Prediction,Train
2025-04-12,P015,2.2314631938934326,LSTM,Prediction,Train
2025-04-13,P015,2.235247850418091,LSTM,Prediction,Train
2025-04-14,P015,2.223013401031494,LSTM,Prediction,Train
2025-04-15,P015,2.2225871086120605,LSTM,Prediction,Train
2025-04-16,P015,2.2192578315734863,LSTM,Prediction,Train
2025-04-17,P015,2.2159006595611572,LSTM,Prediction,Train
2025-04-18,P015,2.226712226867676,LSTM,Prediction,Train
2025-04-19,P015,2.223889112472534,LSTM,Prediction,Train
2025-04-20,P015,2.226813554763794,LSTM,Prediction,Train
2025-04-21,P015,2.2314558029174805,LSTM,Prediction,Train
2025-04-22,P015,2.2183353900909424,LSTM,Prediction,Train
2025-04-23,P015,2.222635507583618,LSTM,Prediction,Train
2025-04-24,P015,2.220278739929199,LSTM,Prediction,Train
2025-04-25,P015,2.217522621154785,LSTM,Prediction,Train
2025-04-26,P015,2.221313714981079,LSTM,Prediction,Train
2025-04-27,P015,2.225505828857422,LSTM,Prediction,Train
2025-04-28,P015,2.228771686553955,LSTM,Prediction,Train
2025-04-29,P015,2.2199370861053467,LSTM,Prediction,Train
2025-04-30,P015,2.2184228897094727,LSTM,Prediction,Train
2025-05-01,P015,2.2226626873016357,LSTM,Prediction,Train
2025-05-02,P015,2.214061975479126,LSTM,Prediction,Train
2025-05-03,P015,2.220034122467041,LSTM,Prediction,Train
2025-05-04,P015,2.2346975803375244,LSTM,Prediction,Train
2025-05-05,P015,2.2263104915618896,LSTM,Prediction,Train
2025-05-06,P015,2.219928026199341,LSTM,Prediction,Train
2025-05-07,P015,2.2161498069763184,LSTM,Prediction,Train
2025-05-08,P015,2.23168683052063,LSTM,Prediction,Train
2025-05-09,P015,2.224130153656006,LSTM,Prediction,Train
2025-05-10,P015,2.2223904132843018,LSTM,Prediction,Train
2025-05-11,P015,2.222921133041382,LSTM,Prediction,Train
2025-05-12,P015,2.236816883087158,LSTM,Prediction,Train
2025-05-13,P015,2.2256040573120117,LSTM,Prediction,Train
2025-05-14,P015,2.2212650775909424,LSTM,Prediction,Train
2025-05-15,P015,2.2252249717712402,LSTM,Prediction,Train
2025-05-16,P015,2.219041585922241,LSTM,Prediction,Train
2025-05-17,P015,2.229321241378784,LSTM,Prediction,Train
2025-05-18,P015,2.2267773151397705,LSTM,Prediction,Train
2025-05-19,P015,2.222219705581665,LSTM,Prediction,Train
2025-05-20,P015,2.2170186042785645,LSTM,Prediction,Train
2025-05-21,P015,2.22847318649292,LSTM,Prediction,Train
2025-05-22,P015,2.2195308208465576,LSTM,Prediction,Train
2025-05-23,P015,2.2223379611968994,LSTM,Prediction,Train
2025-05-24,P015,2.2283542156219482,LSTM,Prediction,Train
2025-05-25,P015,2.2290143966674805,LSTM,Prediction,Train
2025-05-26,P015,2.231139898300171,LSTM,Prediction,Train
2025-05-27,P015,2.236168622970581,LSTM,Prediction,Train
2025-05-28,P015,2.221280813217163,LSTM,Prediction,Train
2025-05-29,P015,2.221442937850952,LSTM,Prediction,Train
2025-05-30,P015,2.2149457931518555,LSTM,Prediction,Train
2025-05-31,P015,2.2256696224212646,LSTM,Prediction,Train
2025-06-01,P015,2.2272796630859375,LSTM,Prediction,Train
2025-06-02,P015,2.224489450454712,LSTM,Prediction,Train
2025-06-03,P015,2.217590808868408,LSTM,Prediction,Train
2025-06-04,P015,2.223480224609375,LSTM,Prediction,Train
2025-06-05,P015,2.2249796390533447,LSTM,Prediction,Train
2025-06-06,P015,2.2225470542907715,LSTM,Prediction,Train
2025-06-07,P015,2.2235052585601807,LSTM,Prediction,Train
2025-06-08,P015,2.2234818935394287,LSTM,Prediction,Train
2025-06-09,P015,2.2201952934265137,LSTM,Prediction,Train
2025-06-10,P015,2.2259795665740967,LSTM,Prediction,Train
2025-06-11,P015,2.2315828800201416,LSTM,Prediction,Train
2025-06-12,P015,2.2258992195129395,LSTM,Prediction,Train
2025-06-13,P015,2.221766233444214,LSTM,Prediction,Train
2025-06-14,P015,2.2220332622528076,LSTM,Prediction,Train
2025-06-15,P015,2.2253124713897705,LSTM,Prediction,Train
2025-06-16,P015,2.2273004055023193,LSTM,Prediction,Train
2025-06-17,P015,2.214401960372925,LSTM,Prediction,Train
2025-06-18,P015,2.2236621379852295,LSTM,Prediction,Train
2025-06-19,P015,2.2171809673309326,LSTM,Prediction,Train
2025-06-20,P015,2.224752902984619,LSTM,Prediction,Train
2025-06-21,P015,2.220994472503662,LSTM,Prediction,Train
2025-06-22,P015,2.226142644882202,LSTM,Prediction,Train
2025-06-23,P015,2.2313427925109863,LSTM,Prediction,Train
2025-06-24,P015,2.2290422916412354,LSTM,Prediction,Train
2025-06-25,P015,2.2267940044403076,LSTM,Prediction,Train
2025-06-26,P015,2.221998691558838,LSTM,Prediction,Train
2025-06-27,P015,2.2218050956726074,LSTM,Prediction,Train
2025-06-28,P015,2.224579095840454,LSTM,Prediction,Train
2025-06-29,P015,2.219888687133789,LSTM,Prediction,Train
2025-06-30,P015,2.227971315383911,LSTM,Prediction,Train
2025-07-01,P015,2.212608575820923,LSTM,Prediction,Train
2025-07-02,P015,2.228201389312744,LSTM,Prediction,Train
2025-07-03,P015,2.2222907543182373,LSTM,Prediction,Train
2025-07-04,P015,2.21197509765625,LSTM,Prediction,Train
2025-07-05,P015,2.2103536128997803,LSTM,Prediction,Train
2025-07-06,P015,2.2267236709594727,LSTM,Prediction,Train
2025-07-07,P015,2.226531982421875,LSTM,Prediction,Train
2025-07-08,P015,2.2164463996887207,LSTM,Prediction,Train
2025-07-09,P015,2.2275102138519287,LSTM,Prediction,Train
2025-07-10,P015,2.218862771987915,LSTM,Prediction,Train
2025-07-11,P015,2.22400164604187,LSTM,Prediction,Train
2025-07-12,P015,2.2313716411590576,LSTM,Prediction,Train
2025-07-13,P015,2.22526216506958,LSTM,Prediction,Train
2025-07-14,P015,2.2265217304229736,LSTM,Prediction,Train
2025-07-15,P015,2.230314254760742,LSTM,Prediction,Train
2025-07-16,P015,2.2155985832214355,LSTM,Prediction,Train
2025-07-17,P015,2.2316601276397705,LSTM,Prediction,Train
2025-07-18,P015,2.217534065246582,LSTM,Prediction,Train
2025-07-19,P015,2.2237420082092285,LSTM,Prediction,Train
2025-07-20,P015,2.2273905277252197,LSTM,Prediction,Train
2025-07-21,P015,2.229356527328491,LSTM,Prediction,Train
2025-07-22,P015,2.1974434852600098,LSTM,Prediction,Train
2025-07-23,P015,2.2247612476348877,LSTM,Prediction,Train
2025-07-24,P015,2.225416660308838,LSTM,Prediction,Train
2025-07-25,P015,2.222217082977295,LSTM,Prediction,Train
2025-07-26,P015,2.2193362712860107,LSTM,Prediction,Train
2025-07-27,P015,2.226219892501831,LSTM,Prediction,Train
2025-07-28,P015,2.2279837131500244,LSTM,Prediction,Train
2025-07-29,P015,2.2310304641723633,LSTM,Prediction,Train
2025-07-30,P015,2.232433319091797,LSTM,Prediction,Train
2025-07-31,P015,2.2251501083374023,LSTM,Prediction,Train
2025-08-01,P015,2.224778175354004,LSTM,Prediction,Train
2025-08-02,P015,2.218209981918335,LSTM,Prediction,Train
2025-08-03,P015,2.2213730812072754,LSTM,Prediction,Train
2025-08-04,P015,2.2258689403533936,LSTM,Prediction,Train
2025-08-05,P015,2.221583843231201,LSTM,Prediction,Train
2025-08-06,P015,2.2181596755981445,LSTM,Prediction,Train
2025-08-07,P015,2.2288947105407715,LSTM,Prediction,Train
2025-08-08,P015,2.2215754985809326,LSTM,Prediction,Train
2025-08-09,P015,2.2231650352478027,LSTM,Prediction,Train
2025-08-10,P015,2.2282488346099854,LSTM,Prediction,Train
2025-08-11,P015,2.224276542663574,LSTM,Prediction,Train
2025-08-12,P015,2.2221906185150146,LSTM,Prediction,Train
2025-08-13,P015,2.221557140350342,LSTM,Prediction,Train
2025-08-14,P015,2.2253799438476562,LSTM,Prediction,Train
2025-08-15,P015,2.2284343242645264,LSTM,Prediction,Train
2025-08-16,P015,2.227226972579956,LSTM,Prediction,Train
2025-08-17,P015,2.2262825965881348,LSTM,Prediction,Train
2025-08-18,P015,2.2248189449310303,LSTM,Prediction,Train
2025-08-19,P015,2.2330141067504883,LSTM,Prediction,Train
2025-08-20,P015,2.2285473346710205,LSTM,Prediction,Train
2025-08-21,P015,2.2201528549194336,LSTM,Prediction,Train
2025-08-22,P015,2.2247002124786377,LSTM,Prediction,Train
2025-08-23,P015,2.228471040725708,LSTM,Prediction,Train
2025-08-24,P015,2.2243423461914062,LSTM,Prediction,Train
2025-08-25,P015,2.208588123321533,LSTM,Prediction,Train
2025-08-26,P015,2.211996555328369,LSTM,Prediction,Train
2025-08-27,P015,2.2220499515533447,LSTM,Prediction,Train
2025-08-28,P015,2.2175369262695312,LSTM,Prediction,Train
2025-08-29,P015,2.221071243286133,LSTM,Prediction,Train
2025-08-30,P015,2.210350275039673,LSTM,Prediction,Train
2025-08-31,P015,2.213366985321045,LSTM,Prediction,Train
2025-09-01,P015,2.2304892539978027,LSTM,Prediction,Train
2025-09-02,P015,2.2171077728271484,LSTM,Prediction,Train
2025-09-03,P015,2.218858003616333,LSTM,Prediction,Train
2025-09-04,P015,2.233691692352295,LSTM,Prediction,Train
2025-09-05,P015,2.21891713142395,LSTM,Prediction,Train
2025-09-06,P015,2.225250720977783,LSTM,Prediction,Train
2025-09-07,P015,2.2177765369415283,LSTM,Prediction,Train
2025-09-08,P015,2.2226192951202393,LSTM,Prediction,Train
2025-09-09,P015,2.2180733680725098,LSTM,Prediction,Train
2025-09-10,P015,2.2227344512939453,LSTM,Prediction,Train
2025-09-11,P015,2.2229020595550537,LSTM,Prediction,Train
2025-09-12,P015,2.21989369392395,LSTM,Prediction,Train
2025-09-13,P015,2.2248833179473877,LSTM,Prediction,Train
2025-09-14,P015,2.2207674980163574,LSTM,Prediction,Train
2025-01-08,P016,1.9681862592697144,LSTM,Prediction,Train
2025-01-09,P016,1.9767770767211914,LSTM,Prediction,Train
2025-01-10,P016,1.9859048128128052,LSTM,Prediction,Train
2025-01-11,P016,1.9790791273117065,LSTM,Prediction,Train
2025-01-12,P016,1.966946005821228,LSTM,Prediction,Train
2025-01-13,P016,1.9720799922943115,LSTM,Prediction,Train
2025-01-14,P016,1.9795005321502686,LSTM,Prediction,Train
2025-01-15,P016,1.9786396026611328,LSTM,Prediction,Train
2025-01-16,P016,1.988026738166809,LSTM,Prediction,Train
2025-01-17,P016,1.9888906478881836,LSTM,Prediction,Train
2025-01-18,P016,1.9749330282211304,LSTM,Prediction,Train
2025-01-19,P016,1.9745385646820068,LSTM,Prediction,Train
2025-01-20,P016,1.9745384454727173,LSTM,Prediction,Train
2025-01-21,P016,1.978954792022705,LSTM,Prediction,Train
2025-01-22,P016,1.982130527496338,LSTM,Prediction,Train
2025-01-23,P016,1.9866863489151,LSTM,Prediction,Train
2025-01-24,P016,1.9685732126235962,LSTM,Prediction,Train
2025-01-25,P016,1.9836671352386475,LSTM,Prediction,Train
2025-01-26,P016,1.9901807308197021,LSTM,Prediction,Train
2025-01-27,P016,1.9855613708496094,LSTM,Prediction,Train
2025-01-28,P016,1.986865758895874,LSTM,Prediction,Train
2025-01-29,P016,1.976135492324829,LSTM,Prediction,Train
2025-01-30,P016,1.9784554243087769,LSTM,Prediction,Train
2025-01-31,P016,1.9817779064178467,LSTM,Prediction,Train
2025-02-01,P016,1.9675332307815552,LSTM,Prediction,Train
2025-02-02,P016,1.9748127460479736,LSTM,Prediction,Train
2025-02-03,P016,1.9802380800247192,LSTM,Prediction,Train
2025-02-04,P016,1.982818841934204,LSTM,Prediction,Train
2025-02-05,P016,1.971988558769226,LSTM,Prediction,Train
2025-02-06,P016,1.9860899448394775,LSTM,Prediction,Train
2025-02-07,P016,1.9766149520874023,LSTM,Prediction,Train
2025-02-08,P016,1.9443317651748657,LSTM,Prediction,Train
2025-02-09,P016,1.983299732208252,LSTM,Prediction,Train
2025-02-10,P016,1.9723831415176392,LSTM,Prediction,Train
2025-02-11,P016,1.976262092590332,LSTM,Prediction,Train
2025-02-12,P016,1.9793318510055542,LSTM,Prediction,Train
2025-02-13,P016,1.983446717262268,LSTM,Prediction,Train
2025-02-14,P016,1.9714936017990112,LSTM,Prediction,Train
2025-02-15,P016,1.9800595045089722,LSTM,Prediction,Train
2025-02-16,P016,1.975117802619934,LSTM,Prediction,Train
2025-02-17,P016,1.9686930179595947,LSTM,Prediction,Train
2025-02-18,P016,1.9825105667114258,LSTM,Prediction,Train
2025-02-19,P016,1.9684984683990479,LSTM,Prediction,Train
2025-02-20,P016,1.9898269176483154,LSTM,Prediction,Train
2025-02-21,P016,1.9816577434539795,LSTM,Prediction,Train
2025-02-22,P016,1.9762506484985352,LSTM,Prediction,Train
2025-02-23,P016,1.9799737930297852,LSTM,Prediction,Train
2025-02-24,P016,1.9692952632904053,LSTM,Prediction,Train
2025-02-25,P016,1.9797474145889282,LSTM,Prediction,Train
2025-02-26,P016,1.9775465726852417,LSTM,Prediction,Train
2025-02-27,P016,1.9734091758728027,LSTM,Prediction,Train
2025-02-28,P016,1.966323971748352,LSTM,Prediction,Train
2025-03-01,P016,1.9721049070358276,LSTM,Prediction,Train
2025-03-02,P016,1.975931167602539,LSTM,Prediction,Train
2025-03-03,P016,1.976694107055664,LSTM,Prediction,Train
2025-03-04,P016,1.9629452228546143,LSTM,Prediction,Train
2025-03-05,P016,1.9773447513580322,LSTM,Prediction,Train
2025-03-06,P016,1.9765127897262573,LSTM,Prediction,Train
2025-03-07,P016,1.985896348953247,LSTM,Prediction,Train
2025-03-08,P016,1.9828416109085083,LSTM,Prediction,Train
2025-03-09,P016,1.9741686582565308,LSTM,Prediction,Train
2025-03-10,P016,1.9685516357421875,LSTM,Prediction,Train
2025-03-11,P016,1.9731136560440063,LSTM,Prediction,Train
2025-03-12,P016,1.977011799812317,LSTM,Prediction,Train
2025-03-13,P016,1.9768859148025513,LSTM,Prediction,Train
2025-03-14,P016,1.9818841218948364,LSTM,Prediction,Train
2025-03-15,P016,1.980111002922058,LSTM,Prediction,Train
2025-03-16,P016,1.9765182733535767,LSTM,Prediction,Train
2025-03-17,P016,1.9790016412734985,LSTM,Prediction,Train
2025-03-18,P016,1.969395637512207,LSTM,Prediction,Train
2025-03-19,P016,1.9845116138458252,LSTM,Prediction,Train
2025-03-20,P016,1.9792522192001343,LSTM,Prediction,Train
2025-03-21,P016,1.9745217561721802,LSTM,Prediction,Train
2025-03-22,P016,1.9641749858856201,LSTM,Prediction,Train
2025-03-23,P016,1.9754067659378052,LSTM,Prediction,Train
2025-03-24,P016,1.9733537435531616,LSTM,Prediction,Train
2025-03-25,P016,1.9802805185317993,LSTM,Prediction,Train
2025-03-26,P016,1.9684062004089355,LSTM,Prediction,Train
2025-03-27,P016,1.9730205535888672,LSTM,Prediction,Train
2025-03-28,P016,1.9726561307907104,LSTM,Prediction,Train
2025-03-29,P016,1.977096438407898,LSTM,Prediction,Train
2025-03-30,P016,1.9768167734146118,LSTM,Prediction,Train
2025-03-31,P016,1.9757174253463745,LSTM,Prediction,Train
2025-04-01,P016,1.9741705656051636,LSTM,Prediction,Train
2025-04-02,P016,1.9799168109893799,LSTM,Prediction,Train
2025-04-03,P016,1.976331114768982,LSTM,Prediction,Train
2025-04-04,P016,1.975731611251831,LSTM,Prediction,Train
2025-04-05,P016,1.9775385856628418,LSTM,Prediction,Train
2025-04-06,P016,1.9738909006118774,LSTM,Prediction,Train
2025-04-07,P016,1.9866666793823242,LSTM,Prediction,Train
2025-04-08,P016,1.9677528142929077,LSTM,Prediction,Train
2025-04-09,P016,1.9711339473724365,LSTM,Prediction,Train
2025-04-10,P016,1.9764404296875,LSTM,Prediction,Train
2025-04-11,P016,1.9828044176101685,LSTM,Prediction,Train
2025-04-12,P016,1.9843732118606567,LSTM,Prediction,Train
2025-04-13,P016,1.9830561876296997,LSTM,Prediction,Train
2025-04-14,P016,1.97585129737854,LSTM,Prediction,Train
2025-04-15,P016,1.9786834716796875,LSTM,Prediction,Train
2025-04-16,P016,1.971545934677124,LSTM,Prediction,Train
2025-04-17,P016,1.9680075645446777,LSTM,Prediction,Train
2025-04-18,P016,1.9817317724227905,LSTM,Prediction,Train
2025-04-19,P016,1.9814753532409668,LSTM,Prediction,Train
2025-04-20,P016,1.9841760396957397,LSTM,Prediction,Train
2025-04-21,P016,1.9859784841537476,LSTM,Prediction,Train
2025-04-22,P016,1.9720487594604492,LSTM,Prediction,Train
2025-04-23,P016,1.974603533744812,LSTM,Prediction,Train
2025-04-24,P016,1.9730207920074463,LSTM,Prediction,Train
2025-04-25,P016,1.9704619646072388,LSTM,Prediction,Train
2025-04-26,P016,1.9750373363494873,LSTM,Prediction,Train
2025-04-27,P016,1.9800872802734375,LSTM,Prediction,Train
2025-04-28,P016,1.9802112579345703,LSTM,Prediction,Train
2025-04-29,P016,1.9732824563980103,LSTM,Prediction,Train
2025-04-30,P016,1.9696171283721924,LSTM,Prediction,Train
2025-05-01,P016,1.9752594232559204,LSTM,Prediction,Train
2025-05-02,P016,1.966170310974121,LSTM,Prediction,Train
2025-05-03,P016,1.9709899425506592,LSTM,Prediction,Train
2025-05-04,P016,1.9840703010559082,LSTM,Prediction,Train
2025-05-05,P016,1.9827173948287964,LSTM,Prediction,Train
2025-05-06,P016,1.9727802276611328,LSTM,Prediction,Train
2025-05-07,P016,1.9677507877349854,LSTM,Prediction,Train
2025-05-08,P016,1.9843792915344238,LSTM,Prediction,Train
2025-05-09,P016,1.9809162616729736,LSTM,Prediction,Train
2025-05-10,P016,1.9772205352783203,LSTM,Prediction,Train
2025-05-11,P016,1.9772603511810303,LSTM,Prediction,Train
2025-05-12,P016,1.9907617568969727,LSTM,Prediction,Train
2025-05-13,P016,1.981130599975586,LSTM,Prediction,Train
2025-05-14,P016,1.9747613668441772,LSTM,Prediction,Train
2025-05-15,P016,1.981199860572815,LSTM,Prediction,Train
2025-05-16,P016,1.9714336395263672,LSTM,Prediction,Train
2025-05-17,P016,1.9817531108856201,LSTM,Prediction,Train
2025-05-18,P016,1.9733628034591675,LSTM,Prediction,Train
2025-05-19,P016,1.9745309352874756,LSTM,Prediction,Train
2025-05-20,P016,1.9647464752197266,LSTM,Prediction,Train
2025-05-21,P016,1.982556939125061,LSTM,Prediction,Train
2025-05-22,P016,1.9756771326065063,LSTM,Prediction,Train
2025-05-23,P016,1.971975564956665,LSTM,Prediction,Train
2025-05-24,P016,1.9825522899627686,LSTM,Prediction,Train
2025-05-25,P016,1.9848357439041138,LSTM,Prediction,Train
2025-05-26,P016,1.9832782745361328,LSTM,Prediction,Train
2025-05-27,P016,1.986067771911621,LSTM,Prediction,Train
2025-05-28,P016,1.9732285737991333,LSTM,Prediction,Train
2025-05-29,P016,1.9742990732192993,LSTM,Prediction,Train
2025-05-30,P016,1.9688053131103516,LSTM,Prediction,Train
2025-05-31,P016,1.9799751043319702,LSTM,Prediction,Train
2025-06-01,P016,1.9809961318969727,LSTM,Prediction,Train
2025-06-02,P016,1.9784669876098633,LSTM,Prediction,Train
2025-06-03,P016,1.9711434841156006,LSTM,Prediction,Train
2025-06-04,P016,1.9699320793151855,LSTM,Prediction,Train
2025-06-05,P016,1.9764370918273926,LSTM,Prediction,Train
2025-06-06,P016,1.978113055229187,LSTM,Prediction,Train
2025-06-07,P016,1.9781920909881592,LSTM,Prediction,Train
2025-06-08,P016,1.9787635803222656,LSTM,Prediction,Train
2025-06-09,P016,1.9739173650741577,LSTM,Prediction,Train
2025-06-10,P016,1.9846466779708862,LSTM,Prediction,Train
2025-06-11,P016,1.986962080001831,LSTM,Prediction,Train
2025-06-12,P016,1.9768680334091187,LSTM,Prediction,Train
2025-06-13,P016,1.9767024517059326,LSTM,Prediction,Train
2025-06-14,P016,1.9698245525360107,LSTM,Prediction,Train
2025-06-15,P016,1.9795137643814087,LSTM,Prediction,Train
2025-06-16,P016,1.979655146598816,LSTM,Prediction,Train
2025-06-17,P016,1.9680768251419067,LSTM,Prediction,Train
2025-06-18,P016,1.9726930856704712,LSTM,Prediction,Train
2025-06-19,P016,1.9723739624023438,LSTM,Prediction,Train
2025-06-20,P016,1.9746291637420654,LSTM,Prediction,Train
2025-06-21,P016,1.9752748012542725,LSTM,Prediction,Train
2025-06-22,P016,1.9809129238128662,LSTM,Prediction,Train
2025-06-23,P016,1.9852544069290161,LSTM,Prediction,Train
2025-06-24,P016,1.9838485717773438,LSTM,Prediction,Train
2025-06-25,P016,1.9761066436767578,LSTM,Prediction,Train
2025-06-26,P016,1.9738308191299438,LSTM,Prediction,Train
2025-06-27,P016,1.975913166999817,LSTM,Prediction,Train
2025-06-28,P016,1.9807305335998535,LSTM,Prediction,Train
2025-06-29,P016,1.9716143608093262,LSTM,Prediction,Train
2025-06-30,P016,1.9836277961730957,LSTM,Prediction,Train
2025-07-01,P016,1.964714765548706,LSTM,Prediction,Train
2025-07-02,P016,1.9837312698364258,LSTM,Prediction,Train
2025-07-03,P016,1.9707611799240112,LSTM,Prediction,Train
2025-07-04,P016,1.9648176431655884,LSTM,Prediction,Train
2025-07-05,P016,1.9634265899658203,LSTM,Prediction,Train
2025-07-06,P016,1.9852420091629028,LSTM,Prediction,Train
2025-07-07,P016,1.9808353185653687,LSTM,Prediction,Train
2025-07-08,P016,1.9703080654144287,LSTM,Prediction,Train
2025-07-09,P016,1.983049988746643,LSTM,Prediction,Train
2025-07-10,P016,1.9743140935897827,LSTM,Prediction,Train
2025-07-11,P016,1.9780975580215454,LSTM,Prediction,Train
2025-07-12,P016,1.9810309410095215,LSTM,Prediction,Train
2025-07-13,P016,1.9865193367004395,LSTM,Prediction,Train
2025-07-14,P016,1.9820858240127563,LSTM,Prediction,Train
2025-07-15,P016,1.9824318885803223,LSTM,Prediction,Train
2025-07-16,P016,1.9670636653900146,LSTM,Prediction,Train
2025-07-17,P016,1.9841444492340088,LSTM,Prediction,Train
2025-07-18,P016,1.9736522436141968,LSTM,Prediction,Train
2025-07-19,P016,1.9779620170593262,LSTM,Prediction,Train
2025-07-20,P016,1.9842965602874756,LSTM,Prediction,Train
2025-07-21,P016,1.981047511100769,LSTM,Prediction,Train
2025-07-22,P016,1.9455796480178833,LSTM,Prediction,Train
2025-07-23,P016,1.9783785343170166,LSTM,Prediction,Train
2025-07-24,P016,1.9817748069763184,LSTM,Prediction,Train
2025-07-25,P016,1.9701249599456787,LSTM,Prediction,Train
2025-07-26,P016,1.9746347665786743,LSTM,Prediction,Train
2025-07-27,P016,1.9802775382995605,LSTM,Prediction,Train
2025-07-28,P016,1.9822372198104858,LSTM,Prediction,Train
2025-07-29,P016,1.9826056957244873,LSTM,Prediction,Train
2025-07-30,P016,1.986021637916565,LSTM,Prediction,Train
2025-07-31,P016,1.9766850471496582,LSTM,Prediction,Train
2025-08-01,P016,1.9788278341293335,LSTM,Prediction,Train
2025-08-02,P016,1.971710205078125,LSTM,Prediction,Train
2025-08-03,P016,1.977685570716858,LSTM,Prediction,Train
2025-08-04,P016,1.9798290729522705,LSTM,Prediction,Train
2025-08-05,P016,1.974911093711853,LSTM,Prediction,Train
2025-08-06,P016,1.9703084230422974,LSTM,Prediction,Train
2025-08-07,P016,1.9879196882247925,LSTM,Prediction,Train
2025-08-08,P016,1.9743210077285767,LSTM,Prediction,Train
2025-08-09,P016,1.978417992591858,LSTM,Prediction,Train
2025-08-10,P016,1.9801108837127686,LSTM,Prediction,Train
2025-08-11,P016,1.978716492652893,LSTM,Prediction,Train
2025-08-12,P016,1.9765055179595947,LSTM,Prediction,Train
2025-08-13,P016,1.9724249839782715,LSTM,Prediction,Train
2025-08-14,P016,1.9804424047470093,LSTM,Prediction,Train
2025-08-15,P016,1.977054238319397,LSTM,Prediction,Train
2025-08-16,P016,1.9818687438964844,LSTM,Prediction,Train
2025-08-17,P016,1.970698356628418,LSTM,Prediction,Train
2025-08-18,P016,1.9727412462234497,LSTM,Prediction,Train
2025-08-19,P016,1.9847270250320435,LSTM,Prediction,Train
2025-08-20,P016,1.9818843603134155,LSTM,Prediction,Train
2025-08-21,P016,1.9724639654159546,LSTM,Prediction,Train
2025-08-22,P016,1.977612853050232,LSTM,Prediction,Train
2025-08-23,P016,1.9800177812576294,LSTM,Prediction,Train
2025-08-24,P016,1.9764842987060547,LSTM,Prediction,Train
2025-08-25,P016,1.9597941637039185,LSTM,Prediction,Train
2025-08-26,P016,1.9626972675323486,LSTM,Prediction,Train
2025-08-27,P016,1.9774583578109741,LSTM,Prediction,Train
2025-08-28,P016,1.9709291458129883,LSTM,Prediction,Train
2025-08-29,P016,1.9748053550720215,LSTM,Prediction,Train
2025-08-30,P016,1.9611451625823975,LSTM,Prediction,Train
2025-08-31,P016,1.9681209325790405,LSTM,Prediction,Train
2025-09-01,P016,1.9840856790542603,LSTM,Prediction,Train
2025-09-02,P016,1.96908438205719,LSTM,Prediction,Train
2025-09-03,P016,1.9703513383865356,LSTM,Prediction,Train
2025-09-04,P016,1.9852540493011475,LSTM,Prediction,Train
2025-09-05,P016,1.976514458656311,LSTM,Prediction,Train
2025-09-06,P016,1.9761199951171875,LSTM,Prediction,Train
2025-09-07,P016,1.9682669639587402,LSTM,Prediction,Train
2025-09-08,P016,1.9754726886749268,LSTM,Prediction,Train
2025-09-09,P016,1.971387267112732,LSTM,Prediction,Train
2025-09-10,P016,1.9778231382369995,LSTM,Prediction,Train
2025-09-11,P016,1.9742465019226074,LSTM,Prediction,Train
2025-09-12,P016,1.973166823387146,LSTM,Prediction,Train
2025-09-13,P016,1.9793566465377808,LSTM,Prediction,Train
2025-09-14,P016,1.9734840393066406,LSTM,Prediction,Train
2025-01-08,P017,1.856858491897583,LSTM,Prediction,Train
2025-01-09,P017,1.8705496788024902,LSTM,Prediction,Train
2025-01-10,P017,1.8816412687301636,LSTM,Prediction,Train
2025-01-11,P017,1.8735482692718506,LSTM,Prediction,Train
2025-01-12,P017,1.8590257167816162,LSTM,Prediction,Train
2025-01-13,P017,1.8630001544952393,LSTM,Prediction,Train
2025-01-14,P017,1.8742530345916748,LSTM,Prediction,Train
2025-01-15,P017,1.8721983432769775,LSTM,Prediction,Train
2025-01-16,P017,1.8836185932159424,LSTM,Prediction,Train
2025-01-17,P017,1.8832353353500366,LSTM,Prediction,Train
2025-01-18,P017,1.8679660558700562,LSTM,Prediction,Train
2025-01-19,P017,1.8682124614715576,LSTM,Prediction,Train
2025-01-20,P017,1.865494728088379,LSTM,Prediction,Train
2025-01-21,P017,1.8725428581237793,LSTM,Prediction,Train
2025-01-22,P017,1.8779783248901367,LSTM,Prediction,Train
2025-01-23,P017,1.888721227645874,LSTM,Prediction,Train
2025-01-24,P017,1.8596267700195312,LSTM,Prediction,Train
2025-01-25,P017,1.8812825679779053,LSTM,Prediction,Train
2025-01-26,P017,1.892514944076538,LSTM,Prediction,Train
2025-01-27,P017,1.8830024003982544,LSTM,Prediction,Train
2025-01-28,P017,1.8902411460876465,LSTM,Prediction,Train
2025-01-29,P017,1.8702595233917236,LSTM,Prediction,Train
2025-01-30,P017,1.875800609588623,LSTM,Prediction,Train
2025-01-31,P017,1.8784332275390625,LSTM,Prediction,Train
2025-02-01,P017,1.8578956127166748,LSTM,Prediction,Train
2025-02-02,P017,1.8691785335540771,LSTM,Prediction,Train
2025-02-03,P017,1.8760428428649902,LSTM,Prediction,Train
2025-02-04,P017,1.8751368522644043,LSTM,Prediction,Train
2025-02-05,P017,1.8659498691558838,LSTM,Prediction,Train
2025-02-06,P017,1.886443018913269,LSTM,Prediction,Train
2025-02-07,P017,1.870733618736267,LSTM,Prediction,Train
2025-02-08,P017,1.8274080753326416,LSTM,Prediction,Train
2025-02-09,P017,1.8789411783218384,LSTM,Prediction,Train
2025-02-10,P017,1.865049123764038,LSTM,Prediction,Train
2025-02-11,P017,1.8716275691986084,LSTM,Prediction,Train
2025-02-12,P017,1.8754017353057861,LSTM,Prediction,Train
2025-02-13,P017,1.8812921047210693,LSTM,Prediction,Train
2025-02-14,P017,1.865923285484314,LSTM,Prediction,Train
2025-02-15,P017,1.8760535717010498,LSTM,Prediction,Train
2025-02-16,P017,1.868564486503601,LSTM,Prediction,Train
2025-02-17,P017,1.8597378730773926,LSTM,Prediction,Train
2025-02-18,P017,1.8781194686889648,LSTM,Prediction,Train
2025-02-19,P017,1.8588484525680542,LSTM,Prediction,Train
2025-02-20,P017,1.8855047225952148,LSTM,Prediction,Train
2025-02-21,P017,1.8754419088363647,LSTM,Prediction,Train
2025-02-22,P017,1.8713300228118896,LSTM,Prediction,Train
2025-02-23,P017,1.8713715076446533,LSTM,Prediction,Train
2025-02-24,P017,1.8609116077423096,LSTM,Prediction,Train
2025-02-25,P017,1.8742111921310425,LSTM,Prediction,Train
2025-02-26,P017,1.8723552227020264,LSTM,Prediction,Train
2025-02-27,P017,1.867688775062561,LSTM,Prediction,Train
2025-02-28,P017,1.858659029006958,LSTM,Prediction,Train
2025-03-01,P017,1.8650150299072266,LSTM,Prediction,Train
2025-03-02,P017,1.8699913024902344,LSTM,Prediction,Train
2025-03-03,P017,1.869189739227295,LSTM,Prediction,Train
2025-03-04,P017,1.8542163372039795,LSTM,Prediction,Train
2025-03-05,P017,1.87327241897583,LSTM,Prediction,Train
2025-03-06,P017,1.8664512634277344,LSTM,Prediction,Train
2025-03-07,P017,1.8823333978652954,LSTM,Prediction,Train
2025-03-08,P017,1.8801028728485107,LSTM,Prediction,Train
2025-03-09,P017,1.870713233947754,LSTM,Prediction,Train
2025-03-10,P017,1.8628675937652588,LSTM,Prediction,Train
2025-03-11,P017,1.8655309677124023,LSTM,Prediction,Train
2025-03-12,P017,1.8681256771087646,LSTM,Prediction,Train
2025-03-13,P017,1.870225429534912,LSTM,Prediction,Train
2025-03-14,P017,1.8778492212295532,LSTM,Prediction,Train
2025-03-15,P017,1.8753268718719482,LSTM,Prediction,Train
2025-03-16,P017,1.8705871105194092,LSTM,Prediction,Train
2025-03-17,P017,1.8742295503616333,LSTM,Prediction,Train
2025-03-18,P017,1.8620753288269043,LSTM,Prediction,Train
2025-03-19,P017,1.8827543258666992,LSTM,Prediction,Train
2025-03-20,P017,1.8745362758636475,LSTM,Prediction,Train
2025-03-21,P017,1.8667585849761963,LSTM,Prediction,Train
2025-03-22,P017,1.8536243438720703,LSTM,Prediction,Train
2025-03-23,P017,1.8710460662841797,LSTM,Prediction,Train
2025-03-24,P017,1.8660728931427002,LSTM,Prediction,Train
2025-03-25,P017,1.87315034866333,LSTM,Prediction,Train
2025-03-26,P017,1.8570362329483032,LSTM,Prediction,Train
2025-03-27,P017,1.8623031377792358,LSTM,Prediction,Train
2025-03-28,P017,1.8671207427978516,LSTM,Prediction,Train
2025-03-29,P017,1.8726797103881836,LSTM,Prediction,Train
2025-03-30,P017,1.8705933094024658,LSTM,Prediction,Train
2025-03-31,P017,1.8674437999725342,LSTM,Prediction,Train
2025-04-01,P017,1.868781328201294,LSTM,Prediction,Train
2025-04-02,P017,1.8754491806030273,LSTM,Prediction,Train
2025-04-03,P017,1.8716399669647217,LSTM,Prediction,Train
2025-04-04,P017,1.8729701042175293,LSTM,Prediction,Train
2025-04-05,P017,1.8687466382980347,LSTM,Prediction,Train
2025-04-06,P017,1.869325041770935,LSTM,Prediction,Train
2025-04-07,P017,1.8849502801895142,LSTM,Prediction,Train
2025-04-08,P017,1.857426404953003,LSTM,Prediction,Train
2025-04-09,P017,1.8640031814575195,LSTM,Prediction,Train
2025-04-10,P017,1.8714208602905273,LSTM,Prediction,Train
2025-04-11,P017,1.8777766227722168,LSTM,Prediction,Train
2025-04-12,P017,1.8832604885101318,LSTM,Prediction,Train
2025-04-13,P017,1.8847380876541138,LSTM,Prediction,Train
2025-04-14,P017,1.8681392669677734,LSTM,Prediction,Train
2025-04-15,P017,1.8730953931808472,LSTM,Prediction,Train
2025-04-16,P017,1.8643031120300293,LSTM,Prediction,Train
2025-04-17,P017,1.8583359718322754,LSTM,Prediction,Train
2025-04-18,P017,1.8778718709945679,LSTM,Prediction,Train
2025-04-19,P017,1.876464605331421,LSTM,Prediction,Train
2025-04-20,P017,1.8804912567138672,LSTM,Prediction,Train
2025-04-21,P017,1.8846535682678223,LSTM,Prediction,Train
2025-04-22,P017,1.8627138137817383,LSTM,Prediction,Train
2025-04-23,P017,1.8674259185791016,LSTM,Prediction,Train
2025-04-24,P017,1.8654675483703613,LSTM,Prediction,Train
2025-04-25,P017,1.862134575843811,LSTM,Prediction,Train
2025-04-26,P017,1.866011619567871,LSTM,Prediction,Train
2025-04-27,P017,1.8763651847839355,LSTM,Prediction,Train
2025-04-28,P017,1.8769837617874146,LSTM,Prediction,Train
2025-04-29,P017,1.864780306816101,LSTM,Prediction,Train
2025-04-30,P017,1.8579962253570557,LSTM,Prediction,Train
2025-05-01,P017,1.8712997436523438,LSTM,Prediction,Train
2025-05-02,P017,1.8597769737243652,LSTM,Prediction,Train
2025-05-03,P017,1.8640639781951904,LSTM,Prediction,Train
2025-05-04,P017,1.8859648704528809,LSTM,Prediction,Train
2025-05-05,P017,1.8780815601348877,LSTM,Prediction,Train
2025-05-06,P017,1.8647541999816895,LSTM,Prediction,Train
2025-05-07,P017,1.8604763746261597,LSTM,Prediction,Train
2025-05-08,P017,1.882607102394104,LSTM,Prediction,Train
2025-05-09,P017,1.876659870147705,LSTM,Prediction,Train
2025-05-10,P017,1.8708504438400269,LSTM,Prediction,Train
2025-05-11,P017,1.8742034435272217,LSTM,Prediction,Train
2025-05-12,P017,1.8922836780548096,LSTM,Prediction,Train
2025-05-13,P017,1.8767094612121582,LSTM,Prediction,Train
2025-05-14,P017,1.8680088520050049,LSTM,Prediction,Train
2025-05-15,P017,1.8779680728912354,LSTM,Prediction,Train
2025-05-16,P017,1.8656342029571533,LSTM,Prediction,Train
2025-05-17,P017,1.8793072700500488,LSTM,Prediction,Train
2025-05-18,P017,1.8697476387023926,LSTM,Prediction,Train
2025-05-19,P017,1.8685901165008545,LSTM,Prediction,Train
2025-05-20,P017,1.8580539226531982,LSTM,Prediction,Train
2025-05-21,P017,1.8806049823760986,LSTM,Prediction,Train
2025-05-22,P017,1.8691601753234863,LSTM,Prediction,Train
2025-05-23,P017,1.8670990467071533,LSTM,Prediction,Train
2025-05-24,P017,1.8782989978790283,LSTM,Prediction,Train
2025-05-25,P017,1.882060170173645,LSTM,Prediction,Train
2025-05-26,P017,1.8796405792236328,LSTM,Prediction,Train
2025-05-27,P017,1.8863246440887451,LSTM,Prediction,Train
2025-05-28,P017,1.865678310394287,LSTM,Prediction,Train
2025-05-29,P017,1.8684709072113037,LSTM,Prediction,Train
2025-05-30,P017,1.8585329055786133,LSTM,Prediction,Train
2025-05-31,P017,1.8702683448791504,LSTM,Prediction,Train
2025-06-01,P017,1.8763542175292969,LSTM,Prediction,Train
2025-06-02,P017,1.8725125789642334,LSTM,Prediction,Train
2025-06-03,P017,1.8614692687988281,LSTM,Prediction,Train
2025-06-04,P017,1.8654892444610596,LSTM,Prediction,Train
2025-06-05,P017,1.8716840744018555,LSTM,Prediction,Train
2025-06-06,P017,1.8732635974884033,LSTM,Prediction,Train
2025-06-07,P017,1.8702991008758545,LSTM,Prediction,Train
2025-06-08,P017,1.876678228378296,LSTM,Prediction,Train
2025-06-09,P017,1.8676764965057373,LSTM,Prediction,Train
2025-06-10,P017,1.876847267150879,LSTM,Prediction,Train
2025-06-11,P017,1.8829846382141113,LSTM,Prediction,Train
2025-06-12,P017,1.8726741075515747,LSTM,Prediction,Train
2025-06-13,P017,1.871730089187622,LSTM,Prediction,Train
2025-06-14,P017,1.861205816268921,LSTM,Prediction,Train
2025-06-15,P017,1.8741867542266846,LSTM,Prediction,Train
2025-06-16,P017,1.874791145324707,LSTM,Prediction,Train
2025-06-17,P017,1.8629071712493896,LSTM,Prediction,Train
2025-06-18,P017,1.8682770729064941,LSTM,Prediction,Train
2025-06-19,P017,1.8638272285461426,LSTM,Prediction,Train
2025-06-20,P017,1.8727275133132935,LSTM,Prediction,Train
2025-06-21,P017,1.8654747009277344,LSTM,Prediction,Train
2025-06-22,P017,1.8777594566345215,LSTM,Prediction,Train
2025-06-23,P017,1.8834666013717651,LSTM,Prediction,Train
2025-06-24,P017,1.8805128335952759,LSTM,Prediction,Train
2025-06-25,P017,1.8722505569458008,LSTM,Prediction,Train
2025-06-26,P017,1.8679745197296143,LSTM,Prediction,Train
2025-06-27,P017,1.869140625,LSTM,Prediction,Train
2025-06-28,P017,1.8755226135253906,LSTM,Prediction,Train
2025-06-29,P017,1.8638672828674316,LSTM,Prediction,Train
2025-06-30,P017,1.8785243034362793,LSTM,Prediction,Train
2025-07-01,P017,1.8557665348052979,LSTM,Prediction,Train
2025-07-02,P017,1.8817102909088135,LSTM,Prediction,Train
2025-07-03,P017,1.8633997440338135,LSTM,Prediction,Train
2025-07-04,P017,1.8539819717407227,LSTM,Prediction,Train
2025-07-05,P017,1.8531385660171509,LSTM,Prediction,Train
2025-07-06,P017,1.8782795667648315,LSTM,Prediction,Train
2025-07-07,P017,1.8747830390930176,LSTM,Prediction,Train
2025-07-08,P017,1.8608644008636475,LSTM,Prediction,Train
2025-07-09,P017,1.8813278675079346,LSTM,Prediction,Train
2025-07-10,P017,1.868126630783081,LSTM,Prediction,Train
2025-07-11,P017,1.874983549118042,LSTM,Prediction,Train
2025-07-12,P017,1.878796100616455,LSTM,Prediction,Train
2025-07-13,P017,1.8852758407592773,LSTM,Prediction,Train
2025-07-14,P017,1.8763222694396973,LSTM,Prediction,Train
2025-07-15,P017,1.8788938522338867,LSTM,Prediction,Train
2025-07-16,P017,1.8577322959899902,LSTM,Prediction,Train
2025-07-17,P017,1.881854772567749,LSTM,Prediction,Train
2025-07-18,P017,1.8650267124176025,LSTM,Prediction,Train
2025-07-19,P017,1.8730883598327637,LSTM,Prediction,Train
2025-07-20,P017,1.8785347938537598,LSTM,Prediction,Train
2025-07-21,P017,1.8774173259735107,LSTM,Prediction,Train
2025-07-22,P017,1.832557201385498,LSTM,Prediction,Train
2025-07-23,P017,1.8735915422439575,LSTM,Prediction,Train
2025-07-24,P017,1.8782896995544434,LSTM,Prediction,Train
2025-07-25,P017,1.868085265159607,LSTM,Prediction,Train
2025-07-26,P017,1.8674362897872925,LSTM,Prediction,Train
2025-07-27,P017,1.8756403923034668,LSTM,Prediction,Train
2025-07-28,P017,1.877007246017456,LSTM,Prediction,Train
2025-07-29,P017,1.8820377588272095,LSTM,Prediction,Train
2025-07-30,P017,1.8866181373596191,LSTM,Prediction,Train
2025-07-31,P017,1.8722419738769531,LSTM,Prediction,Train
2025-08-01,P017,1.8743031024932861,LSTM,Prediction,Train
2025-08-02,P017,1.8651450872421265,LSTM,Prediction,Train
2025-08-03,P017,1.8744643926620483,LSTM,Prediction,Train
2025-08-04,P017,1.8714913129806519,LSTM,Prediction,Train
2025-08-05,P017,1.8662960529327393,LSTM,Prediction,Train
2025-08-06,P017,1.8611862659454346,LSTM,Prediction,Train
2025-08-07,P017,1.8868904113769531,LSTM,Prediction,Train
2025-08-08,P017,1.8631819486618042,LSTM,Prediction,Train
2025-08-09,P017,1.8730039596557617,LSTM,Prediction,Train
2025-08-10,P017,1.8756976127624512,LSTM,Prediction,Train
2025-08-11,P017,1.87339186668396,LSTM,Prediction,Train
2025-08-12,P017,1.8695447444915771,LSTM,Prediction,Train
2025-08-13,P017,1.8657503128051758,LSTM,Prediction,Train
2025-08-14,P017,1.8771898746490479,LSTM,Prediction,Train
2025-08-15,P017,1.873664140701294,LSTM,Prediction,Train
2025-08-16,P017,1.8777340650558472,LSTM,Prediction,Train
2025-08-17,P017,1.8657341003417969,LSTM,Prediction,Train
2025-08-18,P017,1.8639945983886719,LSTM,Prediction,Train
2025-08-19,P017,1.8834009170532227,LSTM,Prediction,Train
2025-08-20,P017,1.8793957233428955,LSTM,Prediction,Train
2025-08-21,P017,1.86415696144104,LSTM,Prediction,Train
2025-08-22,P017,1.874401569366455,LSTM,Prediction,Train
2025-08-23,P017,1.879622459411621,LSTM,Prediction,Train
2025-08-24,P017,1.870652198791504,LSTM,Prediction,Train
2025-08-25,P017,1.8468716144561768,LSTM,Prediction,Train
2025-08-26,P017,1.8531453609466553,LSTM,Prediction,Train
2025-08-27,P017,1.870163917541504,LSTM,Prediction,Train
2025-08-28,P017,1.8628365993499756,LSTM,Prediction,Train
2025-08-29,P017,1.8704116344451904,LSTM,Prediction,Train
2025-08-30,P017,1.8533263206481934,LSTM,Prediction,Train
2025-08-31,P017,1.8559916019439697,LSTM,Prediction,Train
2025-09-01,P017,1.8834903240203857,LSTM,Prediction,Train
2025-09-02,P017,1.86064875125885,LSTM,Prediction,Train
2025-09-03,P017,1.8631185293197632,LSTM,Prediction,Train
2025-09-04,P017,1.882941722869873,LSTM,Prediction,Train
2025-09-05,P017,1.8632104396820068,LSTM,Prediction,Train
2025-09-06,P017,1.8692628145217896,LSTM,Prediction,Train
2025-09-07,P017,1.860408067703247,LSTM,Prediction,Train
2025-09-08,P017,1.869375467300415,LSTM,Prediction,Train
2025-09-09,P017,1.864051103591919,LSTM,Prediction,Train
2025-09-10,P017,1.872126817703247,LSTM,Prediction,Train
2025-09-11,P017,1.8717851638793945,LSTM,Prediction,Train
2025-09-12,P017,1.8695034980773926,LSTM,Prediction,Train
2025-09-13,P017,1.874452829360962,LSTM,Prediction,Train
2025-09-14,P017,1.8652352094650269,LSTM,Prediction,Train
2025-01-08,P018,2.330294609069824,LSTM,Prediction,Train
2025-01-09,P018,2.350226640701294,LSTM,Prediction,Train
2025-01-10,P018,2.3665857315063477,LSTM,Prediction,Train
2025-01-11,P018,2.354914903640747,LSTM,Prediction,Train
2025-01-12,P018,2.3332815170288086,LSTM,Prediction,Train
2025-01-13,P018,2.335461378097534,LSTM,Prediction,Train
2025-01-14,P018,2.3551695346832275,LSTM,Prediction,Train
2025-01-15,P018,2.3541507720947266,LSTM,Prediction,Train
2025-01-16,P018,2.369048833847046,LSTM,Prediction,Train
2025-01-17,P018,2.369218587875366,LSTM,Prediction,Train
2025-01-18,P018,2.3450710773468018,LSTM,Prediction,Train
2025-01-19,P018,2.3453898429870605,LSTM,Prediction,Train
2025-01-20,P018,2.3408162593841553,LSTM,Prediction,Train
2025-01-21,P018,2.353724241256714,LSTM,Prediction,Train
2025-01-22,P018,2.362818479537964,LSTM,Prediction,Train
2025-01-23,P018,2.378314733505249,LSTM,Prediction,Train
2025-01-24,P018,2.3330421447753906,LSTM,Prediction,Train
2025-01-25,P018,2.3651721477508545,LSTM,Prediction,Train
2025-01-26,P018,2.3774373531341553,LSTM,Prediction,Train
2025-01-27,P018,2.3694851398468018,LSTM,Prediction,Train
2025-01-28,P018,2.3761091232299805,LSTM,Prediction,Train
2025-01-29,P018,2.350342035293579,LSTM,Prediction,Train
2025-01-30,P018,2.3560187816619873,LSTM,Prediction,Train
2025-01-31,P018,2.361981153488159,LSTM,Prediction,Train
2025-02-01,P018,2.3323566913604736,LSTM,Prediction,Train
2025-02-02,P018,2.3463971614837646,LSTM,Prediction,Train
2025-02-03,P018,2.3560547828674316,LSTM,Prediction,Train
2025-02-04,P018,2.3558175563812256,LSTM,Prediction,Train
2025-02-05,P018,2.3430306911468506,LSTM,Prediction,Train
2025-02-06,P018,2.36861515045166,LSTM,Prediction,Train
2025-02-07,P018,2.3499085903167725,LSTM,Prediction,Train
2025-02-08,P018,2.2872884273529053,LSTM,Prediction,Train
2025-02-09,P018,2.360121488571167,LSTM,Prediction,Train
2025-02-10,P018,2.341914176940918,LSTM,Prediction,Train
2025-02-11,P018,2.3509538173675537,LSTM,Prediction,Train
2025-02-12,P018,2.3562042713165283,LSTM,Prediction,Train
2025-02-13,P018,2.36565899848938,LSTM,Prediction,Train
2025-02-14,P018,2.3427600860595703,LSTM,Prediction,Train
2025-02-15,P018,2.3578765392303467,LSTM,Prediction,Train
2025-02-16,P018,2.3485896587371826,LSTM,Prediction,Train
2025-02-17,P018,2.3338518142700195,LSTM,Prediction,Train
2025-02-18,P018,2.361652135848999,LSTM,Prediction,Train
2025-02-19,P018,2.331444501876831,LSTM,Prediction,Train
2025-02-20,P018,2.369631052017212,LSTM,Prediction,Train
2025-02-21,P018,2.359179973602295,LSTM,Prediction,Train
2025-02-22,P018,2.351027250289917,LSTM,Prediction,Train
2025-02-23,P018,2.3530867099761963,LSTM,Prediction,Train
2025-02-24,P018,2.334292411804199,LSTM,Prediction,Train
2025-02-25,P018,2.3575527667999268,LSTM,Prediction,Train
2025-02-26,P018,2.355280637741089,LSTM,Prediction,Train
2025-02-27,P018,2.3430161476135254,LSTM,Prediction,Train
2025-02-28,P018,2.331336736679077,LSTM,Prediction,Train
2025-03-01,P018,2.341524839401245,LSTM,Prediction,Train
2025-03-02,P018,2.3484485149383545,LSTM,Prediction,Train
2025-03-03,P018,2.350684404373169,LSTM,Prediction,Train
2025-03-04,P018,2.3228824138641357,LSTM,Prediction,Train
2025-03-05,P018,2.354315996170044,LSTM,Prediction,Train
2025-03-06,P018,2.3445913791656494,LSTM,Prediction,Train
2025-03-07,P018,2.368741512298584,LSTM,Prediction,Train
2025-03-08,P018,2.364407777786255,LSTM,Prediction,Train
2025-03-09,P018,2.349527597427368,LSTM,Prediction,Train
2025-03-10,P018,2.337754964828491,LSTM,Prediction,Train
2025-03-11,P018,2.34283447265625,LSTM,Prediction,Train
2025-03-12,P018,2.347573757171631,LSTM,Prediction,Train
2025-03-13,P018,2.3502609729766846,LSTM,Prediction,Train
2025-03-14,P018,2.3593790531158447,LSTM,Prediction,Train
2025-03-15,P018,2.354823589324951,LSTM,Prediction,Train
2025-03-16,P018,2.34973406791687,LSTM,Prediction,Train
2025-03-17,P018,2.3545992374420166,LSTM,Prediction,Train
2025-03-18,P018,2.3354289531707764,LSTM,Prediction,Train
2025-03-19,P018,2.3666012287139893,LSTM,Prediction,Train
2025-03-20,P018,2.352778911590576,LSTM,Prediction,Train
2025-03-21,P018,2.344419240951538,LSTM,Prediction,Train
2025-03-22,P018,2.321150064468384,LSTM,Prediction,Train
2025-03-23,P018,2.3504574298858643,LSTM,Prediction,Train
2025-03-24,P018,2.341674327850342,LSTM,Prediction,Train
2025-03-25,P018,2.353879690170288,LSTM,Prediction,Train
2025-03-26,P018,2.3360602855682373,LSTM,Prediction,Train
2025-03-27,P018,2.3389556407928467,LSTM,Prediction,Train
2025-03-28,P018,2.3460865020751953,LSTM,Prediction,Train
2025-03-29,P018,2.3521928787231445,LSTM,Prediction,Train
2025-03-30,P018,2.354048013687134,LSTM,Prediction,Train
2025-03-31,P018,2.3482680320739746,LSTM,Prediction,Train
2025-04-01,P018,2.3474631309509277,LSTM,Prediction,Train
2025-04-02,P018,2.35657000541687,LSTM,Prediction,Train
2025-04-03,P018,2.352245569229126,LSTM,Prediction,Train
2025-04-04,P018,2.3524515628814697,LSTM,Prediction,Train
2025-04-05,P018,2.3475921154022217,LSTM,Prediction,Train
2025-04-06,P018,2.3491947650909424,LSTM,Prediction,Train
2025-04-07,P018,2.3724923133850098,LSTM,Prediction,Train
2025-04-08,P018,2.3317413330078125,LSTM,Prediction,Train
2025-04-09,P018,2.341007947921753,LSTM,Prediction,Train
2025-04-10,P018,2.3529632091522217,LSTM,Prediction,Train
2025-04-11,P018,2.3618390560150146,LSTM,Prediction,Train
2025-04-12,P018,2.368886947631836,LSTM,Prediction,Train
2025-04-13,P018,2.3676679134368896,LSTM,Prediction,Train
2025-04-14,P018,2.3476295471191406,LSTM,Prediction,Train
2025-04-15,P018,2.3526785373687744,LSTM,Prediction,Train
2025-04-16,P018,2.3396310806274414,LSTM,Prediction,Train
2025-04-17,P018,2.32785964012146,LSTM,Prediction,Train
2025-04-18,P018,2.3598968982696533,LSTM,Prediction,Train
2025-04-19,P018,2.3562047481536865,LSTM,Prediction,Train
2025-04-20,P018,2.358515501022339,LSTM,Prediction,Train
2025-04-21,P018,2.362959146499634,LSTM,Prediction,Train
2025-04-22,P018,2.3374862670898438,LSTM,Prediction,Train
2025-04-23,P018,2.3431036472320557,LSTM,Prediction,Train
2025-04-24,P018,2.3420803546905518,LSTM,Prediction,Train
2025-04-25,P018,2.33719801902771,LSTM,Prediction,Train
2025-04-26,P018,2.3430631160736084,LSTM,Prediction,Train
2025-04-27,P018,2.3590617179870605,LSTM,Prediction,Train
2025-04-28,P018,2.3566598892211914,LSTM,Prediction,Train
2025-04-29,P018,2.3424630165100098,LSTM,Prediction,Train
2025-04-30,P018,2.333136558532715,LSTM,Prediction,Train
2025-05-01,P018,2.3495571613311768,LSTM,Prediction,Train
2025-05-02,P018,2.331935167312622,LSTM,Prediction,Train
2025-05-03,P018,2.3395979404449463,LSTM,Prediction,Train
2025-05-04,P018,2.372941255569458,LSTM,Prediction,Train
2025-05-05,P018,2.360375165939331,LSTM,Prediction,Train
2025-05-06,P018,2.3426103591918945,LSTM,Prediction,Train
2025-05-07,P018,2.334906578063965,LSTM,Prediction,Train
2025-05-08,P018,2.366985321044922,LSTM,Prediction,Train
2025-05-09,P018,2.358839511871338,LSTM,Prediction,Train
2025-05-10,P018,2.351377487182617,LSTM,Prediction,Train
2025-05-11,P018,2.3508219718933105,LSTM,Prediction,Train
2025-05-12,P018,2.38336443901062,LSTM,Prediction,Train
2025-05-13,P018,2.360872507095337,LSTM,Prediction,Train
2025-05-14,P018,2.346231698989868,LSTM,Prediction,Train
2025-05-15,P018,2.360651731491089,LSTM,Prediction,Train
2025-05-16,P018,2.3423709869384766,LSTM,Prediction,Train
2025-05-17,P018,2.3639237880706787,LSTM,Prediction,Train
2025-05-18,P018,2.350294828414917,LSTM,Prediction,Train
2025-05-19,P018,2.346409559249878,LSTM,Prediction,Train
2025-05-20,P018,2.331087827682495,LSTM,Prediction,Train
2025-05-21,P018,2.36388897895813,LSTM,Prediction,Train
2025-05-22,P018,2.34405255317688,LSTM,Prediction,Train
2025-05-23,P018,2.3466732501983643,LSTM,Prediction,Train
2025-05-24,P018,2.3638100624084473,LSTM,Prediction,Train
2025-05-25,P018,2.364586591720581,LSTM,Prediction,Train
2025-05-26,P018,2.3636703491210938,LSTM,Prediction,Train
2025-05-27,P018,2.374302864074707,LSTM,Prediction,Train
2025-05-28,P018,2.342877149581909,LSTM,Prediction,Train
2025-05-29,P018,2.3464200496673584,LSTM,Prediction,Train
2025-05-30,P018,2.3323657512664795,LSTM,Prediction,Train
2025-05-31,P018,2.352480173110962,LSTM,Prediction,Train
2025-06-01,P018,2.358853578567505,LSTM,Prediction,Train
2025-06-02,P018,2.3556041717529297,LSTM,Prediction,Train
2025-06-03,P018,2.3384792804718018,LSTM,Prediction,Train
2025-06-04,P018,2.342698574066162,LSTM,Prediction,Train
2025-06-05,P018,2.351419687271118,LSTM,Prediction,Train
2025-06-06,P018,2.3536624908447266,LSTM,Prediction,Train
2025-06-07,P018,2.3510570526123047,LSTM,Prediction,Train
2025-06-08,P018,2.3546431064605713,LSTM,Prediction,Train
2025-06-09,P018,2.3425638675689697,LSTM,Prediction,Train
2025-06-10,P018,2.36061429977417,LSTM,Prediction,Train
2025-06-11,P018,2.3676528930664062,LSTM,Prediction,Train
2025-06-12,P018,2.352731466293335,LSTM,Prediction,Train
2025-06-13,P018,2.351712942123413,LSTM,Prediction,Train
2025-06-14,P018,2.335911512374878,LSTM,Prediction,Train
2025-06-15,P018,2.3568036556243896,LSTM,Prediction,Train
2025-06-16,P018,2.355498790740967,LSTM,Prediction,Train
2025-06-17,P018,2.335278272628784,LSTM,Prediction,Train
2025-06-18,P018,2.3432834148406982,LSTM,Prediction,Train
2025-06-19,P018,2.338899850845337,LSTM,Prediction,Train
2025-06-20,P018,2.351738691329956,LSTM,Prediction,Train
2025-06-21,P018,2.345759630203247,LSTM,Prediction,Train
2025-06-22,P018,2.3606135845184326,LSTM,Prediction,Train
2025-06-23,P018,2.371919870376587,LSTM,Prediction,Train
2025-06-24,P018,2.364130735397339,LSTM,Prediction,Train
2025-06-25,P018,2.354787588119507,LSTM,Prediction,Train
2025-06-26,P018,2.3466217517852783,LSTM,Prediction,Train
2025-06-27,P018,2.349548101425171,LSTM,Prediction,Train
2025-06-28,P018,2.357464075088501,LSTM,Prediction,Train
2025-06-29,P018,2.3414909839630127,LSTM,Prediction,Train
2025-06-30,P018,2.363628387451172,LSTM,Prediction,Train
2025-07-01,P018,2.3274056911468506,LSTM,Prediction,Train
2025-07-02,P018,2.364497661590576,LSTM,Prediction,Train
2025-07-03,P018,2.3379390239715576,LSTM,Prediction,Train
2025-07-04,P018,2.3253166675567627,LSTM,Prediction,Train
2025-07-05,P018,2.316887378692627,LSTM,Prediction,Train
2025-07-06,P018,2.360715627670288,LSTM,Prediction,Train
2025-07-07,P018,2.357163667678833,LSTM,Prediction,Train
2025-07-08,P018,2.336505651473999,LSTM,Prediction,Train
2025-07-09,P018,2.3665506839752197,LSTM,Prediction,Train
2025-07-10,P018,2.3478353023529053,LSTM,Prediction,Train
2025-07-11,P018,2.355450391769409,LSTM,Prediction,Train
2025-07-12,P018,2.3624351024627686,LSTM,Prediction,Train
2025-07-13,P018,2.3667194843292236,LSTM,Prediction,Train
2025-07-14,P018,2.3575029373168945,LSTM,Prediction,Train
2025-07-15,P018,2.36374831199646,LSTM,Prediction,Train
2025-07-16,P018,2.330627918243408,LSTM,Prediction,Train
2025-07-17,P018,2.3652617931365967,LSTM,Prediction,Train
2025-07-18,P018,2.3404901027679443,LSTM,Prediction,Train
2025-07-19,P018,2.3554999828338623,LSTM,Prediction,Train
2025-07-20,P018,2.3636834621429443,LSTM,Prediction,Train
2025-07-21,P018,2.362993001937866,LSTM,Prediction,Train
2025-07-22,P018,2.29417085647583,LSTM,Prediction,Train
2025-07-23,P018,2.355429172515869,LSTM,Prediction,Train
2025-07-24,P018,2.3628695011138916,LSTM,Prediction,Train
2025-07-25,P018,2.3455257415771484,LSTM,Prediction,Train
2025-07-26,P018,2.346534013748169,LSTM,Prediction,Train
2025-07-27,P018,2.358792543411255,LSTM,Prediction,Train
2025-07-28,P018,2.3603427410125732,LSTM,Prediction,Train
2025-07-29,P018,2.3667099475860596,LSTM,Prediction,Train
2025-07-30,P018,2.372606039047241,LSTM,Prediction,Train
2025-07-31,P018,2.3523712158203125,LSTM,Prediction,Train
2025-08-01,P018,2.3535373210906982,LSTM,Prediction,Train
2025-08-02,P018,2.341107130050659,LSTM,Prediction,Train
2025-08-03,P018,2.352308988571167,LSTM,Prediction,Train
2025-08-04,P018,2.3514585494995117,LSTM,Prediction,Train
2025-08-05,P018,2.345355749130249,LSTM,Prediction,Train
2025-08-06,P018,2.336777925491333,LSTM,Prediction,Train
2025-08-07,P018,2.3729615211486816,LSTM,Prediction,Train
2025-08-08,P018,2.3396241664886475,LSTM,Prediction,Train
2025-08-09,P018,2.352043867111206,LSTM,Prediction,Train
2025-08-10,P018,2.3596532344818115,LSTM,Prediction,Train
2025-08-11,P018,2.3554065227508545,LSTM,Prediction,Train
2025-08-12,P018,2.347815752029419,LSTM,Prediction,Train
2025-08-13,P018,2.337132215499878,LSTM,Prediction,Train
2025-08-14,P018,2.3613927364349365,LSTM,Prediction,Train
2025-08-15,P018,2.355140209197998,LSTM,Prediction,Train
2025-08-16,P018,2.3618900775909424,LSTM,Prediction,Train
2025-08-17,P018,2.3419783115386963,LSTM,Prediction,Train
2025-08-18,P018,2.344752550125122,LSTM,Prediction,Train
2025-08-19,P018,2.3709306716918945,LSTM,Prediction,Train
2025-08-20,P018,2.3633148670196533,LSTM,Prediction,Train
2025-08-21,P018,2.3404428958892822,LSTM,Prediction,Train
2025-08-22,P018,2.3564796447753906,LSTM,Prediction,Train
2025-08-23,P018,2.3588144779205322,LSTM,Prediction,Train
2025-08-24,P018,2.3480474948883057,LSTM,Prediction,Train
2025-08-25,P018,2.3156957626342773,LSTM,Prediction,Train
2025-08-26,P018,2.3242151737213135,LSTM,Prediction,Train
2025-08-27,P018,2.3506298065185547,LSTM,Prediction,Train
2025-08-28,P018,2.337847948074341,LSTM,Prediction,Train
2025-08-29,P018,2.347771406173706,LSTM,Prediction,Train
2025-08-30,P018,2.318692684173584,LSTM,Prediction,Train
2025-08-31,P018,2.3296706676483154,LSTM,Prediction,Train
2025-09-01,P018,2.368335008621216,LSTM,Prediction,Train
2025-09-02,P018,2.3341615200042725,LSTM,Prediction,Train
2025-09-03,P018,2.3373868465423584,LSTM,Prediction,Train
2025-09-04,P018,2.3701932430267334,LSTM,Prediction,Train
2025-09-05,P018,2.341578722000122,LSTM,Prediction,Train
2025-09-06,P018,2.349602699279785,LSTM,Prediction,Train
2025-09-07,P018,2.3342692852020264,LSTM,Prediction,Train
2025-09-08,P018,2.346906900405884,LSTM,Prediction,Train
2025-09-09,P018,2.339663028717041,LSTM,Prediction,Train
2025-09-10,P018,2.3526899814605713,LSTM,Prediction,Train
2025-09-11,P018,2.353950262069702,LSTM,Prediction,Train
2025-09-12,P018,2.3414924144744873,LSTM,Prediction,Train
2025-09-13,P018,2.3548166751861572,LSTM,Prediction,Train
2025-09-14,P018,2.341822862625122,LSTM,Prediction,Train
2025-01-08,P019,2.0195531845092773,LSTM,Prediction,Train
2025-01-09,P019,2.024655342102051,LSTM,Prediction,Train
2025-01-10,P019,2.0328400135040283,LSTM,Prediction,Train
2025-01-11,P019,2.027846336364746,LSTM,Prediction,Train
2025-01-12,P019,2.016026496887207,LSTM,Prediction,Train
2025-01-13,P019,2.0189614295959473,LSTM,Prediction,Train
2025-01-14,P019,2.027202844619751,LSTM,Prediction,Train
2025-01-15,P019,2.028791904449463,LSTM,Prediction,Train
2025-01-16,P019,2.0359342098236084,LSTM,Prediction,Train
2025-01-17,P019,2.034036636352539,LSTM,Prediction,Train
2025-01-18,P019,2.0235366821289062,LSTM,Prediction,Train
2025-01-19,P019,2.022321939468384,LSTM,Prediction,Train
2025-01-20,P019,2.0221617221832275,LSTM,Prediction,Train
2025-01-21,P019,2.027913808822632,LSTM,Prediction,Train
2025-01-22,P019,2.0317437648773193,LSTM,Prediction,Train
2025-01-23,P019,2.0373032093048096,LSTM,Prediction,Train
2025-01-24,P019,2.017927646636963,LSTM,Prediction,Train
2025-01-25,P019,2.0309770107269287,LSTM,Prediction,Train
2025-01-26,P019,2.0330770015716553,LSTM,Prediction,Train
2025-01-27,P019,2.033233880996704,LSTM,Prediction,Train
2025-01-28,P019,2.0312840938568115,LSTM,Prediction,Train
2025-01-29,P019,2.0256056785583496,LSTM,Prediction,Train
2025-01-30,P019,2.0281689167022705,LSTM,Prediction,Train
2025-01-31,P019,2.029822826385498,LSTM,Prediction,Train
2025-02-01,P019,2.0179054737091064,LSTM,Prediction,Train
2025-02-02,P019,2.024587631225586,LSTM,Prediction,Train
2025-02-03,P019,2.0281643867492676,LSTM,Prediction,Train
2025-02-04,P019,2.029179096221924,LSTM,Prediction,Train
2025-02-05,P019,2.022062063217163,LSTM,Prediction,Train
2025-02-06,P019,2.0308334827423096,LSTM,Prediction,Train
2025-02-07,P019,2.025853157043457,LSTM,Prediction,Train
2025-02-08,P019,1.9978716373443604,LSTM,Prediction,Train
2025-02-09,P019,2.0304815769195557,LSTM,Prediction,Train
2025-02-10,P019,2.0216572284698486,LSTM,Prediction,Train
2025-02-11,P019,2.0235044956207275,LSTM,Prediction,Train
2025-02-12,P019,2.028999090194702,LSTM,Prediction,Train
2025-02-13,P019,2.029452085494995,LSTM,Prediction,Train
2025-02-14,P019,2.02024507522583,LSTM,Prediction,Train
2025-02-15,P019,2.027895212173462,LSTM,Prediction,Train
2025-02-16,P019,2.024174213409424,LSTM,Prediction,Train
2025-02-17,P019,2.0187385082244873,LSTM,Prediction,Train
2025-02-18,P019,2.030139207839966,LSTM,Prediction,Train
2025-02-19,P019,2.0171194076538086,LSTM,Prediction,Train
2025-02-20,P019,2.0342137813568115,LSTM,Prediction,Train
2025-02-21,P019,2.0278775691986084,LSTM,Prediction,Train
2025-02-22,P019,2.02500319480896,LSTM,Prediction,Train
2025-02-23,P019,2.0278096199035645,LSTM,Prediction,Train
2025-02-24,P019,2.017268657684326,LSTM,Prediction,Train
2025-02-25,P019,2.0292861461639404,LSTM,Prediction,Train
2025-02-26,P019,2.027078628540039,LSTM,Prediction,Train
2025-02-27,P019,2.0219898223876953,LSTM,Prediction,Train
2025-02-28,P019,2.015835762023926,LSTM,Prediction,Train
2025-03-01,P019,2.0216124057769775,LSTM,Prediction,Train
2025-03-02,P019,2.025912284851074,LSTM,Prediction,Train
2025-03-03,P019,2.027326822280884,LSTM,Prediction,Train
2025-03-04,P019,2.0129640102386475,LSTM,Prediction,Train
2025-03-05,P019,2.0263724327087402,LSTM,Prediction,Train
2025-03-06,P019,2.025078296661377,LSTM,Prediction,Train
2025-03-07,P019,2.03403902053833,LSTM,Prediction,Train
2025-03-08,P019,2.032371759414673,LSTM,Prediction,Train
2025-03-09,P019,2.0201175212860107,LSTM,Prediction,Train
2025-03-10,P019,2.018493413925171,LSTM,Prediction,Train
2025-03-11,P019,2.0230326652526855,LSTM,Prediction,Train
2025-03-12,P019,2.02597713470459,LSTM,Prediction,Train
2025-03-13,P019,2.0267817974090576,LSTM,Prediction,Train
2025-03-14,P019,2.0319230556488037,LSTM,Prediction,Train
2025-03-15,P019,2.0240163803100586,LSTM,Prediction,Train
2025-03-16,P019,2.026034355163574,LSTM,Prediction,Train
2025-03-17,P019,2.0268523693084717,LSTM,Prediction,Train
2025-03-18,P019,2.017735481262207,LSTM,Prediction,Train
2025-03-19,P019,2.033325672149658,LSTM,Prediction,Train
2025-03-20,P019,2.023552179336548,LSTM,Prediction,Train
2025-03-21,P019,2.024121046066284,LSTM,Prediction,Train
2025-03-22,P019,2.012864112854004,LSTM,Prediction,Train
2025-03-23,P019,2.025053024291992,LSTM,Prediction,Train
2025-03-24,P019,2.022932291030884,LSTM,Prediction,Train
2025-03-25,P019,2.0279507637023926,LSTM,Prediction,Train
2025-03-26,P019,2.022662878036499,LSTM,Prediction,Train
2025-03-27,P019,2.022019147872925,LSTM,Prediction,Train
2025-03-28,P019,2.02209210395813,LSTM,Prediction,Train
2025-03-29,P019,2.0260472297668457,LSTM,Prediction,Train
2025-03-30,P019,2.027693033218384,LSTM,Prediction,Train
2025-03-31,P019,2.023987054824829,LSTM,Prediction,Train
2025-04-01,P019,2.024522066116333,LSTM,Prediction,Train
2025-04-02,P019,2.027662754058838,LSTM,Prediction,Train
2025-04-03,P019,2.026414632797241,LSTM,Prediction,Train
2025-04-04,P019,2.0255820751190186,LSTM,Prediction,Train
2025-04-05,P019,2.025712251663208,LSTM,Prediction,Train
2025-04-06,P019,2.021205186843872,LSTM,Prediction,Train
2025-04-07,P019,2.0327322483062744,LSTM,Prediction,Train
2025-04-08,P019,2.0184829235076904,LSTM,Prediction,Train
2025-04-09,P019,2.020918369293213,LSTM,Prediction,Train
2025-04-10,P019,2.0252161026000977,LSTM,Prediction,Train
2025-04-11,P019,2.0312814712524414,LSTM,Prediction,Train
2025-04-12,P019,2.034482479095459,LSTM,Prediction,Train
2025-04-13,P019,2.033250570297241,LSTM,Prediction,Train
2025-04-14,P019,2.0253779888153076,LSTM,Prediction,Train
2025-04-15,P019,2.02655029296875,LSTM,Prediction,Train
2025-04-16,P019,2.0218193531036377,LSTM,Prediction,Train
2025-04-17,P019,2.018650531768799,LSTM,Prediction,Train
2025-04-18,P019,2.0297982692718506,LSTM,Prediction,Train
2025-04-19,P019,2.028216600418091,LSTM,Prediction,Train
2025-04-20,P019,2.0305213928222656,LSTM,Prediction,Train
2025-04-21,P019,2.032377243041992,LSTM,Prediction,Train
2025-04-22,P019,2.0220744609832764,LSTM,Prediction,Train
2025-04-23,P019,2.0226855278015137,LSTM,Prediction,Train
2025-04-24,P019,2.021639823913574,LSTM,Prediction,Train
2025-04-25,P019,2.021522283554077,LSTM,Prediction,Train
2025-04-26,P019,2.0248866081237793,LSTM,Prediction,Train
2025-04-27,P019,2.028364896774292,LSTM,Prediction,Train
2025-04-28,P019,2.029146432876587,LSTM,Prediction,Train
2025-04-29,P019,2.0238685607910156,LSTM,Prediction,Train
2025-04-30,P019,2.021599054336548,LSTM,Prediction,Train
2025-05-01,P019,2.0240859985351562,LSTM,Prediction,Train
2025-05-02,P019,2.0132603645324707,LSTM,Prediction,Train
2025-05-03,P019,2.0196940898895264,LSTM,Prediction,Train
2025-05-04,P019,2.033886432647705,LSTM,Prediction,Train
2025-05-05,P019,2.0305933952331543,LSTM,Prediction,Train
2025-05-06,P019,2.0231409072875977,LSTM,Prediction,Train
2025-05-07,P019,2.0180115699768066,LSTM,Prediction,Train
2025-05-08,P019,2.033139228820801,LSTM,Prediction,Train
2025-05-09,P019,2.0273773670196533,LSTM,Prediction,Train
2025-05-10,P019,2.0255990028381348,LSTM,Prediction,Train
2025-05-11,P019,2.0231549739837646,LSTM,Prediction,Train
2025-05-12,P019,2.0385098457336426,LSTM,Prediction,Train
2025-05-13,P019,2.030062198638916,LSTM,Prediction,Train
2025-05-14,P019,2.0240845680236816,LSTM,Prediction,Train
2025-05-15,P019,2.0285825729370117,LSTM,Prediction,Train
2025-05-16,P019,2.0211033821105957,LSTM,Prediction,Train
2025-05-17,P019,2.0318970680236816,LSTM,Prediction,Train
2025-05-18,P019,2.0263774394989014,LSTM,Prediction,Train
2025-05-19,P019,2.0247750282287598,LSTM,Prediction,Train
2025-05-20,P019,2.0176827907562256,LSTM,Prediction,Train
2025-05-21,P019,2.0309178829193115,LSTM,Prediction,Train
2025-05-22,P019,2.021679639816284,LSTM,Prediction,Train
2025-05-23,P019,2.0212960243225098,LSTM,Prediction,Train
2025-05-24,P019,2.032200813293457,LSTM,Prediction,Train
2025-05-25,P019,2.0314888954162598,LSTM,Prediction,Train
2025-05-26,P019,2.034302234649658,LSTM,Prediction,Train
2025-05-27,P019,2.0367307662963867,LSTM,Prediction,Train
2025-05-28,P019,2.022583246231079,LSTM,Prediction,Train
2025-05-29,P019,2.0245907306671143,LSTM,Prediction,Train
2025-05-30,P019,2.0187482833862305,LSTM,Prediction,Train
2025-05-31,P019,2.031006097793579,LSTM,Prediction,Train
2025-06-01,P019,2.0295207500457764,LSTM,Prediction,Train
2025-06-02,P019,2.027843713760376,LSTM,Prediction,Train
2025-06-03,P019,2.022146701812744,LSTM,Prediction,Train
2025-06-04,P019,2.0220067501068115,LSTM,Prediction,Train
2025-06-05,P019,2.0246310234069824,LSTM,Prediction,Train
2025-06-06,P019,2.0247879028320312,LSTM,Prediction,Train
2025-06-07,P019,2.02801251411438,LSTM,Prediction,Train
2025-06-08,P019,2.025407075881958,LSTM,Prediction,Train
2025-06-09,P019,2.023143768310547,LSTM,Prediction,Train
2025-06-10,P019,2.0309321880340576,LSTM,Prediction,Train
2025-06-11,P019,2.0337700843811035,LSTM,Prediction,Train
2025-06-12,P019,2.026076555252075,LSTM,Prediction,Train
2025-06-13,P019,2.0255744457244873,LSTM,Prediction,Train
2025-06-14,P019,2.0220322608947754,LSTM,Prediction,Train
2025-06-15,P019,2.0279765129089355,LSTM,Prediction,Train
2025-06-16,P019,2.027522563934326,LSTM,Prediction,Train
2025-06-17,P019,2.0119874477386475,LSTM,Prediction,Train
2025-06-18,P019,2.0236291885375977,LSTM,Prediction,Train
2025-06-19,P019,2.0200343132019043,LSTM,Prediction,Train
2025-06-20,P019,2.0260086059570312,LSTM,Prediction,Train
2025-06-21,P019,2.0260703563690186,LSTM,Prediction,Train
2025-06-22,P019,2.0288703441619873,LSTM,Prediction,Train
2025-06-23,P019,2.03318452835083,LSTM,Prediction,Train
2025-06-24,P019,2.0317466259002686,LSTM,Prediction,Train
2025-06-25,P019,2.027954339981079,LSTM,Prediction,Train
2025-06-26,P019,2.0232980251312256,LSTM,Prediction,Train
2025-06-27,P019,2.0262205600738525,LSTM,Prediction,Train
2025-06-28,P019,2.0288994312286377,LSTM,Prediction,Train
2025-06-29,P019,2.0211844444274902,LSTM,Prediction,Train
2025-06-30,P019,2.03106689453125,LSTM,Prediction,Train
2025-07-01,P019,2.0129339694976807,LSTM,Prediction,Train
2025-07-02,P019,2.029604434967041,LSTM,Prediction,Train
2025-07-03,P019,2.022270917892456,LSTM,Prediction,Train
2025-07-04,P019,2.0141234397888184,LSTM,Prediction,Train
2025-07-05,P019,2.0124754905700684,LSTM,Prediction,Train
2025-07-06,P019,2.0317745208740234,LSTM,Prediction,Train
2025-07-07,P019,2.0305466651916504,LSTM,Prediction,Train
2025-07-08,P019,2.0200560092926025,LSTM,Prediction,Train
2025-07-09,P019,2.0312888622283936,LSTM,Prediction,Train
2025-07-10,P019,2.0209836959838867,LSTM,Prediction,Train
2025-07-11,P019,2.0258119106292725,LSTM,Prediction,Train
2025-07-12,P019,2.032106399536133,LSTM,Prediction,Train
2025-07-13,P019,2.02485990524292,LSTM,Prediction,Train
2025-07-14,P019,2.0279085636138916,LSTM,Prediction,Train
2025-07-15,P019,2.032752752304077,LSTM,Prediction,Train
2025-07-16,P019,2.0168683528900146,LSTM,Prediction,Train
2025-07-17,P019,2.0339860916137695,LSTM,Prediction,Train
2025-07-18,P019,2.0207157135009766,LSTM,Prediction,Train
2025-07-19,P019,2.027355909347534,LSTM,Prediction,Train
2025-07-20,P019,2.032719850540161,LSTM,Prediction,Train
2025-07-21,P019,2.029676675796509,LSTM,Prediction,Train
2025-07-22,P019,1.9972695112228394,LSTM,Prediction,Train
2025-07-23,P019,2.0271096229553223,LSTM,Prediction,Train
2025-07-24,P019,2.030350685119629,LSTM,Prediction,Train
2025-07-25,P019,2.018444776535034,LSTM,Prediction,Train
2025-07-26,P019,2.024306535720825,LSTM,Prediction,Train
2025-07-27,P019,2.0297493934631348,LSTM,Prediction,Train
2025-07-28,P019,2.0306732654571533,LSTM,Prediction,Train
2025-07-29,P019,2.032268762588501,LSTM,Prediction,Train
2025-07-30,P019,2.033331871032715,LSTM,Prediction,Train
2025-07-31,P019,2.0255966186523438,LSTM,Prediction,Train
2025-08-01,P019,2.0275981426239014,LSTM,Prediction,Train
2025-08-02,P019,2.0200390815734863,LSTM,Prediction,Train
2025-08-03,P019,2.0211167335510254,LSTM,Prediction,Train
2025-08-04,P019,2.027306079864502,LSTM,Prediction,Train
2025-08-05,P019,2.0249881744384766,LSTM,Prediction,Train
2025-08-06,P019,2.019695281982422,LSTM,Prediction,Train
2025-08-07,P019,2.034867525100708,LSTM,Prediction,Train
2025-08-08,P019,2.0248496532440186,LSTM,Prediction,Train
2025-08-09,P019,2.0271365642547607,LSTM,Prediction,Train
2025-08-10,P019,2.029881000518799,LSTM,Prediction,Train
2025-08-11,P019,2.027273416519165,LSTM,Prediction,Train
2025-08-12,P019,2.025014877319336,LSTM,Prediction,Train
2025-08-13,P019,2.0241053104400635,LSTM,Prediction,Train
2025-08-14,P019,2.0299887657165527,LSTM,Prediction,Train
2025-08-15,P019,2.027609348297119,LSTM,Prediction,Train
2025-08-16,P019,2.0302631855010986,LSTM,Prediction,Train
2025-08-17,P019,2.022873640060425,LSTM,Prediction,Train
2025-08-18,P019,2.025444507598877,LSTM,Prediction,Train
2025-08-19,P019,2.034721851348877,LSTM,Prediction,Train
2025-08-20,P019,2.0304813385009766,LSTM,Prediction,Train
2025-08-21,P019,2.021883249282837,LSTM,Prediction,Train
2025-08-22,P019,2.027395725250244,LSTM,Prediction,Train
2025-08-23,P019,2.025846242904663,LSTM,Prediction,Train
2025-08-24,P019,2.0249063968658447,LSTM,Prediction,Train
2025-08-25,P019,2.0093417167663574,LSTM,Prediction,Train
2025-08-26,P019,2.0142035484313965,LSTM,Prediction,Train
2025-08-27,P019,2.0269460678100586,LSTM,Prediction,Train
2025-08-28,P019,2.020303249359131,LSTM,Prediction,Train
2025-08-29,P019,2.0232512950897217,LSTM,Prediction,Train
2025-08-30,P019,2.0092029571533203,LSTM,Prediction,Train
2025-08-31,P019,2.0180132389068604,LSTM,Prediction,Train
2025-09-01,P019,2.0310022830963135,LSTM,Prediction,Train
2025-09-02,P019,2.018902063369751,LSTM,Prediction,Train
2025-09-03,P019,2.019451141357422,LSTM,Prediction,Train
2025-09-04,P019,2.0362846851348877,LSTM,Prediction,Train
2025-09-05,P019,2.0250790119171143,LSTM,Prediction,Train
2025-09-06,P019,2.025146961212158,LSTM,Prediction,Train
2025-09-07,P019,2.018828868865967,LSTM,Prediction,Train
2025-09-08,P019,2.025062084197998,LSTM,Prediction,Train
2025-09-09,P019,2.0191586017608643,LSTM,Prediction,Train
2025-09-10,P019,2.0263326168060303,LSTM,Prediction,Train
2025-09-11,P019,2.0243725776672363,LSTM,Prediction,Train
2025-09-12,P019,2.0185043811798096,LSTM,Prediction,Train
2025-09-13,P019,2.028390645980835,LSTM,Prediction,Train
2025-09-14,P019,2.0239343643188477,LSTM,Prediction,Train
2025-01-08,P020,2.0035018920898438,LSTM,Prediction,Train
2025-01-09,P020,2.013681411743164,LSTM,Prediction,Train
2025-01-10,P020,2.0274853706359863,LSTM,Prediction,Train
2025-01-11,P020,2.017740249633789,LSTM,Prediction,Train
2025-01-12,P020,2.0027523040771484,LSTM,Prediction,Train
2025-01-13,P020,2.005369186401367,LSTM,Prediction,Train
2025-01-14,P020,2.017972946166992,LSTM,Prediction,Train
2025-01-15,P020,2.0179381370544434,LSTM,Prediction,Train
2025-01-16,P020,2.028296947479248,LSTM,Prediction,Train
2025-01-17,P020,2.029097080230713,LSTM,Prediction,Train
2025-01-18,P020,2.0122599601745605,LSTM,Prediction,Train
2025-01-19,P020,2.0110321044921875,LSTM,Prediction,Train
2025-01-20,P020,2.0099005699157715,LSTM,Prediction,Train
2025-01-21,P020,2.0181198120117188,LSTM,Prediction,Train
2025-01-22,P020,2.0227651596069336,LSTM,Prediction,Train
2025-01-23,P020,2.030491352081299,LSTM,Prediction,Train
2025-01-24,P020,2.0036959648132324,LSTM,Prediction,Train
2025-01-25,P020,2.022974967956543,LSTM,Prediction,Train
2025-01-26,P020,2.0326976776123047,LSTM,Prediction,Train
2025-01-27,P020,2.024980068206787,LSTM,Prediction,Train
2025-01-28,P020,2.027094841003418,LSTM,Prediction,Train
2025-01-29,P020,2.014871120452881,LSTM,Prediction,Train
2025-01-30,P020,2.0188660621643066,LSTM,Prediction,Train
2025-01-31,P020,2.021275043487549,LSTM,Prediction,Train
2025-02-01,P020,2.0041861534118652,LSTM,Prediction,Train
2025-02-02,P020,2.0132713317871094,LSTM,Prediction,Train
2025-02-03,P020,2.018718719482422,LSTM,Prediction,Train
2025-02-04,P020,2.0202102661132812,LSTM,Prediction,Train
2025-02-05,P020,2.010251522064209,LSTM,Prediction,Train
2025-02-06,P020,2.0293636322021484,LSTM,Prediction,Train
2025-02-07,P020,2.014754295349121,LSTM,Prediction,Train
2025-02-08,P020,1.9750721454620361,LSTM,Prediction,Train
2025-02-09,P020,2.0207056999206543,LSTM,Prediction,Train
2025-02-10,P020,2.009654998779297,LSTM,Prediction,Train
2025-02-11,P020,2.013516426086426,LSTM,Prediction,Train
2025-02-12,P020,2.020247459411621,LSTM,Prediction,Train
2025-02-13,P020,2.023716926574707,LSTM,Prediction,Train
2025-02-14,P020,2.008747100830078,LSTM,Prediction,Train
2025-02-15,P020,2.0180444717407227,LSTM,Prediction,Train
2025-02-16,P020,2.01290225982666,LSTM,Prediction,Train
2025-02-17,P020,2.004279613494873,LSTM,Prediction,Train
2025-02-18,P020,2.0213279724121094,LSTM,Prediction,Train
2025-02-19,P020,2.001326084136963,LSTM,Prediction,Train
2025-02-20,P020,2.0319876670837402,LSTM,Prediction,Train
2025-02-21,P020,2.020505905151367,LSTM,Prediction,Train
2025-02-22,P020,2.014467239379883,LSTM,Prediction,Train
2025-02-23,P020,2.0192389488220215,LSTM,Prediction,Train
2025-02-24,P020,2.005472183227539,LSTM,Prediction,Train
2025-02-25,P020,2.020984172821045,LSTM,Prediction,Train
2025-02-26,P020,2.016995906829834,LSTM,Prediction,Train
2025-02-27,P020,2.009333610534668,LSTM,Prediction,Train
2025-02-28,P020,2.0022830963134766,LSTM,Prediction,Train
2025-03-01,P020,2.00801420211792,LSTM,Prediction,Train
2025-03-02,P020,2.0128908157348633,LSTM,Prediction,Train
2025-03-03,P020,2.015786647796631,LSTM,Prediction,Train
2025-03-04,P020,1.9984523057937622,LSTM,Prediction,Train
2025-03-05,P020,2.0166869163513184,LSTM,Prediction,Train
2025-03-06,P020,2.0129666328430176,LSTM,Prediction,Train
2025-03-07,P020,2.0274558067321777,LSTM,Prediction,Train
2025-03-08,P020,2.024806499481201,LSTM,Prediction,Train
2025-03-09,P020,2.013885021209717,LSTM,Prediction,Train
2025-03-10,P020,2.0067086219787598,LSTM,Prediction,Train
2025-03-11,P020,2.0114893913269043,LSTM,Prediction,Train
2025-03-12,P020,2.0132455825805664,LSTM,Prediction,Train
2025-03-13,P020,2.0148348808288574,LSTM,Prediction,Train
2025-03-14,P020,2.0207157135009766,LSTM,Prediction,Train
2025-03-15,P020,2.0198769569396973,LSTM,Prediction,Train
2025-03-16,P020,2.016047477722168,LSTM,Prediction,Train
2025-03-17,P020,2.016465187072754,LSTM,Prediction,Train
2025-03-18,P020,2.0052614212036133,LSTM,Prediction,Train
2025-03-19,P020,2.0248866081237793,LSTM,Prediction,Train
2025-03-20,P020,2.016695976257324,LSTM,Prediction,Train
2025-03-21,P020,2.011375904083252,LSTM,Prediction,Train
2025-03-22,P020,1.9967073202133179,LSTM,Prediction,Train
2025-03-23,P020,2.0132579803466797,LSTM,Prediction,Train
2025-03-24,P020,2.011603355407715,LSTM,Prediction,Train
2025-03-25,P020,2.018782138824463,LSTM,Prediction,Train
2025-03-26,P020,2.0093626976013184,LSTM,Prediction,Train
2025-03-27,P020,2.009263038635254,LSTM,Prediction,Train
2025-03-28,P020,2.0123157501220703,LSTM,Prediction,Train
2025-03-29,P020,2.0148816108703613,LSTM,Prediction,Train
2025-03-30,P020,2.01729679107666,LSTM,Prediction,Train
2025-03-31,P020,2.0134243965148926,LSTM,Prediction,Train
2025-04-01,P020,2.0109009742736816,LSTM,Prediction,Train
2025-04-02,P020,2.018404960632324,LSTM,Prediction,Train
2025-04-03,P020,2.017235279083252,LSTM,Prediction,Train
2025-04-04,P020,2.014587879180908,LSTM,Prediction,Train
2025-04-05,P020,2.01611328125,LSTM,Prediction,Train
2025-04-06,P020,2.0154032707214355,LSTM,Prediction,Train
2025-04-07,P020,2.0270824432373047,LSTM,Prediction,Train
2025-04-08,P020,2.0025253295898438,LSTM,Prediction,Train
2025-04-09,P020,2.007749080657959,LSTM,Prediction,Train
2025-04-10,P020,2.0147366523742676,LSTM,Prediction,Train
2025-04-11,P020,2.0219531059265137,LSTM,Prediction,Train
2025-04-12,P020,2.026541233062744,LSTM,Prediction,Train
2025-04-13,P020,2.026620864868164,LSTM,Prediction,Train
2025-04-14,P020,2.0143890380859375,LSTM,Prediction,Train
2025-04-15,P020,2.0160045623779297,LSTM,Prediction,Train
2025-04-16,P020,2.008744239807129,LSTM,Prediction,Train
2025-04-17,P020,2.0018739700317383,LSTM,Prediction,Train
2025-04-18,P020,2.021352767944336,LSTM,Prediction,Train
2025-04-19,P020,2.0182342529296875,LSTM,Prediction,Train
2025-04-20,P020,2.020585060119629,LSTM,Prediction,Train
2025-04-21,P020,2.02614164352417,LSTM,Prediction,Train
2025-04-22,P020,2.0087270736694336,LSTM,Prediction,Train
2025-04-23,P020,2.0146617889404297,LSTM,Prediction,Train
2025-04-24,P020,2.0104217529296875,LSTM,Prediction,Train
2025-04-25,P020,2.0060954093933105,LSTM,Prediction,Train
2025-04-26,P020,2.012406349182129,LSTM,Prediction,Train
2025-04-27,P020,2.0198206901550293,LSTM,Prediction,Train
2025-04-28,P020,2.0208091735839844,LSTM,Prediction,Train
2025-04-29,P020,2.0084152221679688,LSTM,Prediction,Train
2025-04-30,P020,2.0081911087036133,LSTM,Prediction,Train
2025-05-01,P020,2.012634754180908,LSTM,Prediction,Train
2025-05-02,P020,2.0000600814819336,LSTM,Prediction,Train
2025-05-03,P020,2.008176803588867,LSTM,Prediction,Train
2025-05-04,P020,2.030092239379883,LSTM,Prediction,Train
2025-05-05,P020,2.0220985412597656,LSTM,Prediction,Train
2025-05-06,P020,2.010921001434326,LSTM,Prediction,Train
2025-05-07,P020,2.003640651702881,LSTM,Prediction,Train
2025-05-08,P020,2.0281600952148438,LSTM,Prediction,Train
2025-05-09,P020,2.0206918716430664,LSTM,Prediction,Train
2025-05-10,P020,2.0153002738952637,LSTM,Prediction,Train
2025-05-11,P020,2.016880512237549,LSTM,Prediction,Train
2025-05-12,P020,2.0353479385375977,LSTM,Prediction,Train
2025-05-13,P020,2.0204925537109375,LSTM,Prediction,Train
2025-05-14,P020,2.012449264526367,LSTM,Prediction,Train
2025-05-15,P020,2.020113468170166,LSTM,Prediction,Train
2025-05-16,P020,2.007965564727783,LSTM,Prediction,Train
2025-05-17,P020,2.022279739379883,LSTM,Prediction,Train
2025-05-18,P020,2.015409469604492,LSTM,Prediction,Train
2025-05-19,P020,2.0124526023864746,LSTM,Prediction,Train
2025-05-20,P020,2.0019278526306152,LSTM,Prediction,Train
2025-05-21,P020,2.023467540740967,LSTM,Prediction,Train
2025-05-22,P020,2.0105514526367188,LSTM,Prediction,Train
2025-05-23,P020,2.0127110481262207,LSTM,Prediction,Train
2025-05-24,P020,2.0245513916015625,LSTM,Prediction,Train
2025-05-25,P020,2.023885726928711,LSTM,Prediction,Train
2025-05-26,P020,2.027139663696289,LSTM,Prediction,Train
2025-05-27,P020,2.033601760864258,LSTM,Prediction,Train
2025-05-28,P020,2.010796070098877,LSTM,Prediction,Train
2025-05-29,P020,2.0117921829223633,LSTM,Prediction,Train
2025-05-30,P020,2.002870559692383,LSTM,Prediction,Train
2025-05-31,P020,2.020451068878174,LSTM,Prediction,Train
2025-06-01,P020,2.021085739135742,LSTM,Prediction,Train
2025-06-02,P020,2.017592430114746,LSTM,Prediction,Train
2025-06-03,P020,2.0081443786621094,LSTM,Prediction,Train
2025-06-04,P020,2.010047435760498,LSTM,Prediction,Train
2025-06-05,P020,2.016660690307617,LSTM,Prediction,Train
2025-06-06,P020,2.015899181365967,LSTM,Prediction,Train
2025-06-07,P020,2.016348361968994,LSTM,Prediction,Train
2025-06-08,P020,2.0174245834350586,LSTM,Prediction,Train
2025-06-09,P020,2.009894371032715,LSTM,Prediction,Train
2025-06-10,P020,2.022033214569092,LSTM,Prediction,Train
2025-06-11,P020,2.0286316871643066,LSTM,Prediction,Train
2025-06-12,P020,2.016472816467285,LSTM,Prediction,Train
2025-06-13,P020,2.014227867126465,LSTM,Prediction,Train
2025-06-14,P020,2.010251522064209,LSTM,Prediction,Train
2025-06-15,P020,2.019031524658203,LSTM,Prediction,Train
2025-06-16,P020,2.020134925842285,LSTM,Prediction,Train
2025-06-17,P020,2.007643222808838,LSTM,Prediction,Train
2025-06-18,P020,2.011776924133301,LSTM,Prediction,Train
2025-06-19,P020,2.0078377723693848,LSTM,Prediction,Train
2025-06-20,P020,2.013680934906006,LSTM,Prediction,Train
2025-06-21,P020,2.012962818145752,LSTM,Prediction,Train
2025-06-22,P020,2.020312786102295,LSTM,Prediction,Train
2025-06-23,P020,2.028355121612549,LSTM,Prediction,Train
2025-06-24,P020,2.024430274963379,LSTM,Prediction,Train
2025-06-25,P020,2.017472743988037,LSTM,Prediction,Train
2025-06-26,P020,2.013357162475586,LSTM,Prediction,Train
2025-06-27,P020,2.01393985748291,LSTM,Prediction,Train
2025-06-28,P020,2.019636631011963,LSTM,Prediction,Train
2025-06-29,P020,2.0095386505126953,LSTM,Prediction,Train
2025-06-30,P020,2.0230979919433594,LSTM,Prediction,Train
2025-07-01,P020,2.001235008239746,LSTM,Prediction,Train
2025-07-02,P020,2.0244693756103516,LSTM,Prediction,Train
2025-07-03,P020,2.0089879035949707,LSTM,Prediction,Train
2025-07-04,P020,1.9994500875473022,LSTM,Prediction,Train
2025-07-05,P020,1.9950004816055298,LSTM,Prediction,Train
2025-07-06,P020,2.024264335632324,LSTM,Prediction,Train
2025-07-07,P020,2.0203490257263184,LSTM,Prediction,Train
2025-07-08,P020,2.006157398223877,LSTM,Prediction,Train
2025-07-09,P020,2.0215444564819336,LSTM,Prediction,Train
2025-07-10,P020,2.0132393836975098,LSTM,Prediction,Train
2025-07-11,P020,2.0174670219421387,LSTM,Prediction,Train
2025-07-12,P020,2.024050712585449,LSTM,Prediction,Train
2025-07-13,P020,2.027956962585449,LSTM,Prediction,Train
2025-07-14,P020,2.0210771560668945,LSTM,Prediction,Train
2025-07-15,P020,2.0244197845458984,LSTM,Prediction,Train
2025-07-16,P020,2.003159999847412,LSTM,Prediction,Train
2025-07-17,P020,2.026881217956543,LSTM,Prediction,Train
2025-07-18,P020,2.0086898803710938,LSTM,Prediction,Train
2025-07-19,P020,2.017096996307373,LSTM,Prediction,Train
2025-07-20,P020,2.022968292236328,LSTM,Prediction,Train
2025-07-21,P020,2.0244216918945312,LSTM,Prediction,Train
2025-07-22,P020,1.976849913597107,LSTM,Prediction,Train
2025-07-23,P020,2.0169339179992676,LSTM,Prediction,Train
2025-07-24,P020,2.0207834243774414,LSTM,Prediction,Train
2025-07-25,P020,2.0105838775634766,LSTM,Prediction,Train
2025-07-26,P020,2.0118980407714844,LSTM,Prediction,Train
2025-07-27,P020,2.0204734802246094,LSTM,Prediction,Train
2025-07-28,P020,2.022876262664795,LSTM,Prediction,Train
2025-07-29,P020,2.0263094902038574,LSTM,Prediction,Train
2025-07-30,P020,2.030337333679199,LSTM,Prediction,Train
2025-07-31,P020,2.0173983573913574,LSTM,Prediction,Train
2025-08-01,P020,2.017138957977295,LSTM,Prediction,Train
2025-08-02,P020,2.008075714111328,LSTM,Prediction,Train
2025-08-03,P020,2.016282558441162,LSTM,Prediction,Train
2025-08-04,P020,2.019993782043457,LSTM,Prediction,Train
2025-08-05,P020,2.0142269134521484,LSTM,Prediction,Train
2025-08-06,P020,2.007126808166504,LSTM,Prediction,Train
2025-08-07,P020,2.0269384384155273,LSTM,Prediction,Train
2025-08-08,P020,2.013519763946533,LSTM,Prediction,Train
2025-08-09,P020,2.0165762901306152,LSTM,Prediction,Train
2025-08-10,P020,2.0224251747131348,LSTM,Prediction,Train
2025-08-11,P020,2.0176849365234375,LSTM,Prediction,Train
2025-08-12,P020,2.0143074989318848,LSTM,Prediction,Train
2025-08-13,P020,2.008882522583008,LSTM,Prediction,Train
2025-08-14,P020,2.01961088180542,LSTM,Prediction,Train
2025-08-15,P020,2.0188159942626953,LSTM,Prediction,Train
2025-08-16,P020,2.022799491882324,LSTM,Prediction,Train
2025-08-17,P020,2.013617992401123,LSTM,Prediction,Train
2025-08-18,P020,2.015690803527832,LSTM,Prediction,Train
2025-08-19,P020,2.028909206390381,LSTM,Prediction,Train
2025-08-20,P020,2.0232181549072266,LSTM,Prediction,Train
2025-08-21,P020,2.010281562805176,LSTM,Prediction,Train
2025-08-22,P020,2.0160751342773438,LSTM,Prediction,Train
2025-08-23,P020,2.0225653648376465,LSTM,Prediction,Train
2025-08-24,P020,2.0164794921875,LSTM,Prediction,Train
2025-08-25,P020,1.9925285577774048,LSTM,Prediction,Train
2025-08-26,P020,1.9979757070541382,LSTM,Prediction,Train
2025-08-27,P020,2.014616012573242,LSTM,Prediction,Train
2025-08-28,P020,2.0073366165161133,LSTM,Prediction,Train
2025-08-29,P020,2.0111727714538574,LSTM,Prediction,Train
2025-08-30,P020,1.9958866834640503,LSTM,Prediction,Train
2025-08-31,P020,2.0023789405822754,LSTM,Prediction,Train
2025-09-01,P020,2.025780200958252,LSTM,Prediction,Train
2025-09-02,P020,2.005629539489746,LSTM,Prediction,Train
2025-09-03,P020,2.0071635246276855,LSTM,Prediction,Train
2025-09-04,P020,2.029078960418701,LSTM,Prediction,Train
2025-09-05,P020,2.0120558738708496,LSTM,Prediction,Train
2025-09-06,P020,2.0159921646118164,LSTM,Prediction,Train
2025-09-07,P020,2.0057411193847656,LSTM,Prediction,Train
2025-09-08,P020,2.013502597808838,LSTM,Prediction,Train
2025-09-09,P020,2.0076560974121094,LSTM,Prediction,Train
2025-09-10,P020,2.0160293579101562,LSTM,Prediction,Train
2025-09-11,P020,2.0138306617736816,LSTM,Prediction,Train
2025-09-12,P020,2.0104875564575195,LSTM,Prediction,Train
2025-09-13,P020,2.0179152488708496,LSTM,Prediction,Train
2025-09-14,P020,2.011092185974121,LSTM,Prediction,Train
2025-09-15,P001,1.9628782272338867,LSTM,Prediction,Valid
2025-09-16,P001,1.9572789669036865,LSTM,Prediction,Valid
2025-09-17,P001,1.9543269872665405,LSTM,Prediction,Valid
2025-09-18,P001,1.9564235210418701,LSTM,Prediction,Valid
2025-09-19,P001,1.9618816375732422,LSTM,Prediction,Valid
2025-09-20,P001,1.9641826152801514,LSTM,Prediction,Valid
2025-09-21,P001,1.9619215726852417,LSTM,Prediction,Valid
2025-09-22,P001,1.9685657024383545,LSTM,Prediction,Valid
2025-09-23,P001,1.969257116317749,LSTM,Prediction,Valid
2025-09-24,P001,1.9717894792556763,LSTM,Prediction,Valid
2025-09-25,P001,1.965644121170044,LSTM,Prediction,Valid
2025-09-26,P001,1.9662463665008545,LSTM,Prediction,Valid
2025-09-27,P001,1.9680238962173462,LSTM,Prediction,Valid
2025-09-28,P001,1.9811482429504395,LSTM,Prediction,Valid
2025-09-29,P001,1.9689661264419556,LSTM,Prediction,Valid
2025-09-30,P001,1.971506118774414,LSTM,Prediction,Valid
2025-10-01,P001,1.9684268236160278,LSTM,Prediction,Valid
2025-10-02,P001,1.9668984413146973,LSTM,Prediction,Valid
2025-10-03,P001,1.9651896953582764,LSTM,Prediction,Valid
2025-10-04,P001,1.9646614789962769,LSTM,Prediction,Valid
2025-10-05,P001,1.9670381546020508,LSTM,Prediction,Valid
2025-10-06,P001,1.9661989212036133,LSTM,Prediction,Valid
2025-10-07,P001,1.9576300382614136,LSTM,Prediction,Valid
2025-10-08,P001,1.9497909545898438,LSTM,Prediction,Valid
2025-10-09,P001,1.957278847694397,LSTM,Prediction,Valid
2025-10-10,P001,1.9593384265899658,LSTM,Prediction,Valid
2025-10-11,P001,1.9598097801208496,LSTM,Prediction,Valid
2025-10-12,P001,1.9526764154434204,LSTM,Prediction,Valid
2025-10-13,P001,1.957983136177063,LSTM,Prediction,Valid
2025-10-14,P001,1.9572769403457642,LSTM,Prediction,Valid
2025-10-15,P001,1.9620578289031982,LSTM,Prediction,Valid
2025-10-16,P001,1.94482421875,LSTM,Prediction,Valid
2025-10-17,P001,1.9441208839416504,LSTM,Prediction,Valid
2025-10-18,P001,1.9585412740707397,LSTM,Prediction,Valid
2025-10-19,P001,1.9587239027023315,LSTM,Prediction,Valid
2025-10-20,P001,1.9479063749313354,LSTM,Prediction,Valid
2025-10-21,P001,1.9493143558502197,LSTM,Prediction,Valid
2025-10-22,P001,1.9447115659713745,LSTM,Prediction,Valid
2025-10-23,P001,1.9557228088378906,LSTM,Prediction,Valid
2025-10-24,P001,1.9640929698944092,LSTM,Prediction,Valid
2025-10-25,P001,1.9476923942565918,LSTM,Prediction,Valid
2025-10-26,P001,1.9658666849136353,LSTM,Prediction,Valid
2025-10-27,P001,1.9589033126831055,LSTM,Prediction,Valid
2025-10-28,P001,1.9618258476257324,LSTM,Prediction,Valid
2025-10-29,P001,1.9641351699829102,LSTM,Prediction,Valid
2025-10-30,P001,1.9755812883377075,LSTM,Prediction,Valid
2025-10-31,P001,1.9689828157424927,LSTM,Prediction,Valid
2025-11-01,P001,1.9659937620162964,LSTM,Prediction,Valid
2025-11-02,P001,1.950502634048462,LSTM,Prediction,Valid
2025-11-03,P001,1.966497540473938,LSTM,Prediction,Valid
2025-11-04,P001,1.9659414291381836,LSTM,Prediction,Valid
2025-11-05,P001,1.9707658290863037,LSTM,Prediction,Valid
2025-11-06,P001,1.969865322113037,LSTM,Prediction,Valid
2025-11-07,P001,1.9591575860977173,LSTM,Prediction,Valid
2025-11-08,P001,1.958478331565857,LSTM,Prediction,Valid
2025-11-09,P001,1.9642397165298462,LSTM,Prediction,Valid
2025-11-10,P001,1.958289384841919,LSTM,Prediction,Valid
2025-11-11,P001,1.954912543296814,LSTM,Prediction,Valid
2025-11-12,P001,1.951168417930603,LSTM,Prediction,Valid
2025-11-13,P001,1.9364852905273438,LSTM,Prediction,Valid
2025-11-14,P001,1.9418165683746338,LSTM,Prediction,Valid
2025-11-15,P001,1.9475440979003906,LSTM,Prediction,Valid
2025-11-16,P001,1.9338722229003906,LSTM,Prediction,Valid
2025-11-17,P001,1.9482941627502441,LSTM,Prediction,Valid
2025-11-18,P001,1.9465365409851074,LSTM,Prediction,Valid
2025-11-19,P001,1.948367953300476,LSTM,Prediction,Valid
2025-11-20,P001,1.9578131437301636,LSTM,Prediction,Valid
2025-11-21,P001,1.9478133916854858,LSTM,Prediction,Valid
2025-11-22,P001,1.948912501335144,LSTM,Prediction,Valid
2025-11-23,P001,1.9525874853134155,LSTM,Prediction,Valid
2025-11-24,P001,1.9510822296142578,LSTM,Prediction,Valid
2025-09-15,P002,2.0987770557403564,LSTM,Prediction,Valid
2025-09-16,P002,2.0899226665496826,LSTM,Prediction,Valid
2025-09-17,P002,2.088193416595459,LSTM,Prediction,Valid
2025-09-18,P002,2.0903143882751465,LSTM,Prediction,Valid
2025-09-19,P002,2.095017671585083,LSTM,Prediction,Valid
2025-09-20,P002,2.1030960083007812,LSTM,Prediction,Valid
2025-09-21,P002,2.0945937633514404,LSTM,Prediction,Valid
2025-09-22,P002,2.1019701957702637,LSTM,Prediction,Valid
2025-09-23,P002,2.1047399044036865,LSTM,Prediction,Valid
2025-09-24,P002,2.1039795875549316,LSTM,Prediction,Valid
2025-09-25,P002,2.098963975906372,LSTM,Prediction,Valid
2025-09-26,P002,2.1006200313568115,LSTM,Prediction,Valid
2025-09-27,P002,2.1013638973236084,LSTM,Prediction,Valid
2025-09-28,P002,2.1111745834350586,LSTM,Prediction,Valid
2025-09-29,P002,2.104933977127075,LSTM,Prediction,Valid
2025-09-30,P002,2.102708339691162,LSTM,Prediction,Valid
2025-10-01,P002,2.103048801422119,LSTM,Prediction,Valid
2025-10-02,P002,2.10237455368042,LSTM,Prediction,Valid
2025-10-03,P002,2.1016762256622314,LSTM,Prediction,Valid
2025-10-04,P002,2.1015822887420654,LSTM,Prediction,Valid
2025-10-05,P002,2.1031363010406494,LSTM,Prediction,Valid
2025-10-06,P002,2.1028006076812744,LSTM,Prediction,Valid
2025-10-07,P002,2.093433380126953,LSTM,Prediction,Valid
2025-10-08,P002,2.0828585624694824,LSTM,Prediction,Valid
2025-10-09,P002,2.0860371589660645,LSTM,Prediction,Valid
2025-10-10,P002,2.0945215225219727,LSTM,Prediction,Valid
2025-10-11,P002,2.094127655029297,LSTM,Prediction,Valid
2025-10-12,P002,2.084495782852173,LSTM,Prediction,Valid
2025-10-13,P002,2.0868265628814697,LSTM,Prediction,Valid
2025-10-14,P002,2.0894570350646973,LSTM,Prediction,Valid
2025-10-15,P002,2.095282554626465,LSTM,Prediction,Valid
2025-10-16,P002,2.0768113136291504,LSTM,Prediction,Valid
2025-10-17,P002,2.0757222175598145,LSTM,Prediction,Valid
2025-10-18,P002,2.0920681953430176,LSTM,Prediction,Valid
2025-10-19,P002,2.0930089950561523,LSTM,Prediction,Valid
2025-10-20,P002,2.080003499984741,LSTM,Prediction,Valid
2025-10-21,P002,2.082098960876465,LSTM,Prediction,Valid
2025-10-22,P002,2.0747251510620117,LSTM,Prediction,Valid
2025-10-23,P002,2.0906708240509033,LSTM,Prediction,Valid
2025-10-24,P002,2.0956733226776123,LSTM,Prediction,Valid
2025-10-25,P002,2.076181173324585,LSTM,Prediction,Valid
2025-10-26,P002,2.101560115814209,LSTM,Prediction,Valid
2025-10-27,P002,2.092712640762329,LSTM,Prediction,Valid
2025-10-28,P002,2.096708297729492,LSTM,Prediction,Valid
2025-10-29,P002,2.099052906036377,LSTM,Prediction,Valid
2025-10-30,P002,2.105591297149658,LSTM,Prediction,Valid
2025-10-31,P002,2.103029727935791,LSTM,Prediction,Valid
2025-11-01,P002,2.1023619174957275,LSTM,Prediction,Valid
2025-11-02,P002,2.083692789077759,LSTM,Prediction,Valid
2025-11-03,P002,2.0949180126190186,LSTM,Prediction,Valid
2025-11-04,P002,2.1034460067749023,LSTM,Prediction,Valid
2025-11-05,P002,2.1036183834075928,LSTM,Prediction,Valid
2025-11-06,P002,2.103107452392578,LSTM,Prediction,Valid
2025-11-07,P002,2.093228578567505,LSTM,Prediction,Valid
2025-11-08,P002,2.0911643505096436,LSTM,Prediction,Valid
2025-11-09,P002,2.1023550033569336,LSTM,Prediction,Valid
2025-11-10,P002,2.091766834259033,LSTM,Prediction,Valid
2025-11-11,P002,2.0873143672943115,LSTM,Prediction,Valid
2025-11-12,P002,2.0845532417297363,LSTM,Prediction,Valid
2025-11-13,P002,2.063837766647339,LSTM,Prediction,Valid
2025-11-14,P002,2.0753333568573,LSTM,Prediction,Valid
2025-11-15,P002,2.078676462173462,LSTM,Prediction,Valid
2025-11-16,P002,2.063331127166748,LSTM,Prediction,Valid
2025-11-17,P002,2.0781311988830566,LSTM,Prediction,Valid
2025-11-18,P002,2.0780515670776367,LSTM,Prediction,Valid
2025-11-19,P002,2.07932710647583,LSTM,Prediction,Valid
2025-11-20,P002,2.0901026725769043,LSTM,Prediction,Valid
2025-11-21,P002,2.078758478164673,LSTM,Prediction,Valid
2025-11-22,P002,2.0806710720062256,LSTM,Prediction,Valid
2025-11-23,P002,2.083059310913086,LSTM,Prediction,Valid
2025-11-24,P002,2.0844855308532715,LSTM,Prediction,Valid
2025-09-15,P003,2.0729029178619385,LSTM,Prediction,Valid
2025-09-16,P003,2.064755439758301,LSTM,Prediction,Valid
2025-09-17,P003,2.0606255531311035,LSTM,Prediction,Valid
2025-09-18,P003,2.0656065940856934,LSTM,Prediction,Valid
2025-09-19,P003,2.0685036182403564,LSTM,Prediction,Valid
2025-09-20,P003,2.073972463607788,LSTM,Prediction,Valid
2025-09-21,P003,2.067673683166504,LSTM,Prediction,Valid
2025-09-22,P003,2.078324794769287,LSTM,Prediction,Valid
2025-09-23,P003,2.0790224075317383,LSTM,Prediction,Valid
2025-09-24,P003,2.080148696899414,LSTM,Prediction,Valid
2025-09-25,P003,2.0750515460968018,LSTM,Prediction,Valid
2025-09-26,P003,2.0772316455841064,LSTM,Prediction,Valid
2025-09-27,P003,2.0768635272979736,LSTM,Prediction,Valid
2025-09-28,P003,2.0789666175842285,LSTM,Prediction,Valid
2025-09-29,P003,2.077977180480957,LSTM,Prediction,Valid
2025-09-30,P003,2.0790903568267822,LSTM,Prediction,Valid
2025-10-01,P003,2.076927661895752,LSTM,Prediction,Valid
2025-10-02,P003,2.077085494995117,LSTM,Prediction,Valid
2025-10-03,P003,2.076550006866455,LSTM,Prediction,Valid
2025-10-04,P003,2.075664758682251,LSTM,Prediction,Valid
2025-10-05,P003,2.079364061355591,LSTM,Prediction,Valid
2025-10-06,P003,2.0767927169799805,LSTM,Prediction,Valid
2025-10-07,P003,2.0674052238464355,LSTM,Prediction,Valid
2025-10-08,P003,2.0568106174468994,LSTM,Prediction,Valid
2025-10-09,P003,2.06303071975708,LSTM,Prediction,Valid
2025-10-10,P003,2.0684313774108887,LSTM,Prediction,Valid
2025-10-11,P003,2.0675578117370605,LSTM,Prediction,Valid
2025-10-12,P003,2.0616295337677,LSTM,Prediction,Valid
2025-10-13,P003,2.064540147781372,LSTM,Prediction,Valid
2025-10-14,P003,2.0642049312591553,LSTM,Prediction,Valid
2025-10-15,P003,2.0697226524353027,LSTM,Prediction,Valid
2025-10-16,P003,2.050588369369507,LSTM,Prediction,Valid
2025-10-17,P003,2.0476858615875244,LSTM,Prediction,Valid
2025-10-18,P003,2.065319061279297,LSTM,Prediction,Valid
2025-10-19,P003,2.0672082901000977,LSTM,Prediction,Valid
2025-10-20,P003,2.0534415245056152,LSTM,Prediction,Valid
2025-10-21,P003,2.0560920238494873,LSTM,Prediction,Valid
2025-10-22,P003,2.048219680786133,LSTM,Prediction,Valid
2025-10-23,P003,2.0639288425445557,LSTM,Prediction,Valid
2025-10-24,P003,2.0718841552734375,LSTM,Prediction,Valid
2025-10-25,P003,2.051664113998413,LSTM,Prediction,Valid
2025-10-26,P003,2.0712435245513916,LSTM,Prediction,Valid
2025-10-27,P003,2.0691781044006348,LSTM,Prediction,Valid
2025-10-28,P003,2.0734379291534424,LSTM,Prediction,Valid
2025-10-29,P003,2.075892686843872,LSTM,Prediction,Valid
2025-10-30,P003,2.0785539150238037,LSTM,Prediction,Valid
2025-10-31,P003,2.0784311294555664,LSTM,Prediction,Valid
2025-11-01,P003,2.0778355598449707,LSTM,Prediction,Valid
2025-11-02,P003,2.0573387145996094,LSTM,Prediction,Valid
2025-11-03,P003,2.0711820125579834,LSTM,Prediction,Valid
2025-11-04,P003,2.076115846633911,LSTM,Prediction,Valid
2025-11-05,P003,2.0810959339141846,LSTM,Prediction,Valid
2025-11-06,P003,2.077030658721924,LSTM,Prediction,Valid
2025-11-07,P003,2.068763494491577,LSTM,Prediction,Valid
2025-11-08,P003,2.066469430923462,LSTM,Prediction,Valid
2025-11-09,P003,2.0759618282318115,LSTM,Prediction,Valid
2025-11-10,P003,2.065044641494751,LSTM,Prediction,Valid
2025-11-11,P003,2.061016798019409,LSTM,Prediction,Valid
2025-11-12,P003,2.0572288036346436,LSTM,Prediction,Valid
2025-11-13,P003,2.034522294998169,LSTM,Prediction,Valid
2025-11-14,P003,2.0464720726013184,LSTM,Prediction,Valid
2025-11-15,P003,2.051240921020508,LSTM,Prediction,Valid
2025-11-16,P003,2.0359854698181152,LSTM,Prediction,Valid
2025-11-17,P003,2.0531556606292725,LSTM,Prediction,Valid
2025-11-18,P003,2.0516295433044434,LSTM,Prediction,Valid
2025-11-19,P003,2.0516936779022217,LSTM,Prediction,Valid
2025-11-20,P003,2.0612752437591553,LSTM,Prediction,Valid
2025-11-21,P003,2.052719831466675,LSTM,Prediction,Valid
2025-11-22,P003,2.054354190826416,LSTM,Prediction,Valid
2025-11-23,P003,2.056962490081787,LSTM,Prediction,Valid
2025-11-24,P003,2.0581753253936768,LSTM,Prediction,Valid
2025-09-15,P004,2.2335076332092285,LSTM,Prediction,Valid
2025-09-16,P004,2.227935791015625,LSTM,Prediction,Valid
2025-09-17,P004,2.22462797164917,LSTM,Prediction,Valid
2025-09-18,P004,2.226871967315674,LSTM,Prediction,Valid
2025-09-19,P004,2.2318902015686035,LSTM,Prediction,Valid
2025-09-20,P004,2.2378640174865723,LSTM,Prediction,Valid
2025-09-21,P004,2.2301907539367676,LSTM,Prediction,Valid
2025-09-22,P004,2.23807954788208,LSTM,Prediction,Valid
2025-09-23,P004,2.241189956665039,LSTM,Prediction,Valid
2025-09-24,P004,2.240173816680908,LSTM,Prediction,Valid
2025-09-25,P004,2.2349467277526855,LSTM,Prediction,Valid
2025-09-26,P004,2.236295700073242,LSTM,Prediction,Valid
2025-09-27,P004,2.237253189086914,LSTM,Prediction,Valid
2025-09-28,P004,2.250455379486084,LSTM,Prediction,Valid
2025-09-29,P004,2.2404050827026367,LSTM,Prediction,Valid
2025-09-30,P004,2.2406692504882812,LSTM,Prediction,Valid
2025-10-01,P004,2.2378907203674316,LSTM,Prediction,Valid
2025-10-02,P004,2.2366013526916504,LSTM,Prediction,Valid
2025-10-03,P004,2.23673677444458,LSTM,Prediction,Valid
2025-10-04,P004,2.2364649772644043,LSTM,Prediction,Valid
2025-10-05,P004,2.238032341003418,LSTM,Prediction,Valid
2025-10-06,P004,2.2376317977905273,LSTM,Prediction,Valid
2025-10-07,P004,2.229461669921875,LSTM,Prediction,Valid
2025-10-08,P004,2.220205783843994,LSTM,Prediction,Valid
2025-10-09,P004,2.2246108055114746,LSTM,Prediction,Valid
2025-10-10,P004,2.2313671112060547,LSTM,Prediction,Valid
2025-10-11,P004,2.231468677520752,LSTM,Prediction,Valid
2025-10-12,P004,2.2230987548828125,LSTM,Prediction,Valid
2025-10-13,P004,2.2270092964172363,LSTM,Prediction,Valid
2025-10-14,P004,2.227105140686035,LSTM,Prediction,Valid
2025-10-15,P004,2.2329869270324707,LSTM,Prediction,Valid
2025-10-16,P004,2.2152633666992188,LSTM,Prediction,Valid
2025-10-17,P004,2.2142086029052734,LSTM,Prediction,Valid
2025-10-18,P004,2.230804443359375,LSTM,Prediction,Valid
2025-10-19,P004,2.229642868041992,LSTM,Prediction,Valid
2025-10-20,P004,2.2174038887023926,LSTM,Prediction,Valid
2025-10-21,P004,2.21915864944458,LSTM,Prediction,Valid
2025-10-22,P004,2.214116096496582,LSTM,Prediction,Valid
2025-10-23,P004,2.226968765258789,LSTM,Prediction,Valid
2025-10-24,P004,2.234638214111328,LSTM,Prediction,Valid
2025-10-25,P004,2.2162718772888184,LSTM,Prediction,Valid
2025-10-26,P004,2.23716402053833,LSTM,Prediction,Valid
2025-10-27,P004,2.229586601257324,LSTM,Prediction,Valid
2025-10-28,P004,2.2321043014526367,LSTM,Prediction,Valid
2025-10-29,P004,2.2343883514404297,LSTM,Prediction,Valid
2025-10-30,P004,2.2445688247680664,LSTM,Prediction,Valid
2025-10-31,P004,2.239328384399414,LSTM,Prediction,Valid
2025-11-01,P004,2.2376976013183594,LSTM,Prediction,Valid
2025-11-02,P004,2.2214841842651367,LSTM,Prediction,Valid
2025-11-03,P004,2.233668804168701,LSTM,Prediction,Valid
2025-11-04,P004,2.2396531105041504,LSTM,Prediction,Valid
2025-11-05,P004,2.242562770843506,LSTM,Prediction,Valid
2025-11-06,P004,2.238062858581543,LSTM,Prediction,Valid
2025-11-07,P004,2.2300872802734375,LSTM,Prediction,Valid
2025-11-08,P004,2.2292447090148926,LSTM,Prediction,Valid
2025-11-09,P004,2.235963821411133,LSTM,Prediction,Valid
2025-11-10,P004,2.231841564178467,LSTM,Prediction,Valid
2025-11-11,P004,2.2248945236206055,LSTM,Prediction,Valid
2025-11-12,P004,2.2219204902648926,LSTM,Prediction,Valid
2025-11-13,P004,2.204835891723633,LSTM,Prediction,Valid
2025-11-14,P004,2.214414596557617,LSTM,Prediction,Valid
2025-11-15,P004,2.217337131500244,LSTM,Prediction,Valid
2025-11-16,P004,2.203984260559082,LSTM,Prediction,Valid
2025-11-17,P004,2.217524528503418,LSTM,Prediction,Valid
2025-11-18,P004,2.216113567352295,LSTM,Prediction,Valid
2025-11-19,P004,2.2189183235168457,LSTM,Prediction,Valid
2025-11-20,P004,2.2279791831970215,LSTM,Prediction,Valid
2025-11-21,P004,2.216568946838379,LSTM,Prediction,Valid
2025-11-22,P004,2.218233585357666,LSTM,Prediction,Valid
2025-11-23,P004,2.2214760780334473,LSTM,Prediction,Valid
2025-11-24,P004,2.2209925651550293,LSTM,Prediction,Valid
2025-09-15,P005,1.9292432069778442,LSTM,Prediction,Valid
2025-09-16,P005,1.9195717573165894,LSTM,Prediction,Valid
2025-09-17,P005,1.9171664714813232,LSTM,Prediction,Valid
2025-09-18,P005,1.9220356941223145,LSTM,Prediction,Valid
2025-09-19,P005,1.9254820346832275,LSTM,Prediction,Valid
2025-09-20,P005,1.932222604751587,LSTM,Prediction,Valid
2025-09-21,P005,1.9242433309555054,LSTM,Prediction,Valid
2025-09-22,P005,1.9340157508850098,LSTM,Prediction,Valid
2025-09-23,P005,1.9360957145690918,LSTM,Prediction,Valid
2025-09-24,P005,1.9367135763168335,LSTM,Prediction,Valid
2025-09-25,P005,1.9285846948623657,LSTM,Prediction,Valid
2025-09-26,P005,1.9310015439987183,LSTM,Prediction,Valid
2025-09-27,P005,1.9326493740081787,LSTM,Prediction,Valid
2025-09-28,P005,1.9396419525146484,LSTM,Prediction,Valid
2025-09-29,P005,1.9336163997650146,LSTM,Prediction,Valid
2025-09-30,P005,1.9344978332519531,LSTM,Prediction,Valid
2025-10-01,P005,1.932292103767395,LSTM,Prediction,Valid
2025-10-02,P005,1.933377981185913,LSTM,Prediction,Valid
2025-10-03,P005,1.9314391613006592,LSTM,Prediction,Valid
2025-10-04,P005,1.9312645196914673,LSTM,Prediction,Valid
2025-10-05,P005,1.9347925186157227,LSTM,Prediction,Valid
2025-10-06,P005,1.9332071542739868,LSTM,Prediction,Valid
2025-10-07,P005,1.9230843782424927,LSTM,Prediction,Valid
2025-10-08,P005,1.912752628326416,LSTM,Prediction,Valid
2025-10-09,P005,1.9198408126831055,LSTM,Prediction,Valid
2025-10-10,P005,1.9234648942947388,LSTM,Prediction,Valid
2025-10-11,P005,1.9235352277755737,LSTM,Prediction,Valid
2025-10-12,P005,1.9168095588684082,LSTM,Prediction,Valid
2025-10-13,P005,1.918192744255066,LSTM,Prediction,Valid
2025-10-14,P005,1.9200791120529175,LSTM,Prediction,Valid
2025-10-15,P005,1.9257926940917969,LSTM,Prediction,Valid
2025-10-16,P005,1.9064730405807495,LSTM,Prediction,Valid
2025-10-17,P005,1.9048346281051636,LSTM,Prediction,Valid
2025-10-18,P005,1.9229086637496948,LSTM,Prediction,Valid
2025-10-19,P005,1.9232949018478394,LSTM,Prediction,Valid
2025-10-20,P005,1.9096717834472656,LSTM,Prediction,Valid
2025-10-21,P005,1.9118633270263672,LSTM,Prediction,Valid
2025-10-22,P005,1.9046448469161987,LSTM,Prediction,Valid
2025-10-23,P005,1.9207954406738281,LSTM,Prediction,Valid
2025-10-24,P005,1.9276502132415771,LSTM,Prediction,Valid
2025-10-25,P005,1.9072812795639038,LSTM,Prediction,Valid
2025-10-26,P005,1.9302705526351929,LSTM,Prediction,Valid
2025-10-27,P005,1.9237816333770752,LSTM,Prediction,Valid
2025-10-28,P005,1.92807137966156,LSTM,Prediction,Valid
2025-10-29,P005,1.931091547012329,LSTM,Prediction,Valid
2025-10-30,P005,1.936296820640564,LSTM,Prediction,Valid
2025-10-31,P005,1.9328359365463257,LSTM,Prediction,Valid
2025-11-01,P005,1.932261347770691,LSTM,Prediction,Valid
2025-11-02,P005,1.9138658046722412,LSTM,Prediction,Valid
2025-11-03,P005,1.926185965538025,LSTM,Prediction,Valid
2025-11-04,P005,1.933108925819397,LSTM,Prediction,Valid
2025-11-05,P005,1.9364088773727417,LSTM,Prediction,Valid
2025-11-06,P005,1.933735966682434,LSTM,Prediction,Valid
2025-11-07,P005,1.924249291419983,LSTM,Prediction,Valid
2025-11-08,P005,1.9212836027145386,LSTM,Prediction,Valid
2025-11-09,P005,1.9329520463943481,LSTM,Prediction,Valid
2025-11-10,P005,1.9213066101074219,LSTM,Prediction,Valid
2025-11-11,P005,1.9175516366958618,LSTM,Prediction,Valid
2025-11-12,P005,1.914536952972412,LSTM,Prediction,Valid
2025-11-13,P005,1.893599033355713,LSTM,Prediction,Valid
2025-11-14,P005,1.904681921005249,LSTM,Prediction,Valid
2025-11-15,P005,1.9091731309890747,LSTM,Prediction,Valid
2025-11-16,P005,1.8942286968231201,LSTM,Prediction,Valid
2025-11-17,P005,1.9089068174362183,LSTM,Prediction,Valid
2025-11-18,P005,1.9083421230316162,LSTM,Prediction,Valid
2025-11-19,P005,1.908916711807251,LSTM,Prediction,Valid
2025-11-20,P005,1.9188586473464966,LSTM,Prediction,Valid
2025-11-21,P005,1.9080833196640015,LSTM,Prediction,Valid
2025-11-22,P005,1.9102911949157715,LSTM,Prediction,Valid
2025-11-23,P005,1.9135392904281616,LSTM,Prediction,Valid
2025-11-24,P005,1.9149951934814453,LSTM,Prediction,Valid
2025-09-15,P006,1.9995759725570679,LSTM,Prediction,Valid
2025-09-16,P006,1.9933816194534302,LSTM,Prediction,Valid
2025-09-17,P006,1.990549921989441,LSTM,Prediction,Valid
2025-09-18,P006,1.990256428718567,LSTM,Prediction,Valid
2025-09-19,P006,2.000086545944214,LSTM,Prediction,Valid
2025-09-20,P006,2.0031514167785645,LSTM,Prediction,Valid
2025-09-21,P006,1.9969638586044312,LSTM,Prediction,Valid
2025-09-22,P006,2.0035383701324463,LSTM,Prediction,Valid
2025-09-23,P006,2.0082452297210693,LSTM,Prediction,Valid
2025-09-24,P006,2.0105514526367188,LSTM,Prediction,Valid
2025-09-25,P006,2.0018160343170166,LSTM,Prediction,Valid
2025-09-26,P006,2.0014758110046387,LSTM,Prediction,Valid
2025-09-27,P006,2.0046613216400146,LSTM,Prediction,Valid
2025-09-28,P006,2.0214638710021973,LSTM,Prediction,Valid
2025-09-29,P006,2.0093557834625244,LSTM,Prediction,Valid
2025-09-30,P006,2.0090949535369873,LSTM,Prediction,Valid
2025-10-01,P006,2.006911039352417,LSTM,Prediction,Valid
2025-10-02,P006,2.00665545463562,LSTM,Prediction,Valid
2025-10-03,P006,2.003875494003296,LSTM,Prediction,Valid
2025-10-04,P006,2.0029163360595703,LSTM,Prediction,Valid
2025-10-05,P006,2.0052614212036133,LSTM,Prediction,Valid
2025-10-06,P006,2.007002115249634,LSTM,Prediction,Valid
2025-10-07,P006,1.9942749738693237,LSTM,Prediction,Valid
2025-10-08,P006,1.9843891859054565,LSTM,Prediction,Valid
2025-10-09,P006,1.9936870336532593,LSTM,Prediction,Valid
2025-10-10,P006,1.9943009614944458,LSTM,Prediction,Valid
2025-10-11,P006,1.998129963874817,LSTM,Prediction,Valid
2025-10-12,P006,1.9883395433425903,LSTM,Prediction,Valid
2025-10-13,P006,1.9869638681411743,LSTM,Prediction,Valid
2025-10-14,P006,1.9923797845840454,LSTM,Prediction,Valid
2025-10-15,P006,1.9995101690292358,LSTM,Prediction,Valid
2025-10-16,P006,1.9783130884170532,LSTM,Prediction,Valid
2025-10-17,P006,1.9785939455032349,LSTM,Prediction,Valid
2025-10-18,P006,1.9957679510116577,LSTM,Prediction,Valid
2025-10-19,P006,1.9955884218215942,LSTM,Prediction,Valid
2025-10-20,P006,1.981925129890442,LSTM,Prediction,Valid
2025-10-21,P006,1.9826909303665161,LSTM,Prediction,Valid
2025-10-22,P006,1.9774373769760132,LSTM,Prediction,Valid
2025-10-23,P006,1.9916211366653442,LSTM,Prediction,Valid
2025-10-24,P006,1.9977658987045288,LSTM,Prediction,Valid
2025-10-25,P006,1.9797626733779907,LSTM,Prediction,Valid
2025-10-26,P006,2.0042927265167236,LSTM,Prediction,Valid
2025-10-27,P006,1.9947854280471802,LSTM,Prediction,Valid
2025-10-28,P006,1.9976125955581665,LSTM,Prediction,Valid
2025-10-29,P006,2.000497341156006,LSTM,Prediction,Valid
2025-10-30,P006,2.0112366676330566,LSTM,Prediction,Valid
2025-10-31,P006,2.005922555923462,LSTM,Prediction,Valid
2025-11-01,P006,2.002530813217163,LSTM,Prediction,Valid
2025-11-02,P006,1.9874390363693237,LSTM,Prediction,Valid
2025-11-03,P006,1.9992161989212036,LSTM,Prediction,Valid
2025-11-04,P006,2.006420135498047,LSTM,Prediction,Valid
2025-11-05,P006,2.0119717121124268,LSTM,Prediction,Valid
2025-11-06,P006,2.006577491760254,LSTM,Prediction,Valid
2025-11-07,P006,1.9961379766464233,LSTM,Prediction,Valid
2025-11-08,P006,1.9952431917190552,LSTM,Prediction,Valid
2025-11-09,P006,1.9995204210281372,LSTM,Prediction,Valid
2025-11-10,P006,1.9996567964553833,LSTM,Prediction,Valid
2025-11-11,P006,1.9905163049697876,LSTM,Prediction,Valid
2025-11-12,P006,1.9837416410446167,LSTM,Prediction,Valid
2025-11-13,P006,1.9676989316940308,LSTM,Prediction,Valid
2025-11-14,P006,1.9734519720077515,LSTM,Prediction,Valid
2025-11-15,P006,1.9795018434524536,LSTM,Prediction,Valid
2025-11-16,P006,1.9653939008712769,LSTM,Prediction,Valid
2025-11-17,P006,1.9809941053390503,LSTM,Prediction,Valid
2025-11-18,P006,1.9809156656265259,LSTM,Prediction,Valid
2025-11-19,P006,1.983294129371643,LSTM,Prediction,Valid
2025-11-20,P006,1.990993618965149,LSTM,Prediction,Valid
2025-11-21,P006,1.978920340538025,LSTM,Prediction,Valid
2025-11-22,P006,1.9822667837142944,LSTM,Prediction,Valid
2025-11-23,P006,1.9861232042312622,LSTM,Prediction,Valid
2025-11-24,P006,1.983810544013977,LSTM,Prediction,Valid
2025-09-15,P007,2.242128849029541,LSTM,Prediction,Valid
2025-09-16,P007,2.2350103855133057,LSTM,Prediction,Valid
2025-09-17,P007,2.2307252883911133,LSTM,Prediction,Valid
2025-09-18,P007,2.2354166507720947,LSTM,Prediction,Valid
2025-09-19,P007,2.239637851715088,LSTM,Prediction,Valid
2025-09-20,P007,2.2439894676208496,LSTM,Prediction,Valid
2025-09-21,P007,2.2376110553741455,LSTM,Prediction,Valid
2025-09-22,P007,2.2465415000915527,LSTM,Prediction,Valid
2025-09-23,P007,2.248899221420288,LSTM,Prediction,Valid
2025-09-24,P007,2.250472068786621,LSTM,Prediction,Valid
2025-09-25,P007,2.2443814277648926,LSTM,Prediction,Valid
2025-09-26,P007,2.2434945106506348,LSTM,Prediction,Valid
2025-09-27,P007,2.245729446411133,LSTM,Prediction,Valid
2025-09-28,P007,2.2606828212738037,LSTM,Prediction,Valid
2025-09-29,P007,2.252164125442505,LSTM,Prediction,Valid
2025-09-30,P007,2.2518153190612793,LSTM,Prediction,Valid
2025-10-01,P007,2.2492306232452393,LSTM,Prediction,Valid
2025-10-02,P007,2.248025894165039,LSTM,Prediction,Valid
2025-10-03,P007,2.2450690269470215,LSTM,Prediction,Valid
2025-10-04,P007,2.243903398513794,LSTM,Prediction,Valid
2025-10-05,P007,2.2464218139648438,LSTM,Prediction,Valid
2025-10-06,P007,2.2472615242004395,LSTM,Prediction,Valid
2025-10-07,P007,2.236582040786743,LSTM,Prediction,Valid
2025-10-08,P007,2.2267768383026123,LSTM,Prediction,Valid
2025-10-09,P007,2.2350778579711914,LSTM,Prediction,Valid
2025-10-10,P007,2.2379653453826904,LSTM,Prediction,Valid
2025-10-11,P007,2.239537000656128,LSTM,Prediction,Valid
2025-10-12,P007,2.2320756912231445,LSTM,Prediction,Valid
2025-10-13,P007,2.230358123779297,LSTM,Prediction,Valid
2025-10-14,P007,2.23482084274292,LSTM,Prediction,Valid
2025-10-15,P007,2.239635705947876,LSTM,Prediction,Valid
2025-10-16,P007,2.2210817337036133,LSTM,Prediction,Valid
2025-10-17,P007,2.219449281692505,LSTM,Prediction,Valid
2025-10-18,P007,2.2381434440612793,LSTM,Prediction,Valid
2025-10-19,P007,2.237471580505371,LSTM,Prediction,Valid
2025-10-20,P007,2.2239675521850586,LSTM,Prediction,Valid
2025-10-21,P007,2.224601984024048,LSTM,Prediction,Valid
2025-10-22,P007,2.2189064025878906,LSTM,Prediction,Valid
2025-10-23,P007,2.2332489490509033,LSTM,Prediction,Valid
2025-10-24,P007,2.2400550842285156,LSTM,Prediction,Valid
2025-10-25,P007,2.2228951454162598,LSTM,Prediction,Valid
2025-10-26,P007,2.2443735599517822,LSTM,Prediction,Valid
2025-10-27,P007,2.2387731075286865,LSTM,Prediction,Valid
2025-10-28,P007,2.2402079105377197,LSTM,Prediction,Valid
2025-10-29,P007,2.242626667022705,LSTM,Prediction,Valid
2025-10-30,P007,2.2508535385131836,LSTM,Prediction,Valid
2025-10-31,P007,2.2494723796844482,LSTM,Prediction,Valid
2025-11-01,P007,2.2460625171661377,LSTM,Prediction,Valid
2025-11-02,P007,2.2304563522338867,LSTM,Prediction,Valid
2025-11-03,P007,2.240381956100464,LSTM,Prediction,Valid
2025-11-04,P007,2.246380090713501,LSTM,Prediction,Valid
2025-11-05,P007,2.255542039871216,LSTM,Prediction,Valid
2025-11-06,P007,2.2497127056121826,LSTM,Prediction,Valid
2025-11-07,P007,2.239449977874756,LSTM,Prediction,Valid
2025-11-08,P007,2.236966371536255,LSTM,Prediction,Valid
2025-11-09,P007,2.2412972450256348,LSTM,Prediction,Valid
2025-11-10,P007,2.239149808883667,LSTM,Prediction,Valid
2025-11-11,P007,2.2309508323669434,LSTM,Prediction,Valid
2025-11-12,P007,2.225018262863159,LSTM,Prediction,Valid
2025-11-13,P007,2.209430456161499,LSTM,Prediction,Valid
2025-11-14,P007,2.2162158489227295,LSTM,Prediction,Valid
2025-11-15,P007,2.2212398052215576,LSTM,Prediction,Valid
2025-11-16,P007,2.2089879512786865,LSTM,Prediction,Valid
2025-11-17,P007,2.2234132289886475,LSTM,Prediction,Valid
2025-11-18,P007,2.2223916053771973,LSTM,Prediction,Valid
2025-11-19,P007,2.225780725479126,LSTM,Prediction,Valid
2025-11-20,P007,2.2353527545928955,LSTM,Prediction,Valid
2025-11-21,P007,2.222330093383789,LSTM,Prediction,Valid
2025-11-22,P007,2.2245118618011475,LSTM,Prediction,Valid
2025-11-23,P007,2.226541757583618,LSTM,Prediction,Valid
2025-11-24,P007,2.2265071868896484,LSTM,Prediction,Valid
2025-09-15,P008,1.9512648582458496,LSTM,Prediction,Valid
2025-09-16,P008,1.9429481029510498,LSTM,Prediction,Valid
2025-09-17,P008,1.9410159587860107,LSTM,Prediction,Valid
2025-09-18,P008,1.9435782432556152,LSTM,Prediction,Valid
2025-09-19,P008,1.9480527639389038,LSTM,Prediction,Valid
2025-09-20,P008,1.9551795721054077,LSTM,Prediction,Valid
2025-09-21,P008,1.9471842050552368,LSTM,Prediction,Valid
2025-09-22,P008,1.9544093608856201,LSTM,Prediction,Valid
2025-09-23,P008,1.957981824874878,LSTM,Prediction,Valid
2025-09-24,P008,1.9602382183074951,LSTM,Prediction,Valid
2025-09-25,P008,1.9513189792633057,LSTM,Prediction,Valid
2025-09-26,P008,1.9516510963439941,LSTM,Prediction,Valid
2025-09-27,P008,1.954746961593628,LSTM,Prediction,Valid
2025-09-28,P008,1.96950364112854,LSTM,Prediction,Valid
2025-09-29,P008,1.9583160877227783,LSTM,Prediction,Valid
2025-09-30,P008,1.9576911926269531,LSTM,Prediction,Valid
2025-10-01,P008,1.956015944480896,LSTM,Prediction,Valid
2025-10-02,P008,1.9563957452774048,LSTM,Prediction,Valid
2025-10-03,P008,1.9527443647384644,LSTM,Prediction,Valid
2025-10-04,P008,1.952905297279358,LSTM,Prediction,Valid
2025-10-05,P008,1.9559285640716553,LSTM,Prediction,Valid
2025-10-06,P008,1.9557691812515259,LSTM,Prediction,Valid
2025-10-07,P008,1.9453741312026978,LSTM,Prediction,Valid
2025-10-08,P008,1.9352329969406128,LSTM,Prediction,Valid
2025-10-09,P008,1.9445534944534302,LSTM,Prediction,Valid
2025-10-10,P008,1.947373628616333,LSTM,Prediction,Valid
2025-10-11,P008,1.947019100189209,LSTM,Prediction,Valid
2025-10-12,P008,1.9409408569335938,LSTM,Prediction,Valid
2025-10-13,P008,1.9402700662612915,LSTM,Prediction,Valid
2025-10-14,P008,1.9442627429962158,LSTM,Prediction,Valid
2025-10-15,P008,1.9484999179840088,LSTM,Prediction,Valid
2025-10-16,P008,1.930334210395813,LSTM,Prediction,Valid
2025-10-17,P008,1.928469181060791,LSTM,Prediction,Valid
2025-10-18,P008,1.945726990699768,LSTM,Prediction,Valid
2025-10-19,P008,1.9459352493286133,LSTM,Prediction,Valid
2025-10-20,P008,1.9337443113327026,LSTM,Prediction,Valid
2025-10-21,P008,1.9343202114105225,LSTM,Prediction,Valid
2025-10-22,P008,1.928402066230774,LSTM,Prediction,Valid
2025-10-23,P008,1.9428365230560303,LSTM,Prediction,Valid
2025-10-24,P008,1.9489299058914185,LSTM,Prediction,Valid
2025-10-25,P008,1.9315935373306274,LSTM,Prediction,Valid
2025-10-26,P008,1.9541717767715454,LSTM,Prediction,Valid
2025-10-27,P008,1.944730281829834,LSTM,Prediction,Valid
2025-10-28,P008,1.9476362466812134,LSTM,Prediction,Valid
2025-10-29,P008,1.9515255689620972,LSTM,Prediction,Valid
2025-10-30,P008,1.9594154357910156,LSTM,Prediction,Valid
2025-10-31,P008,1.9566487073898315,LSTM,Prediction,Valid
2025-11-01,P008,1.953783392906189,LSTM,Prediction,Valid
2025-11-02,P008,1.936820387840271,LSTM,Prediction,Valid
2025-11-03,P008,1.948575496673584,LSTM,Prediction,Valid
2025-11-04,P008,1.9547890424728394,LSTM,Prediction,Valid
2025-11-05,P008,1.9587358236312866,LSTM,Prediction,Valid
2025-11-06,P008,1.9583051204681396,LSTM,Prediction,Valid
2025-11-07,P008,1.9463427066802979,LSTM,Prediction,Valid
2025-11-08,P008,1.9438631534576416,LSTM,Prediction,Valid
2025-11-09,P008,1.9531173706054688,LSTM,Prediction,Valid
2025-11-10,P008,1.945486307144165,LSTM,Prediction,Valid
2025-11-11,P008,1.9406131505966187,LSTM,Prediction,Valid
2025-11-12,P008,1.9372185468673706,LSTM,Prediction,Valid
2025-11-13,P008,1.9211962223052979,LSTM,Prediction,Valid
2025-11-14,P008,1.928544044494629,LSTM,Prediction,Valid
2025-11-15,P008,1.932336449623108,LSTM,Prediction,Valid
2025-11-16,P008,1.9192254543304443,LSTM,Prediction,Valid
2025-11-17,P008,1.9318532943725586,LSTM,Prediction,Valid
2025-11-18,P008,1.9321244955062866,LSTM,Prediction,Valid
2025-11-19,P008,1.934517741203308,LSTM,Prediction,Valid
2025-11-20,P008,1.9452074766159058,LSTM,Prediction,Valid
2025-11-21,P008,1.9314171075820923,LSTM,Prediction,Valid
2025-11-22,P008,1.9342988729476929,LSTM,Prediction,Valid
2025-11-23,P008,1.9365489482879639,LSTM,Prediction,Valid
2025-11-24,P008,1.9366436004638672,LSTM,Prediction,Valid
2025-09-15,P009,2.1108431816101074,LSTM,Prediction,Valid
2025-09-16,P009,2.100330114364624,LSTM,Prediction,Valid
2025-09-17,P009,2.098783254623413,LSTM,Prediction,Valid
2025-09-18,P009,2.1010992527008057,LSTM,Prediction,Valid
2025-09-19,P009,2.1060614585876465,LSTM,Prediction,Valid
2025-09-20,P009,2.1162517070770264,LSTM,Prediction,Valid
2025-09-21,P009,2.105712652206421,LSTM,Prediction,Valid
2025-09-22,P009,2.114471197128296,LSTM,Prediction,Valid
2025-09-23,P009,2.1199703216552734,LSTM,Prediction,Valid
2025-09-24,P009,2.1195976734161377,LSTM,Prediction,Valid
2025-09-25,P009,2.1111180782318115,LSTM,Prediction,Valid
2025-09-26,P009,2.111675262451172,LSTM,Prediction,Valid
2025-09-27,P009,2.113698959350586,LSTM,Prediction,Valid
2025-09-28,P009,2.127429246902466,LSTM,Prediction,Valid
2025-09-29,P009,2.1208338737487793,LSTM,Prediction,Valid
2025-09-30,P009,2.115475654602051,LSTM,Prediction,Valid
2025-10-01,P009,2.115767240524292,LSTM,Prediction,Valid
2025-10-02,P009,2.1154496669769287,LSTM,Prediction,Valid
2025-10-03,P009,2.1135571002960205,LSTM,Prediction,Valid
2025-10-04,P009,2.1131913661956787,LSTM,Prediction,Valid
2025-10-05,P009,2.1182711124420166,LSTM,Prediction,Valid
2025-10-06,P009,2.118100643157959,LSTM,Prediction,Valid
2025-10-07,P009,2.105123281478882,LSTM,Prediction,Valid
2025-10-08,P009,2.0921072959899902,LSTM,Prediction,Valid
2025-10-09,P009,2.1013753414154053,LSTM,Prediction,Valid
2025-10-10,P009,2.10691499710083,LSTM,Prediction,Valid
2025-10-11,P009,2.105708122253418,LSTM,Prediction,Valid
2025-10-12,P009,2.097604513168335,LSTM,Prediction,Valid
2025-10-13,P009,2.0961050987243652,LSTM,Prediction,Valid
2025-10-14,P009,2.1004133224487305,LSTM,Prediction,Valid
2025-10-15,P009,2.107316255569458,LSTM,Prediction,Valid
2025-10-16,P009,2.086324453353882,LSTM,Prediction,Valid
2025-10-17,P009,2.0857083797454834,LSTM,Prediction,Valid
2025-10-18,P009,2.1061649322509766,LSTM,Prediction,Valid
2025-10-19,P009,2.1044912338256836,LSTM,Prediction,Valid
2025-10-20,P009,2.0889618396759033,LSTM,Prediction,Valid
2025-10-21,P009,2.090571403503418,LSTM,Prediction,Valid
2025-10-22,P009,2.083481788635254,LSTM,Prediction,Valid
2025-10-23,P009,2.101454019546509,LSTM,Prediction,Valid
2025-10-24,P009,2.1074140071868896,LSTM,Prediction,Valid
2025-10-25,P009,2.0884785652160645,LSTM,Prediction,Valid
2025-10-26,P009,2.117692232131958,LSTM,Prediction,Valid
2025-10-27,P009,2.1051859855651855,LSTM,Prediction,Valid
2025-10-28,P009,2.107245683670044,LSTM,Prediction,Valid
2025-10-29,P009,2.111056089401245,LSTM,Prediction,Valid
2025-10-30,P009,2.118699312210083,LSTM,Prediction,Valid
2025-10-31,P009,2.1164796352386475,LSTM,Prediction,Valid
2025-11-01,P009,2.1148006916046143,LSTM,Prediction,Valid
2025-11-02,P009,2.095154047012329,LSTM,Prediction,Valid
2025-11-03,P009,2.1047141551971436,LSTM,Prediction,Valid
2025-11-04,P009,2.1178412437438965,LSTM,Prediction,Valid
2025-11-05,P009,2.1188220977783203,LSTM,Prediction,Valid
2025-11-06,P009,2.1148264408111572,LSTM,Prediction,Valid
2025-11-07,P009,2.1048507690429688,LSTM,Prediction,Valid
2025-11-08,P009,2.10174298286438,LSTM,Prediction,Valid
2025-11-09,P009,2.1133131980895996,LSTM,Prediction,Valid
2025-11-10,P009,2.1042087078094482,LSTM,Prediction,Valid
2025-11-11,P009,2.097172498703003,LSTM,Prediction,Valid
2025-11-12,P009,2.093040704727173,LSTM,Prediction,Valid
2025-11-13,P009,2.0724964141845703,LSTM,Prediction,Valid
2025-11-14,P009,2.084987163543701,LSTM,Prediction,Valid
2025-11-15,P009,2.088010787963867,LSTM,Prediction,Valid
2025-11-16,P009,2.0726399421691895,LSTM,Prediction,Valid
2025-11-17,P009,2.0865085124969482,LSTM,Prediction,Valid
2025-11-18,P009,2.086980104446411,LSTM,Prediction,Valid
2025-11-19,P009,2.0903100967407227,LSTM,Prediction,Valid
2025-11-20,P009,2.103071689605713,LSTM,Prediction,Valid
2025-11-21,P009,2.0886878967285156,LSTM,Prediction,Valid
2025-11-22,P009,2.091118335723877,LSTM,Prediction,Valid
2025-11-23,P009,2.093456506729126,LSTM,Prediction,Valid
2025-11-24,P009,2.094222068786621,LSTM,Prediction,Valid
2025-09-15,P010,2.097627639770508,LSTM,Prediction,Valid
2025-09-16,P010,2.090768575668335,LSTM,Prediction,Valid
2025-09-17,P010,2.0897316932678223,LSTM,Prediction,Valid
2025-09-18,P010,2.0934789180755615,LSTM,Prediction,Valid
2025-09-19,P010,2.0963134765625,LSTM,Prediction,Valid
2025-09-20,P010,2.1020116806030273,LSTM,Prediction,Valid
2025-09-21,P010,2.097158670425415,LSTM,Prediction,Valid
2025-09-22,P010,2.1017394065856934,LSTM,Prediction,Valid
2025-09-23,P010,2.101719379425049,LSTM,Prediction,Valid
2025-09-24,P010,2.1051008701324463,LSTM,Prediction,Valid
2025-09-25,P010,2.100598096847534,LSTM,Prediction,Valid
2025-09-26,P010,2.1013875007629395,LSTM,Prediction,Valid
2025-09-27,P010,2.1030285358428955,LSTM,Prediction,Valid
2025-09-28,P010,2.1080222129821777,LSTM,Prediction,Valid
2025-09-29,P010,2.102299690246582,LSTM,Prediction,Valid
2025-09-30,P010,2.1050336360931396,LSTM,Prediction,Valid
2025-10-01,P010,2.103592872619629,LSTM,Prediction,Valid
2025-10-02,P010,2.104663848876953,LSTM,Prediction,Valid
2025-10-03,P010,2.1019787788391113,LSTM,Prediction,Valid
2025-10-04,P010,2.10158371925354,LSTM,Prediction,Valid
2025-10-05,P010,2.102440357208252,LSTM,Prediction,Valid
2025-10-06,P010,2.103715419769287,LSTM,Prediction,Valid
2025-10-07,P010,2.094536304473877,LSTM,Prediction,Valid
2025-10-08,P010,2.0854408740997314,LSTM,Prediction,Valid
2025-10-09,P010,2.0903725624084473,LSTM,Prediction,Valid
2025-10-10,P010,2.095586061477661,LSTM,Prediction,Valid
2025-10-11,P010,2.0946571826934814,LSTM,Prediction,Valid
2025-10-12,P010,2.0880439281463623,LSTM,Prediction,Valid
2025-10-13,P010,2.0892553329467773,LSTM,Prediction,Valid
2025-10-14,P010,2.0919129848480225,LSTM,Prediction,Valid
2025-10-15,P010,2.0965778827667236,LSTM,Prediction,Valid
2025-10-16,P010,2.079568386077881,LSTM,Prediction,Valid
2025-10-17,P010,2.07737398147583,LSTM,Prediction,Valid
2025-10-18,P010,2.0934245586395264,LSTM,Prediction,Valid
2025-10-19,P010,2.094459295272827,LSTM,Prediction,Valid
2025-10-20,P010,2.0830509662628174,LSTM,Prediction,Valid
2025-10-21,P010,2.084662437438965,LSTM,Prediction,Valid
2025-10-22,P010,2.077514171600342,LSTM,Prediction,Valid
2025-10-23,P010,2.091895341873169,LSTM,Prediction,Valid
2025-10-24,P010,2.0966484546661377,LSTM,Prediction,Valid
2025-10-25,P010,2.080019950866699,LSTM,Prediction,Valid
2025-10-26,P010,2.0978329181671143,LSTM,Prediction,Valid
2025-10-27,P010,2.0949316024780273,LSTM,Prediction,Valid
2025-10-28,P010,2.098745584487915,LSTM,Prediction,Valid
2025-10-29,P010,2.1005523204803467,LSTM,Prediction,Valid
2025-10-30,P010,2.104154586791992,LSTM,Prediction,Valid
2025-10-31,P010,2.1030924320220947,LSTM,Prediction,Valid
2025-11-01,P010,2.103574275970459,LSTM,Prediction,Valid
2025-11-02,P010,2.086887836456299,LSTM,Prediction,Valid
2025-11-03,P010,2.0981035232543945,LSTM,Prediction,Valid
2025-11-04,P010,2.100778341293335,LSTM,Prediction,Valid
2025-11-05,P010,2.106003522872925,LSTM,Prediction,Valid
2025-11-06,P010,2.1043665409088135,LSTM,Prediction,Valid
2025-11-07,P010,2.0954437255859375,LSTM,Prediction,Valid
2025-11-08,P010,2.092465877532959,LSTM,Prediction,Valid
2025-11-09,P010,2.101377010345459,LSTM,Prediction,Valid
2025-11-10,P010,2.0920770168304443,LSTM,Prediction,Valid
2025-11-11,P010,2.0889482498168945,LSTM,Prediction,Valid
2025-11-12,P010,2.086085319519043,LSTM,Prediction,Valid
2025-11-13,P010,2.0674445629119873,LSTM,Prediction,Valid
2025-11-14,P010,2.076174259185791,LSTM,Prediction,Valid
2025-11-15,P010,2.079468250274658,LSTM,Prediction,Valid
2025-11-16,P010,2.0675134658813477,LSTM,Prediction,Valid
2025-11-17,P010,2.081450939178467,LSTM,Prediction,Valid
2025-11-18,P010,2.0806212425231934,LSTM,Prediction,Valid
2025-11-19,P010,2.082892417907715,LSTM,Prediction,Valid
2025-11-20,P010,2.0899853706359863,LSTM,Prediction,Valid
2025-11-21,P010,2.082002878189087,LSTM,Prediction,Valid
2025-11-22,P010,2.0836844444274902,LSTM,Prediction,Valid
2025-11-23,P010,2.0857534408569336,LSTM,Prediction,Valid
2025-11-24,P010,2.085735321044922,LSTM,Prediction,Valid
2025-09-15,P011,2.1548919677734375,LSTM,Prediction,Valid
2025-09-16,P011,2.1471681594848633,LSTM,Prediction,Valid
2025-09-17,P011,2.145052194595337,LSTM,Prediction,Valid
2025-09-18,P011,2.1471786499023438,LSTM,Prediction,Valid
2025-09-19,P011,2.1533467769622803,LSTM,Prediction,Valid
2025-09-20,P011,2.1576948165893555,LSTM,Prediction,Valid
2025-09-21,P011,2.154571056365967,LSTM,Prediction,Valid
2025-09-22,P011,2.160745143890381,LSTM,Prediction,Valid
2025-09-23,P011,2.163769006729126,LSTM,Prediction,Valid
2025-09-24,P011,2.165989398956299,LSTM,Prediction,Valid
2025-09-25,P011,2.1583163738250732,LSTM,Prediction,Valid
2025-09-26,P011,2.1582839488983154,LSTM,Prediction,Valid
2025-09-27,P011,2.1598408222198486,LSTM,Prediction,Valid
2025-09-28,P011,2.1706032752990723,LSTM,Prediction,Valid
2025-09-29,P011,2.16200590133667,LSTM,Prediction,Valid
2025-09-30,P011,2.163527727127075,LSTM,Prediction,Valid
2025-10-01,P011,2.1619508266448975,LSTM,Prediction,Valid
2025-10-02,P011,2.160449266433716,LSTM,Prediction,Valid
2025-10-03,P011,2.157672643661499,LSTM,Prediction,Valid
2025-10-04,P011,2.1565728187561035,LSTM,Prediction,Valid
2025-10-05,P011,2.1624553203582764,LSTM,Prediction,Valid
2025-10-06,P011,2.1593706607818604,LSTM,Prediction,Valid
2025-10-07,P011,2.148646116256714,LSTM,Prediction,Valid
2025-10-08,P011,2.1391870975494385,LSTM,Prediction,Valid
2025-10-09,P011,2.1518561840057373,LSTM,Prediction,Valid
2025-10-10,P011,2.148897886276245,LSTM,Prediction,Valid
2025-10-11,P011,2.150435447692871,LSTM,Prediction,Valid
2025-10-12,P011,2.1453495025634766,LSTM,Prediction,Valid
2025-10-13,P011,2.1463191509246826,LSTM,Prediction,Valid
2025-10-14,P011,2.147465944290161,LSTM,Prediction,Valid
2025-10-15,P011,2.1529572010040283,LSTM,Prediction,Valid
2025-10-16,P011,2.1325082778930664,LSTM,Prediction,Valid
2025-10-17,P011,2.131911277770996,LSTM,Prediction,Valid
2025-10-18,P011,2.1496312618255615,LSTM,Prediction,Valid
2025-10-19,P011,2.1489405632019043,LSTM,Prediction,Valid
2025-10-20,P011,2.135986566543579,LSTM,Prediction,Valid
2025-10-21,P011,2.1379878520965576,LSTM,Prediction,Valid
2025-10-22,P011,2.131505012512207,LSTM,Prediction,Valid
2025-10-23,P011,2.146247148513794,LSTM,Prediction,Valid
2025-10-24,P011,2.154604434967041,LSTM,Prediction,Valid
2025-10-25,P011,2.1375856399536133,LSTM,Prediction,Valid
2025-10-26,P011,2.157932758331299,LSTM,Prediction,Valid
2025-10-27,P011,2.1517333984375,LSTM,Prediction,Valid
2025-10-28,P011,2.1544971466064453,LSTM,Prediction,Valid
2025-10-29,P011,2.1577939987182617,LSTM,Prediction,Valid
2025-10-30,P011,2.165255069732666,LSTM,Prediction,Valid
2025-10-31,P011,2.160801649093628,LSTM,Prediction,Valid
2025-11-01,P011,2.157684564590454,LSTM,Prediction,Valid
2025-11-02,P011,2.1412627696990967,LSTM,Prediction,Valid
2025-11-03,P011,2.156585693359375,LSTM,Prediction,Valid
2025-11-04,P011,2.1600341796875,LSTM,Prediction,Valid
2025-11-05,P011,2.1630170345306396,LSTM,Prediction,Valid
2025-11-06,P011,2.160295248031616,LSTM,Prediction,Valid
2025-11-07,P011,2.1507198810577393,LSTM,Prediction,Valid
2025-11-08,P011,2.148247718811035,LSTM,Prediction,Valid
2025-11-09,P011,2.155571937561035,LSTM,Prediction,Valid
2025-11-10,P011,2.146991729736328,LSTM,Prediction,Valid
2025-11-11,P011,2.1440231800079346,LSTM,Prediction,Valid
2025-11-12,P011,2.138187885284424,LSTM,Prediction,Valid
2025-11-13,P011,2.1185429096221924,LSTM,Prediction,Valid
2025-11-14,P011,2.12811541557312,LSTM,Prediction,Valid
2025-11-15,P011,2.1347525119781494,LSTM,Prediction,Valid
2025-11-16,P011,2.1205132007598877,LSTM,Prediction,Valid
2025-11-17,P011,2.1349518299102783,LSTM,Prediction,Valid
2025-11-18,P011,2.1338412761688232,LSTM,Prediction,Valid
2025-11-19,P011,2.1362876892089844,LSTM,Prediction,Valid
2025-11-20,P011,2.145538806915283,LSTM,Prediction,Valid
2025-11-21,P011,2.135514974594116,LSTM,Prediction,Valid
2025-11-22,P011,2.1367030143737793,LSTM,Prediction,Valid
2025-11-23,P011,2.1419100761413574,LSTM,Prediction,Valid
2025-11-24,P011,2.1402761936187744,LSTM,Prediction,Valid
2025-09-15,P012,1.886115312576294,LSTM,Prediction,Valid
2025-09-16,P012,1.8793865442276,LSTM,Prediction,Valid
2025-09-17,P012,1.8806952238082886,LSTM,Prediction,Valid
2025-09-18,P012,1.8786756992340088,LSTM,Prediction,Valid
2025-09-19,P012,1.8853131532669067,LSTM,Prediction,Valid
2025-09-20,P012,1.8906002044677734,LSTM,Prediction,Valid
2025-09-21,P012,1.8869341611862183,LSTM,Prediction,Valid
2025-09-22,P012,1.8870830535888672,LSTM,Prediction,Valid
2025-09-23,P012,1.8908227682113647,LSTM,Prediction,Valid
2025-09-24,P012,1.8938961029052734,LSTM,Prediction,Valid
2025-09-25,P012,1.8860573768615723,LSTM,Prediction,Valid
2025-09-26,P012,1.8872536420822144,LSTM,Prediction,Valid
2025-09-27,P012,1.890122890472412,LSTM,Prediction,Valid
2025-09-28,P012,1.8943575620651245,LSTM,Prediction,Valid
2025-09-29,P012,1.8929206132888794,LSTM,Prediction,Valid
2025-09-30,P012,1.8891409635543823,LSTM,Prediction,Valid
2025-10-01,P012,1.8897490501403809,LSTM,Prediction,Valid
2025-10-02,P012,1.891412377357483,LSTM,Prediction,Valid
2025-10-03,P012,1.888995885848999,LSTM,Prediction,Valid
2025-10-04,P012,1.8883616924285889,LSTM,Prediction,Valid
2025-10-05,P012,1.8921992778778076,LSTM,Prediction,Valid
2025-10-06,P012,1.8916336297988892,LSTM,Prediction,Valid
2025-10-07,P012,1.8828001022338867,LSTM,Prediction,Valid
2025-10-08,P012,1.8741928339004517,LSTM,Prediction,Valid
2025-10-09,P012,1.882690191268921,LSTM,Prediction,Valid
2025-10-10,P012,1.8827648162841797,LSTM,Prediction,Valid
2025-10-11,P012,1.8835277557373047,LSTM,Prediction,Valid
2025-10-12,P012,1.8780566453933716,LSTM,Prediction,Valid
2025-10-13,P012,1.875931978225708,LSTM,Prediction,Valid
2025-10-14,P012,1.8798072338104248,LSTM,Prediction,Valid
2025-10-15,P012,1.8848234415054321,LSTM,Prediction,Valid
2025-10-16,P012,1.8704253435134888,LSTM,Prediction,Valid
2025-10-17,P012,1.8714861869812012,LSTM,Prediction,Valid
2025-10-18,P012,1.8847899436950684,LSTM,Prediction,Valid
2025-10-19,P012,1.8827829360961914,LSTM,Prediction,Valid
2025-10-20,P012,1.8736751079559326,LSTM,Prediction,Valid
2025-10-21,P012,1.8752644062042236,LSTM,Prediction,Valid
2025-10-22,P012,1.8704025745391846,LSTM,Prediction,Valid
2025-10-23,P012,1.8813896179199219,LSTM,Prediction,Valid
2025-10-24,P012,1.8830605745315552,LSTM,Prediction,Valid
2025-10-25,P012,1.8714765310287476,LSTM,Prediction,Valid
2025-10-26,P012,1.8897713422775269,LSTM,Prediction,Valid
2025-10-27,P012,1.8820364475250244,LSTM,Prediction,Valid
2025-10-28,P012,1.8838404417037964,LSTM,Prediction,Valid
2025-10-29,P012,1.8869707584381104,LSTM,Prediction,Valid
2025-10-30,P012,1.8922582864761353,LSTM,Prediction,Valid
2025-10-31,P012,1.889216423034668,LSTM,Prediction,Valid
2025-11-01,P012,1.888365387916565,LSTM,Prediction,Valid
2025-11-02,P012,1.8772176504135132,LSTM,Prediction,Valid
2025-11-03,P012,1.885066032409668,LSTM,Prediction,Valid
2025-11-04,P012,1.8909938335418701,LSTM,Prediction,Valid
2025-11-05,P012,1.8877222537994385,LSTM,Prediction,Valid
2025-11-06,P012,1.8876279592514038,LSTM,Prediction,Valid
2025-11-07,P012,1.8823236227035522,LSTM,Prediction,Valid
2025-11-08,P012,1.879836082458496,LSTM,Prediction,Valid
2025-11-09,P012,1.8873639106750488,LSTM,Prediction,Valid
2025-11-10,P012,1.8799874782562256,LSTM,Prediction,Valid
2025-11-11,P012,1.8780381679534912,LSTM,Prediction,Valid
2025-11-12,P012,1.875651240348816,LSTM,Prediction,Valid
2025-11-13,P012,1.8615467548370361,LSTM,Prediction,Valid
2025-11-14,P012,1.8688119649887085,LSTM,Prediction,Valid
2025-11-15,P012,1.871720314025879,LSTM,Prediction,Valid
2025-11-16,P012,1.8625133037567139,LSTM,Prediction,Valid
2025-11-17,P012,1.8701578378677368,LSTM,Prediction,Valid
2025-11-18,P012,1.871812343597412,LSTM,Prediction,Valid
2025-11-19,P012,1.873507022857666,LSTM,Prediction,Valid
2025-11-20,P012,1.8776652812957764,LSTM,Prediction,Valid
2025-11-21,P012,1.8727824687957764,LSTM,Prediction,Valid
2025-11-22,P012,1.8741800785064697,LSTM,Prediction,Valid
2025-11-23,P012,1.8772727251052856,LSTM,Prediction,Valid
2025-11-24,P012,1.8755611181259155,LSTM,Prediction,Valid
2025-09-15,P013,1.9879704713821411,LSTM,Prediction,Valid
2025-09-16,P013,1.9833625555038452,LSTM,Prediction,Valid
2025-09-17,P013,1.9828550815582275,LSTM,Prediction,Valid
2025-09-18,P013,1.981958270072937,LSTM,Prediction,Valid
2025-09-19,P013,1.9862887859344482,LSTM,Prediction,Valid
2025-09-20,P013,1.9904978275299072,LSTM,Prediction,Valid
2025-09-21,P013,1.986411213874817,LSTM,Prediction,Valid
2025-09-22,P013,1.991682767868042,LSTM,Prediction,Valid
2025-09-23,P013,1.993440866470337,LSTM,Prediction,Valid
2025-09-24,P013,1.9959641695022583,LSTM,Prediction,Valid
2025-09-25,P013,1.9929254055023193,LSTM,Prediction,Valid
2025-09-26,P013,1.9899426698684692,LSTM,Prediction,Valid
2025-09-27,P013,1.9926083087921143,LSTM,Prediction,Valid
2025-09-28,P013,2.0068795680999756,LSTM,Prediction,Valid
2025-09-29,P013,1.9972015619277954,LSTM,Prediction,Valid
2025-09-30,P013,1.9957560300827026,LSTM,Prediction,Valid
2025-10-01,P013,1.9971665143966675,LSTM,Prediction,Valid
2025-10-02,P013,1.9941540956497192,LSTM,Prediction,Valid
2025-10-03,P013,1.9896076917648315,LSTM,Prediction,Valid
2025-10-04,P013,1.9882206916809082,LSTM,Prediction,Valid
2025-10-05,P013,1.9902664422988892,LSTM,Prediction,Valid
2025-10-06,P013,1.9931031465530396,LSTM,Prediction,Valid
2025-10-07,P013,1.9837414026260376,LSTM,Prediction,Valid
2025-10-08,P013,1.977007269859314,LSTM,Prediction,Valid
2025-10-09,P013,1.9860469102859497,LSTM,Prediction,Valid
2025-10-10,P013,1.9877821207046509,LSTM,Prediction,Valid
2025-10-11,P013,1.9857286214828491,LSTM,Prediction,Valid
2025-10-12,P013,1.9798572063446045,LSTM,Prediction,Valid
2025-10-13,P013,1.984151005744934,LSTM,Prediction,Valid
2025-10-14,P013,1.9830803871154785,LSTM,Prediction,Valid
2025-10-15,P013,1.988094687461853,LSTM,Prediction,Valid
2025-10-16,P013,1.9729294776916504,LSTM,Prediction,Valid
2025-10-17,P013,1.9730228185653687,LSTM,Prediction,Valid
2025-10-18,P013,1.9848438501358032,LSTM,Prediction,Valid
2025-10-19,P013,1.9849464893341064,LSTM,Prediction,Valid
2025-10-20,P013,1.976137399673462,LSTM,Prediction,Valid
2025-10-21,P013,1.9757479429244995,LSTM,Prediction,Valid
2025-10-22,P013,1.9723286628723145,LSTM,Prediction,Valid
2025-10-23,P013,1.9822970628738403,LSTM,Prediction,Valid
2025-10-24,P013,1.9882352352142334,LSTM,Prediction,Valid
2025-10-25,P013,1.9773918390274048,LSTM,Prediction,Valid
2025-10-26,P013,1.9905619621276855,LSTM,Prediction,Valid
2025-10-27,P013,1.9855812788009644,LSTM,Prediction,Valid
2025-10-28,P013,1.9865773916244507,LSTM,Prediction,Valid
2025-10-29,P013,1.9873751401901245,LSTM,Prediction,Valid
2025-10-30,P013,1.996604084968567,LSTM,Prediction,Valid
2025-10-31,P013,1.9954383373260498,LSTM,Prediction,Valid
2025-11-01,P013,1.9891546964645386,LSTM,Prediction,Valid
2025-11-02,P013,1.978033423423767,LSTM,Prediction,Valid
2025-11-03,P013,1.9889414310455322,LSTM,Prediction,Valid
2025-11-04,P013,1.991809368133545,LSTM,Prediction,Valid
2025-11-05,P013,1.996242642402649,LSTM,Prediction,Valid
2025-11-06,P013,1.996116280555725,LSTM,Prediction,Valid
2025-11-07,P013,1.9849627017974854,LSTM,Prediction,Valid
2025-11-08,P013,1.9841630458831787,LSTM,Prediction,Valid
2025-11-09,P013,1.987566351890564,LSTM,Prediction,Valid
2025-11-10,P013,1.9852674007415771,LSTM,Prediction,Valid
2025-11-11,P013,1.9808045625686646,LSTM,Prediction,Valid
2025-11-12,P013,1.9772708415985107,LSTM,Prediction,Valid
2025-11-13,P013,1.96776282787323,LSTM,Prediction,Valid
2025-11-14,P013,1.9709919691085815,LSTM,Prediction,Valid
2025-11-15,P013,1.97445547580719,LSTM,Prediction,Valid
2025-11-16,P013,1.9631743431091309,LSTM,Prediction,Valid
2025-11-17,P013,1.9756298065185547,LSTM,Prediction,Valid
2025-11-18,P013,1.9738370180130005,LSTM,Prediction,Valid
2025-11-19,P013,1.9768234491348267,LSTM,Prediction,Valid
2025-11-20,P013,1.9863576889038086,LSTM,Prediction,Valid
2025-11-21,P013,1.975147008895874,LSTM,Prediction,Valid
2025-11-22,P013,1.976479172706604,LSTM,Prediction,Valid
2025-11-23,P013,1.9784003496170044,LSTM,Prediction,Valid
2025-11-24,P013,1.977095365524292,LSTM,Prediction,Valid
2025-09-15,P014,2.2337377071380615,LSTM,Prediction,Valid
2025-09-16,P014,2.2245736122131348,LSTM,Prediction,Valid
2025-09-17,P014,2.22617506980896,LSTM,Prediction,Valid
2025-09-18,P014,2.226470708847046,LSTM,Prediction,Valid
2025-09-19,P014,2.2334206104278564,LSTM,Prediction,Valid
2025-09-20,P014,2.2409207820892334,LSTM,Prediction,Valid
2025-09-21,P014,2.2343664169311523,LSTM,Prediction,Valid
2025-09-22,P014,2.2386932373046875,LSTM,Prediction,Valid
2025-09-23,P014,2.2425036430358887,LSTM,Prediction,Valid
2025-09-24,P014,2.24558162689209,LSTM,Prediction,Valid
2025-09-25,P014,2.2377071380615234,LSTM,Prediction,Valid
2025-09-26,P014,2.2369556427001953,LSTM,Prediction,Valid
2025-09-27,P014,2.2400150299072266,LSTM,Prediction,Valid
2025-09-28,P014,2.2517521381378174,LSTM,Prediction,Valid
2025-09-29,P014,2.2427639961242676,LSTM,Prediction,Valid
2025-09-30,P014,2.241377353668213,LSTM,Prediction,Valid
2025-10-01,P014,2.242534875869751,LSTM,Prediction,Valid
2025-10-02,P014,2.241771936416626,LSTM,Prediction,Valid
2025-10-03,P014,2.2381045818328857,LSTM,Prediction,Valid
2025-10-04,P014,2.2368416786193848,LSTM,Prediction,Valid
2025-10-05,P014,2.240976333618164,LSTM,Prediction,Valid
2025-10-06,P014,2.2425477504730225,LSTM,Prediction,Valid
2025-10-07,P014,2.22890567779541,LSTM,Prediction,Valid
2025-10-08,P014,2.217597723007202,LSTM,Prediction,Valid
2025-10-09,P014,2.2290661334991455,LSTM,Prediction,Valid
2025-10-10,P014,2.230604648590088,LSTM,Prediction,Valid
2025-10-11,P014,2.2298474311828613,LSTM,Prediction,Valid
2025-10-12,P014,2.2214503288269043,LSTM,Prediction,Valid
2025-10-13,P014,2.2221920490264893,LSTM,Prediction,Valid
2025-10-14,P014,2.2251243591308594,LSTM,Prediction,Valid
2025-10-15,P014,2.2328827381134033,LSTM,Prediction,Valid
2025-10-16,P014,2.210587739944458,LSTM,Prediction,Valid
2025-10-17,P014,2.2110142707824707,LSTM,Prediction,Valid
2025-10-18,P014,2.2298927307128906,LSTM,Prediction,Valid
2025-10-19,P014,2.2292826175689697,LSTM,Prediction,Valid
2025-10-20,P014,2.2150726318359375,LSTM,Prediction,Valid
2025-10-21,P014,2.216886520385742,LSTM,Prediction,Valid
2025-10-22,P014,2.2095255851745605,LSTM,Prediction,Valid
2025-10-23,P014,2.2264037132263184,LSTM,Prediction,Valid
2025-10-24,P014,2.231752395629883,LSTM,Prediction,Valid
2025-10-25,P014,2.215027093887329,LSTM,Prediction,Valid
2025-10-26,P014,2.240975856781006,LSTM,Prediction,Valid
2025-10-27,P014,2.230234146118164,LSTM,Prediction,Valid
2025-10-28,P014,2.2332584857940674,LSTM,Prediction,Valid
2025-10-29,P014,2.2356741428375244,LSTM,Prediction,Valid
2025-10-30,P014,2.2445900440216064,LSTM,Prediction,Valid
2025-10-31,P014,2.239604949951172,LSTM,Prediction,Valid
2025-11-01,P014,2.2381296157836914,LSTM,Prediction,Valid
2025-11-02,P014,2.220329523086548,LSTM,Prediction,Valid
2025-11-03,P014,2.234290599822998,LSTM,Prediction,Valid
2025-11-04,P014,2.240828037261963,LSTM,Prediction,Valid
2025-11-05,P014,2.2415199279785156,LSTM,Prediction,Valid
2025-11-06,P014,2.241203546524048,LSTM,Prediction,Valid
2025-11-07,P014,2.2293436527252197,LSTM,Prediction,Valid
2025-11-08,P014,2.22653865814209,LSTM,Prediction,Valid
2025-11-09,P014,2.2370517253875732,LSTM,Prediction,Valid
2025-11-10,P014,2.2272346019744873,LSTM,Prediction,Valid
2025-11-11,P014,2.2234137058258057,LSTM,Prediction,Valid
2025-11-12,P014,2.2183620929718018,LSTM,Prediction,Valid
2025-11-13,P014,2.19710636138916,LSTM,Prediction,Valid
2025-11-14,P014,2.208683729171753,LSTM,Prediction,Valid
2025-11-15,P014,2.212632894515991,LSTM,Prediction,Valid
2025-11-16,P014,2.1969802379608154,LSTM,Prediction,Valid
2025-11-17,P014,2.2124569416046143,LSTM,Prediction,Valid
2025-11-18,P014,2.212268590927124,LSTM,Prediction,Valid
2025-11-19,P014,2.21571683883667,LSTM,Prediction,Valid
2025-11-20,P014,2.226304292678833,LSTM,Prediction,Valid
2025-11-21,P014,2.2146408557891846,LSTM,Prediction,Valid
2025-11-22,P014,2.21653151512146,LSTM,Prediction,Valid
2025-11-23,P014,2.2210490703582764,LSTM,Prediction,Valid
2025-11-24,P014,2.218907117843628,LSTM,Prediction,Valid
2025-09-15,P015,2.224735975265503,LSTM,Prediction,Valid
2025-09-16,P015,2.2206857204437256,LSTM,Prediction,Valid
2025-09-17,P015,2.2193589210510254,LSTM,Prediction,Valid
2025-09-18,P015,2.2199792861938477,LSTM,Prediction,Valid
2025-09-19,P015,2.225104808807373,LSTM,Prediction,Valid
2025-09-20,P015,2.2282333374023438,LSTM,Prediction,Valid
2025-09-21,P015,2.2258810997009277,LSTM,Prediction,Valid
2025-09-22,P015,2.2271997928619385,LSTM,Prediction,Valid
2025-09-23,P015,2.2299628257751465,LSTM,Prediction,Valid
2025-09-24,P015,2.230867862701416,LSTM,Prediction,Valid
2025-09-25,P015,2.2271299362182617,LSTM,Prediction,Valid
2025-09-26,P015,2.2262370586395264,LSTM,Prediction,Valid
2025-09-27,P015,2.228574752807617,LSTM,Prediction,Valid
2025-09-28,P015,2.2403087615966797,LSTM,Prediction,Valid
2025-09-29,P015,2.2312512397766113,LSTM,Prediction,Valid
2025-09-30,P015,2.2305543422698975,LSTM,Prediction,Valid
2025-10-01,P015,2.229747772216797,LSTM,Prediction,Valid
2025-10-02,P015,2.2288565635681152,LSTM,Prediction,Valid
2025-10-03,P015,2.227569580078125,LSTM,Prediction,Valid
2025-10-04,P015,2.2269487380981445,LSTM,Prediction,Valid
2025-10-05,P015,2.228524684906006,LSTM,Prediction,Valid
2025-10-06,P015,2.2292075157165527,LSTM,Prediction,Valid
2025-10-07,P015,2.2224717140197754,LSTM,Prediction,Valid
2025-10-08,P015,2.215794324874878,LSTM,Prediction,Valid
2025-10-09,P015,2.220121145248413,LSTM,Prediction,Valid
2025-10-10,P015,2.2241764068603516,LSTM,Prediction,Valid
2025-10-11,P015,2.224799633026123,LSTM,Prediction,Valid
2025-10-12,P015,2.2170255184173584,LSTM,Prediction,Valid
2025-10-13,P015,2.2177045345306396,LSTM,Prediction,Valid
2025-10-14,P015,2.220287561416626,LSTM,Prediction,Valid
2025-10-15,P015,2.224520683288574,LSTM,Prediction,Valid
2025-10-16,P015,2.2115538120269775,LSTM,Prediction,Valid
2025-10-17,P015,2.2118542194366455,LSTM,Prediction,Valid
2025-10-18,P015,2.224515914916992,LSTM,Prediction,Valid
2025-10-19,P015,2.222752809524536,LSTM,Prediction,Valid
2025-10-20,P015,2.21396541595459,LSTM,Prediction,Valid
2025-10-21,P015,2.2148075103759766,LSTM,Prediction,Valid
2025-10-22,P015,2.2114572525024414,LSTM,Prediction,Valid
2025-10-23,P015,2.2210214138031006,LSTM,Prediction,Valid
2025-10-24,P015,2.2240965366363525,LSTM,Prediction,Valid
2025-10-25,P015,2.2132797241210938,LSTM,Prediction,Valid
2025-10-26,P015,2.230623483657837,LSTM,Prediction,Valid
2025-10-27,P015,2.2219886779785156,LSTM,Prediction,Valid
2025-10-28,P015,2.223231792449951,LSTM,Prediction,Valid
2025-10-29,P015,2.224550724029541,LSTM,Prediction,Valid
2025-10-30,P015,2.233851194381714,LSTM,Prediction,Valid
2025-10-31,P015,2.229442834854126,LSTM,Prediction,Valid
2025-11-01,P015,2.22748064994812,LSTM,Prediction,Valid
2025-11-02,P015,2.217963695526123,LSTM,Prediction,Valid
2025-11-03,P015,2.2252418994903564,LSTM,Prediction,Valid
2025-11-04,P015,2.2292282581329346,LSTM,Prediction,Valid
2025-11-05,P015,2.230893611907959,LSTM,Prediction,Valid
2025-11-06,P015,2.2292861938476562,LSTM,Prediction,Valid
2025-11-07,P015,2.2223563194274902,LSTM,Prediction,Valid
2025-11-08,P015,2.2212796211242676,LSTM,Prediction,Valid
2025-11-09,P015,2.2254586219787598,LSTM,Prediction,Valid
2025-11-10,P015,2.223825216293335,LSTM,Prediction,Valid
2025-11-11,P015,2.2186264991760254,LSTM,Prediction,Valid
2025-11-12,P015,2.215651512145996,LSTM,Prediction,Valid
2025-11-13,P015,2.2040164470672607,LSTM,Prediction,Valid
2025-11-14,P015,2.2100746631622314,LSTM,Prediction,Valid
2025-11-15,P015,2.2127954959869385,LSTM,Prediction,Valid
2025-11-16,P015,2.20339298248291,LSTM,Prediction,Valid
2025-11-17,P015,2.212134838104248,LSTM,Prediction,Valid
2025-11-18,P015,2.212118625640869,LSTM,Prediction,Valid
2025-11-19,P015,2.2159245014190674,LSTM,Prediction,Valid
2025-11-20,P015,2.2220184803009033,LSTM,Prediction,Valid
2025-11-21,P015,2.2137339115142822,LSTM,Prediction,Valid
2025-11-22,P015,2.214777708053589,LSTM,Prediction,Valid
2025-11-23,P015,2.2172749042510986,LSTM,Prediction,Valid
2025-11-24,P015,2.2154386043548584,LSTM,Prediction,Valid
2025-09-15,P016,1.9796134233474731,LSTM,Prediction,Valid
2025-09-16,P016,1.9738131761550903,LSTM,Prediction,Valid
2025-09-17,P016,1.9717960357666016,LSTM,Prediction,Valid
2025-09-18,P016,1.9778306484222412,LSTM,Prediction,Valid
2025-09-19,P016,1.977842926979065,LSTM,Prediction,Valid
2025-09-20,P016,1.9818533658981323,LSTM,Prediction,Valid
2025-09-21,P016,1.9767651557922363,LSTM,Prediction,Valid
2025-09-22,P016,1.9838775396347046,LSTM,Prediction,Valid
2025-09-23,P016,1.984009027481079,LSTM,Prediction,Valid
2025-09-24,P016,1.9864575862884521,LSTM,Prediction,Valid
2025-09-25,P016,1.9813597202301025,LSTM,Prediction,Valid
2025-09-26,P016,1.9823007583618164,LSTM,Prediction,Valid
2025-09-27,P016,1.9831863641738892,LSTM,Prediction,Valid
2025-09-28,P016,1.9892500638961792,LSTM,Prediction,Valid
2025-09-29,P016,1.9833699464797974,LSTM,Prediction,Valid
2025-09-30,P016,1.9872899055480957,LSTM,Prediction,Valid
2025-10-01,P016,1.984165906906128,LSTM,Prediction,Valid
2025-10-02,P016,1.986072063446045,LSTM,Prediction,Valid
2025-10-03,P016,1.9827256202697754,LSTM,Prediction,Valid
2025-10-04,P016,1.9817707538604736,LSTM,Prediction,Valid
2025-10-05,P016,1.9814637899398804,LSTM,Prediction,Valid
2025-10-06,P016,1.9832459688186646,LSTM,Prediction,Valid
2025-10-07,P016,1.9758182764053345,LSTM,Prediction,Valid
2025-10-08,P016,1.9686897993087769,LSTM,Prediction,Valid
2025-10-09,P016,1.972913146018982,LSTM,Prediction,Valid
2025-10-10,P016,1.977518916130066,LSTM,Prediction,Valid
2025-10-11,P016,1.9772909879684448,LSTM,Prediction,Valid
2025-10-12,P016,1.9719207286834717,LSTM,Prediction,Valid
2025-10-13,P016,1.9733177423477173,LSTM,Prediction,Valid
2025-10-14,P016,1.9749408960342407,LSTM,Prediction,Valid
2025-10-15,P016,1.977346420288086,LSTM,Prediction,Valid
2025-10-16,P016,1.9636598825454712,LSTM,Prediction,Valid
2025-10-17,P016,1.9617278575897217,LSTM,Prediction,Valid
2025-10-18,P016,1.9757314920425415,LSTM,Prediction,Valid
2025-10-19,P016,1.9760695695877075,LSTM,Prediction,Valid
2025-10-20,P016,1.966497778892517,LSTM,Prediction,Valid
2025-10-21,P016,1.9672777652740479,LSTM,Prediction,Valid
2025-10-22,P016,1.961462140083313,LSTM,Prediction,Valid
2025-10-23,P016,1.9728020429611206,LSTM,Prediction,Valid
2025-10-24,P016,1.977518916130066,LSTM,Prediction,Valid
2025-10-25,P016,1.9635539054870605,LSTM,Prediction,Valid
2025-10-26,P016,1.9787724018096924,LSTM,Prediction,Valid
2025-10-27,P016,1.9780182838439941,LSTM,Prediction,Valid
2025-10-28,P016,1.9808080196380615,LSTM,Prediction,Valid
2025-10-29,P016,1.9817737340927124,LSTM,Prediction,Valid
2025-10-30,P016,1.984957218170166,LSTM,Prediction,Valid
2025-10-31,P016,1.9833604097366333,LSTM,Prediction,Valid
2025-11-01,P016,1.983391284942627,LSTM,Prediction,Valid
2025-11-02,P016,1.9705049991607666,LSTM,Prediction,Valid
2025-11-03,P016,1.9800375699996948,LSTM,Prediction,Valid
2025-11-04,P016,1.9816172122955322,LSTM,Prediction,Valid
2025-11-05,P016,1.9876562356948853,LSTM,Prediction,Valid
2025-11-06,P016,1.9858355522155762,LSTM,Prediction,Valid
2025-11-07,P016,1.9786286354064941,LSTM,Prediction,Valid
2025-11-08,P016,1.9759272336959839,LSTM,Prediction,Valid
2025-11-09,P016,1.9816821813583374,LSTM,Prediction,Valid
2025-11-10,P016,1.9761927127838135,LSTM,Prediction,Valid
2025-11-11,P016,1.9725362062454224,LSTM,Prediction,Valid
2025-11-12,P016,1.9687142372131348,LSTM,Prediction,Valid
2025-11-13,P016,1.9537228345870972,LSTM,Prediction,Valid
2025-11-14,P016,1.9592869281768799,LSTM,Prediction,Valid
2025-11-15,P016,1.963631510734558,LSTM,Prediction,Valid
2025-11-16,P016,1.9541822671890259,LSTM,Prediction,Valid
2025-11-17,P016,1.9655359983444214,LSTM,Prediction,Valid
2025-11-18,P016,1.964876651763916,LSTM,Prediction,Valid
2025-11-19,P016,1.9661818742752075,LSTM,Prediction,Valid
2025-11-20,P016,1.970940113067627,LSTM,Prediction,Valid
2025-11-21,P016,1.9649157524108887,LSTM,Prediction,Valid
2025-11-22,P016,1.9675849676132202,LSTM,Prediction,Valid
2025-11-23,P016,1.9690234661102295,LSTM,Prediction,Valid
2025-11-24,P016,1.9693348407745361,LSTM,Prediction,Valid
2025-09-15,P017,1.8753609657287598,LSTM,Prediction,Valid
2025-09-16,P017,1.865858554840088,LSTM,Prediction,Valid
2025-09-17,P017,1.864608883857727,LSTM,Prediction,Valid
2025-09-18,P017,1.8683815002441406,LSTM,Prediction,Valid
2025-09-19,P017,1.8736114501953125,LSTM,Prediction,Valid
2025-09-20,P017,1.8791817426681519,LSTM,Prediction,Valid
2025-09-21,P017,1.8753635883331299,LSTM,Prediction,Valid
2025-09-22,P017,1.880324363708496,LSTM,Prediction,Valid
2025-09-23,P017,1.8823069334030151,LSTM,Prediction,Valid
2025-09-24,P017,1.8860806226730347,LSTM,Prediction,Valid
2025-09-25,P017,1.8778058290481567,LSTM,Prediction,Valid
2025-09-26,P017,1.8791351318359375,LSTM,Prediction,Valid
2025-09-27,P017,1.880408525466919,LSTM,Prediction,Valid
2025-09-28,P017,1.8860108852386475,LSTM,Prediction,Valid
2025-09-29,P017,1.8816359043121338,LSTM,Prediction,Valid
2025-09-30,P017,1.8819506168365479,LSTM,Prediction,Valid
2025-10-01,P017,1.8808084726333618,LSTM,Prediction,Valid
2025-10-02,P017,1.881298542022705,LSTM,Prediction,Valid
2025-10-03,P017,1.879210114479065,LSTM,Prediction,Valid
2025-10-04,P017,1.8782520294189453,LSTM,Prediction,Valid
2025-10-05,P017,1.8836373090744019,LSTM,Prediction,Valid
2025-10-06,P017,1.8821661472320557,LSTM,Prediction,Valid
2025-10-07,P017,1.8707059621810913,LSTM,Prediction,Valid
2025-10-08,P017,1.8583698272705078,LSTM,Prediction,Valid
2025-10-09,P017,1.870314598083496,LSTM,Prediction,Valid
2025-10-10,P017,1.8716137409210205,LSTM,Prediction,Valid
2025-10-11,P017,1.8704546689987183,LSTM,Prediction,Valid
2025-10-12,P017,1.8650730848312378,LSTM,Prediction,Valid
2025-10-13,P017,1.8654134273529053,LSTM,Prediction,Valid
2025-10-14,P017,1.8669847249984741,LSTM,Prediction,Valid
2025-10-15,P017,1.8728957176208496,LSTM,Prediction,Valid
2025-10-16,P017,1.852785348892212,LSTM,Prediction,Valid
2025-10-17,P017,1.8512673377990723,LSTM,Prediction,Valid
2025-10-18,P017,1.8724079132080078,LSTM,Prediction,Valid
2025-10-19,P017,1.8706493377685547,LSTM,Prediction,Valid
2025-10-20,P017,1.8562285900115967,LSTM,Prediction,Valid
2025-10-21,P017,1.8592416048049927,LSTM,Prediction,Valid
2025-10-22,P017,1.85141921043396,LSTM,Prediction,Valid
2025-10-23,P017,1.8675580024719238,LSTM,Prediction,Valid
2025-10-24,P017,1.8737833499908447,LSTM,Prediction,Valid
2025-10-25,P017,1.856135368347168,LSTM,Prediction,Valid
2025-10-26,P017,1.8787009716033936,LSTM,Prediction,Valid
2025-10-27,P017,1.872298002243042,LSTM,Prediction,Valid
2025-10-28,P017,1.8745317459106445,LSTM,Prediction,Valid
2025-10-29,P017,1.8788092136383057,LSTM,Prediction,Valid
2025-10-30,P017,1.8839094638824463,LSTM,Prediction,Valid
2025-10-31,P017,1.8806592226028442,LSTM,Prediction,Valid
2025-11-01,P017,1.8814359903335571,LSTM,Prediction,Valid
2025-11-02,P017,1.8626232147216797,LSTM,Prediction,Valid
2025-11-03,P017,1.876465082168579,LSTM,Prediction,Valid
2025-11-04,P017,1.8795608282089233,LSTM,Prediction,Valid
2025-11-05,P017,1.8805551528930664,LSTM,Prediction,Valid
2025-11-06,P017,1.8788411617279053,LSTM,Prediction,Valid
2025-11-07,P017,1.8718411922454834,LSTM,Prediction,Valid
2025-11-08,P017,1.8676209449768066,LSTM,Prediction,Valid
2025-11-09,P017,1.878469705581665,LSTM,Prediction,Valid
2025-11-10,P017,1.8647830486297607,LSTM,Prediction,Valid
2025-11-11,P017,1.863923192024231,LSTM,Prediction,Valid
2025-11-12,P017,1.8596216440200806,LSTM,Prediction,Valid
2025-11-13,P017,1.8366386890411377,LSTM,Prediction,Valid
2025-11-14,P017,1.8483469486236572,LSTM,Prediction,Valid
2025-11-15,P017,1.8544056415557861,LSTM,Prediction,Valid
2025-11-16,P017,1.8418171405792236,LSTM,Prediction,Valid
2025-11-17,P017,1.8537869453430176,LSTM,Prediction,Valid
2025-11-18,P017,1.8540678024291992,LSTM,Prediction,Valid
2025-11-19,P017,1.857622504234314,LSTM,Prediction,Valid
2025-11-20,P017,1.8639131784439087,LSTM,Prediction,Valid
2025-11-21,P017,1.85621976852417,LSTM,Prediction,Valid
2025-11-22,P017,1.85709547996521,LSTM,Prediction,Valid
2025-11-23,P017,1.8618993759155273,LSTM,Prediction,Valid
2025-11-24,P017,1.8607972860336304,LSTM,Prediction,Valid
2025-09-15,P018,2.3571970462799072,LSTM,Prediction,Valid
2025-09-16,P018,2.3437232971191406,LSTM,Prediction,Valid
2025-09-17,P018,2.341681718826294,LSTM,Prediction,Valid
2025-09-18,P018,2.3428008556365967,LSTM,Prediction,Valid
2025-09-19,P018,2.3543055057525635,LSTM,Prediction,Valid
2025-09-20,P018,2.3643579483032227,LSTM,Prediction,Valid
2025-09-21,P018,2.3541324138641357,LSTM,Prediction,Valid
2025-09-22,P018,2.362734794616699,LSTM,Prediction,Valid
2025-09-23,P018,2.3690855503082275,LSTM,Prediction,Valid
2025-09-24,P018,2.372438669204712,LSTM,Prediction,Valid
2025-09-25,P018,2.3603875637054443,LSTM,Prediction,Valid
2025-09-26,P018,2.36220383644104,LSTM,Prediction,Valid
2025-09-27,P018,2.364889144897461,LSTM,Prediction,Valid
2025-09-28,P018,2.3740193843841553,LSTM,Prediction,Valid
2025-09-29,P018,2.3653995990753174,LSTM,Prediction,Valid
2025-09-30,P018,2.364356279373169,LSTM,Prediction,Valid
2025-10-01,P018,2.3639419078826904,LSTM,Prediction,Valid
2025-10-02,P018,2.3630945682525635,LSTM,Prediction,Valid
2025-10-03,P018,2.362929344177246,LSTM,Prediction,Valid
2025-10-04,P018,2.363057851791382,LSTM,Prediction,Valid
2025-10-05,P018,2.369368314743042,LSTM,Prediction,Valid
2025-10-06,P018,2.3661949634552,LSTM,Prediction,Valid
2025-10-07,P018,2.3493168354034424,LSTM,Prediction,Valid
2025-10-08,P018,2.3324058055877686,LSTM,Prediction,Valid
2025-10-09,P018,2.3473429679870605,LSTM,Prediction,Valid
2025-10-10,P018,2.3479814529418945,LSTM,Prediction,Valid
2025-10-11,P018,2.3496296405792236,LSTM,Prediction,Valid
2025-10-12,P018,2.3407609462738037,LSTM,Prediction,Valid
2025-10-13,P018,2.339430570602417,LSTM,Prediction,Valid
2025-10-14,P018,2.343919038772583,LSTM,Prediction,Valid
2025-10-15,P018,2.3555328845977783,LSTM,Prediction,Valid
2025-10-16,P018,2.3241679668426514,LSTM,Prediction,Valid
2025-10-17,P018,2.321385145187378,LSTM,Prediction,Valid
2025-10-18,P018,2.348010778427124,LSTM,Prediction,Valid
2025-10-19,P018,2.349938154220581,LSTM,Prediction,Valid
2025-10-20,P018,2.3283019065856934,LSTM,Prediction,Valid
2025-10-21,P018,2.3327014446258545,LSTM,Prediction,Valid
2025-10-22,P018,2.3213634490966797,LSTM,Prediction,Valid
2025-10-23,P018,2.34431529045105,LSTM,Prediction,Valid
2025-10-24,P018,2.3565475940704346,LSTM,Prediction,Valid
2025-10-25,P018,2.329174757003784,LSTM,Prediction,Valid
2025-10-26,P018,2.361131429672241,LSTM,Prediction,Valid
2025-10-27,P018,2.350376844406128,LSTM,Prediction,Valid
2025-10-28,P018,2.35579514503479,LSTM,Prediction,Valid
2025-10-29,P018,2.3623926639556885,LSTM,Prediction,Valid
2025-10-30,P018,2.3704910278320312,LSTM,Prediction,Valid
2025-10-31,P018,2.3632915019989014,LSTM,Prediction,Valid
2025-11-01,P018,2.3640711307525635,LSTM,Prediction,Valid
2025-11-02,P018,2.333707094192505,LSTM,Prediction,Valid
2025-11-03,P018,2.3555898666381836,LSTM,Prediction,Valid
2025-11-04,P018,2.3645355701446533,LSTM,Prediction,Valid
2025-11-05,P018,2.3672492504119873,LSTM,Prediction,Valid
2025-11-06,P018,2.3632845878601074,LSTM,Prediction,Valid
2025-11-07,P018,2.3497650623321533,LSTM,Prediction,Valid
2025-11-08,P018,2.3458850383758545,LSTM,Prediction,Valid
2025-11-09,P018,2.362776517868042,LSTM,Prediction,Valid
2025-11-10,P018,2.3451974391937256,LSTM,Prediction,Valid
2025-11-11,P018,2.3426949977874756,LSTM,Prediction,Valid
2025-11-12,P018,2.3355720043182373,LSTM,Prediction,Valid
2025-11-13,P018,2.303034543991089,LSTM,Prediction,Valid
2025-11-14,P018,2.321091651916504,LSTM,Prediction,Valid
2025-11-15,P018,2.3283114433288574,LSTM,Prediction,Valid
2025-11-16,P018,2.3040428161621094,LSTM,Prediction,Valid
2025-11-17,P018,2.3262884616851807,LSTM,Prediction,Valid
2025-11-18,P018,2.3262691497802734,LSTM,Prediction,Valid
2025-11-19,P018,2.3288190364837646,LSTM,Prediction,Valid
2025-11-20,P018,2.344622850418091,LSTM,Prediction,Valid
2025-11-21,P018,2.3288052082061768,LSTM,Prediction,Valid
2025-11-22,P018,2.3298349380493164,LSTM,Prediction,Valid
2025-11-23,P018,2.336859941482544,LSTM,Prediction,Valid
2025-11-24,P018,2.335710287094116,LSTM,Prediction,Valid
2025-09-15,P019,2.028218984603882,LSTM,Prediction,Valid
2025-09-16,P019,2.0237319469451904,LSTM,Prediction,Valid
2025-09-17,P019,2.020672082901001,LSTM,Prediction,Valid
2025-09-18,P019,2.0230541229248047,LSTM,Prediction,Valid
2025-09-19,P019,2.0268869400024414,LSTM,Prediction,Valid
2025-09-20,P019,2.0313642024993896,LSTM,Prediction,Valid
2025-09-21,P019,2.0248820781707764,LSTM,Prediction,Valid
2025-09-22,P019,2.0285792350769043,LSTM,Prediction,Valid
2025-09-23,P019,2.0312936305999756,LSTM,Prediction,Valid
2025-09-24,P019,2.032130718231201,LSTM,Prediction,Valid
2025-09-25,P019,2.0292747020721436,LSTM,Prediction,Valid
2025-09-26,P019,2.029658794403076,LSTM,Prediction,Valid
2025-09-27,P019,2.0318713188171387,LSTM,Prediction,Valid
2025-09-28,P019,2.0419254302978516,LSTM,Prediction,Valid
2025-09-29,P019,2.0347490310668945,LSTM,Prediction,Valid
2025-09-30,P019,2.035106897354126,LSTM,Prediction,Valid
2025-10-01,P019,2.0325100421905518,LSTM,Prediction,Valid
2025-10-02,P019,2.032609462738037,LSTM,Prediction,Valid
2025-10-03,P019,2.0313198566436768,LSTM,Prediction,Valid
2025-10-04,P019,2.031418800354004,LSTM,Prediction,Valid
2025-10-05,P019,2.0277063846588135,LSTM,Prediction,Valid
2025-10-06,P019,2.0305895805358887,LSTM,Prediction,Valid
2025-10-07,P019,2.0253024101257324,LSTM,Prediction,Valid
2025-10-08,P019,2.0181596279144287,LSTM,Prediction,Valid
2025-10-09,P019,2.0167744159698486,LSTM,Prediction,Valid
2025-10-10,P019,2.027562379837036,LSTM,Prediction,Valid
2025-10-11,P019,2.0279176235198975,LSTM,Prediction,Valid
2025-10-12,P019,2.0186386108398438,LSTM,Prediction,Valid
2025-10-13,P019,2.0203919410705566,LSTM,Prediction,Valid
2025-10-14,P019,2.0239083766937256,LSTM,Prediction,Valid
2025-10-15,P019,2.0274107456207275,LSTM,Prediction,Valid
2025-10-16,P019,2.0147268772125244,LSTM,Prediction,Valid
2025-10-17,P019,2.0128114223480225,LSTM,Prediction,Valid
2025-10-18,P019,2.0260581970214844,LSTM,Prediction,Valid
2025-10-19,P019,2.0259745121002197,LSTM,Prediction,Valid
2025-10-20,P019,2.0170817375183105,LSTM,Prediction,Valid
2025-10-21,P019,2.0173401832580566,LSTM,Prediction,Valid
2025-10-22,P019,2.012998342514038,LSTM,Prediction,Valid
2025-10-23,P019,2.023092269897461,LSTM,Prediction,Valid
2025-10-24,P019,2.025880813598633,LSTM,Prediction,Valid
2025-10-25,P019,2.0118567943573,LSTM,Prediction,Valid
2025-10-26,P019,2.0266144275665283,LSTM,Prediction,Valid
2025-10-27,P019,2.0255444049835205,LSTM,Prediction,Valid
2025-10-28,P019,2.0272669792175293,LSTM,Prediction,Valid
2025-10-29,P019,2.027958869934082,LSTM,Prediction,Valid
2025-10-30,P019,2.035130500793457,LSTM,Prediction,Valid
2025-10-31,P019,2.033731460571289,LSTM,Prediction,Valid
2025-11-01,P019,2.032081365585327,LSTM,Prediction,Valid
2025-11-02,P019,2.019606590270996,LSTM,Prediction,Valid
2025-11-03,P019,2.0274009704589844,LSTM,Prediction,Valid
2025-11-04,P019,2.031116008758545,LSTM,Prediction,Valid
2025-11-05,P019,2.0361902713775635,LSTM,Prediction,Valid
2025-11-06,P019,2.034322500228882,LSTM,Prediction,Valid
2025-11-07,P019,2.0268282890319824,LSTM,Prediction,Valid
2025-11-08,P019,2.025132179260254,LSTM,Prediction,Valid
2025-11-09,P019,2.030216932296753,LSTM,Prediction,Valid
2025-11-10,P019,2.0286765098571777,LSTM,Prediction,Valid
2025-11-11,P019,2.0227928161621094,LSTM,Prediction,Valid
2025-11-12,P019,2.0207931995391846,LSTM,Prediction,Valid
2025-11-13,P019,2.0094120502471924,LSTM,Prediction,Valid
2025-11-14,P019,2.0130980014801025,LSTM,Prediction,Valid
2025-11-15,P019,2.0151097774505615,LSTM,Prediction,Valid
2025-11-16,P019,2.0051772594451904,LSTM,Prediction,Valid
2025-11-17,P019,2.0153043270111084,LSTM,Prediction,Valid
2025-11-18,P019,2.01534104347229,LSTM,Prediction,Valid
2025-11-19,P019,2.017496109008789,LSTM,Prediction,Valid
2025-11-20,P019,2.022139310836792,LSTM,Prediction,Valid
2025-11-21,P019,2.015259265899658,LSTM,Prediction,Valid
2025-11-22,P019,2.0171120166778564,LSTM,Prediction,Valid
2025-11-23,P019,2.0182688236236572,LSTM,Prediction,Valid
2025-11-24,P019,2.018195390701294,LSTM,Prediction,Valid
2025-09-15,P020,2.0182857513427734,LSTM,Prediction,Valid
2025-09-16,P020,2.011876106262207,LSTM,Prediction,Valid
2025-09-17,P020,2.0087480545043945,LSTM,Prediction,Valid
2025-09-18,P020,2.012333869934082,LSTM,Prediction,Valid
2025-09-19,P020,2.017124652862549,LSTM,Prediction,Valid
2025-09-20,P020,2.0228095054626465,LSTM,Prediction,Valid
2025-09-21,P020,2.0153489112854004,LSTM,Prediction,Valid
2025-09-22,P020,2.0236778259277344,LSTM,Prediction,Valid
2025-09-23,P020,2.027367115020752,LSTM,Prediction,Valid
2025-09-24,P020,2.02896785736084,LSTM,Prediction,Valid
2025-09-25,P020,2.0218935012817383,LSTM,Prediction,Valid
2025-09-26,P020,2.0214343070983887,LSTM,Prediction,Valid
2025-09-27,P020,2.0238308906555176,LSTM,Prediction,Valid
2025-09-28,P020,2.0373687744140625,LSTM,Prediction,Valid
2025-09-29,P020,2.0260605812072754,LSTM,Prediction,Valid
2025-09-30,P020,2.028064727783203,LSTM,Prediction,Valid
2025-10-01,P020,2.025524139404297,LSTM,Prediction,Valid
2025-10-02,P020,2.024677276611328,LSTM,Prediction,Valid
2025-10-03,P020,2.022812843322754,LSTM,Prediction,Valid
2025-10-04,P020,2.0220651626586914,LSTM,Prediction,Valid
2025-10-05,P020,2.0230870246887207,LSTM,Prediction,Valid
2025-10-06,P020,2.024658679962158,LSTM,Prediction,Valid
2025-10-07,P020,2.0138516426086426,LSTM,Prediction,Valid
2025-10-08,P020,2.0046892166137695,LSTM,Prediction,Valid
2025-10-09,P020,2.0143446922302246,LSTM,Prediction,Valid
2025-10-10,P020,2.0142760276794434,LSTM,Prediction,Valid
2025-10-11,P020,2.0168261528015137,LSTM,Prediction,Valid
2025-10-12,P020,2.0101609230041504,LSTM,Prediction,Valid
2025-10-13,P020,2.0066113471984863,LSTM,Prediction,Valid
2025-10-14,P020,2.012038230895996,LSTM,Prediction,Valid
2025-10-15,P020,2.0178661346435547,LSTM,Prediction,Valid
2025-10-16,P020,1.9983524084091187,LSTM,Prediction,Valid
2025-10-17,P020,1.9967182874679565,LSTM,Prediction,Valid
2025-10-18,P020,2.0136451721191406,LSTM,Prediction,Valid
2025-10-19,P020,2.014338970184326,LSTM,Prediction,Valid
2025-10-20,P020,2.001222610473633,LSTM,Prediction,Valid
2025-10-21,P020,2.0023560523986816,LSTM,Prediction,Valid
2025-10-22,P020,1.9969393014907837,LSTM,Prediction,Valid
2025-10-23,P020,2.0094475746154785,LSTM,Prediction,Valid
2025-10-24,P020,2.0180225372314453,LSTM,Prediction,Valid
2025-10-25,P020,2.0015530586242676,LSTM,Prediction,Valid
2025-10-26,P020,2.0208582878112793,LSTM,Prediction,Valid
2025-10-27,P020,2.015428066253662,LSTM,Prediction,Valid
2025-10-28,P020,2.0181169509887695,LSTM,Prediction,Valid
2025-10-29,P020,2.021106243133545,LSTM,Prediction,Valid
2025-10-30,P020,2.0290989875793457,LSTM,Prediction,Valid
2025-10-31,P020,2.023599147796631,LSTM,Prediction,Valid
2025-11-01,P020,2.0218944549560547,LSTM,Prediction,Valid
2025-11-02,P020,2.0061140060424805,LSTM,Prediction,Valid
2025-11-03,P020,2.017719268798828,LSTM,Prediction,Valid
2025-11-04,P020,2.024043560028076,LSTM,Prediction,Valid
2025-11-05,P020,2.032336711883545,LSTM,Prediction,Valid
2025-11-06,P020,2.0257954597473145,LSTM,Prediction,Valid
2025-11-07,P020,2.0155110359191895,LSTM,Prediction,Valid
2025-11-08,P020,2.013502597808838,LSTM,Prediction,Valid
2025-11-09,P020,2.018622875213623,LSTM,Prediction,Valid
2025-11-10,P020,2.016524314880371,LSTM,Prediction,Valid
2025-11-11,P020,2.008759021759033,LSTM,Prediction,Valid
2025-11-12,P020,2.0029282569885254,LSTM,Prediction,Valid
2025-11-13,P020,1.9864495992660522,LSTM,Prediction,Valid
2025-11-14,P020,1.9939173460006714,LSTM,Prediction,Valid
2025-11-15,P020,1.9996029138565063,LSTM,Prediction,Valid
2025-11-16,P020,1.9859942197799683,LSTM,Prediction,Valid
2025-11-17,P020,2.0004401206970215,LSTM,Prediction,Valid
2025-11-18,P020,1.9996730089187622,LSTM,Prediction,Valid
2025-11-19,P020,2.002049446105957,LSTM,Prediction,Valid
2025-11-20,P020,2.0128464698791504,LSTM,Prediction,Valid
2025-11-21,P020,1.9999340772628784,LSTM,Prediction,Valid
2025-11-22,P020,2.002488136291504,LSTM,Prediction,Valid
2025-11-23,P020,2.005603790283203,LSTM,Prediction,Valid
2025-11-24,P020,2.0045766830444336,LSTM,Prediction,Valid
2025-11-25,P001,1.9641168117523193,LSTM,Prediction,Test
2025-11-26,P001,1.9560880661010742,LSTM,Prediction,Test
2025-11-27,P001,1.944209098815918,LSTM,Prediction,Test
2025-11-28,P001,1.9511909484863281,LSTM,Prediction,Test
2025-11-29,P001,1.9487851858139038,LSTM,Prediction,Test
2025-11-30,P001,1.9446120262145996,LSTM,Prediction,Test
2025-12-01,P001,1.9448667764663696,LSTM,Prediction,Test
2025-12-02,P001,1.9401193857192993,LSTM,Prediction,Test
2025-12-03,P001,1.942245364189148,LSTM,Prediction,Test
2025-12-04,P001,1.9487724304199219,LSTM,Prediction,Test
2025-12-05,P001,1.9390581846237183,LSTM,Prediction,Test
2025-12-06,P001,1.9432395696640015,LSTM,Prediction,Test
2025-12-07,P001,1.9542378187179565,LSTM,Prediction,Test
2025-12-08,P001,1.9559965133666992,LSTM,Prediction,Test
2025-12-09,P001,1.957460880279541,LSTM,Prediction,Test
2025-12-10,P001,1.9606013298034668,LSTM,Prediction,Test
2025-12-11,P001,1.9419852495193481,LSTM,Prediction,Test
2025-12-12,P001,1.9475417137145996,LSTM,Prediction,Test
2025-12-13,P001,1.9518345594406128,LSTM,Prediction,Test
2025-12-14,P001,1.9562602043151855,LSTM,Prediction,Test
2025-12-15,P001,1.9535853862762451,LSTM,Prediction,Test
2025-12-16,P001,1.9528963565826416,LSTM,Prediction,Test
2025-12-17,P001,1.9425108432769775,LSTM,Prediction,Test
2025-12-18,P001,1.9630414247512817,LSTM,Prediction,Test
2025-12-19,P001,1.9591004848480225,LSTM,Prediction,Test
2025-12-20,P001,1.9583896398544312,LSTM,Prediction,Test
2025-12-21,P001,1.9483110904693604,LSTM,Prediction,Test
2025-12-22,P001,1.9556840658187866,LSTM,Prediction,Test
2025-12-23,P001,1.9611504077911377,LSTM,Prediction,Test
2025-12-24,P001,1.9690086841583252,LSTM,Prediction,Test
2025-12-25,P001,1.9617953300476074,LSTM,Prediction,Test
2025-12-26,P001,1.9537405967712402,LSTM,Prediction,Test
2025-12-27,P001,1.9569222927093506,LSTM,Prediction,Test
2025-12-28,P001,1.9646435976028442,LSTM,Prediction,Test
2025-12-29,P001,1.9713959693908691,LSTM,Prediction,Test
2025-12-30,P001,1.9664121866226196,LSTM,Prediction,Test
2025-12-31,P001,1.964700698852539,LSTM,Prediction,Test
2025-11-25,P002,2.0950522422790527,LSTM,Prediction,Test
2025-11-26,P002,2.0901362895965576,LSTM,Prediction,Test
2025-11-27,P002,2.0735623836517334,LSTM,Prediction,Test
2025-11-28,P002,2.0800724029541016,LSTM,Prediction,Test
2025-11-29,P002,2.080122947692871,LSTM,Prediction,Test
2025-11-30,P002,2.076004981994629,LSTM,Prediction,Test
2025-12-01,P002,2.076343297958374,LSTM,Prediction,Test
2025-12-02,P002,2.0647990703582764,LSTM,Prediction,Test
2025-12-03,P002,2.0723671913146973,LSTM,Prediction,Test
2025-12-04,P002,2.0784318447113037,LSTM,Prediction,Test
2025-12-05,P002,2.068410873413086,LSTM,Prediction,Test
2025-12-06,P002,2.0728671550750732,LSTM,Prediction,Test
2025-12-07,P002,2.0838963985443115,LSTM,Prediction,Test
2025-12-08,P002,2.0897891521453857,LSTM,Prediction,Test
2025-12-09,P002,2.0910768508911133,LSTM,Prediction,Test
2025-12-10,P002,2.0917391777038574,LSTM,Prediction,Test
2025-12-11,P002,2.072582244873047,LSTM,Prediction,Test
2025-12-12,P002,2.079017162322998,LSTM,Prediction,Test
2025-12-13,P002,2.0840020179748535,LSTM,Prediction,Test
2025-12-14,P002,2.0873990058898926,LSTM,Prediction,Test
2025-12-15,P002,2.086533784866333,LSTM,Prediction,Test
2025-12-16,P002,2.0839970111846924,LSTM,Prediction,Test
2025-12-17,P002,2.0727856159210205,LSTM,Prediction,Test
2025-12-18,P002,2.0909507274627686,LSTM,Prediction,Test
2025-12-19,P002,2.093475818634033,LSTM,Prediction,Test
2025-12-20,P002,2.0939948558807373,LSTM,Prediction,Test
2025-12-21,P002,2.0798144340515137,LSTM,Prediction,Test
2025-12-22,P002,2.0895884037017822,LSTM,Prediction,Test
2025-12-23,P002,2.0944223403930664,LSTM,Prediction,Test
2025-12-24,P002,2.1014747619628906,LSTM,Prediction,Test
2025-12-25,P002,2.0926220417022705,LSTM,Prediction,Test
2025-12-26,P002,2.083725929260254,LSTM,Prediction,Test
2025-12-27,P002,2.088641405105591,LSTM,Prediction,Test
2025-12-28,P002,2.0990350246429443,LSTM,Prediction,Test
2025-12-29,P002,2.101262092590332,LSTM,Prediction,Test
2025-12-30,P002,2.1032373905181885,LSTM,Prediction,Test
2025-12-31,P002,2.1025195121765137,LSTM,Prediction,Test
2025-11-25,P003,2.069873809814453,LSTM,Prediction,Test
2025-11-26,P003,2.0645978450775146,LSTM,Prediction,Test
2025-11-27,P003,2.047316789627075,LSTM,Prediction,Test
2025-11-28,P003,2.0546135902404785,LSTM,Prediction,Test
2025-11-29,P003,2.053588390350342,LSTM,Prediction,Test
2025-11-30,P003,2.0488829612731934,LSTM,Prediction,Test
2025-12-01,P003,2.0487611293792725,LSTM,Prediction,Test
2025-12-02,P003,2.0366220474243164,LSTM,Prediction,Test
2025-12-03,P003,2.04414439201355,LSTM,Prediction,Test
2025-12-04,P003,2.048551559448242,LSTM,Prediction,Test
2025-12-05,P003,2.0419046878814697,LSTM,Prediction,Test
2025-12-06,P003,2.047290802001953,LSTM,Prediction,Test
2025-12-07,P003,2.061436653137207,LSTM,Prediction,Test
2025-12-08,P003,2.0654053688049316,LSTM,Prediction,Test
2025-12-09,P003,2.064748525619507,LSTM,Prediction,Test
2025-12-10,P003,2.066256284713745,LSTM,Prediction,Test
2025-12-11,P003,2.045731544494629,LSTM,Prediction,Test
2025-12-12,P003,2.0512635707855225,LSTM,Prediction,Test
2025-12-13,P003,2.0586819648742676,LSTM,Prediction,Test
2025-12-14,P003,2.0595762729644775,LSTM,Prediction,Test
2025-12-15,P003,2.0613434314727783,LSTM,Prediction,Test
2025-12-16,P003,2.0597429275512695,LSTM,Prediction,Test
2025-12-17,P003,2.0469489097595215,LSTM,Prediction,Test
2025-12-18,P003,2.06817626953125,LSTM,Prediction,Test
2025-12-19,P003,2.0701358318328857,LSTM,Prediction,Test
2025-12-20,P003,2.068753242492676,LSTM,Prediction,Test
2025-12-21,P003,2.056474447250366,LSTM,Prediction,Test
2025-12-22,P003,2.0645127296447754,LSTM,Prediction,Test
2025-12-23,P003,2.0683717727661133,LSTM,Prediction,Test
2025-12-24,P003,2.0785677433013916,LSTM,Prediction,Test
2025-12-25,P003,2.064195394515991,LSTM,Prediction,Test
2025-12-26,P003,2.059413194656372,LSTM,Prediction,Test
2025-12-27,P003,2.063877820968628,LSTM,Prediction,Test
2025-12-28,P003,2.0733768939971924,LSTM,Prediction,Test
2025-12-29,P003,2.0812320709228516,LSTM,Prediction,Test
2025-12-30,P003,2.0777809619903564,LSTM,Prediction,Test
2025-12-31,P003,2.0735697746276855,LSTM,Prediction,Test
2025-11-25,P004,2.233537197113037,LSTM,Prediction,Test
2025-11-26,P004,2.2261786460876465,LSTM,Prediction,Test
2025-11-27,P004,2.2134575843811035,LSTM,Prediction,Test
2025-11-28,P004,2.219566822052002,LSTM,Prediction,Test
2025-11-29,P004,2.218891143798828,LSTM,Prediction,Test
2025-11-30,P004,2.2142868041992188,LSTM,Prediction,Test
2025-12-01,P004,2.2146425247192383,LSTM,Prediction,Test
2025-12-02,P004,2.2068891525268555,LSTM,Prediction,Test
2025-12-03,P004,2.2100086212158203,LSTM,Prediction,Test
2025-12-04,P004,2.219210147857666,LSTM,Prediction,Test
2025-12-05,P004,2.207282066345215,LSTM,Prediction,Test
2025-12-06,P004,2.2147579193115234,LSTM,Prediction,Test
2025-12-07,P004,2.2232046127319336,LSTM,Prediction,Test
2025-12-08,P004,2.2261152267456055,LSTM,Prediction,Test
2025-12-09,P004,2.2282490730285645,LSTM,Prediction,Test
2025-12-10,P004,2.229556083679199,LSTM,Prediction,Test
2025-12-11,P004,2.2125425338745117,LSTM,Prediction,Test
2025-12-12,P004,2.218174934387207,LSTM,Prediction,Test
2025-12-13,P004,2.2214717864990234,LSTM,Prediction,Test
2025-12-14,P004,2.2271032333374023,LSTM,Prediction,Test
2025-12-15,P004,2.224648952484131,LSTM,Prediction,Test
2025-12-16,P004,2.2223587036132812,LSTM,Prediction,Test
2025-12-17,P004,2.2109198570251465,LSTM,Prediction,Test
2025-12-18,P004,2.2304582595825195,LSTM,Prediction,Test
2025-12-19,P004,2.229796886444092,LSTM,Prediction,Test
2025-12-20,P004,2.2299318313598633,LSTM,Prediction,Test
2025-12-21,P004,2.2173962593078613,LSTM,Prediction,Test
2025-12-22,P004,2.2259669303894043,LSTM,Prediction,Test
2025-12-23,P004,2.2310614585876465,LSTM,Prediction,Test
2025-12-24,P004,2.238267421722412,LSTM,Prediction,Test
2025-12-25,P004,2.230865955352783,LSTM,Prediction,Test
2025-12-26,P004,2.2232842445373535,LSTM,Prediction,Test
2025-12-27,P004,2.2260098457336426,LSTM,Prediction,Test
2025-12-28,P004,2.2364320755004883,LSTM,Prediction,Test
2025-12-29,P004,2.238800048828125,LSTM,Prediction,Test
2025-12-30,P004,2.237476348876953,LSTM,Prediction,Test
2025-12-31,P004,2.2376508712768555,LSTM,Prediction,Test
2025-11-25,P005,1.9251718521118164,LSTM,Prediction,Test
2025-11-26,P005,1.9208247661590576,LSTM,Prediction,Test
2025-11-27,P005,1.904056191444397,LSTM,Prediction,Test
2025-11-28,P005,1.9106837511062622,LSTM,Prediction,Test
2025-11-29,P005,1.9104456901550293,LSTM,Prediction,Test
2025-11-30,P005,1.9057801961898804,LSTM,Prediction,Test
2025-12-01,P005,1.906040072441101,LSTM,Prediction,Test
2025-12-02,P005,1.893908143043518,LSTM,Prediction,Test
2025-12-03,P005,1.901709794998169,LSTM,Prediction,Test
2025-12-04,P005,1.9075952768325806,LSTM,Prediction,Test
2025-12-05,P005,1.8978794813156128,LSTM,Prediction,Test
2025-12-06,P005,1.9028563499450684,LSTM,Prediction,Test
2025-12-07,P005,1.9145737886428833,LSTM,Prediction,Test
2025-12-08,P005,1.920397400856018,LSTM,Prediction,Test
2025-12-09,P005,1.9208730459213257,LSTM,Prediction,Test
2025-12-10,P005,1.9219142198562622,LSTM,Prediction,Test
2025-12-11,P005,1.9032258987426758,LSTM,Prediction,Test
2025-12-12,P005,1.908825397491455,LSTM,Prediction,Test
2025-12-13,P005,1.9152612686157227,LSTM,Prediction,Test
2025-12-14,P005,1.9177075624465942,LSTM,Prediction,Test
2025-12-15,P005,1.9165548086166382,LSTM,Prediction,Test
2025-12-16,P005,1.9157159328460693,LSTM,Prediction,Test
2025-12-17,P005,1.9031702280044556,LSTM,Prediction,Test
2025-12-18,P005,1.9253522157669067,LSTM,Prediction,Test
2025-12-19,P005,1.9249118566513062,LSTM,Prediction,Test
2025-12-20,P005,1.9233500957489014,LSTM,Prediction,Test
2025-12-21,P005,1.911311388015747,LSTM,Prediction,Test
2025-12-22,P005,1.919646978378296,LSTM,Prediction,Test
2025-12-23,P005,1.9236558675765991,LSTM,Prediction,Test
2025-12-24,P005,1.9323683977127075,LSTM,Prediction,Test
2025-12-25,P005,1.9209656715393066,LSTM,Prediction,Test
2025-12-26,P005,1.9139769077301025,LSTM,Prediction,Test
2025-12-27,P005,1.918531060218811,LSTM,Prediction,Test
2025-12-28,P005,1.9293965101242065,LSTM,Prediction,Test
2025-12-29,P005,1.9364062547683716,LSTM,Prediction,Test
2025-12-30,P005,1.9340804815292358,LSTM,Prediction,Test
2025-12-31,P005,1.9308019876480103,LSTM,Prediction,Test
2025-11-25,P006,1.9980508089065552,LSTM,Prediction,Test
2025-11-26,P006,1.990437388420105,LSTM,Prediction,Test
2025-11-27,P006,1.9758800268173218,LSTM,Prediction,Test
2025-11-28,P006,1.9830654859542847,LSTM,Prediction,Test
2025-11-29,P006,1.9834731817245483,LSTM,Prediction,Test
2025-11-30,P006,1.97771155834198,LSTM,Prediction,Test
2025-12-01,P006,1.978173851966858,LSTM,Prediction,Test
2025-12-02,P006,1.9688576459884644,LSTM,Prediction,Test
2025-12-03,P006,1.9727236032485962,LSTM,Prediction,Test
2025-12-04,P006,1.9823695421218872,LSTM,Prediction,Test
2025-12-05,P006,1.9674264192581177,LSTM,Prediction,Test
2025-12-06,P006,1.9755765199661255,LSTM,Prediction,Test
2025-12-07,P006,1.9854131937026978,LSTM,Prediction,Test
2025-12-08,P006,1.9906131029129028,LSTM,Prediction,Test
2025-12-09,P006,1.993111252784729,LSTM,Prediction,Test
2025-12-10,P006,1.9949270486831665,LSTM,Prediction,Test
2025-12-11,P006,1.9748798608779907,LSTM,Prediction,Test
2025-12-12,P006,1.9828335046768188,LSTM,Prediction,Test
2025-12-13,P006,1.9861174821853638,LSTM,Prediction,Test
2025-12-14,P006,1.9881476163864136,LSTM,Prediction,Test
2025-12-15,P006,1.9886454343795776,LSTM,Prediction,Test
2025-12-16,P006,1.9870916604995728,LSTM,Prediction,Test
2025-12-17,P006,1.9729856252670288,LSTM,Prediction,Test
2025-12-18,P006,2.0002598762512207,LSTM,Prediction,Test
2025-12-19,P006,1.9931484460830688,LSTM,Prediction,Test
2025-12-20,P006,1.9954692125320435,LSTM,Prediction,Test
2025-12-21,P006,1.9813162088394165,LSTM,Prediction,Test
2025-12-22,P006,1.9915903806686401,LSTM,Prediction,Test
2025-12-23,P006,1.9992183446884155,LSTM,Prediction,Test
2025-12-24,P006,2.006261110305786,LSTM,Prediction,Test
2025-12-25,P006,1.995806097984314,LSTM,Prediction,Test
2025-12-26,P006,1.9877296686172485,LSTM,Prediction,Test
2025-12-27,P006,1.991902232170105,LSTM,Prediction,Test
2025-12-28,P006,2.0034706592559814,LSTM,Prediction,Test
2025-12-29,P006,2.0087828636169434,LSTM,Prediction,Test
2025-12-30,P006,2.0009517669677734,LSTM,Prediction,Test
2025-12-31,P006,2.003641366958618,LSTM,Prediction,Test
2025-11-25,P007,2.2390053272247314,LSTM,Prediction,Test
2025-11-26,P007,2.232635021209717,LSTM,Prediction,Test
2025-11-27,P007,2.2178139686584473,LSTM,Prediction,Test
2025-11-28,P007,2.224806785583496,LSTM,Prediction,Test
2025-11-29,P007,2.2241461277008057,LSTM,Prediction,Test
2025-11-30,P007,2.2194268703460693,LSTM,Prediction,Test
2025-12-01,P007,2.219350814819336,LSTM,Prediction,Test
2025-12-02,P007,2.20997953414917,LSTM,Prediction,Test
2025-12-03,P007,2.2155632972717285,LSTM,Prediction,Test
2025-12-04,P007,2.223860502243042,LSTM,Prediction,Test
2025-12-05,P007,2.212536573410034,LSTM,Prediction,Test
2025-12-06,P007,2.218017101287842,LSTM,Prediction,Test
2025-12-07,P007,2.228308916091919,LSTM,Prediction,Test
2025-12-08,P007,2.232649564743042,LSTM,Prediction,Test
2025-12-09,P007,2.2347779273986816,LSTM,Prediction,Test
2025-12-10,P007,2.2360944747924805,LSTM,Prediction,Test
2025-12-11,P007,2.216811418533325,LSTM,Prediction,Test
2025-12-12,P007,2.2227816581726074,LSTM,Prediction,Test
2025-12-13,P007,2.2288267612457275,LSTM,Prediction,Test
2025-12-14,P007,2.2292380332946777,LSTM,Prediction,Test
2025-12-15,P007,2.23099422454834,LSTM,Prediction,Test
2025-12-16,P007,2.228710412979126,LSTM,Prediction,Test
2025-12-17,P007,2.215606927871704,LSTM,Prediction,Test
2025-12-18,P007,2.2408969402313232,LSTM,Prediction,Test
2025-12-19,P007,2.2376132011413574,LSTM,Prediction,Test
2025-12-20,P007,2.2378976345062256,LSTM,Prediction,Test
2025-12-21,P007,2.2250921726226807,LSTM,Prediction,Test
2025-12-22,P007,2.2328219413757324,LSTM,Prediction,Test
2025-12-23,P007,2.2397844791412354,LSTM,Prediction,Test
2025-12-24,P007,2.2475802898406982,LSTM,Prediction,Test
2025-12-25,P007,2.238055944442749,LSTM,Prediction,Test
2025-12-26,P007,2.230501890182495,LSTM,Prediction,Test
2025-12-27,P007,2.2345213890075684,LSTM,Prediction,Test
2025-12-28,P007,2.2436513900756836,LSTM,Prediction,Test
2025-12-29,P007,2.2515764236450195,LSTM,Prediction,Test
2025-12-30,P007,2.244988441467285,LSTM,Prediction,Test
2025-12-31,P007,2.2455196380615234,LSTM,Prediction,Test
2025-11-25,P008,1.9478123188018799,LSTM,Prediction,Test
2025-11-26,P008,1.942695140838623,LSTM,Prediction,Test
2025-11-27,P008,1.9274953603744507,LSTM,Prediction,Test
2025-11-28,P008,1.9348114728927612,LSTM,Prediction,Test
2025-11-29,P008,1.9339414834976196,LSTM,Prediction,Test
2025-11-30,P008,1.9296482801437378,LSTM,Prediction,Test
2025-12-01,P008,1.9300742149353027,LSTM,Prediction,Test
2025-12-02,P008,1.9204373359680176,LSTM,Prediction,Test
2025-12-03,P008,1.927160382270813,LSTM,Prediction,Test
2025-12-04,P008,1.9324711561203003,LSTM,Prediction,Test
2025-12-05,P008,1.9216421842575073,LSTM,Prediction,Test
2025-12-06,P008,1.9262518882751465,LSTM,Prediction,Test
2025-12-07,P008,1.9368650913238525,LSTM,Prediction,Test
2025-12-08,P008,1.9424196481704712,LSTM,Prediction,Test
2025-12-09,P008,1.9441887140274048,LSTM,Prediction,Test
2025-12-10,P008,1.94551420211792,LSTM,Prediction,Test
2025-12-11,P008,1.9267398118972778,LSTM,Prediction,Test
2025-12-12,P008,1.9323692321777344,LSTM,Prediction,Test
2025-12-13,P008,1.9371312856674194,LSTM,Prediction,Test
2025-12-14,P008,1.9405332803726196,LSTM,Prediction,Test
2025-12-15,P008,1.9396166801452637,LSTM,Prediction,Test
2025-12-16,P008,1.9387540817260742,LSTM,Prediction,Test
2025-12-17,P008,1.9260454177856445,LSTM,Prediction,Test
2025-12-18,P008,1.9506980180740356,LSTM,Prediction,Test
2025-12-19,P008,1.9468942880630493,LSTM,Prediction,Test
2025-12-20,P008,1.9455703496932983,LSTM,Prediction,Test
2025-12-21,P008,1.9335087537765503,LSTM,Prediction,Test
2025-12-22,P008,1.9412912130355835,LSTM,Prediction,Test
2025-12-23,P008,1.947570562362671,LSTM,Prediction,Test
2025-12-24,P008,1.9557348489761353,LSTM,Prediction,Test
2025-12-25,P008,1.9484111070632935,LSTM,Prediction,Test
2025-12-26,P008,1.9378328323364258,LSTM,Prediction,Test
2025-12-27,P008,1.9425103664398193,LSTM,Prediction,Test
2025-12-28,P008,1.95062255859375,LSTM,Prediction,Test
2025-12-29,P008,1.9611866474151611,LSTM,Prediction,Test
2025-12-30,P008,1.9549742937088013,LSTM,Prediction,Test
2025-12-31,P008,1.9538307189941406,LSTM,Prediction,Test
2025-11-25,P009,2.1056787967681885,LSTM,Prediction,Test
2025-11-26,P009,2.100184440612793,LSTM,Prediction,Test
2025-11-27,P009,2.0831236839294434,LSTM,Prediction,Test
2025-11-28,P009,2.0891923904418945,LSTM,Prediction,Test
2025-11-29,P009,2.0900440216064453,LSTM,Prediction,Test
2025-11-30,P009,2.08473539352417,LSTM,Prediction,Test
2025-12-01,P009,2.084902763366699,LSTM,Prediction,Test
2025-12-02,P009,2.07309627532959,LSTM,Prediction,Test
2025-12-03,P009,2.0813851356506348,LSTM,Prediction,Test
2025-12-04,P009,2.091648578643799,LSTM,Prediction,Test
2025-12-05,P009,2.0764126777648926,LSTM,Prediction,Test
2025-12-06,P009,2.082756996154785,LSTM,Prediction,Test
2025-12-07,P009,2.092641592025757,LSTM,Prediction,Test
2025-12-08,P009,2.099309206008911,LSTM,Prediction,Test
2025-12-09,P009,2.1019363403320312,LSTM,Prediction,Test
2025-12-10,P009,2.1023168563842773,LSTM,Prediction,Test
2025-12-11,P009,2.0828018188476562,LSTM,Prediction,Test
2025-12-12,P009,2.0900721549987793,LSTM,Prediction,Test
2025-12-13,P009,2.093153715133667,LSTM,Prediction,Test
2025-12-14,P009,2.098747491836548,LSTM,Prediction,Test
2025-12-15,P009,2.097766637802124,LSTM,Prediction,Test
2025-12-16,P009,2.09554123878479,LSTM,Prediction,Test
2025-12-17,P009,2.0811166763305664,LSTM,Prediction,Test
2025-12-18,P009,2.1083996295928955,LSTM,Prediction,Test
2025-12-19,P009,2.105468988418579,LSTM,Prediction,Test
2025-12-20,P009,2.1047451496124268,LSTM,Prediction,Test
2025-12-21,P009,2.090017318725586,LSTM,Prediction,Test
2025-12-22,P009,2.0995516777038574,LSTM,Prediction,Test
2025-12-23,P009,2.1067233085632324,LSTM,Prediction,Test
2025-12-24,P009,2.114232301712036,LSTM,Prediction,Test
2025-12-25,P009,2.1054341793060303,LSTM,Prediction,Test
2025-12-26,P009,2.0950427055358887,LSTM,Prediction,Test
2025-12-27,P009,2.0995943546295166,LSTM,Prediction,Test
2025-12-28,P009,2.112964153289795,LSTM,Prediction,Test
2025-12-29,P009,2.119811773300171,LSTM,Prediction,Test
2025-12-30,P009,2.115616798400879,LSTM,Prediction,Test
2025-12-31,P009,2.117088794708252,LSTM,Prediction,Test
2025-11-25,P010,2.0950236320495605,LSTM,Prediction,Test
2025-11-26,P010,2.091831684112549,LSTM,Prediction,Test
2025-11-27,P010,2.076357841491699,LSTM,Prediction,Test
2025-11-28,P010,2.083056688308716,LSTM,Prediction,Test
2025-11-29,P010,2.0819873809814453,LSTM,Prediction,Test
2025-11-30,P010,2.0784387588500977,LSTM,Prediction,Test
2025-12-01,P010,2.078477382659912,LSTM,Prediction,Test
2025-12-02,P010,2.0681538581848145,LSTM,Prediction,Test
2025-12-03,P010,2.075235605239868,LSTM,Prediction,Test
2025-12-04,P010,2.077024221420288,LSTM,Prediction,Test
2025-12-05,P010,2.072173595428467,LSTM,Prediction,Test
2025-12-06,P010,2.0742452144622803,LSTM,Prediction,Test
2025-12-07,P010,2.086693286895752,LSTM,Prediction,Test
2025-12-08,P010,2.0916993618011475,LSTM,Prediction,Test
2025-12-09,P010,2.0919649600982666,LSTM,Prediction,Test
2025-12-10,P010,2.0934953689575195,LSTM,Prediction,Test
2025-12-11,P010,2.075066089630127,LSTM,Prediction,Test
2025-12-12,P010,2.079742193222046,LSTM,Prediction,Test
2025-12-13,P010,2.087247371673584,LSTM,Prediction,Test
2025-12-14,P010,2.0859363079071045,LSTM,Prediction,Test
2025-12-15,P010,2.0879673957824707,LSTM,Prediction,Test
2025-12-16,P010,2.086358070373535,LSTM,Prediction,Test
2025-12-17,P010,2.0758767127990723,LSTM,Prediction,Test
2025-12-18,P010,2.092644453048706,LSTM,Prediction,Test
2025-12-19,P010,2.0953619480133057,LSTM,Prediction,Test
2025-12-20,P010,2.0951783657073975,LSTM,Prediction,Test
2025-12-21,P010,2.084040880203247,LSTM,Prediction,Test
2025-12-22,P010,2.0920827388763428,LSTM,Prediction,Test
2025-12-23,P010,2.0963621139526367,LSTM,Prediction,Test
2025-12-24,P010,2.103370428085327,LSTM,Prediction,Test
2025-12-25,P010,2.0939927101135254,LSTM,Prediction,Test
2025-12-26,P010,2.08625864982605,LSTM,Prediction,Test
2025-12-27,P010,2.091461658477783,LSTM,Prediction,Test
2025-12-28,P010,2.0984647274017334,LSTM,Prediction,Test
2025-12-29,P010,2.1049108505249023,LSTM,Prediction,Test
2025-12-30,P010,2.101717948913574,LSTM,Prediction,Test
2025-12-31,P010,2.0976970195770264,LSTM,Prediction,Test
2025-11-25,P011,2.1536171436309814,LSTM,Prediction,Test
2025-11-26,P011,2.1460483074188232,LSTM,Prediction,Test
2025-11-27,P011,2.130373239517212,LSTM,Prediction,Test
2025-11-28,P011,2.1381893157958984,LSTM,Prediction,Test
2025-11-29,P011,2.1363394260406494,LSTM,Prediction,Test
2025-11-30,P011,2.130826950073242,LSTM,Prediction,Test
2025-12-01,P011,2.130498170852661,LSTM,Prediction,Test
2025-12-02,P011,2.1218926906585693,LSTM,Prediction,Test
2025-12-03,P011,2.126673936843872,LSTM,Prediction,Test
2025-12-04,P011,2.1350016593933105,LSTM,Prediction,Test
2025-12-05,P011,2.125594139099121,LSTM,Prediction,Test
2025-12-06,P011,2.130370616912842,LSTM,Prediction,Test
2025-12-07,P011,2.1430790424346924,LSTM,Prediction,Test
2025-12-08,P011,2.1461663246154785,LSTM,Prediction,Test
2025-12-09,P011,2.1453850269317627,LSTM,Prediction,Test
2025-12-10,P011,2.1492934226989746,LSTM,Prediction,Test
2025-12-11,P011,2.1281726360321045,LSTM,Prediction,Test
2025-12-12,P011,2.1353707313537598,LSTM,Prediction,Test
2025-12-13,P011,2.1399433612823486,LSTM,Prediction,Test
2025-12-14,P011,2.145524740219116,LSTM,Prediction,Test
2025-12-15,P011,2.142792224884033,LSTM,Prediction,Test
2025-12-16,P011,2.1432840824127197,LSTM,Prediction,Test
2025-12-17,P011,2.1300899982452393,LSTM,Prediction,Test
2025-12-18,P011,2.157191276550293,LSTM,Prediction,Test
2025-12-19,P011,2.1516058444976807,LSTM,Prediction,Test
2025-12-20,P011,2.1499226093292236,LSTM,Prediction,Test
2025-12-21,P011,2.14034104347229,LSTM,Prediction,Test
2025-12-22,P011,2.1471643447875977,LSTM,Prediction,Test
2025-12-23,P011,2.152526378631592,LSTM,Prediction,Test
2025-12-24,P011,2.1608834266662598,LSTM,Prediction,Test
2025-12-25,P011,2.15045166015625,LSTM,Prediction,Test
2025-12-26,P011,2.1437952518463135,LSTM,Prediction,Test
2025-12-27,P011,2.1479835510253906,LSTM,Prediction,Test
2025-12-28,P011,2.157684803009033,LSTM,Prediction,Test
2025-12-29,P011,2.16801118850708,LSTM,Prediction,Test
2025-12-30,P011,2.157360553741455,LSTM,Prediction,Test
2025-12-31,P011,2.1578898429870605,LSTM,Prediction,Test
2025-11-25,P012,1.883689522743225,LSTM,Prediction,Test
2025-11-26,P012,1.8800309896469116,LSTM,Prediction,Test
2025-11-27,P012,1.8688592910766602,LSTM,Prediction,Test
2025-11-28,P012,1.873189091682434,LSTM,Prediction,Test
2025-11-29,P012,1.8733160495758057,LSTM,Prediction,Test
2025-11-30,P012,1.8699746131896973,LSTM,Prediction,Test
2025-12-01,P012,1.8702987432479858,LSTM,Prediction,Test
2025-12-02,P012,1.8617550134658813,LSTM,Prediction,Test
2025-12-03,P012,1.8685311079025269,LSTM,Prediction,Test
2025-12-04,P012,1.8751250505447388,LSTM,Prediction,Test
2025-12-05,P012,1.8644615411758423,LSTM,Prediction,Test
2025-12-06,P012,1.866591215133667,LSTM,Prediction,Test
2025-12-07,P012,1.8744512796401978,LSTM,Prediction,Test
2025-12-08,P012,1.8795901536941528,LSTM,Prediction,Test
2025-12-09,P012,1.8796647787094116,LSTM,Prediction,Test
2025-12-10,P012,1.8810818195343018,LSTM,Prediction,Test
2025-12-11,P012,1.867637038230896,LSTM,Prediction,Test
2025-12-12,P012,1.8737235069274902,LSTM,Prediction,Test
2025-12-13,P012,1.873670220375061,LSTM,Prediction,Test
2025-12-14,P012,1.8762192726135254,LSTM,Prediction,Test
2025-12-15,P012,1.8772042989730835,LSTM,Prediction,Test
2025-12-16,P012,1.8770946264266968,LSTM,Prediction,Test
2025-12-17,P012,1.868140697479248,LSTM,Prediction,Test
2025-12-18,P012,1.8876358270645142,LSTM,Prediction,Test
2025-12-19,P012,1.8824435472488403,LSTM,Prediction,Test
2025-12-20,P012,1.8826948404312134,LSTM,Prediction,Test
2025-12-21,P012,1.8746099472045898,LSTM,Prediction,Test
2025-12-22,P012,1.8811908960342407,LSTM,Prediction,Test
2025-12-23,P012,1.885689616203308,LSTM,Prediction,Test
2025-12-24,P012,1.8893840312957764,LSTM,Prediction,Test
2025-12-25,P012,1.8833175897598267,LSTM,Prediction,Test
2025-12-26,P012,1.8757766485214233,LSTM,Prediction,Test
2025-12-27,P012,1.879206895828247,LSTM,Prediction,Test
2025-12-28,P012,1.888395071029663,LSTM,Prediction,Test
2025-12-29,P012,1.8928987979888916,LSTM,Prediction,Test
2025-12-30,P012,1.8867652416229248,LSTM,Prediction,Test
2025-12-31,P012,1.8901797533035278,LSTM,Prediction,Test
2025-11-25,P013,1.9874732494354248,LSTM,Prediction,Test
2025-11-26,P013,1.9811270236968994,LSTM,Prediction,Test
2025-11-27,P013,1.970980167388916,LSTM,Prediction,Test
2025-11-28,P013,1.9766414165496826,LSTM,Prediction,Test
2025-11-29,P013,1.9755465984344482,LSTM,Prediction,Test
2025-11-30,P013,1.971470594406128,LSTM,Prediction,Test
2025-12-01,P013,1.9713493585586548,LSTM,Prediction,Test
2025-12-02,P013,1.9690897464752197,LSTM,Prediction,Test
2025-12-03,P013,1.971076250076294,LSTM,Prediction,Test
2025-12-04,P013,1.9777573347091675,LSTM,Prediction,Test
2025-12-05,P013,1.968456745147705,LSTM,Prediction,Test
2025-12-06,P013,1.9716863632202148,LSTM,Prediction,Test
2025-12-07,P013,1.9804600477218628,LSTM,Prediction,Test
2025-12-08,P013,1.9814558029174805,LSTM,Prediction,Test
2025-12-09,P013,1.9826375246047974,LSTM,Prediction,Test
2025-12-10,P013,1.9862395524978638,LSTM,Prediction,Test
2025-12-11,P013,1.9698868989944458,LSTM,Prediction,Test
2025-12-12,P013,1.9752055406570435,LSTM,Prediction,Test
2025-12-13,P013,1.978784441947937,LSTM,Prediction,Test
2025-12-14,P013,1.9827674627304077,LSTM,Prediction,Test
2025-12-15,P013,1.98030424118042,LSTM,Prediction,Test
2025-12-16,P013,1.9793816804885864,LSTM,Prediction,Test
2025-12-17,P013,1.9702565670013428,LSTM,Prediction,Test
2025-12-18,P013,1.9901822805404663,LSTM,Prediction,Test
2025-12-19,P013,1.9854286909103394,LSTM,Prediction,Test
2025-12-20,P013,1.9842256307601929,LSTM,Prediction,Test
2025-12-21,P013,1.9755574464797974,LSTM,Prediction,Test
2025-12-22,P013,1.9820986986160278,LSTM,Prediction,Test
2025-12-23,P013,1.9890117645263672,LSTM,Prediction,Test
2025-12-24,P013,1.9944599866867065,LSTM,Prediction,Test
2025-12-25,P013,1.9883143901824951,LSTM,Prediction,Test
2025-12-26,P013,1.9804880619049072,LSTM,Prediction,Test
2025-12-27,P013,1.9836974143981934,LSTM,Prediction,Test
2025-12-28,P013,1.9904019832611084,LSTM,Prediction,Test
2025-12-29,P013,1.9966915845870972,LSTM,Prediction,Test
2025-12-30,P013,1.9903521537780762,LSTM,Prediction,Test
2025-12-31,P013,1.9910355806350708,LSTM,Prediction,Test
2025-11-25,P014,2.2306129932403564,LSTM,Prediction,Test
2025-11-26,P014,2.2246956825256348,LSTM,Prediction,Test
2025-11-27,P014,2.208244800567627,LSTM,Prediction,Test
2025-11-28,P014,2.2154366970062256,LSTM,Prediction,Test
2025-11-29,P014,2.2150542736053467,LSTM,Prediction,Test
2025-11-30,P014,2.2093963623046875,LSTM,Prediction,Test
2025-12-01,P014,2.2093844413757324,LSTM,Prediction,Test
2025-12-02,P014,2.1996188163757324,LSTM,Prediction,Test
2025-12-03,P014,2.2060787677764893,LSTM,Prediction,Test
2025-12-04,P014,2.2139251232147217,LSTM,Prediction,Test
2025-12-05,P014,2.2024126052856445,LSTM,Prediction,Test
2025-12-06,P014,2.207000970840454,LSTM,Prediction,Test
2025-12-07,P014,2.219503164291382,LSTM,Prediction,Test
2025-12-08,P014,2.2245588302612305,LSTM,Prediction,Test
2025-12-09,P014,2.2258970737457275,LSTM,Prediction,Test
2025-12-10,P014,2.229059934616089,LSTM,Prediction,Test
2025-12-11,P014,2.207069158554077,LSTM,Prediction,Test
2025-12-12,P014,2.214937925338745,LSTM,Prediction,Test
2025-12-13,P014,2.2186739444732666,LSTM,Prediction,Test
2025-12-14,P014,2.2244246006011963,LSTM,Prediction,Test
2025-12-15,P014,2.221689224243164,LSTM,Prediction,Test
2025-12-16,P014,2.2209012508392334,LSTM,Prediction,Test
2025-12-17,P014,2.207496404647827,LSTM,Prediction,Test
2025-12-18,P014,2.23372220993042,LSTM,Prediction,Test
2025-12-19,P014,2.2297120094299316,LSTM,Prediction,Test
2025-12-20,P014,2.2289438247680664,LSTM,Prediction,Test
2025-12-21,P014,2.216522693634033,LSTM,Prediction,Test
2025-12-22,P014,2.226365089416504,LSTM,Prediction,Test
2025-12-23,P014,2.2337563037872314,LSTM,Prediction,Test
2025-12-24,P014,2.240032434463501,LSTM,Prediction,Test
2025-12-25,P014,2.2313590049743652,LSTM,Prediction,Test
2025-12-26,P014,2.220248222351074,LSTM,Prediction,Test
2025-12-27,P014,2.2258338928222656,LSTM,Prediction,Test
2025-12-28,P014,2.2376747131347656,LSTM,Prediction,Test
2025-12-29,P014,2.244704484939575,LSTM,Prediction,Test
2025-12-30,P014,2.2370388507843018,LSTM,Prediction,Test
2025-12-31,P014,2.23679780960083,LSTM,Prediction,Test
2025-11-25,P015,2.224391460418701,LSTM,Prediction,Test
2025-11-26,P015,2.2189908027648926,LSTM,Prediction,Test
2025-11-27,P015,2.210390090942383,LSTM,Prediction,Test
2025-11-28,P015,2.2145352363586426,LSTM,Prediction,Test
2025-11-29,P015,2.2140800952911377,LSTM,Prediction,Test
2025-11-30,P015,2.210789203643799,LSTM,Prediction,Test
2025-12-01,P015,2.2110965251922607,LSTM,Prediction,Test
2025-12-02,P015,2.206502914428711,LSTM,Prediction,Test
2025-12-03,P015,2.2089993953704834,LSTM,Prediction,Test
2025-12-04,P015,2.217134475708008,LSTM,Prediction,Test
2025-12-05,P015,2.20671010017395,LSTM,Prediction,Test
2025-12-06,P015,2.210524559020996,LSTM,Prediction,Test
2025-12-07,P015,2.215857744216919,LSTM,Prediction,Test
2025-12-08,P015,2.2188706398010254,LSTM,Prediction,Test
2025-12-09,P015,2.220482349395752,LSTM,Prediction,Test
2025-12-10,P015,2.2227108478546143,LSTM,Prediction,Test
2025-12-11,P015,2.2094521522521973,LSTM,Prediction,Test
2025-12-12,P015,2.214705467224121,LSTM,Prediction,Test
2025-12-13,P015,2.2158987522125244,LSTM,Prediction,Test
2025-12-14,P015,2.2205700874328613,LSTM,Prediction,Test
2025-12-15,P015,2.2182157039642334,LSTM,Prediction,Test
2025-12-16,P015,2.216777801513672,LSTM,Prediction,Test
2025-12-17,P015,2.2087388038635254,LSTM,Prediction,Test
2025-12-18,P015,2.2250545024871826,LSTM,Prediction,Test
2025-12-19,P015,2.2222039699554443,LSTM,Prediction,Test
2025-12-20,P015,2.222710609436035,LSTM,Prediction,Test
2025-12-21,P015,2.2134506702423096,LSTM,Prediction,Test
2025-12-22,P015,2.2200140953063965,LSTM,Prediction,Test
2025-12-23,P015,2.225694417953491,LSTM,Prediction,Test
2025-12-24,P015,2.2283663749694824,LSTM,Prediction,Test
2025-12-25,P015,2.2253615856170654,LSTM,Prediction,Test
2025-12-26,P015,2.2172982692718506,LSTM,Prediction,Test
2025-12-27,P015,2.220226287841797,LSTM,Prediction,Test
2025-12-28,P015,2.2278945446014404,LSTM,Prediction,Test
2025-12-29,P015,2.2294092178344727,LSTM,Prediction,Test
2025-12-30,P015,2.2264745235443115,LSTM,Prediction,Test
2025-12-31,P015,2.229417562484741,LSTM,Prediction,Test
2025-11-25,P016,1.9769468307495117,LSTM,Prediction,Test
2025-11-26,P016,1.9736179113388062,LSTM,Prediction,Test
2025-11-27,P016,1.961497187614441,LSTM,Prediction,Test
2025-11-28,P016,1.9669889211654663,LSTM,Prediction,Test
2025-11-29,P016,1.9660041332244873,LSTM,Prediction,Test
2025-11-30,P016,1.9626553058624268,LSTM,Prediction,Test
2025-12-01,P016,1.9623440504074097,LSTM,Prediction,Test
2025-12-02,P016,1.9526492357254028,LSTM,Prediction,Test
2025-12-03,P016,1.9584898948669434,LSTM,Prediction,Test
2025-12-04,P016,1.9604476690292358,LSTM,Prediction,Test
2025-12-05,P016,1.9566305875778198,LSTM,Prediction,Test
2025-12-06,P016,1.9603019952774048,LSTM,Prediction,Test
2025-12-07,P016,1.970558762550354,LSTM,Prediction,Test
2025-12-08,P016,1.9739340543746948,LSTM,Prediction,Test
2025-12-09,P016,1.974748134613037,LSTM,Prediction,Test
2025-12-10,P016,1.975267767906189,LSTM,Prediction,Test
2025-12-11,P016,1.9604849815368652,LSTM,Prediction,Test
2025-12-12,P016,1.9641551971435547,LSTM,Prediction,Test
2025-12-13,P016,1.9707971811294556,LSTM,Prediction,Test
2025-12-14,P016,1.9695030450820923,LSTM,Prediction,Test
2025-12-15,P016,1.970638632774353,LSTM,Prediction,Test
2025-12-16,P016,1.9693574905395508,LSTM,Prediction,Test
2025-12-17,P016,1.9605282545089722,LSTM,Prediction,Test
2025-12-18,P016,1.9753674268722534,LSTM,Prediction,Test
2025-12-19,P016,1.9775769710540771,LSTM,Prediction,Test
2025-12-20,P016,1.9755685329437256,LSTM,Prediction,Test
2025-12-21,P016,1.9677835702896118,LSTM,Prediction,Test
2025-12-22,P016,1.9737670421600342,LSTM,Prediction,Test
2025-12-23,P016,1.9767961502075195,LSTM,Prediction,Test
2025-12-24,P016,1.9833652973175049,LSTM,Prediction,Test
2025-12-25,P016,1.9755654335021973,LSTM,Prediction,Test
2025-12-26,P016,1.9715076684951782,LSTM,Prediction,Test
2025-12-27,P016,1.9748506546020508,LSTM,Prediction,Test
2025-12-28,P016,1.979453682899475,LSTM,Prediction,Test
2025-12-29,P016,1.985147476196289,LSTM,Prediction,Test
2025-12-30,P016,1.983010172843933,LSTM,Prediction,Test
2025-12-31,P016,1.9785548448562622,LSTM,Prediction,Test
2025-11-25,P017,1.8723636865615845,LSTM,Prediction,Test
2025-11-26,P017,1.8673895597457886,LSTM,Prediction,Test
2025-11-27,P017,1.8505489826202393,LSTM,Prediction,Test
2025-11-28,P017,1.8578070402145386,LSTM,Prediction,Test
2025-11-29,P017,1.856414794921875,LSTM,Prediction,Test
2025-11-30,P017,1.8515350818634033,LSTM,Prediction,Test
2025-12-01,P017,1.8513603210449219,LSTM,Prediction,Test
2025-12-02,P017,1.840182900428772,LSTM,Prediction,Test
2025-12-03,P017,1.8472622632980347,LSTM,Prediction,Test
2025-12-04,P017,1.8539607524871826,LSTM,Prediction,Test
2025-12-05,P017,1.845426082611084,LSTM,Prediction,Test
2025-12-06,P017,1.8471999168395996,LSTM,Prediction,Test
2025-12-07,P017,1.8619089126586914,LSTM,Prediction,Test
2025-12-08,P017,1.866788625717163,LSTM,Prediction,Test
2025-12-09,P017,1.8662158250808716,LSTM,Prediction,Test
2025-12-10,P017,1.8698062896728516,LSTM,Prediction,Test
2025-12-11,P017,1.84813392162323,LSTM,Prediction,Test
2025-12-12,P017,1.8546640872955322,LSTM,Prediction,Test
2025-12-13,P017,1.8585805892944336,LSTM,Prediction,Test
2025-12-14,P017,1.861980676651001,LSTM,Prediction,Test
2025-12-15,P017,1.8623926639556885,LSTM,Prediction,Test
2025-12-16,P017,1.8626155853271484,LSTM,Prediction,Test
2025-12-17,P017,1.8496410846710205,LSTM,Prediction,Test
2025-12-18,P017,1.8754210472106934,LSTM,Prediction,Test
2025-12-19,P017,1.873321533203125,LSTM,Prediction,Test
2025-12-20,P017,1.8708089590072632,LSTM,Prediction,Test
2025-12-21,P017,1.860527753829956,LSTM,Prediction,Test
2025-12-22,P017,1.8678765296936035,LSTM,Prediction,Test
2025-12-23,P017,1.8733136653900146,LSTM,Prediction,Test
2025-12-24,P017,1.88111412525177,LSTM,Prediction,Test
2025-12-25,P017,1.870466947555542,LSTM,Prediction,Test
2025-12-26,P017,1.8625600337982178,LSTM,Prediction,Test
2025-12-27,P017,1.867466688156128,LSTM,Prediction,Test
2025-12-28,P017,1.8769896030426025,LSTM,Prediction,Test
2025-12-29,P017,1.888253092765808,LSTM,Prediction,Test
2025-12-30,P017,1.8792537450790405,LSTM,Prediction,Test
2025-12-31,P017,1.8761913776397705,LSTM,Prediction,Test
2025-11-25,P018,2.3525283336639404,LSTM,Prediction,Test
2025-11-26,P018,2.3458244800567627,LSTM,Prediction,Test
2025-11-27,P018,2.320167303085327,LSTM,Prediction,Test
2025-11-28,P018,2.330615520477295,LSTM,Prediction,Test
2025-11-29,P018,2.3305652141571045,LSTM,Prediction,Test
2025-11-30,P018,2.3230249881744385,LSTM,Prediction,Test
2025-12-01,P018,2.323425054550171,LSTM,Prediction,Test
2025-12-02,P018,2.3077571392059326,LSTM,Prediction,Test
2025-12-03,P018,2.3162729740142822,LSTM,Prediction,Test
2025-12-04,P018,2.3249924182891846,LSTM,Prediction,Test
2025-12-05,P018,2.311980962753296,LSTM,Prediction,Test
2025-12-06,P018,2.318981409072876,LSTM,Prediction,Test
2025-12-07,P018,2.337404727935791,LSTM,Prediction,Test
2025-12-08,P018,2.3452398777008057,LSTM,Prediction,Test
2025-12-09,P018,2.344896078109741,LSTM,Prediction,Test
2025-12-10,P018,2.349348783493042,LSTM,Prediction,Test
2025-12-11,P018,2.3182456493377686,LSTM,Prediction,Test
2025-12-12,P018,2.3283751010894775,LSTM,Prediction,Test
2025-12-13,P018,2.334620237350464,LSTM,Prediction,Test
2025-12-14,P018,2.343369960784912,LSTM,Prediction,Test
2025-12-15,P018,2.3410229682922363,LSTM,Prediction,Test
2025-12-16,P018,2.340367555618286,LSTM,Prediction,Test
2025-12-17,P018,2.3194077014923096,LSTM,Prediction,Test
2025-12-18,P018,2.3556082248687744,LSTM,Prediction,Test
2025-12-19,P018,2.3514726161956787,LSTM,Prediction,Test
2025-12-20,P018,2.3503925800323486,LSTM,Prediction,Test
2025-12-21,P018,2.331904411315918,LSTM,Prediction,Test
2025-12-22,P018,2.3446133136749268,LSTM,Prediction,Test
2025-12-23,P018,2.352597951889038,LSTM,Prediction,Test
2025-12-24,P018,2.364650249481201,LSTM,Prediction,Test
2025-12-25,P018,2.3475329875946045,LSTM,Prediction,Test
2025-12-26,P018,2.335648775100708,LSTM,Prediction,Test
2025-12-27,P018,2.34360671043396,LSTM,Prediction,Test
2025-12-28,P018,2.360151529312134,LSTM,Prediction,Test
2025-12-29,P018,2.3742177486419678,LSTM,Prediction,Test
2025-12-30,P018,2.363147497177124,LSTM,Prediction,Test
2025-12-31,P018,2.358870267868042,LSTM,Prediction,Test
2025-11-25,P019,2.026749849319458,LSTM,Prediction,Test
2025-11-26,P019,2.023171901702881,LSTM,Prediction,Test
2025-11-27,P019,2.012120485305786,LSTM,Prediction,Test
2025-11-28,P019,2.0172250270843506,LSTM,Prediction,Test
2025-11-29,P019,2.0170676708221436,LSTM,Prediction,Test
2025-11-30,P019,2.0143706798553467,LSTM,Prediction,Test
2025-12-01,P019,2.0147716999053955,LSTM,Prediction,Test
2025-12-02,P019,2.006948471069336,LSTM,Prediction,Test
2025-12-03,P019,2.0118372440338135,LSTM,Prediction,Test
2025-12-04,P019,2.0159952640533447,LSTM,Prediction,Test
2025-12-05,P019,2.008612632751465,LSTM,Prediction,Test
2025-12-06,P019,2.012263536453247,LSTM,Prediction,Test
2025-12-07,P019,2.0187032222747803,LSTM,Prediction,Test
2025-12-08,P019,2.022686004638672,LSTM,Prediction,Test
2025-12-09,P019,2.0236687660217285,LSTM,Prediction,Test
2025-12-10,P019,2.024445056915283,LSTM,Prediction,Test
2025-12-11,P019,2.0114688873291016,LSTM,Prediction,Test
2025-12-12,P019,2.0155086517333984,LSTM,Prediction,Test
2025-12-13,P019,2.0202150344848633,LSTM,Prediction,Test
2025-12-14,P019,2.0200841426849365,LSTM,Prediction,Test
2025-12-15,P019,2.021315813064575,LSTM,Prediction,Test
2025-12-16,P019,2.0178301334381104,LSTM,Prediction,Test
2025-12-17,P019,2.010204315185547,LSTM,Prediction,Test
2025-12-18,P019,2.0208590030670166,LSTM,Prediction,Test
2025-12-19,P019,2.0248749256134033,LSTM,Prediction,Test
2025-12-20,P019,2.0256338119506836,LSTM,Prediction,Test
2025-12-21,P019,2.0144834518432617,LSTM,Prediction,Test
2025-12-22,P019,2.0218260288238525,LSTM,Prediction,Test
2025-12-23,P019,2.02581787109375,LSTM,Prediction,Test
2025-12-24,P019,2.03049373626709,LSTM,Prediction,Test
2025-12-25,P019,2.026060104370117,LSTM,Prediction,Test
2025-12-26,P019,2.019871950149536,LSTM,Prediction,Test
2025-12-27,P019,2.023000717163086,LSTM,Prediction,Test
2025-12-28,P019,2.0289103984832764,LSTM,Prediction,Test
2025-12-29,P019,2.0279510021209717,LSTM,Prediction,Test
2025-12-30,P019,2.031142473220825,LSTM,Prediction,Test
2025-12-31,P019,2.0305092334747314,LSTM,Prediction,Test
2025-11-25,P020,2.0157594680786133,LSTM,Prediction,Test
2025-11-26,P020,2.0099449157714844,LSTM,Prediction,Test
2025-11-27,P020,1.9959758520126343,LSTM,Prediction,Test
2025-11-28,P020,2.0017166137695312,LSTM,Prediction,Test
2025-11-29,P020,2.0018248558044434,LSTM,Prediction,Test
2025-11-30,P020,1.9966384172439575,LSTM,Prediction,Test
2025-12-01,P020,1.9966565370559692,LSTM,Prediction,Test
2025-12-02,P020,1.9872056245803833,LSTM,Prediction,Test
2025-12-03,P020,1.9911545515060425,LSTM,Prediction,Test
2025-12-04,P020,1.9987190961837769,LSTM,Prediction,Test
2025-12-05,P020,1.989122748374939,LSTM,Prediction,Test
2025-12-06,P020,1.9967526197433472,LSTM,Prediction,Test
2025-12-07,P020,2.0050182342529297,LSTM,Prediction,Test
2025-12-08,P020,2.0102181434631348,LSTM,Prediction,Test
2025-12-09,P020,2.012057304382324,LSTM,Prediction,Test
2025-12-10,P020,2.0136475563049316,LSTM,Prediction,Test
2025-12-11,P020,1.9951342344284058,LSTM,Prediction,Test
2025-12-12,P020,2.0006957054138184,LSTM,Prediction,Test
2025-12-13,P020,2.006253242492676,LSTM,Prediction,Test
2025-12-14,P020,2.0099430084228516,LSTM,Prediction,Test
2025-12-15,P020,2.0083436965942383,LSTM,Prediction,Test
2025-12-16,P020,2.0073556900024414,LSTM,Prediction,Test
2025-12-17,P020,1.993843674659729,LSTM,Prediction,Test
2025-12-18,P020,2.0196785926818848,LSTM,Prediction,Test
2025-12-19,P020,2.01408052444458,LSTM,Prediction,Test
2025-12-20,P020,2.0141987800598145,LSTM,Prediction,Test
2025-12-21,P020,2.0032410621643066,LSTM,Prediction,Test
2025-12-22,P020,2.010765552520752,LSTM,Prediction,Test
2025-12-23,P020,2.017514705657959,LSTM,Prediction,Test
2025-12-24,P020,2.024494171142578,LSTM,Prediction,Test
2025-12-25,P020,2.0153002738952637,LSTM,Prediction,Test
2025-12-26,P020,2.007275104522705,LSTM,Prediction,Test
2025-12-27,P020,2.011674404144287,LSTM,Prediction,Test
2025-12-28,P020,2.0211477279663086,LSTM,Prediction,Test
2025-12-29,P020,2.0306262969970703,LSTM,Prediction,Test
2025-12-30,P020,2.0215282440185547,LSTM,Prediction,Test
2025-12-31,P020,2.020839214324951,LSTM,Prediction,Test
2026-01-01,P001,1.0,LSTM,Prediction,Future
2026-01-02,P001,1.0,LSTM,Prediction,Future
2026-01-03,P001,1.0,LSTM,Prediction,Future
2026-01-04,P001,1.0,LSTM,Prediction,Future
2026-01-05,P001,1.0,LSTM,Prediction,Future
2026-01-06,P001,1.0,LSTM,Prediction,Future
2026-01-07,P001,1.0,LSTM,Prediction,Future
2026-01-08,P001,1.0,LSTM,Prediction,Future
2026-01-09,P001,1.0,LSTM,Prediction,Future
2026-01-10,P001,1.0,LSTM,Prediction,Future
2026-01-11,P001,1.0,LSTM,Prediction,Future
2026-01-12,P001,1.0,LSTM,Prediction,Future
2026-01-13,P001,1.0,LSTM,Prediction,Future
2026-01-14,P001,1.0,LSTM,Prediction,Future
2026-01-15,P001,1.0,LSTM,Prediction,Future
2026-01-16,P001,1.0,LSTM,Prediction,Future
2026-01-17,P001,1.0,LSTM,Prediction,Future
2026-01-18,P001,0.0,LSTM,Prediction,Future
2026-01-19,P001,0.0,LSTM,Prediction,Future
2026-01-20,P001,0.0,LSTM,Prediction,Future
2026-01-21,P001,0.0,LSTM,Prediction,Future
2026-01-22,P001,0.0,LSTM,Prediction,Future
2026-01-23,P001,0.0,LSTM,Prediction,Future
2026-01-24,P001,0.0,LSTM,Prediction,Future
2026-01-25,P001,0.0,LSTM,Prediction,Future
2026-01-26,P001,0.0,LSTM,Prediction,Future
2026-01-27,P001,0.0,LSTM,Prediction,Future
2026-01-28,P001,0.0,LSTM,Prediction,Future
2026-01-29,P001,0.0,LSTM,Prediction,Future
2026-01-30,P001,0.0,LSTM,Prediction,Future
2026-01-01,P002,2.0,LSTM,Prediction,Future
2026-01-02,P002,2.0,LSTM,Prediction,Future
2026-01-03,P002,2.0,LSTM,Prediction,Future
2026-01-04,P002,2.0,LSTM,Prediction,Future
2026-01-05,P002,1.0,LSTM,Prediction,Future
2026-01-06,P002,1.0,LSTM,Prediction,Future
2026-01-07,P002,1.0,LSTM,Prediction,Future
2026-01-08,P002,1.0,LSTM,Prediction,Future
2026-01-09,P002,1.0,LSTM,Prediction,Future
2026-01-10,P002,1.0,LSTM,Prediction,Future
2026-01-11,P002,1.0,LSTM,Prediction,Future
2026-01-12,P002,1.0,LSTM,Prediction,Future
2026-01-13,P002,1.0,LSTM,Prediction,Future
2026-01-14,P002,1.0,LSTM,Prediction,Future
2026-01-15,P002,1.0,LSTM,Prediction,Future
2026-01-16,P002,1.0,LSTM,Prediction,Future
2026-01-17,P002,1.0,LSTM,Prediction,Future
2026-01-18,P002,0.0,LSTM,Prediction,Future
2026-01-19,P002,0.0,LSTM,Prediction,Future
2026-01-20,P002,0.0,LSTM,Prediction,Future
2026-01-21,P002,0.0,LSTM,Prediction,Future
2026-01-22,P002,0.0,LSTM,Prediction,Future
2026-01-23,P002,0.0,LSTM,Prediction,Future
2026-01-24,P002,0.0,LSTM,Prediction,Future
2026-01-25,P002,0.0,LSTM,Prediction,Future
2026-01-26,P002,0.0,LSTM,Prediction,Future
2026-01-27,P002,0.0,LSTM,Prediction,Future
2026-01-28,P002,0.0,LSTM,Prediction,Future
2026-01-29,P002,0.0,LSTM,Prediction,Future
2026-01-30,P002,0.0,LSTM,Prediction,Future
2026-01-01,P003,2.0,LSTM,Prediction,Future
2026-01-02,P003,2.0,LSTM,Prediction,Future
2026-01-03,P003,2.0,LSTM,Prediction,Future
2026-01-04,P003,2.0,LSTM,Prediction,Future
2026-01-05,P003,1.0,LSTM,Prediction,Future
2026-01-06,P003,1.0,LSTM,Prediction,Future
2026-01-07,P003,1.0,LSTM,Prediction,Future
2026-01-08,P003,1.0,LSTM,Prediction,Future
2026-01-09,P003,1.0,LSTM,Prediction,Future
2026-01-10,P003,1.0,LSTM,Prediction,Future
2026-01-11,P003,1.0,LSTM,Prediction,Future
2026-01-12,P003,1.0,LSTM,Prediction,Future
2026-01-13,P003,1.0,LSTM,Prediction,Future
2026-01-14,P003,1.0,LSTM,Prediction,Future
2026-01-15,P003,1.0,LSTM,Prediction,Future
2026-01-16,P003,1.0,LSTM,Prediction,Future
2026-01-17,P003,1.0,LSTM,Prediction,Future
2026-01-18,P003,0.0,LSTM,Prediction,Future
2026-01-19,P003,0.0,LSTM,Prediction,Future
2026-01-20,P003,0.0,LSTM,Prediction,Future
2026-01-21,P003,0.0,LSTM,Prediction,Future
2026-01-22,P003,0.0,LSTM,Prediction,Future
2026-01-23,P003,0.0,LSTM,Prediction,Future
2026-01-24,P003,0.0,LSTM,Prediction,Future
2026-01-25,P003,0.0,LSTM,Prediction,Future
2026-01-26,P003,0.0,LSTM,Prediction,Future
2026-01-27,P003,0.0,LSTM,Prediction,Future
2026-01-28,P003,0.0,LSTM,Prediction,Future
2026-01-29,P003,0.0,LSTM,Prediction,Future
2026-01-30,P003,0.0,LSTM,Prediction,Future
2026-01-01,P004,2.0,LSTM,Prediction,Future
2026-01-02,P004,2.0,LSTM,Prediction,Future
2026-01-03,P004,2.0,LSTM,Prediction,Future
2026-01-04,P004,2.0,LSTM,Prediction,Future
2026-01-05,P004,2.0,LSTM,Prediction,Future
2026-01-06,P004,2.0,LSTM,Prediction,Future
2026-01-07,P004,1.0,LSTM,Prediction,Future
2026-01-08,P004,2.0,LSTM,Prediction,Future
2026-01-09,P004,2.0,LSTM,Prediction,Future
2026-01-10,P004,2.0,LSTM,Prediction,Future
2026-01-11,P004,1.0,LSTM,Prediction,Future
2026-01-12,P004,1.0,LSTM,Prediction,Future
2026-01-13,P004,1.0,LSTM,Prediction,Future
2026-01-14,P004,1.0,LSTM,Prediction,Future
2026-01-15,P004,1.0,LSTM,Prediction,Future
2026-01-16,P004,1.0,LSTM,Prediction,Future
2026-01-17,P004,1.0,LSTM,Prediction,Future
2026-01-18,P004,0.0,LSTM,Prediction,Future
2026-01-19,P004,0.0,LSTM,Prediction,Future
2026-01-20,P004,0.0,LSTM,Prediction,Future
2026-01-21,P004,0.0,LSTM,Prediction,Future
2026-01-22,P004,0.0,LSTM,Prediction,Future
2026-01-23,P004,0.0,LSTM,Prediction,Future
2026-01-24,P004,0.0,LSTM,Prediction,Future
2026-01-25,P004,0.0,LSTM,Prediction,Future
2026-01-26,P004,0.0,LSTM,Prediction,Future
2026-01-27,P004,0.0,LSTM,Prediction,Future
2026-01-28,P004,0.0,LSTM,Prediction,Future
2026-01-29,P004,0.0,LSTM,Prediction,Future
2026-01-30,P004,0.0,LSTM,Prediction,Future
2026-01-01,P005,1.0,LSTM,Prediction,Future
2026-01-02,P005,1.0,LSTM,Prediction,Future
2026-01-03,P005,1.0,LSTM,Prediction,Future
2026-01-04,P005,1.0,LSTM,Prediction,Future
2026-01-05,P005,1.0,LSTM,Prediction,Future
2026-01-06,P005,1.0,LSTM,Prediction,Future
2026-01-07,P005,1.0,LSTM,Prediction,Future
2026-01-08,P005,1.0,LSTM,Prediction,Future
2026-01-09,P005,1.0,LSTM,Prediction,Future
2026-01-10,P005,1.0,LSTM,Prediction,Future
2026-01-11,P005,1.0,LSTM,Prediction,Future
2026-01-12,P005,1.0,LSTM,Prediction,Future
2026-01-13,P005,1.0,LSTM,Prediction,Future
2026-01-14,P005,1.0,LSTM,Prediction,Future
2026-01-15,P005,1.0,LSTM,Prediction,Future
2026-01-16,P005,1.0,LSTM,Prediction,Future
2026-01-17,P005,1.0,LSTM,Prediction,Future
2026-01-18,P005,0.0,LSTM,Prediction,Future
2026-01-19,P005,0.0,LSTM,Prediction,Future
2026-01-20,P005,0.0,LSTM,Prediction,Future
2026-01-21,P005,0.0,LSTM,Prediction,Future
2026-01-22,P005,0.0,LSTM,Prediction,Future
2026-01-23,P005,0.0,LSTM,Prediction,Future
2026-01-24,P005,0.0,LSTM,Prediction,Future
2026-01-25,P005,0.0,LSTM,Prediction,Future
2026-01-26,P005,0.0,LSTM,Prediction,Future
2026-01-27,P005,0.0,LSTM,Prediction,Future
2026-01-28,P005,0.0,LSTM,Prediction,Future
2026-01-29,P005,0.0,LSTM,Prediction,Future
2026-01-30,P005,0.0,LSTM,Prediction,Future
2026-01-01,P006,1.0,LSTM,Prediction,Future
2026-01-02,P006,1.0,LSTM,Prediction,Future
2026-01-03,P006,1.0,LSTM,Prediction,Future
2026-01-04,P006,1.0,LSTM,Prediction,Future
2026-01-05,P006,1.0,LSTM,Prediction,Future
2026-01-06,P006,1.0,LSTM,Prediction,Future
2026-01-07,P006,1.0,LSTM,Prediction,Future
2026-01-08,P006,1.0,LSTM,Prediction,Future
2026-01-09,P006,1.0,LSTM,Prediction,Future
2026-01-10,P006,1.0,LSTM,Prediction,Future
2026-01-11,P006,1.0,LSTM,Prediction,Future
2026-01-12,P006,1.0,LSTM,Prediction,Future
2026-01-13,P006,1.0,LSTM,Prediction,Future
2026-01-14,P006,1.0,LSTM,Prediction,Future
2026-01-15,P006,1.0,LSTM,Prediction,Future
2026-01-16,P006,1.0,LSTM,Prediction,Future
2026-01-17,P006,1.0,LSTM,Prediction,Future
2026-01-18,P006,0.0,LSTM,Prediction,Future
2026-01-19,P006,0.0,LSTM,Prediction,Future
2026-01-20,P006,0.0,LSTM,Prediction,Future
2026-01-21,P006,0.0,LSTM,Prediction,Future
2026-01-22,P006,0.0,LSTM,Prediction,Future
2026-01-23,P006,0.0,LSTM,Prediction,Future
2026-01-24,P006,0.0,LSTM,Prediction,Future
2026-01-25,P006,0.0,LSTM,Prediction,Future
2026-01-26,P006,0.0,LSTM,Prediction,Future
2026-01-27,P006,0.0,LSTM,Prediction,Future
2026-01-28,P006,0.0,LSTM,Prediction,Future
2026-01-29,P006,0.0,LSTM,Prediction,Future
2026-01-30,P006,0.0,LSTM,Prediction,Future
2026-01-01,P007,2.0,LSTM,Prediction,Future
2026-01-02,P007,2.0,LSTM,Prediction,Future
2026-01-03,P007,2.0,LSTM,Prediction,Future
2026-01-04,P007,2.0,LSTM,Prediction,Future
2026-01-05,P007,2.0,LSTM,Prediction,Future
2026-01-06,P007,2.0,LSTM,Prediction,Future
2026-01-07,P007,1.0,LSTM,Prediction,Future
2026-01-08,P007,2.0,LSTM,Prediction,Future
2026-01-09,P007,2.0,LSTM,Prediction,Future
2026-01-10,P007,1.0,LSTM,Prediction,Future
2026-01-11,P007,1.0,LSTM,Prediction,Future
2026-01-12,P007,1.0,LSTM,Prediction,Future
2026-01-13,P007,1.0,LSTM,Prediction,Future
2026-01-14,P007,1.0,LSTM,Prediction,Future
2026-01-15,P007,1.0,LSTM,Prediction,Future
2026-01-16,P007,1.0,LSTM,Prediction,Future
2026-01-17,P007,1.0,LSTM,Prediction,Future
2026-01-18,P007,0.0,LSTM,Prediction,Future
2026-01-19,P007,0.0,LSTM,Prediction,Future
2026-01-20,P007,0.0,LSTM,Prediction,Future
2026-01-21,P007,0.0,LSTM,Prediction,Future
2026-01-22,P007,0.0,LSTM,Prediction,Future
2026-01-23,P007,0.0,LSTM,Prediction,Future
2026-01-24,P007,0.0,LSTM,Prediction,Future
2026-01-25,P007,0.0,LSTM,Prediction,Future
2026-01-26,P007,0.0,LSTM,Prediction,Future
2026-01-27,P007,0.0,LSTM,Prediction,Future
2026-01-28,P007,0.0,LSTM,Prediction,Future
2026-01-29,P007,0.0,LSTM,Prediction,Future
2026-01-30,P007,0.0,LSTM,Prediction,Future
2026-01-01,P008,1.0,LSTM,Prediction,Future
2026-01-02,P008,1.0,LSTM,Prediction,Future
2026-01-03,P008,1.0,LSTM,Prediction,Future
2026-01-04,P008,1.0,LSTM,Prediction,Future
2026-01-05,P008,1.0,LSTM,Prediction,Future
2026-01-06,P008,1.0,LSTM,Prediction,Future
2026-01-07,P008,1.0,LSTM,Prediction,Future
2026-01-08,P008,1.0,LSTM,Prediction,Future
2026-01-09,P008,1.0,LSTM,Prediction,Future
2026-01-10,P008,1.0,LSTM,Prediction,Future
2026-01-11,P008,1.0,LSTM,Prediction,Future
2026-01-12,P008,1.0,LSTM,Prediction,Future
2026-01-13,P008,1.0,LSTM,Prediction,Future
2026-01-14,P008,1.0,LSTM,Prediction,Future
2026-01-15,P008,1.0,LSTM,Prediction,Future
2026-01-16,P008,1.0,LSTM,Prediction,Future
2026-01-17,P008,1.0,LSTM,Prediction,Future
2026-01-18,P008,0.0,LSTM,Prediction,Future
2026-01-19,P008,0.0,LSTM,Prediction,Future
2026-01-20,P008,0.0,LSTM,Prediction,Future
2026-01-21,P008,0.0,LSTM,Prediction,Future
2026-01-22,P008,0.0,LSTM,Prediction,Future
2026-01-23,P008,0.0,LSTM,Prediction,Future
2026-01-24,P008,0.0,LSTM,Prediction,Future
2026-01-25,P008,0.0,LSTM,Prediction,Future
2026-01-26,P008,0.0,LSTM,Prediction,Future
2026-01-27,P008,0.0,LSTM,Prediction,Future
2026-01-28,P008,0.0,LSTM,Prediction,Future
2026-01-29,P008,0.0,LSTM,Prediction,Future
2026-01-30,P008,0.0,LSTM,Prediction,Future
2026-01-01,P009,2.0,LSTM,Prediction,Future
2026-01-02,P009,2.0,LSTM,Prediction,Future
2026-01-03,P009,2.0,LSTM,Prediction,Future
2026-01-04,P009,2.0,LSTM,Prediction,Future
2026-01-05,P009,1.0,LSTM,Prediction,Future
2026-01-06,P009,1.0,LSTM,Prediction,Future
2026-01-07,P009,1.0,LSTM,Prediction,Future
2026-01-08,P009,1.0,LSTM,Prediction,Future
2026-01-09,P009,1.0,LSTM,Prediction,Future
2026-01-10,P009,1.0,LSTM,Prediction,Future
2026-01-11,P009,1.0,LSTM,Prediction,Future
2026-01-12,P009,1.0,LSTM,Prediction,Future
2026-01-13,P009,1.0,LSTM,Prediction,Future
2026-01-14,P009,1.0,LSTM,Prediction,Future
2026-01-15,P009,1.0,LSTM,Prediction,Future
2026-01-16,P009,1.0,LSTM,Prediction,Future
2026-01-17,P009,1.0,LSTM,Prediction,Future
2026-01-18,P009,0.0,LSTM,Prediction,Future
2026-01-19,P009,0.0,LSTM,Prediction,Future
2026-01-20,P009,0.0,LSTM,Prediction,Future
2026-01-21,P009,0.0,LSTM,Prediction,Future
2026-01-22,P009,0.0,LSTM,Prediction,Future
2026-01-23,P009,0.0,LSTM,Prediction,Future
2026-01-24,P009,0.0,LSTM,Prediction,Future
2026-01-25,P009,0.0,LSTM,Prediction,Future
2026-01-26,P009,0.0,LSTM,Prediction,Future
2026-01-27,P009,0.0,LSTM,Prediction,Future
2026-01-28,P009,0.0,LSTM,Prediction,Future
2026-01-29,P009,0.0,LSTM,Prediction,Future
2026-01-30,P009,0.0,LSTM,Prediction,Future
2026-01-01,P010,2.0,LSTM,Prediction,Future
2026-01-02,P010,2.0,LSTM,Prediction,Future
2026-01-03,P010,2.0,LSTM,Prediction,Future
2026-01-04,P010,2.0,LSTM,Prediction,Future
2026-01-05,P010,1.0,LSTM,Prediction,Future
2026-01-06,P010,1.0,LSTM,Prediction,Future
2026-01-07,P010,1.0,LSTM,Prediction,Future
2026-01-08,P010,1.0,LSTM,Prediction,Future
2026-01-09,P010,1.0,LSTM,Prediction,Future
2026-01-10,P010,1.0,LSTM,Prediction,Future
2026-01-11,P010,1.0,LSTM,Prediction,Future
2026-01-12,P010,1.0,LSTM,Prediction,Future
2026-01-13,P010,1.0,LSTM,Prediction,Future
2026-01-14,P010,1.0,LSTM,Prediction,Future
2026-01-15,P010,1.0,LSTM,Prediction,Future
2026-01-16,P010,1.0,LSTM,Prediction,Future
2026-01-17,P010,1.0,LSTM,Prediction,Future
2026-01-18,P010,0.0,LSTM,Prediction,Future
2026-01-19,P010,0.0,LSTM,Prediction,Future
2026-01-20,P010,0.0,LSTM,Prediction,Future
2026-01-21,P010,0.0,LSTM,Prediction,Future
2026-01-22,P010,0.0,LSTM,Prediction,Future
2026-01-23,P010,0.0,LSTM,Prediction,Future
2026-01-24,P010,0.0,LSTM,Prediction,Future
2026-01-25,P010,0.0,LSTM,Prediction,Future
2026-01-26,P010,0.0,LSTM,Prediction,Future
2026-01-27,P010,0.0,LSTM,Prediction,Future
2026-01-28,P010,0.0,LSTM,Prediction,Future
2026-01-29,P010,0.0,LSTM,Prediction,Future
2026-01-30,P010,0.0,LSTM,Prediction,Future
2026-01-01,P011,2.0,LSTM,Prediction,Future
2026-01-02,P011,2.0,LSTM,Prediction,Future
2026-01-03,P011,2.0,LSTM,Prediction,Future
2026-01-04,P011,2.0,LSTM,Prediction,Future
2026-01-05,P011,2.0,LSTM,Prediction,Future
2026-01-06,P011,1.0,LSTM,Prediction,Future
2026-01-07,P011,1.0,LSTM,Prediction,Future
2026-01-08,P011,1.0,LSTM,Prediction,Future
2026-01-09,P011,1.0,LSTM,Prediction,Future
2026-01-10,P011,1.0,LSTM,Prediction,Future
2026-01-11,P011,1.0,LSTM,Prediction,Future
2026-01-12,P011,1.0,LSTM,Prediction,Future
2026-01-13,P011,1.0,LSTM,Prediction,Future
2026-01-14,P011,1.0,LSTM,Prediction,Future
2026-01-15,P011,1.0,LSTM,Prediction,Future
2026-01-16,P011,1.0,LSTM,Prediction,Future
2026-01-17,P011,1.0,LSTM,Prediction,Future
2026-01-18,P011,0.0,LSTM,Prediction,Future
2026-01-19,P011,0.0,LSTM,Prediction,Future
2026-01-20,P011,0.0,LSTM,Prediction,Future
2026-01-21,P011,0.0,LSTM,Prediction,Future
2026-01-22,P011,0.0,LSTM,Prediction,Future
2026-01-23,P011,0.0,LSTM,Prediction,Future
2026-01-24,P011,0.0,LSTM,Prediction,Future
2026-01-25,P011,0.0,LSTM,Prediction,Future
2026-01-26,P011,0.0,LSTM,Prediction,Future
2026-01-27,P011,0.0,LSTM,Prediction,Future
2026-01-28,P011,0.0,LSTM,Prediction,Future
2026-01-29,P011,0.0,LSTM,Prediction,Future
2026-01-30,P011,0.0,LSTM,Prediction,Future
2026-01-01,P012,1.0,LSTM,Prediction,Future
2026-01-02,P012,1.0,LSTM,Prediction,Future
2026-01-03,P012,1.0,LSTM,Prediction,Future
2026-01-04,P012,1.0,LSTM,Prediction,Future
2026-01-05,P012,1.0,LSTM,Prediction,Future
2026-01-06,P012,1.0,LSTM,Prediction,Future
2026-01-07,P012,1.0,LSTM,Prediction,Future
2026-01-08,P012,1.0,LSTM,Prediction,Future
2026-01-09,P012,1.0,LSTM,Prediction,Future
2026-01-10,P012,1.0,LSTM,Prediction,Future
2026-01-11,P012,1.0,LSTM,Prediction,Future
2026-01-12,P012,1.0,LSTM,Prediction,Future
2026-01-13,P012,1.0,LSTM,Prediction,Future
2026-01-14,P012,1.0,LSTM,Prediction,Future
2026-01-15,P012,1.0,LSTM,Prediction,Future
2026-01-16,P012,1.0,LSTM,Prediction,Future
2026-01-17,P012,1.0,LSTM,Prediction,Future
2026-01-18,P012,0.0,LSTM,Prediction,Future
2026-01-19,P012,0.0,LSTM,Prediction,Future
2026-01-20,P012,0.0,LSTM,Prediction,Future
2026-01-21,P012,0.0,LSTM,Prediction,Future
2026-01-22,P012,0.0,LSTM,Prediction,Future
2026-01-23,P012,0.0,LSTM,Prediction,Future
2026-01-24,P012,0.0,LSTM,Prediction,Future
2026-01-25,P012,0.0,LSTM,Prediction,Future
2026-01-26,P012,0.0,LSTM,Prediction,Future
2026-01-27,P012,0.0,LSTM,Prediction,Future
2026-01-28,P012,0.0,LSTM,Prediction,Future
2026-01-29,P012,0.0,LSTM,Prediction,Future
2026-01-30,P012,0.0,LSTM,Prediction,Future
2026-01-01,P013,1.0,LSTM,Prediction,Future
2026-01-02,P013,1.0,LSTM,Prediction,Future
2026-01-03,P013,1.0,LSTM,Prediction,Future
2026-01-04,P013,1.0,LSTM,Prediction,Future
2026-01-05,P013,1.0,LSTM,Prediction,Future
2026-01-06,P013,1.0,LSTM,Prediction,Future
2026-01-07,P013,1.0,LSTM,Prediction,Future
2026-01-08,P013,1.0,LSTM,Prediction,Future
2026-01-09,P013,1.0,LSTM,Prediction,Future
2026-01-10,P013,1.0,LSTM,Prediction,Future
2026-01-11,P013,1.0,LSTM,Prediction,Future
2026-01-12,P013,1.0,LSTM,Prediction,Future
2026-01-13,P013,1.0,LSTM,Prediction,Future
2026-01-14,P013,1.0,LSTM,Prediction,Future
2026-01-15,P013,1.0,LSTM,Prediction,Future
2026-01-16,P013,1.0,LSTM,Prediction,Future
2026-01-17,P013,1.0,LSTM,Prediction,Future
2026-01-18,P013,0.0,LSTM,Prediction,Future
2026-01-19,P013,0.0,LSTM,Prediction,Future
2026-01-20,P013,0.0,LSTM,Prediction,Future
2026-01-21,P013,0.0,LSTM,Prediction,Future
2026-01-22,P013,0.0,LSTM,Prediction,Future
2026-01-23,P013,0.0,LSTM,Prediction,Future
2026-01-24,P013,0.0,LSTM,Prediction,Future
2026-01-25,P013,0.0,LSTM,Prediction,Future
2026-01-26,P013,0.0,LSTM,Prediction,Future
2026-01-27,P013,0.0,LSTM,Prediction,Future
2026-01-28,P013,0.0,LSTM,Prediction,Future
2026-01-29,P013,0.0,LSTM,Prediction,Future
2026-01-30,P013,0.0,LSTM,Prediction,Future
2026-01-01,P014,2.0,LSTM,Prediction,Future
2026-01-02,P014,2.0,LSTM,Prediction,Future
2026-01-03,P014,2.0,LSTM,Prediction,Future
2026-01-04,P014,2.0,LSTM,Prediction,Future
2026-01-05,P014,2.0,LSTM,Prediction,Future
2026-01-06,P014,2.0,LSTM,Prediction,Future
2026-01-07,P014,1.0,LSTM,Prediction,Future
2026-01-08,P014,2.0,LSTM,Prediction,Future
2026-01-09,P014,2.0,LSTM,Prediction,Future
2026-01-10,P014,1.0,LSTM,Prediction,Future
2026-01-11,P014,1.0,LSTM,Prediction,Future
2026-01-12,P014,1.0,LSTM,Prediction,Future
2026-01-13,P014,1.0,LSTM,Prediction,Future
2026-01-14,P014,1.0,LSTM,Prediction,Future
2026-01-15,P014,1.0,LSTM,Prediction,Future
2026-01-16,P014,1.0,LSTM,Prediction,Future
2026-01-17,P014,1.0,LSTM,Prediction,Future
2026-01-18,P014,0.0,LSTM,Prediction,Future
2026-01-19,P014,0.0,LSTM,Prediction,Future
2026-01-20,P014,0.0,LSTM,Prediction,Future
2026-01-21,P014,0.0,LSTM,Prediction,Future
2026-01-22,P014,0.0,LSTM,Prediction,Future
2026-01-23,P014,0.0,LSTM,Prediction,Future
2026-01-24,P014,0.0,LSTM,Prediction,Future
2026-01-25,P014,0.0,LSTM,Prediction,Future
2026-01-26,P014,0.0,LSTM,Prediction,Future
2026-01-27,P014,0.0,LSTM,Prediction,Future
2026-01-28,P014,0.0,LSTM,Prediction,Future
2026-01-29,P014,0.0,LSTM,Prediction,Future
2026-01-30,P014,0.0,LSTM,Prediction,Future
2026-01-01,P015,2.0,LSTM,Prediction,Future
2026-01-02,P015,2.0,LSTM,Prediction,Future
2026-01-03,P015,2.0,LSTM,Prediction,Future
2026-01-04,P015,2.0,LSTM,Prediction,Future
2026-01-05,P015,2.0,LSTM,Prediction,Future
2026-01-06,P015,2.0,LSTM,Prediction,Future
2026-01-07,P015,1.0,LSTM,Prediction,Future
2026-01-08,P015,2.0,LSTM,Prediction,Future
2026-01-09,P015,2.0,LSTM,Prediction,Future
2026-01-10,P015,2.0,LSTM,Prediction,Future
2026-01-11,P015,1.0,LSTM,Prediction,Future
2026-01-12,P015,1.0,LSTM,Prediction,Future
2026-01-13,P015,1.0,LSTM,Prediction,Future
2026-01-14,P015,1.0,LSTM,Prediction,Future
2026-01-15,P015,1.0,LSTM,Prediction,Future
2026-01-16,P015,1.0,LSTM,Prediction,Future
2026-01-17,P015,1.0,LSTM,Prediction,Future
2026-01-18,P015,0.0,LSTM,Prediction,Future
2026-01-19,P015,0.0,LSTM,Prediction,Future
2026-01-20,P015,0.0,LSTM,Prediction,Future
2026-01-21,P015,0.0,LSTM,Prediction,Future
2026-01-22,P015,0.0,LSTM,Prediction,Future
2026-01-23,P015,0.0,LSTM,Prediction,Future
2026-01-24,P015,0.0,LSTM,Prediction,Future
2026-01-25,P015,0.0,LSTM,Prediction,Future
2026-01-26,P015,0.0,LSTM,Prediction,Future
2026-01-27,P015,0.0,LSTM,Prediction,Future
2026-01-28,P015,0.0,LSTM,Prediction,Future
2026-01-29,P015,0.0,LSTM,Prediction,Future
2026-01-30,P015,0.0,LSTM,Prediction,Future
2026-01-01,P016,1.0,LSTM,Prediction,Future
2026-01-02,P016,1.0,LSTM,Prediction,Future
2026-01-03,P016,1.0,LSTM,Prediction,Future
2026-01-04,P016,1.0,LSTM,Prediction,Future
2026-01-05,P016,1.0,LSTM,Prediction,Future
2026-01-06,P016,1.0,LSTM,Prediction,Future
2026-01-07,P016,1.0,LSTM,Prediction,Future
2026-01-08,P016,1.0,LSTM,Prediction,Future
2026-01-09,P016,1.0,LSTM,Prediction,Future
2026-01-10,P016,1.0,LSTM,Prediction,Future
2026-01-11,P016,1.0,LSTM,Prediction,Future
2026-01-12,P016,1.0,LSTM,Prediction,Future
2026-01-13,P016,1.0,LSTM,Prediction,Future
2026-01-14,P016,1.0,LSTM,Prediction,Future
2026-01-15,P016,1.0,LSTM,Prediction,Future
2026-01-16,P016,1.0,LSTM,Prediction,Future
2026-01-17,P016,1.0,LSTM,Prediction,Future
2026-01-18,P016,0.0,LSTM,Prediction,Future
2026-01-19,P016,0.0,LSTM,Prediction,Future
2026-01-20,P016,0.0,LSTM,Prediction,Future
2026-01-21,P016,0.0,LSTM,Prediction,Future
2026-01-22,P016,0.0,LSTM,Prediction,Future
2026-01-23,P016,0.0,LSTM,Prediction,Future
2026-01-24,P016,0.0,LSTM,Prediction,Future
2026-01-25,P016,0.0,LSTM,Prediction,Future
2026-01-26,P016,0.0,LSTM,Prediction,Future
2026-01-27,P016,0.0,LSTM,Prediction,Future
2026-01-28,P016,0.0,LSTM,Prediction,Future
2026-01-29,P016,0.0,LSTM,Prediction,Future
2026-01-30,P016,0.0,LSTM,Prediction,Future
2026-01-01,P017,1.0,LSTM,Prediction,Future
2026-01-02,P017,1.0,LSTM,Prediction,Future
2026-01-03,P017,1.0,LSTM,Prediction,Future
2026-01-04,P017,1.0,LSTM,Prediction,Future
2026-01-05,P017,1.0,LSTM,Prediction,Future
2026-01-06,P017,1.0,LSTM,Prediction,Future
2026-01-07,P017,1.0,LSTM,Prediction,Future
2026-01-08,P017,1.0,LSTM,Prediction,Future
2026-01-09,P017,1.0,LSTM,Prediction,Future
2026-01-10,P017,1.0,LSTM,Prediction,Future
2026-01-11,P017,1.0,LSTM,Prediction,Future
2026-01-12,P017,1.0,LSTM,Prediction,Future
2026-01-13,P017,1.0,LSTM,Prediction,Future
2026-01-14,P017,1.0,LSTM,Prediction,Future
2026-01-15,P017,1.0,LSTM,Prediction,Future
2026-01-16,P017,1.0,LSTM,Prediction,Future
2026-01-17,P017,1.0,LSTM,Prediction,Future
2026-01-18,P017,0.0,LSTM,Prediction,Future
2026-01-19,P017,0.0,LSTM,Prediction,Future
2026-01-20,P017,0.0,LSTM,Prediction,Future
2026-01-21,P017,0.0,LSTM,Prediction,Future
2026-01-22,P017,0.0,LSTM,Prediction,Future
2026-01-23,P017,0.0,LSTM,Prediction,Future
2026-01-24,P017,0.0,LSTM,Prediction,Future
2026-01-25,P017,0.0,LSTM,Prediction,Future
2026-01-26,P017,0.0,LSTM,Prediction,Future
2026-01-27,P017,0.0,LSTM,Prediction,Future
2026-01-28,P017,0.0,LSTM,Prediction,Future
2026-01-29,P017,0.0,LSTM,Prediction,Future
2026-01-30,P017,0.0,LSTM,Prediction,Future
2026-01-01,P018,2.0,LSTM,Prediction,Future
2026-01-02,P018,2.0,LSTM,Prediction,Future
2026-01-03,P018,2.0,LSTM,Prediction,Future
2026-01-04,P018,2.0,LSTM,Prediction,Future
2026-01-05,P018,2.0,LSTM,Prediction,Future
2026-01-06,P018,2.0,LSTM,Prediction,Future
2026-01-07,P018,1.0,LSTM,Prediction,Future
2026-01-08,P018,2.0,LSTM,Prediction,Future
2026-01-09,P018,2.0,LSTM,Prediction,Future
2026-01-10,P018,2.0,LSTM,Prediction,Future
2026-01-11,P018,1.0,LSTM,Prediction,Future
2026-01-12,P018,1.0,LSTM,Prediction,Future
2026-01-13,P018,1.0,LSTM,Prediction,Future
2026-01-14,P018,1.0,LSTM,Prediction,Future
2026-01-15,P018,1.0,LSTM,Prediction,Future
2026-01-16,P018,1.0,LSTM,Prediction,Future
2026-01-17,P018,1.0,LSTM,Prediction,Future
2026-01-18,P018,0.0,LSTM,Prediction,Future
2026-01-19,P018,0.0,LSTM,Prediction,Future
2026-01-20,P018,0.0,LSTM,Prediction,Future
2026-01-21,P018,0.0,LSTM,Prediction,Future
2026-01-22,P018,0.0,LSTM,Prediction,Future
2026-01-23,P018,0.0,LSTM,Prediction,Future
2026-01-24,P018,0.0,LSTM,Prediction,Future
2026-01-25,P018,0.0,LSTM,Prediction,Future
2026-01-26,P018,0.0,LSTM,Prediction,Future
2026-01-27,P018,0.0,LSTM,Prediction,Future
2026-01-28,P018,0.0,LSTM,Prediction,Future
2026-01-29,P018,0.0,LSTM,Prediction,Future
2026-01-30,P018,0.0,LSTM,Prediction,Future
2026-01-01,P019,2.0,LSTM,Prediction,Future
2026-01-02,P019,2.0,LSTM,Prediction,Future
2026-01-03,P019,2.0,LSTM,Prediction,Future
2026-01-04,P019,2.0,LSTM,Prediction,Future
2026-01-05,P019,1.0,LSTM,Prediction,Future
2026-01-06,P019,1.0,LSTM,Prediction,Future
2026-01-07,P019,1.0,LSTM,Prediction,Future
2026-01-08,P019,1.0,LSTM,Prediction,Future
2026-01-09,P019,1.0,LSTM,Prediction,Future
2026-01-10,P019,1.0,LSTM,Prediction,Future
2026-01-11,P019,1.0,LSTM,Prediction,Future
2026-01-12,P019,1.0,LSTM,Prediction,Future
2026-01-13,P019,1.0,LSTM,Prediction,Future
2026-01-14,P019,1.0,LSTM,Prediction,Future
2026-01-15,P019,1.0,LSTM,Prediction,Future
2026-01-16,P019,1.0,LSTM,Prediction,Future
2026-01-17,P019,1.0,LSTM,Prediction,Future
2026-01-18,P019,0.0,LSTM,Prediction,Future
2026-01-19,P019,0.0,LSTM,Prediction,Future
2026-01-20,P019,0.0,LSTM,Prediction,Future
2026-01-21,P019,0.0,LSTM,Prediction,Future
2026-01-22,P019,0.0,LSTM,Prediction,Future
2026-01-23,P019,0.0,LSTM,Prediction,Future
2026-01-24,P019,0.0,LSTM,Prediction,Future
2026-01-25,P019,0.0,LSTM,Prediction,Future
2026-01-26,P019,0.0,LSTM,Prediction,Future
2026-01-27,P019,0.0,LSTM,Prediction,Future
2026-01-28,P019,0.0,LSTM,Prediction,Future
2026-01-29,P019,0.0,LSTM,Prediction,Future
2026-01-30,P019,0.0,LSTM,Prediction,Future
2026-01-01,P020,1.0,LSTM,Prediction,Future
2026-01-02,P020,2.0,LSTM,Prediction,Future
2026-01-03,P020,2.0,LSTM,Prediction,Future
2026-01-04,P020,1.0,LSTM,Prediction,Future
2026-01-05,P020,1.0,LSTM,Prediction,Future
2026-01-06,P020,1.0,LSTM,Prediction,Future
2026-01-07,P020,1.0,LSTM,Prediction,Future
2026-01-08,P020,1.0,LSTM,Prediction,Future
2026-01-09,P020,1.0,LSTM,Prediction,Future
2026-01-10,P020,1.0,LSTM,Prediction,Future
2026-01-11,P020,1.0,LSTM,Prediction,Future
2026-01-12,P020,1.0,LSTM,Prediction,Future
2026-01-13,P020,1.0,LSTM,Prediction,Future
2026-01-14,P020,1.0,LSTM,Prediction,Future
2026-01-15,P020,1.0,LSTM,Prediction,Future
2026-01-16,P020,1.0,LSTM,Prediction,Future
2026-01-17,P020,1.0,LSTM,Prediction,Future
2026-01-18,P020,0.0,LSTM,Prediction,Future
2026-01-19,P020,0.0,LSTM,Prediction,Future
2026-01-20,P020,0.0,LSTM,Prediction,Future
2026-01-21,P020,0.0,LSTM,Prediction,Future
2026-01-22,P020,0.0,LSTM,Prediction,Future
2026-01-23,P020,0.0,LSTM,Prediction,Future
2026-01-24,P020,0.0,LSTM,Prediction,Future
2026-01-25,P020,0.0,LSTM,Prediction,Future
2026-01-26,P020,0.0,LSTM,Prediction,Future
2026-01-27,P020,0.0,LSTM,Prediction,Future
2026-01-28,P020,0.0,LSTM,Prediction,Future
2026-01-29,P020,0.0,LSTM,Prediction,Future
2026-01-30,P020,0.0,LSTM,Prediction,Future
