,order_date,product_id,quantity,model,type,part
0,2025-01-08,P001,1.8701863288879397,LSTM,Prediction,Train
1,2025-01-09,P001,1.865958333015442,LSTM,Prediction,Train
2,2025-01-10,P001,1.8711706399917605,LSTM,Prediction,Train
3,2025-01-11,P001,1.8584719896316528,LSTM,Prediction,Train
4,2025-01-12,P001,1.8654347658157349,LSTM,Prediction,Train
5,2025-01-13,P001,1.864917993545532,LSTM,Prediction,Train
6,2025-01-14,P001,1.8684617280960083,LSTM,Prediction,Train
7,2025-01-15,P001,1.8646433353424072,LSTM,Prediction,Train
8,2025-01-16,P001,1.863371014595032,LSTM,Prediction,Train
9,2025-01-17,P001,1.861674427986145,LSTM,Prediction,Train
10,2025-01-18,P001,1.8688377141952517,LSTM,Prediction,Train
11,2025-01-19,P001,1.8618673086166384,LSTM,Prediction,Train
12,2025-01-20,P001,1.869206786155701,LSTM,Prediction,Train
13,2025-01-21,P001,1.8679856061935425,LSTM,Prediction,Train
14,2025-01-22,P001,1.8605998754501345,LSTM,Prediction,Train
15,2025-01-23,P001,1.864862322807312,LSTM,Prediction,Train
16,2025-01-24,P001,1.8668667078018188,LSTM,Prediction,Train
17,2025-01-25,P001,1.867637276649475,LSTM,Prediction,Train
18,2025-01-26,P001,1.867772936820984,LSTM,Prediction,Train
19,2025-01-27,P001,1.8716949224472048,LSTM,Prediction,Train
20,2025-01-28,P001,1.866810321807861,LSTM,Prediction,Train
21,2025-01-29,P001,1.872131109237671,LSTM,Prediction,Train
22,2025-01-30,P001,1.8638352155685425,LSTM,Prediction,Train
23,2025-01-31,P001,1.8608938455581665,LSTM,Prediction,Train
24,2025-02-01,P001,1.865546941757202,LSTM,Prediction,Train
25,2025-02-02,P001,1.8627907037734983,LSTM,Prediction,Train
26,2025-02-03,P001,1.8658726215362549,LSTM,Prediction,Train
27,2025-02-04,P001,1.862507939338684,LSTM,Prediction,Train
28,2025-02-05,P001,1.8724591732025144,LSTM,Prediction,Train
29,2025-02-06,P001,1.87177050113678,LSTM,Prediction,Train
30,2025-02-07,P001,1.8666335344314573,LSTM,Prediction,Train
31,2025-02-08,P001,1.8666640520095823,LSTM,Prediction,Train
32,2025-02-09,P001,1.8724563121795652,LSTM,Prediction,Train
33,2025-02-10,P001,1.875698685646057,LSTM,Prediction,Train
34,2025-02-11,P001,1.8636785745620728,LSTM,Prediction,Train
35,2025-02-12,P001,1.865528225898743,LSTM,Prediction,Train
36,2025-02-13,P001,1.8725327253341677,LSTM,Prediction,Train
37,2025-02-14,P001,1.8621065616607664,LSTM,Prediction,Train
38,2025-02-15,P001,1.861280083656311,LSTM,Prediction,Train
39,2025-02-16,P001,1.8594905138015747,LSTM,Prediction,Train
40,2025-02-17,P001,1.869604587554932,LSTM,Prediction,Train
41,2025-02-18,P001,1.8672086000442505,LSTM,Prediction,Train
42,2025-02-19,P001,1.867036819458008,LSTM,Prediction,Train
43,2025-02-20,P001,1.8672133684158323,LSTM,Prediction,Train
44,2025-02-21,P001,1.868206262588501,LSTM,Prediction,Train
45,2025-02-22,P001,1.86733877658844,LSTM,Prediction,Train
46,2025-02-23,P001,1.86368989944458,LSTM,Prediction,Train
47,2025-02-24,P001,1.8724818229675293,LSTM,Prediction,Train
48,2025-02-25,P001,1.861154317855835,LSTM,Prediction,Train
49,2025-02-26,P001,1.865056037902832,LSTM,Prediction,Train
50,2025-02-27,P001,1.872785568237305,LSTM,Prediction,Train
51,2025-02-28,P001,1.863598108291626,LSTM,Prediction,Train
52,2025-03-01,P001,1.8627763986587524,LSTM,Prediction,Train
53,2025-03-02,P001,1.869893312454224,LSTM,Prediction,Train
54,2025-03-03,P001,1.863496780395508,LSTM,Prediction,Train
55,2025-03-04,P001,1.8676162958145144,LSTM,Prediction,Train
56,2025-03-05,P001,1.86761736869812,LSTM,Prediction,Train
57,2025-03-06,P001,1.8646093606948853,LSTM,Prediction,Train
58,2025-03-07,P001,1.8607394695281985,LSTM,Prediction,Train
59,2025-03-08,P001,1.8778246641159055,LSTM,Prediction,Train
60,2025-03-09,P001,1.8741204738616943,LSTM,Prediction,Train
61,2025-03-10,P001,1.8668344020843504,LSTM,Prediction,Train
62,2025-03-11,P001,1.8751839399337769,LSTM,Prediction,Train
63,2025-03-12,P001,1.859286427497864,LSTM,Prediction,Train
64,2025-03-13,P001,1.8664761781692505,LSTM,Prediction,Train
65,2025-03-14,P001,1.8703675270080569,LSTM,Prediction,Train
66,2025-03-15,P001,1.863926649093628,LSTM,Prediction,Train
67,2025-03-16,P001,1.8623900413513184,LSTM,Prediction,Train
68,2025-03-17,P001,1.8660526275634768,LSTM,Prediction,Train
69,2025-03-18,P001,1.873047471046448,LSTM,Prediction,Train
70,2025-03-19,P001,1.855970025062561,LSTM,Prediction,Train
71,2025-03-20,P001,1.8675657510757449,LSTM,Prediction,Train
72,2025-03-21,P001,1.861673712730408,LSTM,Prediction,Train
73,2025-03-22,P001,1.8744072914123533,LSTM,Prediction,Train
74,2025-03-23,P001,1.8687833547592163,LSTM,Prediction,Train
75,2025-03-24,P001,1.866158962249756,LSTM,Prediction,Train
76,2025-03-25,P001,1.8661096096038816,LSTM,Prediction,Train
77,2025-03-26,P001,1.8654654026031492,LSTM,Prediction,Train
78,2025-03-27,P001,1.87011194229126,LSTM,Prediction,Train
79,2025-03-28,P001,1.870314121246338,LSTM,Prediction,Train
80,2025-03-29,P001,1.8662689924240112,LSTM,Prediction,Train
81,2025-03-30,P001,1.8654042482376096,LSTM,Prediction,Train
82,2025-03-31,P001,1.8542137145996092,LSTM,Prediction,Train
83,2025-04-01,P001,1.8629884719848635,LSTM,Prediction,Train
84,2025-04-02,P001,1.868722915649414,LSTM,Prediction,Train
85,2025-04-03,P001,1.8743075132369995,LSTM,Prediction,Train
86,2025-04-04,P001,1.8646337985992432,LSTM,Prediction,Train
87,2025-04-05,P001,1.8788968324661253,LSTM,Prediction,Train
88,2025-04-06,P001,1.8634599447250368,LSTM,Prediction,Train
89,2025-04-07,P001,1.8627952337265012,LSTM,Prediction,Train
90,2025-04-08,P001,1.868152976036072,LSTM,Prediction,Train
91,2025-04-09,P001,1.8650952577590945,LSTM,Prediction,Train
92,2025-04-10,P001,1.8745360374450684,LSTM,Prediction,Train
93,2025-04-11,P001,1.861573338508606,LSTM,Prediction,Train
94,2025-04-12,P001,1.8562614917755127,LSTM,Prediction,Train
95,2025-04-13,P001,1.8652212619781492,LSTM,Prediction,Train
96,2025-04-14,P001,1.8691707849502563,LSTM,Prediction,Train
97,2025-04-15,P001,1.870026707649231,LSTM,Prediction,Train
98,2025-04-16,P001,1.8663116693496704,LSTM,Prediction,Train
99,2025-04-17,P001,1.86858594417572,LSTM,Prediction,Train
100,2025-04-18,P001,1.8660293817520144,LSTM,Prediction,Train
101,2025-04-19,P001,1.86488676071167,LSTM,Prediction,Train
102,2025-04-20,P001,1.8705064058303835,LSTM,Prediction,Train
103,2025-04-21,P001,1.8608556985855105,LSTM,Prediction,Train
104,2025-04-22,P001,1.8689171075820925,LSTM,Prediction,Train
105,2025-04-23,P001,1.8654651641845703,LSTM,Prediction,Train
106,2025-04-24,P001,1.8625712394714355,LSTM,Prediction,Train
107,2025-04-25,P001,1.873431205749512,LSTM,Prediction,Train
108,2025-04-26,P001,1.862276077270508,LSTM,Prediction,Train
109,2025-04-27,P001,1.8670004606246948,LSTM,Prediction,Train
110,2025-04-28,P001,1.8658697605133057,LSTM,Prediction,Train
111,2025-04-29,P001,1.8766472339630127,LSTM,Prediction,Train
112,2025-04-30,P001,1.865383863449097,LSTM,Prediction,Train
113,2025-05-01,P001,1.864826202392578,LSTM,Prediction,Train
114,2025-05-02,P001,1.863430380821228,LSTM,Prediction,Train
115,2025-05-03,P001,1.871071457862854,LSTM,Prediction,Train
116,2025-05-04,P001,1.8692413568496704,LSTM,Prediction,Train
117,2025-05-05,P001,1.8645288944244385,LSTM,Prediction,Train
118,2025-05-06,P001,1.864805102348328,LSTM,Prediction,Train
119,2025-05-07,P001,1.8672001361846924,LSTM,Prediction,Train
120,2025-05-08,P001,1.863286137580872,LSTM,Prediction,Train
121,2025-05-09,P001,1.8663113117218015,LSTM,Prediction,Train
122,2025-05-10,P001,1.858333706855774,LSTM,Prediction,Train
123,2025-05-11,P001,1.867829203605652,LSTM,Prediction,Train
124,2025-05-12,P001,1.865147352218628,LSTM,Prediction,Train
125,2025-05-13,P001,1.8621419668197632,LSTM,Prediction,Train
126,2025-05-14,P001,1.8610895872116089,LSTM,Prediction,Train
127,2025-05-15,P001,1.863242268562317,LSTM,Prediction,Train
128,2025-05-16,P001,1.870253324508667,LSTM,Prediction,Train
129,2025-05-17,P001,1.8688236474990845,LSTM,Prediction,Train
130,2025-05-18,P001,1.8695957660675049,LSTM,Prediction,Train
131,2025-05-19,P001,1.86180579662323,LSTM,Prediction,Train
132,2025-05-20,P001,1.8683319091796875,LSTM,Prediction,Train
133,2025-05-21,P001,1.8666141033172607,LSTM,Prediction,Train
134,2025-05-22,P001,1.8635326623916624,LSTM,Prediction,Train
135,2025-05-23,P001,1.8666484355926516,LSTM,Prediction,Train
136,2025-05-24,P001,1.857358813285828,LSTM,Prediction,Train
137,2025-05-25,P001,1.867619514465332,LSTM,Prediction,Train
138,2025-05-26,P001,1.8673909902572632,LSTM,Prediction,Train
139,2025-05-27,P001,1.8625929355621336,LSTM,Prediction,Train
140,2025-05-28,P001,1.8638436794281008,LSTM,Prediction,Train
141,2025-05-29,P001,1.8702447414398196,LSTM,Prediction,Train
142,2025-05-30,P001,1.8611586093902588,LSTM,Prediction,Train
143,2025-05-31,P001,1.8651477098464968,LSTM,Prediction,Train
144,2025-06-01,P001,1.868040442466736,LSTM,Prediction,Train
145,2025-06-02,P001,1.8664495944976809,LSTM,Prediction,Train
146,2025-06-03,P001,1.860988020896912,LSTM,Prediction,Train
147,2025-06-04,P001,1.867178201675415,LSTM,Prediction,Train
148,2025-06-05,P001,1.8694208860397337,LSTM,Prediction,Train
149,2025-06-06,P001,1.8727777004241943,LSTM,Prediction,Train
150,2025-06-07,P001,1.8666555881500244,LSTM,Prediction,Train
151,2025-06-08,P001,1.8679317235946653,LSTM,Prediction,Train
152,2025-06-09,P001,1.8676830530166624,LSTM,Prediction,Train
153,2025-06-10,P001,1.8632118701934812,LSTM,Prediction,Train
154,2025-06-11,P001,1.8649709224700928,LSTM,Prediction,Train
155,2025-06-12,P001,1.868340253829956,LSTM,Prediction,Train
156,2025-06-13,P001,1.8608888387680051,LSTM,Prediction,Train
157,2025-06-14,P001,1.8638372421264648,LSTM,Prediction,Train
158,2025-06-15,P001,1.8667229413986208,LSTM,Prediction,Train
159,2025-06-16,P001,1.8658015727996824,LSTM,Prediction,Train
160,2025-06-17,P001,1.8674085140228271,LSTM,Prediction,Train
161,2025-06-18,P001,1.8641331195831297,LSTM,Prediction,Train
162,2025-06-19,P001,1.868377685546875,LSTM,Prediction,Train
163,2025-06-20,P001,1.865054726600647,LSTM,Prediction,Train
164,2025-06-21,P001,1.861811637878418,LSTM,Prediction,Train
165,2025-06-22,P001,1.8679215908050537,LSTM,Prediction,Train
166,2025-06-23,P001,1.864830493927002,LSTM,Prediction,Train
167,2025-06-24,P001,1.860047698020935,LSTM,Prediction,Train
168,2025-06-25,P001,1.8598504066467283,LSTM,Prediction,Train
169,2025-06-26,P001,1.8656506538391116,LSTM,Prediction,Train
170,2025-06-27,P001,1.8682570457458496,LSTM,Prediction,Train
171,2025-06-28,P001,1.874552011489868,LSTM,Prediction,Train
172,2025-06-29,P001,1.8644397258758545,LSTM,Prediction,Train
173,2025-06-30,P001,1.8701567649841309,LSTM,Prediction,Train
174,2025-07-01,P001,1.8684121370315552,LSTM,Prediction,Train
175,2025-07-02,P001,1.8654108047485352,LSTM,Prediction,Train
176,2025-07-03,P001,1.869179964065552,LSTM,Prediction,Train
177,2025-07-04,P001,1.873839259147644,LSTM,Prediction,Train
178,2025-07-05,P001,1.8635329008102417,LSTM,Prediction,Train
179,2025-07-06,P001,1.8620898723602293,LSTM,Prediction,Train
180,2025-07-07,P001,1.8644394874572756,LSTM,Prediction,Train
181,2025-07-08,P001,1.8724616765975952,LSTM,Prediction,Train
182,2025-07-09,P001,1.8641126155853271,LSTM,Prediction,Train
183,2025-07-10,P001,1.8676655292510984,LSTM,Prediction,Train
184,2025-07-11,P001,1.866895318031311,LSTM,Prediction,Train
185,2025-07-12,P001,1.86246919631958,LSTM,Prediction,Train
186,2025-07-13,P001,1.8632344007492063,LSTM,Prediction,Train
187,2025-07-14,P001,1.865861296653748,LSTM,Prediction,Train
188,2025-07-15,P001,1.8676685094833372,LSTM,Prediction,Train
189,2025-07-16,P001,1.8630104064941408,LSTM,Prediction,Train
190,2025-07-17,P001,1.870840549468994,LSTM,Prediction,Train
191,2025-07-18,P001,1.8663718700408936,LSTM,Prediction,Train
192,2025-07-19,P001,1.871681571006775,LSTM,Prediction,Train
193,2025-07-20,P001,1.868651270866394,LSTM,Prediction,Train
194,2025-07-21,P001,1.867783069610596,LSTM,Prediction,Train
195,2025-07-22,P001,1.8728331327438357,LSTM,Prediction,Train
196,2025-07-23,P001,1.865710020065308,LSTM,Prediction,Train
197,2025-07-24,P001,1.8660725355148315,LSTM,Prediction,Train
198,2025-07-25,P001,1.869422197341919,LSTM,Prediction,Train
199,2025-07-26,P001,1.866469144821167,LSTM,Prediction,Train
200,2025-07-27,P001,1.863261342048645,LSTM,Prediction,Train
201,2025-07-28,P001,1.8599194288253784,LSTM,Prediction,Train
202,2025-07-29,P001,1.863504767417908,LSTM,Prediction,Train
203,2025-07-30,P001,1.8671053647994995,LSTM,Prediction,Train
204,2025-07-31,P001,1.87312114238739,LSTM,Prediction,Train
205,2025-08-01,P001,1.8610268831253047,LSTM,Prediction,Train
206,2025-08-02,P001,1.8709831237792969,LSTM,Prediction,Train
207,2025-08-03,P001,1.8716049194335935,LSTM,Prediction,Train
208,2025-08-04,P001,1.8719247579574585,LSTM,Prediction,Train
209,2025-08-05,P001,1.865896701812744,LSTM,Prediction,Train
210,2025-08-06,P001,1.8655681610107424,LSTM,Prediction,Train
211,2025-08-07,P001,1.8689885139465328,LSTM,Prediction,Train
212,2025-08-08,P001,1.879544973373413,LSTM,Prediction,Train
213,2025-08-09,P001,1.8634401559829712,LSTM,Prediction,Train
214,2025-08-10,P001,1.8668644428253172,LSTM,Prediction,Train
215,2025-08-11,P001,1.8665913343429563,LSTM,Prediction,Train
216,2025-08-12,P001,1.870342493057251,LSTM,Prediction,Train
217,2025-08-13,P001,1.865461587905884,LSTM,Prediction,Train
218,2025-08-14,P001,1.8631322383880613,LSTM,Prediction,Train
219,2025-08-15,P001,1.8633493185043333,LSTM,Prediction,Train
220,2025-08-16,P001,1.8727378845214844,LSTM,Prediction,Train
221,2025-08-17,P001,1.8664833307266235,LSTM,Prediction,Train
222,2025-08-18,P001,1.8636091947555544,LSTM,Prediction,Train
223,2025-08-19,P001,1.8777905702590945,LSTM,Prediction,Train
224,2025-08-20,P001,1.868679761886597,LSTM,Prediction,Train
225,2025-08-21,P001,1.8653545379638672,LSTM,Prediction,Train
226,2025-08-22,P001,1.862537145614624,LSTM,Prediction,Train
227,2025-08-23,P001,1.867806434631348,LSTM,Prediction,Train
228,2025-08-24,P001,1.8632891178131104,LSTM,Prediction,Train
229,2025-08-25,P001,1.8656682968139648,LSTM,Prediction,Train
230,2025-08-26,P001,1.8630708456039429,LSTM,Prediction,Train
231,2025-08-27,P001,1.862260103225708,LSTM,Prediction,Train
232,2025-08-28,P001,1.8698301315307615,LSTM,Prediction,Train
233,2025-08-29,P001,1.856091856956482,LSTM,Prediction,Train
234,2025-08-30,P001,1.8686952590942385,LSTM,Prediction,Train
235,2025-08-31,P001,1.8653751611709597,LSTM,Prediction,Train
236,2025-09-01,P001,1.864515781402588,LSTM,Prediction,Train
237,2025-09-02,P001,1.869046926498413,LSTM,Prediction,Train
238,2025-09-03,P001,1.863514065742493,LSTM,Prediction,Train
239,2025-09-04,P001,1.8677058219909668,LSTM,Prediction,Train
240,2025-09-05,P001,1.864413142204285,LSTM,Prediction,Train
241,2025-09-06,P001,1.8654803037643437,LSTM,Prediction,Train
242,2025-09-07,P001,1.861565113067627,LSTM,Prediction,Train
243,2025-09-08,P001,1.866023659706116,LSTM,Prediction,Train
244,2025-09-09,P001,1.8687461614608765,LSTM,Prediction,Train
245,2025-09-10,P001,1.8694313764572144,LSTM,Prediction,Train
246,2025-09-11,P001,1.866848349571228,LSTM,Prediction,Train
247,2025-09-12,P001,1.8691198825836184,LSTM,Prediction,Train
248,2025-09-13,P001,1.866250991821289,LSTM,Prediction,Train
249,2025-09-14,P001,1.8619705438613887,LSTM,Prediction,Train
250,2025-01-08,P002,1.9783872365951536,LSTM,Prediction,Train
251,2025-01-09,P002,1.974358320236206,LSTM,Prediction,Train
252,2025-01-10,P002,1.9833909273147583,LSTM,Prediction,Train
253,2025-01-11,P002,1.96573007106781,LSTM,Prediction,Train
254,2025-01-12,P002,1.9785007238388064,LSTM,Prediction,Train
255,2025-01-13,P002,1.974429726600647,LSTM,Prediction,Train
256,2025-01-14,P002,1.981645464897156,LSTM,Prediction,Train
257,2025-01-15,P002,1.97344970703125,LSTM,Prediction,Train
258,2025-01-16,P002,1.971099138259888,LSTM,Prediction,Train
259,2025-01-17,P002,1.97309672832489,LSTM,Prediction,Train
260,2025-01-18,P002,1.981597065925598,LSTM,Prediction,Train
261,2025-01-19,P002,1.971453309059143,LSTM,Prediction,Train
262,2025-01-20,P002,1.9795024394989011,LSTM,Prediction,Train
263,2025-01-21,P002,1.9803894758224487,LSTM,Prediction,Train
264,2025-01-22,P002,1.9663106203079224,LSTM,Prediction,Train
265,2025-01-23,P002,1.974781036376953,LSTM,Prediction,Train
266,2025-01-24,P002,1.974890112876892,LSTM,Prediction,Train
267,2025-01-25,P002,1.978016257286072,LSTM,Prediction,Train
268,2025-01-26,P002,1.9833751916885376,LSTM,Prediction,Train
269,2025-01-27,P002,1.9839969873428345,LSTM,Prediction,Train
270,2025-01-28,P002,1.973474383354187,LSTM,Prediction,Train
271,2025-01-29,P002,1.9855438470840452,LSTM,Prediction,Train
272,2025-01-30,P002,1.9767768383026123,LSTM,Prediction,Train
273,2025-01-31,P002,1.9705886840820312,LSTM,Prediction,Train
274,2025-02-01,P002,1.9746341705322263,LSTM,Prediction,Train
275,2025-02-02,P002,1.970782995223999,LSTM,Prediction,Train
276,2025-02-03,P002,1.9790256023406985,LSTM,Prediction,Train
277,2025-02-04,P002,1.9714553356170652,LSTM,Prediction,Train
278,2025-02-05,P002,1.9864636659622192,LSTM,Prediction,Train
279,2025-02-06,P002,1.9721097946166992,LSTM,Prediction,Train
280,2025-02-07,P002,1.9765087366104128,LSTM,Prediction,Train
281,2025-02-08,P002,1.9773741960525515,LSTM,Prediction,Train
282,2025-02-09,P002,1.98209810256958,LSTM,Prediction,Train
283,2025-02-10,P002,1.984966516494751,LSTM,Prediction,Train
284,2025-02-11,P002,1.9721630811691284,LSTM,Prediction,Train
285,2025-02-12,P002,1.974579930305481,LSTM,Prediction,Train
286,2025-02-13,P002,1.9853079319000244,LSTM,Prediction,Train
287,2025-02-14,P002,1.969900608062744,LSTM,Prediction,Train
288,2025-02-15,P002,1.9648802280426023,LSTM,Prediction,Train
289,2025-02-16,P002,1.9663456678390503,LSTM,Prediction,Train
290,2025-02-17,P002,1.9864473342895508,LSTM,Prediction,Train
291,2025-02-18,P002,1.982041597366333,LSTM,Prediction,Train
292,2025-02-19,P002,1.9766030311584477,LSTM,Prediction,Train
293,2025-02-20,P002,1.973159670829773,LSTM,Prediction,Train
294,2025-02-21,P002,1.9770296812057493,LSTM,Prediction,Train
295,2025-02-22,P002,1.973104238510132,LSTM,Prediction,Train
296,2025-02-23,P002,1.9762834310531616,LSTM,Prediction,Train
297,2025-02-24,P002,1.9885104894638064,LSTM,Prediction,Train
298,2025-02-25,P002,1.9743010997772217,LSTM,Prediction,Train
299,2025-02-26,P002,1.9761345386505127,LSTM,Prediction,Train
300,2025-02-27,P002,1.9866238832473757,LSTM,Prediction,Train
301,2025-02-28,P002,1.9744577407836916,LSTM,Prediction,Train
302,2025-03-01,P002,1.974151372909546,LSTM,Prediction,Train
303,2025-03-02,P002,1.9831911325454712,LSTM,Prediction,Train
304,2025-03-03,P002,1.9786983728408811,LSTM,Prediction,Train
305,2025-03-04,P002,1.9804096221923828,LSTM,Prediction,Train
306,2025-03-05,P002,1.9792171716690063,LSTM,Prediction,Train
307,2025-03-06,P002,1.9764946699142456,LSTM,Prediction,Train
308,2025-03-07,P002,1.9706761837005613,LSTM,Prediction,Train
309,2025-03-08,P002,1.9915581941604612,LSTM,Prediction,Train
310,2025-03-09,P002,1.9914435148239136,LSTM,Prediction,Train
311,2025-03-10,P002,1.980208158493042,LSTM,Prediction,Train
312,2025-03-11,P002,1.98314905166626,LSTM,Prediction,Train
313,2025-03-12,P002,1.9681406021118164,LSTM,Prediction,Train
314,2025-03-13,P002,1.9870086908340452,LSTM,Prediction,Train
315,2025-03-14,P002,1.983212947845459,LSTM,Prediction,Train
316,2025-03-15,P002,1.9736474752426147,LSTM,Prediction,Train
317,2025-03-16,P002,1.972501277923584,LSTM,Prediction,Train
318,2025-03-17,P002,1.9785525798797607,LSTM,Prediction,Train
319,2025-03-18,P002,1.9869520664215088,LSTM,Prediction,Train
320,2025-03-19,P002,1.9622031450271609,LSTM,Prediction,Train
321,2025-03-20,P002,1.9727132320404053,LSTM,Prediction,Train
322,2025-03-21,P002,1.967557668685913,LSTM,Prediction,Train
323,2025-03-22,P002,1.9889453649520876,LSTM,Prediction,Train
324,2025-03-23,P002,1.98029100894928,LSTM,Prediction,Train
325,2025-03-24,P002,1.978942394256592,LSTM,Prediction,Train
326,2025-03-25,P002,1.9782285690307615,LSTM,Prediction,Train
327,2025-03-26,P002,1.9757380485534668,LSTM,Prediction,Train
328,2025-03-27,P002,1.9839131832122805,LSTM,Prediction,Train
329,2025-03-28,P002,1.984573602676392,LSTM,Prediction,Train
330,2025-03-29,P002,1.971890926361084,LSTM,Prediction,Train
331,2025-03-30,P002,1.977516889572144,LSTM,Prediction,Train
332,2025-03-31,P002,1.960094690322876,LSTM,Prediction,Train
333,2025-04-01,P002,1.975157380104065,LSTM,Prediction,Train
334,2025-04-02,P002,1.983770608901977,LSTM,Prediction,Train
335,2025-04-03,P002,1.9760112762451167,LSTM,Prediction,Train
336,2025-04-04,P002,1.9780782461166384,LSTM,Prediction,Train
337,2025-04-05,P002,1.9975042343139648,LSTM,Prediction,Train
338,2025-04-06,P002,1.9768425226211548,LSTM,Prediction,Train
339,2025-04-07,P002,1.970244646072388,LSTM,Prediction,Train
340,2025-04-08,P002,1.9807277917861936,LSTM,Prediction,Train
341,2025-04-09,P002,1.9768272638320925,LSTM,Prediction,Train
342,2025-04-10,P002,1.9867560863494875,LSTM,Prediction,Train
343,2025-04-11,P002,1.9716359376907349,LSTM,Prediction,Train
344,2025-04-12,P002,1.961659550666809,LSTM,Prediction,Train
345,2025-04-13,P002,1.976142168045044,LSTM,Prediction,Train
346,2025-04-14,P002,1.9822783470153809,LSTM,Prediction,Train
347,2025-04-15,P002,1.9825302362442017,LSTM,Prediction,Train
348,2025-04-16,P002,1.9776531457901,LSTM,Prediction,Train
349,2025-04-17,P002,1.989126205444336,LSTM,Prediction,Train
350,2025-04-18,P002,1.9788068532943728,LSTM,Prediction,Train
351,2025-04-19,P002,1.97369384765625,LSTM,Prediction,Train
352,2025-04-20,P002,1.978401780128479,LSTM,Prediction,Train
353,2025-04-21,P002,1.968950152397156,LSTM,Prediction,Train
354,2025-04-22,P002,1.97884202003479,LSTM,Prediction,Train
355,2025-04-23,P002,1.978465795516968,LSTM,Prediction,Train
356,2025-04-24,P002,1.9748932123184204,LSTM,Prediction,Train
357,2025-04-25,P002,1.9821991920471191,LSTM,Prediction,Train
358,2025-04-26,P002,1.9711322784423828,LSTM,Prediction,Train
359,2025-04-27,P002,1.982518434524536,LSTM,Prediction,Train
360,2025-04-28,P002,1.9767483472824097,LSTM,Prediction,Train
361,2025-04-29,P002,1.9891444444656368,LSTM,Prediction,Train
362,2025-04-30,P002,1.973903059959412,LSTM,Prediction,Train
363,2025-05-01,P002,1.9792611598968504,LSTM,Prediction,Train
364,2025-05-02,P002,1.976930260658264,LSTM,Prediction,Train
365,2025-05-03,P002,1.9838615655899048,LSTM,Prediction,Train
366,2025-05-04,P002,1.984647512435913,LSTM,Prediction,Train
367,2025-05-05,P002,1.97529399394989,LSTM,Prediction,Train
368,2025-05-06,P002,1.9770318269729612,LSTM,Prediction,Train
369,2025-05-07,P002,1.9725509881973269,LSTM,Prediction,Train
370,2025-05-08,P002,1.9773513078689573,LSTM,Prediction,Train
371,2025-05-09,P002,1.974571228027344,LSTM,Prediction,Train
372,2025-05-10,P002,1.966753602027893,LSTM,Prediction,Train
373,2025-05-11,P002,1.9813474416732788,LSTM,Prediction,Train
374,2025-05-12,P002,1.976478099822998,LSTM,Prediction,Train
375,2025-05-13,P002,1.97237765789032,LSTM,Prediction,Train
376,2025-05-14,P002,1.968364953994751,LSTM,Prediction,Train
377,2025-05-15,P002,1.97727370262146,LSTM,Prediction,Train
378,2025-05-16,P002,1.9811457395553589,LSTM,Prediction,Train
379,2025-05-17,P002,1.9784756898880005,LSTM,Prediction,Train
380,2025-05-18,P002,1.9817991256713867,LSTM,Prediction,Train
381,2025-05-19,P002,1.9725751876831052,LSTM,Prediction,Train
382,2025-05-20,P002,1.9806325435638428,LSTM,Prediction,Train
383,2025-05-21,P002,1.9798535108566284,LSTM,Prediction,Train
384,2025-05-22,P002,1.972104787826538,LSTM,Prediction,Train
385,2025-05-23,P002,1.9822546243667605,LSTM,Prediction,Train
386,2025-05-24,P002,1.9576880931854248,LSTM,Prediction,Train
387,2025-05-25,P002,1.9776254892349243,LSTM,Prediction,Train
388,2025-05-26,P002,1.9808509349823,LSTM,Prediction,Train
389,2025-05-27,P002,1.9727550745010376,LSTM,Prediction,Train
390,2025-05-28,P002,1.975325584411621,LSTM,Prediction,Train
391,2025-05-29,P002,1.975646495819092,LSTM,Prediction,Train
392,2025-05-30,P002,1.9707868099212649,LSTM,Prediction,Train
393,2025-05-31,P002,1.9757238626480105,LSTM,Prediction,Train
394,2025-06-01,P002,1.9826563596725464,LSTM,Prediction,Train
395,2025-06-02,P002,1.9813674688339236,LSTM,Prediction,Train
396,2025-06-03,P002,1.9678906202316284,LSTM,Prediction,Train
397,2025-06-04,P002,1.9763641357421875,LSTM,Prediction,Train
398,2025-06-05,P002,1.9826828241348269,LSTM,Prediction,Train
399,2025-06-06,P002,1.9910340309143064,LSTM,Prediction,Train
400,2025-06-07,P002,1.9794225692749023,LSTM,Prediction,Train
401,2025-06-08,P002,1.9813467264175413,LSTM,Prediction,Train
402,2025-06-09,P002,1.97415554523468,LSTM,Prediction,Train
403,2025-06-10,P002,1.9748518466949463,LSTM,Prediction,Train
404,2025-06-11,P002,1.973588824272156,LSTM,Prediction,Train
405,2025-06-12,P002,1.979472279548645,LSTM,Prediction,Train
406,2025-06-13,P002,1.9661190509796145,LSTM,Prediction,Train
407,2025-06-14,P002,1.9707841873168943,LSTM,Prediction,Train
408,2025-06-15,P002,1.976964235305786,LSTM,Prediction,Train
409,2025-06-16,P002,1.9798035621643064,LSTM,Prediction,Train
410,2025-06-17,P002,1.9767125844955444,LSTM,Prediction,Train
411,2025-06-18,P002,1.9743448495864868,LSTM,Prediction,Train
412,2025-06-19,P002,1.9836602210998533,LSTM,Prediction,Train
413,2025-06-20,P002,1.9779423475265503,LSTM,Prediction,Train
414,2025-06-21,P002,1.9715317487716677,LSTM,Prediction,Train
415,2025-06-22,P002,1.9845439195632932,LSTM,Prediction,Train
416,2025-06-23,P002,1.9777097702026367,LSTM,Prediction,Train
417,2025-06-24,P002,1.967791557312012,LSTM,Prediction,Train
418,2025-06-25,P002,1.968246340751648,LSTM,Prediction,Train
419,2025-06-26,P002,1.9722607135772705,LSTM,Prediction,Train
420,2025-06-27,P002,1.9782323837280276,LSTM,Prediction,Train
421,2025-06-28,P002,1.9910976886749268,LSTM,Prediction,Train
422,2025-06-29,P002,1.9722802639007568,LSTM,Prediction,Train
423,2025-06-30,P002,1.9828170537948608,LSTM,Prediction,Train
424,2025-07-01,P002,1.9812933206558228,LSTM,Prediction,Train
425,2025-07-02,P002,1.9750834703445437,LSTM,Prediction,Train
426,2025-07-03,P002,1.9817405939102173,LSTM,Prediction,Train
427,2025-07-04,P002,1.9832725524902344,LSTM,Prediction,Train
428,2025-07-05,P002,1.97594153881073,LSTM,Prediction,Train
429,2025-07-06,P002,1.969530463218689,LSTM,Prediction,Train
430,2025-07-07,P002,1.9751996994018557,LSTM,Prediction,Train
431,2025-07-08,P002,1.9814807176589968,LSTM,Prediction,Train
432,2025-07-09,P002,1.9775192737579343,LSTM,Prediction,Train
433,2025-07-10,P002,1.978465914726257,LSTM,Prediction,Train
434,2025-07-11,P002,1.976743221282959,LSTM,Prediction,Train
435,2025-07-12,P002,1.9751850366592407,LSTM,Prediction,Train
436,2025-07-13,P002,1.973344087600708,LSTM,Prediction,Train
437,2025-07-14,P002,1.9751516580581665,LSTM,Prediction,Train
438,2025-07-15,P002,1.9820548295974727,LSTM,Prediction,Train
439,2025-07-16,P002,1.971142530441284,LSTM,Prediction,Train
440,2025-07-17,P002,1.9837766885757449,LSTM,Prediction,Train
441,2025-07-18,P002,1.9756226539611816,LSTM,Prediction,Train
442,2025-07-19,P002,1.9895952939987185,LSTM,Prediction,Train
443,2025-07-20,P002,1.9785716533660889,LSTM,Prediction,Train
444,2025-07-21,P002,1.9767348766326904,LSTM,Prediction,Train
445,2025-07-22,P002,1.9848175048828125,LSTM,Prediction,Train
446,2025-07-23,P002,1.975141286849976,LSTM,Prediction,Train
447,2025-07-24,P002,1.976348042488098,LSTM,Prediction,Train
448,2025-07-25,P002,1.9842097759246824,LSTM,Prediction,Train
449,2025-07-26,P002,1.97830593585968,LSTM,Prediction,Train
450,2025-07-27,P002,1.972023844718933,LSTM,Prediction,Train
451,2025-07-28,P002,1.9712555408477783,LSTM,Prediction,Train
452,2025-07-29,P002,1.968773603439331,LSTM,Prediction,Train
453,2025-07-30,P002,1.9805444478988647,LSTM,Prediction,Train
454,2025-07-31,P002,1.9842394590377808,LSTM,Prediction,Train
455,2025-08-01,P002,1.9711610078811648,LSTM,Prediction,Train
456,2025-08-02,P002,1.977371454238892,LSTM,Prediction,Train
457,2025-08-03,P002,1.988197326660156,LSTM,Prediction,Train
458,2025-08-04,P002,1.984408974647522,LSTM,Prediction,Train
459,2025-08-05,P002,1.978397846221924,LSTM,Prediction,Train
460,2025-08-06,P002,1.976951241493225,LSTM,Prediction,Train
461,2025-08-07,P002,1.9841147661209104,LSTM,Prediction,Train
462,2025-08-08,P002,1.985806226730347,LSTM,Prediction,Train
463,2025-08-09,P002,1.9671859741210935,LSTM,Prediction,Train
464,2025-08-10,P002,1.969336032867432,LSTM,Prediction,Train
465,2025-08-11,P002,1.9812408685684204,LSTM,Prediction,Train
466,2025-08-12,P002,1.9852428436279297,LSTM,Prediction,Train
467,2025-08-13,P002,1.9758213758468628,LSTM,Prediction,Train
468,2025-08-14,P002,1.9749449491500852,LSTM,Prediction,Train
469,2025-08-15,P002,1.973782539367676,LSTM,Prediction,Train
470,2025-08-16,P002,1.984224557876587,LSTM,Prediction,Train
471,2025-08-17,P002,1.979696989059448,LSTM,Prediction,Train
472,2025-08-18,P002,1.9719618558883667,LSTM,Prediction,Train
473,2025-08-19,P002,1.9937065839767456,LSTM,Prediction,Train
474,2025-08-20,P002,1.980509042739868,LSTM,Prediction,Train
475,2025-08-21,P002,1.9779143333435056,LSTM,Prediction,Train
476,2025-08-22,P002,1.970777988433838,LSTM,Prediction,Train
477,2025-08-23,P002,1.980744242668152,LSTM,Prediction,Train
478,2025-08-24,P002,1.9737406969070437,LSTM,Prediction,Train
479,2025-08-25,P002,1.9748706817626955,LSTM,Prediction,Train
480,2025-08-26,P002,1.969472050666809,LSTM,Prediction,Train
481,2025-08-27,P002,1.971737504005432,LSTM,Prediction,Train
482,2025-08-28,P002,1.976725697517395,LSTM,Prediction,Train
483,2025-08-29,P002,1.9554381370544436,LSTM,Prediction,Train
484,2025-08-30,P002,1.9817692041397093,LSTM,Prediction,Train
485,2025-08-31,P002,1.975318431854248,LSTM,Prediction,Train
486,2025-09-01,P002,1.9751096963882449,LSTM,Prediction,Train
487,2025-09-02,P002,1.9799776077270508,LSTM,Prediction,Train
488,2025-09-03,P002,1.9770145416259768,LSTM,Prediction,Train
489,2025-09-04,P002,1.9751174449920652,LSTM,Prediction,Train
490,2025-09-05,P002,1.9777499437332156,LSTM,Prediction,Train
491,2025-09-06,P002,1.9749778509140012,LSTM,Prediction,Train
492,2025-09-07,P002,1.9713810682296755,LSTM,Prediction,Train
493,2025-09-08,P002,1.971717834472656,LSTM,Prediction,Train
494,2025-09-09,P002,1.9863642454147337,LSTM,Prediction,Train
495,2025-09-10,P002,1.982175588607788,LSTM,Prediction,Train
496,2025-09-11,P002,1.9787366390228271,LSTM,Prediction,Train
497,2025-09-12,P002,1.982102394104004,LSTM,Prediction,Train
498,2025-09-13,P002,1.976522445678711,LSTM,Prediction,Train
499,2025-09-14,P002,1.969032287597656,LSTM,Prediction,Train
500,2025-01-08,P003,1.892594575881958,LSTM,Prediction,Train
501,2025-01-09,P003,1.8910659551620483,LSTM,Prediction,Train
502,2025-01-10,P003,1.897415280342102,LSTM,Prediction,Train
503,2025-01-11,P003,1.8742709159851076,LSTM,Prediction,Train
504,2025-01-12,P003,1.89123010635376,LSTM,Prediction,Train
505,2025-01-13,P003,1.8878155946731567,LSTM,Prediction,Train
506,2025-01-14,P003,1.8983901739120483,LSTM,Prediction,Train
507,2025-01-15,P003,1.887210488319397,LSTM,Prediction,Train
508,2025-01-16,P003,1.8824801445007324,LSTM,Prediction,Train
509,2025-01-17,P003,1.8851901292800903,LSTM,Prediction,Train
510,2025-01-18,P003,1.898362755775452,LSTM,Prediction,Train
511,2025-01-19,P003,1.879410743713379,LSTM,Prediction,Train
512,2025-01-20,P003,1.8964513540267944,LSTM,Prediction,Train
513,2025-01-21,P003,1.8893026113510127,LSTM,Prediction,Train
514,2025-01-22,P003,1.8727920055389404,LSTM,Prediction,Train
515,2025-01-23,P003,1.889557123184204,LSTM,Prediction,Train
516,2025-01-24,P003,1.8843919038772583,LSTM,Prediction,Train
517,2025-01-25,P003,1.8937249183654783,LSTM,Prediction,Train
518,2025-01-26,P003,1.901421904563904,LSTM,Prediction,Train
519,2025-01-27,P003,1.9043710231781008,LSTM,Prediction,Train
520,2025-01-28,P003,1.888496994972229,LSTM,Prediction,Train
521,2025-01-29,P003,1.9037833213806152,LSTM,Prediction,Train
522,2025-01-30,P003,1.8925466537475584,LSTM,Prediction,Train
523,2025-01-31,P003,1.886102557182312,LSTM,Prediction,Train
524,2025-02-01,P003,1.8866596221923828,LSTM,Prediction,Train
525,2025-02-02,P003,1.883611083030701,LSTM,Prediction,Train
526,2025-02-03,P003,1.8981040716171265,LSTM,Prediction,Train
527,2025-02-04,P003,1.8831264972686768,LSTM,Prediction,Train
528,2025-02-05,P003,1.905730128288269,LSTM,Prediction,Train
529,2025-02-06,P003,1.886030316352844,LSTM,Prediction,Train
530,2025-02-07,P003,1.8914389610290527,LSTM,Prediction,Train
531,2025-02-08,P003,1.892573356628418,LSTM,Prediction,Train
532,2025-02-09,P003,1.907721996307373,LSTM,Prediction,Train
533,2025-02-10,P003,1.905101537704468,LSTM,Prediction,Train
534,2025-02-11,P003,1.8873050212860107,LSTM,Prediction,Train
535,2025-02-12,P003,1.890941381454468,LSTM,Prediction,Train
536,2025-02-13,P003,1.9017215967178345,LSTM,Prediction,Train
537,2025-02-14,P003,1.882598638534546,LSTM,Prediction,Train
538,2025-02-15,P003,1.878815770149231,LSTM,Prediction,Train
539,2025-02-16,P003,1.8790961503982544,LSTM,Prediction,Train
540,2025-02-17,P003,1.9002968072891235,LSTM,Prediction,Train
541,2025-02-18,P003,1.9014232158660889,LSTM,Prediction,Train
542,2025-02-19,P003,1.89212703704834,LSTM,Prediction,Train
543,2025-02-20,P003,1.8935785293579104,LSTM,Prediction,Train
544,2025-02-21,P003,1.892217755317688,LSTM,Prediction,Train
545,2025-02-22,P003,1.881814122200012,LSTM,Prediction,Train
546,2025-02-23,P003,1.892640829086304,LSTM,Prediction,Train
547,2025-02-24,P003,1.911732196807861,LSTM,Prediction,Train
548,2025-02-25,P003,1.888639211654663,LSTM,Prediction,Train
549,2025-02-26,P003,1.8916497230529783,LSTM,Prediction,Train
550,2025-02-27,P003,1.9055927991867063,LSTM,Prediction,Train
551,2025-02-28,P003,1.8913164138793943,LSTM,Prediction,Train
552,2025-03-01,P003,1.8896434307098389,LSTM,Prediction,Train
553,2025-03-02,P003,1.9006668329238887,LSTM,Prediction,Train
554,2025-03-03,P003,1.8936781883239744,LSTM,Prediction,Train
555,2025-03-04,P003,1.897866487503052,LSTM,Prediction,Train
556,2025-03-05,P003,1.8940315246582031,LSTM,Prediction,Train
557,2025-03-06,P003,1.8941036462783811,LSTM,Prediction,Train
558,2025-03-07,P003,1.8861230611801147,LSTM,Prediction,Train
559,2025-03-08,P003,1.910133481025696,LSTM,Prediction,Train
560,2025-03-09,P003,1.9169325828552248,LSTM,Prediction,Train
561,2025-03-10,P003,1.8987298011779783,LSTM,Prediction,Train
562,2025-03-11,P003,1.8990912437438965,LSTM,Prediction,Train
563,2025-03-12,P003,1.8819444179534912,LSTM,Prediction,Train
564,2025-03-13,P003,1.902113437652588,LSTM,Prediction,Train
565,2025-03-14,P003,1.8989802598953247,LSTM,Prediction,Train
566,2025-03-15,P003,1.885118007659912,LSTM,Prediction,Train
567,2025-03-16,P003,1.886597275733948,LSTM,Prediction,Train
568,2025-03-17,P003,1.8954612016677856,LSTM,Prediction,Train
569,2025-03-18,P003,1.902951717376709,LSTM,Prediction,Train
570,2025-03-19,P003,1.8699491024017332,LSTM,Prediction,Train
571,2025-03-20,P003,1.886133074760437,LSTM,Prediction,Train
572,2025-03-21,P003,1.878891110420227,LSTM,Prediction,Train
573,2025-03-22,P003,1.9095460176467896,LSTM,Prediction,Train
574,2025-03-23,P003,1.897928237915039,LSTM,Prediction,Train
575,2025-03-24,P003,1.897791862487793,LSTM,Prediction,Train
576,2025-03-25,P003,1.895082712173462,LSTM,Prediction,Train
577,2025-03-26,P003,1.891512155532837,LSTM,Prediction,Train
578,2025-03-27,P003,1.9008467197418213,LSTM,Prediction,Train
579,2025-03-28,P003,1.8976527452468872,LSTM,Prediction,Train
580,2025-03-29,P003,1.8908586502075195,LSTM,Prediction,Train
581,2025-03-30,P003,1.895546555519104,LSTM,Prediction,Train
582,2025-03-31,P003,1.871808648109436,LSTM,Prediction,Train
583,2025-04-01,P003,1.8892035484313965,LSTM,Prediction,Train
584,2025-04-02,P003,1.8987292051315308,LSTM,Prediction,Train
585,2025-04-03,P003,1.8829694986343384,LSTM,Prediction,Train
586,2025-04-04,P003,1.8949593305587769,LSTM,Prediction,Train
587,2025-04-05,P003,1.914369821548462,LSTM,Prediction,Train
588,2025-04-06,P003,1.8927018642425537,LSTM,Prediction,Train
589,2025-04-07,P003,1.8868346214294436,LSTM,Prediction,Train
590,2025-04-08,P003,1.898101806640625,LSTM,Prediction,Train
591,2025-04-09,P003,1.8911139965057373,LSTM,Prediction,Train
592,2025-04-10,P003,1.9093338251113887,LSTM,Prediction,Train
593,2025-04-11,P003,1.88654899597168,LSTM,Prediction,Train
594,2025-04-12,P003,1.8691797256469729,LSTM,Prediction,Train
595,2025-04-13,P003,1.8900129795074463,LSTM,Prediction,Train
596,2025-04-14,P003,1.9005224704742432,LSTM,Prediction,Train
597,2025-04-15,P003,1.8965847492218015,LSTM,Prediction,Train
598,2025-04-16,P003,1.8928359746932983,LSTM,Prediction,Train
599,2025-04-17,P003,1.9018117189407349,LSTM,Prediction,Train
600,2025-04-18,P003,1.8957494497299197,LSTM,Prediction,Train
601,2025-04-19,P003,1.888001799583435,LSTM,Prediction,Train
602,2025-04-20,P003,1.8981525897979736,LSTM,Prediction,Train
603,2025-04-21,P003,1.883342266082764,LSTM,Prediction,Train
604,2025-04-22,P003,1.8970167636871336,LSTM,Prediction,Train
605,2025-04-23,P003,1.892711281776428,LSTM,Prediction,Train
606,2025-04-24,P003,1.8921639919281008,LSTM,Prediction,Train
607,2025-04-25,P003,1.907764673233032,LSTM,Prediction,Train
608,2025-04-26,P003,1.8830642700195312,LSTM,Prediction,Train
609,2025-04-27,P003,1.9023537635803225,LSTM,Prediction,Train
610,2025-04-28,P003,1.889423131942749,LSTM,Prediction,Train
611,2025-04-29,P003,1.9049673080444336,LSTM,Prediction,Train
612,2025-04-30,P003,1.886746883392334,LSTM,Prediction,Train
613,2025-05-01,P003,1.8950601816177368,LSTM,Prediction,Train
614,2025-05-02,P003,1.891275405883789,LSTM,Prediction,Train
615,2025-05-03,P003,1.90012001991272,LSTM,Prediction,Train
616,2025-05-04,P003,1.9021536111831665,LSTM,Prediction,Train
617,2025-05-05,P003,1.8901727199554443,LSTM,Prediction,Train
618,2025-05-06,P003,1.8928428888320925,LSTM,Prediction,Train
619,2025-05-07,P003,1.888153076171875,LSTM,Prediction,Train
620,2025-05-08,P003,1.8908569812774656,LSTM,Prediction,Train
621,2025-05-09,P003,1.8887726068496704,LSTM,Prediction,Train
622,2025-05-10,P003,1.878137469291687,LSTM,Prediction,Train
623,2025-05-11,P003,1.9001264572143557,LSTM,Prediction,Train
624,2025-05-12,P003,1.8925038576126096,LSTM,Prediction,Train
625,2025-05-13,P003,1.887693166732788,LSTM,Prediction,Train
626,2025-05-14,P003,1.883411884307861,LSTM,Prediction,Train
627,2025-05-15,P003,1.8951932191848757,LSTM,Prediction,Train
628,2025-05-16,P003,1.897733449935913,LSTM,Prediction,Train
629,2025-05-17,P003,1.8963009119033811,LSTM,Prediction,Train
630,2025-05-18,P003,1.899676322937012,LSTM,Prediction,Train
631,2025-05-19,P003,1.884079098701477,LSTM,Prediction,Train
632,2025-05-20,P003,1.9059616327285769,LSTM,Prediction,Train
633,2025-05-21,P003,1.8906341791152956,LSTM,Prediction,Train
634,2025-05-22,P003,1.8886010646820068,LSTM,Prediction,Train
635,2025-05-23,P003,1.896484136581421,LSTM,Prediction,Train
636,2025-05-24,P003,1.8679453134536743,LSTM,Prediction,Train
637,2025-05-25,P003,1.8918853998184204,LSTM,Prediction,Train
638,2025-05-26,P003,1.898700475692749,LSTM,Prediction,Train
639,2025-05-27,P003,1.886810302734375,LSTM,Prediction,Train
640,2025-05-28,P003,1.8922699689865112,LSTM,Prediction,Train
641,2025-05-29,P003,1.8834387063980105,LSTM,Prediction,Train
642,2025-05-30,P003,1.882163524627685,LSTM,Prediction,Train
643,2025-05-31,P003,1.893613338470459,LSTM,Prediction,Train
644,2025-06-01,P003,1.9017120599746704,LSTM,Prediction,Train
645,2025-06-02,P003,1.8984535932540891,LSTM,Prediction,Train
646,2025-06-03,P003,1.879654884338379,LSTM,Prediction,Train
647,2025-06-04,P003,1.892142653465271,LSTM,Prediction,Train
648,2025-06-05,P003,1.9044026136398315,LSTM,Prediction,Train
649,2025-06-06,P003,1.9027258157730105,LSTM,Prediction,Train
650,2025-06-07,P003,1.8902291059494016,LSTM,Prediction,Train
651,2025-06-08,P003,1.9007599353790283,LSTM,Prediction,Train
652,2025-06-09,P003,1.8890568017959597,LSTM,Prediction,Train
653,2025-06-10,P003,1.889328956604004,LSTM,Prediction,Train
654,2025-06-11,P003,1.885540246963501,LSTM,Prediction,Train
655,2025-06-12,P003,1.90057110786438,LSTM,Prediction,Train
656,2025-06-13,P003,1.877792835235596,LSTM,Prediction,Train
657,2025-06-14,P003,1.8829106092453003,LSTM,Prediction,Train
658,2025-06-15,P003,1.8920226097106931,LSTM,Prediction,Train
659,2025-06-16,P003,1.8973956108093264,LSTM,Prediction,Train
660,2025-06-17,P003,1.8885829448699951,LSTM,Prediction,Train
661,2025-06-18,P003,1.888538837432861,LSTM,Prediction,Train
662,2025-06-19,P003,1.900617241859436,LSTM,Prediction,Train
663,2025-06-20,P003,1.8952772617340088,LSTM,Prediction,Train
664,2025-06-21,P003,1.8872759342193604,LSTM,Prediction,Train
665,2025-06-22,P003,1.9063650369644165,LSTM,Prediction,Train
666,2025-06-23,P003,1.8971372842788696,LSTM,Prediction,Train
667,2025-06-24,P003,1.882069110870361,LSTM,Prediction,Train
668,2025-06-25,P003,1.8810073137283323,LSTM,Prediction,Train
669,2025-06-26,P003,1.8861202001571653,LSTM,Prediction,Train
670,2025-06-27,P003,1.893959403038025,LSTM,Prediction,Train
671,2025-06-28,P003,1.9119023084640503,LSTM,Prediction,Train
672,2025-06-29,P003,1.883228063583374,LSTM,Prediction,Train
673,2025-06-30,P003,1.9016433954238887,LSTM,Prediction,Train
674,2025-07-01,P003,1.8987393379211424,LSTM,Prediction,Train
675,2025-07-02,P003,1.8892205953598025,LSTM,Prediction,Train
676,2025-07-03,P003,1.8992865085601809,LSTM,Prediction,Train
677,2025-07-04,P003,1.896874189376831,LSTM,Prediction,Train
678,2025-07-05,P003,1.8913822174072263,LSTM,Prediction,Train
679,2025-07-06,P003,1.883785843849182,LSTM,Prediction,Train
680,2025-07-07,P003,1.8927520513534544,LSTM,Prediction,Train
681,2025-07-08,P003,1.8955436944961548,LSTM,Prediction,Train
682,2025-07-09,P003,1.8943898677825928,LSTM,Prediction,Train
683,2025-07-10,P003,1.8924617767333984,LSTM,Prediction,Train
684,2025-07-11,P003,1.8911492824554443,LSTM,Prediction,Train
685,2025-07-12,P003,1.8923749923706052,LSTM,Prediction,Train
686,2025-07-13,P003,1.888080596923828,LSTM,Prediction,Train
687,2025-07-14,P003,1.8935222625732424,LSTM,Prediction,Train
688,2025-07-15,P003,1.9011664390563965,LSTM,Prediction,Train
689,2025-07-16,P003,1.880260705947876,LSTM,Prediction,Train
690,2025-07-17,P003,1.9008104801177976,LSTM,Prediction,Train
691,2025-07-18,P003,1.8875534534454343,LSTM,Prediction,Train
692,2025-07-19,P003,1.905191421508789,LSTM,Prediction,Train
693,2025-07-20,P003,1.8996113538742063,LSTM,Prediction,Train
694,2025-07-21,P003,1.893943428993225,LSTM,Prediction,Train
695,2025-07-22,P003,1.9078410863876345,LSTM,Prediction,Train
696,2025-07-23,P003,1.8884782791137693,LSTM,Prediction,Train
697,2025-07-24,P003,1.8904184103012085,LSTM,Prediction,Train
698,2025-07-25,P003,1.901984930038452,LSTM,Prediction,Train
699,2025-07-26,P003,1.8941456079483032,LSTM,Prediction,Train
700,2025-07-27,P003,1.88586699962616,LSTM,Prediction,Train
701,2025-07-28,P003,1.8824455738067627,LSTM,Prediction,Train
702,2025-07-29,P003,1.878061294555664,LSTM,Prediction,Train
703,2025-07-30,P003,1.8977892398834229,LSTM,Prediction,Train
704,2025-07-31,P003,1.9026950597763064,LSTM,Prediction,Train
705,2025-08-01,P003,1.884873867034912,LSTM,Prediction,Train
706,2025-08-02,P003,1.897671222686768,LSTM,Prediction,Train
707,2025-08-03,P003,1.9146244525909424,LSTM,Prediction,Train
708,2025-08-04,P003,1.9062062501907349,LSTM,Prediction,Train
709,2025-08-05,P003,1.8938589096069336,LSTM,Prediction,Train
710,2025-08-06,P003,1.8920615911483765,LSTM,Prediction,Train
711,2025-08-07,P003,1.898258090019226,LSTM,Prediction,Train
712,2025-08-08,P003,1.9003117084503172,LSTM,Prediction,Train
713,2025-08-09,P003,1.880426049232483,LSTM,Prediction,Train
714,2025-08-10,P003,1.880898714065552,LSTM,Prediction,Train
715,2025-08-11,P003,1.897191882133484,LSTM,Prediction,Train
716,2025-08-12,P003,1.8982301950454712,LSTM,Prediction,Train
717,2025-08-13,P003,1.8895142078399656,LSTM,Prediction,Train
718,2025-08-14,P003,1.8899853229522705,LSTM,Prediction,Train
719,2025-08-15,P003,1.887694239616394,LSTM,Prediction,Train
720,2025-08-16,P003,1.9017730951309204,LSTM,Prediction,Train
721,2025-08-17,P003,1.896371841430664,LSTM,Prediction,Train
722,2025-08-18,P003,1.883891224861145,LSTM,Prediction,Train
723,2025-08-19,P003,1.9079372882843015,LSTM,Prediction,Train
724,2025-08-20,P003,1.8951736688613887,LSTM,Prediction,Train
725,2025-08-21,P003,1.8929121494293213,LSTM,Prediction,Train
726,2025-08-22,P003,1.8822475671768188,LSTM,Prediction,Train
727,2025-08-23,P003,1.8982508182525637,LSTM,Prediction,Train
728,2025-08-24,P003,1.8900456428527832,LSTM,Prediction,Train
729,2025-08-25,P003,1.8886631727218628,LSTM,Prediction,Train
730,2025-08-26,P003,1.878584623336792,LSTM,Prediction,Train
731,2025-08-27,P003,1.884737014770508,LSTM,Prediction,Train
732,2025-08-28,P003,1.890693545341492,LSTM,Prediction,Train
733,2025-08-29,P003,1.8615089654922483,LSTM,Prediction,Train
734,2025-08-30,P003,1.897234559059143,LSTM,Prediction,Train
735,2025-08-31,P003,1.8924064636230469,LSTM,Prediction,Train
736,2025-09-01,P003,1.8942159414291384,LSTM,Prediction,Train
737,2025-09-02,P003,1.899625539779663,LSTM,Prediction,Train
738,2025-09-03,P003,1.8929084539413448,LSTM,Prediction,Train
739,2025-09-04,P003,1.8864667415618896,LSTM,Prediction,Train
740,2025-09-05,P003,1.890077352523804,LSTM,Prediction,Train
741,2025-09-06,P003,1.8904672861099243,LSTM,Prediction,Train
742,2025-09-07,P003,1.8808515071868896,LSTM,Prediction,Train
743,2025-09-08,P003,1.878934621810913,LSTM,Prediction,Train
744,2025-09-09,P003,1.9045672416687007,LSTM,Prediction,Train
745,2025-09-10,P003,1.898781180381775,LSTM,Prediction,Train
746,2025-09-11,P003,1.894650101661682,LSTM,Prediction,Train
747,2025-09-12,P003,1.8975826501846316,LSTM,Prediction,Train
748,2025-09-13,P003,1.8922271728515625,LSTM,Prediction,Train
749,2025-09-14,P003,1.8821196556091309,LSTM,Prediction,Train
750,2025-01-08,P004,2.199535369873047,LSTM,Prediction,Train
751,2025-01-09,P004,2.199599266052246,LSTM,Prediction,Train
752,2025-01-10,P004,2.203338623046875,LSTM,Prediction,Train
753,2025-01-11,P004,2.190959453582764,LSTM,Prediction,Train
754,2025-01-12,P004,2.199862480163574,LSTM,Prediction,Train
755,2025-01-13,P004,2.195363521575928,LSTM,Prediction,Train
756,2025-01-14,P004,2.198372364044189,LSTM,Prediction,Train
757,2025-01-15,P004,2.1960577964782715,LSTM,Prediction,Train
758,2025-01-16,P004,2.1954545974731445,LSTM,Prediction,Train
759,2025-01-17,P004,2.1967039108276367,LSTM,Prediction,Train
760,2025-01-18,P004,2.2014284133911133,LSTM,Prediction,Train
761,2025-01-19,P004,2.193888664245605,LSTM,Prediction,Train
762,2025-01-20,P004,2.199906826019287,LSTM,Prediction,Train
763,2025-01-21,P004,2.1983232498168945,LSTM,Prediction,Train
764,2025-01-22,P004,2.19310998916626,LSTM,Prediction,Train
765,2025-01-23,P004,2.196476936340332,LSTM,Prediction,Train
766,2025-01-24,P004,2.197446346282959,LSTM,Prediction,Train
767,2025-01-25,P004,2.196967601776123,LSTM,Prediction,Train
768,2025-01-26,P004,2.201566696166992,LSTM,Prediction,Train
769,2025-01-27,P004,2.2000460624694824,LSTM,Prediction,Train
770,2025-01-28,P004,2.2008986473083496,LSTM,Prediction,Train
771,2025-01-29,P004,2.207207202911377,LSTM,Prediction,Train
772,2025-01-30,P004,2.197959899902344,LSTM,Prediction,Train
773,2025-01-31,P004,2.193902015686035,LSTM,Prediction,Train
774,2025-02-01,P004,2.199934482574463,LSTM,Prediction,Train
775,2025-02-02,P004,2.1946897506713867,LSTM,Prediction,Train
776,2025-02-03,P004,2.198139190673828,LSTM,Prediction,Train
777,2025-02-04,P004,2.195143699645996,LSTM,Prediction,Train
778,2025-02-05,P004,2.20444917678833,LSTM,Prediction,Train
779,2025-02-06,P004,2.1947484016418457,LSTM,Prediction,Train
780,2025-02-07,P004,2.198296546936035,LSTM,Prediction,Train
781,2025-02-08,P004,2.198546886444092,LSTM,Prediction,Train
782,2025-02-09,P004,2.2009100914001465,LSTM,Prediction,Train
783,2025-02-10,P004,2.205512046813965,LSTM,Prediction,Train
784,2025-02-11,P004,2.195435047149658,LSTM,Prediction,Train
785,2025-02-12,P004,2.1983652114868164,LSTM,Prediction,Train
786,2025-02-13,P004,2.2020092010498047,LSTM,Prediction,Train
787,2025-02-14,P004,2.194215774536133,LSTM,Prediction,Train
788,2025-02-15,P004,2.1924962997436523,LSTM,Prediction,Train
789,2025-02-16,P004,2.191295623779297,LSTM,Prediction,Train
790,2025-02-17,P004,2.2026333808898926,LSTM,Prediction,Train
791,2025-02-18,P004,2.199526309967041,LSTM,Prediction,Train
792,2025-02-19,P004,2.1968259811401367,LSTM,Prediction,Train
793,2025-02-20,P004,2.19533920288086,LSTM,Prediction,Train
794,2025-02-21,P004,2.196700096130371,LSTM,Prediction,Train
795,2025-02-22,P004,2.2012972831726074,LSTM,Prediction,Train
796,2025-02-23,P004,2.196842670440674,LSTM,Prediction,Train
797,2025-02-24,P004,2.2053513526916504,LSTM,Prediction,Train
798,2025-02-25,P004,2.1986002922058105,LSTM,Prediction,Train
799,2025-02-26,P004,2.1961922645568848,LSTM,Prediction,Train
800,2025-02-27,P004,2.203528881072998,LSTM,Prediction,Train
801,2025-02-28,P004,2.196876049041748,LSTM,Prediction,Train
802,2025-03-01,P004,2.196175575256348,LSTM,Prediction,Train
803,2025-03-02,P004,2.199239730834961,LSTM,Prediction,Train
804,2025-03-03,P004,2.19789457321167,LSTM,Prediction,Train
805,2025-03-04,P004,2.198004722595215,LSTM,Prediction,Train
806,2025-03-05,P004,2.200233459472656,LSTM,Prediction,Train
807,2025-03-06,P004,2.1967759132385254,LSTM,Prediction,Train
808,2025-03-07,P004,2.1941781044006348,LSTM,Prediction,Train
809,2025-03-08,P004,2.2045273780822754,LSTM,Prediction,Train
810,2025-03-09,P004,2.2062768936157227,LSTM,Prediction,Train
811,2025-03-10,P004,2.1989216804504395,LSTM,Prediction,Train
812,2025-03-11,P004,2.204345226287842,LSTM,Prediction,Train
813,2025-03-12,P004,2.1940650939941406,LSTM,Prediction,Train
814,2025-03-13,P004,2.200727939605713,LSTM,Prediction,Train
815,2025-03-14,P004,2.202113628387451,LSTM,Prediction,Train
816,2025-03-15,P004,2.1954498291015625,LSTM,Prediction,Train
817,2025-03-16,P004,2.1949687004089355,LSTM,Prediction,Train
818,2025-03-17,P004,2.197829246520996,LSTM,Prediction,Train
819,2025-03-18,P004,2.2087974548339844,LSTM,Prediction,Train
820,2025-03-19,P004,2.1889023780822754,LSTM,Prediction,Train
821,2025-03-20,P004,2.2005062103271484,LSTM,Prediction,Train
822,2025-03-21,P004,2.193587303161621,LSTM,Prediction,Train
823,2025-03-22,P004,2.2076454162597656,LSTM,Prediction,Train
824,2025-03-23,P004,2.199105262756348,LSTM,Prediction,Train
825,2025-03-24,P004,2.199153423309326,LSTM,Prediction,Train
826,2025-03-25,P004,2.197999954223633,LSTM,Prediction,Train
827,2025-03-26,P004,2.197561264038086,LSTM,Prediction,Train
828,2025-03-27,P004,2.202239513397217,LSTM,Prediction,Train
829,2025-03-28,P004,2.200568675994873,LSTM,Prediction,Train
830,2025-03-29,P004,2.193985939025879,LSTM,Prediction,Train
831,2025-03-30,P004,2.2004432678222656,LSTM,Prediction,Train
832,2025-03-31,P004,2.189743995666504,LSTM,Prediction,Train
833,2025-04-01,P004,2.19876480102539,LSTM,Prediction,Train
834,2025-04-02,P004,2.1999311447143555,LSTM,Prediction,Train
835,2025-04-03,P004,2.2035932540893555,LSTM,Prediction,Train
836,2025-04-04,P004,2.1986470222473145,LSTM,Prediction,Train
837,2025-04-05,P004,2.2111730575561523,LSTM,Prediction,Train
838,2025-04-06,P004,2.1973280906677246,LSTM,Prediction,Train
839,2025-04-07,P004,2.196828365325928,LSTM,Prediction,Train
840,2025-04-08,P004,2.1983132362365723,LSTM,Prediction,Train
841,2025-04-09,P004,2.200236320495605,LSTM,Prediction,Train
842,2025-04-10,P004,2.2019143104553223,LSTM,Prediction,Train
843,2025-04-11,P004,2.1956443786621094,LSTM,Prediction,Train
844,2025-04-12,P004,2.193305015563965,LSTM,Prediction,Train
845,2025-04-13,P004,2.1965317726135254,LSTM,Prediction,Train
846,2025-04-14,P004,2.2007431983947754,LSTM,Prediction,Train
847,2025-04-15,P004,2.200045108795166,LSTM,Prediction,Train
848,2025-04-16,P004,2.1991729736328125,LSTM,Prediction,Train
849,2025-04-17,P004,2.20460844039917,LSTM,Prediction,Train
850,2025-04-18,P004,2.2011942863464355,LSTM,Prediction,Train
851,2025-04-19,P004,2.196478366851806,LSTM,Prediction,Train
852,2025-04-20,P004,2.200530529022217,LSTM,Prediction,Train
853,2025-04-21,P004,2.192577362060547,LSTM,Prediction,Train
854,2025-04-22,P004,2.1996512413024902,LSTM,Prediction,Train
855,2025-04-23,P004,2.1992878913879395,LSTM,Prediction,Train
856,2025-04-24,P004,2.1969523429870605,LSTM,Prediction,Train
857,2025-04-25,P004,2.2024922370910645,LSTM,Prediction,Train
858,2025-04-26,P004,2.199371814727783,LSTM,Prediction,Train
859,2025-04-27,P004,2.1998953819274902,LSTM,Prediction,Train
860,2025-04-28,P004,2.199103355407715,LSTM,Prediction,Train
861,2025-04-29,P004,2.203254222869873,LSTM,Prediction,Train
862,2025-04-30,P004,2.195683002471924,LSTM,Prediction,Train
863,2025-05-01,P004,2.1980538368225098,LSTM,Prediction,Train
864,2025-05-02,P004,2.196007251739502,LSTM,Prediction,Train
865,2025-05-03,P004,2.200946807861328,LSTM,Prediction,Train
866,2025-05-04,P004,2.2044639587402344,LSTM,Prediction,Train
867,2025-05-05,P004,2.196617603302002,LSTM,Prediction,Train
868,2025-05-06,P004,2.195547103881836,LSTM,Prediction,Train
869,2025-05-07,P004,2.19901704788208,LSTM,Prediction,Train
870,2025-05-08,P004,2.2003636360168457,LSTM,Prediction,Train
871,2025-05-09,P004,2.1961021423339844,LSTM,Prediction,Train
872,2025-05-10,P004,2.1921191215515137,LSTM,Prediction,Train
873,2025-05-11,P004,2.198727607727051,LSTM,Prediction,Train
874,2025-05-12,P004,2.196615695953369,LSTM,Prediction,Train
875,2025-05-13,P004,2.195180892944336,LSTM,Prediction,Train
876,2025-05-14,P004,2.1935839653015137,LSTM,Prediction,Train
877,2025-05-15,P004,2.1973886489868164,LSTM,Prediction,Train
878,2025-05-16,P004,2.2012290954589844,LSTM,Prediction,Train
879,2025-05-17,P004,2.199359893798828,LSTM,Prediction,Train
880,2025-05-18,P004,2.199921131134033,LSTM,Prediction,Train
881,2025-05-19,P004,2.196135997772217,LSTM,Prediction,Train
882,2025-05-20,P004,2.199848175048828,LSTM,Prediction,Train
883,2025-05-21,P004,2.2034778594970703,LSTM,Prediction,Train
884,2025-05-22,P004,2.196784019470215,LSTM,Prediction,Train
885,2025-05-23,P004,2.2005248069763184,LSTM,Prediction,Train
886,2025-05-24,P004,2.190793991088867,LSTM,Prediction,Train
887,2025-05-25,P004,2.197777271270752,LSTM,Prediction,Train
888,2025-05-26,P004,2.199105739593506,LSTM,Prediction,Train
889,2025-05-27,P004,2.1955580711364746,LSTM,Prediction,Train
890,2025-05-28,P004,2.197558879852295,LSTM,Prediction,Train
891,2025-05-29,P004,2.199734687805176,LSTM,Prediction,Train
892,2025-05-30,P004,2.19744873046875,LSTM,Prediction,Train
893,2025-05-31,P004,2.196171283721924,LSTM,Prediction,Train
894,2025-06-01,P004,2.199223518371582,LSTM,Prediction,Train
895,2025-06-02,P004,2.199711799621582,LSTM,Prediction,Train
896,2025-06-03,P004,2.193091869354248,LSTM,Prediction,Train
897,2025-06-04,P004,2.196807861328125,LSTM,Prediction,Train
898,2025-06-05,P004,2.20145320892334,LSTM,Prediction,Train
899,2025-06-06,P004,2.206545829772949,LSTM,Prediction,Train
900,2025-06-07,P004,2.199548721313477,LSTM,Prediction,Train
901,2025-06-08,P004,2.2000136375427246,LSTM,Prediction,Train
902,2025-06-09,P004,2.198063373565674,LSTM,Prediction,Train
903,2025-06-10,P004,2.197127342224121,LSTM,Prediction,Train
904,2025-06-11,P004,2.1951394081115723,LSTM,Prediction,Train
905,2025-06-12,P004,2.198637008666992,LSTM,Prediction,Train
906,2025-06-13,P004,2.193427085876465,LSTM,Prediction,Train
907,2025-06-14,P004,2.1935572624206543,LSTM,Prediction,Train
908,2025-06-15,P004,2.197049617767334,LSTM,Prediction,Train
909,2025-06-16,P004,2.196466445922852,LSTM,Prediction,Train
910,2025-06-17,P004,2.1971349716186523,LSTM,Prediction,Train
911,2025-06-18,P004,2.1971688270568848,LSTM,Prediction,Train
912,2025-06-19,P004,2.1995978355407715,LSTM,Prediction,Train
913,2025-06-20,P004,2.1976218223571777,LSTM,Prediction,Train
914,2025-06-21,P004,2.193570137023926,LSTM,Prediction,Train
915,2025-06-22,P004,2.201113224029541,LSTM,Prediction,Train
916,2025-06-23,P004,2.198048591613769,LSTM,Prediction,Train
917,2025-06-24,P004,2.19375228881836,LSTM,Prediction,Train
918,2025-06-25,P004,2.193611621856689,LSTM,Prediction,Train
919,2025-06-26,P004,2.1961803436279297,LSTM,Prediction,Train
920,2025-06-27,P004,2.1976943016052246,LSTM,Prediction,Train
921,2025-06-28,P004,2.2076234817504883,LSTM,Prediction,Train
922,2025-06-29,P004,2.195075035095215,LSTM,Prediction,Train
923,2025-06-30,P004,2.2015981674194336,LSTM,Prediction,Train
924,2025-07-01,P004,2.198297500610352,LSTM,Prediction,Train
925,2025-07-02,P004,2.1965789794921875,LSTM,Prediction,Train
926,2025-07-03,P004,2.201718807220459,LSTM,Prediction,Train
927,2025-07-04,P004,2.20046329498291,LSTM,Prediction,Train
928,2025-07-05,P004,2.1970443725585938,LSTM,Prediction,Train
929,2025-07-06,P004,2.193126678466797,LSTM,Prediction,Train
930,2025-07-07,P004,2.1989870071411133,LSTM,Prediction,Train
931,2025-07-08,P004,2.200081348419189,LSTM,Prediction,Train
932,2025-07-09,P004,2.1978025436401367,LSTM,Prediction,Train
933,2025-07-10,P004,2.197976589202881,LSTM,Prediction,Train
934,2025-07-11,P004,2.197934150695801,LSTM,Prediction,Train
935,2025-07-12,P004,2.1963257789611816,LSTM,Prediction,Train
936,2025-07-13,P004,2.195484161376953,LSTM,Prediction,Train
937,2025-07-14,P004,2.197197437286377,LSTM,Prediction,Train
938,2025-07-15,P004,2.1993203163146973,LSTM,Prediction,Train
939,2025-07-16,P004,2.195489883422852,LSTM,Prediction,Train
940,2025-07-17,P004,2.2020959854125977,LSTM,Prediction,Train
941,2025-07-18,P004,2.1995649337768555,LSTM,Prediction,Train
942,2025-07-19,P004,2.206169605255127,LSTM,Prediction,Train
943,2025-07-20,P004,2.1992945671081543,LSTM,Prediction,Train
944,2025-07-21,P004,2.200358390808105,LSTM,Prediction,Train
945,2025-07-22,P004,2.200052261352539,LSTM,Prediction,Train
946,2025-07-23,P004,2.197122573852539,LSTM,Prediction,Train
947,2025-07-24,P004,2.202059268951416,LSTM,Prediction,Train
948,2025-07-25,P004,2.203108310699463,LSTM,Prediction,Train
949,2025-07-26,P004,2.1975083351135254,LSTM,Prediction,Train
950,2025-07-27,P004,2.194875240325928,LSTM,Prediction,Train
951,2025-07-28,P004,2.1937403678894043,LSTM,Prediction,Train
952,2025-07-29,P004,2.198028087615967,LSTM,Prediction,Train
953,2025-07-30,P004,2.1980466842651367,LSTM,Prediction,Train
954,2025-07-31,P004,2.200467586517334,LSTM,Prediction,Train
955,2025-08-01,P004,2.1944851875305176,LSTM,Prediction,Train
956,2025-08-02,P004,2.1991963386535645,LSTM,Prediction,Train
957,2025-08-03,P004,2.202945709228516,LSTM,Prediction,Train
958,2025-08-04,P004,2.204320907592773,LSTM,Prediction,Train
959,2025-08-05,P004,2.1971821784973145,LSTM,Prediction,Train
960,2025-08-06,P004,2.1991219520568848,LSTM,Prediction,Train
961,2025-08-07,P004,2.2013940811157227,LSTM,Prediction,Train
962,2025-08-08,P004,2.201725959777832,LSTM,Prediction,Train
963,2025-08-09,P004,2.196826934814453,LSTM,Prediction,Train
964,2025-08-10,P004,2.1968698501586914,LSTM,Prediction,Train
965,2025-08-11,P004,2.200930595397949,LSTM,Prediction,Train
966,2025-08-12,P004,2.2018227577209477,LSTM,Prediction,Train
967,2025-08-13,P004,2.1966843605041504,LSTM,Prediction,Train
968,2025-08-14,P004,2.1966705322265625,LSTM,Prediction,Train
969,2025-08-15,P004,2.1953091621398926,LSTM,Prediction,Train
970,2025-08-16,P004,2.2063779830932617,LSTM,Prediction,Train
971,2025-08-17,P004,2.197415828704834,LSTM,Prediction,Train
972,2025-08-18,P004,2.194854259490967,LSTM,Prediction,Train
973,2025-08-19,P004,2.2064037322998047,LSTM,Prediction,Train
974,2025-08-20,P004,2.1976161003112797,LSTM,Prediction,Train
975,2025-08-21,P004,2.198120594024658,LSTM,Prediction,Train
976,2025-08-22,P004,2.195028781890869,LSTM,Prediction,Train
977,2025-08-23,P004,2.198166847229004,LSTM,Prediction,Train
978,2025-08-24,P004,2.1967639923095703,LSTM,Prediction,Train
979,2025-08-25,P004,2.195485115051269,LSTM,Prediction,Train
980,2025-08-26,P004,2.1926307678222656,LSTM,Prediction,Train
981,2025-08-27,P004,2.1944351196289062,LSTM,Prediction,Train
982,2025-08-28,P004,2.2020263671875,LSTM,Prediction,Train
983,2025-08-29,P004,2.1868929862976074,LSTM,Prediction,Train
984,2025-08-30,P004,2.1979637145996094,LSTM,Prediction,Train
985,2025-08-31,P004,2.1953887939453125,LSTM,Prediction,Train
986,2025-09-01,P004,2.196565628051758,LSTM,Prediction,Train
987,2025-09-02,P004,2.2014455795288086,LSTM,Prediction,Train
988,2025-09-03,P004,2.1965718269348145,LSTM,Prediction,Train
989,2025-09-04,P004,2.199429512023926,LSTM,Prediction,Train
990,2025-09-05,P004,2.19661283493042,LSTM,Prediction,Train
991,2025-09-06,P004,2.198193073272705,LSTM,Prediction,Train
992,2025-09-07,P004,2.1965227127075195,LSTM,Prediction,Train
993,2025-09-08,P004,2.19312047958374,LSTM,Prediction,Train
994,2025-09-09,P004,2.2065916061401367,LSTM,Prediction,Train
995,2025-09-10,P004,2.20013427734375,LSTM,Prediction,Train
996,2025-09-11,P004,2.1967568397521973,LSTM,Prediction,Train
997,2025-09-12,P004,2.1983323097229004,LSTM,Prediction,Train
998,2025-09-13,P004,2.197266101837158,LSTM,Prediction,Train
999,2025-09-14,P004,2.194695472717285,LSTM,Prediction,Train
1000,2025-01-08,P005,2.014788627624512,LSTM,Prediction,Train
1001,2025-01-09,P005,2.0144147872924805,LSTM,Prediction,Train
1002,2025-01-10,P005,2.0165646076202397,LSTM,Prediction,Train
1003,2025-01-11,P005,2.003657102584839,LSTM,Prediction,Train
1004,2025-01-12,P005,2.015186309814453,LSTM,Prediction,Train
1005,2025-01-13,P005,2.0101637840271,LSTM,Prediction,Train
1006,2025-01-14,P005,2.013302564620972,LSTM,Prediction,Train
1007,2025-01-15,P005,2.010106086730957,LSTM,Prediction,Train
1008,2025-01-16,P005,2.009360790252685,LSTM,Prediction,Train
1009,2025-01-17,P005,2.011127471923828,LSTM,Prediction,Train
1010,2025-01-18,P005,2.0180554389953613,LSTM,Prediction,Train
1011,2025-01-19,P005,2.0071768760681152,LSTM,Prediction,Train
1012,2025-01-20,P005,2.015044450759888,LSTM,Prediction,Train
1013,2025-01-21,P005,2.014063835144043,LSTM,Prediction,Train
1014,2025-01-22,P005,2.006261110305786,LSTM,Prediction,Train
1015,2025-01-23,P005,2.0096826553344727,LSTM,Prediction,Train
1016,2025-01-24,P005,2.0097849369049072,LSTM,Prediction,Train
1017,2025-01-25,P005,2.0117831230163574,LSTM,Prediction,Train
1018,2025-01-26,P005,2.0173428058624268,LSTM,Prediction,Train
1019,2025-01-27,P005,2.0163140296936035,LSTM,Prediction,Train
1020,2025-01-28,P005,2.014480829238892,LSTM,Prediction,Train
1021,2025-01-29,P005,2.0279741287231445,LSTM,Prediction,Train
1022,2025-01-30,P005,2.012292623519897,LSTM,Prediction,Train
1023,2025-01-31,P005,2.0077691078186035,LSTM,Prediction,Train
1024,2025-02-01,P005,2.0121445655822754,LSTM,Prediction,Train
1025,2025-02-02,P005,2.0084946155548096,LSTM,Prediction,Train
1026,2025-02-03,P005,2.013425350189209,LSTM,Prediction,Train
1027,2025-02-04,P005,2.0095231533050537,LSTM,Prediction,Train
1028,2025-02-05,P005,2.020869016647339,LSTM,Prediction,Train
1029,2025-02-06,P005,2.0095131397247314,LSTM,Prediction,Train
1030,2025-02-07,P005,2.011448621749878,LSTM,Prediction,Train
1031,2025-02-08,P005,2.0137109756469727,LSTM,Prediction,Train
1032,2025-02-09,P005,2.0179269313812256,LSTM,Prediction,Train
1033,2025-02-10,P005,2.020626306533813,LSTM,Prediction,Train
1034,2025-02-11,P005,2.0095832347869877,LSTM,Prediction,Train
1035,2025-02-12,P005,2.0135607719421387,LSTM,Prediction,Train
1036,2025-02-13,P005,2.021289110183716,LSTM,Prediction,Train
1037,2025-02-14,P005,2.007821798324585,LSTM,Prediction,Train
1038,2025-02-15,P005,2.0057530403137207,LSTM,Prediction,Train
1039,2025-02-16,P005,2.005025625228882,LSTM,Prediction,Train
1040,2025-02-17,P005,2.0188419818878174,LSTM,Prediction,Train
1041,2025-02-18,P005,2.013823747634888,LSTM,Prediction,Train
1042,2025-02-19,P005,2.0111992359161377,LSTM,Prediction,Train
1043,2025-02-20,P005,2.013892889022827,LSTM,Prediction,Train
1044,2025-02-21,P005,2.011824131011963,LSTM,Prediction,Train
1045,2025-02-22,P005,2.008857011795044,LSTM,Prediction,Train
1046,2025-02-23,P005,2.010687351226806,LSTM,Prediction,Train
1047,2025-02-24,P005,2.0235111713409424,LSTM,Prediction,Train
1048,2025-02-25,P005,2.012614488601685,LSTM,Prediction,Train
1049,2025-02-26,P005,2.011514663696289,LSTM,Prediction,Train
1050,2025-02-27,P005,2.0198967456817627,LSTM,Prediction,Train
1051,2025-02-28,P005,2.0102341175079346,LSTM,Prediction,Train
1052,2025-03-01,P005,2.01005482673645,LSTM,Prediction,Train
1053,2025-03-02,P005,2.0171587467193604,LSTM,Prediction,Train
1054,2025-03-03,P005,2.012831926345825,LSTM,Prediction,Train
1055,2025-03-04,P005,2.0125632286071777,LSTM,Prediction,Train
1056,2025-03-05,P005,2.014190673828125,LSTM,Prediction,Train
1057,2025-03-06,P005,2.011502504348755,LSTM,Prediction,Train
1058,2025-03-07,P005,2.0080294609069824,LSTM,Prediction,Train
1059,2025-03-08,P005,2.021014451980591,LSTM,Prediction,Train
1060,2025-03-09,P005,2.0228042602539062,LSTM,Prediction,Train
1061,2025-03-10,P005,2.013986587524414,LSTM,Prediction,Train
1062,2025-03-11,P005,2.020021677017212,LSTM,Prediction,Train
1063,2025-03-12,P005,2.006960391998291,LSTM,Prediction,Train
1064,2025-03-13,P005,2.019892454147339,LSTM,Prediction,Train
1065,2025-03-14,P005,2.0173990726470947,LSTM,Prediction,Train
1066,2025-03-15,P005,2.01077651977539,LSTM,Prediction,Train
1067,2025-03-16,P005,2.008469820022583,LSTM,Prediction,Train
1068,2025-03-17,P005,2.0121889114379883,LSTM,Prediction,Train
1069,2025-03-18,P005,2.025709629058838,LSTM,Prediction,Train
1070,2025-03-19,P005,2.0038938522338867,LSTM,Prediction,Train
1071,2025-03-20,P005,2.016974687576294,LSTM,Prediction,Train
1072,2025-03-21,P005,2.006481170654297,LSTM,Prediction,Train
1073,2025-03-22,P005,2.0233426094055176,LSTM,Prediction,Train
1074,2025-03-23,P005,2.015962839126587,LSTM,Prediction,Train
1075,2025-03-24,P005,2.012937307357788,LSTM,Prediction,Train
1076,2025-03-25,P005,2.0128209590911865,LSTM,Prediction,Train
1077,2025-03-26,P005,2.0119564533233643,LSTM,Prediction,Train
1078,2025-03-27,P005,2.016972064971924,LSTM,Prediction,Train
1079,2025-03-28,P005,2.0137124061584477,LSTM,Prediction,Train
1080,2025-03-29,P005,2.0112693309783936,LSTM,Prediction,Train
1081,2025-03-30,P005,2.015815496444702,LSTM,Prediction,Train
1082,2025-03-31,P005,2.001551389694214,LSTM,Prediction,Train
1083,2025-04-01,P005,2.0114541053771973,LSTM,Prediction,Train
1084,2025-04-02,P005,2.01382827758789,LSTM,Prediction,Train
1085,2025-04-03,P005,2.0210750102996826,LSTM,Prediction,Train
1086,2025-04-04,P005,2.012439250946045,LSTM,Prediction,Train
1087,2025-04-05,P005,2.026674270629883,LSTM,Prediction,Train
1088,2025-04-06,P005,2.012446403503418,LSTM,Prediction,Train
1089,2025-04-07,P005,2.0111069679260254,LSTM,Prediction,Train
1090,2025-04-08,P005,2.013181447982788,LSTM,Prediction,Train
1091,2025-04-09,P005,2.017834424972534,LSTM,Prediction,Train
1092,2025-04-10,P005,2.018864393234253,LSTM,Prediction,Train
1093,2025-04-11,P005,2.0090115070343018,LSTM,Prediction,Train
1094,2025-04-12,P005,2.0068135261535645,LSTM,Prediction,Train
1095,2025-04-13,P005,2.0110251903533936,LSTM,Prediction,Train
1096,2025-04-14,P005,2.017184972763061,LSTM,Prediction,Train
1097,2025-04-15,P005,2.0143797397613525,LSTM,Prediction,Train
1098,2025-04-16,P005,2.012704849243164,LSTM,Prediction,Train
1099,2025-04-17,P005,2.0222692489624023,LSTM,Prediction,Train
1100,2025-04-18,P005,2.014955997467041,LSTM,Prediction,Train
1101,2025-04-19,P005,2.009276866912842,LSTM,Prediction,Train
1102,2025-04-20,P005,2.0161352157592773,LSTM,Prediction,Train
1103,2025-04-21,P005,2.0092315673828125,LSTM,Prediction,Train
1104,2025-04-22,P005,2.0133068561553955,LSTM,Prediction,Train
1105,2025-04-23,P005,2.012644529342652,LSTM,Prediction,Train
1106,2025-04-24,P005,2.010429620742798,LSTM,Prediction,Train
1107,2025-04-25,P005,2.0213780403137207,LSTM,Prediction,Train
1108,2025-04-26,P005,2.014173746109009,LSTM,Prediction,Train
1109,2025-04-27,P005,2.01533317565918,LSTM,Prediction,Train
1110,2025-04-28,P005,2.012003183364868,LSTM,Prediction,Train
1111,2025-04-29,P005,2.0192482471466064,LSTM,Prediction,Train
1112,2025-04-30,P005,2.009479522705078,LSTM,Prediction,Train
1113,2025-05-01,P005,2.0188798904418945,LSTM,Prediction,Train
1114,2025-05-02,P005,2.015974998474121,LSTM,Prediction,Train
1115,2025-05-03,P005,2.0178444385528564,LSTM,Prediction,Train
1116,2025-05-04,P005,2.0186901092529297,LSTM,Prediction,Train
1117,2025-05-05,P005,2.010580778121948,LSTM,Prediction,Train
1118,2025-05-06,P005,2.0108609199523926,LSTM,Prediction,Train
1119,2025-05-07,P005,2.01245665550232,LSTM,Prediction,Train
1120,2025-05-08,P005,2.013391256332397,LSTM,Prediction,Train
1121,2025-05-09,P005,2.0101492404937744,LSTM,Prediction,Train
1122,2025-05-10,P005,2.0038533210754395,LSTM,Prediction,Train
1123,2025-05-11,P005,2.012897253036499,LSTM,Prediction,Train
1124,2025-05-12,P005,2.010911226272583,LSTM,Prediction,Train
1125,2025-05-13,P005,2.0095467567443848,LSTM,Prediction,Train
1126,2025-05-14,P005,2.0067272186279297,LSTM,Prediction,Train
1127,2025-05-15,P005,2.012429714202881,LSTM,Prediction,Train
1128,2025-05-16,P005,2.0174314975738525,LSTM,Prediction,Train
1129,2025-05-17,P005,2.014280080795288,LSTM,Prediction,Train
1130,2025-05-18,P005,2.0149147510528564,LSTM,Prediction,Train
1131,2025-05-19,P005,2.0114519596099854,LSTM,Prediction,Train
1132,2025-05-20,P005,2.013700485229492,LSTM,Prediction,Train
1133,2025-05-21,P005,2.023788928985596,LSTM,Prediction,Train
1134,2025-05-22,P005,2.01142692565918,LSTM,Prediction,Train
1135,2025-05-23,P005,2.013774871826172,LSTM,Prediction,Train
1136,2025-05-24,P005,2.0031697750091557,LSTM,Prediction,Train
1137,2025-05-25,P005,2.0122804641723637,LSTM,Prediction,Train
1138,2025-05-26,P005,2.01470947265625,LSTM,Prediction,Train
1139,2025-05-27,P005,2.009671449661255,LSTM,Prediction,Train
1140,2025-05-28,P005,2.011976718902588,LSTM,Prediction,Train
1141,2025-05-29,P005,2.0146472454071045,LSTM,Prediction,Train
1142,2025-05-30,P005,2.011494874954224,LSTM,Prediction,Train
1143,2025-05-31,P005,2.0110950469970703,LSTM,Prediction,Train
1144,2025-06-01,P005,2.014549970626831,LSTM,Prediction,Train
1145,2025-06-02,P005,2.014225959777832,LSTM,Prediction,Train
1146,2025-06-03,P005,2.006295919418335,LSTM,Prediction,Train
1147,2025-06-04,P005,2.0109217166900635,LSTM,Prediction,Train
1148,2025-06-05,P005,2.0170605182647705,LSTM,Prediction,Train
1149,2025-06-06,P005,2.0231168270111084,LSTM,Prediction,Train
1150,2025-06-07,P005,2.016075611114502,LSTM,Prediction,Train
1151,2025-06-08,P005,2.0147836208343506,LSTM,Prediction,Train
1152,2025-06-09,P005,2.0127265453338623,LSTM,Prediction,Train
1153,2025-06-10,P005,2.010829448699951,LSTM,Prediction,Train
1154,2025-06-11,P005,2.008752822875977,LSTM,Prediction,Train
1155,2025-06-12,P005,2.0130436420440674,LSTM,Prediction,Train
1156,2025-06-13,P005,2.006824254989624,LSTM,Prediction,Train
1157,2025-06-14,P005,2.0078344345092773,LSTM,Prediction,Train
1158,2025-06-15,P005,2.0115885734558105,LSTM,Prediction,Train
1159,2025-06-16,P005,2.011681079864502,LSTM,Prediction,Train
1160,2025-06-17,P005,2.0110106468200684,LSTM,Prediction,Train
1161,2025-06-18,P005,2.0097925662994385,LSTM,Prediction,Train
1162,2025-06-19,P005,2.015537977218628,LSTM,Prediction,Train
1163,2025-06-20,P005,2.013037919998169,LSTM,Prediction,Train
1164,2025-06-21,P005,2.0069222450256348,LSTM,Prediction,Train
1165,2025-06-22,P005,2.01680850982666,LSTM,Prediction,Train
1166,2025-06-23,P005,2.012219190597534,LSTM,Prediction,Train
1167,2025-06-24,P005,2.0080320835113525,LSTM,Prediction,Train
1168,2025-06-25,P005,2.0072715282440186,LSTM,Prediction,Train
1169,2025-06-26,P005,2.0102691650390625,LSTM,Prediction,Train
1170,2025-06-27,P005,2.011982679367065,LSTM,Prediction,Train
1171,2025-06-28,P005,2.024133682250977,LSTM,Prediction,Train
1172,2025-06-29,P005,2.008920431137085,LSTM,Prediction,Train
1173,2025-06-30,P005,2.0172436237335205,LSTM,Prediction,Train
1174,2025-07-01,P005,2.013546705245972,LSTM,Prediction,Train
1175,2025-07-02,P005,2.0119340419769287,LSTM,Prediction,Train
1176,2025-07-03,P005,2.017214775085449,LSTM,Prediction,Train
1177,2025-07-04,P005,2.017059326171875,LSTM,Prediction,Train
1178,2025-07-05,P005,2.011054754257202,LSTM,Prediction,Train
1179,2025-07-06,P005,2.00757098197937,LSTM,Prediction,Train
1180,2025-07-07,P005,2.012681245803833,LSTM,Prediction,Train
1181,2025-07-08,P005,2.0163514614105225,LSTM,Prediction,Train
1182,2025-07-09,P005,2.012631893157959,LSTM,Prediction,Train
1183,2025-07-10,P005,2.0135083198547363,LSTM,Prediction,Train
1184,2025-07-11,P005,2.0130438804626465,LSTM,Prediction,Train
1185,2025-07-12,P005,2.010671615600586,LSTM,Prediction,Train
1186,2025-07-13,P005,2.0103189945220947,LSTM,Prediction,Train
1187,2025-07-14,P005,2.0118370056152344,LSTM,Prediction,Train
1188,2025-07-15,P005,2.014552593231201,LSTM,Prediction,Train
1189,2025-07-16,P005,2.0078699588775635,LSTM,Prediction,Train
1190,2025-07-17,P005,2.016912937164306,LSTM,Prediction,Train
1191,2025-07-18,P005,2.016162157058716,LSTM,Prediction,Train
1192,2025-07-19,P005,2.019117593765259,LSTM,Prediction,Train
1193,2025-07-20,P005,2.014426946640014,LSTM,Prediction,Train
1194,2025-07-21,P005,2.0155789852142334,LSTM,Prediction,Train
1195,2025-07-22,P005,2.016510486602783,LSTM,Prediction,Train
1196,2025-07-23,P005,2.013993263244629,LSTM,Prediction,Train
1197,2025-07-24,P005,2.0189383029937744,LSTM,Prediction,Train
1198,2025-07-25,P005,2.018606185913086,LSTM,Prediction,Train
1199,2025-07-26,P005,2.012048959732056,LSTM,Prediction,Train
1200,2025-07-27,P005,2.009202480316162,LSTM,Prediction,Train
1201,2025-07-28,P005,2.006912469863892,LSTM,Prediction,Train
1202,2025-07-29,P005,2.00884747505188,LSTM,Prediction,Train
1203,2025-07-30,P005,2.0130903720855717,LSTM,Prediction,Train
1204,2025-07-31,P005,2.019477128982544,LSTM,Prediction,Train
1205,2025-08-01,P005,2.008090019226074,LSTM,Prediction,Train
1206,2025-08-02,P005,2.0134572982788086,LSTM,Prediction,Train
1207,2025-08-03,P005,2.0190114974975586,LSTM,Prediction,Train
1208,2025-08-04,P005,2.0201539993286133,LSTM,Prediction,Train
1209,2025-08-05,P005,2.011882305145264,LSTM,Prediction,Train
1210,2025-08-06,P005,2.013784646987915,LSTM,Prediction,Train
1211,2025-08-07,P005,2.0177667140960693,LSTM,Prediction,Train
1212,2025-08-08,P005,2.02023720741272,LSTM,Prediction,Train
1213,2025-08-09,P005,2.01008677482605,LSTM,Prediction,Train
1214,2025-08-10,P005,2.0121071338653564,LSTM,Prediction,Train
1215,2025-08-11,P005,2.015765905380249,LSTM,Prediction,Train
1216,2025-08-12,P005,2.016104459762573,LSTM,Prediction,Train
1217,2025-08-13,P005,2.0125343799591064,LSTM,Prediction,Train
1218,2025-08-14,P005,2.010108709335327,LSTM,Prediction,Train
1219,2025-08-15,P005,2.009333372116089,LSTM,Prediction,Train
1220,2025-08-16,P005,2.0221405029296875,LSTM,Prediction,Train
1221,2025-08-17,P005,2.0126378536224365,LSTM,Prediction,Train
1222,2025-08-18,P005,2.0081610679626465,LSTM,Prediction,Train
1223,2025-08-19,P005,2.0246798992156982,LSTM,Prediction,Train
1224,2025-08-20,P005,2.0123252868652344,LSTM,Prediction,Train
1225,2025-08-21,P005,2.0141937732696533,LSTM,Prediction,Train
1226,2025-08-22,P005,2.0087192058563232,LSTM,Prediction,Train
1227,2025-08-23,P005,2.012617349624634,LSTM,Prediction,Train
1228,2025-08-24,P005,2.0106852054595947,LSTM,Prediction,Train
1229,2025-08-25,P005,2.010099172592163,LSTM,Prediction,Train
1230,2025-08-26,P005,2.0063276290893555,LSTM,Prediction,Train
1231,2025-08-27,P005,2.0077104568481445,LSTM,Prediction,Train
1232,2025-08-28,P005,2.0162055492401123,LSTM,Prediction,Train
1233,2025-08-29,P005,1.9980158805847168,LSTM,Prediction,Train
1234,2025-08-30,P005,2.0122013092041016,LSTM,Prediction,Train
1235,2025-08-31,P005,2.011373519897461,LSTM,Prediction,Train
1236,2025-09-01,P005,2.0120739936828613,LSTM,Prediction,Train
1237,2025-09-02,P005,2.01554012298584,LSTM,Prediction,Train
1238,2025-09-03,P005,2.011457920074463,LSTM,Prediction,Train
1239,2025-09-04,P005,2.014653205871582,LSTM,Prediction,Train
1240,2025-09-05,P005,2.0113637447357178,LSTM,Prediction,Train
1241,2025-09-06,P005,2.012918710708618,LSTM,Prediction,Train
1242,2025-09-07,P005,2.010021924972534,LSTM,Prediction,Train
1243,2025-09-08,P005,2.006594657897949,LSTM,Prediction,Train
1244,2025-09-09,P005,2.020536422729492,LSTM,Prediction,Train
1245,2025-09-10,P005,2.0144617557525635,LSTM,Prediction,Train
1246,2025-09-11,P005,2.013429641723633,LSTM,Prediction,Train
1247,2025-09-12,P005,2.0191895961761475,LSTM,Prediction,Train
1248,2025-09-13,P005,2.0131189823150635,LSTM,Prediction,Train
1249,2025-09-14,P005,2.009897470474243,LSTM,Prediction,Train
1250,2025-01-08,P006,2.013636827468872,LSTM,Prediction,Train
1251,2025-01-09,P006,2.0119881629943848,LSTM,Prediction,Train
1252,2025-01-10,P006,2.012524127960205,LSTM,Prediction,Train
1253,2025-01-11,P006,1.9953261613845823,LSTM,Prediction,Train
1254,2025-01-12,P006,2.0095717906951904,LSTM,Prediction,Train
1255,2025-01-13,P006,2.00878643989563,LSTM,Prediction,Train
1256,2025-01-14,P006,2.016554117202759,LSTM,Prediction,Train
1257,2025-01-15,P006,2.009213447570801,LSTM,Prediction,Train
1258,2025-01-16,P006,2.003415822982788,LSTM,Prediction,Train
1259,2025-01-17,P006,2.00644850730896,LSTM,Prediction,Train
1260,2025-01-18,P006,2.0192759037017822,LSTM,Prediction,Train
1261,2025-01-19,P006,1.9996161460876465,LSTM,Prediction,Train
1262,2025-01-20,P006,2.016110897064209,LSTM,Prediction,Train
1263,2025-01-21,P006,2.005755424499512,LSTM,Prediction,Train
1264,2025-01-22,P006,1.9963469505310056,LSTM,Prediction,Train
1265,2025-01-23,P006,2.007711887359619,LSTM,Prediction,Train
1266,2025-01-24,P006,2.003504753112793,LSTM,Prediction,Train
1267,2025-01-25,P006,2.0130832195281982,LSTM,Prediction,Train
1268,2025-01-26,P006,2.0181283950805664,LSTM,Prediction,Train
1269,2025-01-27,P006,2.0197222232818604,LSTM,Prediction,Train
1270,2025-01-28,P006,2.00822377204895,LSTM,Prediction,Train
1271,2025-01-29,P006,2.021664619445801,LSTM,Prediction,Train
1272,2025-01-30,P006,2.012113332748413,LSTM,Prediction,Train
1273,2025-01-31,P006,2.006312131881714,LSTM,Prediction,Train
1274,2025-02-01,P006,2.001132011413574,LSTM,Prediction,Train
1275,2025-02-02,P006,2.005331516265869,LSTM,Prediction,Train
1276,2025-02-03,P006,2.0178115367889404,LSTM,Prediction,Train
1277,2025-02-04,P006,2.0031113624572754,LSTM,Prediction,Train
1278,2025-02-05,P006,2.022507667541504,LSTM,Prediction,Train
1279,2025-02-06,P006,2.00607967376709,LSTM,Prediction,Train
1280,2025-02-07,P006,2.0116779804229736,LSTM,Prediction,Train
1281,2025-02-08,P006,2.013783693313598,LSTM,Prediction,Train
1282,2025-02-09,P006,2.0286686420440674,LSTM,Prediction,Train
1283,2025-02-10,P006,2.021629571914673,LSTM,Prediction,Train
1284,2025-02-11,P006,2.008615255355835,LSTM,Prediction,Train
1285,2025-02-12,P006,2.012126445770264,LSTM,Prediction,Train
1286,2025-02-13,P006,2.0226352214813232,LSTM,Prediction,Train
1287,2025-02-14,P006,2.0042457580566406,LSTM,Prediction,Train
1288,2025-02-15,P006,2.003086566925049,LSTM,Prediction,Train
1289,2025-02-16,P006,2.00195050239563,LSTM,Prediction,Train
1290,2025-02-17,P006,2.017082691192627,LSTM,Prediction,Train
1291,2025-02-18,P006,2.0193190574646,LSTM,Prediction,Train
1292,2025-02-19,P006,2.011615514755249,LSTM,Prediction,Train
1293,2025-02-20,P006,2.019362449645996,LSTM,Prediction,Train
1294,2025-02-21,P006,2.0117971897125244,LSTM,Prediction,Train
1295,2025-02-22,P006,1.9967961311340328,LSTM,Prediction,Train
1296,2025-02-23,P006,2.011627674102783,LSTM,Prediction,Train
1297,2025-02-24,P006,2.027057886123657,LSTM,Prediction,Train
1298,2025-02-25,P006,2.006877422332764,LSTM,Prediction,Train
1299,2025-02-26,P006,2.012187957763672,LSTM,Prediction,Train
1300,2025-02-27,P006,2.020421266555786,LSTM,Prediction,Train
1301,2025-02-28,P006,2.011021852493286,LSTM,Prediction,Train
1302,2025-03-01,P006,2.009213924407959,LSTM,Prediction,Train
1303,2025-03-02,P006,2.0191938877105717,LSTM,Prediction,Train
1304,2025-03-03,P006,2.0133843421936035,LSTM,Prediction,Train
1305,2025-03-04,P006,2.015481948852539,LSTM,Prediction,Train
1306,2025-03-05,P006,2.010892152786255,LSTM,Prediction,Train
1307,2025-03-06,P006,2.01284122467041,LSTM,Prediction,Train
1308,2025-03-07,P006,2.006682872772217,LSTM,Prediction,Train
1309,2025-03-08,P006,2.023512125015259,LSTM,Prediction,Train
1310,2025-03-09,P006,2.035004138946533,LSTM,Prediction,Train
1311,2025-03-10,P006,2.017556667327881,LSTM,Prediction,Train
1312,2025-03-11,P006,2.0156326293945312,LSTM,Prediction,Train
1313,2025-03-12,P006,2.0032591819763184,LSTM,Prediction,Train
1314,2025-03-13,P006,2.021333932876587,LSTM,Prediction,Train
1315,2025-03-14,P006,2.0178990364074707,LSTM,Prediction,Train
1316,2025-03-15,P006,2.0059685707092285,LSTM,Prediction,Train
1317,2025-03-16,P006,2.0067391395568848,LSTM,Prediction,Train
1318,2025-03-17,P006,2.013946294784546,LSTM,Prediction,Train
1319,2025-03-18,P006,2.022911787033081,LSTM,Prediction,Train
1320,2025-03-19,P006,1.9933260679244995,LSTM,Prediction,Train
1321,2025-03-20,P006,2.012378215789795,LSTM,Prediction,Train
1322,2025-03-21,P006,2.001670837402344,LSTM,Prediction,Train
1323,2025-03-22,P006,2.0267333984375,LSTM,Prediction,Train
1324,2025-03-23,P006,2.0170600414276123,LSTM,Prediction,Train
1325,2025-03-24,P006,2.01458740234375,LSTM,Prediction,Train
1326,2025-03-25,P006,2.0151984691619877,LSTM,Prediction,Train
1327,2025-03-26,P006,2.0125699043273926,LSTM,Prediction,Train
1328,2025-03-27,P006,2.015347003936768,LSTM,Prediction,Train
1329,2025-03-28,P006,2.012557983398437,LSTM,Prediction,Train
1330,2025-03-29,P006,2.017364978790283,LSTM,Prediction,Train
1331,2025-03-30,P006,2.0180211067199707,LSTM,Prediction,Train
1332,2025-03-31,P006,1.995980262756348,LSTM,Prediction,Train
1333,2025-04-01,P006,2.006476163864136,LSTM,Prediction,Train
1334,2025-04-02,P006,2.0148370265960693,LSTM,Prediction,Train
1335,2025-04-03,P006,2.00683331489563,LSTM,Prediction,Train
1336,2025-04-04,P006,2.0119917392730717,LSTM,Prediction,Train
1337,2025-04-05,P006,2.02616024017334,LSTM,Prediction,Train
1338,2025-04-06,P006,2.011939764022827,LSTM,Prediction,Train
1339,2025-04-07,P006,2.008829116821289,LSTM,Prediction,Train
1340,2025-04-08,P006,2.016521453857422,LSTM,Prediction,Train
1341,2025-04-09,P006,2.012645483016968,LSTM,Prediction,Train
1342,2025-04-10,P006,2.027386426925659,LSTM,Prediction,Train
1343,2025-04-11,P006,2.00728178024292,LSTM,Prediction,Train
1344,2025-04-12,P006,1.9923425912857056,LSTM,Prediction,Train
1345,2025-04-13,P006,2.0100858211517334,LSTM,Prediction,Train
1346,2025-04-14,P006,2.0193474292755127,LSTM,Prediction,Train
1347,2025-04-15,P006,2.0135726928710938,LSTM,Prediction,Train
1348,2025-04-16,P006,2.0095434188842773,LSTM,Prediction,Train
1349,2025-04-17,P006,2.015190839767456,LSTM,Prediction,Train
1350,2025-04-18,P006,2.012425422668457,LSTM,Prediction,Train
1351,2025-04-19,P006,2.006891250610352,LSTM,Prediction,Train
1352,2025-04-20,P006,2.016918659210205,LSTM,Prediction,Train
1353,2025-04-21,P006,2.008285522460937,LSTM,Prediction,Train
1354,2025-04-22,P006,2.0164175033569336,LSTM,Prediction,Train
1355,2025-04-23,P006,2.0080726146698,LSTM,Prediction,Train
1356,2025-04-24,P006,2.01120400428772,LSTM,Prediction,Train
1357,2025-04-25,P006,2.034554243087769,LSTM,Prediction,Train
1358,2025-04-26,P006,2.006686925888061,LSTM,Prediction,Train
1359,2025-04-27,P006,2.0200252532958984,LSTM,Prediction,Train
1360,2025-04-28,P006,2.006311416625977,LSTM,Prediction,Train
1361,2025-04-29,P006,2.019683599472046,LSTM,Prediction,Train
1362,2025-04-30,P006,2.006977796554565,LSTM,Prediction,Train
1363,2025-05-01,P006,2.014752149581909,LSTM,Prediction,Train
1364,2025-05-02,P006,2.012925148010254,LSTM,Prediction,Train
1365,2025-05-03,P006,2.018400192260742,LSTM,Prediction,Train
1366,2025-05-04,P006,2.0134875774383545,LSTM,Prediction,Train
1367,2025-05-05,P006,2.010349750518799,LSTM,Prediction,Train
1368,2025-05-06,P006,2.0115275382995605,LSTM,Prediction,Train
1369,2025-05-07,P006,2.010364055633545,LSTM,Prediction,Train
1370,2025-05-08,P006,2.008851766586304,LSTM,Prediction,Train
1371,2025-05-09,P006,2.0078907012939453,LSTM,Prediction,Train
1372,2025-05-10,P006,1.999358296394348,LSTM,Prediction,Train
1373,2025-05-11,P006,2.0160930156707764,LSTM,Prediction,Train
1374,2025-05-12,P006,2.0122106075286865,LSTM,Prediction,Train
1375,2025-05-13,P006,2.008779287338257,LSTM,Prediction,Train
1376,2025-05-14,P006,2.0055923461914062,LSTM,Prediction,Train
1377,2025-05-15,P006,2.0152528285980225,LSTM,Prediction,Train
1378,2025-05-16,P006,2.0150179862976074,LSTM,Prediction,Train
1379,2025-05-17,P006,2.0156502723693848,LSTM,Prediction,Train
1380,2025-05-18,P006,2.017735719680786,LSTM,Prediction,Train
1381,2025-05-19,P006,2.005701780319214,LSTM,Prediction,Train
1382,2025-05-20,P006,2.023407220840454,LSTM,Prediction,Train
1383,2025-05-21,P006,2.016274929046631,LSTM,Prediction,Train
1384,2025-05-22,P006,2.010262966156006,LSTM,Prediction,Train
1385,2025-05-23,P006,2.0112969875335693,LSTM,Prediction,Train
1386,2025-05-24,P006,1.9934678077697756,LSTM,Prediction,Train
1387,2025-05-25,P006,2.01170015335083,LSTM,Prediction,Train
1388,2025-05-26,P006,2.018417358398437,LSTM,Prediction,Train
1389,2025-05-27,P006,2.007472515106201,LSTM,Prediction,Train
1390,2025-05-28,P006,2.012916326522827,LSTM,Prediction,Train
1391,2025-05-29,P006,2.003098726272583,LSTM,Prediction,Train
1392,2025-05-30,P006,2.00144624710083,LSTM,Prediction,Train
1393,2025-05-31,P006,2.013774871826172,LSTM,Prediction,Train
1394,2025-06-01,P006,2.019766092300415,LSTM,Prediction,Train
1395,2025-06-02,P006,2.0153515338897705,LSTM,Prediction,Train
1396,2025-06-03,P006,2.001095771789551,LSTM,Prediction,Train
1397,2025-06-04,P006,2.01096510887146,LSTM,Prediction,Train
1398,2025-06-05,P006,2.0212769508361816,LSTM,Prediction,Train
1399,2025-06-06,P006,2.015578031539917,LSTM,Prediction,Train
1400,2025-06-07,P006,2.011112689971924,LSTM,Prediction,Train
1401,2025-06-08,P006,2.018397569656372,LSTM,Prediction,Train
1402,2025-06-09,P006,2.0096445083618164,LSTM,Prediction,Train
1403,2025-06-10,P006,2.010172843933105,LSTM,Prediction,Train
1404,2025-06-11,P006,2.005718946456909,LSTM,Prediction,Train
1405,2025-06-12,P006,2.017929553985596,LSTM,Prediction,Train
1406,2025-06-13,P006,2.0022997856140137,LSTM,Prediction,Train
1407,2025-06-14,P006,2.004554748535156,LSTM,Prediction,Train
1408,2025-06-15,P006,2.0121495723724365,LSTM,Prediction,Train
1409,2025-06-16,P006,2.015606641769409,LSTM,Prediction,Train
1410,2025-06-17,P006,2.008145809173584,LSTM,Prediction,Train
1411,2025-06-18,P006,2.0065014362335205,LSTM,Prediction,Train
1412,2025-06-19,P006,2.0177080631256104,LSTM,Prediction,Train
1413,2025-06-20,P006,2.013746976852417,LSTM,Prediction,Train
1414,2025-06-21,P006,2.007079839706421,LSTM,Prediction,Train
1415,2025-06-22,P006,2.023832321166992,LSTM,Prediction,Train
1416,2025-06-23,P006,2.015576124191284,LSTM,Prediction,Train
1417,2025-06-24,P006,2.003981351852417,LSTM,Prediction,Train
1418,2025-06-25,P006,2.0031683444976807,LSTM,Prediction,Train
1419,2025-06-26,P006,2.0092618465423584,LSTM,Prediction,Train
1420,2025-06-27,P006,2.0119271278381348,LSTM,Prediction,Train
1421,2025-06-28,P006,2.029566526412964,LSTM,Prediction,Train
1422,2025-06-29,P006,2.003328800201416,LSTM,Prediction,Train
1423,2025-06-30,P006,2.018906593322754,LSTM,Prediction,Train
1424,2025-07-01,P006,2.0168418884277344,LSTM,Prediction,Train
1425,2025-07-02,P006,2.011871576309204,LSTM,Prediction,Train
1426,2025-07-03,P006,2.016829490661621,LSTM,Prediction,Train
1427,2025-07-04,P006,2.017989158630371,LSTM,Prediction,Train
1428,2025-07-05,P006,2.0109164714813232,LSTM,Prediction,Train
1429,2025-07-06,P006,2.0059080123901367,LSTM,Prediction,Train
1430,2025-07-07,P006,2.0109877586364746,LSTM,Prediction,Train
1431,2025-07-08,P006,2.012225151062012,LSTM,Prediction,Train
1432,2025-07-09,P006,2.012758493423462,LSTM,Prediction,Train
1433,2025-07-10,P006,2.01184606552124,LSTM,Prediction,Train
1434,2025-07-11,P006,2.012269973754883,LSTM,Prediction,Train
1435,2025-07-12,P006,2.0114431381225586,LSTM,Prediction,Train
1436,2025-07-13,P006,2.007310390472412,LSTM,Prediction,Train
1437,2025-07-14,P006,2.0145061016082764,LSTM,Prediction,Train
1438,2025-07-15,P006,2.01867938041687,LSTM,Prediction,Train
1439,2025-07-16,P006,2.0002336502075195,LSTM,Prediction,Train
1440,2025-07-17,P006,2.019328117370605,LSTM,Prediction,Train
1441,2025-07-18,P006,2.011692762374878,LSTM,Prediction,Train
1442,2025-07-19,P006,2.015997648239136,LSTM,Prediction,Train
1443,2025-07-20,P006,2.0196216106414795,LSTM,Prediction,Train
1444,2025-07-21,P006,2.0136148929595947,LSTM,Prediction,Train
1445,2025-07-22,P006,2.027164936065674,LSTM,Prediction,Train
1446,2025-07-23,P006,2.0102717876434326,LSTM,Prediction,Train
1447,2025-07-24,P006,2.014305830001831,LSTM,Prediction,Train
1448,2025-07-25,P006,2.0172364711761475,LSTM,Prediction,Train
1449,2025-07-26,P006,2.0131850242614746,LSTM,Prediction,Train
1450,2025-07-27,P006,2.0075933933258057,LSTM,Prediction,Train
1451,2025-07-28,P006,2.001620054244995,LSTM,Prediction,Train
1452,2025-07-29,P006,1.9988151788711548,LSTM,Prediction,Train
1453,2025-07-30,P006,2.0152907371521,LSTM,Prediction,Train
1454,2025-07-31,P006,2.0229580402374268,LSTM,Prediction,Train
1455,2025-08-01,P006,2.0057127475738525,LSTM,Prediction,Train
1456,2025-08-02,P006,2.0166828632354736,LSTM,Prediction,Train
1457,2025-08-03,P006,2.030921220779419,LSTM,Prediction,Train
1458,2025-08-04,P006,2.022233009338379,LSTM,Prediction,Train
1459,2025-08-05,P006,2.0126094818115234,LSTM,Prediction,Train
1460,2025-08-06,P006,2.012838363647461,LSTM,Prediction,Train
1461,2025-08-07,P006,2.013298273086548,LSTM,Prediction,Train
1462,2025-08-08,P006,2.0214831829071045,LSTM,Prediction,Train
1463,2025-08-09,P006,2.000892162322998,LSTM,Prediction,Train
1464,2025-08-10,P006,2.00707483291626,LSTM,Prediction,Train
1465,2025-08-11,P006,2.01527738571167,LSTM,Prediction,Train
1466,2025-08-12,P006,2.015009641647339,LSTM,Prediction,Train
1467,2025-08-13,P006,2.010338068008423,LSTM,Prediction,Train
1468,2025-08-14,P006,2.0081257820129395,LSTM,Prediction,Train
1469,2025-08-15,P006,2.007753372192383,LSTM,Prediction,Train
1470,2025-08-16,P006,2.018961191177368,LSTM,Prediction,Train
1471,2025-08-17,P006,2.014890432357788,LSTM,Prediction,Train
1472,2025-08-18,P006,2.0035622119903564,LSTM,Prediction,Train
1473,2025-08-19,P006,2.022909641265869,LSTM,Prediction,Train
1474,2025-08-20,P006,2.0124824047088623,LSTM,Prediction,Train
1475,2025-08-21,P006,2.01283860206604,LSTM,Prediction,Train
1476,2025-08-22,P006,2.0025906562805176,LSTM,Prediction,Train
1477,2025-08-23,P006,2.015895366668701,LSTM,Prediction,Train
1478,2025-08-24,P006,2.010939359664917,LSTM,Prediction,Train
1479,2025-08-25,P006,2.0084731578826904,LSTM,Prediction,Train
1480,2025-08-26,P006,2.0005552768707275,LSTM,Prediction,Train
1481,2025-08-27,P006,2.0052895545959477,LSTM,Prediction,Train
1482,2025-08-28,P006,2.0121219158172607,LSTM,Prediction,Train
1483,2025-08-29,P006,1.9864962100982664,LSTM,Prediction,Train
1484,2025-08-30,P006,2.013792991638184,LSTM,Prediction,Train
1485,2025-08-31,P006,2.0136704444885254,LSTM,Prediction,Train
1486,2025-09-01,P006,2.017035007476806,LSTM,Prediction,Train
1487,2025-09-02,P006,2.016530513763428,LSTM,Prediction,Train
1488,2025-09-03,P006,2.0118367671966557,LSTM,Prediction,Train
1489,2025-09-04,P006,2.0069785118103027,LSTM,Prediction,Train
1490,2025-09-05,P006,2.010117292404175,LSTM,Prediction,Train
1491,2025-09-06,P006,2.0127174854278564,LSTM,Prediction,Train
1492,2025-09-07,P006,2.001521587371826,LSTM,Prediction,Train
1493,2025-09-08,P006,1.99968695640564,LSTM,Prediction,Train
1494,2025-09-09,P006,2.017935037612915,LSTM,Prediction,Train
1495,2025-09-10,P006,2.017331838607788,LSTM,Prediction,Train
1496,2025-09-11,P006,2.0148510932922363,LSTM,Prediction,Train
1497,2025-09-12,P006,2.019674062728882,LSTM,Prediction,Train
1498,2025-09-13,P006,2.013460397720337,LSTM,Prediction,Train
1499,2025-09-14,P006,2.006988048553467,LSTM,Prediction,Train
1500,2025-01-08,P007,2.27469539642334,LSTM,Prediction,Train
1501,2025-01-09,P007,2.2772998809814453,LSTM,Prediction,Train
1502,2025-01-10,P007,2.278132677078247,LSTM,Prediction,Train
1503,2025-01-11,P007,2.2608425617218018,LSTM,Prediction,Train
1504,2025-01-12,P007,2.271704196929932,LSTM,Prediction,Train
1505,2025-01-13,P007,2.267417430877685,LSTM,Prediction,Train
1506,2025-01-14,P007,2.270864486694336,LSTM,Prediction,Train
1507,2025-01-15,P007,2.269252300262451,LSTM,Prediction,Train
1508,2025-01-16,P007,2.267421007156372,LSTM,Prediction,Train
1509,2025-01-17,P007,2.2703516483306885,LSTM,Prediction,Train
1510,2025-01-18,P007,2.276527166366577,LSTM,Prediction,Train
1511,2025-01-19,P007,2.2655653953552246,LSTM,Prediction,Train
1512,2025-01-20,P007,2.273903608322144,LSTM,Prediction,Train
1513,2025-01-21,P007,2.270225048065185,LSTM,Prediction,Train
1514,2025-01-22,P007,2.2706308364868164,LSTM,Prediction,Train
1515,2025-01-23,P007,2.2682573795318604,LSTM,Prediction,Train
1516,2025-01-24,P007,2.267570734024048,LSTM,Prediction,Train
1517,2025-01-25,P007,2.2690224647521973,LSTM,Prediction,Train
1518,2025-01-26,P007,2.279801607131958,LSTM,Prediction,Train
1519,2025-01-27,P007,2.2744855880737305,LSTM,Prediction,Train
1520,2025-01-28,P007,2.2743031978607178,LSTM,Prediction,Train
1521,2025-01-29,P007,2.292168378829956,LSTM,Prediction,Train
1522,2025-01-30,P007,2.2779695987701416,LSTM,Prediction,Train
1523,2025-01-31,P007,2.2675695419311523,LSTM,Prediction,Train
1524,2025-02-01,P007,2.265974760055542,LSTM,Prediction,Train
1525,2025-02-02,P007,2.2669126987457275,LSTM,Prediction,Train
1526,2025-02-03,P007,2.272995948791504,LSTM,Prediction,Train
1527,2025-02-04,P007,2.2684590816497803,LSTM,Prediction,Train
1528,2025-02-05,P007,2.2801971435546875,LSTM,Prediction,Train
1529,2025-02-06,P007,2.2676985263824463,LSTM,Prediction,Train
1530,2025-02-07,P007,2.272999763488769,LSTM,Prediction,Train
1531,2025-02-08,P007,2.2720680236816406,LSTM,Prediction,Train
1532,2025-02-09,P007,2.281845808029175,LSTM,Prediction,Train
1533,2025-02-10,P007,2.291402816772461,LSTM,Prediction,Train
1534,2025-02-11,P007,2.2678661346435547,LSTM,Prediction,Train
1535,2025-02-12,P007,2.2738797664642334,LSTM,Prediction,Train
1536,2025-02-13,P007,2.2807834148406982,LSTM,Prediction,Train
1537,2025-02-14,P007,2.265352487564087,LSTM,Prediction,Train
1538,2025-02-15,P007,2.2666678428649902,LSTM,Prediction,Train
1539,2025-02-16,P007,2.2634873390197754,LSTM,Prediction,Train
1540,2025-02-17,P007,2.276564598083496,LSTM,Prediction,Train
1541,2025-02-18,P007,2.274369716644287,LSTM,Prediction,Train
1542,2025-02-19,P007,2.268805742263794,LSTM,Prediction,Train
1543,2025-02-20,P007,2.282047986984253,LSTM,Prediction,Train
1544,2025-02-21,P007,2.271248817443848,LSTM,Prediction,Train
1545,2025-02-22,P007,2.267073392868042,LSTM,Prediction,Train
1546,2025-02-23,P007,2.2704708576202397,LSTM,Prediction,Train
1547,2025-02-24,P007,2.2887470722198486,LSTM,Prediction,Train
1548,2025-02-25,P007,2.269474029541016,LSTM,Prediction,Train
1549,2025-02-26,P007,2.269951105117798,LSTM,Prediction,Train
1550,2025-02-27,P007,2.276164293289185,LSTM,Prediction,Train
1551,2025-02-28,P007,2.271270275115967,LSTM,Prediction,Train
1552,2025-03-01,P007,2.268715143203736,LSTM,Prediction,Train
1553,2025-03-02,P007,2.274557590484619,LSTM,Prediction,Train
1554,2025-03-03,P007,2.2724568843841557,LSTM,Prediction,Train
1555,2025-03-04,P007,2.2706141471862797,LSTM,Prediction,Train
1556,2025-03-05,P007,2.269303798675537,LSTM,Prediction,Train
1557,2025-03-06,P007,2.271017551422119,LSTM,Prediction,Train
1558,2025-03-07,P007,2.2683253288269043,LSTM,Prediction,Train
1559,2025-03-08,P007,2.2767438888549805,LSTM,Prediction,Train
1560,2025-03-09,P007,2.291173458099365,LSTM,Prediction,Train
1561,2025-03-10,P007,2.2742369174957275,LSTM,Prediction,Train
1562,2025-03-11,P007,2.278151035308838,LSTM,Prediction,Train
1563,2025-03-12,P007,2.266424655914306,LSTM,Prediction,Train
1564,2025-03-13,P007,2.2823665142059326,LSTM,Prediction,Train
1565,2025-03-14,P007,2.277597427368164,LSTM,Prediction,Train
1566,2025-03-15,P007,2.2686235904693604,LSTM,Prediction,Train
1567,2025-03-16,P007,2.266225099563598,LSTM,Prediction,Train
1568,2025-03-17,P007,2.2710676193237305,LSTM,Prediction,Train
1569,2025-03-18,P007,2.289188861846924,LSTM,Prediction,Train
1570,2025-03-19,P007,2.2635087966918945,LSTM,Prediction,Train
1571,2025-03-20,P007,2.278219223022461,LSTM,Prediction,Train
1572,2025-03-21,P007,2.267488956451416,LSTM,Prediction,Train
1573,2025-03-22,P007,2.2876694202423096,LSTM,Prediction,Train
1574,2025-03-23,P007,2.274045467376709,LSTM,Prediction,Train
1575,2025-03-24,P007,2.2734224796295166,LSTM,Prediction,Train
1576,2025-03-25,P007,2.272042751312256,LSTM,Prediction,Train
1577,2025-03-26,P007,2.2719740867614746,LSTM,Prediction,Train
1578,2025-03-27,P007,2.2752578258514404,LSTM,Prediction,Train
1579,2025-03-28,P007,2.272647857666016,LSTM,Prediction,Train
1580,2025-03-29,P007,2.2765815258026123,LSTM,Prediction,Train
1581,2025-03-30,P007,2.2777976989746094,LSTM,Prediction,Train
1582,2025-03-31,P007,2.263783693313598,LSTM,Prediction,Train
1583,2025-04-01,P007,2.267541646957397,LSTM,Prediction,Train
1584,2025-04-02,P007,2.271110773086548,LSTM,Prediction,Train
1585,2025-04-03,P007,2.280725240707397,LSTM,Prediction,Train
1586,2025-04-04,P007,2.271709442138672,LSTM,Prediction,Train
1587,2025-04-05,P007,2.2863481044769287,LSTM,Prediction,Train
1588,2025-04-06,P007,2.270270347595215,LSTM,Prediction,Train
1589,2025-04-07,P007,2.275031328201294,LSTM,Prediction,Train
1590,2025-04-08,P007,2.2717299461364746,LSTM,Prediction,Train
1591,2025-04-09,P007,2.278867483139038,LSTM,Prediction,Train
1592,2025-04-10,P007,2.2795796394348145,LSTM,Prediction,Train
1593,2025-04-11,P007,2.2678592205047607,LSTM,Prediction,Train
1594,2025-04-12,P007,2.2650809288024902,LSTM,Prediction,Train
1595,2025-04-13,P007,2.268531322479248,LSTM,Prediction,Train
1596,2025-04-14,P007,2.276630401611328,LSTM,Prediction,Train
1597,2025-04-15,P007,2.270772218704224,LSTM,Prediction,Train
1598,2025-04-16,P007,2.269563674926758,LSTM,Prediction,Train
1599,2025-04-17,P007,2.283697366714477,LSTM,Prediction,Train
1600,2025-04-18,P007,2.2747035026550293,LSTM,Prediction,Train
1601,2025-04-19,P007,2.268381834030152,LSTM,Prediction,Train
1602,2025-04-20,P007,2.2769808769226074,LSTM,Prediction,Train
1603,2025-04-21,P007,2.2696781158447266,LSTM,Prediction,Train
1604,2025-04-22,P007,2.274399280548096,LSTM,Prediction,Train
1605,2025-04-23,P007,2.2668910026550293,LSTM,Prediction,Train
1606,2025-04-24,P007,2.2733516693115234,LSTM,Prediction,Train
1607,2025-04-25,P007,2.289543390274048,LSTM,Prediction,Train
1608,2025-04-26,P007,2.2742764949798584,LSTM,Prediction,Train
1609,2025-04-27,P007,2.27465558052063,LSTM,Prediction,Train
1610,2025-04-28,P007,2.274559497833252,LSTM,Prediction,Train
1611,2025-04-29,P007,2.2763705253601074,LSTM,Prediction,Train
1612,2025-04-30,P007,2.271136283874512,LSTM,Prediction,Train
1613,2025-05-01,P007,2.27834701538086,LSTM,Prediction,Train
1614,2025-05-02,P007,2.275266647338867,LSTM,Prediction,Train
1615,2025-05-03,P007,2.275472640991211,LSTM,Prediction,Train
1616,2025-05-04,P007,2.276783227920532,LSTM,Prediction,Train
1617,2025-05-05,P007,2.269301176071167,LSTM,Prediction,Train
1618,2025-05-06,P007,2.269103527069092,LSTM,Prediction,Train
1619,2025-05-07,P007,2.2760226726531982,LSTM,Prediction,Train
1620,2025-05-08,P007,2.273880958557129,LSTM,Prediction,Train
1621,2025-05-09,P007,2.267977714538574,LSTM,Prediction,Train
1622,2025-05-10,P007,2.263376474380493,LSTM,Prediction,Train
1623,2025-05-11,P007,2.2724220752716064,LSTM,Prediction,Train
1624,2025-05-12,P007,2.2693960666656494,LSTM,Prediction,Train
1625,2025-05-13,P007,2.268202781677246,LSTM,Prediction,Train
1626,2025-05-14,P007,2.2676448822021484,LSTM,Prediction,Train
1627,2025-05-15,P007,2.272857189178467,LSTM,Prediction,Train
1628,2025-05-16,P007,2.274411916732788,LSTM,Prediction,Train
1629,2025-05-17,P007,2.2770445346832275,LSTM,Prediction,Train
1630,2025-05-18,P007,2.273685932159424,LSTM,Prediction,Train
1631,2025-05-19,P007,2.270991086959839,LSTM,Prediction,Train
1632,2025-05-20,P007,2.277674913406372,LSTM,Prediction,Train
1633,2025-05-21,P007,2.2893588542938232,LSTM,Prediction,Train
1634,2025-05-22,P007,2.2723917961120605,LSTM,Prediction,Train
1635,2025-05-23,P007,2.274343490600586,LSTM,Prediction,Train
1636,2025-05-24,P007,2.2639200687408447,LSTM,Prediction,Train
1637,2025-05-25,P007,2.2711503505706787,LSTM,Prediction,Train
1638,2025-05-26,P007,2.276053667068481,LSTM,Prediction,Train
1639,2025-05-27,P007,2.268154621124268,LSTM,Prediction,Train
1640,2025-05-28,P007,2.271244525909424,LSTM,Prediction,Train
1641,2025-05-29,P007,2.2677223682403564,LSTM,Prediction,Train
1642,2025-05-30,P007,2.269884824752808,LSTM,Prediction,Train
1643,2025-05-31,P007,2.2707629203796387,LSTM,Prediction,Train
1644,2025-06-01,P007,2.2729859352111816,LSTM,Prediction,Train
1645,2025-06-02,P007,2.27268123626709,LSTM,Prediction,Train
1646,2025-06-03,P007,2.2637581825256348,LSTM,Prediction,Train
1647,2025-06-04,P007,2.269129753112793,LSTM,Prediction,Train
1648,2025-06-05,P007,2.2775447368621826,LSTM,Prediction,Train
1649,2025-06-06,P007,2.278605461120605,LSTM,Prediction,Train
1650,2025-06-07,P007,2.272946834564209,LSTM,Prediction,Train
1651,2025-06-08,P007,2.2746422290802,LSTM,Prediction,Train
1652,2025-06-09,P007,2.2707622051239014,LSTM,Prediction,Train
1653,2025-06-10,P007,2.273674726486206,LSTM,Prediction,Train
1654,2025-06-11,P007,2.2654125690460205,LSTM,Prediction,Train
1655,2025-06-12,P007,2.2741599082946777,LSTM,Prediction,Train
1656,2025-06-13,P007,2.268153429031372,LSTM,Prediction,Train
1657,2025-06-14,P007,2.2650270462036133,LSTM,Prediction,Train
1658,2025-06-15,P007,2.2704076766967773,LSTM,Prediction,Train
1659,2025-06-16,P007,2.269825935363769,LSTM,Prediction,Train
1660,2025-06-17,P007,2.268765926361084,LSTM,Prediction,Train
1661,2025-06-18,P007,2.2649946212768555,LSTM,Prediction,Train
1662,2025-06-19,P007,2.273197889328003,LSTM,Prediction,Train
1663,2025-06-20,P007,2.274156093597412,LSTM,Prediction,Train
1664,2025-06-21,P007,2.266896724700928,LSTM,Prediction,Train
1665,2025-06-22,P007,2.2781715393066406,LSTM,Prediction,Train
1666,2025-06-23,P007,2.273887157440185,LSTM,Prediction,Train
1667,2025-06-24,P007,2.2691423892974854,LSTM,Prediction,Train
1668,2025-06-25,P007,2.265381097793579,LSTM,Prediction,Train
1669,2025-06-26,P007,2.2707438468933105,LSTM,Prediction,Train
1670,2025-06-27,P007,2.269533157348633,LSTM,Prediction,Train
1671,2025-06-28,P007,2.2870101928710938,LSTM,Prediction,Train
1672,2025-06-29,P007,2.2660722732543945,LSTM,Prediction,Train
1673,2025-06-30,P007,2.2771971225738525,LSTM,Prediction,Train
1674,2025-07-01,P007,2.2712135314941406,LSTM,Prediction,Train
1675,2025-07-02,P007,2.2744953632354736,LSTM,Prediction,Train
1676,2025-07-03,P007,2.2788608074188232,LSTM,Prediction,Train
1677,2025-07-04,P007,2.273000955581665,LSTM,Prediction,Train
1678,2025-07-05,P007,2.2706968784332275,LSTM,Prediction,Train
1679,2025-07-06,P007,2.2670023441314697,LSTM,Prediction,Train
1680,2025-07-07,P007,2.275513172149658,LSTM,Prediction,Train
1681,2025-07-08,P007,2.2723255157470703,LSTM,Prediction,Train
1682,2025-07-09,P007,2.2737300395965576,LSTM,Prediction,Train
1683,2025-07-10,P007,2.2723512649536133,LSTM,Prediction,Train
1684,2025-07-11,P007,2.271522521972656,LSTM,Prediction,Train
1685,2025-07-12,P007,2.27024507522583,LSTM,Prediction,Train
1686,2025-07-13,P007,2.270302057266236,LSTM,Prediction,Train
1687,2025-07-14,P007,2.2741527557373047,LSTM,Prediction,Train
1688,2025-07-15,P007,2.2741096019744877,LSTM,Prediction,Train
1689,2025-07-16,P007,2.264987707138061,LSTM,Prediction,Train
1690,2025-07-17,P007,2.2808070182800293,LSTM,Prediction,Train
1691,2025-07-18,P007,2.275052547454834,LSTM,Prediction,Train
1692,2025-07-19,P007,2.277355670928955,LSTM,Prediction,Train
1693,2025-07-20,P007,2.276976585388184,LSTM,Prediction,Train
1694,2025-07-21,P007,2.2761056423187256,LSTM,Prediction,Train
1695,2025-07-22,P007,2.281311273574829,LSTM,Prediction,Train
1696,2025-07-23,P007,2.2758984565734863,LSTM,Prediction,Train
1697,2025-07-24,P007,2.2811405658721924,LSTM,Prediction,Train
1698,2025-07-25,P007,2.278805494308472,LSTM,Prediction,Train
1699,2025-07-26,P007,2.2699100971221924,LSTM,Prediction,Train
1700,2025-07-27,P007,2.268871307373047,LSTM,Prediction,Train
1701,2025-07-28,P007,2.2646515369415283,LSTM,Prediction,Train
1702,2025-07-29,P007,2.267289638519287,LSTM,Prediction,Train
1703,2025-07-30,P007,2.270989894866944,LSTM,Prediction,Train
1704,2025-07-31,P007,2.280912399291992,LSTM,Prediction,Train
1705,2025-08-01,P007,2.268027782440185,LSTM,Prediction,Train
1706,2025-08-02,P007,2.274807929992676,LSTM,Prediction,Train
1707,2025-08-03,P007,2.2827186584472656,LSTM,Prediction,Train
1708,2025-08-04,P007,2.2849855422973637,LSTM,Prediction,Train
1709,2025-08-05,P007,2.2717220783233643,LSTM,Prediction,Train
1710,2025-08-06,P007,2.2743239402771,LSTM,Prediction,Train
1711,2025-08-07,P007,2.2729597091674805,LSTM,Prediction,Train
1712,2025-08-08,P007,2.27909255027771,LSTM,Prediction,Train
1713,2025-08-09,P007,2.2697858810424805,LSTM,Prediction,Train
1714,2025-08-10,P007,2.271043539047241,LSTM,Prediction,Train
1715,2025-08-11,P007,2.2752721309661865,LSTM,Prediction,Train
1716,2025-08-12,P007,2.274526596069336,LSTM,Prediction,Train
1717,2025-08-13,P007,2.27170991897583,LSTM,Prediction,Train
1718,2025-08-14,P007,2.269028663635254,LSTM,Prediction,Train
1719,2025-08-15,P007,2.267483949661255,LSTM,Prediction,Train
1720,2025-08-16,P007,2.286069393157959,LSTM,Prediction,Train
1721,2025-08-17,P007,2.2698562145233154,LSTM,Prediction,Train
1722,2025-08-18,P007,2.266298294067383,LSTM,Prediction,Train
1723,2025-08-19,P007,2.282753229141236,LSTM,Prediction,Train
1724,2025-08-20,P007,2.2697243690490723,LSTM,Prediction,Train
1725,2025-08-21,P007,2.2728817462921143,LSTM,Prediction,Train
1726,2025-08-22,P007,2.26697039604187,LSTM,Prediction,Train
1727,2025-08-23,P007,2.271381139755249,LSTM,Prediction,Train
1728,2025-08-24,P007,2.27065658569336,LSTM,Prediction,Train
1729,2025-08-25,P007,2.268116235733032,LSTM,Prediction,Train
1730,2025-08-26,P007,2.2617228031158447,LSTM,Prediction,Train
1731,2025-08-27,P007,2.265434503555298,LSTM,Prediction,Train
1732,2025-08-28,P007,2.2743160724639893,LSTM,Prediction,Train
1733,2025-08-29,P007,2.2552945613861084,LSTM,Prediction,Train
1734,2025-08-30,P007,2.267005920410156,LSTM,Prediction,Train
1735,2025-08-31,P007,2.273258924484253,LSTM,Prediction,Train
1736,2025-09-01,P007,2.2755305767059326,LSTM,Prediction,Train
1737,2025-09-02,P007,2.278252601623535,LSTM,Prediction,Train
1738,2025-09-03,P007,2.273010492324829,LSTM,Prediction,Train
1739,2025-09-04,P007,2.27156400680542,LSTM,Prediction,Train
1740,2025-09-05,P007,2.269349336624145,LSTM,Prediction,Train
1741,2025-09-06,P007,2.273007869720459,LSTM,Prediction,Train
1742,2025-09-07,P007,2.272878885269165,LSTM,Prediction,Train
1743,2025-09-08,P007,2.2608859539031982,LSTM,Prediction,Train
1744,2025-09-09,P007,2.281196117401123,LSTM,Prediction,Train
1745,2025-09-10,P007,2.2740259170532227,LSTM,Prediction,Train
1746,2025-09-11,P007,2.272984743118286,LSTM,Prediction,Train
1747,2025-09-12,P007,2.2796006202697754,LSTM,Prediction,Train
1748,2025-09-13,P007,2.2724523544311523,LSTM,Prediction,Train
1749,2025-09-14,P007,2.270185947418213,LSTM,Prediction,Train
1750,2025-01-08,P008,2.0045950412750244,LSTM,Prediction,Train
1751,2025-01-09,P008,2.0001699924468994,LSTM,Prediction,Train
1752,2025-01-10,P008,2.0023999214172363,LSTM,Prediction,Train
1753,2025-01-11,P008,1.995530724525452,LSTM,Prediction,Train
1754,2025-01-12,P008,2.003759384155273,LSTM,Prediction,Train
1755,2025-01-13,P008,2.002125024795532,LSTM,Prediction,Train
1756,2025-01-14,P008,2.006533145904541,LSTM,Prediction,Train
1757,2025-01-15,P008,2.00090765953064,LSTM,Prediction,Train
1758,2025-01-16,P008,1.999435782432556,LSTM,Prediction,Train
1759,2025-01-17,P008,2.0002427101135254,LSTM,Prediction,Train
1760,2025-01-18,P008,2.0056376457214355,LSTM,Prediction,Train
1761,2025-01-19,P008,1.9992151260375977,LSTM,Prediction,Train
1762,2025-01-20,P008,2.0041160583496094,LSTM,Prediction,Train
1763,2025-01-21,P008,2.0029685497283936,LSTM,Prediction,Train
1764,2025-01-22,P008,1.9962899684906008,LSTM,Prediction,Train
1765,2025-01-23,P008,2.0006706714630127,LSTM,Prediction,Train
1766,2025-01-24,P008,1.998616099357605,LSTM,Prediction,Train
1767,2025-01-25,P008,2.004662036895752,LSTM,Prediction,Train
1768,2025-01-26,P008,2.0074541568756104,LSTM,Prediction,Train
1769,2025-01-27,P008,2.0062179565429688,LSTM,Prediction,Train
1770,2025-01-28,P008,2.000899314880371,LSTM,Prediction,Train
1771,2025-01-29,P008,2.011678695678711,LSTM,Prediction,Train
1772,2025-01-30,P008,2.003167629241944,LSTM,Prediction,Train
1773,2025-01-31,P008,2.0002646446228027,LSTM,Prediction,Train
1774,2025-02-01,P008,1.9994301795959477,LSTM,Prediction,Train
1775,2025-02-02,P008,1.999511480331421,LSTM,Prediction,Train
1776,2025-02-03,P008,2.005469560623169,LSTM,Prediction,Train
1777,2025-02-04,P008,2.000401973724365,LSTM,Prediction,Train
1778,2025-02-05,P008,2.008421897888184,LSTM,Prediction,Train
1779,2025-02-06,P008,2.00053334236145,LSTM,Prediction,Train
1780,2025-02-07,P008,2.001580715179444,LSTM,Prediction,Train
1781,2025-02-08,P008,2.002488613128662,LSTM,Prediction,Train
1782,2025-02-09,P008,2.0064046382904053,LSTM,Prediction,Train
1783,2025-02-10,P008,2.00705361366272,LSTM,Prediction,Train
1784,2025-02-11,P008,2.00113296508789,LSTM,Prediction,Train
1785,2025-02-12,P008,2.001552104949951,LSTM,Prediction,Train
1786,2025-02-13,P008,2.008315324783325,LSTM,Prediction,Train
1787,2025-02-14,P008,1.99908447265625,LSTM,Prediction,Train
1788,2025-02-15,P008,1.99458909034729,LSTM,Prediction,Train
1789,2025-02-16,P008,1.9974031448364256,LSTM,Prediction,Train
1790,2025-02-17,P008,2.007152557373047,LSTM,Prediction,Train
1791,2025-02-18,P008,2.007202386856079,LSTM,Prediction,Train
1792,2025-02-19,P008,2.002497434616089,LSTM,Prediction,Train
1793,2025-02-20,P008,1.9985551834106443,LSTM,Prediction,Train
1794,2025-02-21,P008,2.003485918045044,LSTM,Prediction,Train
1795,2025-02-22,P008,1.9964628219604488,LSTM,Prediction,Train
1796,2025-02-23,P008,2.003756523132324,LSTM,Prediction,Train
1797,2025-02-24,P008,2.0116214752197266,LSTM,Prediction,Train
1798,2025-02-25,P008,2.0017223358154297,LSTM,Prediction,Train
1799,2025-02-26,P008,2.004293441772461,LSTM,Prediction,Train
1800,2025-02-27,P008,2.008096218109131,LSTM,Prediction,Train
1801,2025-02-28,P008,2.001707077026367,LSTM,Prediction,Train
1802,2025-03-01,P008,2.002521276473999,LSTM,Prediction,Train
1803,2025-03-02,P008,2.006908893585205,LSTM,Prediction,Train
1804,2025-03-03,P008,2.004068613052368,LSTM,Prediction,Train
1805,2025-03-04,P008,2.0055744647979736,LSTM,Prediction,Train
1806,2025-03-05,P008,2.00461483001709,LSTM,Prediction,Train
1807,2025-03-06,P008,2.004175901412964,LSTM,Prediction,Train
1808,2025-03-07,P008,1.999681830406189,LSTM,Prediction,Train
1809,2025-03-08,P008,2.008085012435913,LSTM,Prediction,Train
1810,2025-03-09,P008,2.012364864349365,LSTM,Prediction,Train
1811,2025-03-10,P008,2.0059189796447754,LSTM,Prediction,Train
1812,2025-03-11,P008,2.005092144012451,LSTM,Prediction,Train
1813,2025-03-12,P008,1.997771143913269,LSTM,Prediction,Train
1814,2025-03-13,P008,2.008011102676392,LSTM,Prediction,Train
1815,2025-03-14,P008,2.0064404010772705,LSTM,Prediction,Train
1816,2025-03-15,P008,2.001973867416382,LSTM,Prediction,Train
1817,2025-03-16,P008,2.001528263092041,LSTM,Prediction,Train
1818,2025-03-17,P008,2.004282236099243,LSTM,Prediction,Train
1819,2025-03-18,P008,2.004793405532837,LSTM,Prediction,Train
1820,2025-03-19,P008,1.9957919120788572,LSTM,Prediction,Train
1821,2025-03-20,P008,1.9991106986999512,LSTM,Prediction,Train
1822,2025-03-21,P008,1.9971421957015991,LSTM,Prediction,Train
1823,2025-03-22,P008,2.00848126411438,LSTM,Prediction,Train
1824,2025-03-23,P008,2.0061376094818115,LSTM,Prediction,Train
1825,2025-03-24,P008,2.0036723613739014,LSTM,Prediction,Train
1826,2025-03-25,P008,2.004313707351685,LSTM,Prediction,Train
1827,2025-03-26,P008,2.0034804344177246,LSTM,Prediction,Train
1828,2025-03-27,P008,2.005677461624145,LSTM,Prediction,Train
1829,2025-03-28,P008,2.005509376525879,LSTM,Prediction,Train
1830,2025-03-29,P008,1.9984713792800903,LSTM,Prediction,Train
1831,2025-03-30,P008,2.0042524337768555,LSTM,Prediction,Train
1832,2025-03-31,P008,1.9939615726470947,LSTM,Prediction,Train
1833,2025-04-01,P008,2.0014705657958984,LSTM,Prediction,Train
1834,2025-04-02,P008,2.005636692047119,LSTM,Prediction,Train
1835,2025-04-03,P008,2.001934051513672,LSTM,Prediction,Train
1836,2025-04-04,P008,2.003906488418579,LSTM,Prediction,Train
1837,2025-04-05,P008,2.0103726387023926,LSTM,Prediction,Train
1838,2025-04-06,P008,2.0047383308410645,LSTM,Prediction,Train
1839,2025-04-07,P008,1.9989943504333496,LSTM,Prediction,Train
1840,2025-04-08,P008,2.005944013595581,LSTM,Prediction,Train
1841,2025-04-09,P008,2.0034050941467285,LSTM,Prediction,Train
1842,2025-04-10,P008,2.0083982944488525,LSTM,Prediction,Train
1843,2025-04-11,P008,1.999820113182068,LSTM,Prediction,Train
1844,2025-04-12,P008,1.9919161796569824,LSTM,Prediction,Train
1845,2025-04-13,P008,2.0033133029937744,LSTM,Prediction,Train
1846,2025-04-14,P008,2.0065832138061523,LSTM,Prediction,Train
1847,2025-04-15,P008,2.0037765502929688,LSTM,Prediction,Train
1848,2025-04-16,P008,2.0039756298065186,LSTM,Prediction,Train
1849,2025-04-17,P008,2.0117340087890625,LSTM,Prediction,Train
1850,2025-04-18,P008,2.004013538360596,LSTM,Prediction,Train
1851,2025-04-19,P008,2.000871419906616,LSTM,Prediction,Train
1852,2025-04-20,P008,2.004992723464966,LSTM,Prediction,Train
1853,2025-04-21,P008,1.9955145120620728,LSTM,Prediction,Train
1854,2025-04-22,P008,2.0032691955566406,LSTM,Prediction,Train
1855,2025-04-23,P008,2.0042881965637207,LSTM,Prediction,Train
1856,2025-04-24,P008,2.0027432441711426,LSTM,Prediction,Train
1857,2025-04-25,P008,2.0035343170166016,LSTM,Prediction,Train
1858,2025-04-26,P008,1.9992648363113403,LSTM,Prediction,Train
1859,2025-04-27,P008,2.0061681270599365,LSTM,Prediction,Train
1860,2025-04-28,P008,2.001884937286377,LSTM,Prediction,Train
1861,2025-04-29,P008,2.008089780807495,LSTM,Prediction,Train
1862,2025-04-30,P008,2.001509428024292,LSTM,Prediction,Train
1863,2025-05-01,P008,2.006079912185669,LSTM,Prediction,Train
1864,2025-05-02,P008,2.004653215408325,LSTM,Prediction,Train
1865,2025-05-03,P008,2.006334066390991,LSTM,Prediction,Train
1866,2025-05-04,P008,2.0054240226745605,LSTM,Prediction,Train
1867,2025-05-05,P008,2.002366065979004,LSTM,Prediction,Train
1868,2025-05-06,P008,2.003191471099853,LSTM,Prediction,Train
1869,2025-05-07,P008,1.999931812286377,LSTM,Prediction,Train
1870,2025-05-08,P008,2.0017056465148926,LSTM,Prediction,Train
1871,2025-05-09,P008,2.001718044281006,LSTM,Prediction,Train
1872,2025-05-10,P008,1.9966371059417725,LSTM,Prediction,Train
1873,2025-05-11,P008,2.006880283355713,LSTM,Prediction,Train
1874,2025-05-12,P008,2.003964900970459,LSTM,Prediction,Train
1875,2025-05-13,P008,2.0021629333496094,LSTM,Prediction,Train
1876,2025-05-14,P008,1.9976379871368408,LSTM,Prediction,Train
1877,2025-05-15,P008,2.003753423690796,LSTM,Prediction,Train
1878,2025-05-16,P008,2.004410982131958,LSTM,Prediction,Train
1879,2025-05-17,P008,2.00465726852417,LSTM,Prediction,Train
1880,2025-05-18,P008,2.005620241165161,LSTM,Prediction,Train
1881,2025-05-19,P008,2.0007758140563965,LSTM,Prediction,Train
1882,2025-05-20,P008,2.006963014602661,LSTM,Prediction,Train
1883,2025-05-21,P008,2.004438877105713,LSTM,Prediction,Train
1884,2025-05-22,P008,1.9994633197784424,LSTM,Prediction,Train
1885,2025-05-23,P008,2.0051045417785645,LSTM,Prediction,Train
1886,2025-05-24,P008,1.9912869930267332,LSTM,Prediction,Train
1887,2025-05-25,P008,2.002880573272705,LSTM,Prediction,Train
1888,2025-05-26,P008,2.0042755603790283,LSTM,Prediction,Train
1889,2025-05-27,P008,2.0009007453918457,LSTM,Prediction,Train
1890,2025-05-28,P008,2.00253963470459,LSTM,Prediction,Train
1891,2025-05-29,P008,2.0008440017700195,LSTM,Prediction,Train
1892,2025-05-30,P008,1.9994208812713623,LSTM,Prediction,Train
1893,2025-05-31,P008,2.003129482269287,LSTM,Prediction,Train
1894,2025-06-01,P008,2.007162570953369,LSTM,Prediction,Train
1895,2025-06-02,P008,2.005856275558472,LSTM,Prediction,Train
1896,2025-06-03,P008,1.997414350509644,LSTM,Prediction,Train
1897,2025-06-04,P008,2.002460479736328,LSTM,Prediction,Train
1898,2025-06-05,P008,2.007526397705078,LSTM,Prediction,Train
1899,2025-06-06,P008,2.007927894592285,LSTM,Prediction,Train
1900,2025-06-07,P008,2.0038983821868896,LSTM,Prediction,Train
1901,2025-06-08,P008,2.006049633026123,LSTM,Prediction,Train
1902,2025-06-09,P008,2.0005404949188232,LSTM,Prediction,Train
1903,2025-06-10,P008,2.0021514892578125,LSTM,Prediction,Train
1904,2025-06-11,P008,2.000926971435547,LSTM,Prediction,Train
1905,2025-06-12,P008,2.006155014038086,LSTM,Prediction,Train
1906,2025-06-13,P008,1.99605393409729,LSTM,Prediction,Train
1907,2025-06-14,P008,1.999845623970032,LSTM,Prediction,Train
1908,2025-06-15,P008,2.003478527069092,LSTM,Prediction,Train
1909,2025-06-16,P008,2.006510734558105,LSTM,Prediction,Train
1910,2025-06-17,P008,2.0021755695343018,LSTM,Prediction,Train
1911,2025-06-18,P008,2.0020575523376465,LSTM,Prediction,Train
1912,2025-06-19,P008,2.0066897869110107,LSTM,Prediction,Train
1913,2025-06-20,P008,2.004066228866577,LSTM,Prediction,Train
1914,2025-06-21,P008,2.0007810592651367,LSTM,Prediction,Train
1915,2025-06-22,P008,2.007600784301758,LSTM,Prediction,Train
1916,2025-06-23,P008,2.004075527191162,LSTM,Prediction,Train
1917,2025-06-24,P008,1.9983634948730469,LSTM,Prediction,Train
1918,2025-06-25,P008,1.998756527900696,LSTM,Prediction,Train
1919,2025-06-26,P008,2.000437498092652,LSTM,Prediction,Train
1920,2025-06-27,P008,2.002108573913574,LSTM,Prediction,Train
1921,2025-06-28,P008,2.011481285095215,LSTM,Prediction,Train
1922,2025-06-29,P008,2.0008299350738525,LSTM,Prediction,Train
1923,2025-06-30,P008,2.006775140762329,LSTM,Prediction,Train
1924,2025-07-01,P008,2.005277633666992,LSTM,Prediction,Train
1925,2025-07-02,P008,2.000311851501465,LSTM,Prediction,Train
1926,2025-07-03,P008,2.006525039672852,LSTM,Prediction,Train
1927,2025-07-04,P008,2.0050737857818604,LSTM,Prediction,Train
1928,2025-07-05,P008,2.002586603164673,LSTM,Prediction,Train
1929,2025-07-06,P008,1.999562740325928,LSTM,Prediction,Train
1930,2025-07-07,P008,2.0029821395874023,LSTM,Prediction,Train
1931,2025-07-08,P008,2.0063345432281494,LSTM,Prediction,Train
1932,2025-07-09,P008,2.0036604404449463,LSTM,Prediction,Train
1933,2025-07-10,P008,2.005282163619995,LSTM,Prediction,Train
1934,2025-07-11,P008,2.002021312713623,LSTM,Prediction,Train
1935,2025-07-12,P008,2.0027692317962646,LSTM,Prediction,Train
1936,2025-07-13,P008,2.0009212493896484,LSTM,Prediction,Train
1937,2025-07-14,P008,2.0020711421966557,LSTM,Prediction,Train
1938,2025-07-15,P008,2.006955146789551,LSTM,Prediction,Train
1939,2025-07-16,P008,1.9953851699829104,LSTM,Prediction,Train
1940,2025-07-17,P008,2.0063045024871826,LSTM,Prediction,Train
1941,2025-07-18,P008,2.0014688968658447,LSTM,Prediction,Train
1942,2025-07-19,P008,2.006132125854492,LSTM,Prediction,Train
1943,2025-07-20,P008,2.004418134689331,LSTM,Prediction,Train
1944,2025-07-21,P008,2.002260208129883,LSTM,Prediction,Train
1945,2025-07-22,P008,2.0059573650360107,LSTM,Prediction,Train
1946,2025-07-23,P008,1.9990553855896,LSTM,Prediction,Train
1947,2025-07-24,P008,2.002290964126587,LSTM,Prediction,Train
1948,2025-07-25,P008,2.007032632827759,LSTM,Prediction,Train
1949,2025-07-26,P008,2.0040979385375977,LSTM,Prediction,Train
1950,2025-07-27,P008,1.999477863311768,LSTM,Prediction,Train
1951,2025-07-28,P008,1.996883749961853,LSTM,Prediction,Train
1952,2025-07-29,P008,1.995303511619568,LSTM,Prediction,Train
1953,2025-07-30,P008,2.0060155391693115,LSTM,Prediction,Train
1954,2025-07-31,P008,2.004777669906616,LSTM,Prediction,Train
1955,2025-08-01,P008,1.9990593194961548,LSTM,Prediction,Train
1956,2025-08-02,P008,2.0018699169158936,LSTM,Prediction,Train
1957,2025-08-03,P008,2.010136365890503,LSTM,Prediction,Train
1958,2025-08-04,P008,2.00759220123291,LSTM,Prediction,Train
1959,2025-08-05,P008,2.004934549331665,LSTM,Prediction,Train
1960,2025-08-06,P008,2.0017166137695312,LSTM,Prediction,Train
1961,2025-08-07,P008,2.009166955947876,LSTM,Prediction,Train
1962,2025-08-08,P008,2.006321668624878,LSTM,Prediction,Train
1963,2025-08-09,P008,1.9969338178634644,LSTM,Prediction,Train
1964,2025-08-10,P008,1.996102333068848,LSTM,Prediction,Train
1965,2025-08-11,P008,2.0067250728607178,LSTM,Prediction,Train
1966,2025-08-12,P008,2.0072195529937744,LSTM,Prediction,Train
1967,2025-08-13,P008,2.0038583278656006,LSTM,Prediction,Train
1968,2025-08-14,P008,2.0022518634796143,LSTM,Prediction,Train
1969,2025-08-15,P008,2.001180648803711,LSTM,Prediction,Train
1970,2025-08-16,P008,2.007026433944702,LSTM,Prediction,Train
1971,2025-08-17,P008,2.0049257278442383,LSTM,Prediction,Train
1972,2025-08-18,P008,2.000062704086304,LSTM,Prediction,Train
1973,2025-08-19,P008,2.010808229446411,LSTM,Prediction,Train
1974,2025-08-20,P008,2.0055785179138184,LSTM,Prediction,Train
1975,2025-08-21,P008,2.0030813217163086,LSTM,Prediction,Train
1976,2025-08-22,P008,1.9992380142211916,LSTM,Prediction,Train
1977,2025-08-23,P008,2.00618314743042,LSTM,Prediction,Train
1978,2025-08-24,P008,2.001739978790283,LSTM,Prediction,Train
1979,2025-08-25,P008,2.002882719039917,LSTM,Prediction,Train
1980,2025-08-26,P008,1.9991742372512815,LSTM,Prediction,Train
1981,2025-08-27,P008,1.999987244606018,LSTM,Prediction,Train
1982,2025-08-28,P008,2.001085042953491,LSTM,Prediction,Train
1983,2025-08-29,P008,1.9905478954315183,LSTM,Prediction,Train
1984,2025-08-30,P008,2.007050037384033,LSTM,Prediction,Train
1985,2025-08-31,P008,2.0012571811676025,LSTM,Prediction,Train
1986,2025-09-01,P008,2.002389907836914,LSTM,Prediction,Train
1987,2025-09-02,P008,2.0050911903381348,LSTM,Prediction,Train
1988,2025-09-03,P008,2.003643035888672,LSTM,Prediction,Train
1989,2025-09-04,P008,2.000639677047729,LSTM,Prediction,Train
1990,2025-09-05,P008,2.002680778503418,LSTM,Prediction,Train
1991,2025-09-06,P008,2.00117301940918,LSTM,Prediction,Train
1992,2025-09-07,P008,1.9983725547790527,LSTM,Prediction,Train
1993,2025-09-08,P008,2.00034499168396,LSTM,Prediction,Train
1994,2025-09-09,P008,2.0058534145355225,LSTM,Prediction,Train
1995,2025-09-10,P008,2.005621194839477,LSTM,Prediction,Train
1996,2025-09-11,P008,2.00484561920166,LSTM,Prediction,Train
1997,2025-09-12,P008,2.007039785385132,LSTM,Prediction,Train
1998,2025-09-13,P008,2.002081871032715,LSTM,Prediction,Train
1999,2025-09-14,P008,1.9970262050628664,LSTM,Prediction,Train
2000,2025-01-08,P009,2.0211970806121826,LSTM,Prediction,Train
2001,2025-01-09,P009,2.016520738601685,LSTM,Prediction,Train
2002,2025-01-10,P009,2.023184299468994,LSTM,Prediction,Train
2003,2025-01-11,P009,2.014086961746216,LSTM,Prediction,Train
2004,2025-01-12,P009,2.022559881210327,LSTM,Prediction,Train
2005,2025-01-13,P009,2.019124746322632,LSTM,Prediction,Train
2006,2025-01-14,P009,2.0238561630249023,LSTM,Prediction,Train
2007,2025-01-15,P009,2.018404483795166,LSTM,Prediction,Train
2008,2025-01-16,P009,2.016650438308716,LSTM,Prediction,Train
2009,2025-01-17,P009,2.0171029567718506,LSTM,Prediction,Train
2010,2025-01-18,P009,2.020926713943481,LSTM,Prediction,Train
2011,2025-01-19,P009,2.0163888931274414,LSTM,Prediction,Train
2012,2025-01-20,P009,2.0208756923675537,LSTM,Prediction,Train
2013,2025-01-21,P009,2.022169589996338,LSTM,Prediction,Train
2014,2025-01-22,P009,2.010720729827881,LSTM,Prediction,Train
2015,2025-01-23,P009,2.019906044006348,LSTM,Prediction,Train
2016,2025-01-24,P009,2.0212109088897705,LSTM,Prediction,Train
2017,2025-01-25,P009,2.0219571590423584,LSTM,Prediction,Train
2018,2025-01-26,P009,2.021622896194458,LSTM,Prediction,Train
2019,2025-01-27,P009,2.0254738330841064,LSTM,Prediction,Train
2020,2025-01-28,P009,2.0212273597717285,LSTM,Prediction,Train
2021,2025-01-29,P009,2.022693157196045,LSTM,Prediction,Train
2022,2025-01-30,P009,2.0167043209075928,LSTM,Prediction,Train
2023,2025-01-31,P009,2.0155017375946045,LSTM,Prediction,Train
2024,2025-02-01,P009,2.0239098072052,LSTM,Prediction,Train
2025,2025-02-02,P009,2.016329526901245,LSTM,Prediction,Train
2026,2025-02-03,P009,2.021761655807495,LSTM,Prediction,Train
2027,2025-02-04,P009,2.0150463581085205,LSTM,Prediction,Train
2028,2025-02-05,P009,2.025632858276367,LSTM,Prediction,Train
2029,2025-02-06,P009,2.0201239585876465,LSTM,Prediction,Train
2030,2025-02-07,P009,2.0190978050231934,LSTM,Prediction,Train
2031,2025-02-08,P009,2.0193886756896973,LSTM,Prediction,Train
2032,2025-02-09,P009,2.0192368030548096,LSTM,Prediction,Train
2033,2025-02-10,P009,2.021909475326538,LSTM,Prediction,Train
2034,2025-02-11,P009,2.017109632492065,LSTM,Prediction,Train
2035,2025-02-12,P009,2.019390344619751,LSTM,Prediction,Train
2036,2025-02-13,P009,2.0215628147125244,LSTM,Prediction,Train
2037,2025-02-14,P009,2.01590633392334,LSTM,Prediction,Train
2038,2025-02-15,P009,2.0105011463165283,LSTM,Prediction,Train
2039,2025-02-16,P009,2.014082670211792,LSTM,Prediction,Train
2040,2025-02-17,P009,2.0262253284454346,LSTM,Prediction,Train
2041,2025-02-18,P009,2.0230841636657715,LSTM,Prediction,Train
2042,2025-02-19,P009,2.020715475082397,LSTM,Prediction,Train
2043,2025-02-20,P009,2.01127028465271,LSTM,Prediction,Train
2044,2025-02-21,P009,2.0206966400146484,LSTM,Prediction,Train
2045,2025-02-22,P009,2.0228512287139893,LSTM,Prediction,Train
2046,2025-02-23,P009,2.0194883346557617,LSTM,Prediction,Train
2047,2025-02-24,P009,2.025672674179077,LSTM,Prediction,Train
2048,2025-02-25,P009,2.019769191741944,LSTM,Prediction,Train
2049,2025-02-26,P009,2.020003080368042,LSTM,Prediction,Train
2050,2025-02-27,P009,2.0251734256744385,LSTM,Prediction,Train
2051,2025-02-28,P009,2.0183768272399902,LSTM,Prediction,Train
2052,2025-03-01,P009,2.0178771018981934,LSTM,Prediction,Train
2053,2025-03-02,P009,2.02372670173645,LSTM,Prediction,Train
2054,2025-03-03,P009,2.02156400680542,LSTM,Prediction,Train
2055,2025-03-04,P009,2.022976875305176,LSTM,Prediction,Train
2056,2025-03-05,P009,2.02504563331604,LSTM,Prediction,Train
2057,2025-03-06,P009,2.0200676918029785,LSTM,Prediction,Train
2058,2025-03-07,P009,2.0155861377716064,LSTM,Prediction,Train
2059,2025-03-08,P009,2.029642105102539,LSTM,Prediction,Train
2060,2025-03-09,P009,2.0255768299102783,LSTM,Prediction,Train
2061,2025-03-10,P009,2.02126693725586,LSTM,Prediction,Train
2062,2025-03-11,P009,2.025052547454834,LSTM,Prediction,Train
2063,2025-03-12,P009,2.014232873916626,LSTM,Prediction,Train
2064,2025-03-13,P009,2.0248687267303467,LSTM,Prediction,Train
2065,2025-03-14,P009,2.024397373199463,LSTM,Prediction,Train
2066,2025-03-15,P009,2.0169994831085205,LSTM,Prediction,Train
2067,2025-03-16,P009,2.017730474472046,LSTM,Prediction,Train
2068,2025-03-17,P009,2.021306276321411,LSTM,Prediction,Train
2069,2025-03-18,P009,2.022918224334717,LSTM,Prediction,Train
2070,2025-03-19,P009,2.008545160293579,LSTM,Prediction,Train
2071,2025-03-20,P009,2.015367031097412,LSTM,Prediction,Train
2072,2025-03-21,P009,2.012833595275879,LSTM,Prediction,Train
2073,2025-03-22,P009,2.026689052581787,LSTM,Prediction,Train
2074,2025-03-23,P009,2.02066707611084,LSTM,Prediction,Train
2075,2025-03-24,P009,2.021049737930298,LSTM,Prediction,Train
2076,2025-03-25,P009,2.0206305980682373,LSTM,Prediction,Train
2077,2025-03-26,P009,2.0193803310394287,LSTM,Prediction,Train
2078,2025-03-27,P009,2.026094913482666,LSTM,Prediction,Train
2079,2025-03-28,P009,2.026320457458496,LSTM,Prediction,Train
2080,2025-03-29,P009,2.011737585067749,LSTM,Prediction,Train
2081,2025-03-30,P009,2.019605159759521,LSTM,Prediction,Train
2082,2025-03-31,P009,2.0085487365722656,LSTM,Prediction,Train
2083,2025-04-01,P009,2.0210676193237305,LSTM,Prediction,Train
2084,2025-04-02,P009,2.025620937347412,LSTM,Prediction,Train
2085,2025-04-03,P009,2.0185210704803467,LSTM,Prediction,Train
2086,2025-04-04,P009,2.0203802585601807,LSTM,Prediction,Train
2087,2025-04-05,P009,2.031952142715454,LSTM,Prediction,Train
2088,2025-04-06,P009,2.020719528198242,LSTM,Prediction,Train
2089,2025-04-07,P009,2.0150797367095947,LSTM,Prediction,Train
2090,2025-04-08,P009,2.023365974426269,LSTM,Prediction,Train
2091,2025-04-09,P009,2.0178799629211426,LSTM,Prediction,Train
2092,2025-04-10,P009,2.0253775119781494,LSTM,Prediction,Train
2093,2025-04-11,P009,2.0165719985961914,LSTM,Prediction,Train
2094,2025-04-12,P009,2.010991096496582,LSTM,Prediction,Train
2095,2025-04-13,P009,2.0198638439178467,LSTM,Prediction,Train
2096,2025-04-14,P009,2.023571491241455,LSTM,Prediction,Train
2097,2025-04-15,P009,2.0247998237609863,LSTM,Prediction,Train
2098,2025-04-16,P009,2.0225718021392822,LSTM,Prediction,Train
2099,2025-04-17,P009,2.0231692790985107,LSTM,Prediction,Train
2100,2025-04-18,P009,2.0245180130004883,LSTM,Prediction,Train
2101,2025-04-19,P009,2.018040418624878,LSTM,Prediction,Train
2102,2025-04-20,P009,2.0221023559570312,LSTM,Prediction,Train
2103,2025-04-21,P009,2.016923427581787,LSTM,Prediction,Train
2104,2025-04-22,P009,2.022794008255005,LSTM,Prediction,Train
2105,2025-04-23,P009,2.0264668464660645,LSTM,Prediction,Train
2106,2025-04-24,P009,2.017132043838501,LSTM,Prediction,Train
2107,2025-04-25,P009,2.016986608505249,LSTM,Prediction,Train
2108,2025-04-26,P009,2.016199350357056,LSTM,Prediction,Train
2109,2025-04-27,P009,2.023701429367065,LSTM,Prediction,Train
2110,2025-04-28,P009,2.0183050632476807,LSTM,Prediction,Train
2111,2025-04-29,P009,2.0284299850463867,LSTM,Prediction,Train
2112,2025-04-30,P009,2.0173282623291016,LSTM,Prediction,Train
2113,2025-05-01,P009,2.0176730155944824,LSTM,Prediction,Train
2114,2025-05-02,P009,2.018263101577759,LSTM,Prediction,Train
2115,2025-05-03,P009,2.023292064666748,LSTM,Prediction,Train
2116,2025-05-04,P009,2.0277462005615234,LSTM,Prediction,Train
2117,2025-05-05,P009,2.018937349319458,LSTM,Prediction,Train
2118,2025-05-06,P009,2.0217010974884038,LSTM,Prediction,Train
2119,2025-05-07,P009,2.0182414054870605,LSTM,Prediction,Train
2120,2025-05-08,P009,2.019355535507202,LSTM,Prediction,Train
2121,2025-05-09,P009,2.019301176071167,LSTM,Prediction,Train
2122,2025-05-10,P009,2.0136091709136963,LSTM,Prediction,Train
2123,2025-05-11,P009,2.0225515365600586,LSTM,Prediction,Train
2124,2025-05-12,P009,2.020525932312012,LSTM,Prediction,Train
2125,2025-05-13,P009,2.0168726444244385,LSTM,Prediction,Train
2126,2025-05-14,P009,2.013314008712769,LSTM,Prediction,Train
2127,2025-05-15,P009,2.020557641983032,LSTM,Prediction,Train
2128,2025-05-16,P009,2.02473521232605,LSTM,Prediction,Train
2129,2025-05-17,P009,2.0182440280914307,LSTM,Prediction,Train
2130,2025-05-18,P009,2.024060010910034,LSTM,Prediction,Train
2131,2025-05-19,P009,2.016340494155884,LSTM,Prediction,Train
2132,2025-05-20,P009,2.021624565124512,LSTM,Prediction,Train
2133,2025-05-21,P009,2.015824317932129,LSTM,Prediction,Train
2134,2025-05-22,P009,2.0160670280456543,LSTM,Prediction,Train
2135,2025-05-23,P009,2.023848295211792,LSTM,Prediction,Train
2136,2025-05-24,P009,2.0072410106658936,LSTM,Prediction,Train
2137,2025-05-25,P009,2.0216052532196045,LSTM,Prediction,Train
2138,2025-05-26,P009,2.021005868911743,LSTM,Prediction,Train
2139,2025-05-27,P009,2.017219305038452,LSTM,Prediction,Train
2140,2025-05-28,P009,2.018916606903076,LSTM,Prediction,Train
2141,2025-05-29,P009,2.021512269973755,LSTM,Prediction,Train
2142,2025-05-30,P009,2.0146305561065674,LSTM,Prediction,Train
2143,2025-05-31,P009,2.019244432449341,LSTM,Prediction,Train
2144,2025-06-01,P009,2.0242249965667725,LSTM,Prediction,Train
2145,2025-06-02,P009,2.022984743118286,LSTM,Prediction,Train
2146,2025-06-03,P009,2.014617919921875,LSTM,Prediction,Train
2147,2025-06-04,P009,2.0206539630889893,LSTM,Prediction,Train
2148,2025-06-05,P009,2.023700714111328,LSTM,Prediction,Train
2149,2025-06-06,P009,2.03188157081604,LSTM,Prediction,Train
2150,2025-06-07,P009,2.0212252140045166,LSTM,Prediction,Train
2151,2025-06-08,P009,2.023423433303833,LSTM,Prediction,Train
2152,2025-06-09,P009,2.020682573318481,LSTM,Prediction,Train
2153,2025-06-10,P009,2.016559839248657,LSTM,Prediction,Train
2154,2025-06-11,P009,2.018970012664795,LSTM,Prediction,Train
2155,2025-06-12,P009,2.020857810974121,LSTM,Prediction,Train
2156,2025-06-13,P009,2.01254677772522,LSTM,Prediction,Train
2157,2025-06-14,P009,2.0173912048339844,LSTM,Prediction,Train
2158,2025-06-15,P009,2.0207395553588867,LSTM,Prediction,Train
2159,2025-06-16,P009,2.0230467319488525,LSTM,Prediction,Train
2160,2025-06-17,P009,2.021238327026367,LSTM,Prediction,Train
2161,2025-06-18,P009,2.021657466888428,LSTM,Prediction,Train
2162,2025-06-19,P009,2.025456190109253,LSTM,Prediction,Train
2163,2025-06-20,P009,2.0194153785705566,LSTM,Prediction,Train
2164,2025-06-21,P009,2.0176401138305664,LSTM,Prediction,Train
2165,2025-06-22,P009,2.025045156478882,LSTM,Prediction,Train
2166,2025-06-23,P009,2.0195560455322266,LSTM,Prediction,Train
2167,2025-06-24,P009,2.014338254928589,LSTM,Prediction,Train
2168,2025-06-25,P009,2.0142884254455566,LSTM,Prediction,Train
2169,2025-06-26,P009,2.018118381500244,LSTM,Prediction,Train
2170,2025-06-27,P009,2.0221714973449707,LSTM,Prediction,Train
2171,2025-06-28,P009,2.0273799896240234,LSTM,Prediction,Train
2172,2025-06-29,P009,2.017667770385742,LSTM,Prediction,Train
2173,2025-06-30,P009,2.024225234985352,LSTM,Prediction,Train
2174,2025-07-01,P009,2.0242562294006348,LSTM,Prediction,Train
2175,2025-07-02,P009,2.019706010818481,LSTM,Prediction,Train
2176,2025-07-03,P009,2.0232574939727783,LSTM,Prediction,Train
2177,2025-07-04,P009,2.0234293937683105,LSTM,Prediction,Train
2178,2025-07-05,P009,2.018840074539185,LSTM,Prediction,Train
2179,2025-07-06,P009,2.0158262252807617,LSTM,Prediction,Train
2180,2025-07-07,P009,2.018285751342773,LSTM,Prediction,Train
2181,2025-07-08,P009,2.0246055126190186,LSTM,Prediction,Train
2182,2025-07-09,P009,2.0191664695739746,LSTM,Prediction,Train
2183,2025-07-10,P009,2.020240306854248,LSTM,Prediction,Train
2184,2025-07-11,P009,2.0189788341522217,LSTM,Prediction,Train
2185,2025-07-12,P009,2.0189478397369385,LSTM,Prediction,Train
2186,2025-07-13,P009,2.018316984176636,LSTM,Prediction,Train
2187,2025-07-14,P009,2.0184788703918457,LSTM,Prediction,Train
2188,2025-07-15,P009,2.0232410430908203,LSTM,Prediction,Train
2189,2025-07-16,P009,2.017045259475708,LSTM,Prediction,Train
2190,2025-07-17,P009,2.0216224193573,LSTM,Prediction,Train
2191,2025-07-18,P009,2.016139507293701,LSTM,Prediction,Train
2192,2025-07-19,P009,2.0288729667663574,LSTM,Prediction,Train
2193,2025-07-20,P009,2.0203442573547363,LSTM,Prediction,Train
2194,2025-07-21,P009,2.020221948623657,LSTM,Prediction,Train
2195,2025-07-22,P009,2.022796869277954,LSTM,Prediction,Train
2196,2025-07-23,P009,2.016530990600586,LSTM,Prediction,Train
2197,2025-07-24,P009,2.0181632041931152,LSTM,Prediction,Train
2198,2025-07-25,P009,2.024806261062622,LSTM,Prediction,Train
2199,2025-07-26,P009,2.0213863849639893,LSTM,Prediction,Train
2200,2025-07-27,P009,2.0173346996307373,LSTM,Prediction,Train
2201,2025-07-28,P009,2.019031524658203,LSTM,Prediction,Train
2202,2025-07-29,P009,2.016523122787476,LSTM,Prediction,Train
2203,2025-07-30,P009,2.023223638534546,LSTM,Prediction,Train
2204,2025-07-31,P009,2.022569179534912,LSTM,Prediction,Train
2205,2025-08-01,P009,2.0160627365112305,LSTM,Prediction,Train
2206,2025-08-02,P009,2.020197868347168,LSTM,Prediction,Train
2207,2025-08-03,P009,2.0264413356781006,LSTM,Prediction,Train
2208,2025-08-04,P009,2.0252625942230225,LSTM,Prediction,Train
2209,2025-08-05,P009,2.020479202270508,LSTM,Prediction,Train
2210,2025-08-06,P009,2.0179264545440674,LSTM,Prediction,Train
2211,2025-08-07,P009,2.0264174938201904,LSTM,Prediction,Train
2212,2025-08-08,P009,2.0239150524139404,LSTM,Prediction,Train
2213,2025-08-09,P009,2.015354871749878,LSTM,Prediction,Train
2214,2025-08-10,P009,2.013110399246216,LSTM,Prediction,Train
2215,2025-08-11,P009,2.022549152374268,LSTM,Prediction,Train
2216,2025-08-12,P009,2.0258681774139404,LSTM,Prediction,Train
2217,2025-08-13,P009,2.018265962600708,LSTM,Prediction,Train
2218,2025-08-14,P009,2.01881742477417,LSTM,Prediction,Train
2219,2025-08-15,P009,2.018618583679199,LSTM,Prediction,Train
2220,2025-08-16,P009,2.0245044231414795,LSTM,Prediction,Train
2221,2025-08-17,P009,2.0230860710144043,LSTM,Prediction,Train
2222,2025-08-18,P009,2.016598463058472,LSTM,Prediction,Train
2223,2025-08-19,P009,2.0297133922576904,LSTM,Prediction,Train
2224,2025-08-20,P009,2.022718906402588,LSTM,Prediction,Train
2225,2025-08-21,P009,2.0198538303375244,LSTM,Prediction,Train
2226,2025-08-22,P009,2.0178182125091557,LSTM,Prediction,Train
2227,2025-08-23,P009,2.022947311401367,LSTM,Prediction,Train
2228,2025-08-24,P009,2.018061399459839,LSTM,Prediction,Train
2229,2025-08-25,P009,2.019367218017578,LSTM,Prediction,Train
2230,2025-08-26,P009,2.0158567428588867,LSTM,Prediction,Train
2231,2025-08-27,P009,2.0172581672668457,LSTM,Prediction,Train
2232,2025-08-28,P009,2.0217161178588867,LSTM,Prediction,Train
2233,2025-08-29,P009,2.006603956222534,LSTM,Prediction,Train
2234,2025-08-30,P009,2.0260426998138428,LSTM,Prediction,Train
2235,2025-08-31,P009,2.017240047454834,LSTM,Prediction,Train
2236,2025-09-01,P009,2.017440795898437,LSTM,Prediction,Train
2237,2025-09-02,P009,2.022008419036865,LSTM,Prediction,Train
2238,2025-09-03,P009,2.0203499794006348,LSTM,Prediction,Train
2239,2025-09-04,P009,2.019018650054932,LSTM,Prediction,Train
2240,2025-09-05,P009,2.021870374679565,LSTM,Prediction,Train
2241,2025-09-06,P009,2.0170156955718994,LSTM,Prediction,Train
2242,2025-09-07,P009,2.013104200363159,LSTM,Prediction,Train
2243,2025-09-08,P009,2.0184779167175293,LSTM,Prediction,Train
2244,2025-09-09,P009,2.0266475677490234,LSTM,Prediction,Train
2245,2025-09-10,P009,2.024738550186157,LSTM,Prediction,Train
2246,2025-09-11,P009,2.019883632659912,LSTM,Prediction,Train
2247,2025-09-12,P009,2.021724939346313,LSTM,Prediction,Train
2248,2025-09-13,P009,2.0199129581451416,LSTM,Prediction,Train
2249,2025-09-14,P009,2.0163919925689697,LSTM,Prediction,Train
2250,2025-01-08,P010,2.061556339263916,LSTM,Prediction,Train
2251,2025-01-09,P010,2.05936598777771,LSTM,Prediction,Train
2252,2025-01-10,P010,2.0615148544311523,LSTM,Prediction,Train
2253,2025-01-11,P010,2.0456435680389404,LSTM,Prediction,Train
2254,2025-01-12,P010,2.0569093227386475,LSTM,Prediction,Train
2255,2025-01-13,P010,2.056133270263672,LSTM,Prediction,Train
2256,2025-01-14,P010,2.0613350868225098,LSTM,Prediction,Train
2257,2025-01-15,P010,2.054669141769409,LSTM,Prediction,Train
2258,2025-01-16,P010,2.054486989974976,LSTM,Prediction,Train
2259,2025-01-17,P010,2.054798126220703,LSTM,Prediction,Train
2260,2025-01-18,P010,2.0637524127960205,LSTM,Prediction,Train
2261,2025-01-19,P010,2.051440954208374,LSTM,Prediction,Train
2262,2025-01-20,P010,2.0609755516052246,LSTM,Prediction,Train
2263,2025-01-21,P010,2.0567076206207275,LSTM,Prediction,Train
2264,2025-01-22,P010,2.051842451095581,LSTM,Prediction,Train
2265,2025-01-23,P010,2.054795980453491,LSTM,Prediction,Train
2266,2025-01-24,P010,2.052511215209961,LSTM,Prediction,Train
2267,2025-01-25,P010,2.0585665702819824,LSTM,Prediction,Train
2268,2025-01-26,P010,2.065642833709717,LSTM,Prediction,Train
2269,2025-01-27,P010,2.0633251667022705,LSTM,Prediction,Train
2270,2025-01-28,P010,2.0598814487457275,LSTM,Prediction,Train
2271,2025-01-29,P010,2.074944019317627,LSTM,Prediction,Train
2272,2025-01-30,P010,2.060800075531006,LSTM,Prediction,Train
2273,2025-01-31,P010,2.054365634918213,LSTM,Prediction,Train
2274,2025-02-01,P010,2.052459955215454,LSTM,Prediction,Train
2275,2025-02-02,P010,2.054161787033081,LSTM,Prediction,Train
2276,2025-02-03,P010,2.061671495437622,LSTM,Prediction,Train
2277,2025-02-04,P010,2.053853750228882,LSTM,Prediction,Train
2278,2025-02-05,P010,2.0668740272521973,LSTM,Prediction,Train
2279,2025-02-06,P010,2.0563485622406006,LSTM,Prediction,Train
2280,2025-02-07,P010,2.057789087295532,LSTM,Prediction,Train
2281,2025-02-08,P010,2.058912992477417,LSTM,Prediction,Train
2282,2025-02-09,P010,2.0703976154327397,LSTM,Prediction,Train
2283,2025-02-10,P010,2.0736279487609863,LSTM,Prediction,Train
2284,2025-02-11,P010,2.055916547775269,LSTM,Prediction,Train
2285,2025-02-12,P010,2.0596847534179688,LSTM,Prediction,Train
2286,2025-02-13,P010,2.0681488513946533,LSTM,Prediction,Train
2287,2025-02-14,P010,2.052485704421997,LSTM,Prediction,Train
2288,2025-02-15,P010,2.0508036613464355,LSTM,Prediction,Train
2289,2025-02-16,P010,2.0502688884735107,LSTM,Prediction,Train
2290,2025-02-17,P010,2.062842607498169,LSTM,Prediction,Train
2291,2025-02-18,P010,2.062805414199829,LSTM,Prediction,Train
2292,2025-02-19,P010,2.057342052459717,LSTM,Prediction,Train
2293,2025-02-20,P010,2.0649197101593018,LSTM,Prediction,Train
2294,2025-02-21,P010,2.0586979389190674,LSTM,Prediction,Train
2295,2025-02-22,P010,2.04754900932312,LSTM,Prediction,Train
2296,2025-02-23,P010,2.0575404167175293,LSTM,Prediction,Train
2297,2025-02-24,P010,2.075781345367432,LSTM,Prediction,Train
2298,2025-02-25,P010,2.0547091960906982,LSTM,Prediction,Train
2299,2025-02-26,P010,2.0589404106140137,LSTM,Prediction,Train
2300,2025-02-27,P010,2.0668716430664062,LSTM,Prediction,Train
2301,2025-02-28,P010,2.0560882091522217,LSTM,Prediction,Train
2302,2025-03-01,P010,2.055333137512207,LSTM,Prediction,Train
2303,2025-03-02,P010,2.0632545948028564,LSTM,Prediction,Train
2304,2025-03-03,P010,2.0585246086120605,LSTM,Prediction,Train
2305,2025-03-04,P010,2.061115503311157,LSTM,Prediction,Train
2306,2025-03-05,P010,2.05811619758606,LSTM,Prediction,Train
2307,2025-03-06,P010,2.05811095237732,LSTM,Prediction,Train
2308,2025-03-07,P010,2.054105758666992,LSTM,Prediction,Train
2309,2025-03-08,P010,2.067281484603882,LSTM,Prediction,Train
2310,2025-03-09,P010,2.075966119766236,LSTM,Prediction,Train
2311,2025-03-10,P010,2.061518907546997,LSTM,Prediction,Train
2312,2025-03-11,P010,2.064509153366089,LSTM,Prediction,Train
2313,2025-03-12,P010,2.0518553256988525,LSTM,Prediction,Train
2314,2025-03-13,P010,2.065629720687866,LSTM,Prediction,Train
2315,2025-03-14,P010,2.0636913776397705,LSTM,Prediction,Train
2316,2025-03-15,P010,2.055861473083496,LSTM,Prediction,Train
2317,2025-03-16,P010,2.0543010234832764,LSTM,Prediction,Train
2318,2025-03-17,P010,2.0603997707366943,LSTM,Prediction,Train
2319,2025-03-18,P010,2.0685245990753174,LSTM,Prediction,Train
2320,2025-03-19,P010,2.046958923339844,LSTM,Prediction,Train
2321,2025-03-20,P010,2.0602405071258545,LSTM,Prediction,Train
2322,2025-03-21,P010,2.052444696426392,LSTM,Prediction,Train
2323,2025-03-22,P010,2.0731122493743896,LSTM,Prediction,Train
2324,2025-03-23,P010,2.063323974609375,LSTM,Prediction,Train
2325,2025-03-24,P010,2.0610828399658203,LSTM,Prediction,Train
2326,2025-03-25,P010,2.059691905975342,LSTM,Prediction,Train
2327,2025-03-26,P010,2.057695150375366,LSTM,Prediction,Train
2328,2025-03-27,P010,2.0630416870117188,LSTM,Prediction,Train
2329,2025-03-28,P010,2.060439348220825,LSTM,Prediction,Train
2330,2025-03-29,P010,2.062511920928955,LSTM,Prediction,Train
2331,2025-03-30,P010,2.0612313747406006,LSTM,Prediction,Train
2332,2025-03-31,P010,2.046234369277954,LSTM,Prediction,Train
2333,2025-04-01,P010,2.0530827045440674,LSTM,Prediction,Train
2334,2025-04-02,P010,2.0605313777923584,LSTM,Prediction,Train
2335,2025-04-03,P010,2.060369968414306,LSTM,Prediction,Train
2336,2025-04-04,P010,2.058350086212158,LSTM,Prediction,Train
2337,2025-04-05,P010,2.072932004928589,LSTM,Prediction,Train
2338,2025-04-06,P010,2.057481050491333,LSTM,Prediction,Train
2339,2025-04-07,P010,2.0594990253448486,LSTM,Prediction,Train
2340,2025-04-08,P010,2.060992956161499,LSTM,Prediction,Train
2341,2025-04-09,P010,2.0615804195404053,LSTM,Prediction,Train
2342,2025-04-10,P010,2.068735361099243,LSTM,Prediction,Train
2343,2025-04-11,P010,2.054352045059204,LSTM,Prediction,Train
2344,2025-04-12,P010,2.0432138442993164,LSTM,Prediction,Train
2345,2025-04-13,P010,2.056992292404175,LSTM,Prediction,Train
2346,2025-04-14,P010,2.064577579498291,LSTM,Prediction,Train
2347,2025-04-15,P010,2.0596814155578613,LSTM,Prediction,Train
2348,2025-04-16,P010,2.058166742324829,LSTM,Prediction,Train
2349,2025-04-17,P010,2.0678110122680664,LSTM,Prediction,Train
2350,2025-04-18,P010,2.059046030044556,LSTM,Prediction,Train
2351,2025-04-19,P010,2.0564184188842773,LSTM,Prediction,Train
2352,2025-04-20,P010,2.0649843215942383,LSTM,Prediction,Train
2353,2025-04-21,P010,2.0518252849578857,LSTM,Prediction,Train
2354,2025-04-22,P010,2.0598809719085693,LSTM,Prediction,Train
2355,2025-04-23,P010,2.054006338119507,LSTM,Prediction,Train
2356,2025-04-24,P010,2.059596538543701,LSTM,Prediction,Train
2357,2025-04-25,P010,2.073249340057373,LSTM,Prediction,Train
2358,2025-04-26,P010,2.0534260272979736,LSTM,Prediction,Train
2359,2025-04-27,P010,2.063234567642212,LSTM,Prediction,Train
2360,2025-04-28,P010,2.0576047897338867,LSTM,Prediction,Train
2361,2025-04-29,P010,2.0670742988586426,LSTM,Prediction,Train
2362,2025-04-30,P010,2.0568346977233887,LSTM,Prediction,Train
2363,2025-05-01,P010,2.061995267868042,LSTM,Prediction,Train
2364,2025-05-02,P010,2.059532403945923,LSTM,Prediction,Train
2365,2025-05-03,P010,2.063938856124878,LSTM,Prediction,Train
2366,2025-05-04,P010,2.0613696575164795,LSTM,Prediction,Train
2367,2025-05-05,P010,2.057703256607056,LSTM,Prediction,Train
2368,2025-05-06,P010,2.0573718547821045,LSTM,Prediction,Train
2369,2025-05-07,P010,2.056307315826416,LSTM,Prediction,Train
2370,2025-05-08,P010,2.056562185287476,LSTM,Prediction,Train
2371,2025-05-09,P010,2.056474447250366,LSTM,Prediction,Train
2372,2025-05-10,P010,2.049194574356079,LSTM,Prediction,Train
2373,2025-05-11,P010,2.062173128128052,LSTM,Prediction,Train
2374,2025-05-12,P010,2.0572757720947266,LSTM,Prediction,Train
2375,2025-05-13,P010,2.0555381774902344,LSTM,Prediction,Train
2376,2025-05-14,P010,2.0535717010498047,LSTM,Prediction,Train
2377,2025-05-15,P010,2.058914422988892,LSTM,Prediction,Train
2378,2025-05-16,P010,2.0641391277313232,LSTM,Prediction,Train
2379,2025-05-17,P010,2.063362598419189,LSTM,Prediction,Train
2380,2025-05-18,P010,2.0613255500793457,LSTM,Prediction,Train
2381,2025-05-19,P010,2.053677558898926,LSTM,Prediction,Train
2382,2025-05-20,P010,2.065415620803833,LSTM,Prediction,Train
2383,2025-05-21,P010,2.066452980041504,LSTM,Prediction,Train
2384,2025-05-22,P010,2.058325290679932,LSTM,Prediction,Train
2385,2025-05-23,P010,2.0600216388702397,LSTM,Prediction,Train
2386,2025-05-24,P010,2.045306921005249,LSTM,Prediction,Train
2387,2025-05-25,P010,2.058012008666992,LSTM,Prediction,Train
2388,2025-05-26,P010,2.062605619430542,LSTM,Prediction,Train
2389,2025-05-27,P010,2.054642677307129,LSTM,Prediction,Train
2390,2025-05-28,P010,2.05832839012146,LSTM,Prediction,Train
2391,2025-05-29,P010,2.0570108890533447,LSTM,Prediction,Train
2392,2025-05-30,P010,2.054642677307129,LSTM,Prediction,Train
2393,2025-05-31,P010,2.0584583282470703,LSTM,Prediction,Train
2394,2025-06-01,P010,2.062982082366944,LSTM,Prediction,Train
2395,2025-06-02,P010,2.0603694915771484,LSTM,Prediction,Train
2396,2025-06-03,P010,2.0506350994110107,LSTM,Prediction,Train
2397,2025-06-04,P010,2.056974411010742,LSTM,Prediction,Train
2398,2025-06-05,P010,2.067598581314087,LSTM,Prediction,Train
2399,2025-06-06,P010,2.061820268630981,LSTM,Prediction,Train
2400,2025-06-07,P010,2.058609962463379,LSTM,Prediction,Train
2401,2025-06-08,P010,2.0625698566436768,LSTM,Prediction,Train
2402,2025-06-09,P010,2.054970026016236,LSTM,Prediction,Train
2403,2025-06-10,P010,2.0579960346221924,LSTM,Prediction,Train
2404,2025-06-11,P010,2.054494857788086,LSTM,Prediction,Train
2405,2025-06-12,P010,2.063739776611328,LSTM,Prediction,Train
2406,2025-06-13,P010,2.0516388416290283,LSTM,Prediction,Train
2407,2025-06-14,P010,2.0536375045776367,LSTM,Prediction,Train
2408,2025-06-15,P010,2.058119297027588,LSTM,Prediction,Train
2409,2025-06-16,P010,2.0603840351104736,LSTM,Prediction,Train
2410,2025-06-17,P010,2.0568602085113525,LSTM,Prediction,Train
2411,2025-06-18,P010,2.0529510974884038,LSTM,Prediction,Train
2412,2025-06-19,P010,2.0626461505889893,LSTM,Prediction,Train
2413,2025-06-20,P010,2.0604677200317383,LSTM,Prediction,Train
2414,2025-06-21,P010,2.054422378540039,LSTM,Prediction,Train
2415,2025-06-22,P010,2.065956115722656,LSTM,Prediction,Train
2416,2025-06-23,P010,2.0610084533691406,LSTM,Prediction,Train
2417,2025-06-24,P010,2.0534393787384038,LSTM,Prediction,Train
2418,2025-06-25,P010,2.050978660583496,LSTM,Prediction,Train
2419,2025-06-26,P010,2.056491613388061,LSTM,Prediction,Train
2420,2025-06-27,P010,2.057589292526245,LSTM,Prediction,Train
2421,2025-06-28,P010,2.071587085723877,LSTM,Prediction,Train
2422,2025-06-29,P010,2.052799940109253,LSTM,Prediction,Train
2423,2025-06-30,P010,2.065051794052124,LSTM,Prediction,Train
2424,2025-07-01,P010,2.060983419418335,LSTM,Prediction,Train
2425,2025-07-02,P010,2.057884454727173,LSTM,Prediction,Train
2426,2025-07-03,P010,2.066196918487549,LSTM,Prediction,Train
2427,2025-07-04,P010,2.0632331371307373,LSTM,Prediction,Train
2428,2025-07-05,P010,2.057572364807129,LSTM,Prediction,Train
2429,2025-07-06,P010,2.0530495643615723,LSTM,Prediction,Train
2430,2025-07-07,P010,2.061882495880127,LSTM,Prediction,Train
2431,2025-07-08,P010,2.0640666484832764,LSTM,Prediction,Train
2432,2025-07-09,P010,2.059274196624756,LSTM,Prediction,Train
2433,2025-07-10,P010,2.0604827404022217,LSTM,Prediction,Train
2434,2025-07-11,P010,2.0589089393615723,LSTM,Prediction,Train
2435,2025-07-12,P010,2.056654214859009,LSTM,Prediction,Train
2436,2025-07-13,P010,2.0564329624176025,LSTM,Prediction,Train
2437,2025-07-14,P010,2.059636354446411,LSTM,Prediction,Train
2438,2025-07-15,P010,2.062364101409912,LSTM,Prediction,Train
2439,2025-07-16,P010,2.050132274627685,LSTM,Prediction,Train
2440,2025-07-17,P010,2.065826892852783,LSTM,Prediction,Train
2441,2025-07-18,P010,2.0593667030334477,LSTM,Prediction,Train
2442,2025-07-19,P010,2.0632050037384038,LSTM,Prediction,Train
2443,2025-07-20,P010,2.064578056335449,LSTM,Prediction,Train
2444,2025-07-21,P010,2.062100410461426,LSTM,Prediction,Train
2445,2025-07-22,P010,2.070122003555298,LSTM,Prediction,Train
2446,2025-07-23,P010,2.056466579437256,LSTM,Prediction,Train
2447,2025-07-24,P010,2.061102390289306,LSTM,Prediction,Train
2448,2025-07-25,P010,2.064610481262207,LSTM,Prediction,Train
2449,2025-07-26,P010,2.05932354927063,LSTM,Prediction,Train
2450,2025-07-27,P010,2.0540661811828613,LSTM,Prediction,Train
2451,2025-07-28,P010,2.0493783950805664,LSTM,Prediction,Train
2452,2025-07-29,P010,2.048274040222168,LSTM,Prediction,Train
2453,2025-07-30,P010,2.060863494873047,LSTM,Prediction,Train
2454,2025-07-31,P010,2.067949056625366,LSTM,Prediction,Train
2455,2025-08-01,P010,2.053335666656494,LSTM,Prediction,Train
2456,2025-08-02,P010,2.0598413944244385,LSTM,Prediction,Train
2457,2025-08-03,P010,2.070718765258789,LSTM,Prediction,Train
2458,2025-08-04,P010,2.06958532333374,LSTM,Prediction,Train
2459,2025-08-05,P010,2.059882640838623,LSTM,Prediction,Train
2460,2025-08-06,P010,2.060157537460327,LSTM,Prediction,Train
2461,2025-08-07,P010,2.0619285106658936,LSTM,Prediction,Train
2462,2025-08-08,P010,2.0683517456054688,LSTM,Prediction,Train
2463,2025-08-09,P010,2.0522918701171875,LSTM,Prediction,Train
2464,2025-08-10,P010,2.055175542831421,LSTM,Prediction,Train
2465,2025-08-11,P010,2.06220817565918,LSTM,Prediction,Train
2466,2025-08-12,P010,2.0635416507720947,LSTM,Prediction,Train
2467,2025-08-13,P010,2.058245658874512,LSTM,Prediction,Train
2468,2025-08-14,P010,2.0559945106506348,LSTM,Prediction,Train
2469,2025-08-15,P010,2.0549819469451904,LSTM,Prediction,Train
2470,2025-08-16,P010,2.071073055267334,LSTM,Prediction,Train
2471,2025-08-17,P010,2.0594706535339355,LSTM,Prediction,Train
2472,2025-08-18,P010,2.05401611328125,LSTM,Prediction,Train
2473,2025-08-19,P010,2.069154739379883,LSTM,Prediction,Train
2474,2025-08-20,P010,2.0596306324005127,LSTM,Prediction,Train
2475,2025-08-21,P010,2.05898666381836,LSTM,Prediction,Train
2476,2025-08-22,P010,2.05086350440979,LSTM,Prediction,Train
2477,2025-08-23,P010,2.0613348484039307,LSTM,Prediction,Train
2478,2025-08-24,P010,2.0564515590667725,LSTM,Prediction,Train
2479,2025-08-25,P010,2.0566394329071045,LSTM,Prediction,Train
2480,2025-08-26,P010,2.051093578338623,LSTM,Prediction,Train
2481,2025-08-27,P010,2.053138732910156,LSTM,Prediction,Train
2482,2025-08-28,P010,2.058351516723633,LSTM,Prediction,Train
2483,2025-08-29,P010,2.0409352779388428,LSTM,Prediction,Train
2484,2025-08-30,P010,2.059230327606201,LSTM,Prediction,Train
2485,2025-08-31,P010,2.0600507259368896,LSTM,Prediction,Train
2486,2025-09-01,P010,2.0625219345092773,LSTM,Prediction,Train
2487,2025-09-02,P010,2.064127206802368,LSTM,Prediction,Train
2488,2025-09-03,P010,2.057591199874878,LSTM,Prediction,Train
2489,2025-09-04,P010,2.05932354927063,LSTM,Prediction,Train
2490,2025-09-05,P010,2.0562922954559326,LSTM,Prediction,Train
2491,2025-09-06,P010,2.058730125427246,LSTM,Prediction,Train
2492,2025-09-07,P010,2.053779125213623,LSTM,Prediction,Train
2493,2025-09-08,P010,2.0513756275177,LSTM,Prediction,Train
2494,2025-09-09,P010,2.0622544288635254,LSTM,Prediction,Train
2495,2025-09-10,P010,2.0612094402313232,LSTM,Prediction,Train
2496,2025-09-11,P010,2.0612471103668213,LSTM,Prediction,Train
2497,2025-09-12,P010,2.06506085395813,LSTM,Prediction,Train
2498,2025-09-13,P010,2.0583534240722656,LSTM,Prediction,Train
2499,2025-09-14,P010,2.052462100982666,LSTM,Prediction,Train
2500,2025-01-08,P011,2.182982921600342,LSTM,Prediction,Train
2501,2025-01-09,P011,2.174241781234741,LSTM,Prediction,Train
2502,2025-01-10,P011,2.181333065032959,LSTM,Prediction,Train
2503,2025-01-11,P011,2.1669905185699463,LSTM,Prediction,Train
2504,2025-01-12,P011,2.178924560546875,LSTM,Prediction,Train
2505,2025-01-13,P011,2.1763384342193604,LSTM,Prediction,Train
2506,2025-01-14,P011,2.182116746902466,LSTM,Prediction,Train
2507,2025-01-15,P011,2.1745994091033936,LSTM,Prediction,Train
2508,2025-01-16,P011,2.172757863998413,LSTM,Prediction,Train
2509,2025-01-17,P011,2.17321515083313,LSTM,Prediction,Train
2510,2025-01-18,P011,2.1811814308166504,LSTM,Prediction,Train
2511,2025-01-19,P011,2.173255920410156,LSTM,Prediction,Train
2512,2025-01-20,P011,2.179946184158325,LSTM,Prediction,Train
2513,2025-01-21,P011,2.178701877593994,LSTM,Prediction,Train
2514,2025-01-22,P011,2.169618368148804,LSTM,Prediction,Train
2515,2025-01-23,P011,2.175757646560669,LSTM,Prediction,Train
2516,2025-01-24,P011,2.1777684688568115,LSTM,Prediction,Train
2517,2025-01-25,P011,2.178737163543701,LSTM,Prediction,Train
2518,2025-01-26,P011,2.1820180416107178,LSTM,Prediction,Train
2519,2025-01-27,P011,2.183990001678467,LSTM,Prediction,Train
2520,2025-01-28,P011,2.175584077835083,LSTM,Prediction,Train
2521,2025-01-29,P011,2.184438467025757,LSTM,Prediction,Train
2522,2025-01-30,P011,2.1774282455444336,LSTM,Prediction,Train
2523,2025-01-31,P011,2.1719183921813965,LSTM,Prediction,Train
2524,2025-02-01,P011,2.173401355743408,LSTM,Prediction,Train
2525,2025-02-02,P011,2.1733973026275635,LSTM,Prediction,Train
2526,2025-02-03,P011,2.180000305175781,LSTM,Prediction,Train
2527,2025-02-04,P011,2.172535181045532,LSTM,Prediction,Train
2528,2025-02-05,P011,2.1860768795013428,LSTM,Prediction,Train
2529,2025-02-06,P011,2.177856206893921,LSTM,Prediction,Train
2530,2025-02-07,P011,2.1761908531188965,LSTM,Prediction,Train
2531,2025-02-08,P011,2.177210569381714,LSTM,Prediction,Train
2532,2025-02-09,P011,2.185088634490967,LSTM,Prediction,Train
2533,2025-02-10,P011,2.184268951416016,LSTM,Prediction,Train
2534,2025-02-11,P011,2.1751279830932617,LSTM,Prediction,Train
2535,2025-02-12,P011,2.17507004737854,LSTM,Prediction,Train
2536,2025-02-13,P011,2.1852500438690186,LSTM,Prediction,Train
2537,2025-02-14,P011,2.1715755462646484,LSTM,Prediction,Train
2538,2025-02-15,P011,2.169252634048462,LSTM,Prediction,Train
2539,2025-02-16,P011,2.1694493293762207,LSTM,Prediction,Train
2540,2025-02-17,P011,2.1837453842163086,LSTM,Prediction,Train
2541,2025-02-18,P011,2.1810953617095947,LSTM,Prediction,Train
2542,2025-02-19,P011,2.177242994308472,LSTM,Prediction,Train
2543,2025-02-20,P011,2.176973819732666,LSTM,Prediction,Train
2544,2025-02-21,P011,2.179832220077514,LSTM,Prediction,Train
2545,2025-02-22,P011,2.175722122192383,LSTM,Prediction,Train
2546,2025-02-23,P011,2.1763617992401123,LSTM,Prediction,Train
2547,2025-02-24,P011,2.188420295715332,LSTM,Prediction,Train
2548,2025-02-25,P011,2.175248146057129,LSTM,Prediction,Train
2549,2025-02-26,P011,2.178312301635742,LSTM,Prediction,Train
2550,2025-02-27,P011,2.185513019561768,LSTM,Prediction,Train
2551,2025-02-28,P011,2.174426555633545,LSTM,Prediction,Train
2552,2025-03-01,P011,2.174035787582397,LSTM,Prediction,Train
2553,2025-03-02,P011,2.180718183517456,LSTM,Prediction,Train
2554,2025-03-03,P011,2.176976442337036,LSTM,Prediction,Train
2555,2025-03-04,P011,2.181342840194702,LSTM,Prediction,Train
2556,2025-03-05,P011,2.178908109664917,LSTM,Prediction,Train
2557,2025-03-06,P011,2.1770269870758057,LSTM,Prediction,Train
2558,2025-03-07,P011,2.171762466430664,LSTM,Prediction,Train
2559,2025-03-08,P011,2.189047336578369,LSTM,Prediction,Train
2560,2025-03-09,P011,2.1916725635528564,LSTM,Prediction,Train
2561,2025-03-10,P011,2.1800167560577397,LSTM,Prediction,Train
2562,2025-03-11,P011,2.182316541671753,LSTM,Prediction,Train
2563,2025-03-12,P011,2.170229911804199,LSTM,Prediction,Train
2564,2025-03-13,P011,2.1838717460632324,LSTM,Prediction,Train
2565,2025-03-14,P011,2.181891679763794,LSTM,Prediction,Train
2566,2025-03-15,P011,2.1751034259796143,LSTM,Prediction,Train
2567,2025-03-16,P011,2.173877716064453,LSTM,Prediction,Train
2568,2025-03-17,P011,2.1800405979156494,LSTM,Prediction,Train
2569,2025-03-18,P011,2.1867473125457764,LSTM,Prediction,Train
2570,2025-03-19,P011,2.164437055587769,LSTM,Prediction,Train
2571,2025-03-20,P011,2.175598621368408,LSTM,Prediction,Train
2572,2025-03-21,P011,2.1707327365875244,LSTM,Prediction,Train
2573,2025-03-22,P011,2.1844310760498047,LSTM,Prediction,Train
2574,2025-03-23,P011,2.182210922241211,LSTM,Prediction,Train
2575,2025-03-24,P011,2.178695678710937,LSTM,Prediction,Train
2576,2025-03-25,P011,2.178086757659912,LSTM,Prediction,Train
2577,2025-03-26,P011,2.177826404571533,LSTM,Prediction,Train
2578,2025-03-27,P011,2.181859254837036,LSTM,Prediction,Train
2579,2025-03-28,P011,2.1851181983947754,LSTM,Prediction,Train
2580,2025-03-29,P011,2.17679214477539,LSTM,Prediction,Train
2581,2025-03-30,P011,2.1805360317230225,LSTM,Prediction,Train
2582,2025-03-31,P011,2.164193630218506,LSTM,Prediction,Train
2583,2025-04-01,P011,2.174260377883911,LSTM,Prediction,Train
2584,2025-04-02,P011,2.1815855503082275,LSTM,Prediction,Train
2585,2025-04-03,P011,2.1821248531341557,LSTM,Prediction,Train
2586,2025-04-04,P011,2.177306890487671,LSTM,Prediction,Train
2587,2025-04-05,P011,2.1909613609313965,LSTM,Prediction,Train
2588,2025-04-06,P011,2.176955223083496,LSTM,Prediction,Train
2589,2025-04-07,P011,2.1734275817871094,LSTM,Prediction,Train
2590,2025-04-08,P011,2.18158221244812,LSTM,Prediction,Train
2591,2025-04-09,P011,2.1760427951812744,LSTM,Prediction,Train
2592,2025-04-10,P011,2.186831474304199,LSTM,Prediction,Train
2593,2025-04-11,P011,2.1727616786956787,LSTM,Prediction,Train
2594,2025-04-12,P011,2.164700984954834,LSTM,Prediction,Train
2595,2025-04-13,P011,2.1775379180908203,LSTM,Prediction,Train
2596,2025-04-14,P011,2.180172681808472,LSTM,Prediction,Train
2597,2025-04-15,P011,2.1810526847839355,LSTM,Prediction,Train
2598,2025-04-16,P011,2.177743911743164,LSTM,Prediction,Train
2599,2025-04-17,P011,2.186021089553833,LSTM,Prediction,Train
2600,2025-04-18,P011,2.179962158203125,LSTM,Prediction,Train
2601,2025-04-19,P011,2.175252676010132,LSTM,Prediction,Train
2602,2025-04-20,P011,2.179985523223877,LSTM,Prediction,Train
2603,2025-04-21,P011,2.171926975250244,LSTM,Prediction,Train
2604,2025-04-22,P011,2.1817662715911865,LSTM,Prediction,Train
2605,2025-04-23,P011,2.1774585247039795,LSTM,Prediction,Train
2606,2025-04-24,P011,2.1766207218170166,LSTM,Prediction,Train
2607,2025-04-25,P011,2.1847989559173584,LSTM,Prediction,Train
2608,2025-04-26,P011,2.173893451690674,LSTM,Prediction,Train
2609,2025-04-27,P011,2.1819968223571777,LSTM,Prediction,Train
2610,2025-04-28,P011,2.1764707565307617,LSTM,Prediction,Train
2611,2025-04-29,P011,2.1899285316467285,LSTM,Prediction,Train
2612,2025-04-30,P011,2.175196647644043,LSTM,Prediction,Train
2613,2025-05-01,P011,2.176621913909912,LSTM,Prediction,Train
2614,2025-05-02,P011,2.1755733489990234,LSTM,Prediction,Train
2615,2025-05-03,P011,2.182821750640869,LSTM,Prediction,Train
2616,2025-05-04,P011,2.1819396018981934,LSTM,Prediction,Train
2617,2025-05-05,P011,2.177086114883423,LSTM,Prediction,Train
2618,2025-05-06,P011,2.177788257598877,LSTM,Prediction,Train
2619,2025-05-07,P011,2.176220417022705,LSTM,Prediction,Train
2620,2025-05-08,P011,2.1752748489379883,LSTM,Prediction,Train
2621,2025-05-09,P011,2.176431179046631,LSTM,Prediction,Train
2622,2025-05-10,P011,2.168640375137329,LSTM,Prediction,Train
2623,2025-05-11,P011,2.1819746494293213,LSTM,Prediction,Train
2624,2025-05-12,P011,2.177421808242798,LSTM,Prediction,Train
2625,2025-05-13,P011,2.173403024673462,LSTM,Prediction,Train
2626,2025-05-14,P011,2.172198534011841,LSTM,Prediction,Train
2627,2025-05-15,P011,2.1782803535461426,LSTM,Prediction,Train
2628,2025-05-16,P011,2.180270195007324,LSTM,Prediction,Train
2629,2025-05-17,P011,2.179886102676392,LSTM,Prediction,Train
2630,2025-05-18,P011,2.18213152885437,LSTM,Prediction,Train
2631,2025-05-19,P011,2.174072265625,LSTM,Prediction,Train
2632,2025-05-20,P011,2.184678792953491,LSTM,Prediction,Train
2633,2025-05-21,P011,2.181919813156128,LSTM,Prediction,Train
2634,2025-05-22,P011,2.1732447147369385,LSTM,Prediction,Train
2635,2025-05-23,P011,2.1808784008026123,LSTM,Prediction,Train
2636,2025-05-24,P011,2.1614484786987305,LSTM,Prediction,Train
2637,2025-05-25,P011,2.179530620574951,LSTM,Prediction,Train
2638,2025-05-26,P011,2.179154396057129,LSTM,Prediction,Train
2639,2025-05-27,P011,2.173581600189209,LSTM,Prediction,Train
2640,2025-05-28,P011,2.176653385162353,LSTM,Prediction,Train
2641,2025-05-29,P011,2.1775991916656494,LSTM,Prediction,Train
2642,2025-05-30,P011,2.1704699993133545,LSTM,Prediction,Train
2643,2025-05-31,P011,2.178258180618286,LSTM,Prediction,Train
2644,2025-06-01,P011,2.1823039054870605,LSTM,Prediction,Train
2645,2025-06-02,P011,2.1796491146087646,LSTM,Prediction,Train
2646,2025-06-03,P011,2.1701676845550537,LSTM,Prediction,Train
2647,2025-06-04,P011,2.1770174503326416,LSTM,Prediction,Train
2648,2025-06-05,P011,2.1824963092803955,LSTM,Prediction,Train
2649,2025-06-06,P011,2.187220811843872,LSTM,Prediction,Train
2650,2025-06-07,P011,2.1794075965881348,LSTM,Prediction,Train
2651,2025-06-08,P011,2.180767774581909,LSTM,Prediction,Train
2652,2025-06-09,P011,2.1768369674682617,LSTM,Prediction,Train
2653,2025-06-10,P011,2.174907922744751,LSTM,Prediction,Train
2654,2025-06-11,P011,2.1756749153137207,LSTM,Prediction,Train
2655,2025-06-12,P011,2.180875539779663,LSTM,Prediction,Train
2656,2025-06-13,P011,2.1718695163726807,LSTM,Prediction,Train
2657,2025-06-14,P011,2.1750705242156982,LSTM,Prediction,Train
2658,2025-06-15,P011,2.178873300552368,LSTM,Prediction,Train
2659,2025-06-16,P011,2.1815638542175293,LSTM,Prediction,Train
2660,2025-06-17,P011,2.179478406906128,LSTM,Prediction,Train
2661,2025-06-18,P011,2.1752688884735107,LSTM,Prediction,Train
2662,2025-06-19,P011,2.1836400032043457,LSTM,Prediction,Train
2663,2025-06-20,P011,2.176596403121948,LSTM,Prediction,Train
2664,2025-06-21,P011,2.1743953227996826,LSTM,Prediction,Train
2665,2025-06-22,P011,2.185220956802368,LSTM,Prediction,Train
2666,2025-06-23,P011,2.1780173778533936,LSTM,Prediction,Train
2667,2025-06-24,P011,2.1712210178375244,LSTM,Prediction,Train
2668,2025-06-25,P011,2.1691486835479736,LSTM,Prediction,Train
2669,2025-06-26,P011,2.178654193878174,LSTM,Prediction,Train
2670,2025-06-27,P011,2.178441047668457,LSTM,Prediction,Train
2671,2025-06-28,P011,2.1891536712646484,LSTM,Prediction,Train
2672,2025-06-29,P011,2.1743409633636475,LSTM,Prediction,Train
2673,2025-06-30,P011,2.182164669036865,LSTM,Prediction,Train
2674,2025-07-01,P011,2.182072877883911,LSTM,Prediction,Train
2675,2025-07-02,P011,2.179750680923462,LSTM,Prediction,Train
2676,2025-07-03,P011,2.179845333099365,LSTM,Prediction,Train
2677,2025-07-04,P011,2.18395733833313,LSTM,Prediction,Train
2678,2025-07-05,P011,2.174922227859497,LSTM,Prediction,Train
2679,2025-07-06,P011,2.172869205474853,LSTM,Prediction,Train
2680,2025-07-07,P011,2.176992416381836,LSTM,Prediction,Train
2681,2025-07-08,P011,2.1817080974578857,LSTM,Prediction,Train
2682,2025-07-09,P011,2.1759233474731445,LSTM,Prediction,Train
2683,2025-07-10,P011,2.1808853149414062,LSTM,Prediction,Train
2684,2025-07-11,P011,2.1777663230896,LSTM,Prediction,Train
2685,2025-07-12,P011,2.1749637126922607,LSTM,Prediction,Train
2686,2025-07-13,P011,2.173631191253662,LSTM,Prediction,Train
2687,2025-07-14,P011,2.177769422531128,LSTM,Prediction,Train
2688,2025-07-15,P011,2.180818796157837,LSTM,Prediction,Train
2689,2025-07-16,P011,2.171752691268921,LSTM,Prediction,Train
2690,2025-07-17,P011,2.183456897735596,LSTM,Prediction,Train
2691,2025-07-18,P011,2.177518844604492,LSTM,Prediction,Train
2692,2025-07-19,P011,2.1855688095092773,LSTM,Prediction,Train
2693,2025-07-20,P011,2.182710886001587,LSTM,Prediction,Train
2694,2025-07-21,P011,2.175532817840576,LSTM,Prediction,Train
2695,2025-07-22,P011,2.18904972076416,LSTM,Prediction,Train
2696,2025-07-23,P011,2.1730690002441406,LSTM,Prediction,Train
2697,2025-07-24,P011,2.181318759918213,LSTM,Prediction,Train
2698,2025-07-25,P011,2.1836085319519043,LSTM,Prediction,Train
2699,2025-07-26,P011,2.179399251937866,LSTM,Prediction,Train
2700,2025-07-27,P011,2.17378306388855,LSTM,Prediction,Train
2701,2025-07-28,P011,2.1719326972961426,LSTM,Prediction,Train
2702,2025-07-29,P011,2.1702113151550293,LSTM,Prediction,Train
2703,2025-07-30,P011,2.181002616882324,LSTM,Prediction,Train
2704,2025-07-31,P011,2.182349920272827,LSTM,Prediction,Train
2705,2025-08-01,P011,2.1724178791046143,LSTM,Prediction,Train
2706,2025-08-02,P011,2.1788337230682373,LSTM,Prediction,Train
2707,2025-08-03,P011,2.188956022262573,LSTM,Prediction,Train
2708,2025-08-04,P011,2.1854248046875,LSTM,Prediction,Train
2709,2025-08-05,P011,2.1794254779815674,LSTM,Prediction,Train
2710,2025-08-06,P011,2.177052974700928,LSTM,Prediction,Train
2711,2025-08-07,P011,2.182169914245605,LSTM,Prediction,Train
2712,2025-08-08,P011,2.1880996227264404,LSTM,Prediction,Train
2713,2025-08-09,P011,2.1689531803131104,LSTM,Prediction,Train
2714,2025-08-10,P011,2.1710236072540283,LSTM,Prediction,Train
2715,2025-08-11,P011,2.181856632232666,LSTM,Prediction,Train
2716,2025-08-12,P011,2.181306838989258,LSTM,Prediction,Train
2717,2025-08-13,P011,2.176868438720703,LSTM,Prediction,Train
2718,2025-08-14,P011,2.175656318664551,LSTM,Prediction,Train
2719,2025-08-15,P011,2.1747915744781494,LSTM,Prediction,Train
2720,2025-08-16,P011,2.1817305088043213,LSTM,Prediction,Train
2721,2025-08-17,P011,2.180392265319824,LSTM,Prediction,Train
2722,2025-08-18,P011,2.173208475112915,LSTM,Prediction,Train
2723,2025-08-19,P011,2.189038753509521,LSTM,Prediction,Train
2724,2025-08-20,P011,2.1809632778167725,LSTM,Prediction,Train
2725,2025-08-21,P011,2.177386999130249,LSTM,Prediction,Train
2726,2025-08-22,P011,2.1731150150299072,LSTM,Prediction,Train
2727,2025-08-23,P011,2.181912899017334,LSTM,Prediction,Train
2728,2025-08-24,P011,2.174977779388428,LSTM,Prediction,Train
2729,2025-08-25,P011,2.176882266998291,LSTM,Prediction,Train
2730,2025-08-26,P011,2.173114538192749,LSTM,Prediction,Train
2731,2025-08-27,P011,2.1731460094451904,LSTM,Prediction,Train
2732,2025-08-28,P011,2.1788172721862797,LSTM,Prediction,Train
2733,2025-08-29,P011,2.160933256149292,LSTM,Prediction,Train
2734,2025-08-30,P011,2.18290376663208,LSTM,Prediction,Train
2735,2025-08-31,P011,2.1781952381134038,LSTM,Prediction,Train
2736,2025-09-01,P011,2.1803741455078125,LSTM,Prediction,Train
2737,2025-09-02,P011,2.178068161010742,LSTM,Prediction,Train
2738,2025-09-03,P011,2.1764256954193115,LSTM,Prediction,Train
2739,2025-09-04,P011,2.1752021312713623,LSTM,Prediction,Train
2740,2025-09-05,P011,2.177112102508545,LSTM,Prediction,Train
2741,2025-09-06,P011,2.175504446029663,LSTM,Prediction,Train
2742,2025-09-07,P011,2.17241644859314,LSTM,Prediction,Train
2743,2025-09-08,P011,2.1758925914764404,LSTM,Prediction,Train
2744,2025-09-09,P011,2.1842169761657715,LSTM,Prediction,Train
2745,2025-09-10,P011,2.1841065883636475,LSTM,Prediction,Train
2746,2025-09-11,P011,2.1799488067626958,LSTM,Prediction,Train
2747,2025-09-12,P011,2.184298276901245,LSTM,Prediction,Train
2748,2025-09-13,P011,2.178682804107666,LSTM,Prediction,Train
2749,2025-09-14,P011,2.173743963241577,LSTM,Prediction,Train
2750,2025-01-08,P012,1.9079004526138303,LSTM,Prediction,Train
2751,2025-01-09,P012,1.9050894975662231,LSTM,Prediction,Train
2752,2025-01-10,P012,1.9093194007873533,LSTM,Prediction,Train
2753,2025-01-11,P012,1.897398829460144,LSTM,Prediction,Train
2754,2025-01-12,P012,1.90802538394928,LSTM,Prediction,Train
2755,2025-01-13,P012,1.9052929878234863,LSTM,Prediction,Train
2756,2025-01-14,P012,1.9105015993118288,LSTM,Prediction,Train
2757,2025-01-15,P012,1.9050296545028689,LSTM,Prediction,Train
2758,2025-01-16,P012,1.902109146118164,LSTM,Prediction,Train
2759,2025-01-17,P012,1.9049255847930908,LSTM,Prediction,Train
2760,2025-01-18,P012,1.9102871417999268,LSTM,Prediction,Train
2761,2025-01-19,P012,1.9023053646087649,LSTM,Prediction,Train
2762,2025-01-20,P012,1.90652596950531,LSTM,Prediction,Train
2763,2025-01-21,P012,1.905913591384888,LSTM,Prediction,Train
2764,2025-01-22,P012,1.899334192276001,LSTM,Prediction,Train
2765,2025-01-23,P012,1.9046883583068848,LSTM,Prediction,Train
2766,2025-01-24,P012,1.905864953994751,LSTM,Prediction,Train
2767,2025-01-25,P012,1.9080501794815063,LSTM,Prediction,Train
2768,2025-01-26,P012,1.9107253551483157,LSTM,Prediction,Train
2769,2025-01-27,P012,1.911134958267212,LSTM,Prediction,Train
2770,2025-01-28,P012,1.906485080718994,LSTM,Prediction,Train
2771,2025-01-29,P012,1.911228895187378,LSTM,Prediction,Train
2772,2025-01-30,P012,1.905948042869568,LSTM,Prediction,Train
2773,2025-01-31,P012,1.902005672454834,LSTM,Prediction,Train
2774,2025-02-01,P012,1.9035277366638184,LSTM,Prediction,Train
2775,2025-02-02,P012,1.901812434196472,LSTM,Prediction,Train
2776,2025-02-03,P012,1.9089977741241453,LSTM,Prediction,Train
2777,2025-02-04,P012,1.901179313659668,LSTM,Prediction,Train
2778,2025-02-05,P012,1.912712574005127,LSTM,Prediction,Train
2779,2025-02-06,P012,1.9035791158676147,LSTM,Prediction,Train
2780,2025-02-07,P012,1.9064350128173828,LSTM,Prediction,Train
2781,2025-02-08,P012,1.9065529108047483,LSTM,Prediction,Train
2782,2025-02-09,P012,1.9109737873077397,LSTM,Prediction,Train
2783,2025-02-10,P012,1.911693811416626,LSTM,Prediction,Train
2784,2025-02-11,P012,1.902923583984375,LSTM,Prediction,Train
2785,2025-02-12,P012,1.9051228761672971,LSTM,Prediction,Train
2786,2025-02-13,P012,1.911075592041016,LSTM,Prediction,Train
2787,2025-02-14,P012,1.9013526439666748,LSTM,Prediction,Train
2788,2025-02-15,P012,1.8974069356918333,LSTM,Prediction,Train
2789,2025-02-16,P012,1.8986175060272217,LSTM,Prediction,Train
2790,2025-02-17,P012,1.9142913818359373,LSTM,Prediction,Train
2791,2025-02-18,P012,1.9108909368515012,LSTM,Prediction,Train
2792,2025-02-19,P012,1.9060786962509155,LSTM,Prediction,Train
2793,2025-02-20,P012,1.906327486038208,LSTM,Prediction,Train
2794,2025-02-21,P012,1.9076663255691528,LSTM,Prediction,Train
2795,2025-02-22,P012,1.9039576053619385,LSTM,Prediction,Train
2796,2025-02-23,P012,1.9064775705337524,LSTM,Prediction,Train
2797,2025-02-24,P012,1.9159857034683228,LSTM,Prediction,Train
2798,2025-02-25,P012,1.905774712562561,LSTM,Prediction,Train
2799,2025-02-26,P012,1.9065951108932493,LSTM,Prediction,Train
2800,2025-02-27,P012,1.9117722511291504,LSTM,Prediction,Train
2801,2025-02-28,P012,1.9036450386047363,LSTM,Prediction,Train
2802,2025-03-01,P012,1.9045945405960083,LSTM,Prediction,Train
2803,2025-03-02,P012,1.909485101699829,LSTM,Prediction,Train
2804,2025-03-03,P012,1.90982985496521,LSTM,Prediction,Train
2805,2025-03-04,P012,1.9094372987747192,LSTM,Prediction,Train
2806,2025-03-05,P012,1.9076999425888064,LSTM,Prediction,Train
2807,2025-03-06,P012,1.9057464599609373,LSTM,Prediction,Train
2808,2025-03-07,P012,1.901712775230408,LSTM,Prediction,Train
2809,2025-03-08,P012,1.9141916036605835,LSTM,Prediction,Train
2810,2025-03-09,P012,1.916833758354187,LSTM,Prediction,Train
2811,2025-03-10,P012,1.909001350402832,LSTM,Prediction,Train
2812,2025-03-11,P012,1.9086079597473145,LSTM,Prediction,Train
2813,2025-03-12,P012,1.8997869491577148,LSTM,Prediction,Train
2814,2025-03-13,P012,1.9164507389068604,LSTM,Prediction,Train
2815,2025-03-14,P012,1.9133882522583008,LSTM,Prediction,Train
2816,2025-03-15,P012,1.9034640789031985,LSTM,Prediction,Train
2817,2025-03-16,P012,1.903540849685669,LSTM,Prediction,Train
2818,2025-03-17,P012,1.9076652526855469,LSTM,Prediction,Train
2819,2025-03-18,P012,1.9155477285385127,LSTM,Prediction,Train
2820,2025-03-19,P012,1.8938490152359009,LSTM,Prediction,Train
2821,2025-03-20,P012,1.9057482481002808,LSTM,Prediction,Train
2822,2025-03-21,P012,1.899147748947144,LSTM,Prediction,Train
2823,2025-03-22,P012,1.915017247200012,LSTM,Prediction,Train
2824,2025-03-23,P012,1.909429788589477,LSTM,Prediction,Train
2825,2025-03-24,P012,1.9073033332824707,LSTM,Prediction,Train
2826,2025-03-25,P012,1.9074259996414185,LSTM,Prediction,Train
2827,2025-03-26,P012,1.907228112220764,LSTM,Prediction,Train
2828,2025-03-27,P012,1.9104135036468504,LSTM,Prediction,Train
2829,2025-03-28,P012,1.912925720214844,LSTM,Prediction,Train
2830,2025-03-29,P012,1.906790256500244,LSTM,Prediction,Train
2831,2025-03-30,P012,1.911082148551941,LSTM,Prediction,Train
2832,2025-03-31,P012,1.8948907852172847,LSTM,Prediction,Train
2833,2025-04-01,P012,1.904056191444397,LSTM,Prediction,Train
2834,2025-04-02,P012,1.9110678434371948,LSTM,Prediction,Train
2835,2025-04-03,P012,1.9080300331115725,LSTM,Prediction,Train
2836,2025-04-04,P012,1.907020211219788,LSTM,Prediction,Train
2837,2025-04-05,P012,1.919150114059448,LSTM,Prediction,Train
2838,2025-04-06,P012,1.9060046672821045,LSTM,Prediction,Train
2839,2025-04-07,P012,1.9010248184204104,LSTM,Prediction,Train
2840,2025-04-08,P012,1.9096406698226929,LSTM,Prediction,Train
2841,2025-04-09,P012,1.906860113143921,LSTM,Prediction,Train
2842,2025-04-10,P012,1.9137119054794312,LSTM,Prediction,Train
2843,2025-04-11,P012,1.902453064918518,LSTM,Prediction,Train
2844,2025-04-12,P012,1.896212339401245,LSTM,Prediction,Train
2845,2025-04-13,P012,1.9062713384628296,LSTM,Prediction,Train
2846,2025-04-14,P012,1.909849762916565,LSTM,Prediction,Train
2847,2025-04-15,P012,1.908758521080017,LSTM,Prediction,Train
2848,2025-04-16,P012,1.907083868980408,LSTM,Prediction,Train
2849,2025-04-17,P012,1.9125561714172363,LSTM,Prediction,Train
2850,2025-04-18,P012,1.90728223323822,LSTM,Prediction,Train
2851,2025-04-19,P012,1.9035706520080569,LSTM,Prediction,Train
2852,2025-04-20,P012,1.9085049629211424,LSTM,Prediction,Train
2853,2025-04-21,P012,1.905409336090088,LSTM,Prediction,Train
2854,2025-04-22,P012,1.9103310108184812,LSTM,Prediction,Train
2855,2025-04-23,P012,1.906684637069702,LSTM,Prediction,Train
2856,2025-04-24,P012,1.9055482149124143,LSTM,Prediction,Train
2857,2025-04-25,P012,1.9118244647979736,LSTM,Prediction,Train
2858,2025-04-26,P012,1.906336784362793,LSTM,Prediction,Train
2859,2025-04-27,P012,1.9102102518081665,LSTM,Prediction,Train
2860,2025-04-28,P012,1.9055513143539429,LSTM,Prediction,Train
2861,2025-04-29,P012,1.9143649339675903,LSTM,Prediction,Train
2862,2025-04-30,P012,1.9044145345687864,LSTM,Prediction,Train
2863,2025-05-01,P012,1.9066801071166992,LSTM,Prediction,Train
2864,2025-05-02,P012,1.905906081199646,LSTM,Prediction,Train
2865,2025-05-03,P012,1.9104101657867432,LSTM,Prediction,Train
2866,2025-05-04,P012,1.909457802772522,LSTM,Prediction,Train
2867,2025-05-05,P012,1.905697464942932,LSTM,Prediction,Train
2868,2025-05-06,P012,1.907636404037476,LSTM,Prediction,Train
2869,2025-05-07,P012,1.9062422513961792,LSTM,Prediction,Train
2870,2025-05-08,P012,1.9054149389266968,LSTM,Prediction,Train
2871,2025-05-09,P012,1.90460467338562,LSTM,Prediction,Train
2872,2025-05-10,P012,1.899932622909546,LSTM,Prediction,Train
2873,2025-05-11,P012,1.9096481800079343,LSTM,Prediction,Train
2874,2025-05-12,P012,1.9064583778381348,LSTM,Prediction,Train
2875,2025-05-13,P012,1.903656244277954,LSTM,Prediction,Train
2876,2025-05-14,P012,1.9021955728530884,LSTM,Prediction,Train
2877,2025-05-15,P012,1.909141063690185,LSTM,Prediction,Train
2878,2025-05-16,P012,1.9092785120010376,LSTM,Prediction,Train
2879,2025-05-17,P012,1.9068878889083865,LSTM,Prediction,Train
2880,2025-05-18,P012,1.9100708961486816,LSTM,Prediction,Train
2881,2025-05-19,P012,1.903287649154663,LSTM,Prediction,Train
2882,2025-05-20,P012,1.909178137779236,LSTM,Prediction,Train
2883,2025-05-21,P012,1.91168749332428,LSTM,Prediction,Train
2884,2025-05-22,P012,1.9039469957351685,LSTM,Prediction,Train
2885,2025-05-23,P012,1.909699559211731,LSTM,Prediction,Train
2886,2025-05-24,P012,1.8925375938415527,LSTM,Prediction,Train
2887,2025-05-25,P012,1.908246755599976,LSTM,Prediction,Train
2888,2025-05-26,P012,1.9101969003677368,LSTM,Prediction,Train
2889,2025-05-27,P012,1.9035773277282717,LSTM,Prediction,Train
2890,2025-05-28,P012,1.9058541059494016,LSTM,Prediction,Train
2891,2025-05-29,P012,1.905032753944397,LSTM,Prediction,Train
2892,2025-05-30,P012,1.900630474090576,LSTM,Prediction,Train
2893,2025-05-31,P012,1.9050672054290767,LSTM,Prediction,Train
2894,2025-06-01,P012,1.911306381225586,LSTM,Prediction,Train
2895,2025-06-02,P012,1.909381628036499,LSTM,Prediction,Train
2896,2025-06-03,P012,1.8995295763015747,LSTM,Prediction,Train
2897,2025-06-04,P012,1.9058023691177368,LSTM,Prediction,Train
2898,2025-06-05,P012,1.910875678062439,LSTM,Prediction,Train
2899,2025-06-06,P012,1.9168139696121216,LSTM,Prediction,Train
2900,2025-06-07,P012,1.9090365171432493,LSTM,Prediction,Train
2901,2025-06-08,P012,1.909841775894165,LSTM,Prediction,Train
2902,2025-06-09,P012,1.9037076234817505,LSTM,Prediction,Train
2903,2025-06-10,P012,1.9051532745361328,LSTM,Prediction,Train
2904,2025-06-11,P012,1.9041686058044436,LSTM,Prediction,Train
2905,2025-06-12,P012,1.9081966876983645,LSTM,Prediction,Train
2906,2025-06-13,P012,1.9003123044967647,LSTM,Prediction,Train
2907,2025-06-14,P012,1.9028985500335691,LSTM,Prediction,Train
2908,2025-06-15,P012,1.9080777168273928,LSTM,Prediction,Train
2909,2025-06-16,P012,1.910413146018982,LSTM,Prediction,Train
2910,2025-06-17,P012,1.9070639610290527,LSTM,Prediction,Train
2911,2025-06-18,P012,1.9041682481765747,LSTM,Prediction,Train
2912,2025-06-19,P012,1.9119418859481807,LSTM,Prediction,Train
2913,2025-06-20,P012,1.9067540168762207,LSTM,Prediction,Train
2914,2025-06-21,P012,1.903085470199585,LSTM,Prediction,Train
2915,2025-06-22,P012,1.913230776786804,LSTM,Prediction,Train
2916,2025-06-23,P012,1.906707763671875,LSTM,Prediction,Train
2917,2025-06-24,P012,1.9006723165512085,LSTM,Prediction,Train
2918,2025-06-25,P012,1.900155782699585,LSTM,Prediction,Train
2919,2025-06-26,P012,1.90627121925354,LSTM,Prediction,Train
2920,2025-06-27,P012,1.9066617488861084,LSTM,Prediction,Train
2921,2025-06-28,P012,1.917196273803711,LSTM,Prediction,Train
2922,2025-06-29,P012,1.9025954008102417,LSTM,Prediction,Train
2923,2025-06-30,P012,1.9117826223373413,LSTM,Prediction,Train
2924,2025-07-01,P012,1.9109699726104736,LSTM,Prediction,Train
2925,2025-07-02,P012,1.9103683233261108,LSTM,Prediction,Train
2926,2025-07-03,P012,1.910252332687378,LSTM,Prediction,Train
2927,2025-07-04,P012,1.910405278205872,LSTM,Prediction,Train
2928,2025-07-05,P012,1.9059624671936035,LSTM,Prediction,Train
2929,2025-07-06,P012,1.90093731880188,LSTM,Prediction,Train
2930,2025-07-07,P012,1.9054961204528809,LSTM,Prediction,Train
2931,2025-07-08,P012,1.9091379642486568,LSTM,Prediction,Train
2932,2025-07-09,P012,1.906662940979004,LSTM,Prediction,Train
2933,2025-07-10,P012,1.9082611799240112,LSTM,Prediction,Train
2934,2025-07-11,P012,1.905879259109497,LSTM,Prediction,Train
2935,2025-07-12,P012,1.9059371948242188,LSTM,Prediction,Train
2936,2025-07-13,P012,1.9036942720413208,LSTM,Prediction,Train
2937,2025-07-14,P012,1.9042177200317385,LSTM,Prediction,Train
2938,2025-07-15,P012,1.9104925394058228,LSTM,Prediction,Train
2939,2025-07-16,P012,1.900195956230164,LSTM,Prediction,Train
2940,2025-07-17,P012,1.911177635192871,LSTM,Prediction,Train
2941,2025-07-18,P012,1.9055988788604736,LSTM,Prediction,Train
2942,2025-07-19,P012,1.9123766422271729,LSTM,Prediction,Train
2943,2025-07-20,P012,1.910237431526184,LSTM,Prediction,Train
2944,2025-07-21,P012,1.9052592515945437,LSTM,Prediction,Train
2945,2025-07-22,P012,1.9169723987579343,LSTM,Prediction,Train
2946,2025-07-23,P012,1.9039608240127563,LSTM,Prediction,Train
2947,2025-07-24,P012,1.908763766288757,LSTM,Prediction,Train
2948,2025-07-25,P012,1.912128210067749,LSTM,Prediction,Train
2949,2025-07-26,P012,1.907509207725525,LSTM,Prediction,Train
2950,2025-07-27,P012,1.9036448001861568,LSTM,Prediction,Train
2951,2025-07-28,P012,1.90283477306366,LSTM,Prediction,Train
2952,2025-07-29,P012,1.9015976190567017,LSTM,Prediction,Train
2953,2025-07-30,P012,1.909242391586304,LSTM,Prediction,Train
2954,2025-07-31,P012,1.9125795364379885,LSTM,Prediction,Train
2955,2025-08-01,P012,1.9021040201187132,LSTM,Prediction,Train
2956,2025-08-02,P012,1.9047971963882449,LSTM,Prediction,Train
2957,2025-08-03,P012,1.9140385389328003,LSTM,Prediction,Train
2958,2025-08-04,P012,1.9141587018966677,LSTM,Prediction,Train
2959,2025-08-05,P012,1.908093810081482,LSTM,Prediction,Train
2960,2025-08-06,P012,1.905853629112244,LSTM,Prediction,Train
2961,2025-08-07,P012,1.91060209274292,LSTM,Prediction,Train
2962,2025-08-08,P012,1.9126063585281368,LSTM,Prediction,Train
2963,2025-08-09,P012,1.8984681367874143,LSTM,Prediction,Train
2964,2025-08-10,P012,1.8994715213775637,LSTM,Prediction,Train
2965,2025-08-11,P012,1.910672307014465,LSTM,Prediction,Train
2966,2025-08-12,P012,1.912982940673828,LSTM,Prediction,Train
2967,2025-08-13,P012,1.9048395156860352,LSTM,Prediction,Train
2968,2025-08-14,P012,1.9047263860702517,LSTM,Prediction,Train
2969,2025-08-15,P012,1.904146194458008,LSTM,Prediction,Train
2970,2025-08-16,P012,1.9122576713562007,LSTM,Prediction,Train
2971,2025-08-17,P012,1.909595727920532,LSTM,Prediction,Train
2972,2025-08-18,P012,1.9022691249847408,LSTM,Prediction,Train
2973,2025-08-19,P012,1.9155988693237305,LSTM,Prediction,Train
2974,2025-08-20,P012,1.9084246158599851,LSTM,Prediction,Train
2975,2025-08-21,P012,1.906963586807251,LSTM,Prediction,Train
2976,2025-08-22,P012,1.9011083841323853,LSTM,Prediction,Train
2977,2025-08-23,P012,1.910327911376953,LSTM,Prediction,Train
2978,2025-08-24,P012,1.905742645263672,LSTM,Prediction,Train
2979,2025-08-25,P012,1.905683159828186,LSTM,Prediction,Train
2980,2025-08-26,P012,1.9013031721115112,LSTM,Prediction,Train
2981,2025-08-27,P012,1.9030994176864624,LSTM,Prediction,Train
2982,2025-08-28,P012,1.9079731702804563,LSTM,Prediction,Train
2983,2025-08-29,P012,1.8899415731430051,LSTM,Prediction,Train
2984,2025-08-30,P012,1.9105236530303955,LSTM,Prediction,Train
2985,2025-08-31,P012,1.906593918800354,LSTM,Prediction,Train
2986,2025-09-01,P012,1.9064050912857056,LSTM,Prediction,Train
2987,2025-09-02,P012,1.9093583822250368,LSTM,Prediction,Train
2988,2025-09-03,P012,1.908203363418579,LSTM,Prediction,Train
2989,2025-09-04,P012,1.9040279388427732,LSTM,Prediction,Train
2990,2025-09-05,P012,1.9087284803390503,LSTM,Prediction,Train
2991,2025-09-06,P012,1.9041160345077517,LSTM,Prediction,Train
2992,2025-09-07,P012,1.9011356830596924,LSTM,Prediction,Train
2993,2025-09-08,P012,1.9022986888885496,LSTM,Prediction,Train
2994,2025-09-09,P012,1.909528374671936,LSTM,Prediction,Train
2995,2025-09-10,P012,1.9132280349731443,LSTM,Prediction,Train
2996,2025-09-11,P012,1.9086353778839111,LSTM,Prediction,Train
2997,2025-09-12,P012,1.9113214015960691,LSTM,Prediction,Train
2998,2025-09-13,P012,1.9089360237121584,LSTM,Prediction,Train
2999,2025-09-14,P012,1.905715584754944,LSTM,Prediction,Train
3000,2025-01-08,P013,2.0125293731689453,LSTM,Prediction,Train
3001,2025-01-09,P013,2.0044891834259038,LSTM,Prediction,Train
3002,2025-01-10,P013,2.01123571395874,LSTM,Prediction,Train
3003,2025-01-11,P013,1.9933879375457764,LSTM,Prediction,Train
3004,2025-01-12,P013,2.005117416381836,LSTM,Prediction,Train
3005,2025-01-13,P013,1.9990073442459104,LSTM,Prediction,Train
3006,2025-01-14,P013,2.0039732456207275,LSTM,Prediction,Train
3007,2025-01-15,P013,2.0010008811950684,LSTM,Prediction,Train
3008,2025-01-16,P013,1.9975531101226809,LSTM,Prediction,Train
3009,2025-01-17,P013,2.001838445663452,LSTM,Prediction,Train
3010,2025-01-18,P013,2.0051307678222656,LSTM,Prediction,Train
3011,2025-01-19,P013,1.9975287914276123,LSTM,Prediction,Train
3012,2025-01-20,P013,2.0052149295806885,LSTM,Prediction,Train
3013,2025-01-21,P013,2.0059757232666016,LSTM,Prediction,Train
3014,2025-01-22,P013,1.9978561401367188,LSTM,Prediction,Train
3015,2025-01-23,P013,2.000969648361206,LSTM,Prediction,Train
3016,2025-01-24,P013,2.0027520656585693,LSTM,Prediction,Train
3017,2025-01-25,P013,2.001786947250366,LSTM,Prediction,Train
3018,2025-01-26,P013,2.009968042373657,LSTM,Prediction,Train
3019,2025-01-27,P013,2.0077359676361084,LSTM,Prediction,Train
3020,2025-01-28,P013,2.0059311389923096,LSTM,Prediction,Train
3021,2025-01-29,P013,2.01908802986145,LSTM,Prediction,Train
3022,2025-01-30,P013,2.007387638092041,LSTM,Prediction,Train
3023,2025-01-31,P013,1.9987081289291384,LSTM,Prediction,Train
3024,2025-02-01,P013,2.002791166305542,LSTM,Prediction,Train
3025,2025-02-02,P013,1.997394561767578,LSTM,Prediction,Train
3026,2025-02-03,P013,2.003653049468994,LSTM,Prediction,Train
3027,2025-02-04,P013,1.9996074438095093,LSTM,Prediction,Train
3028,2025-02-05,P013,2.012653589248657,LSTM,Prediction,Train
3029,2025-02-06,P013,2.002538681030273,LSTM,Prediction,Train
3030,2025-02-07,P013,2.0033764839172363,LSTM,Prediction,Train
3031,2025-02-08,P013,2.001112222671509,LSTM,Prediction,Train
3032,2025-02-09,P013,2.011906147003174,LSTM,Prediction,Train
3033,2025-02-10,P013,2.017075777053833,LSTM,Prediction,Train
3034,2025-02-11,P013,2.000145196914673,LSTM,Prediction,Train
3035,2025-02-12,P013,2.004699230194092,LSTM,Prediction,Train
3036,2025-02-13,P013,2.011305332183838,LSTM,Prediction,Train
3037,2025-02-14,P013,1.996909737586975,LSTM,Prediction,Train
3038,2025-02-15,P013,1.998045802116394,LSTM,Prediction,Train
3039,2025-02-16,P013,1.994699478149414,LSTM,Prediction,Train
3040,2025-02-17,P013,2.01176118850708,LSTM,Prediction,Train
3041,2025-02-18,P013,2.006022930145264,LSTM,Prediction,Train
3042,2025-02-19,P013,2.0002846717834477,LSTM,Prediction,Train
3043,2025-02-20,P013,2.005861520767212,LSTM,Prediction,Train
3044,2025-02-21,P013,2.004807233810425,LSTM,Prediction,Train
3045,2025-02-22,P013,2.0070900917053223,LSTM,Prediction,Train
3046,2025-02-23,P013,2.001560688018799,LSTM,Prediction,Train
3047,2025-02-24,P013,2.0200343132019043,LSTM,Prediction,Train
3048,2025-02-25,P013,2.003941059112549,LSTM,Prediction,Train
3049,2025-02-26,P013,2.0022687911987305,LSTM,Prediction,Train
3050,2025-02-27,P013,2.008476495742798,LSTM,Prediction,Train
3051,2025-02-28,P013,2.0058181285858154,LSTM,Prediction,Train
3052,2025-03-01,P013,1.99977707862854,LSTM,Prediction,Train
3053,2025-03-02,P013,2.0104899406433105,LSTM,Prediction,Train
3054,2025-03-03,P013,2.00551700592041,LSTM,Prediction,Train
3055,2025-03-04,P013,2.003971576690674,LSTM,Prediction,Train
3056,2025-03-05,P013,2.0055453777313232,LSTM,Prediction,Train
3057,2025-03-06,P013,2.0051276683807373,LSTM,Prediction,Train
3058,2025-03-07,P013,1.9977922439575195,LSTM,Prediction,Train
3059,2025-03-08,P013,2.014331579208374,LSTM,Prediction,Train
3060,2025-03-09,P013,2.0249216556549072,LSTM,Prediction,Train
3061,2025-03-10,P013,2.006173849105835,LSTM,Prediction,Train
3062,2025-03-11,P013,2.0112783908843994,LSTM,Prediction,Train
3063,2025-03-12,P013,1.9963797330856323,LSTM,Prediction,Train
3064,2025-03-13,P013,2.0190014839172363,LSTM,Prediction,Train
3065,2025-03-14,P013,2.0094144344329834,LSTM,Prediction,Train
3066,2025-03-15,P013,1.9997851848602293,LSTM,Prediction,Train
3067,2025-03-16,P013,1.9990509748458865,LSTM,Prediction,Train
3068,2025-03-17,P013,2.003354549407959,LSTM,Prediction,Train
3069,2025-03-18,P013,2.016674757003784,LSTM,Prediction,Train
3070,2025-03-19,P013,1.994637489318848,LSTM,Prediction,Train
3071,2025-03-20,P013,2.002931594848633,LSTM,Prediction,Train
3072,2025-03-21,P013,1.9969909191131592,LSTM,Prediction,Train
3073,2025-03-22,P013,2.0156478881835938,LSTM,Prediction,Train
3074,2025-03-23,P013,2.003861665725708,LSTM,Prediction,Train
3075,2025-03-24,P013,2.005852699279785,LSTM,Prediction,Train
3076,2025-03-25,P013,2.003770589828491,LSTM,Prediction,Train
3077,2025-03-26,P013,2.0081450939178467,LSTM,Prediction,Train
3078,2025-03-27,P013,2.009979009628296,LSTM,Prediction,Train
3079,2025-03-28,P013,2.009042739868164,LSTM,Prediction,Train
3080,2025-03-29,P013,2.0006659030914307,LSTM,Prediction,Train
3081,2025-03-30,P013,2.0075180530548096,LSTM,Prediction,Train
3082,2025-03-31,P013,1.99322521686554,LSTM,Prediction,Train
3083,2025-04-01,P013,2.002685546875,LSTM,Prediction,Train
3084,2025-04-02,P013,2.00571608543396,LSTM,Prediction,Train
3085,2025-04-03,P013,2.013742685317993,LSTM,Prediction,Train
3086,2025-04-04,P013,2.0033867359161377,LSTM,Prediction,Train
3087,2025-04-05,P013,2.0194382667541504,LSTM,Prediction,Train
3088,2025-04-06,P013,2.003580331802368,LSTM,Prediction,Train
3089,2025-04-07,P013,2.002739667892456,LSTM,Prediction,Train
3090,2025-04-08,P013,2.0056283473968506,LSTM,Prediction,Train
3091,2025-04-09,P013,2.004703521728516,LSTM,Prediction,Train
3092,2025-04-10,P013,2.01310133934021,LSTM,Prediction,Train
3093,2025-04-11,P013,1.998051166534424,LSTM,Prediction,Train
3094,2025-04-12,P013,1.996626019477844,LSTM,Prediction,Train
3095,2025-04-13,P013,2.000567674636841,LSTM,Prediction,Train
3096,2025-04-14,P013,2.008574962615967,LSTM,Prediction,Train
3097,2025-04-15,P013,2.0063393115997314,LSTM,Prediction,Train
3098,2025-04-16,P013,2.003436803817749,LSTM,Prediction,Train
3099,2025-04-17,P013,2.016329288482666,LSTM,Prediction,Train
3100,2025-04-18,P013,2.0115060806274414,LSTM,Prediction,Train
3101,2025-04-19,P013,2.001284599304199,LSTM,Prediction,Train
3102,2025-04-20,P013,2.0077321529388428,LSTM,Prediction,Train
3103,2025-04-21,P013,2.007133722305298,LSTM,Prediction,Train
3104,2025-04-22,P013,2.0095388889312744,LSTM,Prediction,Train
3105,2025-04-23,P013,2.005836248397827,LSTM,Prediction,Train
3106,2025-04-24,P013,2.002748966217041,LSTM,Prediction,Train
3107,2025-04-25,P013,2.0133118629455566,LSTM,Prediction,Train
3108,2025-04-26,P013,2.0037600994110107,LSTM,Prediction,Train
3109,2025-04-27,P013,2.006148099899292,LSTM,Prediction,Train
3110,2025-04-28,P013,2.0040929317474365,LSTM,Prediction,Train
3111,2025-04-29,P013,2.0137243270874023,LSTM,Prediction,Train
3112,2025-04-30,P013,2.000230073928833,LSTM,Prediction,Train
3113,2025-05-01,P013,2.00905179977417,LSTM,Prediction,Train
3114,2025-05-02,P013,2.0098354816436768,LSTM,Prediction,Train
3115,2025-05-03,P013,2.007218599319458,LSTM,Prediction,Train
3116,2025-05-04,P013,2.012984275817871,LSTM,Prediction,Train
3117,2025-05-05,P013,2.000617027282715,LSTM,Prediction,Train
3118,2025-05-06,P013,2.004128217697144,LSTM,Prediction,Train
3119,2025-05-07,P013,2.009592771530152,LSTM,Prediction,Train
3120,2025-05-08,P013,2.0049972534179688,LSTM,Prediction,Train
3121,2025-05-09,P013,2.0013322830200195,LSTM,Prediction,Train
3122,2025-05-10,P013,1.9944953918457031,LSTM,Prediction,Train
3123,2025-05-11,P013,2.00555419921875,LSTM,Prediction,Train
3124,2025-05-12,P013,2.002729177474976,LSTM,Prediction,Train
3125,2025-05-13,P013,1.999231576919556,LSTM,Prediction,Train
3126,2025-05-14,P013,1.998777747154236,LSTM,Prediction,Train
3127,2025-05-15,P013,2.0066475868225098,LSTM,Prediction,Train
3128,2025-05-16,P013,2.006900787353516,LSTM,Prediction,Train
3129,2025-05-17,P013,2.0082480907440186,LSTM,Prediction,Train
3130,2025-05-18,P013,2.009481191635132,LSTM,Prediction,Train
3131,2025-05-19,P013,2.0047354698181152,LSTM,Prediction,Train
3132,2025-05-20,P013,2.012459754943848,LSTM,Prediction,Train
3133,2025-05-21,P013,2.013786792755127,LSTM,Prediction,Train
3134,2025-05-22,P013,2.0004124641418457,LSTM,Prediction,Train
3135,2025-05-23,P013,2.0081636905670166,LSTM,Prediction,Train
3136,2025-05-24,P013,1.990507960319519,LSTM,Prediction,Train
3137,2025-05-25,P013,2.003716230392456,LSTM,Prediction,Train
3138,2025-05-26,P013,2.0061941146850586,LSTM,Prediction,Train
3139,2025-05-27,P013,1.9984354972839355,LSTM,Prediction,Train
3140,2025-05-28,P013,2.0013744831085205,LSTM,Prediction,Train
3141,2025-05-29,P013,2.0022988319396973,LSTM,Prediction,Train
3142,2025-05-30,P013,2.000343084335327,LSTM,Prediction,Train
3143,2025-05-31,P013,2.0027413368225098,LSTM,Prediction,Train
3144,2025-06-01,P013,2.0051474571228027,LSTM,Prediction,Train
3145,2025-06-02,P013,2.004798412322998,LSTM,Prediction,Train
3146,2025-06-03,P013,1.9950330257415767,LSTM,Prediction,Train
3147,2025-06-04,P013,2.0005578994750977,LSTM,Prediction,Train
3148,2025-06-05,P013,2.008631467819214,LSTM,Prediction,Train
3149,2025-06-06,P013,2.0162513256073,LSTM,Prediction,Train
3150,2025-06-07,P013,2.0035741329193115,LSTM,Prediction,Train
3151,2025-06-08,P013,2.005957126617432,LSTM,Prediction,Train
3152,2025-06-09,P013,2.006487369537353,LSTM,Prediction,Train
3153,2025-06-10,P013,2.003323554992676,LSTM,Prediction,Train
3154,2025-06-11,P013,1.9988080263137815,LSTM,Prediction,Train
3155,2025-06-12,P013,2.007861852645874,LSTM,Prediction,Train
3156,2025-06-13,P013,1.9965215921401975,LSTM,Prediction,Train
3157,2025-06-14,P013,1.9973044395446775,LSTM,Prediction,Train
3158,2025-06-15,P013,2.002852439880371,LSTM,Prediction,Train
3159,2025-06-16,P013,2.004932165145874,LSTM,Prediction,Train
3160,2025-06-17,P013,2.003305196762085,LSTM,Prediction,Train
3161,2025-06-18,P013,2.000974178314209,LSTM,Prediction,Train
3162,2025-06-19,P013,2.009934186935425,LSTM,Prediction,Train
3163,2025-06-20,P013,2.006004571914673,LSTM,Prediction,Train
3164,2025-06-21,P013,1.9998087882995603,LSTM,Prediction,Train
3165,2025-06-22,P013,2.010690450668335,LSTM,Prediction,Train
3166,2025-06-23,P013,2.005544900894165,LSTM,Prediction,Train
3167,2025-06-24,P013,1.9996881484985352,LSTM,Prediction,Train
3168,2025-06-25,P013,1.9957176446914675,LSTM,Prediction,Train
3169,2025-06-26,P013,2.0043206214904785,LSTM,Prediction,Train
3170,2025-06-27,P013,2.0014126300811768,LSTM,Prediction,Train
3171,2025-06-28,P013,2.020737648010254,LSTM,Prediction,Train
3172,2025-06-29,P013,1.9988131523132324,LSTM,Prediction,Train
3173,2025-06-30,P013,2.010835886001587,LSTM,Prediction,Train
3174,2025-07-01,P013,2.005063056945801,LSTM,Prediction,Train
3175,2025-07-02,P013,2.007878541946411,LSTM,Prediction,Train
3176,2025-07-03,P013,2.0073130130767822,LSTM,Prediction,Train
3177,2025-07-04,P013,2.0038883686065674,LSTM,Prediction,Train
3178,2025-07-05,P013,2.001520872116089,LSTM,Prediction,Train
3179,2025-07-06,P013,2.0015618801116943,LSTM,Prediction,Train
3180,2025-07-07,P013,2.0037972927093506,LSTM,Prediction,Train
3181,2025-07-08,P013,2.0067572593688965,LSTM,Prediction,Train
3182,2025-07-09,P013,2.004936695098877,LSTM,Prediction,Train
3183,2025-07-10,P013,2.0061726570129395,LSTM,Prediction,Train
3184,2025-07-11,P013,2.0017848014831543,LSTM,Prediction,Train
3185,2025-07-12,P013,2.001382112503052,LSTM,Prediction,Train
3186,2025-07-13,P013,2.001844644546509,LSTM,Prediction,Train
3187,2025-07-14,P013,2.007986068725586,LSTM,Prediction,Train
3188,2025-07-15,P013,2.0061073303222656,LSTM,Prediction,Train
3189,2025-07-16,P013,1.997071623802185,LSTM,Prediction,Train
3190,2025-07-17,P013,2.010495185852051,LSTM,Prediction,Train
3191,2025-07-18,P013,2.002668857574463,LSTM,Prediction,Train
3192,2025-07-19,P013,2.0140867233276367,LSTM,Prediction,Train
3193,2025-07-20,P013,2.008075714111328,LSTM,Prediction,Train
3194,2025-07-21,P013,2.004994630813598,LSTM,Prediction,Train
3195,2025-07-22,P013,2.0130088329315186,LSTM,Prediction,Train
3196,2025-07-23,P013,2.005867719650269,LSTM,Prediction,Train
3197,2025-07-24,P013,2.011770725250244,LSTM,Prediction,Train
3198,2025-07-25,P013,2.012402057647705,LSTM,Prediction,Train
3199,2025-07-26,P013,2.002152681350708,LSTM,Prediction,Train
3200,2025-07-27,P013,2.001832962036133,LSTM,Prediction,Train
3201,2025-07-28,P013,1.999181866645813,LSTM,Prediction,Train
3202,2025-07-29,P013,2.0003979206085205,LSTM,Prediction,Train
3203,2025-07-30,P013,2.0050015449523926,LSTM,Prediction,Train
3204,2025-07-31,P013,2.0113062858581543,LSTM,Prediction,Train
3205,2025-08-01,P013,1.9988152980804443,LSTM,Prediction,Train
3206,2025-08-02,P013,2.006394386291504,LSTM,Prediction,Train
3207,2025-08-03,P013,2.0156610012054443,LSTM,Prediction,Train
3208,2025-08-04,P013,2.016883611679077,LSTM,Prediction,Train
3209,2025-08-05,P013,2.003417015075684,LSTM,Prediction,Train
3210,2025-08-06,P013,2.002703189849853,LSTM,Prediction,Train
3211,2025-08-07,P013,2.008810520172119,LSTM,Prediction,Train
3212,2025-08-08,P013,2.0116288661956787,LSTM,Prediction,Train
3213,2025-08-09,P013,1.9998488426208496,LSTM,Prediction,Train
3214,2025-08-10,P013,1.9954044818878172,LSTM,Prediction,Train
3215,2025-08-11,P013,2.007014751434326,LSTM,Prediction,Train
3216,2025-08-12,P013,2.0076053142547607,LSTM,Prediction,Train
3217,2025-08-13,P013,2.0037808418273926,LSTM,Prediction,Train
3218,2025-08-14,P013,2.0024831295013428,LSTM,Prediction,Train
3219,2025-08-15,P013,1.999171614646912,LSTM,Prediction,Train
3220,2025-08-16,P013,2.015974521636963,LSTM,Prediction,Train
3221,2025-08-17,P013,2.004370212554932,LSTM,Prediction,Train
3222,2025-08-18,P013,1.9991859197616575,LSTM,Prediction,Train
3223,2025-08-19,P013,2.020307302474976,LSTM,Prediction,Train
3224,2025-08-20,P013,2.00345516204834,LSTM,Prediction,Train
3225,2025-08-21,P013,2.003833770751953,LSTM,Prediction,Train
3226,2025-08-22,P013,2.0016767978668213,LSTM,Prediction,Train
3227,2025-08-23,P013,2.0041537284851074,LSTM,Prediction,Train
3228,2025-08-24,P013,2.0018110275268555,LSTM,Prediction,Train
3229,2025-08-25,P013,2.000408411026001,LSTM,Prediction,Train
3230,2025-08-26,P013,1.995145559310913,LSTM,Prediction,Train
3231,2025-08-27,P013,1.9973646402359009,LSTM,Prediction,Train
3232,2025-08-28,P013,2.007084369659424,LSTM,Prediction,Train
3233,2025-08-29,P013,1.986940860748291,LSTM,Prediction,Train
3234,2025-08-30,P013,2.004220485687256,LSTM,Prediction,Train
3235,2025-08-31,P013,2.0044760704040527,LSTM,Prediction,Train
3236,2025-09-01,P013,2.0060276985168457,LSTM,Prediction,Train
3237,2025-09-02,P013,2.0079100131988525,LSTM,Prediction,Train
3238,2025-09-03,P013,2.00696873664856,LSTM,Prediction,Train
3239,2025-09-04,P013,2.001382112503052,LSTM,Prediction,Train
3240,2025-09-05,P013,2.006025075912476,LSTM,Prediction,Train
3241,2025-09-06,P013,2.0024056434631348,LSTM,Prediction,Train
3242,2025-09-07,P013,2.001373767852783,LSTM,Prediction,Train
3243,2025-09-08,P013,1.9966193437576292,LSTM,Prediction,Train
3244,2025-09-09,P013,2.0207183361053467,LSTM,Prediction,Train
3245,2025-09-10,P013,2.008460998535156,LSTM,Prediction,Train
3246,2025-09-11,P013,2.004401445388794,LSTM,Prediction,Train
3247,2025-09-12,P013,2.013319253921509,LSTM,Prediction,Train
3248,2025-09-13,P013,2.0051276683807373,LSTM,Prediction,Train
3249,2025-09-14,P013,2.004483938217163,LSTM,Prediction,Train
3250,2025-01-08,P014,2.0804944038391118,LSTM,Prediction,Train
3251,2025-01-09,P014,2.073872804641724,LSTM,Prediction,Train
3252,2025-01-10,P014,2.0775132179260254,LSTM,Prediction,Train
3253,2025-01-11,P014,2.0667824745178223,LSTM,Prediction,Train
3254,2025-01-12,P014,2.075812339782715,LSTM,Prediction,Train
3255,2025-01-13,P014,2.0729875564575195,LSTM,Prediction,Train
3256,2025-01-14,P014,2.0761969089508057,LSTM,Prediction,Train
3257,2025-01-15,P014,2.0728275775909424,LSTM,Prediction,Train
3258,2025-01-16,P014,2.071036100387573,LSTM,Prediction,Train
3259,2025-01-17,P014,2.0718023777008057,LSTM,Prediction,Train
3260,2025-01-18,P014,2.0764901638031006,LSTM,Prediction,Train
3261,2025-01-19,P014,2.070307970046997,LSTM,Prediction,Train
3262,2025-01-20,P014,2.0759408473968506,LSTM,Prediction,Train
3263,2025-01-21,P014,2.0761005878448486,LSTM,Prediction,Train
3264,2025-01-22,P014,2.068896770477295,LSTM,Prediction,Train
3265,2025-01-23,P014,2.0720314979553223,LSTM,Prediction,Train
3266,2025-01-24,P014,2.0744874477386475,LSTM,Prediction,Train
3267,2025-01-25,P014,2.0749452114105225,LSTM,Prediction,Train
3268,2025-01-26,P014,2.076100826263428,LSTM,Prediction,Train
3269,2025-01-27,P014,2.076895236968994,LSTM,Prediction,Train
3270,2025-01-28,P014,2.075477600097656,LSTM,Prediction,Train
3271,2025-01-29,P014,2.082057237625122,LSTM,Prediction,Train
3272,2025-01-30,P014,2.0735902786254883,LSTM,Prediction,Train
3273,2025-01-31,P014,2.0695910453796387,LSTM,Prediction,Train
3274,2025-02-01,P014,2.072819709777832,LSTM,Prediction,Train
3275,2025-02-02,P014,2.0713207721710205,LSTM,Prediction,Train
3276,2025-02-03,P014,2.0748322010040283,LSTM,Prediction,Train
3277,2025-02-04,P014,2.070812463760376,LSTM,Prediction,Train
3278,2025-02-05,P014,2.080796003341675,LSTM,Prediction,Train
3279,2025-02-06,P014,2.0762031078338623,LSTM,Prediction,Train
3280,2025-02-07,P014,2.0738072395324707,LSTM,Prediction,Train
3281,2025-02-08,P014,2.0743677616119385,LSTM,Prediction,Train
3282,2025-02-09,P014,2.078730821609497,LSTM,Prediction,Train
3283,2025-02-10,P014,2.079850912094116,LSTM,Prediction,Train
3284,2025-02-11,P014,2.071917057037353,LSTM,Prediction,Train
3285,2025-02-12,P014,2.074948310852051,LSTM,Prediction,Train
3286,2025-02-13,P014,2.081398725509644,LSTM,Prediction,Train
3287,2025-02-14,P014,2.0703389644622803,LSTM,Prediction,Train
3288,2025-02-15,P014,2.069101333618164,LSTM,Prediction,Train
3289,2025-02-16,P014,2.0684967041015625,LSTM,Prediction,Train
3290,2025-02-17,P014,2.0790581703186035,LSTM,Prediction,Train
3291,2025-02-18,P014,2.0759594440460205,LSTM,Prediction,Train
3292,2025-02-19,P014,2.0738673210144043,LSTM,Prediction,Train
3293,2025-02-20,P014,2.074219226837158,LSTM,Prediction,Train
3294,2025-02-21,P014,2.075561046600342,LSTM,Prediction,Train
3295,2025-02-22,P014,2.075670957565308,LSTM,Prediction,Train
3296,2025-02-23,P014,2.0719618797302246,LSTM,Prediction,Train
3297,2025-02-24,P014,2.080926418304444,LSTM,Prediction,Train
3298,2025-02-25,P014,2.0726561546325684,LSTM,Prediction,Train
3299,2025-02-26,P014,2.073784589767456,LSTM,Prediction,Train
3300,2025-02-27,P014,2.0792062282562256,LSTM,Prediction,Train
3301,2025-02-28,P014,2.0719237327575684,LSTM,Prediction,Train
3302,2025-03-01,P014,2.071381092071533,LSTM,Prediction,Train
3303,2025-03-02,P014,2.078651428222656,LSTM,Prediction,Train
3304,2025-03-03,P014,2.074634552001953,LSTM,Prediction,Train
3305,2025-03-04,P014,2.075460195541382,LSTM,Prediction,Train
3306,2025-03-05,P014,2.076918363571167,LSTM,Prediction,Train
3307,2025-03-06,P014,2.072901725769043,LSTM,Prediction,Train
3308,2025-03-07,P014,2.0694262981414795,LSTM,Prediction,Train
3309,2025-03-08,P014,2.0824339389801025,LSTM,Prediction,Train
3310,2025-03-09,P014,2.0845131874084477,LSTM,Prediction,Train
3311,2025-03-10,P014,2.075819969177246,LSTM,Prediction,Train
3312,2025-03-11,P014,2.081760168075561,LSTM,Prediction,Train
3313,2025-03-12,P014,2.068411111831665,LSTM,Prediction,Train
3314,2025-03-13,P014,2.0811586380004883,LSTM,Prediction,Train
3315,2025-03-14,P014,2.07920241355896,LSTM,Prediction,Train
3316,2025-03-15,P014,2.072703123092652,LSTM,Prediction,Train
3317,2025-03-16,P014,2.070622682571411,LSTM,Prediction,Train
3318,2025-03-17,P014,2.07439398765564,LSTM,Prediction,Train
3319,2025-03-18,P014,2.082094430923462,LSTM,Prediction,Train
3320,2025-03-19,P014,2.0667409896850586,LSTM,Prediction,Train
3321,2025-03-20,P014,2.075986623764038,LSTM,Prediction,Train
3322,2025-03-21,P014,2.0703248977661133,LSTM,Prediction,Train
3323,2025-03-22,P014,2.08275842666626,LSTM,Prediction,Train
3324,2025-03-23,P014,2.0758674144744877,LSTM,Prediction,Train
3325,2025-03-24,P014,2.073744297027588,LSTM,Prediction,Train
3326,2025-03-25,P014,2.075044631958008,LSTM,Prediction,Train
3327,2025-03-26,P014,2.075573682785034,LSTM,Prediction,Train
3328,2025-03-27,P014,2.0772523880004883,LSTM,Prediction,Train
3329,2025-03-28,P014,2.0770037174224854,LSTM,Prediction,Train
3330,2025-03-29,P014,2.0722479820251465,LSTM,Prediction,Train
3331,2025-03-30,P014,2.0754880905151367,LSTM,Prediction,Train
3332,2025-03-31,P014,2.063606023788452,LSTM,Prediction,Train
3333,2025-04-01,P014,2.0736491680145264,LSTM,Prediction,Train
3334,2025-04-02,P014,2.076458692550659,LSTM,Prediction,Train
3335,2025-04-03,P014,2.0842301845550537,LSTM,Prediction,Train
3336,2025-04-04,P014,2.073157548904419,LSTM,Prediction,Train
3337,2025-04-05,P014,2.085636138916016,LSTM,Prediction,Train
3338,2025-04-06,P014,2.0739309787750244,LSTM,Prediction,Train
3339,2025-04-07,P014,2.0716311931610107,LSTM,Prediction,Train
3340,2025-04-08,P014,2.0760998725891118,LSTM,Prediction,Train
3341,2025-04-09,P014,2.074373245239258,LSTM,Prediction,Train
3342,2025-04-10,P014,2.0811212062835693,LSTM,Prediction,Train
3343,2025-04-11,P014,2.070307731628418,LSTM,Prediction,Train
3344,2025-04-12,P014,2.068509101867676,LSTM,Prediction,Train
3345,2025-04-13,P014,2.0732741355896,LSTM,Prediction,Train
3346,2025-04-14,P014,2.0778744220733643,LSTM,Prediction,Train
3347,2025-04-15,P014,2.076773166656494,LSTM,Prediction,Train
3348,2025-04-16,P014,2.0739104747772217,LSTM,Prediction,Train
3349,2025-04-17,P014,2.0795047283172607,LSTM,Prediction,Train
3350,2025-04-18,P014,2.077216148376465,LSTM,Prediction,Train
3351,2025-04-19,P014,2.071826696395874,LSTM,Prediction,Train
3352,2025-04-20,P014,2.0767030715942383,LSTM,Prediction,Train
3353,2025-04-21,P014,2.073198080062866,LSTM,Prediction,Train
3354,2025-04-22,P014,2.076800584793091,LSTM,Prediction,Train
3355,2025-04-23,P014,2.0764410495758057,LSTM,Prediction,Train
3356,2025-04-24,P014,2.0712637901306152,LSTM,Prediction,Train
3357,2025-04-25,P014,2.0819406509399414,LSTM,Prediction,Train
3358,2025-04-26,P014,2.073258399963379,LSTM,Prediction,Train
3359,2025-04-27,P014,2.0759966373443604,LSTM,Prediction,Train
3360,2025-04-28,P014,2.072915315628052,LSTM,Prediction,Train
3361,2025-04-29,P014,2.0831313133239746,LSTM,Prediction,Train
3362,2025-04-30,P014,2.071855306625366,LSTM,Prediction,Train
3363,2025-05-01,P014,2.0753536224365234,LSTM,Prediction,Train
3364,2025-05-02,P014,2.076155424118042,LSTM,Prediction,Train
3365,2025-05-03,P014,2.078592300415039,LSTM,Prediction,Train
3366,2025-05-04,P014,2.0787675380706787,LSTM,Prediction,Train
3367,2025-05-05,P014,2.0728347301483154,LSTM,Prediction,Train
3368,2025-05-06,P014,2.0739905834198,LSTM,Prediction,Train
3369,2025-05-07,P014,2.0774571895599365,LSTM,Prediction,Train
3370,2025-05-08,P014,2.0741872787475586,LSTM,Prediction,Train
3371,2025-05-09,P014,2.0735418796539307,LSTM,Prediction,Train
3372,2025-05-10,P014,2.06699538230896,LSTM,Prediction,Train
3373,2025-05-11,P014,2.0753417015075684,LSTM,Prediction,Train
3374,2025-05-12,P014,2.0733163356781006,LSTM,Prediction,Train
3375,2025-05-13,P014,2.0706779956817627,LSTM,Prediction,Train
3376,2025-05-14,P014,2.0692663192749023,LSTM,Prediction,Train
3377,2025-05-15,P014,2.0735461711883545,LSTM,Prediction,Train
3378,2025-05-16,P014,2.077049970626831,LSTM,Prediction,Train
3379,2025-05-17,P014,2.0755491256713867,LSTM,Prediction,Train
3380,2025-05-18,P014,2.077172040939331,LSTM,Prediction,Train
3381,2025-05-19,P014,2.072791576385498,LSTM,Prediction,Train
3382,2025-05-20,P014,2.076829433441162,LSTM,Prediction,Train
3383,2025-05-21,P014,2.079646587371826,LSTM,Prediction,Train
3384,2025-05-22,P014,2.0713114738464355,LSTM,Prediction,Train
3385,2025-05-23,P014,2.0758697986602783,LSTM,Prediction,Train
3386,2025-05-24,P014,2.065140724182129,LSTM,Prediction,Train
3387,2025-05-25,P014,2.075536012649536,LSTM,Prediction,Train
3388,2025-05-26,P014,2.075653076171875,LSTM,Prediction,Train
3389,2025-05-27,P014,2.070741653442383,LSTM,Prediction,Train
3390,2025-05-28,P014,2.07257342338562,LSTM,Prediction,Train
3391,2025-05-29,P014,2.0765154361724854,LSTM,Prediction,Train
3392,2025-05-30,P014,2.070659875869751,LSTM,Prediction,Train
3393,2025-05-31,P014,2.0735740661621094,LSTM,Prediction,Train
3394,2025-06-01,P014,2.076335191726685,LSTM,Prediction,Train
3395,2025-06-02,P014,2.0749781131744385,LSTM,Prediction,Train
3396,2025-06-03,P014,2.0690701007843018,LSTM,Prediction,Train
3397,2025-06-04,P014,2.073532819747925,LSTM,Prediction,Train
3398,2025-06-05,P014,2.0764992237091064,LSTM,Prediction,Train
3399,2025-06-06,P014,2.081166982650757,LSTM,Prediction,Train
3400,2025-06-07,P014,2.0755836963653564,LSTM,Prediction,Train
3401,2025-06-08,P014,2.0759494304656982,LSTM,Prediction,Train
3402,2025-06-09,P014,2.0763425827026367,LSTM,Prediction,Train
3403,2025-06-10,P014,2.072053909301758,LSTM,Prediction,Train
3404,2025-06-11,P014,2.072643995285034,LSTM,Prediction,Train
3405,2025-06-12,P014,2.075706720352173,LSTM,Prediction,Train
3406,2025-06-13,P014,2.069862365722656,LSTM,Prediction,Train
3407,2025-06-14,P014,2.071732521057129,LSTM,Prediction,Train
3408,2025-06-15,P014,2.074878692626953,LSTM,Prediction,Train
3409,2025-06-16,P014,2.074614763259888,LSTM,Prediction,Train
3410,2025-06-17,P014,2.0749189853668213,LSTM,Prediction,Train
3411,2025-06-18,P014,2.0735461711883545,LSTM,Prediction,Train
3412,2025-06-19,P014,2.0780224800109863,LSTM,Prediction,Train
3413,2025-06-20,P014,2.0735559463500977,LSTM,Prediction,Train
3414,2025-06-21,P014,2.0704824924468994,LSTM,Prediction,Train
3415,2025-06-22,P014,2.07778549194336,LSTM,Prediction,Train
3416,2025-06-23,P014,2.0740959644317627,LSTM,Prediction,Train
3417,2025-06-24,P014,2.069758653640747,LSTM,Prediction,Train
3418,2025-06-25,P014,2.068403005599976,LSTM,Prediction,Train
3419,2025-06-26,P014,2.07541561126709,LSTM,Prediction,Train
3420,2025-06-27,P014,2.0740725994110107,LSTM,Prediction,Train
3421,2025-06-28,P014,2.086073637008667,LSTM,Prediction,Train
3422,2025-06-29,P014,2.071439504623413,LSTM,Prediction,Train
3423,2025-06-30,P014,2.0781712532043457,LSTM,Prediction,Train
3424,2025-07-01,P014,2.076466560363769,LSTM,Prediction,Train
3425,2025-07-02,P014,2.07546329498291,LSTM,Prediction,Train
3426,2025-07-03,P014,2.0763988494873047,LSTM,Prediction,Train
3427,2025-07-04,P014,2.079965114593506,LSTM,Prediction,Train
3428,2025-07-05,P014,2.0725464820861816,LSTM,Prediction,Train
3429,2025-07-06,P014,2.071385145187378,LSTM,Prediction,Train
3430,2025-07-07,P014,2.072633743286133,LSTM,Prediction,Train
3431,2025-07-08,P014,2.077775239944458,LSTM,Prediction,Train
3432,2025-07-09,P014,2.073279857635498,LSTM,Prediction,Train
3433,2025-07-10,P014,2.076412916183472,LSTM,Prediction,Train
3434,2025-07-11,P014,2.074582576751709,LSTM,Prediction,Train
3435,2025-07-12,P014,2.071347951889038,LSTM,Prediction,Train
3436,2025-07-13,P014,2.071704149246216,LSTM,Prediction,Train
3437,2025-07-14,P014,2.0763609409332275,LSTM,Prediction,Train
3438,2025-07-15,P014,2.0756096839904785,LSTM,Prediction,Train
3439,2025-07-16,P014,2.070302724838257,LSTM,Prediction,Train
3440,2025-07-17,P014,2.07850193977356,LSTM,Prediction,Train
3441,2025-07-18,P014,2.075411558151245,LSTM,Prediction,Train
3442,2025-07-19,P014,2.0795462131500244,LSTM,Prediction,Train
3443,2025-07-20,P014,2.0761518478393555,LSTM,Prediction,Train
3444,2025-07-21,P014,2.07500433921814,LSTM,Prediction,Train
3445,2025-07-22,P014,2.0790936946868896,LSTM,Prediction,Train
3446,2025-07-23,P014,2.074514627456665,LSTM,Prediction,Train
3447,2025-07-24,P014,2.0778167247772217,LSTM,Prediction,Train
3448,2025-07-25,P014,2.077502965927124,LSTM,Prediction,Train
3449,2025-07-26,P014,2.074486017227173,LSTM,Prediction,Train
3450,2025-07-27,P014,2.073132276535034,LSTM,Prediction,Train
3451,2025-07-28,P014,2.0694360733032227,LSTM,Prediction,Train
3452,2025-07-29,P014,2.072423458099365,LSTM,Prediction,Train
3453,2025-07-30,P014,2.075162887573242,LSTM,Prediction,Train
3454,2025-07-31,P014,2.0796918869018555,LSTM,Prediction,Train
3455,2025-08-01,P014,2.0703389644622803,LSTM,Prediction,Train
3456,2025-08-02,P014,2.0754740238189697,LSTM,Prediction,Train
3457,2025-08-03,P014,2.07986068725586,LSTM,Prediction,Train
3458,2025-08-04,P014,2.080120801925659,LSTM,Prediction,Train
3459,2025-08-05,P014,2.074021577835083,LSTM,Prediction,Train
3460,2025-08-06,P014,2.0745413303375244,LSTM,Prediction,Train
3461,2025-08-07,P014,2.078850030899048,LSTM,Prediction,Train
3462,2025-08-08,P014,2.0852415561676025,LSTM,Prediction,Train
3463,2025-08-09,P014,2.07119083404541,LSTM,Prediction,Train
3464,2025-08-10,P014,2.07354736328125,LSTM,Prediction,Train
3465,2025-08-11,P014,2.07592248916626,LSTM,Prediction,Train
3466,2025-08-12,P014,2.0785605907440186,LSTM,Prediction,Train
3467,2025-08-13,P014,2.0748910903930664,LSTM,Prediction,Train
3468,2025-08-14,P014,2.071664333343506,LSTM,Prediction,Train
3469,2025-08-15,P014,2.0719785690307617,LSTM,Prediction,Train
3470,2025-08-16,P014,2.0819833278656006,LSTM,Prediction,Train
3471,2025-08-17,P014,2.0753307342529297,LSTM,Prediction,Train
3472,2025-08-18,P014,2.0716781616210938,LSTM,Prediction,Train
3473,2025-08-19,P014,2.086711168289185,LSTM,Prediction,Train
3474,2025-08-20,P014,2.0760374069213867,LSTM,Prediction,Train
3475,2025-08-21,P014,2.07448673248291,LSTM,Prediction,Train
3476,2025-08-22,P014,2.072545528411865,LSTM,Prediction,Train
3477,2025-08-23,P014,2.0753703117370605,LSTM,Prediction,Train
3478,2025-08-24,P014,2.07234263420105,LSTM,Prediction,Train
3479,2025-08-25,P014,2.0729992389678955,LSTM,Prediction,Train
3480,2025-08-26,P014,2.070389986038208,LSTM,Prediction,Train
3481,2025-08-27,P014,2.0704421997070312,LSTM,Prediction,Train
3482,2025-08-28,P014,2.079288482666016,LSTM,Prediction,Train
3483,2025-08-29,P014,2.063678741455078,LSTM,Prediction,Train
3484,2025-08-30,P014,2.0766830444335938,LSTM,Prediction,Train
3485,2025-08-31,P014,2.0736243724823,LSTM,Prediction,Train
3486,2025-09-01,P014,2.074610948562622,LSTM,Prediction,Train
3487,2025-09-02,P014,2.076101303100586,LSTM,Prediction,Train
3488,2025-09-03,P014,2.0743629932403564,LSTM,Prediction,Train
3489,2025-09-04,P014,2.0747148990631104,LSTM,Prediction,Train
3490,2025-09-05,P014,2.07580041885376,LSTM,Prediction,Train
3491,2025-09-06,P014,2.0742220878601074,LSTM,Prediction,Train
3492,2025-09-07,P014,2.070967197418213,LSTM,Prediction,Train
3493,2025-09-08,P014,2.073195457458496,LSTM,Prediction,Train
3494,2025-09-09,P014,2.0808451175689697,LSTM,Prediction,Train
3495,2025-09-10,P014,2.077775716781616,LSTM,Prediction,Train
3496,2025-09-11,P014,2.075252056121826,LSTM,Prediction,Train
3497,2025-09-12,P014,2.0804665088653564,LSTM,Prediction,Train
3498,2025-09-13,P014,2.0745816230773926,LSTM,Prediction,Train
3499,2025-09-14,P014,2.073342800140381,LSTM,Prediction,Train
3500,2025-01-08,P015,2.2004201412200928,LSTM,Prediction,Train
3501,2025-01-09,P015,2.195880889892578,LSTM,Prediction,Train
3502,2025-01-10,P015,2.2012619972229004,LSTM,Prediction,Train
3503,2025-01-11,P015,2.1876940727233887,LSTM,Prediction,Train
3504,2025-01-12,P015,2.199363946914673,LSTM,Prediction,Train
3505,2025-01-13,P015,2.194642782211304,LSTM,Prediction,Train
3506,2025-01-14,P015,2.200104236602783,LSTM,Prediction,Train
3507,2025-01-15,P015,2.19589638710022,LSTM,Prediction,Train
3508,2025-01-16,P015,2.190774917602539,LSTM,Prediction,Train
3509,2025-01-17,P015,2.194392681121826,LSTM,Prediction,Train
3510,2025-01-18,P015,2.20093846321106,LSTM,Prediction,Train
3511,2025-01-19,P015,2.191570281982422,LSTM,Prediction,Train
3512,2025-01-20,P015,2.200960159301758,LSTM,Prediction,Train
3513,2025-01-21,P015,2.199044942855835,LSTM,Prediction,Train
3514,2025-01-22,P015,2.1872472763061523,LSTM,Prediction,Train
3515,2025-01-23,P015,2.195704936981201,LSTM,Prediction,Train
3516,2025-01-24,P015,2.193103075027466,LSTM,Prediction,Train
3517,2025-01-25,P015,2.197345495223999,LSTM,Prediction,Train
3518,2025-01-26,P015,2.2027664184570312,LSTM,Prediction,Train
3519,2025-01-27,P015,2.2036471366882324,LSTM,Prediction,Train
3520,2025-01-28,P015,2.193539619445801,LSTM,Prediction,Train
3521,2025-01-29,P015,2.208648443222046,LSTM,Prediction,Train
3522,2025-01-30,P015,2.2000539302825928,LSTM,Prediction,Train
3523,2025-01-31,P015,2.19362473487854,LSTM,Prediction,Train
3524,2025-02-01,P015,2.1938154697418213,LSTM,Prediction,Train
3525,2025-02-02,P015,2.192124843597412,LSTM,Prediction,Train
3526,2025-02-03,P015,2.2005910873413086,LSTM,Prediction,Train
3527,2025-02-04,P015,2.19319748878479,LSTM,Prediction,Train
3528,2025-02-05,P015,2.207082271575928,LSTM,Prediction,Train
3529,2025-02-06,P015,2.191709280014038,LSTM,Prediction,Train
3530,2025-02-07,P015,2.1978471279144287,LSTM,Prediction,Train
3531,2025-02-08,P015,2.1982452869415283,LSTM,Prediction,Train
3532,2025-02-09,P015,2.204277753829956,LSTM,Prediction,Train
3533,2025-02-10,P015,2.2061047554016118,LSTM,Prediction,Train
3534,2025-02-11,P015,2.195265293121338,LSTM,Prediction,Train
3535,2025-02-12,P015,2.196744918823242,LSTM,Prediction,Train
3536,2025-02-13,P015,2.206599712371826,LSTM,Prediction,Train
3537,2025-02-14,P015,2.191434383392334,LSTM,Prediction,Train
3538,2025-02-15,P015,2.1907880306243896,LSTM,Prediction,Train
3539,2025-02-16,P015,2.190293788909912,LSTM,Prediction,Train
3540,2025-02-17,P015,2.203460454940796,LSTM,Prediction,Train
3541,2025-02-18,P015,2.203045606613159,LSTM,Prediction,Train
3542,2025-02-19,P015,2.1961636543273926,LSTM,Prediction,Train
3543,2025-02-20,P015,2.197396755218506,LSTM,Prediction,Train
3544,2025-02-21,P015,2.197373390197754,LSTM,Prediction,Train
3545,2025-02-22,P015,2.193877935409546,LSTM,Prediction,Train
3546,2025-02-23,P015,2.197450637817383,LSTM,Prediction,Train
3547,2025-02-24,P015,2.209334135055542,LSTM,Prediction,Train
3548,2025-02-25,P015,2.196004629135132,LSTM,Prediction,Train
3549,2025-02-26,P015,2.1975622177124023,LSTM,Prediction,Train
3550,2025-02-27,P015,2.202987670898437,LSTM,Prediction,Train
3551,2025-02-28,P015,2.1987555027008057,LSTM,Prediction,Train
3552,2025-03-01,P015,2.1955442428588867,LSTM,Prediction,Train
3553,2025-03-02,P015,2.204282522201538,LSTM,Prediction,Train
3554,2025-03-03,P015,2.200674772262573,LSTM,Prediction,Train
3555,2025-03-04,P015,2.199645519256592,LSTM,Prediction,Train
3556,2025-03-05,P015,2.199282169342041,LSTM,Prediction,Train
3557,2025-03-06,P015,2.199577808380127,LSTM,Prediction,Train
3558,2025-03-07,P015,2.1943318843841557,LSTM,Prediction,Train
3559,2025-03-08,P015,2.208038330078125,LSTM,Prediction,Train
3560,2025-03-09,P015,2.216547966003418,LSTM,Prediction,Train
3561,2025-03-10,P015,2.201390504837036,LSTM,Prediction,Train
3562,2025-03-11,P015,2.202522993087769,LSTM,Prediction,Train
3563,2025-03-12,P015,2.191248893737793,LSTM,Prediction,Train
3564,2025-03-13,P015,2.2108843326568604,LSTM,Prediction,Train
3565,2025-03-14,P015,2.2020280361175537,LSTM,Prediction,Train
3566,2025-03-15,P015,2.194312334060669,LSTM,Prediction,Train
3567,2025-03-16,P015,2.1938416957855225,LSTM,Prediction,Train
3568,2025-03-17,P015,2.198650598526001,LSTM,Prediction,Train
3569,2025-03-18,P015,2.205504894256592,LSTM,Prediction,Train
3570,2025-03-19,P015,2.1871867179870605,LSTM,Prediction,Train
3571,2025-03-20,P015,2.193725824356079,LSTM,Prediction,Train
3572,2025-03-21,P015,2.1894330978393555,LSTM,Prediction,Train
3573,2025-03-22,P015,2.2087860107421875,LSTM,Prediction,Train
3574,2025-03-23,P015,2.1987948417663574,LSTM,Prediction,Train
3575,2025-03-24,P015,2.20071029663086,LSTM,Prediction,Train
3576,2025-03-25,P015,2.199369192123413,LSTM,Prediction,Train
3577,2025-03-26,P015,2.198485851287842,LSTM,Prediction,Train
3578,2025-03-27,P015,2.203134059906006,LSTM,Prediction,Train
3579,2025-03-28,P015,2.200445890426636,LSTM,Prediction,Train
3580,2025-03-29,P015,2.1924173831939697,LSTM,Prediction,Train
3581,2025-03-30,P015,2.2001595497131348,LSTM,Prediction,Train
3582,2025-03-31,P015,2.186663866043091,LSTM,Prediction,Train
3583,2025-04-01,P015,2.19795036315918,LSTM,Prediction,Train
3584,2025-04-02,P015,2.201425790786743,LSTM,Prediction,Train
3585,2025-04-03,P015,2.1970372200012207,LSTM,Prediction,Train
3586,2025-04-04,P015,2.1991288661956787,LSTM,Prediction,Train
3587,2025-04-05,P015,2.2137038707733154,LSTM,Prediction,Train
3588,2025-04-06,P015,2.200495958328247,LSTM,Prediction,Train
3589,2025-04-07,P015,2.195690631866455,LSTM,Prediction,Train
3590,2025-04-08,P015,2.201263904571533,LSTM,Prediction,Train
3591,2025-04-09,P015,2.197473764419556,LSTM,Prediction,Train
3592,2025-04-10,P015,2.2071533203125,LSTM,Prediction,Train
3593,2025-04-11,P015,2.193751573562622,LSTM,Prediction,Train
3594,2025-04-12,P015,2.186300277709961,LSTM,Prediction,Train
3595,2025-04-13,P015,2.196070909500122,LSTM,Prediction,Train
3596,2025-04-14,P015,2.2029600143432617,LSTM,Prediction,Train
3597,2025-04-15,P015,2.2000129222869877,LSTM,Prediction,Train
3598,2025-04-16,P015,2.197105884552002,LSTM,Prediction,Train
3599,2025-04-17,P015,2.2092347145080566,LSTM,Prediction,Train
3600,2025-04-18,P015,2.2057716846466064,LSTM,Prediction,Train
3601,2025-04-19,P015,2.194207191467285,LSTM,Prediction,Train
3602,2025-04-20,P015,2.19875168800354,LSTM,Prediction,Train
3603,2025-04-21,P015,2.194927215576172,LSTM,Prediction,Train
3604,2025-04-22,P015,2.2002079486846924,LSTM,Prediction,Train
3605,2025-04-23,P015,2.201831340789795,LSTM,Prediction,Train
3606,2025-04-24,P015,2.196847438812256,LSTM,Prediction,Train
3607,2025-04-25,P015,2.2082362174987797,LSTM,Prediction,Train
3608,2025-04-26,P015,2.1923751831054688,LSTM,Prediction,Train
3609,2025-04-27,P015,2.203777551651001,LSTM,Prediction,Train
3610,2025-04-28,P015,2.1959803104400635,LSTM,Prediction,Train
3611,2025-04-29,P015,2.2046213150024414,LSTM,Prediction,Train
3612,2025-04-30,P015,2.1935715675354004,LSTM,Prediction,Train
3613,2025-05-01,P015,2.203303813934326,LSTM,Prediction,Train
3614,2025-05-02,P015,2.2022013664245605,LSTM,Prediction,Train
3615,2025-05-03,P015,2.203286409378052,LSTM,Prediction,Train
3616,2025-05-04,P015,2.2072577476501465,LSTM,Prediction,Train
3617,2025-05-05,P015,2.195591449737549,LSTM,Prediction,Train
3618,2025-05-06,P015,2.1983556747436523,LSTM,Prediction,Train
3619,2025-05-07,P015,2.196403741836548,LSTM,Prediction,Train
3620,2025-05-08,P015,2.201498746871948,LSTM,Prediction,Train
3621,2025-05-09,P015,2.194293975830078,LSTM,Prediction,Train
3622,2025-05-10,P015,2.1889162063598637,LSTM,Prediction,Train
3623,2025-05-11,P015,2.2010953426361084,LSTM,Prediction,Train
3624,2025-05-12,P015,2.198572397232056,LSTM,Prediction,Train
3625,2025-05-13,P015,2.19513201713562,LSTM,Prediction,Train
3626,2025-05-14,P015,2.1903445720672607,LSTM,Prediction,Train
3627,2025-05-15,P015,2.200423002243042,LSTM,Prediction,Train
3628,2025-05-16,P015,2.1981968879699707,LSTM,Prediction,Train
3629,2025-05-17,P015,2.200155735015869,LSTM,Prediction,Train
3630,2025-05-18,P015,2.2034952640533447,LSTM,Prediction,Train
3631,2025-05-19,P015,2.1972663402557373,LSTM,Prediction,Train
3632,2025-05-20,P015,2.207763671875,LSTM,Prediction,Train
3633,2025-05-21,P015,2.201355218887329,LSTM,Prediction,Train
3634,2025-05-22,P015,2.193617582321167,LSTM,Prediction,Train
3635,2025-05-23,P015,2.202059268951416,LSTM,Prediction,Train
3636,2025-05-24,P015,2.1815707683563232,LSTM,Prediction,Train
3637,2025-05-25,P015,2.197528839111328,LSTM,Prediction,Train
3638,2025-05-26,P015,2.201436281204224,LSTM,Prediction,Train
3639,2025-05-27,P015,2.194596290588379,LSTM,Prediction,Train
3640,2025-05-28,P015,2.19781756401062,LSTM,Prediction,Train
3641,2025-05-29,P015,2.1913013458251958,LSTM,Prediction,Train
3642,2025-05-30,P015,2.191880464553833,LSTM,Prediction,Train
3643,2025-05-31,P015,2.199625968933105,LSTM,Prediction,Train
3644,2025-06-01,P015,2.202275037765503,LSTM,Prediction,Train
3645,2025-06-02,P015,2.2015187740325928,LSTM,Prediction,Train
3646,2025-06-03,P015,2.1895751953125,LSTM,Prediction,Train
3647,2025-06-04,P015,2.1964588165283203,LSTM,Prediction,Train
3648,2025-06-05,P015,2.202944755554199,LSTM,Prediction,Train
3649,2025-06-06,P015,2.2066845893859863,LSTM,Prediction,Train
3650,2025-06-07,P015,2.197232723236084,LSTM,Prediction,Train
3651,2025-06-08,P015,2.20224928855896,LSTM,Prediction,Train
3652,2025-06-09,P015,2.1997342109680176,LSTM,Prediction,Train
3653,2025-06-10,P015,2.196351289749145,LSTM,Prediction,Train
3654,2025-06-11,P015,2.1925766468048096,LSTM,Prediction,Train
3655,2025-06-12,P015,2.2005484104156494,LSTM,Prediction,Train
3656,2025-06-13,P015,2.1896872520446777,LSTM,Prediction,Train
3657,2025-06-14,P015,2.1917335987091064,LSTM,Prediction,Train
3658,2025-06-15,P015,2.19675087928772,LSTM,Prediction,Train
3659,2025-06-16,P015,2.200352430343628,LSTM,Prediction,Train
3660,2025-06-17,P015,2.1954550743103027,LSTM,Prediction,Train
3661,2025-06-18,P015,2.1966681480407715,LSTM,Prediction,Train
3662,2025-06-19,P015,2.203511953353882,LSTM,Prediction,Train
3663,2025-06-20,P015,2.200563669204712,LSTM,Prediction,Train
3664,2025-06-21,P015,2.1946730613708496,LSTM,Prediction,Train
3665,2025-06-22,P015,2.2062928676605225,LSTM,Prediction,Train
3666,2025-06-23,P015,2.2001442909240723,LSTM,Prediction,Train
3667,2025-06-24,P015,2.1924383640289307,LSTM,Prediction,Train
3668,2025-06-25,P015,2.191498041152954,LSTM,Prediction,Train
3669,2025-06-26,P015,2.194400787353516,LSTM,Prediction,Train
3670,2025-06-27,P015,2.197063684463501,LSTM,Prediction,Train
3671,2025-06-28,P015,2.213408946990967,LSTM,Prediction,Train
3672,2025-06-29,P015,2.193117141723633,LSTM,Prediction,Train
3673,2025-06-30,P015,2.202586889266968,LSTM,Prediction,Train
3674,2025-07-01,P015,2.2003493309021,LSTM,Prediction,Train
3675,2025-07-02,P015,2.196110725402832,LSTM,Prediction,Train
3676,2025-07-03,P015,2.200237512588501,LSTM,Prediction,Train
3677,2025-07-04,P015,2.200401782989502,LSTM,Prediction,Train
3678,2025-07-05,P015,2.1973257064819336,LSTM,Prediction,Train
3679,2025-07-06,P015,2.1952359676361084,LSTM,Prediction,Train
3680,2025-07-07,P015,2.1958117485046387,LSTM,Prediction,Train
3681,2025-07-08,P015,2.196772336959839,LSTM,Prediction,Train
3682,2025-07-09,P015,2.20029878616333,LSTM,Prediction,Train
3683,2025-07-10,P015,2.198087692260742,LSTM,Prediction,Train
3684,2025-07-11,P015,2.1973860263824463,LSTM,Prediction,Train
3685,2025-07-12,P015,2.197371482849121,LSTM,Prediction,Train
3686,2025-07-13,P015,2.195331573486328,LSTM,Prediction,Train
3687,2025-07-14,P015,2.200516700744629,LSTM,Prediction,Train
3688,2025-07-15,P015,2.2024641036987305,LSTM,Prediction,Train
3689,2025-07-16,P015,2.191166400909424,LSTM,Prediction,Train
3690,2025-07-17,P015,2.20499849319458,LSTM,Prediction,Train
3691,2025-07-18,P015,2.1962969303131104,LSTM,Prediction,Train
3692,2025-07-19,P015,2.2073404788970947,LSTM,Prediction,Train
3693,2025-07-20,P015,2.199829339981079,LSTM,Prediction,Train
3694,2025-07-21,P015,2.197462797164917,LSTM,Prediction,Train
3695,2025-07-22,P015,2.2025787830352783,LSTM,Prediction,Train
3696,2025-07-23,P015,2.199115037918091,LSTM,Prediction,Train
3697,2025-07-24,P015,2.200498104095459,LSTM,Prediction,Train
3698,2025-07-25,P015,2.204401731491089,LSTM,Prediction,Train
3699,2025-07-26,P015,2.197876453399658,LSTM,Prediction,Train
3700,2025-07-27,P015,2.19476318359375,LSTM,Prediction,Train
3701,2025-07-28,P015,2.1928157806396484,LSTM,Prediction,Train
3702,2025-07-29,P015,2.1906137466430664,LSTM,Prediction,Train
3703,2025-07-30,P015,2.200757503509521,LSTM,Prediction,Train
3704,2025-07-31,P015,2.203493118286133,LSTM,Prediction,Train
3705,2025-08-01,P015,2.194020986557007,LSTM,Prediction,Train
3706,2025-08-02,P015,2.2017509937286377,LSTM,Prediction,Train
3707,2025-08-03,P015,2.2123382091522217,LSTM,Prediction,Train
3708,2025-08-04,P015,2.2054567337036133,LSTM,Prediction,Train
3709,2025-08-05,P015,2.198258876800537,LSTM,Prediction,Train
3710,2025-08-06,P015,2.1988704204559326,LSTM,Prediction,Train
3711,2025-08-07,P015,2.2034752368927,LSTM,Prediction,Train
3712,2025-08-08,P015,2.202500820159912,LSTM,Prediction,Train
3713,2025-08-09,P015,2.190465450286865,LSTM,Prediction,Train
3714,2025-08-10,P015,2.1919145584106445,LSTM,Prediction,Train
3715,2025-08-11,P015,2.202791213989258,LSTM,Prediction,Train
3716,2025-08-12,P015,2.201723098754883,LSTM,Prediction,Train
3717,2025-08-13,P015,2.19805645942688,LSTM,Prediction,Train
3718,2025-08-14,P015,2.196583747863769,LSTM,Prediction,Train
3719,2025-08-15,P015,2.1946401596069336,LSTM,Prediction,Train
3720,2025-08-16,P015,2.203838586807251,LSTM,Prediction,Train
3721,2025-08-17,P015,2.19942569732666,LSTM,Prediction,Train
3722,2025-08-18,P015,2.192610502243042,LSTM,Prediction,Train
3723,2025-08-19,P015,2.2128279209136963,LSTM,Prediction,Train
3724,2025-08-20,P015,2.198249101638794,LSTM,Prediction,Train
3725,2025-08-21,P015,2.198896884918213,LSTM,Prediction,Train
3726,2025-08-22,P015,2.1954245567321777,LSTM,Prediction,Train
3727,2025-08-23,P015,2.1995742321014404,LSTM,Prediction,Train
3728,2025-08-24,P015,2.1959545612335205,LSTM,Prediction,Train
3729,2025-08-25,P015,2.1948940753936768,LSTM,Prediction,Train
3730,2025-08-26,P015,2.1890769004821777,LSTM,Prediction,Train
3731,2025-08-27,P015,2.192307949066162,LSTM,Prediction,Train
3732,2025-08-28,P015,2.198478937149048,LSTM,Prediction,Train
3733,2025-08-29,P015,2.1779654026031494,LSTM,Prediction,Train
3734,2025-08-30,P015,2.199847936630249,LSTM,Prediction,Train
3735,2025-08-31,P015,2.197260618209839,LSTM,Prediction,Train
3736,2025-09-01,P015,2.1996512413024902,LSTM,Prediction,Train
3737,2025-09-02,P015,2.2008585929870605,LSTM,Prediction,Train
3738,2025-09-03,P015,2.199603796005249,LSTM,Prediction,Train
3739,2025-09-04,P015,2.193867444992065,LSTM,Prediction,Train
3740,2025-09-05,P015,2.198720216751098,LSTM,Prediction,Train
3741,2025-09-06,P015,2.197359085083008,LSTM,Prediction,Train
3742,2025-09-07,P015,2.1949284076690674,LSTM,Prediction,Train
3743,2025-09-08,P015,2.1889429092407227,LSTM,Prediction,Train
3744,2025-09-09,P015,2.21288800239563,LSTM,Prediction,Train
3745,2025-09-10,P015,2.2008445262908936,LSTM,Prediction,Train
3746,2025-09-11,P015,2.198753118515014,LSTM,Prediction,Train
3747,2025-09-12,P015,2.204752206802368,LSTM,Prediction,Train
3748,2025-09-13,P015,2.197305917739868,LSTM,Prediction,Train
3749,2025-09-14,P015,2.193392515182495,LSTM,Prediction,Train
3750,2025-01-08,P016,1.982856273651123,LSTM,Prediction,Train
3751,2025-01-09,P016,1.97552490234375,LSTM,Prediction,Train
3752,2025-01-10,P016,1.98291015625,LSTM,Prediction,Train
3753,2025-01-11,P016,1.9672716856002808,LSTM,Prediction,Train
3754,2025-01-12,P016,1.976900815963745,LSTM,Prediction,Train
3755,2025-01-13,P016,1.9731693267822263,LSTM,Prediction,Train
3756,2025-01-14,P016,1.9778704643249512,LSTM,Prediction,Train
3757,2025-01-15,P016,1.97328782081604,LSTM,Prediction,Train
3758,2025-01-16,P016,1.9730005264282229,LSTM,Prediction,Train
3759,2025-01-17,P016,1.972054481506348,LSTM,Prediction,Train
3760,2025-01-18,P016,1.9793131351470947,LSTM,Prediction,Train
3761,2025-01-19,P016,1.9739031791687007,LSTM,Prediction,Train
3762,2025-01-20,P016,1.9812350273132324,LSTM,Prediction,Train
3763,2025-01-21,P016,1.9786288738250728,LSTM,Prediction,Train
3764,2025-01-22,P016,1.971399545669556,LSTM,Prediction,Train
3765,2025-01-23,P016,1.9748589992523196,LSTM,Prediction,Train
3766,2025-01-24,P016,1.974841594696045,LSTM,Prediction,Train
3767,2025-01-25,P016,1.975148677825928,LSTM,Prediction,Train
3768,2025-01-26,P016,1.983346462249756,LSTM,Prediction,Train
3769,2025-01-27,P016,1.9858503341674805,LSTM,Prediction,Train
3770,2025-01-28,P016,1.976569890975952,LSTM,Prediction,Train
3771,2025-01-29,P016,1.9914946556091309,LSTM,Prediction,Train
3772,2025-01-30,P016,1.9786767959594729,LSTM,Prediction,Train
3773,2025-01-31,P016,1.970686197280884,LSTM,Prediction,Train
3774,2025-02-01,P016,1.9776570796966555,LSTM,Prediction,Train
3775,2025-02-02,P016,1.971435308456421,LSTM,Prediction,Train
3776,2025-02-03,P016,1.9763691425323489,LSTM,Prediction,Train
3777,2025-02-04,P016,1.9724009037017824,LSTM,Prediction,Train
3778,2025-02-05,P016,1.986270904541016,LSTM,Prediction,Train
3779,2025-02-06,P016,1.9790210723876955,LSTM,Prediction,Train
3780,2025-02-07,P016,1.9780735969543457,LSTM,Prediction,Train
3781,2025-02-08,P016,1.9743995666503904,LSTM,Prediction,Train
3782,2025-02-09,P016,1.9865376949310305,LSTM,Prediction,Train
3783,2025-02-10,P016,1.9937846660614011,LSTM,Prediction,Train
3784,2025-02-11,P016,1.9724462032318115,LSTM,Prediction,Train
3785,2025-02-12,P016,1.9752180576324463,LSTM,Prediction,Train
3786,2025-02-13,P016,1.9837195873260496,LSTM,Prediction,Train
3787,2025-02-14,P016,1.969789266586304,LSTM,Prediction,Train
3788,2025-02-15,P016,1.96895968914032,LSTM,Prediction,Train
3789,2025-02-16,P016,1.968153953552246,LSTM,Prediction,Train
3790,2025-02-17,P016,1.982207536697388,LSTM,Prediction,Train
3791,2025-02-18,P016,1.9783406257629397,LSTM,Prediction,Train
3792,2025-02-19,P016,1.9754159450531008,LSTM,Prediction,Train
3793,2025-02-20,P016,1.974973440170288,LSTM,Prediction,Train
3794,2025-02-21,P016,1.9780478477478027,LSTM,Prediction,Train
3795,2025-02-22,P016,1.9754040241241453,LSTM,Prediction,Train
3796,2025-02-23,P016,1.974168300628662,LSTM,Prediction,Train
3797,2025-02-24,P016,1.9925861358642576,LSTM,Prediction,Train
3798,2025-02-25,P016,1.9732551574707031,LSTM,Prediction,Train
3799,2025-02-26,P016,1.9751994609832764,LSTM,Prediction,Train
3800,2025-02-27,P016,1.989358901977539,LSTM,Prediction,Train
3801,2025-02-28,P016,1.9765472412109373,LSTM,Prediction,Train
3802,2025-03-01,P016,1.972107410430908,LSTM,Prediction,Train
3803,2025-03-02,P016,1.981372356414795,LSTM,Prediction,Train
3804,2025-03-03,P016,1.973546028137207,LSTM,Prediction,Train
3805,2025-03-04,P016,1.97729754447937,LSTM,Prediction,Train
3806,2025-03-05,P016,1.9773294925689695,LSTM,Prediction,Train
3807,2025-03-06,P016,1.977890491485596,LSTM,Prediction,Train
3808,2025-03-07,P016,1.9710516929626465,LSTM,Prediction,Train
3809,2025-03-08,P016,1.9922785758972168,LSTM,Prediction,Train
3810,2025-03-09,P016,1.9910707473754885,LSTM,Prediction,Train
3811,2025-03-10,P016,1.977601766586304,LSTM,Prediction,Train
3812,2025-03-11,P016,1.984601974487305,LSTM,Prediction,Train
3813,2025-03-12,P016,1.9690852165222168,LSTM,Prediction,Train
3814,2025-03-13,P016,1.98026704788208,LSTM,Prediction,Train
3815,2025-03-14,P016,1.979759931564331,LSTM,Prediction,Train
3816,2025-03-15,P016,1.9730048179626465,LSTM,Prediction,Train
3817,2025-03-16,P016,1.9718921184539795,LSTM,Prediction,Train
3818,2025-03-17,P016,1.9768009185791016,LSTM,Prediction,Train
3819,2025-03-18,P016,1.9869067668914795,LSTM,Prediction,Train
3820,2025-03-19,P016,1.966510772705078,LSTM,Prediction,Train
3821,2025-03-20,P016,1.9752593040466309,LSTM,Prediction,Train
3822,2025-03-21,P016,1.9712867736816408,LSTM,Prediction,Train
3823,2025-03-22,P016,1.987757921218872,LSTM,Prediction,Train
3824,2025-03-23,P016,1.9839117527008057,LSTM,Prediction,Train
3825,2025-03-24,P016,1.977394819259644,LSTM,Prediction,Train
3826,2025-03-25,P016,1.9757227897644043,LSTM,Prediction,Train
3827,2025-03-26,P016,1.9762053489685056,LSTM,Prediction,Train
3828,2025-03-27,P016,1.9831297397613523,LSTM,Prediction,Train
3829,2025-03-28,P016,1.982221603393555,LSTM,Prediction,Train
3830,2025-03-29,P016,1.974156379699707,LSTM,Prediction,Train
3831,2025-03-30,P016,1.975960731506348,LSTM,Prediction,Train
3832,2025-03-31,P016,1.965516805648804,LSTM,Prediction,Train
3833,2025-04-01,P016,1.972806453704834,LSTM,Prediction,Train
3834,2025-04-02,P016,1.97869610786438,LSTM,Prediction,Train
3835,2025-04-03,P016,1.9802725315093996,LSTM,Prediction,Train
3836,2025-04-04,P016,1.9761693477630613,LSTM,Prediction,Train
3837,2025-04-05,P016,1.992354154586792,LSTM,Prediction,Train
3838,2025-04-06,P016,1.9735093116760252,LSTM,Prediction,Train
3839,2025-04-07,P016,1.975963830947876,LSTM,Prediction,Train
3840,2025-04-08,P016,1.977987289428711,LSTM,Prediction,Train
3841,2025-04-09,P016,1.9781410694122317,LSTM,Prediction,Train
3842,2025-04-10,P016,1.9851481914520264,LSTM,Prediction,Train
3843,2025-04-11,P016,1.9707176685333248,LSTM,Prediction,Train
3844,2025-04-12,P016,1.9654300212860107,LSTM,Prediction,Train
3845,2025-04-13,P016,1.974637985229492,LSTM,Prediction,Train
3846,2025-04-14,P016,1.979921579360962,LSTM,Prediction,Train
3847,2025-04-15,P016,1.9809277057647705,LSTM,Prediction,Train
3848,2025-04-16,P016,1.9768075942993164,LSTM,Prediction,Train
3849,2025-04-17,P016,1.987422466278076,LSTM,Prediction,Train
3850,2025-04-18,P016,1.979898452758789,LSTM,Prediction,Train
3851,2025-04-19,P016,1.9744625091552732,LSTM,Prediction,Train
3852,2025-04-20,P016,1.9832332134246824,LSTM,Prediction,Train
3853,2025-04-21,P016,1.968882203102112,LSTM,Prediction,Train
3854,2025-04-22,P016,1.9790096282958984,LSTM,Prediction,Train
3855,2025-04-23,P016,1.9752628803253172,LSTM,Prediction,Train
3856,2025-04-24,P016,1.975691080093384,LSTM,Prediction,Train
3857,2025-04-25,P016,1.98762845993042,LSTM,Prediction,Train
3858,2025-04-26,P016,1.972463846206665,LSTM,Prediction,Train
3859,2025-04-27,P016,1.978640079498291,LSTM,Prediction,Train
3860,2025-04-28,P016,1.9796650409698489,LSTM,Prediction,Train
3861,2025-04-29,P016,1.987841844558716,LSTM,Prediction,Train
3862,2025-04-30,P016,1.975786209106445,LSTM,Prediction,Train
3863,2025-05-01,P016,1.9808659553527832,LSTM,Prediction,Train
3864,2025-05-02,P016,1.9757089614868164,LSTM,Prediction,Train
3865,2025-05-03,P016,1.9820516109466555,LSTM,Prediction,Train
3866,2025-05-04,P016,1.985973596572876,LSTM,Prediction,Train
3867,2025-05-05,P016,1.9741034507751465,LSTM,Prediction,Train
3868,2025-05-06,P016,1.9746546745300293,LSTM,Prediction,Train
3869,2025-05-07,P016,1.975832223892212,LSTM,Prediction,Train
3870,2025-05-08,P016,1.9766087532043457,LSTM,Prediction,Train
3871,2025-05-09,P016,1.9749443531036377,LSTM,Prediction,Train
3872,2025-05-10,P016,1.967956304550171,LSTM,Prediction,Train
3873,2025-05-11,P016,1.979318141937256,LSTM,Prediction,Train
3874,2025-05-12,P016,1.9752118587493896,LSTM,Prediction,Train
3875,2025-05-13,P016,1.9714646339416504,LSTM,Prediction,Train
3876,2025-05-14,P016,1.969698667526245,LSTM,Prediction,Train
3877,2025-05-15,P016,1.9741876125335691,LSTM,Prediction,Train
3878,2025-05-16,P016,1.9839966297149656,LSTM,Prediction,Train
3879,2025-05-17,P016,1.982982873916626,LSTM,Prediction,Train
3880,2025-05-18,P016,1.9809060096740725,LSTM,Prediction,Train
3881,2025-05-19,P016,1.974374532699585,LSTM,Prediction,Train
3882,2025-05-20,P016,1.9825496673583984,LSTM,Prediction,Train
3883,2025-05-21,P016,1.9803149700164795,LSTM,Prediction,Train
3884,2025-05-22,P016,1.9732260704040527,LSTM,Prediction,Train
3885,2025-05-23,P016,1.9798989295959477,LSTM,Prediction,Train
3886,2025-05-24,P016,1.9633755683898928,LSTM,Prediction,Train
3887,2025-05-25,P016,1.9759035110473635,LSTM,Prediction,Train
3888,2025-05-26,P016,1.976921796798706,LSTM,Prediction,Train
3889,2025-05-27,P016,1.9717791080474851,LSTM,Prediction,Train
3890,2025-05-28,P016,1.9739868640899656,LSTM,Prediction,Train
3891,2025-05-29,P016,1.9787392616271973,LSTM,Prediction,Train
3892,2025-05-30,P016,1.9739556312561035,LSTM,Prediction,Train
3893,2025-05-31,P016,1.977468013763428,LSTM,Prediction,Train
3894,2025-06-01,P016,1.977442502975464,LSTM,Prediction,Train
3895,2025-06-02,P016,1.977496862411499,LSTM,Prediction,Train
3896,2025-06-03,P016,1.968953251838684,LSTM,Prediction,Train
3897,2025-06-04,P016,1.9762921333312988,LSTM,Prediction,Train
3898,2025-06-05,P016,1.982781171798706,LSTM,Prediction,Train
3899,2025-06-06,P016,1.9882166385650637,LSTM,Prediction,Train
3900,2025-06-07,P016,1.9770262241363523,LSTM,Prediction,Train
3901,2025-06-08,P016,1.978443384170532,LSTM,Prediction,Train
3902,2025-06-09,P016,1.9769179821014404,LSTM,Prediction,Train
3903,2025-06-10,P016,1.9751513004302976,LSTM,Prediction,Train
3904,2025-06-11,P016,1.9731178283691408,LSTM,Prediction,Train
3905,2025-06-12,P016,1.981480598449707,LSTM,Prediction,Train
3906,2025-06-13,P016,1.9694470167160036,LSTM,Prediction,Train
3907,2025-06-14,P016,1.972508192062378,LSTM,Prediction,Train
3908,2025-06-15,P016,1.9746792316436768,LSTM,Prediction,Train
3909,2025-06-16,P016,1.976682424545288,LSTM,Prediction,Train
3910,2025-06-17,P016,1.9759387969970703,LSTM,Prediction,Train
3911,2025-06-18,P016,1.972306728363037,LSTM,Prediction,Train
3912,2025-06-19,P016,1.9815936088562007,LSTM,Prediction,Train
3913,2025-06-20,P016,1.9763848781585691,LSTM,Prediction,Train
3914,2025-06-21,P016,1.973056077957153,LSTM,Prediction,Train
3915,2025-06-22,P016,1.9804449081420896,LSTM,Prediction,Train
3916,2025-06-23,P016,1.9773967266082764,LSTM,Prediction,Train
3917,2025-06-24,P016,1.9701918363571167,LSTM,Prediction,Train
3918,2025-06-25,P016,1.968062281608581,LSTM,Prediction,Train
3919,2025-06-26,P016,1.974543571472168,LSTM,Prediction,Train
3920,2025-06-27,P016,1.979053258895874,LSTM,Prediction,Train
3921,2025-06-28,P016,1.9902207851409912,LSTM,Prediction,Train
3922,2025-06-29,P016,1.9741716384887693,LSTM,Prediction,Train
3923,2025-06-30,P016,1.980907201766968,LSTM,Prediction,Train
3924,2025-07-01,P016,1.9768197536468504,LSTM,Prediction,Train
3925,2025-07-02,P016,1.97444486618042,LSTM,Prediction,Train
3926,2025-07-03,P016,1.9820935726165767,LSTM,Prediction,Train
3927,2025-07-04,P016,1.979010343551636,LSTM,Prediction,Train
3928,2025-07-05,P016,1.973266839981079,LSTM,Prediction,Train
3929,2025-07-06,P016,1.971679925918579,LSTM,Prediction,Train
3930,2025-07-07,P016,1.9806718826293943,LSTM,Prediction,Train
3931,2025-07-08,P016,1.984719038009644,LSTM,Prediction,Train
3932,2025-07-09,P016,1.9758543968200684,LSTM,Prediction,Train
3933,2025-07-10,P016,1.9773142337799072,LSTM,Prediction,Train
3934,2025-07-11,P016,1.9749970436096191,LSTM,Prediction,Train
3935,2025-07-12,P016,1.973829984664917,LSTM,Prediction,Train
3936,2025-07-13,P016,1.9754064083099363,LSTM,Prediction,Train
3937,2025-07-14,P016,1.9789559841156008,LSTM,Prediction,Train
3938,2025-07-15,P016,1.9777486324310305,LSTM,Prediction,Train
3939,2025-07-16,P016,1.9714293479919436,LSTM,Prediction,Train
3940,2025-07-17,P016,1.98317289352417,LSTM,Prediction,Train
3941,2025-07-18,P016,1.9757835865020752,LSTM,Prediction,Train
3942,2025-07-19,P016,1.986753225326538,LSTM,Prediction,Train
3943,2025-07-20,P016,1.9801898002624512,LSTM,Prediction,Train
3944,2025-07-21,P016,1.9794557094573972,LSTM,Prediction,Train
3945,2025-07-22,P016,1.9828569889068604,LSTM,Prediction,Train
3946,2025-07-23,P016,1.9759557247161863,LSTM,Prediction,Train
3947,2025-07-24,P016,1.9803495407104488,LSTM,Prediction,Train
3948,2025-07-25,P016,1.9848127365112305,LSTM,Prediction,Train
3949,2025-07-26,P016,1.975778102874756,LSTM,Prediction,Train
3950,2025-07-27,P016,1.9724555015563965,LSTM,Prediction,Train
3951,2025-07-28,P016,1.969764709472656,LSTM,Prediction,Train
3952,2025-07-29,P016,1.9696004390716555,LSTM,Prediction,Train
3953,2025-07-30,P016,1.977585792541504,LSTM,Prediction,Train
3954,2025-07-31,P016,1.9818692207336424,LSTM,Prediction,Train
3955,2025-08-01,P016,1.9721200466156008,LSTM,Prediction,Train
3956,2025-08-02,P016,1.9819722175598145,LSTM,Prediction,Train
3957,2025-08-03,P016,1.986927509307861,LSTM,Prediction,Train
3958,2025-08-04,P016,1.9872300624847408,LSTM,Prediction,Train
3959,2025-08-05,P016,1.9769995212554927,LSTM,Prediction,Train
3960,2025-08-06,P016,1.9746670722961424,LSTM,Prediction,Train
3961,2025-08-07,P016,1.9795522689819336,LSTM,Prediction,Train
3962,2025-08-08,P016,1.9849765300750728,LSTM,Prediction,Train
3963,2025-08-09,P016,1.9729080200195312,LSTM,Prediction,Train
3964,2025-08-10,P016,1.969916820526123,LSTM,Prediction,Train
3965,2025-08-11,P016,1.9797322750091555,LSTM,Prediction,Train
3966,2025-08-12,P016,1.9811325073242188,LSTM,Prediction,Train
3967,2025-08-13,P016,1.976146936416626,LSTM,Prediction,Train
3968,2025-08-14,P016,1.9749701023101809,LSTM,Prediction,Train
3969,2025-08-15,P016,1.9728193283081052,LSTM,Prediction,Train
3970,2025-08-16,P016,1.9863166809082031,LSTM,Prediction,Train
3971,2025-08-17,P016,1.9758684635162356,LSTM,Prediction,Train
3972,2025-08-18,P016,1.9728918075561523,LSTM,Prediction,Train
3973,2025-08-19,P016,1.990949630737305,LSTM,Prediction,Train
3974,2025-08-20,P016,1.9784932136535645,LSTM,Prediction,Train
3975,2025-08-21,P016,1.976367950439453,LSTM,Prediction,Train
3976,2025-08-22,P016,1.971651315689087,LSTM,Prediction,Train
3977,2025-08-23,P016,1.9783389568328855,LSTM,Prediction,Train
3978,2025-08-24,P016,1.9718101024627688,LSTM,Prediction,Train
3979,2025-08-25,P016,1.974590301513672,LSTM,Prediction,Train
3980,2025-08-26,P016,1.9700490236282349,LSTM,Prediction,Train
3981,2025-08-27,P016,1.9708194732666016,LSTM,Prediction,Train
3982,2025-08-28,P016,1.9756553173065183,LSTM,Prediction,Train
3983,2025-08-29,P016,1.9619749784469604,LSTM,Prediction,Train
3984,2025-08-30,P016,1.9775891304016116,LSTM,Prediction,Train
3985,2025-08-31,P016,1.9757678508758545,LSTM,Prediction,Train
3986,2025-09-01,P016,1.9776906967163088,LSTM,Prediction,Train
3987,2025-09-02,P016,1.9796130657196045,LSTM,Prediction,Train
3988,2025-09-03,P016,1.9760165214538572,LSTM,Prediction,Train
3989,2025-09-04,P016,1.977015733718872,LSTM,Prediction,Train
3990,2025-09-05,P016,1.9749960899353027,LSTM,Prediction,Train
3991,2025-09-06,P016,1.9740002155303955,LSTM,Prediction,Train
3992,2025-09-07,P016,1.9749631881713867,LSTM,Prediction,Train
3993,2025-09-08,P016,1.9739093780517576,LSTM,Prediction,Train
3994,2025-09-09,P016,1.9846034049987795,LSTM,Prediction,Train
3995,2025-09-10,P016,1.9784069061279297,LSTM,Prediction,Train
3996,2025-09-11,P016,1.976289749145508,LSTM,Prediction,Train
3997,2025-09-12,P016,1.982240915298462,LSTM,Prediction,Train
3998,2025-09-13,P016,1.975809097290039,LSTM,Prediction,Train
3999,2025-09-14,P016,1.9682247638702397,LSTM,Prediction,Train
4000,2025-01-08,P017,1.8989096879959104,LSTM,Prediction,Train
4001,2025-01-09,P017,1.8957611322402956,LSTM,Prediction,Train
4002,2025-01-10,P017,1.895041346549988,LSTM,Prediction,Train
4003,2025-01-11,P017,1.8892743587493896,LSTM,Prediction,Train
4004,2025-01-12,P017,1.8984054327011108,LSTM,Prediction,Train
4005,2025-01-13,P017,1.8965328931808472,LSTM,Prediction,Train
4006,2025-01-14,P017,1.8992040157318115,LSTM,Prediction,Train
4007,2025-01-15,P017,1.8963598012924197,LSTM,Prediction,Train
4008,2025-01-16,P017,1.89568829536438,LSTM,Prediction,Train
4009,2025-01-17,P017,1.8963030576705933,LSTM,Prediction,Train
4010,2025-01-18,P017,1.900394082069397,LSTM,Prediction,Train
4011,2025-01-19,P017,1.895921349525452,LSTM,Prediction,Train
4012,2025-01-20,P017,1.8957799673080444,LSTM,Prediction,Train
4013,2025-01-21,P017,1.8962808847427368,LSTM,Prediction,Train
4014,2025-01-22,P017,1.8920844793319704,LSTM,Prediction,Train
4015,2025-01-23,P017,1.8947397470474243,LSTM,Prediction,Train
4016,2025-01-24,P017,1.895936131477356,LSTM,Prediction,Train
4017,2025-01-25,P017,1.897688388824463,LSTM,Prediction,Train
4018,2025-01-26,P017,1.89827823638916,LSTM,Prediction,Train
4019,2025-01-27,P017,1.8973358869552608,LSTM,Prediction,Train
4020,2025-01-28,P017,1.898008942604065,LSTM,Prediction,Train
4021,2025-01-29,P017,1.903725504875183,LSTM,Prediction,Train
4022,2025-01-30,P017,1.8956376314163208,LSTM,Prediction,Train
4023,2025-01-31,P017,1.89334237575531,LSTM,Prediction,Train
4024,2025-02-01,P017,1.8933773040771484,LSTM,Prediction,Train
4025,2025-02-02,P017,1.89487099647522,LSTM,Prediction,Train
4026,2025-02-03,P017,1.897978663444519,LSTM,Prediction,Train
4027,2025-02-04,P017,1.895264267921448,LSTM,Prediction,Train
4028,2025-02-05,P017,1.8997256755828855,LSTM,Prediction,Train
4029,2025-02-06,P017,1.896810293197632,LSTM,Prediction,Train
4030,2025-02-07,P017,1.8966532945632932,LSTM,Prediction,Train
4031,2025-02-08,P017,1.8977376222610476,LSTM,Prediction,Train
4032,2025-02-09,P017,1.898261547088623,LSTM,Prediction,Train
4033,2025-02-10,P017,1.898345947265625,LSTM,Prediction,Train
4034,2025-02-11,P017,1.896164298057556,LSTM,Prediction,Train
4035,2025-02-12,P017,1.8965715169906616,LSTM,Prediction,Train
4036,2025-02-13,P017,1.901452898979187,LSTM,Prediction,Train
4037,2025-02-14,P017,1.8937721252441408,LSTM,Prediction,Train
4038,2025-02-15,P017,1.8907150030136108,LSTM,Prediction,Train
4039,2025-02-16,P017,1.892217993736267,LSTM,Prediction,Train
4040,2025-02-17,P017,1.9016687870025637,LSTM,Prediction,Train
4041,2025-02-18,P017,1.8989652395248413,LSTM,Prediction,Train
4042,2025-02-19,P017,1.8962403535842896,LSTM,Prediction,Train
4043,2025-02-20,P017,1.8975509405136108,LSTM,Prediction,Train
4044,2025-02-21,P017,1.8977047204971316,LSTM,Prediction,Train
4045,2025-02-22,P017,1.8936779499053955,LSTM,Prediction,Train
4046,2025-02-23,P017,1.896285891532898,LSTM,Prediction,Train
4047,2025-02-24,P017,1.9032872915267944,LSTM,Prediction,Train
4048,2025-02-25,P017,1.8976224660873413,LSTM,Prediction,Train
4049,2025-02-26,P017,1.897290825843811,LSTM,Prediction,Train
4050,2025-02-27,P017,1.897457718849182,LSTM,Prediction,Train
4051,2025-02-28,P017,1.8928142786026,LSTM,Prediction,Train
4052,2025-03-01,P017,1.895142912864685,LSTM,Prediction,Train
4053,2025-03-02,P017,1.8975318670272827,LSTM,Prediction,Train
4054,2025-03-03,P017,1.8982335329055784,LSTM,Prediction,Train
4055,2025-03-04,P017,1.8985730409622192,LSTM,Prediction,Train
4056,2025-03-05,P017,1.897894024848938,LSTM,Prediction,Train
4057,2025-03-06,P017,1.8953005075454712,LSTM,Prediction,Train
4058,2025-03-07,P017,1.8929327726364136,LSTM,Prediction,Train
4059,2025-03-08,P017,1.8988358974456787,LSTM,Prediction,Train
4060,2025-03-09,P017,1.9028462171554563,LSTM,Prediction,Train
4061,2025-03-10,P017,1.898013949394226,LSTM,Prediction,Train
4062,2025-03-11,P017,1.8993818759918213,LSTM,Prediction,Train
4063,2025-03-12,P017,1.8932386636734009,LSTM,Prediction,Train
4064,2025-03-13,P017,1.9030638933181765,LSTM,Prediction,Train
4065,2025-03-14,P017,1.9024449586868288,LSTM,Prediction,Train
4066,2025-03-15,P017,1.8965922594070437,LSTM,Prediction,Train
4067,2025-03-16,P017,1.894846081733704,LSTM,Prediction,Train
4068,2025-03-17,P017,1.89824640750885,LSTM,Prediction,Train
4069,2025-03-18,P017,1.9034050703048704,LSTM,Prediction,Train
4070,2025-03-19,P017,1.889252781867981,LSTM,Prediction,Train
4071,2025-03-20,P017,1.8986636400222776,LSTM,Prediction,Train
4072,2025-03-21,P017,1.892630696296692,LSTM,Prediction,Train
4073,2025-03-22,P017,1.903046011924744,LSTM,Prediction,Train
4074,2025-03-23,P017,1.8984647989273071,LSTM,Prediction,Train
4075,2025-03-24,P017,1.8963463306427,LSTM,Prediction,Train
4076,2025-03-25,P017,1.8971234560012815,LSTM,Prediction,Train
4077,2025-03-26,P017,1.897807478904724,LSTM,Prediction,Train
4078,2025-03-27,P017,1.8975274562835691,LSTM,Prediction,Train
4079,2025-03-28,P017,1.898850917816162,LSTM,Prediction,Train
4080,2025-03-29,P017,1.8968480825424197,LSTM,Prediction,Train
4081,2025-03-30,P017,1.9010233879089355,LSTM,Prediction,Train
4082,2025-03-31,P017,1.8877593278884888,LSTM,Prediction,Train
4083,2025-04-01,P017,1.894051194190979,LSTM,Prediction,Train
4084,2025-04-02,P017,1.8981753587722776,LSTM,Prediction,Train
4085,2025-04-03,P017,1.9043697118759155,LSTM,Prediction,Train
4086,2025-04-04,P017,1.8956228494644165,LSTM,Prediction,Train
4087,2025-04-05,P017,1.9025579690933228,LSTM,Prediction,Train
4088,2025-04-06,P017,1.896568298339844,LSTM,Prediction,Train
4089,2025-04-07,P017,1.895044207572937,LSTM,Prediction,Train
4090,2025-04-08,P017,1.898079752922058,LSTM,Prediction,Train
4091,2025-04-09,P017,1.8982986211776731,LSTM,Prediction,Train
4092,2025-04-10,P017,1.9001423120498655,LSTM,Prediction,Train
4093,2025-04-11,P017,1.8945978879928589,LSTM,Prediction,Train
4094,2025-04-12,P017,1.8911703824996948,LSTM,Prediction,Train
4095,2025-04-13,P017,1.8975807428359983,LSTM,Prediction,Train
4096,2025-04-14,P017,1.898361325263977,LSTM,Prediction,Train
4097,2025-04-15,P017,1.8962889909744265,LSTM,Prediction,Train
4098,2025-04-16,P017,1.8979588747024536,LSTM,Prediction,Train
4099,2025-04-17,P017,1.9000235795974727,LSTM,Prediction,Train
4100,2025-04-18,P017,1.8960191011428835,LSTM,Prediction,Train
4101,2025-04-19,P017,1.894718170166016,LSTM,Prediction,Train
4102,2025-04-20,P017,1.898250222206116,LSTM,Prediction,Train
4103,2025-04-21,P017,1.895074963569641,LSTM,Prediction,Train
4104,2025-04-22,P017,1.8981608152389529,LSTM,Prediction,Train
4105,2025-04-23,P017,1.8960813283920288,LSTM,Prediction,Train
4106,2025-04-24,P017,1.896007776260376,LSTM,Prediction,Train
4107,2025-04-25,P017,1.9010485410690308,LSTM,Prediction,Train
4108,2025-04-26,P017,1.898292064666748,LSTM,Prediction,Train
4109,2025-04-27,P017,1.8990107774734497,LSTM,Prediction,Train
4110,2025-04-28,P017,1.893483281135559,LSTM,Prediction,Train
4111,2025-04-29,P017,1.9012119770050049,LSTM,Prediction,Train
4112,2025-04-30,P017,1.8946454524993896,LSTM,Prediction,Train
4113,2025-05-01,P017,1.8962997198104856,LSTM,Prediction,Train
4114,2025-05-02,P017,1.8959203958511357,LSTM,Prediction,Train
4115,2025-05-03,P017,1.8986364603042605,LSTM,Prediction,Train
4116,2025-05-04,P017,1.896003007888794,LSTM,Prediction,Train
4117,2025-05-05,P017,1.8969991207122805,LSTM,Prediction,Train
4118,2025-05-06,P017,1.89655339717865,LSTM,Prediction,Train
4119,2025-05-07,P017,1.895918011665344,LSTM,Prediction,Train
4120,2025-05-08,P017,1.89436149597168,LSTM,Prediction,Train
4121,2025-05-09,P017,1.8964165449142456,LSTM,Prediction,Train
4122,2025-05-10,P017,1.8916786909103396,LSTM,Prediction,Train
4123,2025-05-11,P017,1.8989187479019165,LSTM,Prediction,Train
4124,2025-05-12,P017,1.8959251642227173,LSTM,Prediction,Train
4125,2025-05-13,P017,1.8948804140090945,LSTM,Prediction,Train
4126,2025-05-14,P017,1.8945119380950928,LSTM,Prediction,Train
4127,2025-05-15,P017,1.8983460664749143,LSTM,Prediction,Train
4128,2025-05-16,P017,1.8975123167037964,LSTM,Prediction,Train
4129,2025-05-17,P017,1.8952010869979856,LSTM,Prediction,Train
4130,2025-05-18,P017,1.8974378108978271,LSTM,Prediction,Train
4131,2025-05-19,P017,1.8953553438186648,LSTM,Prediction,Train
4132,2025-05-20,P017,1.8986908197402956,LSTM,Prediction,Train
4133,2025-05-21,P017,1.9036494493484497,LSTM,Prediction,Train
4134,2025-05-22,P017,1.8954685926437376,LSTM,Prediction,Train
4135,2025-05-23,P017,1.897739291191101,LSTM,Prediction,Train
4136,2025-05-24,P017,1.8890944719314573,LSTM,Prediction,Train
4137,2025-05-25,P017,1.897337794303894,LSTM,Prediction,Train
4138,2025-05-26,P017,1.8983778953552248,LSTM,Prediction,Train
4139,2025-05-27,P017,1.8954535722732544,LSTM,Prediction,Train
4140,2025-05-28,P017,1.8972147703170776,LSTM,Prediction,Train
4141,2025-05-29,P017,1.9000519514083865,LSTM,Prediction,Train
4142,2025-05-30,P017,1.894286036491394,LSTM,Prediction,Train
4143,2025-05-31,P017,1.896140933036804,LSTM,Prediction,Train
4144,2025-06-01,P017,1.8990507125854488,LSTM,Prediction,Train
4145,2025-06-02,P017,1.896929144859314,LSTM,Prediction,Train
4146,2025-06-03,P017,1.893161654472351,LSTM,Prediction,Train
4147,2025-06-04,P017,1.896126627922058,LSTM,Prediction,Train
4148,2025-06-05,P017,1.8993481397628784,LSTM,Prediction,Train
4149,2025-06-06,P017,1.9017809629440308,LSTM,Prediction,Train
4150,2025-06-07,P017,1.899377942085266,LSTM,Prediction,Train
4151,2025-06-08,P017,1.899028182029724,LSTM,Prediction,Train
4152,2025-06-09,P017,1.8942517042160036,LSTM,Prediction,Train
4153,2025-06-10,P017,1.8951507806777956,LSTM,Prediction,Train
4154,2025-06-11,P017,1.895929455757141,LSTM,Prediction,Train
4155,2025-06-12,P017,1.8972781896591189,LSTM,Prediction,Train
4156,2025-06-13,P017,1.8947579860687256,LSTM,Prediction,Train
4157,2025-06-14,P017,1.8956286907196045,LSTM,Prediction,Train
4158,2025-06-15,P017,1.898019313812256,LSTM,Prediction,Train
4159,2025-06-16,P017,1.898516535758972,LSTM,Prediction,Train
4160,2025-06-17,P017,1.89777410030365,LSTM,Prediction,Train
4161,2025-06-18,P017,1.89483654499054,LSTM,Prediction,Train
4162,2025-06-19,P017,1.9010182619094849,LSTM,Prediction,Train
4163,2025-06-20,P017,1.89571213722229,LSTM,Prediction,Train
4164,2025-06-21,P017,1.894376277923584,LSTM,Prediction,Train
4165,2025-06-22,P017,1.9007952213287356,LSTM,Prediction,Train
4166,2025-06-23,P017,1.8965256214141848,LSTM,Prediction,Train
4167,2025-06-24,P017,1.8942537307739256,LSTM,Prediction,Train
4168,2025-06-25,P017,1.8927711248397827,LSTM,Prediction,Train
4169,2025-06-26,P017,1.898275136947632,LSTM,Prediction,Train
4170,2025-06-27,P017,1.894926905632019,LSTM,Prediction,Train
4171,2025-06-28,P017,1.9026950597763064,LSTM,Prediction,Train
4172,2025-06-29,P017,1.8962537050247192,LSTM,Prediction,Train
4173,2025-06-30,P017,1.900097370147705,LSTM,Prediction,Train
4174,2025-07-01,P017,1.898835301399231,LSTM,Prediction,Train
4175,2025-07-02,P017,1.898600697517395,LSTM,Prediction,Train
4176,2025-07-03,P017,1.8986237049102783,LSTM,Prediction,Train
4177,2025-07-04,P017,1.901318907737732,LSTM,Prediction,Train
4178,2025-07-05,P017,1.8958972692489624,LSTM,Prediction,Train
4179,2025-07-06,P017,1.89331328868866,LSTM,Prediction,Train
4180,2025-07-07,P017,1.894860029220581,LSTM,Prediction,Train
4181,2025-07-08,P017,1.899530291557312,LSTM,Prediction,Train
4182,2025-07-09,P017,1.8959983587265012,LSTM,Prediction,Train
4183,2025-07-10,P017,1.899447321891785,LSTM,Prediction,Train
4184,2025-07-11,P017,1.8977888822555544,LSTM,Prediction,Train
4185,2025-07-12,P017,1.8953759670257568,LSTM,Prediction,Train
4186,2025-07-13,P017,1.8939412832260127,LSTM,Prediction,Train
4187,2025-07-14,P017,1.8960436582565308,LSTM,Prediction,Train
4188,2025-07-15,P017,1.8984310626983645,LSTM,Prediction,Train
4189,2025-07-16,P017,1.8917198181152344,LSTM,Prediction,Train
4190,2025-07-17,P017,1.9003835916519165,LSTM,Prediction,Train
4191,2025-07-18,P017,1.8993797302246092,LSTM,Prediction,Train
4192,2025-07-19,P017,1.8962138891220093,LSTM,Prediction,Train
4193,2025-07-20,P017,1.9005008935928345,LSTM,Prediction,Train
4194,2025-07-21,P017,1.89649498462677,LSTM,Prediction,Train
4195,2025-07-22,P017,1.9036248922348025,LSTM,Prediction,Train
4196,2025-07-23,P017,1.892410159111023,LSTM,Prediction,Train
4197,2025-07-24,P017,1.9014285802841189,LSTM,Prediction,Train
4198,2025-07-25,P017,1.8989299535751345,LSTM,Prediction,Train
4199,2025-07-26,P017,1.8980162143707275,LSTM,Prediction,Train
4200,2025-07-27,P017,1.894126534461975,LSTM,Prediction,Train
4201,2025-07-28,P017,1.8920683860778809,LSTM,Prediction,Train
4202,2025-07-29,P017,1.892767071723938,LSTM,Prediction,Train
4203,2025-07-30,P017,1.898391604423523,LSTM,Prediction,Train
4204,2025-07-31,P017,1.900009274482727,LSTM,Prediction,Train
4205,2025-08-01,P017,1.8940356969833372,LSTM,Prediction,Train
4206,2025-08-02,P017,1.8943668603897093,LSTM,Prediction,Train
4207,2025-08-03,P017,1.9009915590286253,LSTM,Prediction,Train
4208,2025-08-04,P017,1.900576949119568,LSTM,Prediction,Train
4209,2025-08-05,P017,1.8974665403366089,LSTM,Prediction,Train
4210,2025-08-06,P017,1.8979125022888184,LSTM,Prediction,Train
4211,2025-08-07,P017,1.8999956846237185,LSTM,Prediction,Train
4212,2025-08-08,P017,1.903551697731018,LSTM,Prediction,Train
4213,2025-08-09,P017,1.894175887107849,LSTM,Prediction,Train
4214,2025-08-10,P017,1.8946691751480105,LSTM,Prediction,Train
4215,2025-08-11,P017,1.9010239839553835,LSTM,Prediction,Train
4216,2025-08-12,P017,1.9006537199020384,LSTM,Prediction,Train
4217,2025-08-13,P017,1.8969324827194212,LSTM,Prediction,Train
4218,2025-08-14,P017,1.8942490816116333,LSTM,Prediction,Train
4219,2025-08-15,P017,1.894833207130432,LSTM,Prediction,Train
4220,2025-08-16,P017,1.9022353887557983,LSTM,Prediction,Train
4221,2025-08-17,P017,1.898476481437683,LSTM,Prediction,Train
4222,2025-08-18,P017,1.8948478698730469,LSTM,Prediction,Train
4223,2025-08-19,P017,1.900559425354004,LSTM,Prediction,Train
4224,2025-08-20,P017,1.898445963859558,LSTM,Prediction,Train
4225,2025-08-21,P017,1.8973331451416016,LSTM,Prediction,Train
4226,2025-08-22,P017,1.8940850496292116,LSTM,Prediction,Train
4227,2025-08-23,P017,1.8991557359695437,LSTM,Prediction,Train
4228,2025-08-24,P017,1.8959451913833616,LSTM,Prediction,Train
4229,2025-08-25,P017,1.896860718727112,LSTM,Prediction,Train
4230,2025-08-26,P017,1.8955729007720947,LSTM,Prediction,Train
4231,2025-08-27,P017,1.894303560256958,LSTM,Prediction,Train
4232,2025-08-28,P017,1.898971438407898,LSTM,Prediction,Train
4233,2025-08-29,P017,1.8875304460525515,LSTM,Prediction,Train
4234,2025-08-30,P017,1.8989161252975464,LSTM,Prediction,Train
4235,2025-08-31,P017,1.8964593410491943,LSTM,Prediction,Train
4236,2025-09-01,P017,1.898582339286804,LSTM,Prediction,Train
4237,2025-09-02,P017,1.8980278968811035,LSTM,Prediction,Train
4238,2025-09-03,P017,1.8967584371566768,LSTM,Prediction,Train
4239,2025-09-04,P017,1.8968621492385864,LSTM,Prediction,Train
4240,2025-09-05,P017,1.897726893424988,LSTM,Prediction,Train
4241,2025-09-06,P017,1.8961714506149288,LSTM,Prediction,Train
4242,2025-09-07,P017,1.893454670906067,LSTM,Prediction,Train
4243,2025-09-08,P017,1.89629340171814,LSTM,Prediction,Train
4244,2025-09-09,P017,1.8975614309310915,LSTM,Prediction,Train
4245,2025-09-10,P017,1.9001704454422,LSTM,Prediction,Train
4246,2025-09-11,P017,1.898340344429016,LSTM,Prediction,Train
4247,2025-09-12,P017,1.9020060300827024,LSTM,Prediction,Train
4248,2025-09-13,P017,1.8976601362228396,LSTM,Prediction,Train
4249,2025-09-14,P017,1.8962594270706177,LSTM,Prediction,Train
4250,2025-01-08,P018,2.2832353115081787,LSTM,Prediction,Train
4251,2025-01-09,P018,2.283745050430298,LSTM,Prediction,Train
4252,2025-01-10,P018,2.287606954574585,LSTM,Prediction,Train
4253,2025-01-11,P018,2.271787166595459,LSTM,Prediction,Train
4254,2025-01-12,P018,2.283740758895874,LSTM,Prediction,Train
4255,2025-01-13,P018,2.280970335006714,LSTM,Prediction,Train
4256,2025-01-14,P018,2.287864446640014,LSTM,Prediction,Train
4257,2025-01-15,P018,2.280314445495605,LSTM,Prediction,Train
4258,2025-01-16,P018,2.277453660964966,LSTM,Prediction,Train
4259,2025-01-17,P018,2.2801196575164795,LSTM,Prediction,Train
4260,2025-01-18,P018,2.2888405323028564,LSTM,Prediction,Train
4261,2025-01-19,P018,2.275752544403076,LSTM,Prediction,Train
4262,2025-01-20,P018,2.289576768875122,LSTM,Prediction,Train
4263,2025-01-21,P018,2.2821617126464844,LSTM,Prediction,Train
4264,2025-01-22,P018,2.274395704269409,LSTM,Prediction,Train
4265,2025-01-23,P018,2.280629873275757,LSTM,Prediction,Train
4266,2025-01-24,P018,2.277751207351685,LSTM,Prediction,Train
4267,2025-01-25,P018,2.284137010574341,LSTM,Prediction,Train
4268,2025-01-26,P018,2.29144024848938,LSTM,Prediction,Train
4269,2025-01-27,P018,2.287677049636841,LSTM,Prediction,Train
4270,2025-01-28,P018,2.279484510421753,LSTM,Prediction,Train
4271,2025-01-29,P018,2.292140483856201,LSTM,Prediction,Train
4272,2025-01-30,P018,2.286450147628784,LSTM,Prediction,Train
4273,2025-01-31,P018,2.281332731246948,LSTM,Prediction,Train
4274,2025-02-01,P018,2.2787508964538574,LSTM,Prediction,Train
4275,2025-02-02,P018,2.278084754943848,LSTM,Prediction,Train
4276,2025-02-03,P018,2.288085699081421,LSTM,Prediction,Train
4277,2025-02-04,P018,2.278326749801636,LSTM,Prediction,Train
4278,2025-02-05,P018,2.2935092449188232,LSTM,Prediction,Train
4279,2025-02-06,P018,2.2749831676483154,LSTM,Prediction,Train
4280,2025-02-07,P018,2.2820751667022705,LSTM,Prediction,Train
4281,2025-02-08,P018,2.2849299907684326,LSTM,Prediction,Train
4282,2025-02-09,P018,2.296367883682251,LSTM,Prediction,Train
4283,2025-02-10,P018,2.2923758029937744,LSTM,Prediction,Train
4284,2025-02-11,P018,2.2812342643737797,LSTM,Prediction,Train
4285,2025-02-12,P018,2.2826573848724365,LSTM,Prediction,Train
4286,2025-02-13,P018,2.290367364883423,LSTM,Prediction,Train
4287,2025-02-14,P018,2.277870178222656,LSTM,Prediction,Train
4288,2025-02-15,P018,2.277076005935669,LSTM,Prediction,Train
4289,2025-02-16,P018,2.2754786014556885,LSTM,Prediction,Train
4290,2025-02-17,P018,2.289693117141724,LSTM,Prediction,Train
4291,2025-02-18,P018,2.2913482189178467,LSTM,Prediction,Train
4292,2025-02-19,P018,2.2827281951904297,LSTM,Prediction,Train
4293,2025-02-20,P018,2.286406755447388,LSTM,Prediction,Train
4294,2025-02-21,P018,2.2825822830200195,LSTM,Prediction,Train
4295,2025-02-22,P018,2.276202440261841,LSTM,Prediction,Train
4296,2025-02-23,P018,2.285177707672119,LSTM,Prediction,Train
4297,2025-02-24,P018,2.297116756439209,LSTM,Prediction,Train
4298,2025-02-25,P018,2.281657457351685,LSTM,Prediction,Train
4299,2025-02-26,P018,2.284108161926269,LSTM,Prediction,Train
4300,2025-02-27,P018,2.292048692703247,LSTM,Prediction,Train
4301,2025-02-28,P018,2.282892942428589,LSTM,Prediction,Train
4302,2025-03-01,P018,2.283486604690552,LSTM,Prediction,Train
4303,2025-03-02,P018,2.2910730838775635,LSTM,Prediction,Train
4304,2025-03-03,P018,2.286064863204956,LSTM,Prediction,Train
4305,2025-03-04,P018,2.287252187728882,LSTM,Prediction,Train
4306,2025-03-05,P018,2.2848031520843506,LSTM,Prediction,Train
4307,2025-03-06,P018,2.28422474861145,LSTM,Prediction,Train
4308,2025-03-07,P018,2.2803847789764404,LSTM,Prediction,Train
4309,2025-03-08,P018,2.296130895614624,LSTM,Prediction,Train
4310,2025-03-09,P018,2.3030827045440674,LSTM,Prediction,Train
4311,2025-03-10,P018,2.2888028621673584,LSTM,Prediction,Train
4312,2025-03-11,P018,2.2849676609039307,LSTM,Prediction,Train
4313,2025-03-12,P018,2.2775866985321045,LSTM,Prediction,Train
4314,2025-03-13,P018,2.2925291061401367,LSTM,Prediction,Train
4315,2025-03-14,P018,2.2878692150115967,LSTM,Prediction,Train
4316,2025-03-15,P018,2.2799885272979736,LSTM,Prediction,Train
4317,2025-03-16,P018,2.280525922775269,LSTM,Prediction,Train
4318,2025-03-17,P018,2.2854392528533936,LSTM,Prediction,Train
4319,2025-03-18,P018,2.29159951210022,LSTM,Prediction,Train
4320,2025-03-19,P018,2.269551038742065,LSTM,Prediction,Train
4321,2025-03-20,P018,2.2807204723358154,LSTM,Prediction,Train
4322,2025-03-21,P018,2.2756190299987797,LSTM,Prediction,Train
4323,2025-03-22,P018,2.294184446334839,LSTM,Prediction,Train
4324,2025-03-23,P018,2.2883222103118896,LSTM,Prediction,Train
4325,2025-03-24,P018,2.2886104583740234,LSTM,Prediction,Train
4326,2025-03-25,P018,2.286634683609009,LSTM,Prediction,Train
4327,2025-03-26,P018,2.283172845840454,LSTM,Prediction,Train
4328,2025-03-27,P018,2.2883388996124268,LSTM,Prediction,Train
4329,2025-03-28,P018,2.2862586975097656,LSTM,Prediction,Train
4330,2025-03-29,P018,2.284531354904175,LSTM,Prediction,Train
4331,2025-03-30,P018,2.2863385677337646,LSTM,Prediction,Train
4332,2025-03-31,P018,2.272436141967773,LSTM,Prediction,Train
4333,2025-04-01,P018,2.282383918762207,LSTM,Prediction,Train
4334,2025-04-02,P018,2.287802457809448,LSTM,Prediction,Train
4335,2025-04-03,P018,2.275677442550659,LSTM,Prediction,Train
4336,2025-04-04,P018,2.285327672958374,LSTM,Prediction,Train
4337,2025-04-05,P018,2.296846866607666,LSTM,Prediction,Train
4338,2025-04-06,P018,2.286287546157837,LSTM,Prediction,Train
4339,2025-04-07,P018,2.282602071762085,LSTM,Prediction,Train
4340,2025-04-08,P018,2.288128614425659,LSTM,Prediction,Train
4341,2025-04-09,P018,2.283575773239136,LSTM,Prediction,Train
4342,2025-04-10,P018,2.296374082565308,LSTM,Prediction,Train
4343,2025-04-11,P018,2.280495405197144,LSTM,Prediction,Train
4344,2025-04-12,P018,2.269593477249145,LSTM,Prediction,Train
4345,2025-04-13,P018,2.282670497894287,LSTM,Prediction,Train
4346,2025-04-14,P018,2.2901198863983154,LSTM,Prediction,Train
4347,2025-04-15,P018,2.286895513534546,LSTM,Prediction,Train
4348,2025-04-16,P018,2.2831871509552,LSTM,Prediction,Train
4349,2025-04-17,P018,2.2908389568328857,LSTM,Prediction,Train
4350,2025-04-18,P018,2.2886221408843994,LSTM,Prediction,Train
4351,2025-04-19,P018,2.2820887565612797,LSTM,Prediction,Train
4352,2025-04-20,P018,2.2861039638519287,LSTM,Prediction,Train
4353,2025-04-21,P018,2.2776999473571777,LSTM,Prediction,Train
4354,2025-04-22,P018,2.285013437271118,LSTM,Prediction,Train
4355,2025-04-23,P018,2.286551713943481,LSTM,Prediction,Train
4356,2025-04-24,P018,2.284712076187134,LSTM,Prediction,Train
4357,2025-04-25,P018,2.297034740447998,LSTM,Prediction,Train
4358,2025-04-26,P018,2.278536558151245,LSTM,Prediction,Train
4359,2025-04-27,P018,2.290498971939087,LSTM,Prediction,Train
4360,2025-04-28,P018,2.28141713142395,LSTM,Prediction,Train
4361,2025-04-29,P018,2.2893383502960205,LSTM,Prediction,Train
4362,2025-04-30,P018,2.2804770469665527,LSTM,Prediction,Train
4363,2025-05-01,P018,2.2888898849487305,LSTM,Prediction,Train
4364,2025-05-02,P018,2.2861745357513428,LSTM,Prediction,Train
4365,2025-05-03,P018,2.2893874645233154,LSTM,Prediction,Train
4366,2025-05-04,P018,2.289325475692749,LSTM,Prediction,Train
4367,2025-05-05,P018,2.2826249599456787,LSTM,Prediction,Train
4368,2025-05-06,P018,2.284555196762085,LSTM,Prediction,Train
4369,2025-05-07,P018,2.2796742916107178,LSTM,Prediction,Train
4370,2025-05-08,P018,2.284964084625244,LSTM,Prediction,Train
4371,2025-05-09,P018,2.2800769805908203,LSTM,Prediction,Train
4372,2025-05-10,P018,2.2748138904571533,LSTM,Prediction,Train
4373,2025-05-11,P018,2.288716077804565,LSTM,Prediction,Train
4374,2025-05-12,P018,2.284340143203736,LSTM,Prediction,Train
4375,2025-05-13,P018,2.2819995880126958,LSTM,Prediction,Train
4376,2025-05-14,P018,2.277172327041626,LSTM,Prediction,Train
4377,2025-05-15,P018,2.286122560501098,LSTM,Prediction,Train
4378,2025-05-16,P018,2.28605580329895,LSTM,Prediction,Train
4379,2025-05-17,P018,2.289726972579956,LSTM,Prediction,Train
4380,2025-05-18,P018,2.290618896484375,LSTM,Prediction,Train
4381,2025-05-19,P018,2.279172658920288,LSTM,Prediction,Train
4382,2025-05-20,P018,2.295652151107788,LSTM,Prediction,Train
4383,2025-05-21,P018,2.284590482711792,LSTM,Prediction,Train
4384,2025-05-22,P018,2.2814712524414062,LSTM,Prediction,Train
4385,2025-05-23,P018,2.286309003829956,LSTM,Prediction,Train
4386,2025-05-24,P018,2.2686362266540527,LSTM,Prediction,Train
4387,2025-05-25,P018,2.283274412155152,LSTM,Prediction,Train
4388,2025-05-26,P018,2.289259195327759,LSTM,Prediction,Train
4389,2025-05-27,P018,2.281298875808716,LSTM,Prediction,Train
4390,2025-05-28,P018,2.2844552993774414,LSTM,Prediction,Train
4391,2025-05-29,P018,2.27450966835022,LSTM,Prediction,Train
4392,2025-05-30,P018,2.276897668838501,LSTM,Prediction,Train
4393,2025-05-31,P018,2.284618616104126,LSTM,Prediction,Train
4394,2025-06-01,P018,2.290626049041748,LSTM,Prediction,Train
4395,2025-06-02,P018,2.288385391235352,LSTM,Prediction,Train
4396,2025-06-03,P018,2.2755205631256104,LSTM,Prediction,Train
4397,2025-06-04,P018,2.282099485397339,LSTM,Prediction,Train
4398,2025-06-05,P018,2.2918641567230225,LSTM,Prediction,Train
4399,2025-06-06,P018,2.291101694107056,LSTM,Prediction,Train
4400,2025-06-07,P018,2.283941984176636,LSTM,Prediction,Train
4401,2025-06-08,P018,2.289313554763794,LSTM,Prediction,Train
4402,2025-06-09,P018,2.2812869548797607,LSTM,Prediction,Train
4403,2025-06-10,P018,2.2834503650665283,LSTM,Prediction,Train
4404,2025-06-11,P018,2.278947591781616,LSTM,Prediction,Train
4405,2025-06-12,P018,2.2893617153167725,LSTM,Prediction,Train
4406,2025-06-13,P018,2.2744243144989014,LSTM,Prediction,Train
4407,2025-06-14,P018,2.2766213417053223,LSTM,Prediction,Train
4408,2025-06-15,P018,2.2836034297943115,LSTM,Prediction,Train
4409,2025-06-16,P018,2.2870428562164307,LSTM,Prediction,Train
4410,2025-06-17,P018,2.281005859375,LSTM,Prediction,Train
4411,2025-06-18,P018,2.282122611999512,LSTM,Prediction,Train
4412,2025-06-19,P018,2.2880332469940186,LSTM,Prediction,Train
4413,2025-06-20,P018,2.287827253341675,LSTM,Prediction,Train
4414,2025-06-21,P018,2.281351327896118,LSTM,Prediction,Train
4415,2025-06-22,P018,2.2928307056427,LSTM,Prediction,Train
4416,2025-06-23,P018,2.2874763011932373,LSTM,Prediction,Train
4417,2025-06-24,P018,2.278594732284546,LSTM,Prediction,Train
4418,2025-06-25,P018,2.278085947036743,LSTM,Prediction,Train
4419,2025-06-26,P018,2.2789864540100098,LSTM,Prediction,Train
4420,2025-06-27,P018,2.283211469650269,LSTM,Prediction,Train
4421,2025-06-28,P018,2.297651529312134,LSTM,Prediction,Train
4422,2025-06-29,P018,2.27711033821106,LSTM,Prediction,Train
4423,2025-06-30,P018,2.2893381118774414,LSTM,Prediction,Train
4424,2025-07-01,P018,2.287889242172241,LSTM,Prediction,Train
4425,2025-07-02,P018,2.282238245010376,LSTM,Prediction,Train
4426,2025-07-03,P018,2.288763999938965,LSTM,Prediction,Train
4427,2025-07-04,P018,2.285604238510132,LSTM,Prediction,Train
4428,2025-07-05,P018,2.2845914363861084,LSTM,Prediction,Train
4429,2025-07-06,P018,2.280922174453736,LSTM,Prediction,Train
4430,2025-07-07,P018,2.2851850986480717,LSTM,Prediction,Train
4431,2025-07-08,P018,2.2839863300323486,LSTM,Prediction,Train
4432,2025-07-09,P018,2.286757707595825,LSTM,Prediction,Train
4433,2025-07-10,P018,2.283454179763794,LSTM,Prediction,Train
4434,2025-07-11,P018,2.282895565032959,LSTM,Prediction,Train
4435,2025-07-12,P018,2.284327507019043,LSTM,Prediction,Train
4436,2025-07-13,P018,2.280531644821167,LSTM,Prediction,Train
4437,2025-07-14,P018,2.2846343517303467,LSTM,Prediction,Train
4438,2025-07-15,P018,2.2904245853424072,LSTM,Prediction,Train
4439,2025-07-16,P018,2.275623083114624,LSTM,Prediction,Train
4440,2025-07-17,P018,2.291099786758423,LSTM,Prediction,Train
4441,2025-07-18,P018,2.2822065353393555,LSTM,Prediction,Train
4442,2025-07-19,P018,2.2913286685943604,LSTM,Prediction,Train
4443,2025-07-20,P018,2.287001848220825,LSTM,Prediction,Train
4444,2025-07-21,P018,2.2832839488983154,LSTM,Prediction,Train
4445,2025-07-22,P018,2.292153835296631,LSTM,Prediction,Train
4446,2025-07-23,P018,2.2817413806915283,LSTM,Prediction,Train
4447,2025-07-24,P018,2.2852137088775635,LSTM,Prediction,Train
4448,2025-07-25,P018,2.287776470184326,LSTM,Prediction,Train
4449,2025-07-26,P018,2.28464150428772,LSTM,Prediction,Train
4450,2025-07-27,P018,2.2792673110961914,LSTM,Prediction,Train
4451,2025-07-28,P018,2.277742624282837,LSTM,Prediction,Train
4452,2025-07-29,P018,2.273587465286255,LSTM,Prediction,Train
4453,2025-07-30,P018,2.2875068187713623,LSTM,Prediction,Train
4454,2025-07-31,P018,2.291271686553955,LSTM,Prediction,Train
4455,2025-08-01,P018,2.2799904346466064,LSTM,Prediction,Train
4456,2025-08-02,P018,2.285649538040161,LSTM,Prediction,Train
4457,2025-08-03,P018,2.298393964767456,LSTM,Prediction,Train
4458,2025-08-04,P018,2.2912323474884038,LSTM,Prediction,Train
4459,2025-08-05,P018,2.285515308380127,LSTM,Prediction,Train
4460,2025-08-06,P018,2.2849671840667725,LSTM,Prediction,Train
4461,2025-08-07,P018,2.2876479625701904,LSTM,Prediction,Train
4462,2025-08-08,P018,2.286120176315308,LSTM,Prediction,Train
4463,2025-08-09,P018,2.276992082595825,LSTM,Prediction,Train
4464,2025-08-10,P018,2.276807308197021,LSTM,Prediction,Train
4465,2025-08-11,P018,2.2879445552825928,LSTM,Prediction,Train
4466,2025-08-12,P018,2.286669969558716,LSTM,Prediction,Train
4467,2025-08-13,P018,2.2828171253204346,LSTM,Prediction,Train
4468,2025-08-14,P018,2.281529188156128,LSTM,Prediction,Train
4469,2025-08-15,P018,2.2802927494049072,LSTM,Prediction,Train
4470,2025-08-16,P018,2.288785219192505,LSTM,Prediction,Train
4471,2025-08-17,P018,2.2859246730804443,LSTM,Prediction,Train
4472,2025-08-18,P018,2.278113603591919,LSTM,Prediction,Train
4473,2025-08-19,P018,2.296520948410034,LSTM,Prediction,Train
4474,2025-08-20,P018,2.284555196762085,LSTM,Prediction,Train
4475,2025-08-21,P018,2.284931182861328,LSTM,Prediction,Train
4476,2025-08-22,P018,2.2796459197998047,LSTM,Prediction,Train
4477,2025-08-23,P018,2.287910461425781,LSTM,Prediction,Train
4478,2025-08-24,P018,2.283418893814087,LSTM,Prediction,Train
4479,2025-08-25,P018,2.280808687210083,LSTM,Prediction,Train
4480,2025-08-26,P018,2.2739107608795166,LSTM,Prediction,Train
4481,2025-08-27,P018,2.2789666652679443,LSTM,Prediction,Train
4482,2025-08-28,P018,2.2814037799835205,LSTM,Prediction,Train
4483,2025-08-29,P018,2.26381778717041,LSTM,Prediction,Train
4484,2025-08-30,P018,2.286058187484741,LSTM,Prediction,Train
4485,2025-08-31,P018,2.2850303649902344,LSTM,Prediction,Train
4486,2025-09-01,P018,2.285723924636841,LSTM,Prediction,Train
4487,2025-09-02,P018,2.2882723808288574,LSTM,Prediction,Train
4488,2025-09-03,P018,2.285885572433472,LSTM,Prediction,Train
4489,2025-09-04,P018,2.278600215911865,LSTM,Prediction,Train
4490,2025-09-05,P018,2.281653642654419,LSTM,Prediction,Train
4491,2025-09-06,P018,2.282836437225342,LSTM,Prediction,Train
4492,2025-09-07,P018,2.2773845195770264,LSTM,Prediction,Train
4493,2025-09-08,P018,2.2732274532318115,LSTM,Prediction,Train
4494,2025-09-09,P018,2.295027017593384,LSTM,Prediction,Train
4495,2025-09-10,P018,2.2877089977264404,LSTM,Prediction,Train
4496,2025-09-11,P018,2.285548448562622,LSTM,Prediction,Train
4497,2025-09-12,P018,2.287437677383423,LSTM,Prediction,Train
4498,2025-09-13,P018,2.282050848007202,LSTM,Prediction,Train
4499,2025-09-14,P018,2.2777087688446045,LSTM,Prediction,Train
4500,2025-01-08,P019,1.9873082637786863,LSTM,Prediction,Train
4501,2025-01-09,P019,1.990313172340393,LSTM,Prediction,Train
4502,2025-01-10,P019,1.9922374486923216,LSTM,Prediction,Train
4503,2025-01-11,P019,1.9843145608901975,LSTM,Prediction,Train
4504,2025-01-12,P019,1.9878168106079104,LSTM,Prediction,Train
4505,2025-01-13,P019,1.9876505136489868,LSTM,Prediction,Train
4506,2025-01-14,P019,1.990456223487854,LSTM,Prediction,Train
4507,2025-01-15,P019,1.9869874715805051,LSTM,Prediction,Train
4508,2025-01-16,P019,1.9867452383041384,LSTM,Prediction,Train
4509,2025-01-17,P019,1.987506628036499,LSTM,Prediction,Train
4510,2025-01-18,P019,1.989212155342102,LSTM,Prediction,Train
4511,2025-01-19,P019,1.985509991645813,LSTM,Prediction,Train
4512,2025-01-20,P019,1.9886804819107056,LSTM,Prediction,Train
4513,2025-01-21,P019,1.987606406211853,LSTM,Prediction,Train
4514,2025-01-22,P019,1.984241008758545,LSTM,Prediction,Train
4515,2025-01-23,P019,1.9881833791732788,LSTM,Prediction,Train
4516,2025-01-24,P019,1.985611081123352,LSTM,Prediction,Train
4517,2025-01-25,P019,1.9895931482315063,LSTM,Prediction,Train
4518,2025-01-26,P019,1.9897257089614868,LSTM,Prediction,Train
4519,2025-01-27,P019,1.9899247884750368,LSTM,Prediction,Train
4520,2025-01-28,P019,1.9877790212631223,LSTM,Prediction,Train
4521,2025-01-29,P019,1.989726185798645,LSTM,Prediction,Train
4522,2025-01-30,P019,1.989690899848938,LSTM,Prediction,Train
4523,2025-01-31,P019,1.987779974937439,LSTM,Prediction,Train
4524,2025-02-01,P019,1.985294222831726,LSTM,Prediction,Train
4525,2025-02-02,P019,1.9873231649398804,LSTM,Prediction,Train
4526,2025-02-03,P019,1.9908740520477293,LSTM,Prediction,Train
4527,2025-02-04,P019,1.987173676490784,LSTM,Prediction,Train
4528,2025-02-05,P019,1.9922107458114624,LSTM,Prediction,Train
4529,2025-02-06,P019,1.986910104751587,LSTM,Prediction,Train
4530,2025-02-07,P019,1.9884732961654663,LSTM,Prediction,Train
4531,2025-02-08,P019,1.989437699317932,LSTM,Prediction,Train
4532,2025-02-09,P019,1.98948872089386,LSTM,Prediction,Train
4533,2025-02-10,P019,1.993493676185608,LSTM,Prediction,Train
4534,2025-02-11,P019,1.9873913526535036,LSTM,Prediction,Train
4535,2025-02-12,P019,1.9887772798538208,LSTM,Prediction,Train
4536,2025-02-13,P019,1.9894194602966309,LSTM,Prediction,Train
4537,2025-02-14,P019,1.9872599840164185,LSTM,Prediction,Train
4538,2025-02-15,P019,1.9860907793045044,LSTM,Prediction,Train
4539,2025-02-16,P019,1.9855190515518188,LSTM,Prediction,Train
4540,2025-02-17,P019,1.9893914461135864,LSTM,Prediction,Train
4541,2025-02-18,P019,1.9913018941879272,LSTM,Prediction,Train
4542,2025-02-19,P019,1.989230990409851,LSTM,Prediction,Train
4543,2025-02-20,P019,1.9877911806106567,LSTM,Prediction,Train
4544,2025-02-21,P019,1.988294005393982,LSTM,Prediction,Train
4545,2025-02-22,P019,1.986699461936951,LSTM,Prediction,Train
4546,2025-02-23,P019,1.9896739721298216,LSTM,Prediction,Train
4547,2025-02-24,P019,1.9920357465744016,LSTM,Prediction,Train
4548,2025-02-25,P019,1.9858691692352293,LSTM,Prediction,Train
4549,2025-02-26,P019,1.9890482425689695,LSTM,Prediction,Train
4550,2025-02-27,P019,1.9903559684753416,LSTM,Prediction,Train
4551,2025-02-28,P019,1.9870957136154173,LSTM,Prediction,Train
4552,2025-03-01,P019,1.9893654584884644,LSTM,Prediction,Train
4553,2025-03-02,P019,1.989384412765503,LSTM,Prediction,Train
4554,2025-03-03,P019,1.9894609451293943,LSTM,Prediction,Train
4555,2025-03-04,P019,1.990357756614685,LSTM,Prediction,Train
4556,2025-03-05,P019,1.9888113737106323,LSTM,Prediction,Train
4557,2025-03-06,P019,1.9891678094863887,LSTM,Prediction,Train
4558,2025-03-07,P019,1.987951636314392,LSTM,Prediction,Train
4559,2025-03-08,P019,1.9884612560272217,LSTM,Prediction,Train
4560,2025-03-09,P019,1.994955062866211,LSTM,Prediction,Train
4561,2025-03-10,P019,1.9907246828079224,LSTM,Prediction,Train
4562,2025-03-11,P019,1.9912163019180296,LSTM,Prediction,Train
4563,2025-03-12,P019,1.9868104457855225,LSTM,Prediction,Train
4564,2025-03-13,P019,1.9908033609390257,LSTM,Prediction,Train
4565,2025-03-14,P019,1.99096953868866,LSTM,Prediction,Train
4566,2025-03-15,P019,1.987515926361084,LSTM,Prediction,Train
4567,2025-03-16,P019,1.9879603385925293,LSTM,Prediction,Train
4568,2025-03-17,P019,1.989940524101257,LSTM,Prediction,Train
4569,2025-03-18,P019,1.9909218549728396,LSTM,Prediction,Train
4570,2025-03-19,P019,1.982577443122864,LSTM,Prediction,Train
4571,2025-03-20,P019,1.9857596158981323,LSTM,Prediction,Train
4572,2025-03-21,P019,1.985951542854309,LSTM,Prediction,Train
4573,2025-03-22,P019,1.9941438436508176,LSTM,Prediction,Train
4574,2025-03-23,P019,1.986743211746216,LSTM,Prediction,Train
4575,2025-03-24,P019,1.9906270503997805,LSTM,Prediction,Train
4576,2025-03-25,P019,1.9896814823150637,LSTM,Prediction,Train
4577,2025-03-26,P019,1.986753344535828,LSTM,Prediction,Train
4578,2025-03-27,P019,1.9910314083099363,LSTM,Prediction,Train
4579,2025-03-28,P019,1.989462971687317,LSTM,Prediction,Train
4580,2025-03-29,P019,1.986371994018555,LSTM,Prediction,Train
4581,2025-03-30,P019,1.9884518384933472,LSTM,Prediction,Train
4582,2025-03-31,P019,1.9838629961013796,LSTM,Prediction,Train
4583,2025-04-01,P019,1.9886058568954468,LSTM,Prediction,Train
4584,2025-04-02,P019,1.9908276796340945,LSTM,Prediction,Train
4585,2025-04-03,P019,1.985856413841248,LSTM,Prediction,Train
4586,2025-04-04,P019,1.99064302444458,LSTM,Prediction,Train
4587,2025-04-05,P019,1.9947768449783323,LSTM,Prediction,Train
4588,2025-04-06,P019,1.9887059926986692,LSTM,Prediction,Train
4589,2025-04-07,P019,1.9874743223190308,LSTM,Prediction,Train
4590,2025-04-08,P019,1.9911298751831052,LSTM,Prediction,Train
4591,2025-04-09,P019,1.9876549243927,LSTM,Prediction,Train
4592,2025-04-10,P019,1.9930728673934937,LSTM,Prediction,Train
4593,2025-04-11,P019,1.988205075263977,LSTM,Prediction,Train
4594,2025-04-12,P019,1.9807288646698,LSTM,Prediction,Train
4595,2025-04-13,P019,1.98834228515625,LSTM,Prediction,Train
4596,2025-04-14,P019,1.990999460220337,LSTM,Prediction,Train
4597,2025-04-15,P019,1.9883246421813965,LSTM,Prediction,Train
4598,2025-04-16,P019,1.989507913589477,LSTM,Prediction,Train
4599,2025-04-17,P019,1.992642164230347,LSTM,Prediction,Train
4600,2025-04-18,P019,1.988468050956726,LSTM,Prediction,Train
4601,2025-04-19,P019,1.987634778022766,LSTM,Prediction,Train
4602,2025-04-20,P019,1.9884300231933596,LSTM,Prediction,Train
4603,2025-04-21,P019,1.983917236328125,LSTM,Prediction,Train
4604,2025-04-22,P019,1.988218903541565,LSTM,Prediction,Train
4605,2025-04-23,P019,1.987762808799744,LSTM,Prediction,Train
4606,2025-04-24,P019,1.9890871047973635,LSTM,Prediction,Train
4607,2025-04-25,P019,1.986139416694641,LSTM,Prediction,Train
4608,2025-04-26,P019,1.9844483137130735,LSTM,Prediction,Train
4609,2025-04-27,P019,1.991984724998474,LSTM,Prediction,Train
4610,2025-04-28,P019,1.990292191505432,LSTM,Prediction,Train
4611,2025-04-29,P019,1.9935041666030884,LSTM,Prediction,Train
4612,2025-04-30,P019,1.988016963005066,LSTM,Prediction,Train
4613,2025-05-01,P019,1.986859440803528,LSTM,Prediction,Train
4614,2025-05-02,P019,1.986613392829895,LSTM,Prediction,Train
4615,2025-05-03,P019,1.9902929067611692,LSTM,Prediction,Train
4616,2025-05-04,P019,1.991472840309143,LSTM,Prediction,Train
4617,2025-05-05,P019,1.9890788793563845,LSTM,Prediction,Train
4618,2025-05-06,P019,1.988636374473572,LSTM,Prediction,Train
4619,2025-05-07,P019,1.9875050783157349,LSTM,Prediction,Train
4620,2025-05-08,P019,1.9904149770736692,LSTM,Prediction,Train
4621,2025-05-09,P019,1.9887727499008176,LSTM,Prediction,Train
4622,2025-05-10,P019,1.9859439134597776,LSTM,Prediction,Train
4623,2025-05-11,P019,1.9910738468170168,LSTM,Prediction,Train
4624,2025-05-12,P019,1.9897388219833372,LSTM,Prediction,Train
4625,2025-05-13,P019,1.98823344707489,LSTM,Prediction,Train
4626,2025-05-14,P019,1.9860014915466309,LSTM,Prediction,Train
4627,2025-05-15,P019,1.9884579181671145,LSTM,Prediction,Train
4628,2025-05-16,P019,1.988158583641052,LSTM,Prediction,Train
4629,2025-05-17,P019,1.9894487857818604,LSTM,Prediction,Train
4630,2025-05-18,P019,1.9890862703323364,LSTM,Prediction,Train
4631,2025-05-19,P019,1.985843539237976,LSTM,Prediction,Train
4632,2025-05-20,P019,1.9916139841079712,LSTM,Prediction,Train
4633,2025-05-21,P019,1.986406207084656,LSTM,Prediction,Train
4634,2025-05-22,P019,1.9882575273513796,LSTM,Prediction,Train
4635,2025-05-23,P019,1.9903515577316284,LSTM,Prediction,Train
4636,2025-05-24,P019,1.9831379652023315,LSTM,Prediction,Train
4637,2025-05-25,P019,1.9884356260299685,LSTM,Prediction,Train
4638,2025-05-26,P019,1.991099834442139,LSTM,Prediction,Train
4639,2025-05-27,P019,1.9877885580062864,LSTM,Prediction,Train
4640,2025-05-28,P019,1.9891101121902464,LSTM,Prediction,Train
4641,2025-05-29,P019,1.9854871034622192,LSTM,Prediction,Train
4642,2025-05-30,P019,1.9854540824890137,LSTM,Prediction,Train
4643,2025-05-31,P019,1.9888677597045896,LSTM,Prediction,Train
4644,2025-06-01,P019,1.9915521144866943,LSTM,Prediction,Train
4645,2025-06-02,P019,1.9916480779647827,LSTM,Prediction,Train
4646,2025-06-03,P019,1.9864052534103396,LSTM,Prediction,Train
4647,2025-06-04,P019,1.9888722896575928,LSTM,Prediction,Train
4648,2025-06-05,P019,1.991221785545349,LSTM,Prediction,Train
4649,2025-06-06,P019,1.987711787223816,LSTM,Prediction,Train
4650,2025-06-07,P019,1.986549973487854,LSTM,Prediction,Train
4651,2025-06-08,P019,1.991932272911072,LSTM,Prediction,Train
4652,2025-06-09,P019,1.9886590242385864,LSTM,Prediction,Train
4653,2025-06-10,P019,1.988910675048828,LSTM,Prediction,Train
4654,2025-06-11,P019,1.987718939781189,LSTM,Prediction,Train
4655,2025-06-12,P019,1.9895867109298704,LSTM,Prediction,Train
4656,2025-06-13,P019,1.984453558921814,LSTM,Prediction,Train
4657,2025-06-14,P019,1.985974669456482,LSTM,Prediction,Train
4658,2025-06-15,P019,1.9888509511947632,LSTM,Prediction,Train
4659,2025-06-16,P019,1.989428162574768,LSTM,Prediction,Train
4660,2025-06-17,P019,1.987346172332764,LSTM,Prediction,Train
4661,2025-06-18,P019,1.9886070489883425,LSTM,Prediction,Train
4662,2025-06-19,P019,1.989812254905701,LSTM,Prediction,Train
4663,2025-06-20,P019,1.9897117614746092,LSTM,Prediction,Train
4664,2025-06-21,P019,1.987393140792847,LSTM,Prediction,Train
4665,2025-06-22,P019,1.9924960136413572,LSTM,Prediction,Train
4666,2025-06-23,P019,1.9900790452957156,LSTM,Prediction,Train
4667,2025-06-24,P019,1.986566424369812,LSTM,Prediction,Train
4668,2025-06-25,P019,1.9866822957992556,LSTM,Prediction,Train
4669,2025-06-26,P019,1.9858990907669067,LSTM,Prediction,Train
4670,2025-06-27,P019,1.9881752729415891,LSTM,Prediction,Train
4671,2025-06-28,P019,1.9918612241744995,LSTM,Prediction,Train
4672,2025-06-29,P019,1.98641836643219,LSTM,Prediction,Train
4673,2025-06-30,P019,1.99128258228302,LSTM,Prediction,Train
4674,2025-07-01,P019,1.990444898605347,LSTM,Prediction,Train
4675,2025-07-02,P019,1.986080288887024,LSTM,Prediction,Train
4676,2025-07-03,P019,1.9914296865463257,LSTM,Prediction,Train
4677,2025-07-04,P019,1.9897704124450684,LSTM,Prediction,Train
4678,2025-07-05,P019,1.98974084854126,LSTM,Prediction,Train
4679,2025-07-06,P019,1.986474633216858,LSTM,Prediction,Train
4680,2025-07-07,P019,1.987565755844116,LSTM,Prediction,Train
4681,2025-07-08,P019,1.988710165023804,LSTM,Prediction,Train
4682,2025-07-09,P019,1.9900777339935305,LSTM,Prediction,Train
4683,2025-07-10,P019,1.9888859987258911,LSTM,Prediction,Train
4684,2025-07-11,P019,1.9891942739486692,LSTM,Prediction,Train
4685,2025-07-12,P019,1.9896684885025024,LSTM,Prediction,Train
4686,2025-07-13,P019,1.9885021448135376,LSTM,Prediction,Train
4687,2025-07-14,P019,1.9878838062286377,LSTM,Prediction,Train
4688,2025-07-15,P019,1.9918500185012815,LSTM,Prediction,Train
4689,2025-07-16,P019,1.984990239143372,LSTM,Prediction,Train
4690,2025-07-17,P019,1.991979956626892,LSTM,Prediction,Train
4691,2025-07-18,P019,1.986957550048828,LSTM,Prediction,Train
4692,2025-07-19,P019,1.9939316511154173,LSTM,Prediction,Train
4693,2025-07-20,P019,1.9896715879440308,LSTM,Prediction,Train
4694,2025-07-21,P019,1.98943555355072,LSTM,Prediction,Train
4695,2025-07-22,P019,1.9916473627090452,LSTM,Prediction,Train
4696,2025-07-23,P019,1.9874268770217896,LSTM,Prediction,Train
4697,2025-07-24,P019,1.986821293830872,LSTM,Prediction,Train
4698,2025-07-25,P019,1.9914464950561523,LSTM,Prediction,Train
4699,2025-07-26,P019,1.9896438121795652,LSTM,Prediction,Train
4700,2025-07-27,P019,1.9866167306900024,LSTM,Prediction,Train
4701,2025-07-28,P019,1.985078811645508,LSTM,Prediction,Train
4702,2025-07-29,P019,1.9854146242141724,LSTM,Prediction,Train
4703,2025-07-30,P019,1.9905132055282595,LSTM,Prediction,Train
4704,2025-07-31,P019,1.990212559700012,LSTM,Prediction,Train
4705,2025-08-01,P019,1.986600399017334,LSTM,Prediction,Train
4706,2025-08-02,P019,1.9905730485916135,LSTM,Prediction,Train
4707,2025-08-03,P019,1.9949082136154173,LSTM,Prediction,Train
4708,2025-08-04,P019,1.991278290748596,LSTM,Prediction,Train
4709,2025-08-05,P019,1.9897172451019287,LSTM,Prediction,Train
4710,2025-08-06,P019,1.989662528038025,LSTM,Prediction,Train
4711,2025-08-07,P019,1.9901565313339236,LSTM,Prediction,Train
4712,2025-08-08,P019,1.990434527397156,LSTM,Prediction,Train
4713,2025-08-09,P019,1.9859462976455688,LSTM,Prediction,Train
4714,2025-08-10,P019,1.9865343570709229,LSTM,Prediction,Train
4715,2025-08-11,P019,1.9892305135726929,LSTM,Prediction,Train
4716,2025-08-12,P019,1.9916914701461792,LSTM,Prediction,Train
4717,2025-08-13,P019,1.9878684282302856,LSTM,Prediction,Train
4718,2025-08-14,P019,1.9891270399093628,LSTM,Prediction,Train
4719,2025-08-15,P019,1.988448023796081,LSTM,Prediction,Train
4720,2025-08-16,P019,1.9920605421066284,LSTM,Prediction,Train
4721,2025-08-17,P019,1.98997175693512,LSTM,Prediction,Train
4722,2025-08-18,P019,1.9873173236846924,LSTM,Prediction,Train
4723,2025-08-19,P019,1.9912165403366089,LSTM,Prediction,Train
4724,2025-08-20,P019,1.9901666641235352,LSTM,Prediction,Train
4725,2025-08-21,P019,1.9888654947280884,LSTM,Prediction,Train
4726,2025-08-22,P019,1.984739899635315,LSTM,Prediction,Train
4727,2025-08-23,P019,1.9900680780410769,LSTM,Prediction,Train
4728,2025-08-24,P019,1.9889556169509888,LSTM,Prediction,Train
4729,2025-08-25,P019,1.9877663850784304,LSTM,Prediction,Train
4730,2025-08-26,P019,1.9849570989608765,LSTM,Prediction,Train
4731,2025-08-27,P019,1.9875965118408203,LSTM,Prediction,Train
4732,2025-08-28,P019,1.9868534803390503,LSTM,Prediction,Train
4733,2025-08-29,P019,1.9808562994003296,LSTM,Prediction,Train
4734,2025-08-30,P019,1.9897888898849487,LSTM,Prediction,Train
4735,2025-08-31,P019,1.9882150888442995,LSTM,Prediction,Train
4736,2025-09-01,P019,1.98823344707489,LSTM,Prediction,Train
4737,2025-09-02,P019,1.9926398992538448,LSTM,Prediction,Train
4738,2025-09-03,P019,1.9881045818328855,LSTM,Prediction,Train
4739,2025-09-04,P019,1.9876559972763064,LSTM,Prediction,Train
4740,2025-09-05,P019,1.988142013549805,LSTM,Prediction,Train
4741,2025-09-06,P019,1.9887527227401731,LSTM,Prediction,Train
4742,2025-09-07,P019,1.987059235572815,LSTM,Prediction,Train
4743,2025-09-08,P019,1.9852124452590945,LSTM,Prediction,Train
4744,2025-09-09,P019,1.99042010307312,LSTM,Prediction,Train
4745,2025-09-10,P019,1.989661812782288,LSTM,Prediction,Train
4746,2025-09-11,P019,1.9895058870315552,LSTM,Prediction,Train
4747,2025-09-12,P019,1.9871500730514529,LSTM,Prediction,Train
4748,2025-09-13,P019,1.9881105422973635,LSTM,Prediction,Train
4749,2025-09-14,P019,1.9842984676361084,LSTM,Prediction,Train
4750,2025-01-08,P020,2.04542088508606,LSTM,Prediction,Train
4751,2025-01-09,P020,2.040487766265869,LSTM,Prediction,Train
4752,2025-01-10,P020,2.0460662841796875,LSTM,Prediction,Train
4753,2025-01-11,P020,2.02958345413208,LSTM,Prediction,Train
4754,2025-01-12,P020,2.043442726135254,LSTM,Prediction,Train
4755,2025-01-13,P020,2.040111303329468,LSTM,Prediction,Train
4756,2025-01-14,P020,2.0466020107269287,LSTM,Prediction,Train
4757,2025-01-15,P020,2.038451194763184,LSTM,Prediction,Train
4758,2025-01-16,P020,2.036841630935669,LSTM,Prediction,Train
4759,2025-01-17,P020,2.036449909210205,LSTM,Prediction,Train
4760,2025-01-18,P020,2.046164035797119,LSTM,Prediction,Train
4761,2025-01-19,P020,2.0332396030426025,LSTM,Prediction,Train
4762,2025-01-20,P020,2.0430243015289307,LSTM,Prediction,Train
4763,2025-01-21,P020,2.0404059886932373,LSTM,Prediction,Train
4764,2025-01-22,P020,2.030367612838745,LSTM,Prediction,Train
4765,2025-01-23,P020,2.039340019226074,LSTM,Prediction,Train
4766,2025-01-24,P020,2.038826465606689,LSTM,Prediction,Train
4767,2025-01-25,P020,2.0438807010650635,LSTM,Prediction,Train
4768,2025-01-26,P020,2.0476648807525635,LSTM,Prediction,Train
4769,2025-01-27,P020,2.051490545272827,LSTM,Prediction,Train
4770,2025-01-28,P020,2.0454933643341064,LSTM,Prediction,Train
4771,2025-01-29,P020,2.055449247360229,LSTM,Prediction,Train
4772,2025-01-30,P020,2.040573835372925,LSTM,Prediction,Train
4773,2025-01-31,P020,2.0364906787872314,LSTM,Prediction,Train
4774,2025-02-01,P020,2.040682077407837,LSTM,Prediction,Train
4775,2025-02-02,P020,2.0366060733795166,LSTM,Prediction,Train
4776,2025-02-03,P020,2.04565978050232,LSTM,Prediction,Train
4777,2025-02-04,P020,2.0358715057373047,LSTM,Prediction,Train
4778,2025-02-05,P020,2.052476644515991,LSTM,Prediction,Train
4779,2025-02-06,P020,2.0397188663482666,LSTM,Prediction,Train
4780,2025-02-07,P020,2.0388691425323486,LSTM,Prediction,Train
4781,2025-02-08,P020,2.041597604751587,LSTM,Prediction,Train
4782,2025-02-09,P020,2.04924750328064,LSTM,Prediction,Train
4783,2025-02-10,P020,2.0518600940704346,LSTM,Prediction,Train
4784,2025-02-11,P020,2.038923501968384,LSTM,Prediction,Train
4785,2025-02-12,P020,2.0426971912384038,LSTM,Prediction,Train
4786,2025-02-13,P020,2.049370527267456,LSTM,Prediction,Train
4787,2025-02-14,P020,2.0350048542022705,LSTM,Prediction,Train
4788,2025-02-15,P020,2.0302603244781494,LSTM,Prediction,Train
4789,2025-02-16,P020,2.0325851440429688,LSTM,Prediction,Train
4790,2025-02-17,P020,2.0470783710479736,LSTM,Prediction,Train
4791,2025-02-18,P020,2.046267032623291,LSTM,Prediction,Train
4792,2025-02-19,P020,2.04194974899292,LSTM,Prediction,Train
4793,2025-02-20,P020,2.041109085083008,LSTM,Prediction,Train
4794,2025-02-21,P020,2.0429434776306152,LSTM,Prediction,Train
4795,2025-02-22,P020,2.035482883453369,LSTM,Prediction,Train
4796,2025-02-23,P020,2.0409722328186035,LSTM,Prediction,Train
4797,2025-02-24,P020,2.0575435161590576,LSTM,Prediction,Train
4798,2025-02-25,P020,2.040388345718384,LSTM,Prediction,Train
4799,2025-02-26,P020,2.0423383712768555,LSTM,Prediction,Train
4800,2025-02-27,P020,2.051889657974243,LSTM,Prediction,Train
4801,2025-02-28,P020,2.0393288135528564,LSTM,Prediction,Train
4802,2025-03-01,P020,2.038930177688598,LSTM,Prediction,Train
4803,2025-03-02,P020,2.044724464416504,LSTM,Prediction,Train
4804,2025-03-03,P020,2.0418195724487305,LSTM,Prediction,Train
4805,2025-03-04,P020,2.046166181564331,LSTM,Prediction,Train
4806,2025-03-05,P020,2.045684337615967,LSTM,Prediction,Train
4807,2025-03-06,P020,2.042622327804565,LSTM,Prediction,Train
4808,2025-03-07,P020,2.0365631580352783,LSTM,Prediction,Train
4809,2025-03-08,P020,2.051476001739502,LSTM,Prediction,Train
4810,2025-03-09,P020,2.0570409297943115,LSTM,Prediction,Train
4811,2025-03-10,P020,2.045438051223755,LSTM,Prediction,Train
4812,2025-03-11,P020,2.050266742706299,LSTM,Prediction,Train
4813,2025-03-12,P020,2.033571481704712,LSTM,Prediction,Train
4814,2025-03-13,P020,2.047553777694702,LSTM,Prediction,Train
4815,2025-03-14,P020,2.047201871871948,LSTM,Prediction,Train
4816,2025-03-15,P020,2.038264513015747,LSTM,Prediction,Train
4817,2025-03-16,P020,2.0377185344696045,LSTM,Prediction,Train
4818,2025-03-17,P020,2.044487714767456,LSTM,Prediction,Train
4819,2025-03-18,P020,2.0510454177856445,LSTM,Prediction,Train
4820,2025-03-19,P020,2.026802062988281,LSTM,Prediction,Train
4821,2025-03-20,P020,2.0403177738189697,LSTM,Prediction,Train
4822,2025-03-21,P020,2.033118963241577,LSTM,Prediction,Train
4823,2025-03-22,P020,2.0542633533477783,LSTM,Prediction,Train
4824,2025-03-23,P020,2.04570746421814,LSTM,Prediction,Train
4825,2025-03-24,P020,2.044372320175171,LSTM,Prediction,Train
4826,2025-03-25,P020,2.043100357055664,LSTM,Prediction,Train
4827,2025-03-26,P020,2.0422122478485107,LSTM,Prediction,Train
4828,2025-03-27,P020,2.048651218414306,LSTM,Prediction,Train
4829,2025-03-28,P020,2.048078775405884,LSTM,Prediction,Train
4830,2025-03-29,P020,2.039407968521118,LSTM,Prediction,Train
4831,2025-03-30,P020,2.045423746109009,LSTM,Prediction,Train
4832,2025-03-31,P020,2.025475263595581,LSTM,Prediction,Train
4833,2025-04-01,P020,2.0402724742889404,LSTM,Prediction,Train
4834,2025-04-02,P020,2.0462875366210938,LSTM,Prediction,Train
4835,2025-04-03,P020,2.042072296142578,LSTM,Prediction,Train
4836,2025-04-04,P020,2.043444871902466,LSTM,Prediction,Train
4837,2025-04-05,P020,2.0587849617004395,LSTM,Prediction,Train
4838,2025-04-06,P020,2.0423009395599365,LSTM,Prediction,Train
4839,2025-04-07,P020,2.0397746562957764,LSTM,Prediction,Train
4840,2025-04-08,P020,2.045882225036621,LSTM,Prediction,Train
4841,2025-04-09,P020,2.042945384979248,LSTM,Prediction,Train
4842,2025-04-10,P020,2.051391839981079,LSTM,Prediction,Train
4843,2025-04-11,P020,2.0368597507476807,LSTM,Prediction,Train
4844,2025-04-12,P020,2.02549147605896,LSTM,Prediction,Train
4845,2025-04-13,P020,2.041027069091797,LSTM,Prediction,Train
4846,2025-04-14,P020,2.047737836837769,LSTM,Prediction,Train
4847,2025-04-15,P020,2.0448806285858154,LSTM,Prediction,Train
4848,2025-04-16,P020,2.0443689823150635,LSTM,Prediction,Train
4849,2025-04-17,P020,2.0526764392852783,LSTM,Prediction,Train
4850,2025-04-18,P020,2.04706072807312,LSTM,Prediction,Train
4851,2025-04-19,P020,2.0383284091949463,LSTM,Prediction,Train
4852,2025-04-20,P020,2.0493104457855225,LSTM,Prediction,Train
4853,2025-04-21,P020,2.035563468933105,LSTM,Prediction,Train
4854,2025-04-22,P020,2.0460543632507324,LSTM,Prediction,Train
4855,2025-04-23,P020,2.0418474674224854,LSTM,Prediction,Train
4856,2025-04-24,P020,2.041217803955078,LSTM,Prediction,Train
4857,2025-04-25,P020,2.0485148429870605,LSTM,Prediction,Train
4858,2025-04-26,P020,2.037440299987793,LSTM,Prediction,Train
4859,2025-04-27,P020,2.048368215560913,LSTM,Prediction,Train
4860,2025-04-28,P020,2.041623830795288,LSTM,Prediction,Train
4861,2025-04-29,P020,2.054616689682007,LSTM,Prediction,Train
4862,2025-04-30,P020,2.0392496585845947,LSTM,Prediction,Train
4863,2025-05-01,P020,2.0406501293182373,LSTM,Prediction,Train
4864,2025-05-02,P020,2.040170431137085,LSTM,Prediction,Train
4865,2025-05-03,P020,2.047428131103516,LSTM,Prediction,Train
4866,2025-05-04,P020,2.050020456314087,LSTM,Prediction,Train
4867,2025-05-05,P020,2.040615558624268,LSTM,Prediction,Train
4868,2025-05-06,P020,2.0416085720062256,LSTM,Prediction,Train
4869,2025-05-07,P020,2.041789054870605,LSTM,Prediction,Train
4870,2025-05-08,P020,2.039971113204956,LSTM,Prediction,Train
4871,2025-05-09,P020,2.040656089782715,LSTM,Prediction,Train
4872,2025-05-10,P020,2.030344247817993,LSTM,Prediction,Train
4873,2025-05-11,P020,2.0471079349517822,LSTM,Prediction,Train
4874,2025-05-12,P020,2.0415518283843994,LSTM,Prediction,Train
4875,2025-05-13,P020,2.038371562957764,LSTM,Prediction,Train
4876,2025-05-14,P020,2.035487651824951,LSTM,Prediction,Train
4877,2025-05-15,P020,2.0430831909179688,LSTM,Prediction,Train
4878,2025-05-16,P020,2.0489890575408936,LSTM,Prediction,Train
4879,2025-05-17,P020,2.042466163635254,LSTM,Prediction,Train
4880,2025-05-18,P020,2.045865774154663,LSTM,Prediction,Train
4881,2025-05-19,P020,2.037867784500122,LSTM,Prediction,Train
4882,2025-05-20,P020,2.048004388809204,LSTM,Prediction,Train
4883,2025-05-21,P020,2.044973373413086,LSTM,Prediction,Train
4884,2025-05-22,P020,2.039609909057617,LSTM,Prediction,Train
4885,2025-05-23,P020,2.044712543487549,LSTM,Prediction,Train
4886,2025-05-24,P020,2.023845195770264,LSTM,Prediction,Train
4887,2025-05-25,P020,2.043344497680664,LSTM,Prediction,Train
4888,2025-05-26,P020,2.0434882640838623,LSTM,Prediction,Train
4889,2025-05-27,P020,2.0377752780914307,LSTM,Prediction,Train
4890,2025-05-28,P020,2.0412888526916504,LSTM,Prediction,Train
4891,2025-05-29,P020,2.0422186851501465,LSTM,Prediction,Train
4892,2025-05-30,P020,2.035874128341675,LSTM,Prediction,Train
4893,2025-05-31,P020,2.042304277420044,LSTM,Prediction,Train
4894,2025-06-01,P020,2.048283100128174,LSTM,Prediction,Train
4895,2025-06-02,P020,2.046180725097656,LSTM,Prediction,Train
4896,2025-06-03,P020,2.033196210861206,LSTM,Prediction,Train
4897,2025-06-04,P020,2.0419631004333496,LSTM,Prediction,Train
4898,2025-06-05,P020,2.0508835315704346,LSTM,Prediction,Train
4899,2025-06-06,P020,2.051244735717773,LSTM,Prediction,Train
4900,2025-06-07,P020,2.042438507080078,LSTM,Prediction,Train
4901,2025-06-08,P020,2.047569990158081,LSTM,Prediction,Train
4902,2025-06-09,P020,2.0408332347869877,LSTM,Prediction,Train
4903,2025-06-10,P020,2.0394232273101807,LSTM,Prediction,Train
4904,2025-06-11,P020,2.0382778644561768,LSTM,Prediction,Train
4905,2025-06-12,P020,2.046069383621216,LSTM,Prediction,Train
4906,2025-06-13,P020,2.0326061248779297,LSTM,Prediction,Train
4907,2025-06-14,P020,2.03706955909729,LSTM,Prediction,Train
4908,2025-06-15,P020,2.043041229248047,LSTM,Prediction,Train
4909,2025-06-16,P020,2.046422243118286,LSTM,Prediction,Train
4910,2025-06-17,P020,2.041956663131714,LSTM,Prediction,Train
4911,2025-06-18,P020,2.0395894050598145,LSTM,Prediction,Train
4912,2025-06-19,P020,2.048575162887573,LSTM,Prediction,Train
4913,2025-06-20,P020,2.0414209365844727,LSTM,Prediction,Train
4914,2025-06-21,P020,2.037637948989868,LSTM,Prediction,Train
4915,2025-06-22,P020,2.0520918369293213,LSTM,Prediction,Train
4916,2025-06-23,P020,2.0435969829559326,LSTM,Prediction,Train
4917,2025-06-24,P020,2.035130739212036,LSTM,Prediction,Train
4918,2025-06-25,P020,2.033226490020752,LSTM,Prediction,Train
4919,2025-06-26,P020,2.040557622909546,LSTM,Prediction,Train
4920,2025-06-27,P020,2.0425174236297607,LSTM,Prediction,Train
4921,2025-06-28,P020,2.0560221672058105,LSTM,Prediction,Train
4922,2025-06-29,P020,2.0366694927215576,LSTM,Prediction,Train
4923,2025-06-30,P020,2.049652338027954,LSTM,Prediction,Train
4924,2025-07-01,P020,2.0471017360687256,LSTM,Prediction,Train
4925,2025-07-02,P020,2.042589902877808,LSTM,Prediction,Train
4926,2025-07-03,P020,2.0495991706848145,LSTM,Prediction,Train
4927,2025-07-04,P020,2.0470306873321533,LSTM,Prediction,Train
4928,2025-07-05,P020,2.0397188663482666,LSTM,Prediction,Train
4929,2025-07-06,P020,2.035649061203003,LSTM,Prediction,Train
4930,2025-07-07,P020,2.0432918071746826,LSTM,Prediction,Train
4931,2025-07-08,P020,2.0492215156555176,LSTM,Prediction,Train
4932,2025-07-09,P020,2.040541648864746,LSTM,Prediction,Train
4933,2025-07-10,P020,2.044683694839477,LSTM,Prediction,Train
4934,2025-07-11,P020,2.041552782058716,LSTM,Prediction,Train
4935,2025-07-12,P020,2.040372610092163,LSTM,Prediction,Train
4936,2025-07-13,P020,2.0390069484710693,LSTM,Prediction,Train
4937,2025-07-14,P020,2.0419225692749023,LSTM,Prediction,Train
4938,2025-07-15,P020,2.0471410751342773,LSTM,Prediction,Train
4939,2025-07-16,P020,2.0330231189727783,LSTM,Prediction,Train
4940,2025-07-17,P020,2.0453364849090576,LSTM,Prediction,Train
4941,2025-07-18,P020,2.039891004562378,LSTM,Prediction,Train
4942,2025-07-19,P020,2.0517897605896,LSTM,Prediction,Train
4943,2025-07-20,P020,2.047686815261841,LSTM,Prediction,Train
4944,2025-07-21,P020,2.0452942848205566,LSTM,Prediction,Train
4945,2025-07-22,P020,2.052907943725586,LSTM,Prediction,Train
4946,2025-07-23,P020,2.036878824234009,LSTM,Prediction,Train
4947,2025-07-24,P020,2.042962074279785,LSTM,Prediction,Train
4948,2025-07-25,P020,2.0527749061584477,LSTM,Prediction,Train
4949,2025-07-26,P020,2.04370665550232,LSTM,Prediction,Train
4950,2025-07-27,P020,2.0367023944854736,LSTM,Prediction,Train
4951,2025-07-28,P020,2.03460955619812,LSTM,Prediction,Train
4952,2025-07-29,P020,2.0330517292022705,LSTM,Prediction,Train
4953,2025-07-30,P020,2.046534776687622,LSTM,Prediction,Train
4954,2025-07-31,P020,2.047279119491577,LSTM,Prediction,Train
4955,2025-08-01,P020,2.0353996753692627,LSTM,Prediction,Train
4956,2025-08-02,P020,2.043421506881714,LSTM,Prediction,Train
4957,2025-08-03,P020,2.0553646087646484,LSTM,Prediction,Train
4958,2025-08-04,P020,2.0561940670013428,LSTM,Prediction,Train
4959,2025-08-05,P020,2.0438504219055176,LSTM,Prediction,Train
4960,2025-08-06,P020,2.041065216064453,LSTM,Prediction,Train
4961,2025-08-07,P020,2.049938440322876,LSTM,Prediction,Train
4962,2025-08-08,P020,2.050828695297241,LSTM,Prediction,Train
4963,2025-08-09,P020,2.034568548202514,LSTM,Prediction,Train
4964,2025-08-10,P020,2.034075736999512,LSTM,Prediction,Train
4965,2025-08-11,P020,2.0462162494659424,LSTM,Prediction,Train
4966,2025-08-12,P020,2.046973705291748,LSTM,Prediction,Train
4967,2025-08-13,P020,2.040466547012329,LSTM,Prediction,Train
4968,2025-08-14,P020,2.040325880050659,LSTM,Prediction,Train
4969,2025-08-15,P020,2.0388853549957275,LSTM,Prediction,Train
4970,2025-08-16,P020,2.052809476852417,LSTM,Prediction,Train
4971,2025-08-17,P020,2.045522689819336,LSTM,Prediction,Train
4972,2025-08-18,P020,2.0358357429504395,LSTM,Prediction,Train
4973,2025-08-19,P020,2.051591396331787,LSTM,Prediction,Train
4974,2025-08-20,P020,2.045076608657837,LSTM,Prediction,Train
4975,2025-08-21,P020,2.0415279865264893,LSTM,Prediction,Train
4976,2025-08-22,P020,2.0356640815734863,LSTM,Prediction,Train
4977,2025-08-23,P020,2.0458781719207764,LSTM,Prediction,Train
4978,2025-08-24,P020,2.039946317672729,LSTM,Prediction,Train
4979,2025-08-25,P020,2.040862798690796,LSTM,Prediction,Train
4980,2025-08-26,P020,2.03486442565918,LSTM,Prediction,Train
4981,2025-08-27,P020,2.036644220352173,LSTM,Prediction,Train
4982,2025-08-28,P020,2.044539213180542,LSTM,Prediction,Train
4983,2025-08-29,P020,2.0202417373657227,LSTM,Prediction,Train
4984,2025-08-30,P020,2.0474181175231934,LSTM,Prediction,Train
4985,2025-08-31,P020,2.042269468307495,LSTM,Prediction,Train
4986,2025-09-01,P020,2.0431432723999023,LSTM,Prediction,Train
4987,2025-09-02,P020,2.046858072280884,LSTM,Prediction,Train
4988,2025-09-03,P020,2.0408852100372314,LSTM,Prediction,Train
4989,2025-09-04,P020,2.042818784713745,LSTM,Prediction,Train
4990,2025-09-05,P020,2.04030704498291,LSTM,Prediction,Train
4991,2025-09-06,P020,2.04009747505188,LSTM,Prediction,Train
4992,2025-09-07,P020,2.033137083053589,LSTM,Prediction,Train
4993,2025-09-08,P020,2.0360352993011475,LSTM,Prediction,Train
4994,2025-09-09,P020,2.048603773117065,LSTM,Prediction,Train
4995,2025-09-10,P020,2.0482213497161865,LSTM,Prediction,Train
4996,2025-09-11,P020,2.0443272590637207,LSTM,Prediction,Train
4997,2025-09-12,P020,2.0483274459838867,LSTM,Prediction,Train
4998,2025-09-13,P020,2.043998956680298,LSTM,Prediction,Train
4999,2025-09-14,P020,2.035878896713257,LSTM,Prediction,Train
5000,2025-09-15,P001,1.8675899505615237,LSTM,Prediction,Valid
5001,2025-09-16,P001,1.866756081581116,LSTM,Prediction,Valid
5002,2025-09-17,P001,1.859549045562744,LSTM,Prediction,Valid
5003,2025-09-18,P001,1.866794466972351,LSTM,Prediction,Valid
5004,2025-09-19,P001,1.8665547370910645,LSTM,Prediction,Valid
5005,2025-09-20,P001,1.8678503036499023,LSTM,Prediction,Valid
5006,2025-09-21,P001,1.862228512763977,LSTM,Prediction,Valid
5007,2025-09-22,P001,1.8681790828704836,LSTM,Prediction,Valid
5008,2025-09-23,P001,1.8737417459487915,LSTM,Prediction,Valid
5009,2025-09-24,P001,1.8721040487289429,LSTM,Prediction,Valid
5010,2025-09-25,P001,1.8641167879104612,LSTM,Prediction,Valid
5011,2025-09-26,P001,1.8649511337280276,LSTM,Prediction,Valid
5012,2025-09-27,P001,1.8667205572128296,LSTM,Prediction,Valid
5013,2025-09-28,P001,1.8823562860488887,LSTM,Prediction,Valid
5014,2025-09-29,P001,1.8716940879821775,LSTM,Prediction,Valid
5015,2025-09-30,P001,1.872391700744629,LSTM,Prediction,Valid
5016,2025-10-01,P001,1.8644989728927608,LSTM,Prediction,Valid
5017,2025-10-02,P001,1.866218328475952,LSTM,Prediction,Valid
5018,2025-10-03,P001,1.867877960205078,LSTM,Prediction,Valid
5019,2025-10-04,P001,1.8692432641983032,LSTM,Prediction,Valid
5020,2025-10-05,P001,1.8705415725708008,LSTM,Prediction,Valid
5021,2025-10-06,P001,1.8698959350585935,LSTM,Prediction,Valid
5022,2025-10-07,P001,1.86357855796814,LSTM,Prediction,Valid
5023,2025-10-08,P001,1.8617113828659055,LSTM,Prediction,Valid
5024,2025-10-09,P001,1.8613704442977903,LSTM,Prediction,Valid
5025,2025-10-10,P001,1.8617384433746336,LSTM,Prediction,Valid
5026,2025-10-11,P001,1.8661534786224363,LSTM,Prediction,Valid
5027,2025-10-12,P001,1.8609031438827517,LSTM,Prediction,Valid
5028,2025-10-13,P001,1.8573161363601685,LSTM,Prediction,Valid
5029,2025-10-14,P001,1.862646460533142,LSTM,Prediction,Valid
5030,2025-10-15,P001,1.864991545677185,LSTM,Prediction,Valid
5031,2025-10-16,P001,1.861096978187561,LSTM,Prediction,Valid
5032,2025-10-17,P001,1.8582152128219604,LSTM,Prediction,Valid
5033,2025-10-18,P001,1.8670395612716677,LSTM,Prediction,Valid
5034,2025-10-19,P001,1.86569082736969,LSTM,Prediction,Valid
5035,2025-10-20,P001,1.859058499336243,LSTM,Prediction,Valid
5036,2025-10-21,P001,1.8588050603866575,LSTM,Prediction,Valid
5037,2025-10-22,P001,1.859001874923706,LSTM,Prediction,Valid
5038,2025-10-23,P001,1.86624014377594,LSTM,Prediction,Valid
5039,2025-10-24,P001,1.8673681020736692,LSTM,Prediction,Valid
5040,2025-10-25,P001,1.8564460277557373,LSTM,Prediction,Valid
5041,2025-10-26,P001,1.871890902519226,LSTM,Prediction,Valid
5042,2025-10-27,P001,1.863591194152832,LSTM,Prediction,Valid
5043,2025-10-28,P001,1.8657652139663696,LSTM,Prediction,Valid
5044,2025-10-29,P001,1.866587996482849,LSTM,Prediction,Valid
5045,2025-10-30,P001,1.870795726776123,LSTM,Prediction,Valid
5046,2025-10-31,P001,1.8694366216659544,LSTM,Prediction,Valid
5047,2025-11-01,P001,1.8695285320281985,LSTM,Prediction,Valid
5048,2025-11-02,P001,1.86223566532135,LSTM,Prediction,Valid
5049,2025-11-03,P001,1.8631898164749143,LSTM,Prediction,Valid
5050,2025-11-04,P001,1.869939923286438,LSTM,Prediction,Valid
5051,2025-11-05,P001,1.8770612478256223,LSTM,Prediction,Valid
5052,2025-11-06,P001,1.8695486783981323,LSTM,Prediction,Valid
5053,2025-11-07,P001,1.8663480281829836,LSTM,Prediction,Valid
5054,2025-11-08,P001,1.8656413555145264,LSTM,Prediction,Valid
5055,2025-11-09,P001,1.867583513259888,LSTM,Prediction,Valid
5056,2025-11-10,P001,1.8731155395507808,LSTM,Prediction,Valid
5057,2025-11-11,P001,1.8658982515335083,LSTM,Prediction,Valid
5058,2025-11-12,P001,1.8614304065704343,LSTM,Prediction,Valid
5059,2025-11-13,P001,1.857797384262085,LSTM,Prediction,Valid
5060,2025-11-14,P001,1.8618894815444944,LSTM,Prediction,Valid
5061,2025-11-15,P001,1.862537741661072,LSTM,Prediction,Valid
5062,2025-11-16,P001,1.860743880271912,LSTM,Prediction,Valid
5063,2025-11-17,P001,1.860950827598572,LSTM,Prediction,Valid
5064,2025-11-18,P001,1.8608771562576292,LSTM,Prediction,Valid
5065,2025-11-19,P001,1.864316701889038,LSTM,Prediction,Valid
5066,2025-11-20,P001,1.867020606994629,LSTM,Prediction,Valid
5067,2025-11-21,P001,1.8586890697479248,LSTM,Prediction,Valid
5068,2025-11-22,P001,1.8613784313201904,LSTM,Prediction,Valid
5069,2025-11-23,P001,1.8614208698272705,LSTM,Prediction,Valid
5070,2025-11-24,P001,1.8618667125701904,LSTM,Prediction,Valid
5071,2025-09-15,P002,1.9814106225967407,LSTM,Prediction,Valid
5072,2025-09-16,P002,1.9775002002716064,LSTM,Prediction,Valid
5073,2025-09-17,P002,1.9674389362335205,LSTM,Prediction,Valid
5074,2025-09-18,P002,1.9745688438415527,LSTM,Prediction,Valid
5075,2025-09-19,P002,1.9798572063446045,LSTM,Prediction,Valid
5076,2025-09-20,P002,1.980034589767456,LSTM,Prediction,Valid
5077,2025-09-21,P002,1.977881908416748,LSTM,Prediction,Valid
5078,2025-09-22,P002,1.9843568801879885,LSTM,Prediction,Valid
5079,2025-09-23,P002,1.9843292236328125,LSTM,Prediction,Valid
5080,2025-09-24,P002,1.9868299961090088,LSTM,Prediction,Valid
5081,2025-09-25,P002,1.97891104221344,LSTM,Prediction,Valid
5082,2025-09-26,P002,1.980170965194702,LSTM,Prediction,Valid
5083,2025-09-27,P002,1.9827789068222048,LSTM,Prediction,Valid
5084,2025-09-28,P002,1.9905847311019895,LSTM,Prediction,Valid
5085,2025-09-29,P002,1.9864171743392944,LSTM,Prediction,Valid
5086,2025-09-30,P002,1.98761785030365,LSTM,Prediction,Valid
5087,2025-10-01,P002,1.9798554182052608,LSTM,Prediction,Valid
5088,2025-10-02,P002,1.9782359600067136,LSTM,Prediction,Valid
5089,2025-10-03,P002,1.9814164638519287,LSTM,Prediction,Valid
5090,2025-10-04,P002,1.983067512512207,LSTM,Prediction,Valid
5091,2025-10-05,P002,1.9866361618041992,LSTM,Prediction,Valid
5092,2025-10-06,P002,1.981493353843689,LSTM,Prediction,Valid
5093,2025-10-07,P002,1.9735490083694456,LSTM,Prediction,Valid
5094,2025-10-08,P002,1.9687693119049072,LSTM,Prediction,Valid
5095,2025-10-09,P002,1.9713139533996584,LSTM,Prediction,Valid
5096,2025-10-10,P002,1.9696084260940552,LSTM,Prediction,Valid
5097,2025-10-11,P002,1.9762972593307493,LSTM,Prediction,Valid
5098,2025-10-12,P002,1.9687291383743288,LSTM,Prediction,Valid
5099,2025-10-13,P002,1.969282865524292,LSTM,Prediction,Valid
5100,2025-10-14,P002,1.9739941358566284,LSTM,Prediction,Valid
5101,2025-10-15,P002,1.9789905548095703,LSTM,Prediction,Valid
5102,2025-10-16,P002,1.96907377243042,LSTM,Prediction,Valid
5103,2025-10-17,P002,1.9645509719848635,LSTM,Prediction,Valid
5104,2025-10-18,P002,1.979085683822632,LSTM,Prediction,Valid
5105,2025-10-19,P002,1.9752545356750488,LSTM,Prediction,Valid
5106,2025-10-20,P002,1.964247465133667,LSTM,Prediction,Valid
5107,2025-10-21,P002,1.965878963470459,LSTM,Prediction,Valid
5108,2025-10-22,P002,1.965273141860962,LSTM,Prediction,Valid
5109,2025-10-23,P002,1.9774690866470337,LSTM,Prediction,Valid
5110,2025-10-24,P002,1.9788373708724976,LSTM,Prediction,Valid
5111,2025-10-25,P002,1.964867115020752,LSTM,Prediction,Valid
5112,2025-10-26,P002,1.9881833791732788,LSTM,Prediction,Valid
5113,2025-10-27,P002,1.9750635623931885,LSTM,Prediction,Valid
5114,2025-10-28,P002,1.9785078763961792,LSTM,Prediction,Valid
5115,2025-10-29,P002,1.9808324575424197,LSTM,Prediction,Valid
5116,2025-10-30,P002,1.991752028465271,LSTM,Prediction,Valid
5117,2025-10-31,P002,1.985456109046936,LSTM,Prediction,Valid
5118,2025-11-01,P002,1.9841580390930176,LSTM,Prediction,Valid
5119,2025-11-02,P002,1.9705231189727783,LSTM,Prediction,Valid
5120,2025-11-03,P002,1.979304909706116,LSTM,Prediction,Valid
5121,2025-11-04,P002,1.98313570022583,LSTM,Prediction,Valid
5122,2025-11-05,P002,1.9895546436309812,LSTM,Prediction,Valid
5123,2025-11-06,P002,1.9836071729660036,LSTM,Prediction,Valid
5124,2025-11-07,P002,1.977891445159912,LSTM,Prediction,Valid
5125,2025-11-08,P002,1.976079225540161,LSTM,Prediction,Valid
5126,2025-11-09,P002,1.980233192443848,LSTM,Prediction,Valid
5127,2025-11-10,P002,1.979758858680725,LSTM,Prediction,Valid
5128,2025-11-11,P002,1.9772453308105469,LSTM,Prediction,Valid
5129,2025-11-12,P002,1.970715045928955,LSTM,Prediction,Valid
5130,2025-11-13,P002,1.959545850753784,LSTM,Prediction,Valid
5131,2025-11-14,P002,1.9647612571716309,LSTM,Prediction,Valid
5132,2025-11-15,P002,1.9696567058563232,LSTM,Prediction,Valid
5133,2025-11-16,P002,1.965566873550415,LSTM,Prediction,Valid
5134,2025-11-17,P002,1.9680747985839844,LSTM,Prediction,Valid
5135,2025-11-18,P002,1.967900037765503,LSTM,Prediction,Valid
5136,2025-11-19,P002,1.9726309776306152,LSTM,Prediction,Valid
5137,2025-11-20,P002,1.978027939796448,LSTM,Prediction,Valid
5138,2025-11-21,P002,1.9667601585388184,LSTM,Prediction,Valid
5139,2025-11-22,P002,1.9676135778427124,LSTM,Prediction,Valid
5140,2025-11-23,P002,1.971509575843811,LSTM,Prediction,Valid
5141,2025-11-24,P002,1.972480058670044,LSTM,Prediction,Valid
5142,2025-09-15,P003,1.8983521461486816,LSTM,Prediction,Valid
5143,2025-09-16,P003,1.8896600008010864,LSTM,Prediction,Valid
5144,2025-09-17,P003,1.8795760869979856,LSTM,Prediction,Valid
5145,2025-09-18,P003,1.8918739557266235,LSTM,Prediction,Valid
5146,2025-09-19,P003,1.896057605743408,LSTM,Prediction,Valid
5147,2025-09-20,P003,1.9004417657852173,LSTM,Prediction,Valid
5148,2025-09-21,P003,1.892332434654236,LSTM,Prediction,Valid
5149,2025-09-22,P003,1.898468852043152,LSTM,Prediction,Valid
5150,2025-09-23,P003,1.9046076536178589,LSTM,Prediction,Valid
5151,2025-09-24,P003,1.905512452125549,LSTM,Prediction,Valid
5152,2025-09-25,P003,1.8989673852920528,LSTM,Prediction,Valid
5153,2025-09-26,P003,1.8985862731933596,LSTM,Prediction,Valid
5154,2025-09-27,P003,1.9011591672897337,LSTM,Prediction,Valid
5155,2025-09-28,P003,1.9067574739456177,LSTM,Prediction,Valid
5156,2025-09-29,P003,1.90686297416687,LSTM,Prediction,Valid
5157,2025-09-30,P003,1.9043010473251345,LSTM,Prediction,Valid
5158,2025-10-01,P003,1.898952603340149,LSTM,Prediction,Valid
5159,2025-10-02,P003,1.8964401483535769,LSTM,Prediction,Valid
5160,2025-10-03,P003,1.8991429805755613,LSTM,Prediction,Valid
5161,2025-10-04,P003,1.9004337787628172,LSTM,Prediction,Valid
5162,2025-10-05,P003,1.899857997894287,LSTM,Prediction,Valid
5163,2025-10-06,P003,1.89603590965271,LSTM,Prediction,Valid
5164,2025-10-07,P003,1.886693835258484,LSTM,Prediction,Valid
5165,2025-10-08,P003,1.8795504570007324,LSTM,Prediction,Valid
5166,2025-10-09,P003,1.8807731866836548,LSTM,Prediction,Valid
5167,2025-10-10,P003,1.886430263519287,LSTM,Prediction,Valid
5168,2025-10-11,P003,1.889696478843689,LSTM,Prediction,Valid
5169,2025-10-12,P003,1.878335237503052,LSTM,Prediction,Valid
5170,2025-10-13,P003,1.880846738815308,LSTM,Prediction,Valid
5171,2025-10-14,P003,1.8879315853118896,LSTM,Prediction,Valid
5172,2025-10-15,P003,1.8949222564697263,LSTM,Prediction,Valid
5173,2025-10-16,P003,1.8806731700897217,LSTM,Prediction,Valid
5174,2025-10-17,P003,1.873690843582153,LSTM,Prediction,Valid
5175,2025-10-18,P003,1.8940465450286863,LSTM,Prediction,Valid
5176,2025-10-19,P003,1.8884483575820925,LSTM,Prediction,Valid
5177,2025-10-20,P003,1.8741999864578247,LSTM,Prediction,Valid
5178,2025-10-21,P003,1.8775795698165891,LSTM,Prediction,Valid
5179,2025-10-22,P003,1.8742939233779907,LSTM,Prediction,Valid
5180,2025-10-23,P003,1.8938839435577397,LSTM,Prediction,Valid
5181,2025-10-24,P003,1.8930717706680296,LSTM,Prediction,Valid
5182,2025-10-25,P003,1.8766323328018188,LSTM,Prediction,Valid
5183,2025-10-26,P003,1.8952943086624143,LSTM,Prediction,Valid
5184,2025-10-27,P003,1.8908268213272093,LSTM,Prediction,Valid
5185,2025-10-28,P003,1.8960431814193728,LSTM,Prediction,Valid
5186,2025-10-29,P003,1.8987689018249512,LSTM,Prediction,Valid
5187,2025-10-30,P003,1.9046365022659304,LSTM,Prediction,Valid
5188,2025-10-31,P003,1.903656363487244,LSTM,Prediction,Valid
5189,2025-11-01,P003,1.9059773683547971,LSTM,Prediction,Valid
5190,2025-11-02,P003,1.8830876350402832,LSTM,Prediction,Valid
5191,2025-11-03,P003,1.8936513662338257,LSTM,Prediction,Valid
5192,2025-11-04,P003,1.90264630317688,LSTM,Prediction,Valid
5193,2025-11-05,P003,1.904456615447998,LSTM,Prediction,Valid
5194,2025-11-06,P003,1.9009391069412231,LSTM,Prediction,Valid
5195,2025-11-07,P003,1.8953670263290403,LSTM,Prediction,Valid
5196,2025-11-08,P003,1.888734579086304,LSTM,Prediction,Valid
5197,2025-11-09,P003,1.8981817960739136,LSTM,Prediction,Valid
5198,2025-11-10,P003,1.8916001319885252,LSTM,Prediction,Valid
5199,2025-11-11,P003,1.893208384513855,LSTM,Prediction,Valid
5200,2025-11-12,P003,1.886515974998474,LSTM,Prediction,Valid
5201,2025-11-13,P003,1.8666510581970213,LSTM,Prediction,Valid
5202,2025-11-14,P003,1.8773475885391235,LSTM,Prediction,Valid
5203,2025-11-15,P003,1.884589672088623,LSTM,Prediction,Valid
5204,2025-11-16,P003,1.8774783611297607,LSTM,Prediction,Valid
5205,2025-11-17,P003,1.8785607814788816,LSTM,Prediction,Valid
5206,2025-11-18,P003,1.8790981769561768,LSTM,Prediction,Valid
5207,2025-11-19,P003,1.886537313461304,LSTM,Prediction,Valid
5208,2025-11-20,P003,1.890508055686951,LSTM,Prediction,Valid
5209,2025-11-21,P003,1.8788594007492063,LSTM,Prediction,Valid
5210,2025-11-22,P003,1.8808157444000244,LSTM,Prediction,Valid
5211,2025-11-23,P003,1.886542558670044,LSTM,Prediction,Valid
5212,2025-11-24,P003,1.886823654174805,LSTM,Prediction,Valid
5213,2025-09-15,P004,2.199570178985596,LSTM,Prediction,Valid
5214,2025-09-16,P004,2.196878433227539,LSTM,Prediction,Valid
5215,2025-09-17,P004,2.1940650939941406,LSTM,Prediction,Valid
5216,2025-09-18,P004,2.1990885734558105,LSTM,Prediction,Valid
5217,2025-09-19,P004,2.200416088104248,LSTM,Prediction,Valid
5218,2025-09-20,P004,2.199827194213867,LSTM,Prediction,Valid
5219,2025-09-21,P004,2.200654983520508,LSTM,Prediction,Valid
5220,2025-09-22,P004,2.202144145965576,LSTM,Prediction,Valid
5221,2025-09-23,P004,2.2010793685913086,LSTM,Prediction,Valid
5222,2025-09-24,P004,2.204845428466797,LSTM,Prediction,Valid
5223,2025-09-25,P004,2.1978087425231934,LSTM,Prediction,Valid
5224,2025-09-26,P004,2.198705673217773,LSTM,Prediction,Valid
5225,2025-09-27,P004,2.202204704284668,LSTM,Prediction,Valid
5226,2025-09-28,P004,2.2111949920654297,LSTM,Prediction,Valid
5227,2025-09-29,P004,2.2000961303710938,LSTM,Prediction,Valid
5228,2025-09-30,P004,2.205392837524414,LSTM,Prediction,Valid
5229,2025-10-01,P004,2.1978678703308105,LSTM,Prediction,Valid
5230,2025-10-02,P004,2.1994032859802246,LSTM,Prediction,Valid
5231,2025-10-03,P004,2.198387622833252,LSTM,Prediction,Valid
5232,2025-10-04,P004,2.1988439559936523,LSTM,Prediction,Valid
5233,2025-10-05,P004,2.2020106315612797,LSTM,Prediction,Valid
5234,2025-10-06,P004,2.201406478881836,LSTM,Prediction,Valid
5235,2025-10-07,P004,2.1952900886535645,LSTM,Prediction,Valid
5236,2025-10-08,P004,2.194400787353516,LSTM,Prediction,Valid
5237,2025-10-09,P004,2.1981163024902344,LSTM,Prediction,Valid
5238,2025-10-10,P004,2.191893577575684,LSTM,Prediction,Valid
5239,2025-10-11,P004,2.1960220336914062,LSTM,Prediction,Valid
5240,2025-10-12,P004,2.1929283142089844,LSTM,Prediction,Valid
5241,2025-10-13,P004,2.192136764526367,LSTM,Prediction,Valid
5242,2025-10-14,P004,2.1965436935424805,LSTM,Prediction,Valid
5243,2025-10-15,P004,2.199885368347168,LSTM,Prediction,Valid
5244,2025-10-16,P004,2.193477153778076,LSTM,Prediction,Valid
5245,2025-10-17,P004,2.191349983215332,LSTM,Prediction,Valid
5246,2025-10-18,P004,2.199939250946045,LSTM,Prediction,Valid
5247,2025-10-19,P004,2.1965150833129883,LSTM,Prediction,Valid
5248,2025-10-20,P004,2.1913981437683105,LSTM,Prediction,Valid
5249,2025-10-21,P004,2.192376613616944,LSTM,Prediction,Valid
5250,2025-10-22,P004,2.192564010620117,LSTM,Prediction,Valid
5251,2025-10-23,P004,2.1993298530578613,LSTM,Prediction,Valid
5252,2025-10-24,P004,2.1986379623413086,LSTM,Prediction,Valid
5253,2025-10-25,P004,2.191521644592285,LSTM,Prediction,Valid
5254,2025-10-26,P004,2.207998275756836,LSTM,Prediction,Valid
5255,2025-10-27,P004,2.196241855621338,LSTM,Prediction,Valid
5256,2025-10-28,P004,2.199203491210937,LSTM,Prediction,Valid
5257,2025-10-29,P004,2.199369430541992,LSTM,Prediction,Valid
5258,2025-10-30,P004,2.2086968421936035,LSTM,Prediction,Valid
5259,2025-10-31,P004,2.2007689476013184,LSTM,Prediction,Valid
5260,2025-11-01,P004,2.2006616592407227,LSTM,Prediction,Valid
5261,2025-11-02,P004,2.1943068504333496,LSTM,Prediction,Valid
5262,2025-11-03,P004,2.19998836517334,LSTM,Prediction,Valid
5263,2025-11-04,P004,2.2001872062683105,LSTM,Prediction,Valid
5264,2025-11-05,P004,2.205620765686035,LSTM,Prediction,Valid
5265,2025-11-06,P004,2.201939105987549,LSTM,Prediction,Valid
5266,2025-11-07,P004,2.197643280029297,LSTM,Prediction,Valid
5267,2025-11-08,P004,2.19547700881958,LSTM,Prediction,Valid
5268,2025-11-09,P004,2.198593139648437,LSTM,Prediction,Valid
5269,2025-11-10,P004,2.1976466178894043,LSTM,Prediction,Valid
5270,2025-11-11,P004,2.1967220306396484,LSTM,Prediction,Valid
5271,2025-11-12,P004,2.1939682960510254,LSTM,Prediction,Valid
5272,2025-11-13,P004,2.190363883972168,LSTM,Prediction,Valid
5273,2025-11-14,P004,2.191122531890869,LSTM,Prediction,Valid
5274,2025-11-15,P004,2.1943435668945312,LSTM,Prediction,Valid
5275,2025-11-16,P004,2.1926522254943848,LSTM,Prediction,Valid
5276,2025-11-17,P004,2.1936755180358887,LSTM,Prediction,Valid
5277,2025-11-18,P004,2.192838668823242,LSTM,Prediction,Valid
5278,2025-11-19,P004,2.195709228515625,LSTM,Prediction,Valid
5279,2025-11-20,P004,2.1974196434021,LSTM,Prediction,Valid
5280,2025-11-21,P004,2.19249963760376,LSTM,Prediction,Valid
5281,2025-11-22,P004,2.192996025085449,LSTM,Prediction,Valid
5282,2025-11-23,P004,2.1964545249938965,LSTM,Prediction,Valid
5283,2025-11-24,P004,2.195990562438965,LSTM,Prediction,Valid
5284,2025-09-15,P005,2.014274835586548,LSTM,Prediction,Valid
5285,2025-09-16,P005,2.012246370315552,LSTM,Prediction,Valid
5286,2025-09-17,P005,2.0066239833831787,LSTM,Prediction,Valid
5287,2025-09-18,P005,2.013845443725586,LSTM,Prediction,Valid
5288,2025-09-19,P005,2.0150017738342285,LSTM,Prediction,Valid
5289,2025-09-20,P005,2.014732360839844,LSTM,Prediction,Valid
5290,2025-09-21,P005,2.01523232460022,LSTM,Prediction,Valid
5291,2025-09-22,P005,2.016758441925049,LSTM,Prediction,Valid
5292,2025-09-23,P005,2.016790866851806,LSTM,Prediction,Valid
5293,2025-09-24,P005,2.0212178230285645,LSTM,Prediction,Valid
5294,2025-09-25,P005,2.013307571411133,LSTM,Prediction,Valid
5295,2025-09-26,P005,2.0142650604248047,LSTM,Prediction,Valid
5296,2025-09-27,P005,2.01668119430542,LSTM,Prediction,Valid
5297,2025-09-28,P005,2.0291967391967773,LSTM,Prediction,Valid
5298,2025-09-29,P005,2.018435478210449,LSTM,Prediction,Valid
5299,2025-09-30,P005,2.02400016784668,LSTM,Prediction,Valid
5300,2025-10-01,P005,2.0138602256774902,LSTM,Prediction,Valid
5301,2025-10-02,P005,2.012464761734009,LSTM,Prediction,Valid
5302,2025-10-03,P005,2.013783693313598,LSTM,Prediction,Valid
5303,2025-10-04,P005,2.0145390033721924,LSTM,Prediction,Valid
5304,2025-10-05,P005,2.017726421356201,LSTM,Prediction,Valid
5305,2025-10-06,P005,2.016281843185425,LSTM,Prediction,Valid
5306,2025-10-07,P005,2.0099992752075195,LSTM,Prediction,Valid
5307,2025-10-08,P005,2.008127450942993,LSTM,Prediction,Valid
5308,2025-10-09,P005,2.009183645248413,LSTM,Prediction,Valid
5309,2025-10-10,P005,2.007806301116944,LSTM,Prediction,Valid
5310,2025-10-11,P005,2.0109221935272217,LSTM,Prediction,Valid
5311,2025-10-12,P005,2.0063459873199463,LSTM,Prediction,Valid
5312,2025-10-13,P005,2.0111470222473145,LSTM,Prediction,Valid
5313,2025-10-14,P005,2.012509346008301,LSTM,Prediction,Valid
5314,2025-10-15,P005,2.0144217014312744,LSTM,Prediction,Valid
5315,2025-10-16,P005,2.00685715675354,LSTM,Prediction,Valid
5316,2025-10-17,P005,2.003746032714844,LSTM,Prediction,Valid
5317,2025-10-18,P005,2.014843463897705,LSTM,Prediction,Valid
5318,2025-10-19,P005,2.011519193649292,LSTM,Prediction,Valid
5319,2025-10-20,P005,2.004430055618286,LSTM,Prediction,Valid
5320,2025-10-21,P005,2.0057833194732666,LSTM,Prediction,Valid
5321,2025-10-22,P005,2.0049984455108643,LSTM,Prediction,Valid
5322,2025-10-23,P005,2.014782667160034,LSTM,Prediction,Valid
5323,2025-10-24,P005,2.014410257339477,LSTM,Prediction,Valid
5324,2025-10-25,P005,2.0051491260528564,LSTM,Prediction,Valid
5325,2025-10-26,P005,2.020752429962158,LSTM,Prediction,Valid
5326,2025-10-27,P005,2.0089566707611084,LSTM,Prediction,Valid
5327,2025-10-28,P005,2.0135464668273926,LSTM,Prediction,Valid
5328,2025-10-29,P005,2.0136265754699707,LSTM,Prediction,Valid
5329,2025-10-30,P005,2.024425506591797,LSTM,Prediction,Valid
5330,2025-10-31,P005,2.018238306045532,LSTM,Prediction,Valid
5331,2025-11-01,P005,2.0167906284332275,LSTM,Prediction,Valid
5332,2025-11-02,P005,2.0065598487854004,LSTM,Prediction,Valid
5333,2025-11-03,P005,2.0184648036956787,LSTM,Prediction,Valid
5334,2025-11-04,P005,2.0163791179656982,LSTM,Prediction,Valid
5335,2025-11-05,P005,2.022436618804932,LSTM,Prediction,Valid
5336,2025-11-06,P005,2.018563032150269,LSTM,Prediction,Valid
5337,2025-11-07,P005,2.0116991996765137,LSTM,Prediction,Valid
5338,2025-11-08,P005,2.010688066482544,LSTM,Prediction,Valid
5339,2025-11-09,P005,2.0129144191741943,LSTM,Prediction,Valid
5340,2025-11-10,P005,2.013057231903076,LSTM,Prediction,Valid
5341,2025-11-11,P005,2.012616872787476,LSTM,Prediction,Valid
5342,2025-11-12,P005,2.0085957050323486,LSTM,Prediction,Valid
5343,2025-11-13,P005,2.002049684524536,LSTM,Prediction,Valid
5344,2025-11-14,P005,2.004999876022339,LSTM,Prediction,Valid
5345,2025-11-15,P005,2.008063554763794,LSTM,Prediction,Valid
5346,2025-11-16,P005,2.0052249431610107,LSTM,Prediction,Valid
5347,2025-11-17,P005,2.00848388671875,LSTM,Prediction,Valid
5348,2025-11-18,P005,2.006519556045532,LSTM,Prediction,Valid
5349,2025-11-19,P005,2.0107154846191406,LSTM,Prediction,Valid
5350,2025-11-20,P005,2.0125396251678467,LSTM,Prediction,Valid
5351,2025-11-21,P005,2.0060667991638184,LSTM,Prediction,Valid
5352,2025-11-22,P005,2.006687641143799,LSTM,Prediction,Valid
5353,2025-11-23,P005,2.011056661605835,LSTM,Prediction,Valid
5354,2025-11-24,P005,2.008656740188598,LSTM,Prediction,Valid
5355,2025-09-15,P006,2.015458106994629,LSTM,Prediction,Valid
5356,2025-09-16,P006,2.008546829223633,LSTM,Prediction,Valid
5357,2025-09-17,P006,1.9997106790542605,LSTM,Prediction,Valid
5358,2025-09-18,P006,2.0124425888061523,LSTM,Prediction,Valid
5359,2025-09-19,P006,2.014557361602783,LSTM,Prediction,Valid
5360,2025-09-20,P006,2.017637014389038,LSTM,Prediction,Valid
5361,2025-09-21,P006,2.01277494430542,LSTM,Prediction,Valid
5362,2025-09-22,P006,2.012965440750122,LSTM,Prediction,Valid
5363,2025-09-23,P006,2.020723581314087,LSTM,Prediction,Valid
5364,2025-09-24,P006,2.023959159851074,LSTM,Prediction,Valid
5365,2025-09-25,P006,2.0183897018432617,LSTM,Prediction,Valid
5366,2025-09-26,P006,2.017118453979492,LSTM,Prediction,Valid
5367,2025-09-27,P006,2.01821517944336,LSTM,Prediction,Valid
5368,2025-09-28,P006,2.02458930015564,LSTM,Prediction,Valid
5369,2025-09-29,P006,2.023449659347534,LSTM,Prediction,Valid
5370,2025-09-30,P006,2.0211777687072754,LSTM,Prediction,Valid
5371,2025-10-01,P006,2.0163567066192627,LSTM,Prediction,Valid
5372,2025-10-02,P006,2.0152108669281006,LSTM,Prediction,Valid
5373,2025-10-03,P006,2.017275094985962,LSTM,Prediction,Valid
5374,2025-10-04,P006,2.0184695720672607,LSTM,Prediction,Valid
5375,2025-10-05,P006,2.017122268676758,LSTM,Prediction,Valid
5376,2025-10-06,P006,2.0143260955810547,LSTM,Prediction,Valid
5377,2025-10-07,P006,2.0084097385406494,LSTM,Prediction,Valid
5378,2025-10-08,P006,2.0010793209075928,LSTM,Prediction,Valid
5379,2025-10-09,P006,1.9999905824661253,LSTM,Prediction,Valid
5380,2025-10-10,P006,2.011244535446167,LSTM,Prediction,Valid
5381,2025-10-11,P006,2.009284734725952,LSTM,Prediction,Valid
5382,2025-10-12,P006,2.000448942184448,LSTM,Prediction,Valid
5383,2025-10-13,P006,2.0033445358276367,LSTM,Prediction,Valid
5384,2025-10-14,P006,2.009604454040528,LSTM,Prediction,Valid
5385,2025-10-15,P006,2.0129401683807373,LSTM,Prediction,Valid
5386,2025-10-16,P006,2.002515316009521,LSTM,Prediction,Valid
5387,2025-10-17,P006,1.9950472116470337,LSTM,Prediction,Valid
5388,2025-10-18,P006,2.0133750438690186,LSTM,Prediction,Valid
5389,2025-10-19,P006,2.009291887283325,LSTM,Prediction,Valid
5390,2025-10-20,P006,1.997945785522461,LSTM,Prediction,Valid
5391,2025-10-21,P006,2.000697612762451,LSTM,Prediction,Valid
5392,2025-10-22,P006,1.9962685108184812,LSTM,Prediction,Valid
5393,2025-10-23,P006,2.0144565105438232,LSTM,Prediction,Valid
5394,2025-10-24,P006,2.0096652507781982,LSTM,Prediction,Valid
5395,2025-10-25,P006,2.000147819519043,LSTM,Prediction,Valid
5396,2025-10-26,P006,2.012275695800781,LSTM,Prediction,Valid
5397,2025-10-27,P006,2.0079338550567627,LSTM,Prediction,Valid
5398,2025-10-28,P006,2.013715982437134,LSTM,Prediction,Valid
5399,2025-10-29,P006,2.01664662361145,LSTM,Prediction,Valid
5400,2025-10-30,P006,2.0169661045074463,LSTM,Prediction,Valid
5401,2025-10-31,P006,2.0214762687683105,LSTM,Prediction,Valid
5402,2025-11-01,P006,2.02567982673645,LSTM,Prediction,Valid
5403,2025-11-02,P006,2.0024282932281494,LSTM,Prediction,Valid
5404,2025-11-03,P006,2.0139920711517334,LSTM,Prediction,Valid
5405,2025-11-04,P006,2.0193769931793213,LSTM,Prediction,Valid
5406,2025-11-05,P006,2.0177125930786133,LSTM,Prediction,Valid
5407,2025-11-06,P006,2.0186753273010254,LSTM,Prediction,Valid
5408,2025-11-07,P006,2.014075517654419,LSTM,Prediction,Valid
5409,2025-11-08,P006,2.0078444480896,LSTM,Prediction,Valid
5410,2025-11-09,P006,2.017117500305176,LSTM,Prediction,Valid
5411,2025-11-10,P006,2.0101685523986816,LSTM,Prediction,Valid
5412,2025-11-11,P006,2.013996362686157,LSTM,Prediction,Valid
5413,2025-11-12,P006,2.009305953979492,LSTM,Prediction,Valid
5414,2025-11-13,P006,1.99117648601532,LSTM,Prediction,Valid
5415,2025-11-14,P006,2.0009708404541016,LSTM,Prediction,Valid
5416,2025-11-15,P006,2.00600814819336,LSTM,Prediction,Valid
5417,2025-11-16,P006,2.0003135204315186,LSTM,Prediction,Valid
5418,2025-11-17,P006,1.9996798038482664,LSTM,Prediction,Valid
5419,2025-11-18,P006,2.001143455505371,LSTM,Prediction,Valid
5420,2025-11-19,P006,2.0092597007751465,LSTM,Prediction,Valid
5421,2025-11-20,P006,2.009327173233032,LSTM,Prediction,Valid
5422,2025-11-21,P006,2.000950813293457,LSTM,Prediction,Valid
5423,2025-11-22,P006,2.003941297531128,LSTM,Prediction,Valid
5424,2025-11-23,P006,2.0086300373077397,LSTM,Prediction,Valid
5425,2025-11-24,P006,2.0059733390808105,LSTM,Prediction,Valid
5426,2025-09-15,P007,2.2728755474090576,LSTM,Prediction,Valid
5427,2025-09-16,P007,2.2690975666046143,LSTM,Prediction,Valid
5428,2025-09-17,P007,2.261336326599121,LSTM,Prediction,Valid
5429,2025-09-18,P007,2.276805639266968,LSTM,Prediction,Valid
5430,2025-09-19,P007,2.276116847991944,LSTM,Prediction,Valid
5431,2025-09-20,P007,2.272037506103516,LSTM,Prediction,Valid
5432,2025-09-21,P007,2.2768824100494385,LSTM,Prediction,Valid
5433,2025-09-22,P007,2.280313491821289,LSTM,Prediction,Valid
5434,2025-09-23,P007,2.278120517730713,LSTM,Prediction,Valid
5435,2025-09-24,P007,2.2851555347442627,LSTM,Prediction,Valid
5436,2025-09-25,P007,2.2750675678253174,LSTM,Prediction,Valid
5437,2025-09-26,P007,2.2750556468963623,LSTM,Prediction,Valid
5438,2025-09-27,P007,2.2770588397979736,LSTM,Prediction,Valid
5439,2025-09-28,P007,2.287966728210449,LSTM,Prediction,Valid
5440,2025-09-29,P007,2.277519941329956,LSTM,Prediction,Valid
5441,2025-09-30,P007,2.2841992378234863,LSTM,Prediction,Valid
5442,2025-10-01,P007,2.271695137023926,LSTM,Prediction,Valid
5443,2025-10-02,P007,2.272401809692383,LSTM,Prediction,Valid
5444,2025-10-03,P007,2.2714455127716064,LSTM,Prediction,Valid
5445,2025-10-04,P007,2.2715888023376465,LSTM,Prediction,Valid
5446,2025-10-05,P007,2.2812275886535645,LSTM,Prediction,Valid
5447,2025-10-06,P007,2.271439552307129,LSTM,Prediction,Valid
5448,2025-10-07,P007,2.2674310207366943,LSTM,Prediction,Valid
5449,2025-10-08,P007,2.265419006347656,LSTM,Prediction,Valid
5450,2025-10-09,P007,2.270866632461548,LSTM,Prediction,Valid
5451,2025-10-10,P007,2.2685418128967285,LSTM,Prediction,Valid
5452,2025-10-11,P007,2.2674574851989746,LSTM,Prediction,Valid
5453,2025-10-12,P007,2.266880750656128,LSTM,Prediction,Valid
5454,2025-10-13,P007,2.273221492767334,LSTM,Prediction,Valid
5455,2025-10-14,P007,2.2701594829559326,LSTM,Prediction,Valid
5456,2025-10-15,P007,2.2723445892333984,LSTM,Prediction,Valid
5457,2025-10-16,P007,2.264479637145996,LSTM,Prediction,Valid
5458,2025-10-17,P007,2.259354591369629,LSTM,Prediction,Valid
5459,2025-10-18,P007,2.2758824825286865,LSTM,Prediction,Valid
5460,2025-10-19,P007,2.2694342136383057,LSTM,Prediction,Valid
5461,2025-10-20,P007,2.2629377841949463,LSTM,Prediction,Valid
5462,2025-10-21,P007,2.2641866207122803,LSTM,Prediction,Valid
5463,2025-10-22,P007,2.26235580444336,LSTM,Prediction,Valid
5464,2025-10-23,P007,2.275904417037964,LSTM,Prediction,Valid
5465,2025-10-24,P007,2.274688005447388,LSTM,Prediction,Valid
5466,2025-10-25,P007,2.2670977115631104,LSTM,Prediction,Valid
5467,2025-10-26,P007,2.2825098037719727,LSTM,Prediction,Valid
5468,2025-10-27,P007,2.269686222076416,LSTM,Prediction,Valid
5469,2025-10-28,P007,2.2735700607299805,LSTM,Prediction,Valid
5470,2025-10-29,P007,2.2747931480407715,LSTM,Prediction,Valid
5471,2025-10-30,P007,2.2829878330230717,LSTM,Prediction,Valid
5472,2025-10-31,P007,2.279296636581421,LSTM,Prediction,Valid
5473,2025-11-01,P007,2.2810709476470947,LSTM,Prediction,Valid
5474,2025-11-02,P007,2.266218900680542,LSTM,Prediction,Valid
5475,2025-11-03,P007,2.2800843715667725,LSTM,Prediction,Valid
5476,2025-11-04,P007,2.2742154598236084,LSTM,Prediction,Valid
5477,2025-11-05,P007,2.282388687133789,LSTM,Prediction,Valid
5478,2025-11-06,P007,2.27842378616333,LSTM,Prediction,Valid
5479,2025-11-07,P007,2.271461009979248,LSTM,Prediction,Valid
5480,2025-11-08,P007,2.2682933807373047,LSTM,Prediction,Valid
5481,2025-11-09,P007,2.272390842437744,LSTM,Prediction,Valid
5482,2025-11-10,P007,2.2676310539245605,LSTM,Prediction,Valid
5483,2025-11-11,P007,2.271547555923462,LSTM,Prediction,Valid
5484,2025-11-12,P007,2.2679364681243896,LSTM,Prediction,Valid
5485,2025-11-13,P007,2.260170221328736,LSTM,Prediction,Valid
5486,2025-11-14,P007,2.2638823986053467,LSTM,Prediction,Valid
5487,2025-11-15,P007,2.2676572799682617,LSTM,Prediction,Valid
5488,2025-11-16,P007,2.2644927501678467,LSTM,Prediction,Valid
5489,2025-11-17,P007,2.26699161529541,LSTM,Prediction,Valid
5490,2025-11-18,P007,2.263590097427368,LSTM,Prediction,Valid
5491,2025-11-19,P007,2.269589424133301,LSTM,Prediction,Valid
5492,2025-11-20,P007,2.270954132080078,LSTM,Prediction,Valid
5493,2025-11-21,P007,2.2658424377441406,LSTM,Prediction,Valid
5494,2025-11-22,P007,2.2675702571868896,LSTM,Prediction,Valid
5495,2025-11-23,P007,2.2718231678009038,LSTM,Prediction,Valid
5496,2025-11-24,P007,2.267840385437012,LSTM,Prediction,Valid
5497,2025-09-15,P008,2.0048604011535645,LSTM,Prediction,Valid
5498,2025-09-16,P008,2.0040392875671387,LSTM,Prediction,Valid
5499,2025-09-17,P008,1.9979915618896484,LSTM,Prediction,Valid
5500,2025-09-18,P008,1.998363018035889,LSTM,Prediction,Valid
5501,2025-09-19,P008,2.00493597984314,LSTM,Prediction,Valid
5502,2025-09-20,P008,2.005845308303833,LSTM,Prediction,Valid
5503,2025-09-21,P008,2.003093957901001,LSTM,Prediction,Valid
5504,2025-09-22,P008,2.005568265914917,LSTM,Prediction,Valid
5505,2025-09-23,P008,2.0082812309265137,LSTM,Prediction,Valid
5506,2025-09-24,P008,2.008910894393921,LSTM,Prediction,Valid
5507,2025-09-25,P008,2.0045769214630127,LSTM,Prediction,Valid
5508,2025-09-26,P008,2.006371259689331,LSTM,Prediction,Valid
5509,2025-09-27,P008,2.0059542655944824,LSTM,Prediction,Valid
5510,2025-09-28,P008,2.0090231895446777,LSTM,Prediction,Valid
5511,2025-09-29,P008,2.01029634475708,LSTM,Prediction,Valid
5512,2025-09-30,P008,2.011186122894287,LSTM,Prediction,Valid
5513,2025-10-01,P008,2.005544662475586,LSTM,Prediction,Valid
5514,2025-10-02,P008,2.0045053958892822,LSTM,Prediction,Valid
5515,2025-10-03,P008,2.006588697433472,LSTM,Prediction,Valid
5516,2025-10-04,P008,2.007347583770752,LSTM,Prediction,Valid
5517,2025-10-05,P008,2.008640766143799,LSTM,Prediction,Valid
5518,2025-10-06,P008,2.005054235458374,LSTM,Prediction,Valid
5519,2025-10-07,P008,2.001540422439575,LSTM,Prediction,Valid
5520,2025-10-08,P008,1.9979923963546755,LSTM,Prediction,Valid
5521,2025-10-09,P008,1.998319625854492,LSTM,Prediction,Valid
5522,2025-10-10,P008,1.998712658882141,LSTM,Prediction,Valid
5523,2025-10-11,P008,2.003192186355591,LSTM,Prediction,Valid
5524,2025-10-12,P008,1.9988667964935305,LSTM,Prediction,Valid
5525,2025-10-13,P008,2.0022571086883545,LSTM,Prediction,Valid
5526,2025-10-14,P008,2.001666307449341,LSTM,Prediction,Valid
5527,2025-10-15,P008,2.0043365955352783,LSTM,Prediction,Valid
5528,2025-10-16,P008,1.99848747253418,LSTM,Prediction,Valid
5529,2025-10-17,P008,1.9950668811798096,LSTM,Prediction,Valid
5530,2025-10-18,P008,2.0022943019866943,LSTM,Prediction,Valid
5531,2025-10-19,P008,2.001953125,LSTM,Prediction,Valid
5532,2025-10-20,P008,1.995616436004639,LSTM,Prediction,Valid
5533,2025-10-21,P008,1.9967892169952397,LSTM,Prediction,Valid
5534,2025-10-22,P008,1.995328545570373,LSTM,Prediction,Valid
5535,2025-10-23,P008,2.003162145614624,LSTM,Prediction,Valid
5536,2025-10-24,P008,2.00520658493042,LSTM,Prediction,Valid
5537,2025-10-25,P008,1.9958624839782717,LSTM,Prediction,Valid
5538,2025-10-26,P008,1.9992676973342896,LSTM,Prediction,Valid
5539,2025-10-27,P008,2.0024778842926025,LSTM,Prediction,Valid
5540,2025-10-28,P008,2.0038485527038574,LSTM,Prediction,Valid
5541,2025-10-29,P008,2.005805015563965,LSTM,Prediction,Valid
5542,2025-10-30,P008,2.008162260055542,LSTM,Prediction,Valid
5543,2025-10-31,P008,2.00876784324646,LSTM,Prediction,Valid
5544,2025-11-01,P008,2.006215333938598,LSTM,Prediction,Valid
5545,2025-11-02,P008,1.9988343715667725,LSTM,Prediction,Valid
5546,2025-11-03,P008,2.006567001342773,LSTM,Prediction,Valid
5547,2025-11-04,P008,2.006348133087158,LSTM,Prediction,Valid
5548,2025-11-05,P008,2.009650230407715,LSTM,Prediction,Valid
5549,2025-11-06,P008,2.0075936317443848,LSTM,Prediction,Valid
5550,2025-11-07,P008,2.004882335662842,LSTM,Prediction,Valid
5551,2025-11-08,P008,2.0037667751312256,LSTM,Prediction,Valid
5552,2025-11-09,P008,2.003695011138916,LSTM,Prediction,Valid
5553,2025-11-10,P008,2.0049853324890137,LSTM,Prediction,Valid
5554,2025-11-11,P008,2.004667043685913,LSTM,Prediction,Valid
5555,2025-11-12,P008,1.999833583831787,LSTM,Prediction,Valid
5556,2025-11-13,P008,1.9916540384292605,LSTM,Prediction,Valid
5557,2025-11-14,P008,1.9957658052444456,LSTM,Prediction,Valid
5558,2025-11-15,P008,1.9999804496765137,LSTM,Prediction,Valid
5559,2025-11-16,P008,1.9958267211914065,LSTM,Prediction,Valid
5560,2025-11-17,P008,1.9983069896698,LSTM,Prediction,Valid
5561,2025-11-18,P008,1.9978119134902956,LSTM,Prediction,Valid
5562,2025-11-19,P008,2.0002880096435547,LSTM,Prediction,Valid
5563,2025-11-20,P008,2.000772714614868,LSTM,Prediction,Valid
5564,2025-11-21,P008,1.997894287109375,LSTM,Prediction,Valid
5565,2025-11-22,P008,1.9968726634979248,LSTM,Prediction,Valid
5566,2025-11-23,P008,2.000176429748535,LSTM,Prediction,Valid
5567,2025-11-24,P008,1.9987534284591677,LSTM,Prediction,Valid
5568,2025-09-15,P009,2.023172616958618,LSTM,Prediction,Valid
5569,2025-09-16,P009,2.0200307369232178,LSTM,Prediction,Valid
5570,2025-09-17,P009,2.0166337490081787,LSTM,Prediction,Valid
5571,2025-09-18,P009,2.0168612003326416,LSTM,Prediction,Valid
5572,2025-09-19,P009,2.0196070671081543,LSTM,Prediction,Valid
5573,2025-09-20,P009,2.0220887660980225,LSTM,Prediction,Valid
5574,2025-09-21,P009,2.0185799598693848,LSTM,Prediction,Valid
5575,2025-09-22,P009,2.02213978767395,LSTM,Prediction,Valid
5576,2025-09-23,P009,2.024325370788574,LSTM,Prediction,Valid
5577,2025-09-24,P009,2.0236597061157227,LSTM,Prediction,Valid
5578,2025-09-25,P009,2.02162504196167,LSTM,Prediction,Valid
5579,2025-09-26,P009,2.021247386932373,LSTM,Prediction,Valid
5580,2025-09-27,P009,2.0238606929779053,LSTM,Prediction,Valid
5581,2025-09-28,P009,2.0314934253692627,LSTM,Prediction,Valid
5582,2025-09-29,P009,2.026141881942749,LSTM,Prediction,Valid
5583,2025-09-30,P009,2.0258679389953613,LSTM,Prediction,Valid
5584,2025-10-01,P009,2.023881673812866,LSTM,Prediction,Valid
5585,2025-10-02,P009,2.0234007835388184,LSTM,Prediction,Valid
5586,2025-10-03,P009,2.0240249633789062,LSTM,Prediction,Valid
5587,2025-10-04,P009,2.024962902069092,LSTM,Prediction,Valid
5588,2025-10-05,P009,2.023394823074341,LSTM,Prediction,Valid
5589,2025-10-06,P009,2.0242834091186523,LSTM,Prediction,Valid
5590,2025-10-07,P009,2.018089771270752,LSTM,Prediction,Valid
5591,2025-10-08,P009,2.015288591384888,LSTM,Prediction,Valid
5592,2025-10-09,P009,2.015007495880127,LSTM,Prediction,Valid
5593,2025-10-10,P009,2.015687704086304,LSTM,Prediction,Valid
5594,2025-10-11,P009,2.0204403400421143,LSTM,Prediction,Valid
5595,2025-10-12,P009,2.0135529041290283,LSTM,Prediction,Valid
5596,2025-10-13,P009,2.010331153869629,LSTM,Prediction,Valid
5597,2025-10-14,P009,2.0176398754119877,LSTM,Prediction,Valid
5598,2025-10-15,P009,2.021641254425049,LSTM,Prediction,Valid
5599,2025-10-16,P009,2.015054225921631,LSTM,Prediction,Valid
5600,2025-10-17,P009,2.0136466026306152,LSTM,Prediction,Valid
5601,2025-10-18,P009,2.01948356628418,LSTM,Prediction,Valid
5602,2025-10-19,P009,2.0180397033691406,LSTM,Prediction,Valid
5603,2025-10-20,P009,2.012371063232422,LSTM,Prediction,Valid
5604,2025-10-21,P009,2.0129811763763428,LSTM,Prediction,Valid
5605,2025-10-22,P009,2.012579679489136,LSTM,Prediction,Valid
5606,2025-10-23,P009,2.0196101665496826,LSTM,Prediction,Valid
5607,2025-10-24,P009,2.020037889480591,LSTM,Prediction,Valid
5608,2025-10-25,P009,2.0109951496124268,LSTM,Prediction,Valid
5609,2025-10-26,P009,2.023975372314453,LSTM,Prediction,Valid
5610,2025-10-27,P009,2.018351793289185,LSTM,Prediction,Valid
5611,2025-10-28,P009,2.0214593410491943,LSTM,Prediction,Valid
5612,2025-10-29,P009,2.021752119064331,LSTM,Prediction,Valid
5613,2025-10-30,P009,2.0279386043548584,LSTM,Prediction,Valid
5614,2025-10-31,P009,2.024699687957764,LSTM,Prediction,Valid
5615,2025-11-01,P009,2.02234411239624,LSTM,Prediction,Valid
5616,2025-11-02,P009,2.015793561935425,LSTM,Prediction,Valid
5617,2025-11-03,P009,2.017453670501709,LSTM,Prediction,Valid
5618,2025-11-04,P009,2.0248799324035645,LSTM,Prediction,Valid
5619,2025-11-05,P009,2.0288314819335938,LSTM,Prediction,Valid
5620,2025-11-06,P009,2.0242838859558105,LSTM,Prediction,Valid
5621,2025-11-07,P009,2.0203042030334477,LSTM,Prediction,Valid
5622,2025-11-08,P009,2.0192267894744877,LSTM,Prediction,Valid
5623,2025-11-09,P009,2.0233492851257324,LSTM,Prediction,Valid
5624,2025-11-10,P009,2.024261713027954,LSTM,Prediction,Valid
5625,2025-11-11,P009,2.0196752548217773,LSTM,Prediction,Valid
5626,2025-11-12,P009,2.016244649887085,LSTM,Prediction,Valid
5627,2025-11-13,P009,2.010375738143921,LSTM,Prediction,Valid
5628,2025-11-14,P009,2.0128397941589355,LSTM,Prediction,Valid
5629,2025-11-15,P009,2.01583194732666,LSTM,Prediction,Valid
5630,2025-11-16,P009,2.0124599933624268,LSTM,Prediction,Valid
5631,2025-11-17,P009,2.0137875080108643,LSTM,Prediction,Valid
5632,2025-11-18,P009,2.0143699645996094,LSTM,Prediction,Valid
5633,2025-11-19,P009,2.0172648429870605,LSTM,Prediction,Valid
5634,2025-11-20,P009,2.0222620964050293,LSTM,Prediction,Valid
5635,2025-11-21,P009,2.013055324554444,LSTM,Prediction,Valid
5636,2025-11-22,P009,2.013343334197998,LSTM,Prediction,Valid
5637,2025-11-23,P009,2.0150744915008545,LSTM,Prediction,Valid
5638,2025-11-24,P009,2.0173709392547607,LSTM,Prediction,Valid
5639,2025-09-15,P010,2.06034517288208,LSTM,Prediction,Valid
5640,2025-09-16,P010,2.0577738285064697,LSTM,Prediction,Valid
5641,2025-09-17,P010,2.047708511352539,LSTM,Prediction,Valid
5642,2025-09-18,P010,2.0606231689453125,LSTM,Prediction,Valid
5643,2025-09-19,P010,2.0616884231567383,LSTM,Prediction,Valid
5644,2025-09-20,P010,2.0622730255126958,LSTM,Prediction,Valid
5645,2025-09-21,P010,2.0591354370117188,LSTM,Prediction,Valid
5646,2025-09-22,P010,2.064876079559326,LSTM,Prediction,Valid
5647,2025-09-23,P010,2.0673422813415527,LSTM,Prediction,Valid
5648,2025-09-24,P010,2.069651365280152,LSTM,Prediction,Valid
5649,2025-09-25,P010,2.061802625656128,LSTM,Prediction,Valid
5650,2025-09-26,P010,2.062542676925659,LSTM,Prediction,Valid
5651,2025-09-27,P010,2.0628018379211426,LSTM,Prediction,Valid
5652,2025-09-28,P010,2.070951223373413,LSTM,Prediction,Valid
5653,2025-09-29,P010,2.065846920013428,LSTM,Prediction,Valid
5654,2025-09-30,P010,2.0706608295440674,LSTM,Prediction,Valid
5655,2025-10-01,P010,2.059776306152344,LSTM,Prediction,Valid
5656,2025-10-02,P010,2.0585196018218994,LSTM,Prediction,Valid
5657,2025-10-03,P010,2.061439514160156,LSTM,Prediction,Valid
5658,2025-10-04,P010,2.062519073486328,LSTM,Prediction,Valid
5659,2025-10-05,P010,2.065798282623291,LSTM,Prediction,Valid
5660,2025-10-06,P010,2.0594725608825684,LSTM,Prediction,Valid
5661,2025-10-07,P010,2.0550873279571533,LSTM,Prediction,Valid
5662,2025-10-08,P010,2.0522170066833496,LSTM,Prediction,Valid
5663,2025-10-09,P010,2.0522165298461914,LSTM,Prediction,Valid
5664,2025-10-10,P010,2.05603575706482,LSTM,Prediction,Valid
5665,2025-10-11,P010,2.057375192642212,LSTM,Prediction,Valid
5666,2025-10-12,P010,2.052605152130127,LSTM,Prediction,Valid
5667,2025-10-13,P010,2.0558464527130127,LSTM,Prediction,Valid
5668,2025-10-14,P010,2.057141065597534,LSTM,Prediction,Valid
5669,2025-10-15,P010,2.0586421489715576,LSTM,Prediction,Valid
5670,2025-10-16,P010,2.0513062477111816,LSTM,Prediction,Valid
5671,2025-10-17,P010,2.044955015182495,LSTM,Prediction,Valid
5672,2025-10-18,P010,2.0593419075012207,LSTM,Prediction,Valid
5673,2025-10-19,P010,2.056143283843994,LSTM,Prediction,Valid
5674,2025-10-20,P010,2.047287702560425,LSTM,Prediction,Valid
5675,2025-10-21,P010,2.0491247177124023,LSTM,Prediction,Valid
5676,2025-10-22,P010,2.0470290184021,LSTM,Prediction,Valid
5677,2025-10-23,P010,2.060582399368286,LSTM,Prediction,Valid
5678,2025-10-24,P010,2.0589792728424072,LSTM,Prediction,Valid
5679,2025-10-25,P010,2.0498945713043213,LSTM,Prediction,Valid
5680,2025-10-26,P010,2.0620243549346924,LSTM,Prediction,Valid
5681,2025-10-27,P010,2.0561459064483643,LSTM,Prediction,Valid
5682,2025-10-28,P010,2.061328649520874,LSTM,Prediction,Valid
5683,2025-10-29,P010,2.062558650970459,LSTM,Prediction,Valid
5684,2025-10-30,P010,2.0659096240997314,LSTM,Prediction,Valid
5685,2025-10-31,P010,2.0652222633361816,LSTM,Prediction,Valid
5686,2025-11-01,P010,2.0675177574157715,LSTM,Prediction,Valid
5687,2025-11-02,P010,2.0524134635925293,LSTM,Prediction,Valid
5688,2025-11-03,P010,2.062237501144409,LSTM,Prediction,Valid
5689,2025-11-04,P010,2.062816858291626,LSTM,Prediction,Valid
5690,2025-11-05,P010,2.07238245010376,LSTM,Prediction,Valid
5691,2025-11-06,P010,2.066021680831909,LSTM,Prediction,Valid
5692,2025-11-07,P010,2.0603156089782715,LSTM,Prediction,Valid
5693,2025-11-08,P010,2.0574724674224854,LSTM,Prediction,Valid
5694,2025-11-09,P010,2.0600392818450928,LSTM,Prediction,Valid
5695,2025-11-10,P010,2.0607614517211914,LSTM,Prediction,Valid
5696,2025-11-11,P010,2.059504747390747,LSTM,Prediction,Valid
5697,2025-11-12,P010,2.054622173309326,LSTM,Prediction,Valid
5698,2025-11-13,P010,2.043125867843628,LSTM,Prediction,Valid
5699,2025-11-14,P010,2.049119234085083,LSTM,Prediction,Valid
5700,2025-11-15,P010,2.0538668632507324,LSTM,Prediction,Valid
5701,2025-11-16,P010,2.049018621444702,LSTM,Prediction,Valid
5702,2025-11-17,P010,2.0521883964538574,LSTM,Prediction,Valid
5703,2025-11-18,P010,2.050501108169556,LSTM,Prediction,Valid
5704,2025-11-19,P010,2.0549302101135254,LSTM,Prediction,Valid
5705,2025-11-20,P010,2.056051731109619,LSTM,Prediction,Valid
5706,2025-11-21,P010,2.050374984741211,LSTM,Prediction,Valid
5707,2025-11-22,P010,2.0523154735565186,LSTM,Prediction,Valid
5708,2025-11-23,P010,2.055792093276977,LSTM,Prediction,Valid
5709,2025-11-24,P010,2.0534229278564453,LSTM,Prediction,Valid
5710,2025-09-15,P011,2.179471015930176,LSTM,Prediction,Valid
5711,2025-09-16,P011,2.1781704425811768,LSTM,Prediction,Valid
5712,2025-09-17,P011,2.168335437774658,LSTM,Prediction,Valid
5713,2025-09-18,P011,2.1741976737976074,LSTM,Prediction,Valid
5714,2025-09-19,P011,2.178518772125244,LSTM,Prediction,Valid
5715,2025-09-20,P011,2.180213689804077,LSTM,Prediction,Valid
5716,2025-09-21,P011,2.175288438796997,LSTM,Prediction,Valid
5717,2025-09-22,P011,2.181326389312744,LSTM,Prediction,Valid
5718,2025-09-23,P011,2.1847047805786133,LSTM,Prediction,Valid
5719,2025-09-24,P011,2.187241077423096,LSTM,Prediction,Valid
5720,2025-09-25,P011,2.1807923316955566,LSTM,Prediction,Valid
5721,2025-09-26,P011,2.180546522140503,LSTM,Prediction,Valid
5722,2025-09-27,P011,2.1825246810913086,LSTM,Prediction,Valid
5723,2025-09-28,P011,2.196607112884521,LSTM,Prediction,Valid
5724,2025-09-29,P011,2.185513496398926,LSTM,Prediction,Valid
5725,2025-09-30,P011,2.1868491172790527,LSTM,Prediction,Valid
5726,2025-10-01,P011,2.180471897125244,LSTM,Prediction,Valid
5727,2025-10-02,P011,2.182116270065308,LSTM,Prediction,Valid
5728,2025-10-03,P011,2.1823575496673584,LSTM,Prediction,Valid
5729,2025-10-04,P011,2.183342933654785,LSTM,Prediction,Valid
5730,2025-10-05,P011,2.181857109069824,LSTM,Prediction,Valid
5731,2025-10-06,P011,2.1809144020080566,LSTM,Prediction,Valid
5732,2025-10-07,P011,2.1750667095184326,LSTM,Prediction,Valid
5733,2025-10-08,P011,2.169885873794556,LSTM,Prediction,Valid
5734,2025-10-09,P011,2.17093563079834,LSTM,Prediction,Valid
5735,2025-10-10,P011,2.176885843276977,LSTM,Prediction,Valid
5736,2025-10-11,P011,2.1792759895324707,LSTM,Prediction,Valid
5737,2025-10-12,P011,2.171698570251465,LSTM,Prediction,Valid
5738,2025-10-13,P011,2.171510696411133,LSTM,Prediction,Valid
5739,2025-10-14,P011,2.1758832931518555,LSTM,Prediction,Valid
5740,2025-10-15,P011,2.178091764450073,LSTM,Prediction,Valid
5741,2025-10-16,P011,2.1705880165100098,LSTM,Prediction,Valid
5742,2025-10-17,P011,2.165438175201416,LSTM,Prediction,Valid
5743,2025-10-18,P011,2.178051710128784,LSTM,Prediction,Valid
5744,2025-10-19,P011,2.17542052268982,LSTM,Prediction,Valid
5745,2025-10-20,P011,2.167552709579468,LSTM,Prediction,Valid
5746,2025-10-21,P011,2.167185544967652,LSTM,Prediction,Valid
5747,2025-10-22,P011,2.166700601577759,LSTM,Prediction,Valid
5748,2025-10-23,P011,2.1754372119903564,LSTM,Prediction,Valid
5749,2025-10-24,P011,2.17771577835083,LSTM,Prediction,Valid
5750,2025-10-25,P011,2.1664013862609863,LSTM,Prediction,Valid
5751,2025-10-26,P011,2.181701183319092,LSTM,Prediction,Valid
5752,2025-10-27,P011,2.1756598949432373,LSTM,Prediction,Valid
5753,2025-10-28,P011,2.1775691509246826,LSTM,Prediction,Valid
5754,2025-10-29,P011,2.1803555488586426,LSTM,Prediction,Valid
5755,2025-10-30,P011,2.1868507862091064,LSTM,Prediction,Valid
5756,2025-10-31,P011,2.185200452804565,LSTM,Prediction,Valid
5757,2025-11-01,P011,2.18448543548584,LSTM,Prediction,Valid
5758,2025-11-02,P011,2.1719810962677,LSTM,Prediction,Valid
5759,2025-11-03,P011,2.177843809127808,LSTM,Prediction,Valid
5760,2025-11-04,P011,2.181852340698242,LSTM,Prediction,Valid
5761,2025-11-05,P011,2.1885805130004883,LSTM,Prediction,Valid
5762,2025-11-06,P011,2.184390068054199,LSTM,Prediction,Valid
5763,2025-11-07,P011,2.1798670291900635,LSTM,Prediction,Valid
5764,2025-11-08,P011,2.1780171394348145,LSTM,Prediction,Valid
5765,2025-11-09,P011,2.17984938621521,LSTM,Prediction,Valid
5766,2025-11-10,P011,2.183812379837036,LSTM,Prediction,Valid
5767,2025-11-11,P011,2.178095579147339,LSTM,Prediction,Valid
5768,2025-11-12,P011,2.17325496673584,LSTM,Prediction,Valid
5769,2025-11-13,P011,2.166128873825073,LSTM,Prediction,Valid
5770,2025-11-14,P011,2.168051242828369,LSTM,Prediction,Valid
5771,2025-11-15,P011,2.1713976860046387,LSTM,Prediction,Valid
5772,2025-11-16,P011,2.168309211730957,LSTM,Prediction,Valid
5773,2025-11-17,P011,2.168584108352661,LSTM,Prediction,Valid
5774,2025-11-18,P011,2.169516324996948,LSTM,Prediction,Valid
5775,2025-11-19,P011,2.174280405044556,LSTM,Prediction,Valid
5776,2025-11-20,P011,2.17742657661438,LSTM,Prediction,Valid
5777,2025-11-21,P011,2.168215751647949,LSTM,Prediction,Valid
5778,2025-11-22,P011,2.1713078022003174,LSTM,Prediction,Valid
5779,2025-11-23,P011,2.172405242919922,LSTM,Prediction,Valid
5780,2025-11-24,P011,2.172487497329712,LSTM,Prediction,Valid
5781,2025-09-15,P012,1.908823013305664,LSTM,Prediction,Valid
5782,2025-09-16,P012,1.905657410621643,LSTM,Prediction,Valid
5783,2025-09-17,P012,1.8990049362182615,LSTM,Prediction,Valid
5784,2025-09-18,P012,1.9045944213867188,LSTM,Prediction,Valid
5785,2025-09-19,P012,1.90824830532074,LSTM,Prediction,Valid
5786,2025-09-20,P012,1.9080915451049805,LSTM,Prediction,Valid
5787,2025-09-21,P012,1.9092011451721191,LSTM,Prediction,Valid
5788,2025-09-22,P012,1.9108730554580688,LSTM,Prediction,Valid
5789,2025-09-23,P012,1.9109913110733032,LSTM,Prediction,Valid
5790,2025-09-24,P012,1.915365219116211,LSTM,Prediction,Valid
5791,2025-09-25,P012,1.9099119901657104,LSTM,Prediction,Valid
5792,2025-09-26,P012,1.9088809490203855,LSTM,Prediction,Valid
5793,2025-09-27,P012,1.9117270708084104,LSTM,Prediction,Valid
5794,2025-09-28,P012,1.9219599962234497,LSTM,Prediction,Valid
5795,2025-09-29,P012,1.9138606786727903,LSTM,Prediction,Valid
5796,2025-09-30,P012,1.9148980379104612,LSTM,Prediction,Valid
5797,2025-10-01,P012,1.9105373620986936,LSTM,Prediction,Valid
5798,2025-10-02,P012,1.9109727144241333,LSTM,Prediction,Valid
5799,2025-10-03,P012,1.910648822784424,LSTM,Prediction,Valid
5800,2025-10-04,P012,1.911543369293213,LSTM,Prediction,Valid
5801,2025-10-05,P012,1.913605570793152,LSTM,Prediction,Valid
5802,2025-10-06,P012,1.9091339111328125,LSTM,Prediction,Valid
5803,2025-10-07,P012,1.903780698776245,LSTM,Prediction,Valid
5804,2025-10-08,P012,1.8999429941177368,LSTM,Prediction,Valid
5805,2025-10-09,P012,1.9009666442871092,LSTM,Prediction,Valid
5806,2025-10-10,P012,1.902117371559143,LSTM,Prediction,Valid
5807,2025-10-11,P012,1.9060282707214355,LSTM,Prediction,Valid
5808,2025-10-12,P012,1.9011014699935915,LSTM,Prediction,Valid
5809,2025-10-13,P012,1.898477792739868,LSTM,Prediction,Valid
5810,2025-10-14,P012,1.9046586751937864,LSTM,Prediction,Valid
5811,2025-10-15,P012,1.9071643352508545,LSTM,Prediction,Valid
5812,2025-10-16,P012,1.9004995822906492,LSTM,Prediction,Valid
5813,2025-10-17,P012,1.8966542482376096,LSTM,Prediction,Valid
5814,2025-10-18,P012,1.906930685043335,LSTM,Prediction,Valid
5815,2025-10-19,P012,1.9047797918319704,LSTM,Prediction,Valid
5816,2025-10-20,P012,1.898442029953003,LSTM,Prediction,Valid
5817,2025-10-21,P012,1.8983548879623413,LSTM,Prediction,Valid
5818,2025-10-22,P012,1.8971933126449585,LSTM,Prediction,Valid
5819,2025-10-23,P012,1.9055911302566528,LSTM,Prediction,Valid
5820,2025-10-24,P012,1.90594494342804,LSTM,Prediction,Valid
5821,2025-10-25,P012,1.8973578214645384,LSTM,Prediction,Valid
5822,2025-10-26,P012,1.9126360416412356,LSTM,Prediction,Valid
5823,2025-10-27,P012,1.9043701887130735,LSTM,Prediction,Valid
5824,2025-10-28,P012,1.9074935913085935,LSTM,Prediction,Valid
5825,2025-10-29,P012,1.9096709489822388,LSTM,Prediction,Valid
5826,2025-10-30,P012,1.9146736860275269,LSTM,Prediction,Valid
5827,2025-10-31,P012,1.9131184816360476,LSTM,Prediction,Valid
5828,2025-11-01,P012,1.9138871431350708,LSTM,Prediction,Valid
5829,2025-11-02,P012,1.901402831077576,LSTM,Prediction,Valid
5830,2025-11-03,P012,1.908146619796753,LSTM,Prediction,Valid
5831,2025-11-04,P012,1.9096379280090328,LSTM,Prediction,Valid
5832,2025-11-05,P012,1.9158365726470947,LSTM,Prediction,Valid
5833,2025-11-06,P012,1.9138078689575195,LSTM,Prediction,Valid
5834,2025-11-07,P012,1.9072104692459104,LSTM,Prediction,Valid
5835,2025-11-08,P012,1.9053205251693728,LSTM,Prediction,Valid
5836,2025-11-09,P012,1.9080802202224727,LSTM,Prediction,Valid
5837,2025-11-10,P012,1.9075785875320437,LSTM,Prediction,Valid
5838,2025-11-11,P012,1.9069828987121584,LSTM,Prediction,Valid
5839,2025-11-12,P012,1.901715636253357,LSTM,Prediction,Valid
5840,2025-11-13,P012,1.8959972858428955,LSTM,Prediction,Valid
5841,2025-11-14,P012,1.8974751234054563,LSTM,Prediction,Valid
5842,2025-11-15,P012,1.901905059814453,LSTM,Prediction,Valid
5843,2025-11-16,P012,1.897453546524048,LSTM,Prediction,Valid
5844,2025-11-17,P012,1.8988293409347532,LSTM,Prediction,Valid
5845,2025-11-18,P012,1.899411678314209,LSTM,Prediction,Valid
5846,2025-11-19,P012,1.902769684791565,LSTM,Prediction,Valid
5847,2025-11-20,P012,1.9065303802490237,LSTM,Prediction,Valid
5848,2025-11-21,P012,1.8983186483383176,LSTM,Prediction,Valid
5849,2025-11-22,P012,1.9014421701431277,LSTM,Prediction,Valid
5850,2025-11-23,P012,1.9025895595550537,LSTM,Prediction,Valid
5851,2025-11-24,P012,1.9024543762207031,LSTM,Prediction,Valid
5852,2025-09-15,P013,2.005715847015381,LSTM,Prediction,Valid
5853,2025-09-16,P013,2.0024213790893555,LSTM,Prediction,Valid
5854,2025-09-17,P013,1.9938222169876096,LSTM,Prediction,Valid
5855,2025-09-18,P013,2.005321264266968,LSTM,Prediction,Valid
5856,2025-09-19,P013,2.0079565048217773,LSTM,Prediction,Valid
5857,2025-09-20,P013,2.004088878631592,LSTM,Prediction,Valid
5858,2025-09-21,P013,2.0060856342315674,LSTM,Prediction,Valid
5859,2025-09-22,P013,2.0123023986816406,LSTM,Prediction,Valid
5860,2025-09-23,P013,2.012383222579956,LSTM,Prediction,Valid
5861,2025-09-24,P013,2.016396999359131,LSTM,Prediction,Valid
5862,2025-09-25,P013,2.009235143661499,LSTM,Prediction,Valid
5863,2025-09-26,P013,2.006397247314453,LSTM,Prediction,Valid
5864,2025-09-27,P013,2.009398937225342,LSTM,Prediction,Valid
5865,2025-09-28,P013,2.027151346206665,LSTM,Prediction,Valid
5866,2025-09-29,P013,2.013366937637329,LSTM,Prediction,Valid
5867,2025-09-30,P013,2.0160861015319824,LSTM,Prediction,Valid
5868,2025-10-01,P013,2.007811546325684,LSTM,Prediction,Valid
5869,2025-10-02,P013,2.0084879398345947,LSTM,Prediction,Valid
5870,2025-10-03,P013,2.005090951919556,LSTM,Prediction,Valid
5871,2025-10-04,P013,2.005311965942383,LSTM,Prediction,Valid
5872,2025-10-05,P013,2.011072158813477,LSTM,Prediction,Valid
5873,2025-10-06,P013,2.004507303237915,LSTM,Prediction,Valid
5874,2025-10-07,P013,1.9994113445281985,LSTM,Prediction,Valid
5875,2025-10-08,P013,1.9963057041168213,LSTM,Prediction,Valid
5876,2025-10-09,P013,2.0012285709381104,LSTM,Prediction,Valid
5877,2025-10-10,P013,2.0030417442321777,LSTM,Prediction,Valid
5878,2025-10-11,P013,2.0021190643310547,LSTM,Prediction,Valid
5879,2025-10-12,P013,1.9970215559005735,LSTM,Prediction,Valid
5880,2025-10-13,P013,2.002981662750244,LSTM,Prediction,Valid
5881,2025-10-14,P013,2.000773668289185,LSTM,Prediction,Valid
5882,2025-10-15,P013,2.006075859069824,LSTM,Prediction,Valid
5883,2025-10-16,P013,1.995842814445496,LSTM,Prediction,Valid
5884,2025-10-17,P013,1.993038892745972,LSTM,Prediction,Valid
5885,2025-10-18,P013,2.009108543395996,LSTM,Prediction,Valid
5886,2025-10-19,P013,2.000328302383423,LSTM,Prediction,Valid
5887,2025-10-20,P013,1.994127631187439,LSTM,Prediction,Valid
5888,2025-10-21,P013,1.993632435798645,LSTM,Prediction,Valid
5889,2025-10-22,P013,1.993394136428833,LSTM,Prediction,Valid
5890,2025-10-23,P013,2.0075342655181885,LSTM,Prediction,Valid
5891,2025-10-24,P013,2.006293535232544,LSTM,Prediction,Valid
5892,2025-10-25,P013,1.9989607334136963,LSTM,Prediction,Valid
5893,2025-10-26,P013,2.013728141784668,LSTM,Prediction,Valid
5894,2025-10-27,P013,2.001008987426758,LSTM,Prediction,Valid
5895,2025-10-28,P013,2.003861665725708,LSTM,Prediction,Valid
5896,2025-10-29,P013,2.0053858757019043,LSTM,Prediction,Valid
5897,2025-10-30,P013,2.016497850418091,LSTM,Prediction,Valid
5898,2025-10-31,P013,2.014974594116211,LSTM,Prediction,Valid
5899,2025-11-01,P013,2.01053786277771,LSTM,Prediction,Valid
5900,2025-11-02,P013,1.999500393867493,LSTM,Prediction,Valid
5901,2025-11-03,P013,2.007603406906128,LSTM,Prediction,Valid
5902,2025-11-04,P013,2.0095674991607666,LSTM,Prediction,Valid
5903,2025-11-05,P013,2.016743421554565,LSTM,Prediction,Valid
5904,2025-11-06,P013,2.012075424194336,LSTM,Prediction,Valid
5905,2025-11-07,P013,2.004814386367798,LSTM,Prediction,Valid
5906,2025-11-08,P013,2.0018036365509038,LSTM,Prediction,Valid
5907,2025-11-09,P013,2.004420280456543,LSTM,Prediction,Valid
5908,2025-11-10,P013,2.006659984588623,LSTM,Prediction,Valid
5909,2025-11-11,P013,2.0037834644317627,LSTM,Prediction,Valid
5910,2025-11-12,P013,1.999242663383484,LSTM,Prediction,Valid
5911,2025-11-13,P013,1.993699550628662,LSTM,Prediction,Valid
5912,2025-11-14,P013,1.9932397603988647,LSTM,Prediction,Valid
5913,2025-11-15,P013,1.9977070093154907,LSTM,Prediction,Valid
5914,2025-11-16,P013,1.9961901903152464,LSTM,Prediction,Valid
5915,2025-11-17,P013,1.9972620010375977,LSTM,Prediction,Valid
5916,2025-11-18,P013,1.9948315620422363,LSTM,Prediction,Valid
5917,2025-11-19,P013,2.003990411758423,LSTM,Prediction,Valid
5918,2025-11-20,P013,2.0065267086029053,LSTM,Prediction,Valid
5919,2025-11-21,P013,1.9954334497451784,LSTM,Prediction,Valid
5920,2025-11-22,P013,1.9980058670043943,LSTM,Prediction,Valid
5921,2025-11-23,P013,2.001375198364258,LSTM,Prediction,Valid
5922,2025-11-24,P013,1.998888611793518,LSTM,Prediction,Valid
5923,2025-09-15,P014,2.0751490592956543,LSTM,Prediction,Valid
5924,2025-09-16,P014,2.074918508529663,LSTM,Prediction,Valid
5925,2025-09-17,P014,2.0690929889678955,LSTM,Prediction,Valid
5926,2025-09-18,P014,2.0725677013397217,LSTM,Prediction,Valid
5927,2025-09-19,P014,2.07561469078064,LSTM,Prediction,Valid
5928,2025-09-20,P014,2.0750317573547363,LSTM,Prediction,Valid
5929,2025-09-21,P014,2.0735280513763428,LSTM,Prediction,Valid
5930,2025-09-22,P014,2.0759050846099854,LSTM,Prediction,Valid
5931,2025-09-23,P014,2.0796587467193604,LSTM,Prediction,Valid
5932,2025-09-24,P014,2.081371068954468,LSTM,Prediction,Valid
5933,2025-09-25,P014,2.075356721878052,LSTM,Prediction,Valid
5934,2025-09-26,P014,2.074861764907837,LSTM,Prediction,Valid
5935,2025-09-27,P014,2.0769944190979004,LSTM,Prediction,Valid
5936,2025-09-28,P014,2.091397285461426,LSTM,Prediction,Valid
5937,2025-09-29,P014,2.079651355743408,LSTM,Prediction,Valid
5938,2025-09-30,P014,2.0810797214508057,LSTM,Prediction,Valid
5939,2025-10-01,P014,2.075108766555786,LSTM,Prediction,Valid
5940,2025-10-02,P014,2.076218605041504,LSTM,Prediction,Valid
5941,2025-10-03,P014,2.075791358947754,LSTM,Prediction,Valid
5942,2025-10-04,P014,2.076963424682617,LSTM,Prediction,Valid
5943,2025-10-05,P014,2.078984498977661,LSTM,Prediction,Valid
5944,2025-10-06,P014,2.077949285507202,LSTM,Prediction,Valid
5945,2025-10-07,P014,2.072113513946533,LSTM,Prediction,Valid
5946,2025-10-08,P014,2.069786071777344,LSTM,Prediction,Valid
5947,2025-10-09,P014,2.0713231563568115,LSTM,Prediction,Valid
5948,2025-10-10,P014,2.0722570419311523,LSTM,Prediction,Valid
5949,2025-10-11,P014,2.074392080307007,LSTM,Prediction,Valid
5950,2025-10-12,P014,2.06921935081482,LSTM,Prediction,Valid
5951,2025-10-13,P014,2.070627450942993,LSTM,Prediction,Valid
5952,2025-10-14,P014,2.07281494140625,LSTM,Prediction,Valid
5953,2025-10-15,P014,2.075468778610229,LSTM,Prediction,Valid
5954,2025-10-16,P014,2.069241762161255,LSTM,Prediction,Valid
5955,2025-10-17,P014,2.067117929458618,LSTM,Prediction,Valid
5956,2025-10-18,P014,2.076010227203369,LSTM,Prediction,Valid
5957,2025-10-19,P014,2.0732574462890625,LSTM,Prediction,Valid
5958,2025-10-20,P014,2.0681326389312744,LSTM,Prediction,Valid
5959,2025-10-21,P014,2.067779779434204,LSTM,Prediction,Valid
5960,2025-10-22,P014,2.0677595138549805,LSTM,Prediction,Valid
5961,2025-10-23,P014,2.0759472846984863,LSTM,Prediction,Valid
5962,2025-10-24,P014,2.0747745037078857,LSTM,Prediction,Valid
5963,2025-10-25,P014,2.067908525466919,LSTM,Prediction,Valid
5964,2025-10-26,P014,2.0808475017547607,LSTM,Prediction,Valid
5965,2025-10-27,P014,2.071176290512085,LSTM,Prediction,Valid
5966,2025-10-28,P014,2.073864698410034,LSTM,Prediction,Valid
5967,2025-10-29,P014,2.0748023986816406,LSTM,Prediction,Valid
5968,2025-10-30,P014,2.080886125564575,LSTM,Prediction,Valid
5969,2025-10-31,P014,2.080245018005371,LSTM,Prediction,Valid
5970,2025-11-01,P014,2.077703952789306,LSTM,Prediction,Valid
5971,2025-11-02,P014,2.070237398147583,LSTM,Prediction,Valid
5972,2025-11-03,P014,2.0747361183166504,LSTM,Prediction,Valid
5973,2025-11-04,P014,2.07824969291687,LSTM,Prediction,Valid
5974,2025-11-05,P014,2.0823452472686768,LSTM,Prediction,Valid
5975,2025-11-06,P014,2.0780017375946045,LSTM,Prediction,Valid
5976,2025-11-07,P014,2.074291467666626,LSTM,Prediction,Valid
5977,2025-11-08,P014,2.0740859508514404,LSTM,Prediction,Valid
5978,2025-11-09,P014,2.075563907623291,LSTM,Prediction,Valid
5979,2025-11-10,P014,2.079835891723633,LSTM,Prediction,Valid
5980,2025-11-11,P014,2.0748023986816406,LSTM,Prediction,Valid
5981,2025-11-12,P014,2.0710766315460205,LSTM,Prediction,Valid
5982,2025-11-13,P014,2.067625045776367,LSTM,Prediction,Valid
5983,2025-11-14,P014,2.068408966064453,LSTM,Prediction,Valid
5984,2025-11-15,P014,2.070375442504883,LSTM,Prediction,Valid
5985,2025-11-16,P014,2.0687146186828613,LSTM,Prediction,Valid
5986,2025-11-17,P014,2.069488763809204,LSTM,Prediction,Valid
5987,2025-11-18,P014,2.0691847801208496,LSTM,Prediction,Valid
5988,2025-11-19,P014,2.0741326808929443,LSTM,Prediction,Valid
5989,2025-11-20,P014,2.0749881267547607,LSTM,Prediction,Valid
5990,2025-11-21,P014,2.0676755905151367,LSTM,Prediction,Valid
5991,2025-11-22,P014,2.0697429180145264,LSTM,Prediction,Valid
5992,2025-11-23,P014,2.071359634399414,LSTM,Prediction,Valid
5993,2025-11-24,P014,2.069956064224243,LSTM,Prediction,Valid
5994,2025-09-15,P015,2.2016794681549072,LSTM,Prediction,Valid
5995,2025-09-16,P015,2.196601390838623,LSTM,Prediction,Valid
5996,2025-09-17,P015,2.19012188911438,LSTM,Prediction,Valid
5997,2025-09-18,P015,2.195957899093628,LSTM,Prediction,Valid
5998,2025-09-19,P015,2.2007925510406494,LSTM,Prediction,Valid
5999,2025-09-20,P015,2.2001729011535645,LSTM,Prediction,Valid
6000,2025-09-21,P015,2.1991055011749268,LSTM,Prediction,Valid
6001,2025-09-22,P015,2.202399492263794,LSTM,Prediction,Valid
6002,2025-09-23,P015,2.203739881515503,LSTM,Prediction,Valid
6003,2025-09-24,P015,2.206724166870117,LSTM,Prediction,Valid
6004,2025-09-25,P015,2.202758312225342,LSTM,Prediction,Valid
6005,2025-09-26,P015,2.2024474143981934,LSTM,Prediction,Valid
6006,2025-09-27,P015,2.203765630722046,LSTM,Prediction,Valid
6007,2025-09-28,P015,2.206043004989624,LSTM,Prediction,Valid
6008,2025-09-29,P015,2.208296060562134,LSTM,Prediction,Valid
6009,2025-09-30,P015,2.205464601516724,LSTM,Prediction,Valid
6010,2025-10-01,P015,2.2026774883270264,LSTM,Prediction,Valid
6011,2025-10-02,P015,2.201127529144287,LSTM,Prediction,Valid
6012,2025-10-03,P015,2.201557874679565,LSTM,Prediction,Valid
6013,2025-10-04,P015,2.201714038848877,LSTM,Prediction,Valid
6014,2025-10-05,P015,2.2053589820861816,LSTM,Prediction,Valid
6015,2025-10-06,P015,2.2021279335021973,LSTM,Prediction,Valid
6016,2025-10-07,P015,2.19565486907959,LSTM,Prediction,Valid
6017,2025-10-08,P015,2.1893415451049805,LSTM,Prediction,Valid
6018,2025-10-09,P015,2.193135023117065,LSTM,Prediction,Valid
6019,2025-10-10,P015,2.197556257247925,LSTM,Prediction,Valid
6020,2025-10-11,P015,2.196044683456421,LSTM,Prediction,Valid
6021,2025-10-12,P015,2.189134120941162,LSTM,Prediction,Valid
6022,2025-10-13,P015,2.198368787765503,LSTM,Prediction,Valid
6023,2025-10-14,P015,2.195154428482056,LSTM,Prediction,Valid
6024,2025-10-15,P015,2.2011544704437256,LSTM,Prediction,Valid
6025,2025-10-16,P015,2.1902945041656494,LSTM,Prediction,Valid
6026,2025-10-17,P015,2.1873812675476074,LSTM,Prediction,Valid
6027,2025-10-18,P015,2.20319938659668,LSTM,Prediction,Valid
6028,2025-10-19,P015,2.196103572845459,LSTM,Prediction,Valid
6029,2025-10-20,P015,2.186983108520508,LSTM,Prediction,Valid
6030,2025-10-21,P015,2.1891887187957764,LSTM,Prediction,Valid
6031,2025-10-22,P015,2.187185764312744,LSTM,Prediction,Valid
6032,2025-10-23,P015,2.201769590377808,LSTM,Prediction,Valid
6033,2025-10-24,P015,2.200120449066162,LSTM,Prediction,Valid
6034,2025-10-25,P015,2.19021987915039,LSTM,Prediction,Valid
6035,2025-10-26,P015,2.203753471374512,LSTM,Prediction,Valid
6036,2025-10-27,P015,2.1963372230529785,LSTM,Prediction,Valid
6037,2025-10-28,P015,2.198697090148926,LSTM,Prediction,Valid
6038,2025-10-29,P015,2.200641632080078,LSTM,Prediction,Valid
6039,2025-10-30,P015,2.208239793777466,LSTM,Prediction,Valid
6040,2025-10-31,P015,2.2080183029174805,LSTM,Prediction,Valid
6041,2025-11-01,P015,2.205453872680664,LSTM,Prediction,Valid
6042,2025-11-02,P015,2.192900896072388,LSTM,Prediction,Valid
6043,2025-11-03,P015,2.201864242553711,LSTM,Prediction,Valid
6044,2025-11-04,P015,2.2045891284942627,LSTM,Prediction,Valid
6045,2025-11-05,P015,2.202402353286743,LSTM,Prediction,Valid
6046,2025-11-06,P015,2.2018516063690186,LSTM,Prediction,Valid
6047,2025-11-07,P015,2.199486494064331,LSTM,Prediction,Valid
6048,2025-11-08,P015,2.1958374977111816,LSTM,Prediction,Valid
6049,2025-11-09,P015,2.2029008865356445,LSTM,Prediction,Valid
6050,2025-11-10,P015,2.1966118812561035,LSTM,Prediction,Valid
6051,2025-11-11,P015,2.1990551948547363,LSTM,Prediction,Valid
6052,2025-11-12,P015,2.195951461791992,LSTM,Prediction,Valid
6053,2025-11-13,P015,2.182141065597534,LSTM,Prediction,Valid
6054,2025-11-14,P015,2.18843936920166,LSTM,Prediction,Valid
6055,2025-11-15,P015,2.192099332809448,LSTM,Prediction,Valid
6056,2025-11-16,P015,2.1896719932556152,LSTM,Prediction,Valid
6057,2025-11-17,P015,2.1899173259735107,LSTM,Prediction,Valid
6058,2025-11-18,P015,2.1894636154174805,LSTM,Prediction,Valid
6059,2025-11-19,P015,2.1971185207366943,LSTM,Prediction,Valid
6060,2025-11-20,P015,2.197762966156006,LSTM,Prediction,Valid
6061,2025-11-21,P015,2.1906237602233887,LSTM,Prediction,Valid
6062,2025-11-22,P015,2.189584732055664,LSTM,Prediction,Valid
6063,2025-11-23,P015,2.1949117183685303,LSTM,Prediction,Valid
6064,2025-11-24,P015,2.1939055919647217,LSTM,Prediction,Valid
6065,2025-09-15,P016,1.977583408355713,LSTM,Prediction,Valid
6066,2025-09-16,P016,1.9762799739837649,LSTM,Prediction,Valid
6067,2025-09-17,P016,1.9677270650863647,LSTM,Prediction,Valid
6068,2025-09-18,P016,1.9779841899871824,LSTM,Prediction,Valid
6069,2025-09-19,P016,1.9789507389068604,LSTM,Prediction,Valid
6070,2025-09-20,P016,1.9813299179077148,LSTM,Prediction,Valid
6071,2025-09-21,P016,1.9755446910858157,LSTM,Prediction,Valid
6072,2025-09-22,P016,1.983983278274536,LSTM,Prediction,Valid
6073,2025-09-23,P016,1.9877347946166992,LSTM,Prediction,Valid
6074,2025-09-24,P016,1.986005783081055,LSTM,Prediction,Valid
6075,2025-09-25,P016,1.9772262573242188,LSTM,Prediction,Valid
6076,2025-09-26,P016,1.9776809215545652,LSTM,Prediction,Valid
6077,2025-09-27,P016,1.9795458316802976,LSTM,Prediction,Valid
6078,2025-09-28,P016,1.995003700256348,LSTM,Prediction,Valid
6079,2025-09-29,P016,1.984350681304932,LSTM,Prediction,Valid
6080,2025-09-30,P016,1.9893741607666016,LSTM,Prediction,Valid
6081,2025-10-01,P016,1.9774024486541748,LSTM,Prediction,Valid
6082,2025-10-02,P016,1.9768378734588623,LSTM,Prediction,Valid
6083,2025-10-03,P016,1.9782724380493164,LSTM,Prediction,Valid
6084,2025-10-04,P016,1.97855806350708,LSTM,Prediction,Valid
6085,2025-10-05,P016,1.9836585521698,LSTM,Prediction,Valid
6086,2025-10-06,P016,1.977112054824829,LSTM,Prediction,Valid
6087,2025-10-07,P016,1.9729552268981931,LSTM,Prediction,Valid
6088,2025-10-08,P016,1.970365047454834,LSTM,Prediction,Valid
6089,2025-10-09,P016,1.9725792407989504,LSTM,Prediction,Valid
6090,2025-10-10,P016,1.973116874694824,LSTM,Prediction,Valid
6091,2025-10-11,P016,1.9750399589538572,LSTM,Prediction,Valid
6092,2025-10-12,P016,1.970645904541016,LSTM,Prediction,Valid
6093,2025-10-13,P016,1.9713993072509768,LSTM,Prediction,Valid
6094,2025-10-14,P016,1.9733142852783203,LSTM,Prediction,Valid
6095,2025-10-15,P016,1.9760854244232176,LSTM,Prediction,Valid
6096,2025-10-16,P016,1.9690752029418943,LSTM,Prediction,Valid
6097,2025-10-17,P016,1.964915156364441,LSTM,Prediction,Valid
6098,2025-10-18,P016,1.978979587554932,LSTM,Prediction,Valid
6099,2025-10-19,P016,1.973438024520874,LSTM,Prediction,Valid
6100,2025-10-20,P016,1.96603524684906,LSTM,Prediction,Valid
6101,2025-10-21,P016,1.966440796852112,LSTM,Prediction,Valid
6102,2025-10-22,P016,1.967076301574707,LSTM,Prediction,Valid
6103,2025-10-23,P016,1.977487564086914,LSTM,Prediction,Valid
6104,2025-10-24,P016,1.9797379970550537,LSTM,Prediction,Valid
6105,2025-10-25,P016,1.9683541059494016,LSTM,Prediction,Valid
6106,2025-10-26,P016,1.985412836074829,LSTM,Prediction,Valid
6107,2025-10-27,P016,1.9762320518493648,LSTM,Prediction,Valid
6108,2025-10-28,P016,1.9775710105896,LSTM,Prediction,Valid
6109,2025-10-29,P016,1.9778096675872805,LSTM,Prediction,Valid
6110,2025-10-30,P016,1.9884040355682373,LSTM,Prediction,Valid
6111,2025-10-31,P016,1.9820339679718015,LSTM,Prediction,Valid
6112,2025-11-01,P016,1.9809894561767576,LSTM,Prediction,Valid
6113,2025-11-02,P016,1.9727866649627688,LSTM,Prediction,Valid
6114,2025-11-03,P016,1.977952241897583,LSTM,Prediction,Valid
6115,2025-11-04,P016,1.9830894470214844,LSTM,Prediction,Valid
6116,2025-11-05,P016,1.9936168193817136,LSTM,Prediction,Valid
6117,2025-11-06,P016,1.9836063385009768,LSTM,Prediction,Valid
6118,2025-11-07,P016,1.9777436256408687,LSTM,Prediction,Valid
6119,2025-11-08,P016,1.9758033752441408,LSTM,Prediction,Valid
6120,2025-11-09,P016,1.9781715869903564,LSTM,Prediction,Valid
6121,2025-11-10,P016,1.9827415943145752,LSTM,Prediction,Valid
6122,2025-11-11,P016,1.9749338626861568,LSTM,Prediction,Valid
6123,2025-11-12,P016,1.9703853130340576,LSTM,Prediction,Valid
6124,2025-11-13,P016,1.963784098625183,LSTM,Prediction,Valid
6125,2025-11-14,P016,1.971153259277344,LSTM,Prediction,Valid
6126,2025-11-15,P016,1.9701074361801147,LSTM,Prediction,Valid
6127,2025-11-16,P016,1.9684069156646729,LSTM,Prediction,Valid
6128,2025-11-17,P016,1.9702661037445068,LSTM,Prediction,Valid
6129,2025-11-18,P016,1.9681918621063232,LSTM,Prediction,Valid
6130,2025-11-19,P016,1.973154067993164,LSTM,Prediction,Valid
6131,2025-11-20,P016,1.9789271354675293,LSTM,Prediction,Valid
6132,2025-11-21,P016,1.9687820672988887,LSTM,Prediction,Valid
6133,2025-11-22,P016,1.969371438026428,LSTM,Prediction,Valid
6134,2025-11-23,P016,1.9728200435638428,LSTM,Prediction,Valid
6135,2025-11-24,P016,1.9716484546661377,LSTM,Prediction,Valid
6136,2025-09-15,P017,1.8970805406570437,LSTM,Prediction,Valid
6137,2025-09-16,P017,1.897751212120056,LSTM,Prediction,Valid
6138,2025-09-17,P017,1.891058325767517,LSTM,Prediction,Valid
6139,2025-09-18,P017,1.8945882320404053,LSTM,Prediction,Valid
6140,2025-09-19,P017,1.8987528085708616,LSTM,Prediction,Valid
6141,2025-09-20,P017,1.8966201543807983,LSTM,Prediction,Valid
6142,2025-09-21,P017,1.8990329504013064,LSTM,Prediction,Valid
6143,2025-09-22,P017,1.8981937170028689,LSTM,Prediction,Valid
6144,2025-09-23,P017,1.8988693952560425,LSTM,Prediction,Valid
6145,2025-09-24,P017,1.9022046327590945,LSTM,Prediction,Valid
6146,2025-09-25,P017,1.8989781141281128,LSTM,Prediction,Valid
6147,2025-09-26,P017,1.8986326456069944,LSTM,Prediction,Valid
6148,2025-09-27,P017,1.8980916738510127,LSTM,Prediction,Valid
6149,2025-09-28,P017,1.9069887399673464,LSTM,Prediction,Valid
6150,2025-09-29,P017,1.9010124206542969,LSTM,Prediction,Valid
6151,2025-09-30,P017,1.9044960737228396,LSTM,Prediction,Valid
6152,2025-10-01,P017,1.8982996940612795,LSTM,Prediction,Valid
6153,2025-10-02,P017,1.8992180824279783,LSTM,Prediction,Valid
6154,2025-10-03,P017,1.8993628025054927,LSTM,Prediction,Valid
6155,2025-10-04,P017,1.8997914791107176,LSTM,Prediction,Valid
6156,2025-10-05,P017,1.8997119665145876,LSTM,Prediction,Valid
6157,2025-10-06,P017,1.8991858959198,LSTM,Prediction,Valid
6158,2025-10-07,P017,1.896389365196228,LSTM,Prediction,Valid
6159,2025-10-08,P017,1.8936612606048584,LSTM,Prediction,Valid
6160,2025-10-09,P017,1.89167582988739,LSTM,Prediction,Valid
6161,2025-10-10,P017,1.8973194360733032,LSTM,Prediction,Valid
6162,2025-10-11,P017,1.8981451988220213,LSTM,Prediction,Valid
6163,2025-10-12,P017,1.8933380842208865,LSTM,Prediction,Valid
6164,2025-10-13,P017,1.8946155309677124,LSTM,Prediction,Valid
6165,2025-10-14,P017,1.8975008726119995,LSTM,Prediction,Valid
6166,2025-10-15,P017,1.8966050148010252,LSTM,Prediction,Valid
6167,2025-10-16,P017,1.893796443939209,LSTM,Prediction,Valid
6168,2025-10-17,P017,1.890320897102356,LSTM,Prediction,Valid
6169,2025-10-18,P017,1.8953200578689573,LSTM,Prediction,Valid
6170,2025-10-19,P017,1.896117568016052,LSTM,Prediction,Valid
6171,2025-10-20,P017,1.8917158842086792,LSTM,Prediction,Valid
6172,2025-10-21,P017,1.8913599252700808,LSTM,Prediction,Valid
6173,2025-10-22,P017,1.8900882005691528,LSTM,Prediction,Valid
6174,2025-10-23,P017,1.8957401514053345,LSTM,Prediction,Valid
6175,2025-10-24,P017,1.895923495292664,LSTM,Prediction,Valid
6176,2025-10-25,P017,1.8896476030349727,LSTM,Prediction,Valid
6177,2025-10-26,P017,1.8991256952285769,LSTM,Prediction,Valid
6178,2025-10-27,P017,1.895597100257873,LSTM,Prediction,Valid
6179,2025-10-28,P017,1.897330403327942,LSTM,Prediction,Valid
6180,2025-10-29,P017,1.898055911064148,LSTM,Prediction,Valid
6181,2025-10-30,P017,1.900174856185913,LSTM,Prediction,Valid
6182,2025-10-31,P017,1.901278376579285,LSTM,Prediction,Valid
6183,2025-11-01,P017,1.9006763696670528,LSTM,Prediction,Valid
6184,2025-11-02,P017,1.8932582139968872,LSTM,Prediction,Valid
6185,2025-11-03,P017,1.8994873762130735,LSTM,Prediction,Valid
6186,2025-11-04,P017,1.8977267742156985,LSTM,Prediction,Valid
6187,2025-11-05,P017,1.902171969413757,LSTM,Prediction,Valid
6188,2025-11-06,P017,1.9010385274887085,LSTM,Prediction,Valid
6189,2025-11-07,P017,1.8978757858276367,LSTM,Prediction,Valid
6190,2025-11-08,P017,1.897513747215271,LSTM,Prediction,Valid
6191,2025-11-09,P017,1.89725923538208,LSTM,Prediction,Valid
6192,2025-11-10,P017,1.9004923105239868,LSTM,Prediction,Valid
6193,2025-11-11,P017,1.8970948457717896,LSTM,Prediction,Valid
6194,2025-11-12,P017,1.8947967290878296,LSTM,Prediction,Valid
6195,2025-11-13,P017,1.8902794122695925,LSTM,Prediction,Valid
6196,2025-11-14,P017,1.8902907371521,LSTM,Prediction,Valid
6197,2025-11-15,P017,1.8934906721115112,LSTM,Prediction,Valid
6198,2025-11-16,P017,1.890538215637207,LSTM,Prediction,Valid
6199,2025-11-17,P017,1.8925201892852783,LSTM,Prediction,Valid
6200,2025-11-18,P017,1.8925853967666624,LSTM,Prediction,Valid
6201,2025-11-19,P017,1.8944052457809448,LSTM,Prediction,Valid
6202,2025-11-20,P017,1.894092321395874,LSTM,Prediction,Valid
6203,2025-11-21,P017,1.8914629220962524,LSTM,Prediction,Valid
6204,2025-11-22,P017,1.8937692642211916,LSTM,Prediction,Valid
6205,2025-11-23,P017,1.8946696519851685,LSTM,Prediction,Valid
6206,2025-11-24,P017,1.8931169509887693,LSTM,Prediction,Valid
6207,2025-09-15,P018,2.287927865982056,LSTM,Prediction,Valid
6208,2025-09-16,P018,2.281207799911499,LSTM,Prediction,Valid
6209,2025-09-17,P018,2.2765471935272217,LSTM,Prediction,Valid
6210,2025-09-18,P018,2.2841718196868896,LSTM,Prediction,Valid
6211,2025-09-19,P018,2.286982536315918,LSTM,Prediction,Valid
6212,2025-09-20,P018,2.290348768234253,LSTM,Prediction,Valid
6213,2025-09-21,P018,2.285802364349365,LSTM,Prediction,Valid
6214,2025-09-22,P018,2.2883379459381104,LSTM,Prediction,Valid
6215,2025-09-23,P018,2.2912423610687256,LSTM,Prediction,Valid
6216,2025-09-24,P018,2.2930076122283936,LSTM,Prediction,Valid
6217,2025-09-25,P018,2.2881410121917725,LSTM,Prediction,Valid
6218,2025-09-26,P018,2.288287401199341,LSTM,Prediction,Valid
6219,2025-09-27,P018,2.2892038822174072,LSTM,Prediction,Valid
6220,2025-09-28,P018,2.289834260940552,LSTM,Prediction,Valid
6221,2025-09-29,P018,2.294222354888916,LSTM,Prediction,Valid
6222,2025-09-30,P018,2.2912757396698,LSTM,Prediction,Valid
6223,2025-10-01,P018,2.2890350818634038,LSTM,Prediction,Valid
6224,2025-10-02,P018,2.2864668369293213,LSTM,Prediction,Valid
6225,2025-10-03,P018,2.2878577709198,LSTM,Prediction,Valid
6226,2025-10-04,P018,2.288948774337769,LSTM,Prediction,Valid
6227,2025-10-05,P018,2.29023814201355,LSTM,Prediction,Valid
6228,2025-10-06,P018,2.2867960929870605,LSTM,Prediction,Valid
6229,2025-10-07,P018,2.281445980072021,LSTM,Prediction,Valid
6230,2025-10-08,P018,2.275484800338745,LSTM,Prediction,Valid
6231,2025-10-09,P018,2.2782318592071533,LSTM,Prediction,Valid
6232,2025-10-10,P018,2.2818520069122314,LSTM,Prediction,Valid
6233,2025-10-11,P018,2.281948566436768,LSTM,Prediction,Valid
6234,2025-10-12,P018,2.27651309967041,LSTM,Prediction,Valid
6235,2025-10-13,P018,2.28025221824646,LSTM,Prediction,Valid
6236,2025-10-14,P018,2.281538724899292,LSTM,Prediction,Valid
6237,2025-10-15,P018,2.2864840030670166,LSTM,Prediction,Valid
6238,2025-10-16,P018,2.276047706604004,LSTM,Prediction,Valid
6239,2025-10-17,P018,2.27184796333313,LSTM,Prediction,Valid
6240,2025-10-18,P018,2.2871925830841064,LSTM,Prediction,Valid
6241,2025-10-19,P018,2.281683921813965,LSTM,Prediction,Valid
6242,2025-10-20,P018,2.2725679874420166,LSTM,Prediction,Valid
6243,2025-10-21,P018,2.275646686553955,LSTM,Prediction,Valid
6244,2025-10-22,P018,2.2722463607788086,LSTM,Prediction,Valid
6245,2025-10-23,P018,2.287337064743042,LSTM,Prediction,Valid
6246,2025-10-24,P018,2.283523797988892,LSTM,Prediction,Valid
6247,2025-10-25,P018,2.274742126464844,LSTM,Prediction,Valid
6248,2025-10-26,P018,2.2854349613189697,LSTM,Prediction,Valid
6249,2025-10-27,P018,2.282731294631958,LSTM,Prediction,Valid
6250,2025-10-28,P018,2.2863285541534424,LSTM,Prediction,Valid
6251,2025-10-29,P018,2.289301633834839,LSTM,Prediction,Valid
6252,2025-10-30,P018,2.291867733001709,LSTM,Prediction,Valid
6253,2025-10-31,P018,2.2927591800689697,LSTM,Prediction,Valid
6254,2025-11-01,P018,2.2939653396606445,LSTM,Prediction,Valid
6255,2025-11-02,P018,2.2778682708740234,LSTM,Prediction,Valid
6256,2025-11-03,P018,2.2869646549224854,LSTM,Prediction,Valid
6257,2025-11-04,P018,2.290527582168579,LSTM,Prediction,Valid
6258,2025-11-05,P018,2.2881155014038086,LSTM,Prediction,Valid
6259,2025-11-06,P018,2.289011240005493,LSTM,Prediction,Valid
6260,2025-11-07,P018,2.2863433361053467,LSTM,Prediction,Valid
6261,2025-11-08,P018,2.280738592147827,LSTM,Prediction,Valid
6262,2025-11-09,P018,2.2884860038757324,LSTM,Prediction,Valid
6263,2025-11-10,P018,2.2810323238372803,LSTM,Prediction,Valid
6264,2025-11-11,P018,2.285819292068481,LSTM,Prediction,Valid
6265,2025-11-12,P018,2.282764196395874,LSTM,Prediction,Valid
6266,2025-11-13,P018,2.2666103839874268,LSTM,Prediction,Valid
6267,2025-11-14,P018,2.27386212348938,LSTM,Prediction,Valid
6268,2025-11-15,P018,2.280416488647461,LSTM,Prediction,Valid
6269,2025-11-16,P018,2.275952100753784,LSTM,Prediction,Valid
6270,2025-11-17,P018,2.274841547012329,LSTM,Prediction,Valid
6271,2025-11-18,P018,2.2754576206207275,LSTM,Prediction,Valid
6272,2025-11-19,P018,2.2816860675811768,LSTM,Prediction,Valid
6273,2025-11-20,P018,2.2822539806365967,LSTM,Prediction,Valid
6274,2025-11-21,P018,2.276682615280152,LSTM,Prediction,Valid
6275,2025-11-22,P018,2.2764792442321777,LSTM,Prediction,Valid
6276,2025-11-23,P018,2.2812979221343994,LSTM,Prediction,Valid
6277,2025-11-24,P018,2.280538320541382,LSTM,Prediction,Valid
6278,2025-09-15,P019,1.990537524223328,LSTM,Prediction,Valid
6279,2025-09-16,P019,1.9887369871139529,LSTM,Prediction,Valid
6280,2025-09-17,P019,1.9853613376617432,LSTM,Prediction,Valid
6281,2025-09-18,P019,1.989060997962952,LSTM,Prediction,Valid
6282,2025-09-19,P019,1.9898077249526975,LSTM,Prediction,Valid
6283,2025-09-20,P019,1.9886869192123413,LSTM,Prediction,Valid
6284,2025-09-21,P019,1.988198161125183,LSTM,Prediction,Valid
6285,2025-09-22,P019,1.9901639223098757,LSTM,Prediction,Valid
6286,2025-09-23,P019,1.9907351732254028,LSTM,Prediction,Valid
6287,2025-09-24,P019,1.9912850856781008,LSTM,Prediction,Valid
6288,2025-09-25,P019,1.989380955696106,LSTM,Prediction,Valid
6289,2025-09-26,P019,1.9907478094100952,LSTM,Prediction,Valid
6290,2025-09-27,P019,1.992478966712952,LSTM,Prediction,Valid
6291,2025-09-28,P019,1.990111231803894,LSTM,Prediction,Valid
6292,2025-09-29,P019,1.989803433418274,LSTM,Prediction,Valid
6293,2025-09-30,P019,1.990477919578552,LSTM,Prediction,Valid
6294,2025-10-01,P019,1.988463282585144,LSTM,Prediction,Valid
6295,2025-10-02,P019,1.9893537759780884,LSTM,Prediction,Valid
6296,2025-10-03,P019,1.9905253648757932,LSTM,Prediction,Valid
6297,2025-10-04,P019,1.9910138845443728,LSTM,Prediction,Valid
6298,2025-10-05,P019,1.9919160604476929,LSTM,Prediction,Valid
6299,2025-10-06,P019,1.9895931482315063,LSTM,Prediction,Valid
6300,2025-10-07,P019,1.987128734588623,LSTM,Prediction,Valid
6301,2025-10-08,P019,1.9860485792160036,LSTM,Prediction,Valid
6302,2025-10-09,P019,1.9863524436950684,LSTM,Prediction,Valid
6303,2025-10-10,P019,1.984018921852112,LSTM,Prediction,Valid
6304,2025-10-11,P019,1.9877625703811648,LSTM,Prediction,Valid
6305,2025-10-12,P019,1.985396265983581,LSTM,Prediction,Valid
6306,2025-10-13,P019,1.984652638435364,LSTM,Prediction,Valid
6307,2025-10-14,P019,1.9876772165298464,LSTM,Prediction,Valid
6308,2025-10-15,P019,1.9899958372116089,LSTM,Prediction,Valid
6309,2025-10-16,P019,1.98663341999054,LSTM,Prediction,Valid
6310,2025-10-17,P019,1.9840861558914185,LSTM,Prediction,Valid
6311,2025-10-18,P019,1.9905275106430051,LSTM,Prediction,Valid
6312,2025-10-19,P019,1.988529086112976,LSTM,Prediction,Valid
6313,2025-10-20,P019,1.9846149682998655,LSTM,Prediction,Valid
6314,2025-10-21,P019,1.985967993736267,LSTM,Prediction,Valid
6315,2025-10-22,P019,1.9856399297714236,LSTM,Prediction,Valid
6316,2025-10-23,P019,1.989691138267517,LSTM,Prediction,Valid
6317,2025-10-24,P019,1.9893027544021609,LSTM,Prediction,Valid
6318,2025-10-25,P019,1.98421049118042,LSTM,Prediction,Valid
6319,2025-10-26,P019,1.98799741268158,LSTM,Prediction,Valid
6320,2025-10-27,P019,1.988975167274475,LSTM,Prediction,Valid
6321,2025-10-28,P019,1.990289688110352,LSTM,Prediction,Valid
6322,2025-10-29,P019,1.991465210914612,LSTM,Prediction,Valid
6323,2025-10-30,P019,1.9922610521316528,LSTM,Prediction,Valid
6324,2025-10-31,P019,1.9912346601486208,LSTM,Prediction,Valid
6325,2025-11-01,P019,1.9927983283996584,LSTM,Prediction,Valid
6326,2025-11-02,P019,1.9876400232315063,LSTM,Prediction,Valid
6327,2025-11-03,P019,1.98851215839386,LSTM,Prediction,Valid
6328,2025-11-04,P019,1.9895445108413696,LSTM,Prediction,Valid
6329,2025-11-05,P019,1.9924076795578003,LSTM,Prediction,Valid
6330,2025-11-06,P019,1.988078236579895,LSTM,Prediction,Valid
6331,2025-11-07,P019,1.9896185398101809,LSTM,Prediction,Valid
6332,2025-11-08,P019,1.98768413066864,LSTM,Prediction,Valid
6333,2025-11-09,P019,1.9889687299728396,LSTM,Prediction,Valid
6334,2025-11-10,P019,1.987210035324097,LSTM,Prediction,Valid
6335,2025-11-11,P019,1.9884005784988403,LSTM,Prediction,Valid
6336,2025-11-12,P019,1.986906170845032,LSTM,Prediction,Valid
6337,2025-11-13,P019,1.9824374914169312,LSTM,Prediction,Valid
6338,2025-11-14,P019,1.9833093881607056,LSTM,Prediction,Valid
6339,2025-11-15,P019,1.987916350364685,LSTM,Prediction,Valid
6340,2025-11-16,P019,1.9867174625396729,LSTM,Prediction,Valid
6341,2025-11-17,P019,1.9863909482955933,LSTM,Prediction,Valid
6342,2025-11-18,P019,1.9865936040878296,LSTM,Prediction,Valid
6343,2025-11-19,P019,1.9880177974700928,LSTM,Prediction,Valid
6344,2025-11-20,P019,1.9861414432525637,LSTM,Prediction,Valid
6345,2025-11-21,P019,1.9861680269241333,LSTM,Prediction,Valid
6346,2025-11-22,P019,1.9857763051986692,LSTM,Prediction,Valid
6347,2025-11-23,P019,1.986875057220459,LSTM,Prediction,Valid
6348,2025-11-24,P019,1.987937092781067,LSTM,Prediction,Valid
6349,2025-09-15,P020,2.044654607772827,LSTM,Prediction,Valid
6350,2025-09-16,P020,2.042026996612549,LSTM,Prediction,Valid
6351,2025-09-17,P020,2.032895088195801,LSTM,Prediction,Valid
6352,2025-09-18,P020,2.0408594608306885,LSTM,Prediction,Valid
6353,2025-09-19,P020,2.043128252029419,LSTM,Prediction,Valid
6354,2025-09-20,P020,2.045949697494507,LSTM,Prediction,Valid
6355,2025-09-21,P020,2.039517641067505,LSTM,Prediction,Valid
6356,2025-09-22,P020,2.0462453365325928,LSTM,Prediction,Valid
6357,2025-09-23,P020,2.049998044967652,LSTM,Prediction,Valid
6358,2025-09-24,P020,2.0528242588043213,LSTM,Prediction,Valid
6359,2025-09-25,P020,2.0460660457611084,LSTM,Prediction,Valid
6360,2025-09-26,P020,2.046055555343628,LSTM,Prediction,Valid
6361,2025-09-27,P020,2.0494306087493896,LSTM,Prediction,Valid
6362,2025-09-28,P020,2.0608808994293213,LSTM,Prediction,Valid
6363,2025-09-29,P020,2.049330472946167,LSTM,Prediction,Valid
6364,2025-09-30,P020,2.0548596382141118,LSTM,Prediction,Valid
6365,2025-10-01,P020,2.045835018157959,LSTM,Prediction,Valid
6366,2025-10-02,P020,2.0459797382354736,LSTM,Prediction,Valid
6367,2025-10-03,P020,2.04731559753418,LSTM,Prediction,Valid
6368,2025-10-04,P020,2.0486950874328613,LSTM,Prediction,Valid
6369,2025-10-05,P020,2.045736789703369,LSTM,Prediction,Valid
6370,2025-10-06,P020,2.0456559658050537,LSTM,Prediction,Valid
6371,2025-10-07,P020,2.03871750831604,LSTM,Prediction,Valid
6372,2025-10-08,P020,2.0347940921783447,LSTM,Prediction,Valid
6373,2025-10-09,P020,2.034856081008911,LSTM,Prediction,Valid
6374,2025-10-10,P020,2.038404941558838,LSTM,Prediction,Valid
6375,2025-10-11,P020,2.0420987606048584,LSTM,Prediction,Valid
6376,2025-10-12,P020,2.0335772037506104,LSTM,Prediction,Valid
6377,2025-10-13,P020,2.0349695682525635,LSTM,Prediction,Valid
6378,2025-10-14,P020,2.039820909500122,LSTM,Prediction,Valid
6379,2025-10-15,P020,2.0442612171173096,LSTM,Prediction,Valid
6380,2025-10-16,P020,2.033935308456421,LSTM,Prediction,Valid
6381,2025-10-17,P020,2.0278542041778564,LSTM,Prediction,Valid
6382,2025-10-18,P020,2.041088581085205,LSTM,Prediction,Valid
6383,2025-10-19,P020,2.0392005443573,LSTM,Prediction,Valid
6384,2025-10-20,P020,2.0298304557800293,LSTM,Prediction,Valid
6385,2025-10-21,P020,2.030653238296509,LSTM,Prediction,Valid
6386,2025-10-22,P020,2.029510974884033,LSTM,Prediction,Valid
6387,2025-10-23,P020,2.04119873046875,LSTM,Prediction,Valid
6388,2025-10-24,P020,2.043642520904541,LSTM,Prediction,Valid
6389,2025-10-25,P020,2.030555725097656,LSTM,Prediction,Valid
6390,2025-10-26,P020,2.041322469711304,LSTM,Prediction,Valid
6391,2025-10-27,P020,2.03918194770813,LSTM,Prediction,Valid
6392,2025-10-28,P020,2.0451221466064453,LSTM,Prediction,Valid
6393,2025-10-29,P020,2.0460705757141118,LSTM,Prediction,Valid
6394,2025-10-30,P020,2.0531036853790283,LSTM,Prediction,Valid
6395,2025-10-31,P020,2.0485470294952397,LSTM,Prediction,Valid
6396,2025-11-01,P020,2.048698902130127,LSTM,Prediction,Valid
6397,2025-11-02,P020,2.033721446990967,LSTM,Prediction,Valid
6398,2025-11-03,P020,2.0432794094085693,LSTM,Prediction,Valid
6399,2025-11-04,P020,2.0465359687805176,LSTM,Prediction,Valid
6400,2025-11-05,P020,2.058469295501709,LSTM,Prediction,Valid
6401,2025-11-06,P020,2.05142879486084,LSTM,Prediction,Valid
6402,2025-11-07,P020,2.0436127185821533,LSTM,Prediction,Valid
6403,2025-11-08,P020,2.041200876235962,LSTM,Prediction,Valid
6404,2025-11-09,P020,2.044538736343384,LSTM,Prediction,Valid
6405,2025-11-10,P020,2.046727418899536,LSTM,Prediction,Valid
6406,2025-11-11,P020,2.043073892593384,LSTM,Prediction,Valid
6407,2025-11-12,P020,2.0372257232666016,LSTM,Prediction,Valid
6408,2025-11-13,P020,2.026794910430908,LSTM,Prediction,Valid
6409,2025-11-14,P020,2.0302889347076416,LSTM,Prediction,Valid
6410,2025-11-15,P020,2.0361061096191406,LSTM,Prediction,Valid
6411,2025-11-16,P020,2.029903650283813,LSTM,Prediction,Valid
6412,2025-11-17,P020,2.034137010574341,LSTM,Prediction,Valid
6413,2025-11-18,P020,2.033172369003296,LSTM,Prediction,Valid
6414,2025-11-19,P020,2.0375351905822754,LSTM,Prediction,Valid
6415,2025-11-20,P020,2.0417158603668213,LSTM,Prediction,Valid
6416,2025-11-21,P020,2.031813383102417,LSTM,Prediction,Valid
6417,2025-11-22,P020,2.0338692665100098,LSTM,Prediction,Valid
6418,2025-11-23,P020,2.0365965366363525,LSTM,Prediction,Valid
6419,2025-11-24,P020,2.0363166332244877,LSTM,Prediction,Valid
6420,2025-11-25,P001,1.8668159246444704,LSTM,Prediction,Test
6421,2025-11-26,P001,1.8639181852340696,LSTM,Prediction,Test
6422,2025-11-27,P001,1.8588091135025024,LSTM,Prediction,Test
6423,2025-11-28,P001,1.860896706581116,LSTM,Prediction,Test
6424,2025-11-29,P001,1.8612611293792725,LSTM,Prediction,Test
6425,2025-11-30,P001,1.8593535423278809,LSTM,Prediction,Test
6426,2025-12-01,P001,1.860599994659424,LSTM,Prediction,Test
6427,2025-12-02,P001,1.855665683746338,LSTM,Prediction,Test
6428,2025-12-03,P001,1.857699632644653,LSTM,Prediction,Test
6429,2025-12-04,P001,1.8619556427001955,LSTM,Prediction,Test
6430,2025-12-05,P001,1.8530685901641848,LSTM,Prediction,Test
6431,2025-12-06,P001,1.8608354330062864,LSTM,Prediction,Test
6432,2025-12-07,P001,1.8588560819625852,LSTM,Prediction,Test
6433,2025-12-08,P001,1.8622756004333496,LSTM,Prediction,Test
6434,2025-12-09,P001,1.865283727645874,LSTM,Prediction,Test
6435,2025-12-10,P001,1.864355564117432,LSTM,Prediction,Test
6436,2025-12-11,P001,1.8598459959030151,LSTM,Prediction,Test
6437,2025-12-12,P001,1.862741470336914,LSTM,Prediction,Test
6438,2025-12-13,P001,1.863360285758972,LSTM,Prediction,Test
6439,2025-12-14,P001,1.8683463335037231,LSTM,Prediction,Test
6440,2025-12-15,P001,1.8644596338272093,LSTM,Prediction,Test
6441,2025-12-16,P001,1.8632174730300903,LSTM,Prediction,Test
6442,2025-12-17,P001,1.8585690259933472,LSTM,Prediction,Test
6443,2025-12-18,P001,1.871082425117493,LSTM,Prediction,Test
6444,2025-12-19,P001,1.8679234981536863,LSTM,Prediction,Test
6445,2025-12-20,P001,1.8662303686141968,LSTM,Prediction,Test
6446,2025-12-21,P001,1.8583033084869385,LSTM,Prediction,Test
6447,2025-12-22,P001,1.86116635799408,LSTM,Prediction,Test
6448,2025-12-23,P001,1.8653069734573364,LSTM,Prediction,Test
6449,2025-12-24,P001,1.8663986921310425,LSTM,Prediction,Test
6450,2025-12-25,P001,1.8632344007492063,LSTM,Prediction,Test
6451,2025-12-26,P001,1.8597594499588013,LSTM,Prediction,Test
6452,2025-12-27,P001,1.8602330684661863,LSTM,Prediction,Test
6453,2025-12-28,P001,1.865665435791016,LSTM,Prediction,Test
6454,2025-12-29,P001,1.8678478002548216,LSTM,Prediction,Test
6455,2025-12-30,P001,1.8660398721694944,LSTM,Prediction,Test
6456,2025-12-31,P001,1.8711222410202024,LSTM,Prediction,Test
6457,2025-11-25,P002,1.9816876649856567,LSTM,Prediction,Test
6458,2025-11-26,P002,1.975794792175293,LSTM,Prediction,Test
6459,2025-11-27,P002,1.963880181312561,LSTM,Prediction,Test
6460,2025-11-28,P002,1.9698679447174072,LSTM,Prediction,Test
6461,2025-11-29,P002,1.9681140184402464,LSTM,Prediction,Test
6462,2025-11-30,P002,1.964660167694092,LSTM,Prediction,Test
6463,2025-12-01,P002,1.9663878679275515,LSTM,Prediction,Test
6464,2025-12-02,P002,1.961087703704834,LSTM,Prediction,Test
6465,2025-12-03,P002,1.9637775421142576,LSTM,Prediction,Test
6466,2025-12-04,P002,1.9707801342010496,LSTM,Prediction,Test
6467,2025-12-05,P002,1.959122657775879,LSTM,Prediction,Test
6468,2025-12-06,P002,1.962630033493042,LSTM,Prediction,Test
6469,2025-12-07,P002,1.9690682888031008,LSTM,Prediction,Test
6470,2025-12-08,P002,1.972944259643555,LSTM,Prediction,Test
6471,2025-12-09,P002,1.9738836288452148,LSTM,Prediction,Test
6472,2025-12-10,P002,1.9760150909423828,LSTM,Prediction,Test
6473,2025-12-11,P002,1.962589144706726,LSTM,Prediction,Test
6474,2025-12-12,P002,1.970394253730774,LSTM,Prediction,Test
6475,2025-12-13,P002,1.970301628112793,LSTM,Prediction,Test
6476,2025-12-14,P002,1.9733645915985107,LSTM,Prediction,Test
6477,2025-12-15,P002,1.9744579792022705,LSTM,Prediction,Test
6478,2025-12-16,P002,1.9737557172775269,LSTM,Prediction,Test
6479,2025-12-17,P002,1.966621279716492,LSTM,Prediction,Test
6480,2025-12-18,P002,1.983620524406433,LSTM,Prediction,Test
6481,2025-12-19,P002,1.9781506061553955,LSTM,Prediction,Test
6482,2025-12-20,P002,1.979044795036316,LSTM,Prediction,Test
6483,2025-12-21,P002,1.9669231176376345,LSTM,Prediction,Test
6484,2025-12-22,P002,1.972164511680603,LSTM,Prediction,Test
6485,2025-12-23,P002,1.9768264293670652,LSTM,Prediction,Test
6486,2025-12-24,P002,1.980573654174805,LSTM,Prediction,Test
6487,2025-12-25,P002,1.974441766738892,LSTM,Prediction,Test
6488,2025-12-26,P002,1.9678895473480225,LSTM,Prediction,Test
6489,2025-12-27,P002,1.9702081680297847,LSTM,Prediction,Test
6490,2025-12-28,P002,1.9788222312927248,LSTM,Prediction,Test
6491,2025-12-29,P002,1.9834914207458496,LSTM,Prediction,Test
6492,2025-12-30,P002,1.9812008142471316,LSTM,Prediction,Test
6493,2025-12-31,P002,1.985780477523804,LSTM,Prediction,Test
6494,2025-11-25,P003,1.8955261707305908,LSTM,Prediction,Test
6495,2025-11-26,P003,1.8920204639434812,LSTM,Prediction,Test
6496,2025-11-27,P003,1.87411367893219,LSTM,Prediction,Test
6497,2025-11-28,P003,1.880454659461975,LSTM,Prediction,Test
6498,2025-11-29,P003,1.8798013925552368,LSTM,Prediction,Test
6499,2025-11-30,P003,1.874524712562561,LSTM,Prediction,Test
6500,2025-12-01,P003,1.875932574272156,LSTM,Prediction,Test
6501,2025-12-02,P003,1.866928577423096,LSTM,Prediction,Test
6502,2025-12-03,P003,1.8750625848770144,LSTM,Prediction,Test
6503,2025-12-04,P003,1.882895231246948,LSTM,Prediction,Test
6504,2025-12-05,P003,1.869168758392334,LSTM,Prediction,Test
6505,2025-12-06,P003,1.8688956499099727,LSTM,Prediction,Test
6506,2025-12-07,P003,1.8791968822479248,LSTM,Prediction,Test
6507,2025-12-08,P003,1.8875752687454224,LSTM,Prediction,Test
6508,2025-12-09,P003,1.887562870979309,LSTM,Prediction,Test
6509,2025-12-10,P003,1.8925130367279053,LSTM,Prediction,Test
6510,2025-12-11,P003,1.8734166622161863,LSTM,Prediction,Test
6511,2025-12-12,P003,1.883209466934204,LSTM,Prediction,Test
6512,2025-12-13,P003,1.883589506149292,LSTM,Prediction,Test
6513,2025-12-14,P003,1.890233874320984,LSTM,Prediction,Test
6514,2025-12-15,P003,1.8898242712020876,LSTM,Prediction,Test
6515,2025-12-16,P003,1.8887743949890137,LSTM,Prediction,Test
6516,2025-12-17,P003,1.880202054977417,LSTM,Prediction,Test
6517,2025-12-18,P003,1.8948243856430051,LSTM,Prediction,Test
6518,2025-12-19,P003,1.896736741065979,LSTM,Prediction,Test
6519,2025-12-20,P003,1.8940439224243164,LSTM,Prediction,Test
6520,2025-12-21,P003,1.8786475658416748,LSTM,Prediction,Test
6521,2025-12-22,P003,1.8861970901489256,LSTM,Prediction,Test
6522,2025-12-23,P003,1.8885245323181152,LSTM,Prediction,Test
6523,2025-12-24,P003,1.8932620286941528,LSTM,Prediction,Test
6524,2025-12-25,P003,1.8844094276428225,LSTM,Prediction,Test
6525,2025-12-26,P003,1.8758001327514648,LSTM,Prediction,Test
6526,2025-12-27,P003,1.8814904689788816,LSTM,Prediction,Test
6527,2025-12-28,P003,1.891453742980957,LSTM,Prediction,Test
6528,2025-12-29,P003,1.89884889125824,LSTM,Prediction,Test
6529,2025-12-30,P003,1.8985675573349,LSTM,Prediction,Test
6530,2025-12-31,P003,1.904172658920288,LSTM,Prediction,Test
6531,2025-11-25,P004,2.1999192237854004,LSTM,Prediction,Test
6532,2025-11-26,P004,2.1971678733825684,LSTM,Prediction,Test
6533,2025-11-27,P004,2.1917061805725098,LSTM,Prediction,Test
6534,2025-11-28,P004,2.1946334838867188,LSTM,Prediction,Test
6535,2025-11-29,P004,2.193302154541016,LSTM,Prediction,Test
6536,2025-11-30,P004,2.1914453506469727,LSTM,Prediction,Test
6537,2025-12-01,P004,2.192344665527344,LSTM,Prediction,Test
6538,2025-12-02,P004,2.189685821533203,LSTM,Prediction,Test
6539,2025-12-03,P004,2.191375255584717,LSTM,Prediction,Test
6540,2025-12-04,P004,2.195352077484131,LSTM,Prediction,Test
6541,2025-12-05,P004,2.1879701614379883,LSTM,Prediction,Test
6542,2025-12-06,P004,2.1898555755615234,LSTM,Prediction,Test
6543,2025-12-07,P004,2.1920337677001958,LSTM,Prediction,Test
6544,2025-12-08,P004,2.195216178894043,LSTM,Prediction,Test
6545,2025-12-09,P004,2.195729255676269,LSTM,Prediction,Test
6546,2025-12-10,P004,2.1964869499206543,LSTM,Prediction,Test
6547,2025-12-11,P004,2.190208911895752,LSTM,Prediction,Test
6548,2025-12-12,P004,2.193692684173584,LSTM,Prediction,Test
6549,2025-12-13,P004,2.195981025695801,LSTM,Prediction,Test
6550,2025-12-14,P004,2.1968774795532227,LSTM,Prediction,Test
6551,2025-12-15,P004,2.195347785949707,LSTM,Prediction,Test
6552,2025-12-16,P004,2.196082592010498,LSTM,Prediction,Test
6553,2025-12-17,P004,2.192692279815674,LSTM,Prediction,Test
6554,2025-12-18,P004,2.2043628692626958,LSTM,Prediction,Test
6555,2025-12-19,P004,2.1990113258361816,LSTM,Prediction,Test
6556,2025-12-20,P004,2.198444366455078,LSTM,Prediction,Test
6557,2025-12-21,P004,2.193045139312744,LSTM,Prediction,Test
6558,2025-12-22,P004,2.1962380409240723,LSTM,Prediction,Test
6559,2025-12-23,P004,2.198906898498535,LSTM,Prediction,Test
6560,2025-12-24,P004,2.199405670166016,LSTM,Prediction,Test
6561,2025-12-25,P004,2.1983327865600586,LSTM,Prediction,Test
6562,2025-12-26,P004,2.193157196044922,LSTM,Prediction,Test
6563,2025-12-27,P004,2.1941943168640137,LSTM,Prediction,Test
6564,2025-12-28,P004,2.199841022491455,LSTM,Prediction,Test
6565,2025-12-29,P004,2.2019906044006348,LSTM,Prediction,Test
6566,2025-12-30,P004,2.19979190826416,LSTM,Prediction,Test
6567,2025-12-31,P004,2.200380802154541,LSTM,Prediction,Test
6568,2025-11-25,P005,2.0184943675994877,LSTM,Prediction,Test
6569,2025-11-26,P005,2.011974811553955,LSTM,Prediction,Test
6570,2025-11-27,P005,2.0046093463897705,LSTM,Prediction,Test
6571,2025-11-28,P005,2.01014256477356,LSTM,Prediction,Test
6572,2025-11-29,P005,2.0068490505218506,LSTM,Prediction,Test
6573,2025-11-30,P005,2.004307985305786,LSTM,Prediction,Test
6574,2025-12-01,P005,2.0055975914001465,LSTM,Prediction,Test
6575,2025-12-02,P005,2.00364089012146,LSTM,Prediction,Test
6576,2025-12-03,P005,2.0051097869873047,LSTM,Prediction,Test
6577,2025-12-04,P005,2.010728359222412,LSTM,Prediction,Test
6578,2025-12-05,P005,2.0002763271331787,LSTM,Prediction,Test
6579,2025-12-06,P005,2.0015931129455566,LSTM,Prediction,Test
6580,2025-12-07,P005,2.008283853530884,LSTM,Prediction,Test
6581,2025-12-08,P005,2.009620428085327,LSTM,Prediction,Test
6582,2025-12-09,P005,2.0096325874328613,LSTM,Prediction,Test
6583,2025-12-10,P005,2.013346910476685,LSTM,Prediction,Test
6584,2025-12-11,P005,2.0023155212402344,LSTM,Prediction,Test
6585,2025-12-12,P005,2.008186101913452,LSTM,Prediction,Test
6586,2025-12-13,P005,2.009783983230591,LSTM,Prediction,Test
6587,2025-12-14,P005,2.0112438201904297,LSTM,Prediction,Test
6588,2025-12-15,P005,2.0092782974243164,LSTM,Prediction,Test
6589,2025-12-16,P005,2.0097403526306152,LSTM,Prediction,Test
6590,2025-12-17,P005,2.0055110454559326,LSTM,Prediction,Test
6591,2025-12-18,P005,2.0198090076446533,LSTM,Prediction,Test
6592,2025-12-19,P005,2.014486789703369,LSTM,Prediction,Test
6593,2025-12-20,P005,2.012668371200561,LSTM,Prediction,Test
6594,2025-12-21,P005,2.005369186401367,LSTM,Prediction,Test
6595,2025-12-22,P005,2.0090315341949463,LSTM,Prediction,Test
6596,2025-12-23,P005,2.013108968734741,LSTM,Prediction,Test
6597,2025-12-24,P005,2.015475988388061,LSTM,Prediction,Test
6598,2025-12-25,P005,2.0159895420074463,LSTM,Prediction,Test
6599,2025-12-26,P005,2.0082218647003174,LSTM,Prediction,Test
6600,2025-12-27,P005,2.00950288772583,LSTM,Prediction,Test
6601,2025-12-28,P005,2.0133185386657715,LSTM,Prediction,Test
6602,2025-12-29,P005,2.0183234214782715,LSTM,Prediction,Test
6603,2025-12-30,P005,2.013224840164185,LSTM,Prediction,Test
6604,2025-12-31,P005,2.018314838409424,LSTM,Prediction,Test
6605,2025-11-25,P006,2.014657735824585,LSTM,Prediction,Test
6606,2025-11-26,P006,2.012434720993042,LSTM,Prediction,Test
6607,2025-11-27,P006,1.997334718704224,LSTM,Prediction,Test
6608,2025-11-28,P006,2.003007650375366,LSTM,Prediction,Test
6609,2025-11-29,P006,2.0028059482574463,LSTM,Prediction,Test
6610,2025-11-30,P006,1.9979960918426516,LSTM,Prediction,Test
6611,2025-12-01,P006,1.9993079900741575,LSTM,Prediction,Test
6612,2025-12-02,P006,1.9913241863250728,LSTM,Prediction,Test
6613,2025-12-03,P006,1.999427437782288,LSTM,Prediction,Test
6614,2025-12-04,P006,2.003181934356689,LSTM,Prediction,Test
6615,2025-12-05,P006,1.9921932220458984,LSTM,Prediction,Test
6616,2025-12-06,P006,1.9901145696640012,LSTM,Prediction,Test
6617,2025-12-07,P006,2.0012238025665283,LSTM,Prediction,Test
6618,2025-12-08,P006,2.008863925933838,LSTM,Prediction,Test
6619,2025-12-09,P006,2.0078682899475098,LSTM,Prediction,Test
6620,2025-12-10,P006,2.014312744140625,LSTM,Prediction,Test
6621,2025-12-11,P006,1.9958022832870483,LSTM,Prediction,Test
6622,2025-12-12,P006,2.0050110816955566,LSTM,Prediction,Test
6623,2025-12-13,P006,2.003621816635132,LSTM,Prediction,Test
6624,2025-12-14,P006,2.009352207183838,LSTM,Prediction,Test
6625,2025-12-15,P006,2.009584188461304,LSTM,Prediction,Test
6626,2025-12-16,P006,2.009711265563965,LSTM,Prediction,Test
6627,2025-12-17,P006,2.002053022384644,LSTM,Prediction,Test
6628,2025-12-18,P006,2.0130274295806885,LSTM,Prediction,Test
6629,2025-12-19,P006,2.0172626972198486,LSTM,Prediction,Test
6630,2025-12-20,P006,2.013073682785034,LSTM,Prediction,Test
6631,2025-12-21,P006,2.0003442764282227,LSTM,Prediction,Test
6632,2025-12-22,P006,2.0056240558624268,LSTM,Prediction,Test
6633,2025-12-23,P006,2.0078225135803223,LSTM,Prediction,Test
6634,2025-12-24,P006,2.012087345123291,LSTM,Prediction,Test
6635,2025-12-25,P006,2.00819730758667,LSTM,Prediction,Test
6636,2025-12-26,P006,1.9987813234329224,LSTM,Prediction,Test
6637,2025-12-27,P006,2.004668951034546,LSTM,Prediction,Test
6638,2025-12-28,P006,2.0076496601104736,LSTM,Prediction,Test
6639,2025-12-29,P006,2.019473075866699,LSTM,Prediction,Test
6640,2025-12-30,P006,2.0155892372131348,LSTM,Prediction,Test
6641,2025-12-31,P006,2.0202999114990234,LSTM,Prediction,Test
6642,2025-11-25,P007,2.2779524326324463,LSTM,Prediction,Test
6643,2025-11-26,P007,2.270946502685547,LSTM,Prediction,Test
6644,2025-11-27,P007,2.264066696166992,LSTM,Prediction,Test
6645,2025-11-28,P007,2.269309759140014,LSTM,Prediction,Test
6646,2025-11-29,P007,2.265444278717041,LSTM,Prediction,Test
6647,2025-11-30,P007,2.262084007263184,LSTM,Prediction,Test
6648,2025-12-01,P007,2.2626991271972656,LSTM,Prediction,Test
6649,2025-12-02,P007,2.2613894939422607,LSTM,Prediction,Test
6650,2025-12-03,P007,2.264719724655152,LSTM,Prediction,Test
6651,2025-12-04,P007,2.270291328430176,LSTM,Prediction,Test
6652,2025-12-05,P007,2.2598257064819336,LSTM,Prediction,Test
6653,2025-12-06,P007,2.257552146911621,LSTM,Prediction,Test
6654,2025-12-07,P007,2.2679758071899414,LSTM,Prediction,Test
6655,2025-12-08,P007,2.2679920196533203,LSTM,Prediction,Test
6656,2025-12-09,P007,2.268516778945923,LSTM,Prediction,Test
6657,2025-12-10,P007,2.275599479675293,LSTM,Prediction,Test
6658,2025-12-11,P007,2.2602388858795166,LSTM,Prediction,Test
6659,2025-12-12,P007,2.266717433929444,LSTM,Prediction,Test
6660,2025-12-13,P007,2.2685463428497314,LSTM,Prediction,Test
6661,2025-12-14,P007,2.2706589698791504,LSTM,Prediction,Test
6662,2025-12-15,P007,2.2681682109832764,LSTM,Prediction,Test
6663,2025-12-16,P007,2.271315813064575,LSTM,Prediction,Test
6664,2025-12-17,P007,2.2652902603149414,LSTM,Prediction,Test
6665,2025-12-18,P007,2.283817768096924,LSTM,Prediction,Test
6666,2025-12-19,P007,2.2767274379730225,LSTM,Prediction,Test
6667,2025-12-20,P007,2.2721071243286133,LSTM,Prediction,Test
6668,2025-12-21,P007,2.266566038131714,LSTM,Prediction,Test
6669,2025-12-22,P007,2.266836404800415,LSTM,Prediction,Test
6670,2025-12-23,P007,2.2687129974365234,LSTM,Prediction,Test
6671,2025-12-24,P007,2.275273323059082,LSTM,Prediction,Test
6672,2025-12-25,P007,2.272390365600586,LSTM,Prediction,Test
6673,2025-12-26,P007,2.2665352821350098,LSTM,Prediction,Test
6674,2025-12-27,P007,2.267530918121338,LSTM,Prediction,Test
6675,2025-12-28,P007,2.270834684371948,LSTM,Prediction,Test
6676,2025-12-29,P007,2.285254955291748,LSTM,Prediction,Test
6677,2025-12-30,P007,2.2738847732543945,LSTM,Prediction,Test
6678,2025-12-31,P007,2.276973962783813,LSTM,Prediction,Test
6679,2025-11-25,P008,2.007016897201538,LSTM,Prediction,Test
6680,2025-11-26,P008,2.0027785301208496,LSTM,Prediction,Test
6681,2025-11-27,P008,1.9935364723205569,LSTM,Prediction,Test
6682,2025-11-28,P008,1.999949932098389,LSTM,Prediction,Test
6683,2025-11-29,P008,1.9979573488235476,LSTM,Prediction,Test
6684,2025-11-30,P008,1.9957447052001955,LSTM,Prediction,Test
6685,2025-12-01,P008,1.996744394302368,LSTM,Prediction,Test
6686,2025-12-02,P008,1.9936233758926392,LSTM,Prediction,Test
6687,2025-12-03,P008,1.9959794282913208,LSTM,Prediction,Test
6688,2025-12-04,P008,1.9979153871536253,LSTM,Prediction,Test
6689,2025-12-05,P008,1.992337226867676,LSTM,Prediction,Test
6690,2025-12-06,P008,1.9922761917114256,LSTM,Prediction,Test
6691,2025-12-07,P008,2.0009024143218994,LSTM,Prediction,Test
6692,2025-12-08,P008,2.001344680786133,LSTM,Prediction,Test
6693,2025-12-09,P008,1.9983725547790527,LSTM,Prediction,Test
6694,2025-12-10,P008,2.003269910812378,LSTM,Prediction,Test
6695,2025-12-11,P008,1.9949419498443604,LSTM,Prediction,Test
6696,2025-12-12,P008,1.9998008012771609,LSTM,Prediction,Test
6697,2025-12-13,P008,1.999231576919556,LSTM,Prediction,Test
6698,2025-12-14,P008,1.999093532562256,LSTM,Prediction,Test
6699,2025-12-15,P008,2.0028769969940186,LSTM,Prediction,Test
6700,2025-12-16,P008,2.00170636177063,LSTM,Prediction,Test
6701,2025-12-17,P008,1.9967690706253047,LSTM,Prediction,Test
6702,2025-12-18,P008,2.004082441329956,LSTM,Prediction,Test
6703,2025-12-19,P008,2.0031986236572266,LSTM,Prediction,Test
6704,2025-12-20,P008,2.003939151763916,LSTM,Prediction,Test
6705,2025-12-21,P008,1.996783137321472,LSTM,Prediction,Test
6706,2025-12-22,P008,1.9999769926071167,LSTM,Prediction,Test
6707,2025-12-23,P008,2.001095533370972,LSTM,Prediction,Test
6708,2025-12-24,P008,2.0075576305389404,LSTM,Prediction,Test
6709,2025-12-25,P008,2.0011558532714844,LSTM,Prediction,Test
6710,2025-12-26,P008,1.9989471435546875,LSTM,Prediction,Test
6711,2025-12-27,P008,1.9993901252746584,LSTM,Prediction,Test
6712,2025-12-28,P008,2.0024235248565674,LSTM,Prediction,Test
6713,2025-12-29,P008,2.007972240447998,LSTM,Prediction,Test
6714,2025-12-30,P008,2.003521680831909,LSTM,Prediction,Test
6715,2025-12-31,P008,2.0074403285980225,LSTM,Prediction,Test
6716,2025-11-25,P009,2.0203068256378174,LSTM,Prediction,Test
6717,2025-11-26,P009,2.0193092823028564,LSTM,Prediction,Test
6718,2025-11-27,P009,2.010357141494751,LSTM,Prediction,Test
6719,2025-11-28,P009,2.013550043106079,LSTM,Prediction,Test
6720,2025-11-29,P009,2.0141305923461914,LSTM,Prediction,Test
6721,2025-11-30,P009,2.0124008655548096,LSTM,Prediction,Test
6722,2025-12-01,P009,2.013575792312622,LSTM,Prediction,Test
6723,2025-12-02,P009,2.0090978145599365,LSTM,Prediction,Test
6724,2025-12-03,P009,2.0117199420928955,LSTM,Prediction,Test
6725,2025-12-04,P009,2.0154776573181152,LSTM,Prediction,Test
6726,2025-12-05,P009,2.008571147918701,LSTM,Prediction,Test
6727,2025-12-06,P009,2.0124197006225586,LSTM,Prediction,Test
6728,2025-12-07,P009,2.0128109455108643,LSTM,Prediction,Test
6729,2025-12-08,P009,2.017547130584717,LSTM,Prediction,Test
6730,2025-12-09,P009,2.018229961395264,LSTM,Prediction,Test
6731,2025-12-10,P009,2.017002820968628,LSTM,Prediction,Test
6732,2025-12-11,P009,2.011512756347656,LSTM,Prediction,Test
6733,2025-12-12,P009,2.015718460083008,LSTM,Prediction,Test
6734,2025-12-13,P009,2.0167465209960938,LSTM,Prediction,Test
6735,2025-12-14,P009,2.01820969581604,LSTM,Prediction,Test
6736,2025-12-15,P009,2.018646717071533,LSTM,Prediction,Test
6737,2025-12-16,P009,2.0167388916015625,LSTM,Prediction,Test
6738,2025-12-17,P009,2.012869119644165,LSTM,Prediction,Test
6739,2025-12-18,P009,2.019580364227295,LSTM,Prediction,Test
6740,2025-12-19,P009,2.018711805343628,LSTM,Prediction,Test
6741,2025-12-20,P009,2.0212559700012207,LSTM,Prediction,Test
6742,2025-12-21,P009,2.012303590774536,LSTM,Prediction,Test
6743,2025-12-22,P009,2.017880916595459,LSTM,Prediction,Test
6744,2025-12-23,P009,2.0211944580078125,LSTM,Prediction,Test
6745,2025-12-24,P009,2.021373748779297,LSTM,Prediction,Test
6746,2025-12-25,P009,2.0180909633636475,LSTM,Prediction,Test
6747,2025-12-26,P009,2.012699604034424,LSTM,Prediction,Test
6748,2025-12-27,P009,2.015936851501465,LSTM,Prediction,Test
6749,2025-12-28,P009,2.022301197052002,LSTM,Prediction,Test
6750,2025-12-29,P009,2.0198569297790527,LSTM,Prediction,Test
6751,2025-12-30,P009,2.023478984832764,LSTM,Prediction,Test
6752,2025-12-31,P009,2.0252926349639893,LSTM,Prediction,Test
6753,2025-11-25,P010,2.062889337539673,LSTM,Prediction,Test
6754,2025-11-26,P010,2.0579891204833984,LSTM,Prediction,Test
6755,2025-11-27,P010,2.047892570495605,LSTM,Prediction,Test
6756,2025-11-28,P010,2.053436517715454,LSTM,Prediction,Test
6757,2025-11-29,P010,2.051518440246582,LSTM,Prediction,Test
6758,2025-11-30,P010,2.047960996627808,LSTM,Prediction,Test
6759,2025-12-01,P010,2.049064874649048,LSTM,Prediction,Test
6760,2025-12-02,P010,2.044156312942505,LSTM,Prediction,Test
6761,2025-12-03,P010,2.047970533370972,LSTM,Prediction,Test
6762,2025-12-04,P010,2.0517704486846924,LSTM,Prediction,Test
6763,2025-12-05,P010,2.042009830474853,LSTM,Prediction,Test
6764,2025-12-06,P010,2.0420982837677,LSTM,Prediction,Test
6765,2025-12-07,P010,2.0520360469818115,LSTM,Prediction,Test
6766,2025-12-08,P010,2.054962158203125,LSTM,Prediction,Test
6767,2025-12-09,P010,2.054795265197754,LSTM,Prediction,Test
6768,2025-12-10,P010,2.0604958534240723,LSTM,Prediction,Test
6769,2025-12-11,P010,2.046703577041626,LSTM,Prediction,Test
6770,2025-12-12,P010,2.0533742904663086,LSTM,Prediction,Test
6771,2025-12-13,P010,2.0557634830474854,LSTM,Prediction,Test
6772,2025-12-14,P010,2.055936336517334,LSTM,Prediction,Test
6773,2025-12-15,P010,2.0570876598358154,LSTM,Prediction,Test
6774,2025-12-16,P010,2.057183265686035,LSTM,Prediction,Test
6775,2025-12-17,P010,2.0505216121673584,LSTM,Prediction,Test
6776,2025-12-18,P010,2.064401149749756,LSTM,Prediction,Test
6777,2025-12-19,P010,2.061797380447388,LSTM,Prediction,Test
6778,2025-12-20,P010,2.0598599910736084,LSTM,Prediction,Test
6779,2025-12-21,P010,2.050593137741089,LSTM,Prediction,Test
6780,2025-12-22,P010,2.052923679351806,LSTM,Prediction,Test
6781,2025-12-23,P010,2.054717302322388,LSTM,Prediction,Test
6782,2025-12-24,P010,2.0606932640075684,LSTM,Prediction,Test
6783,2025-12-25,P010,2.0561892986297607,LSTM,Prediction,Test
6784,2025-12-26,P010,2.0510919094085693,LSTM,Prediction,Test
6785,2025-12-27,P010,2.0530014038085938,LSTM,Prediction,Test
6786,2025-12-28,P010,2.055872917175293,LSTM,Prediction,Test
6787,2025-12-29,P010,2.0677452087402344,LSTM,Prediction,Test
6788,2025-12-30,P010,2.0610177516937256,LSTM,Prediction,Test
6789,2025-12-31,P010,2.0651443004608154,LSTM,Prediction,Test
6790,2025-11-25,P011,2.180037260055542,LSTM,Prediction,Test
6791,2025-11-26,P011,2.1760447025299072,LSTM,Prediction,Test
6792,2025-11-27,P011,2.166432857513428,LSTM,Prediction,Test
6793,2025-11-28,P011,2.1712350845336914,LSTM,Prediction,Test
6794,2025-11-29,P011,2.1702609062194824,LSTM,Prediction,Test
6795,2025-11-30,P011,2.167199850082397,LSTM,Prediction,Test
6796,2025-12-01,P011,2.1684391498565674,LSTM,Prediction,Test
6797,2025-12-02,P011,2.163379192352295,LSTM,Prediction,Test
6798,2025-12-03,P011,2.165935754776001,LSTM,Prediction,Test
6799,2025-12-04,P011,2.1697375774383545,LSTM,Prediction,Test
6800,2025-12-05,P011,2.160602807998657,LSTM,Prediction,Test
6801,2025-12-06,P011,2.1651899814605717,LSTM,Prediction,Test
6802,2025-12-07,P011,2.16929292678833,LSTM,Prediction,Test
6803,2025-12-08,P011,2.173035144805908,LSTM,Prediction,Test
6804,2025-12-09,P011,2.17486310005188,LSTM,Prediction,Test
6805,2025-12-10,P011,2.1764822006225586,LSTM,Prediction,Test
6806,2025-12-11,P011,2.16636323928833,LSTM,Prediction,Test
6807,2025-12-12,P011,2.1715033054351807,LSTM,Prediction,Test
6808,2025-12-13,P011,2.17078161239624,LSTM,Prediction,Test
6809,2025-12-14,P011,2.1744072437286377,LSTM,Prediction,Test
6810,2025-12-15,P011,2.1765248775482178,LSTM,Prediction,Test
6811,2025-12-16,P011,2.174454689025879,LSTM,Prediction,Test
6812,2025-12-17,P011,2.16838812828064,LSTM,Prediction,Test
6813,2025-12-18,P011,2.1808900833129883,LSTM,Prediction,Test
6814,2025-12-19,P011,2.179442405700684,LSTM,Prediction,Test
6815,2025-12-20,P011,2.179064989089966,LSTM,Prediction,Test
6816,2025-12-21,P011,2.168057918548584,LSTM,Prediction,Test
6817,2025-12-22,P011,2.172325372695923,LSTM,Prediction,Test
6818,2025-12-23,P011,2.1763787269592285,LSTM,Prediction,Test
6819,2025-12-24,P011,2.1812307834625244,LSTM,Prediction,Test
6820,2025-12-25,P011,2.176741123199463,LSTM,Prediction,Test
6821,2025-12-26,P011,2.171560287475586,LSTM,Prediction,Test
6822,2025-12-27,P011,2.1732492446899414,LSTM,Prediction,Test
6823,2025-12-28,P011,2.1771910190582275,LSTM,Prediction,Test
6824,2025-12-29,P011,2.183367252349853,LSTM,Prediction,Test
6825,2025-12-30,P011,2.1820626258850098,LSTM,Prediction,Test
6826,2025-12-31,P011,2.1829633712768555,LSTM,Prediction,Test
6827,2025-11-25,P012,1.9086064100265503,LSTM,Prediction,Test
6828,2025-11-26,P012,1.905834674835205,LSTM,Prediction,Test
6829,2025-11-27,P012,1.8969758749008176,LSTM,Prediction,Test
6830,2025-11-28,P012,1.90112566947937,LSTM,Prediction,Test
6831,2025-11-29,P012,1.8996543884277344,LSTM,Prediction,Test
6832,2025-11-30,P012,1.8973866701126096,LSTM,Prediction,Test
6833,2025-12-01,P012,1.898496389389038,LSTM,Prediction,Test
6834,2025-12-02,P012,1.8937792778015137,LSTM,Prediction,Test
6835,2025-12-03,P012,1.8979259729385376,LSTM,Prediction,Test
6836,2025-12-04,P012,1.8991754055023196,LSTM,Prediction,Test
6837,2025-12-05,P012,1.8933488130569456,LSTM,Prediction,Test
6838,2025-12-06,P012,1.8945368528366089,LSTM,Prediction,Test
6839,2025-12-07,P012,1.899889707565308,LSTM,Prediction,Test
6840,2025-12-08,P012,1.9037010669708248,LSTM,Prediction,Test
6841,2025-12-09,P012,1.90506649017334,LSTM,Prediction,Test
6842,2025-12-10,P012,1.906551480293274,LSTM,Prediction,Test
6843,2025-12-11,P012,1.8955769538879397,LSTM,Prediction,Test
6844,2025-12-12,P012,1.9010136127471924,LSTM,Prediction,Test
6845,2025-12-13,P012,1.9012458324432373,LSTM,Prediction,Test
6846,2025-12-14,P012,1.9023590087890625,LSTM,Prediction,Test
6847,2025-12-15,P012,1.905030846595764,LSTM,Prediction,Test
6848,2025-12-16,P012,1.9040082693099976,LSTM,Prediction,Test
6849,2025-12-17,P012,1.898734211921692,LSTM,Prediction,Test
6850,2025-12-18,P012,1.9089596271514893,LSTM,Prediction,Test
6851,2025-12-19,P012,1.9065301418304443,LSTM,Prediction,Test
6852,2025-12-20,P012,1.9078786373138428,LSTM,Prediction,Test
6853,2025-12-21,P012,1.8987505435943604,LSTM,Prediction,Test
6854,2025-12-22,P012,1.9024736881256104,LSTM,Prediction,Test
6855,2025-12-23,P012,1.905842900276184,LSTM,Prediction,Test
6856,2025-12-24,P012,1.9098740816116333,LSTM,Prediction,Test
6857,2025-12-25,P012,1.9059267044067385,LSTM,Prediction,Test
6858,2025-12-26,P012,1.900137424468994,LSTM,Prediction,Test
6859,2025-12-27,P012,1.903475880622864,LSTM,Prediction,Test
6860,2025-12-28,P012,1.906950831413269,LSTM,Prediction,Test
6861,2025-12-29,P012,1.913618564605713,LSTM,Prediction,Test
6862,2025-12-30,P012,1.9088407754898071,LSTM,Prediction,Test
6863,2025-12-31,P012,1.9107953310012815,LSTM,Prediction,Test
6864,2025-11-25,P013,2.0089077949523926,LSTM,Prediction,Test
6865,2025-11-26,P013,2.0009119510650635,LSTM,Prediction,Test
6866,2025-11-27,P013,1.9934937953948972,LSTM,Prediction,Test
6867,2025-11-28,P013,1.998389720916748,LSTM,Prediction,Test
6868,2025-11-29,P013,1.9968236684799197,LSTM,Prediction,Test
6869,2025-11-30,P013,1.992486953735352,LSTM,Prediction,Test
6870,2025-12-01,P013,1.9932668209075928,LSTM,Prediction,Test
6871,2025-12-02,P013,1.9941641092300413,LSTM,Prediction,Test
6872,2025-12-03,P013,1.995205044746399,LSTM,Prediction,Test
6873,2025-12-04,P013,2.00588607788086,LSTM,Prediction,Test
6874,2025-12-05,P013,1.989258050918579,LSTM,Prediction,Test
6875,2025-12-06,P013,1.9898961782455444,LSTM,Prediction,Test
6876,2025-12-07,P013,1.9966089725494385,LSTM,Prediction,Test
6877,2025-12-08,P013,1.9977807998657229,LSTM,Prediction,Test
6878,2025-12-09,P013,2.000315427780152,LSTM,Prediction,Test
6879,2025-12-10,P013,2.006821155548096,LSTM,Prediction,Test
6880,2025-12-11,P013,1.992465853691101,LSTM,Prediction,Test
6881,2025-12-12,P013,2.0000720024108887,LSTM,Prediction,Test
6882,2025-12-13,P013,1.9991003274917605,LSTM,Prediction,Test
6883,2025-12-14,P013,2.002448081970215,LSTM,Prediction,Test
6884,2025-12-15,P013,2.000293970108032,LSTM,Prediction,Test
6885,2025-12-16,P013,2.001596212387085,LSTM,Prediction,Test
6886,2025-12-17,P013,1.9945544004440308,LSTM,Prediction,Test
6887,2025-12-18,P013,2.0119240283966064,LSTM,Prediction,Test
6888,2025-12-19,P013,2.0044217109680176,LSTM,Prediction,Test
6889,2025-12-20,P013,2.0030176639556885,LSTM,Prediction,Test
6890,2025-12-21,P013,1.9944770336151123,LSTM,Prediction,Test
6891,2025-12-22,P013,1.9981852769851685,LSTM,Prediction,Test
6892,2025-12-23,P013,2.0021157264709477,LSTM,Prediction,Test
6893,2025-12-24,P013,2.008350372314453,LSTM,Prediction,Test
6894,2025-12-25,P013,2.003675937652588,LSTM,Prediction,Test
6895,2025-12-26,P013,1.996973156929016,LSTM,Prediction,Test
6896,2025-12-27,P013,1.9984129667282104,LSTM,Prediction,Test
6897,2025-12-28,P013,2.004600524902344,LSTM,Prediction,Test
6898,2025-12-29,P013,2.012606620788574,LSTM,Prediction,Test
6899,2025-12-30,P013,2.0071892738342285,LSTM,Prediction,Test
6900,2025-12-31,P013,2.011790990829468,LSTM,Prediction,Test
6901,2025-11-25,P014,2.0773727893829346,LSTM,Prediction,Test
6902,2025-11-26,P014,2.0729453563690186,LSTM,Prediction,Test
6903,2025-11-27,P014,2.067090511322021,LSTM,Prediction,Test
6904,2025-11-28,P014,2.070675849914551,LSTM,Prediction,Test
6905,2025-11-29,P014,2.0703542232513428,LSTM,Prediction,Test
6906,2025-11-30,P014,2.0676305294036865,LSTM,Prediction,Test
6907,2025-12-01,P014,2.0687873363494877,LSTM,Prediction,Test
6908,2025-12-02,P014,2.066922664642334,LSTM,Prediction,Test
6909,2025-12-03,P014,2.067501306533813,LSTM,Prediction,Test
6910,2025-12-04,P014,2.072679281234741,LSTM,Prediction,Test
6911,2025-12-05,P014,2.062696695327759,LSTM,Prediction,Test
6912,2025-12-06,P014,2.0668671131134038,LSTM,Prediction,Test
6913,2025-12-07,P014,2.0693697929382324,LSTM,Prediction,Test
6914,2025-12-08,P014,2.0713329315185547,LSTM,Prediction,Test
6915,2025-12-09,P014,2.072486162185669,LSTM,Prediction,Test
6916,2025-12-10,P014,2.0744073390960693,LSTM,Prediction,Test
6917,2025-12-11,P014,2.066503524780273,LSTM,Prediction,Test
6918,2025-12-12,P014,2.0715460777282715,LSTM,Prediction,Test
6919,2025-12-13,P014,2.070446729660034,LSTM,Prediction,Test
6920,2025-12-14,P014,2.073547601699829,LSTM,Prediction,Test
6921,2025-12-15,P014,2.0722455978393555,LSTM,Prediction,Test
6922,2025-12-16,P014,2.072235107421875,LSTM,Prediction,Test
6923,2025-12-17,P014,2.067490577697754,LSTM,Prediction,Test
6924,2025-12-18,P014,2.079676628112793,LSTM,Prediction,Test
6925,2025-12-19,P014,2.0753488540649414,LSTM,Prediction,Test
6926,2025-12-20,P014,2.0751333236694336,LSTM,Prediction,Test
6927,2025-12-21,P014,2.0671069622039795,LSTM,Prediction,Test
6928,2025-12-22,P014,2.0707497596740723,LSTM,Prediction,Test
6929,2025-12-23,P014,2.074892520904541,LSTM,Prediction,Test
6930,2025-12-24,P014,2.077013731002808,LSTM,Prediction,Test
6931,2025-12-25,P014,2.0742549896240234,LSTM,Prediction,Test
6932,2025-12-26,P014,2.069734573364258,LSTM,Prediction,Test
6933,2025-12-27,P014,2.0707528591156006,LSTM,Prediction,Test
6934,2025-12-28,P014,2.0747456550598145,LSTM,Prediction,Test
6935,2025-12-29,P014,2.077521800994873,LSTM,Prediction,Test
6936,2025-12-30,P014,2.074358463287353,LSTM,Prediction,Test
6937,2025-12-31,P014,2.079362392425537,LSTM,Prediction,Test
6938,2025-11-25,P015,2.2029268741607666,LSTM,Prediction,Test
6939,2025-11-26,P015,2.197343587875366,LSTM,Prediction,Test
6940,2025-11-27,P015,2.18591570854187,LSTM,Prediction,Test
6941,2025-11-28,P015,2.19172477722168,LSTM,Prediction,Test
6942,2025-11-29,P015,2.190239429473877,LSTM,Prediction,Test
6943,2025-11-30,P015,2.1865243911743164,LSTM,Prediction,Test
6944,2025-12-01,P015,2.187573909759521,LSTM,Prediction,Test
6945,2025-12-02,P015,2.1852118968963623,LSTM,Prediction,Test
6946,2025-12-03,P015,2.18817138671875,LSTM,Prediction,Test
6947,2025-12-04,P015,2.1977856159210205,LSTM,Prediction,Test
6948,2025-12-05,P015,2.1837892532348637,LSTM,Prediction,Test
6949,2025-12-06,P015,2.182831048965454,LSTM,Prediction,Test
6950,2025-12-07,P015,2.1928927898406982,LSTM,Prediction,Test
6951,2025-12-08,P015,2.194596767425537,LSTM,Prediction,Test
6952,2025-12-09,P015,2.193154573440552,LSTM,Prediction,Test
6953,2025-12-10,P015,2.199450731277466,LSTM,Prediction,Test
6954,2025-12-11,P015,2.185020923614502,LSTM,Prediction,Test
6955,2025-12-12,P015,2.1933109760284424,LSTM,Prediction,Test
6956,2025-12-13,P015,2.1904714107513428,LSTM,Prediction,Test
6957,2025-12-14,P015,2.1948230266571045,LSTM,Prediction,Test
6958,2025-12-15,P015,2.195261716842652,LSTM,Prediction,Test
6959,2025-12-16,P015,2.1954288482666016,LSTM,Prediction,Test
6960,2025-12-17,P015,2.189725399017334,LSTM,Prediction,Test
6961,2025-12-18,P015,2.2030370235443115,LSTM,Prediction,Test
6962,2025-12-19,P015,2.201314687728882,LSTM,Prediction,Test
6963,2025-12-20,P015,2.1989781856536865,LSTM,Prediction,Test
6964,2025-12-21,P015,2.1892130374908447,LSTM,Prediction,Test
6965,2025-12-22,P015,2.194388628005981,LSTM,Prediction,Test
6966,2025-12-23,P015,2.197491407394409,LSTM,Prediction,Test
6967,2025-12-24,P015,2.2013931274414062,LSTM,Prediction,Test
6968,2025-12-25,P015,2.1949305534362797,LSTM,Prediction,Test
6969,2025-12-26,P015,2.189289331436157,LSTM,Prediction,Test
6970,2025-12-27,P015,2.1919095516204834,LSTM,Prediction,Test
6971,2025-12-28,P015,2.199740409851074,LSTM,Prediction,Test
6972,2025-12-29,P015,2.203098058700561,LSTM,Prediction,Test
6973,2025-12-30,P015,2.202833414077759,LSTM,Prediction,Test
6974,2025-12-31,P015,2.2065582275390625,LSTM,Prediction,Test
6975,2025-11-25,P016,1.9794597625732424,LSTM,Prediction,Test
6976,2025-11-26,P016,1.9734275341033936,LSTM,Prediction,Test
6977,2025-11-27,P016,1.966509461402893,LSTM,Prediction,Test
6978,2025-11-28,P016,1.970851182937622,LSTM,Prediction,Test
6979,2025-11-29,P016,1.9695532321929927,LSTM,Prediction,Test
6980,2025-11-30,P016,1.966127634048462,LSTM,Prediction,Test
6981,2025-12-01,P016,1.9669606685638428,LSTM,Prediction,Test
6982,2025-12-02,P016,1.9645181894302368,LSTM,Prediction,Test
6983,2025-12-03,P016,1.965211272239685,LSTM,Prediction,Test
6984,2025-12-04,P016,1.9744441509246824,LSTM,Prediction,Test
6985,2025-12-05,P016,1.9620612859725952,LSTM,Prediction,Test
6986,2025-12-06,P016,1.969346046447754,LSTM,Prediction,Test
6987,2025-12-07,P016,1.969226360321045,LSTM,Prediction,Test
6988,2025-12-08,P016,1.971022367477417,LSTM,Prediction,Test
6989,2025-12-09,P016,1.972301006317139,LSTM,Prediction,Test
6990,2025-12-10,P016,1.9750020503997805,LSTM,Prediction,Test
6991,2025-12-11,P016,1.9678452014923096,LSTM,Prediction,Test
6992,2025-12-12,P016,1.971612930297852,LSTM,Prediction,Test
6993,2025-12-13,P016,1.973639965057373,LSTM,Prediction,Test
6994,2025-12-14,P016,1.979653596878052,LSTM,Prediction,Test
6995,2025-12-15,P016,1.974113941192627,LSTM,Prediction,Test
6996,2025-12-16,P016,1.973793029785156,LSTM,Prediction,Test
6997,2025-12-17,P016,1.9676060676574707,LSTM,Prediction,Test
6998,2025-12-18,P016,1.9847254753112795,LSTM,Prediction,Test
6999,2025-12-19,P016,1.978966474533081,LSTM,Prediction,Test
7000,2025-12-20,P016,1.9768977165222168,LSTM,Prediction,Test
7001,2025-12-21,P016,1.968467354774475,LSTM,Prediction,Test
7002,2025-12-22,P016,1.9704289436340328,LSTM,Prediction,Test
7003,2025-12-23,P016,1.973524570465088,LSTM,Prediction,Test
7004,2025-12-24,P016,1.9776384830474851,LSTM,Prediction,Test
7005,2025-12-25,P016,1.9768462181091309,LSTM,Prediction,Test
7006,2025-12-26,P016,1.9710171222686768,LSTM,Prediction,Test
7007,2025-12-27,P016,1.9704842567443848,LSTM,Prediction,Test
7008,2025-12-28,P016,1.9781482219696045,LSTM,Prediction,Test
7009,2025-12-29,P016,1.983215808868408,LSTM,Prediction,Test
7010,2025-12-30,P016,1.979698181152344,LSTM,Prediction,Test
7011,2025-12-31,P016,1.984113693237305,LSTM,Prediction,Test
7012,2025-11-25,P017,1.8996883630752563,LSTM,Prediction,Test
7013,2025-11-26,P017,1.896313428878784,LSTM,Prediction,Test
7014,2025-11-27,P017,1.8898457288742063,LSTM,Prediction,Test
7015,2025-11-28,P017,1.894613027572632,LSTM,Prediction,Test
7016,2025-11-29,P017,1.892951250076294,LSTM,Prediction,Test
7017,2025-11-30,P017,1.8915096521377563,LSTM,Prediction,Test
7018,2025-12-01,P017,1.8924869298934937,LSTM,Prediction,Test
7019,2025-12-02,P017,1.8884936571121216,LSTM,Prediction,Test
7020,2025-12-03,P017,1.8906151056289675,LSTM,Prediction,Test
7021,2025-12-04,P017,1.8893417119979856,LSTM,Prediction,Test
7022,2025-12-05,P017,1.8862184286117556,LSTM,Prediction,Test
7023,2025-12-06,P017,1.8874720335006716,LSTM,Prediction,Test
7024,2025-12-07,P017,1.892238736152649,LSTM,Prediction,Test
7025,2025-12-08,P017,1.894461750984192,LSTM,Prediction,Test
7026,2025-12-09,P017,1.894707202911377,LSTM,Prediction,Test
7027,2025-12-10,P017,1.897042155265808,LSTM,Prediction,Test
7028,2025-12-11,P017,1.889983296394348,LSTM,Prediction,Test
7029,2025-12-12,P017,1.8930538892745967,LSTM,Prediction,Test
7030,2025-12-13,P017,1.8940434455871584,LSTM,Prediction,Test
7031,2025-12-14,P017,1.892359495162964,LSTM,Prediction,Test
7032,2025-12-15,P017,1.8958464860916135,LSTM,Prediction,Test
7033,2025-12-16,P017,1.894401788711548,LSTM,Prediction,Test
7034,2025-12-17,P017,1.8914119005203247,LSTM,Prediction,Test
7035,2025-12-18,P017,1.8957452774047847,LSTM,Prediction,Test
7036,2025-12-19,P017,1.8969764709472656,LSTM,Prediction,Test
7037,2025-12-20,P017,1.8982259035110476,LSTM,Prediction,Test
7038,2025-12-21,P017,1.891307592391968,LSTM,Prediction,Test
7039,2025-12-22,P017,1.8941906690597532,LSTM,Prediction,Test
7040,2025-12-23,P017,1.8964539766311648,LSTM,Prediction,Test
7041,2025-12-24,P017,1.8995879888534544,LSTM,Prediction,Test
7042,2025-12-25,P017,1.898809790611267,LSTM,Prediction,Test
7043,2025-12-26,P017,1.8955178260803225,LSTM,Prediction,Test
7044,2025-12-27,P017,1.8963956832885744,LSTM,Prediction,Test
7045,2025-12-28,P017,1.8951321840286253,LSTM,Prediction,Test
7046,2025-12-29,P017,1.90056574344635,LSTM,Prediction,Test
7047,2025-12-30,P017,1.897884726524353,LSTM,Prediction,Test
7048,2025-12-31,P017,1.898964524269104,LSTM,Prediction,Test
7049,2025-11-25,P018,2.2874600887298584,LSTM,Prediction,Test
7050,2025-11-26,P018,2.284357786178589,LSTM,Prediction,Test
7051,2025-11-27,P018,2.2718074321746826,LSTM,Prediction,Test
7052,2025-11-28,P018,2.277106046676636,LSTM,Prediction,Test
7053,2025-11-29,P018,2.27581000328064,LSTM,Prediction,Test
7054,2025-11-30,P018,2.2722747325897217,LSTM,Prediction,Test
7055,2025-12-01,P018,2.273559093475342,LSTM,Prediction,Test
7056,2025-12-02,P018,2.2675225734710693,LSTM,Prediction,Test
7057,2025-12-03,P018,2.273811101913452,LSTM,Prediction,Test
7058,2025-12-04,P018,2.2801778316497803,LSTM,Prediction,Test
7059,2025-12-05,P018,2.268871545791626,LSTM,Prediction,Test
7060,2025-12-06,P018,2.2642948627471924,LSTM,Prediction,Test
7061,2025-12-07,P018,2.2769370079040527,LSTM,Prediction,Test
7062,2025-12-08,P018,2.281700611114502,LSTM,Prediction,Test
7063,2025-12-09,P018,2.2810428142547607,LSTM,Prediction,Test
7064,2025-12-10,P018,2.2857565879821777,LSTM,Prediction,Test
7065,2025-12-11,P018,2.26967453956604,LSTM,Prediction,Test
7066,2025-12-12,P018,2.2784857749938965,LSTM,Prediction,Test
7067,2025-12-13,P018,2.276423215866089,LSTM,Prediction,Test
7068,2025-12-14,P018,2.2780909538269043,LSTM,Prediction,Test
7069,2025-12-15,P018,2.281881093978882,LSTM,Prediction,Test
7070,2025-12-16,P018,2.282645463943481,LSTM,Prediction,Test
7071,2025-12-17,P018,2.27622389793396,LSTM,Prediction,Test
7072,2025-12-18,P018,2.2864816188812256,LSTM,Prediction,Test
7073,2025-12-19,P018,2.28659462928772,LSTM,Prediction,Test
7074,2025-12-20,P018,2.2849724292755127,LSTM,Prediction,Test
7075,2025-12-21,P018,2.276104688644409,LSTM,Prediction,Test
7076,2025-12-22,P018,2.280713558197021,LSTM,Prediction,Test
7077,2025-12-23,P018,2.280937910079956,LSTM,Prediction,Test
7078,2025-12-24,P018,2.285784959793091,LSTM,Prediction,Test
7079,2025-12-25,P018,2.2802834510803223,LSTM,Prediction,Test
7080,2025-12-26,P018,2.273523569107056,LSTM,Prediction,Test
7081,2025-12-27,P018,2.277308225631714,LSTM,Prediction,Test
7082,2025-12-28,P018,2.2825264930725098,LSTM,Prediction,Test
7083,2025-12-29,P018,2.2912533283233643,LSTM,Prediction,Test
7084,2025-12-30,P018,2.2893402576446533,LSTM,Prediction,Test
7085,2025-12-31,P018,2.293630361557007,LSTM,Prediction,Test
7086,2025-11-25,P019,1.9893947839736936,LSTM,Prediction,Test
7087,2025-11-26,P019,1.98989737033844,LSTM,Prediction,Test
7088,2025-11-27,P019,1.9853721857070925,LSTM,Prediction,Test
7089,2025-11-28,P019,1.986072659492493,LSTM,Prediction,Test
7090,2025-11-29,P019,1.986026167869568,LSTM,Prediction,Test
7091,2025-11-30,P019,1.985143780708313,LSTM,Prediction,Test
7092,2025-12-01,P019,1.9855550527572632,LSTM,Prediction,Test
7093,2025-12-02,P019,1.9825435876846316,LSTM,Prediction,Test
7094,2025-12-03,P019,1.9850244522094729,LSTM,Prediction,Test
7095,2025-12-04,P019,1.9870482683181765,LSTM,Prediction,Test
7096,2025-12-05,P019,1.9840543270111084,LSTM,Prediction,Test
7097,2025-12-06,P019,1.9827996492385864,LSTM,Prediction,Test
7098,2025-12-07,P019,1.985922574996948,LSTM,Prediction,Test
7099,2025-12-08,P019,1.9887884855270384,LSTM,Prediction,Test
7100,2025-12-09,P019,1.9872938394546509,LSTM,Prediction,Test
7101,2025-12-10,P019,1.9882371425628664,LSTM,Prediction,Test
7102,2025-12-11,P019,1.9838255643844604,LSTM,Prediction,Test
7103,2025-12-12,P019,1.9860163927078247,LSTM,Prediction,Test
7104,2025-12-13,P019,1.9871519804000852,LSTM,Prediction,Test
7105,2025-12-14,P019,1.9867125749588013,LSTM,Prediction,Test
7106,2025-12-15,P019,1.9885601997375488,LSTM,Prediction,Test
7107,2025-12-16,P019,1.988423228263855,LSTM,Prediction,Test
7108,2025-12-17,P019,1.9868444204330444,LSTM,Prediction,Test
7109,2025-12-18,P019,1.9915519952774048,LSTM,Prediction,Test
7110,2025-12-19,P019,1.990777850151062,LSTM,Prediction,Test
7111,2025-12-20,P019,1.990436673164368,LSTM,Prediction,Test
7112,2025-12-21,P019,1.986286997795105,LSTM,Prediction,Test
7113,2025-12-22,P019,1.9880625009536743,LSTM,Prediction,Test
7114,2025-12-23,P019,1.988338828086853,LSTM,Prediction,Test
7115,2025-12-24,P019,1.9891395568847656,LSTM,Prediction,Test
7116,2025-12-25,P019,1.9829926490783687,LSTM,Prediction,Test
7117,2025-12-26,P019,1.9835575819015503,LSTM,Prediction,Test
7118,2025-12-27,P019,1.9849660396575928,LSTM,Prediction,Test
7119,2025-12-28,P019,1.9892998933792116,LSTM,Prediction,Test
7120,2025-12-29,P019,1.9901375770568848,LSTM,Prediction,Test
7121,2025-12-30,P019,1.9895148277282717,LSTM,Prediction,Test
7122,2025-12-31,P019,1.9902397394180296,LSTM,Prediction,Test
7123,2025-11-25,P020,2.0444328784942627,LSTM,Prediction,Test
7124,2025-11-26,P020,2.041262149810791,LSTM,Prediction,Test
7125,2025-11-27,P020,2.0289902687072754,LSTM,Prediction,Test
7126,2025-11-28,P020,2.0343477725982666,LSTM,Prediction,Test
7127,2025-11-29,P020,2.033094882965088,LSTM,Prediction,Test
7128,2025-11-30,P020,2.029505968093872,LSTM,Prediction,Test
7129,2025-12-01,P020,2.031040906906128,LSTM,Prediction,Test
7130,2025-12-02,P020,2.025725841522217,LSTM,Prediction,Test
7131,2025-12-03,P020,2.029026508331299,LSTM,Prediction,Test
7132,2025-12-04,P020,2.032602071762085,LSTM,Prediction,Test
7133,2025-12-05,P020,2.0236480236053467,LSTM,Prediction,Test
7134,2025-12-06,P020,2.027031183242798,LSTM,Prediction,Test
7135,2025-12-07,P020,2.0333092212677,LSTM,Prediction,Test
7136,2025-12-08,P020,2.0380375385284424,LSTM,Prediction,Test
7137,2025-12-09,P020,2.038026094436645,LSTM,Prediction,Test
7138,2025-12-10,P020,2.041414499282837,LSTM,Prediction,Test
7139,2025-12-11,P020,2.0284359455108643,LSTM,Prediction,Test
7140,2025-12-12,P020,2.034552574157715,LSTM,Prediction,Test
7141,2025-12-13,P020,2.038438558578491,LSTM,Prediction,Test
7142,2025-12-14,P020,2.040976285934448,LSTM,Prediction,Test
7143,2025-12-15,P020,2.0405352115631104,LSTM,Prediction,Test
7144,2025-12-16,P020,2.0390050411224365,LSTM,Prediction,Test
7145,2025-12-17,P020,2.0320534706115723,LSTM,Prediction,Test
7146,2025-12-18,P020,2.045623302459717,LSTM,Prediction,Test
7147,2025-12-19,P020,2.04382586479187,LSTM,Prediction,Test
7148,2025-12-20,P020,2.0429182052612305,LSTM,Prediction,Test
7149,2025-12-21,P020,2.0312047004699707,LSTM,Prediction,Test
7150,2025-12-22,P020,2.036972999572754,LSTM,Prediction,Test
7151,2025-12-23,P020,2.0408053398132324,LSTM,Prediction,Test
7152,2025-12-24,P020,2.045603036880493,LSTM,Prediction,Test
7153,2025-12-25,P020,2.038762092590332,LSTM,Prediction,Test
7154,2025-12-26,P020,2.03201675415039,LSTM,Prediction,Test
7155,2025-12-27,P020,2.035686492919922,LSTM,Prediction,Test
7156,2025-12-28,P020,2.041438341140747,LSTM,Prediction,Test
7157,2025-12-29,P020,2.047900676727295,LSTM,Prediction,Test
7158,2025-12-30,P020,2.0454678535461426,LSTM,Prediction,Test
7159,2025-12-31,P020,2.045788526535034,LSTM,Prediction,Test
7160,2026-01-01,P001,1.0,LSTM,Prediction,Future
7161,2026-01-02,P001,1.0,LSTM,Prediction,Future
7162,2026-01-03,P001,1.0,LSTM,Prediction,Future
7163,2026-01-04,P001,1.0,LSTM,Prediction,Future
7164,2026-01-05,P001,1.0,LSTM,Prediction,Future
7165,2026-01-06,P001,1.0,LSTM,Prediction,Future
7166,2026-01-07,P001,1.0,LSTM,Prediction,Future
7167,2026-01-08,P001,1.0,LSTM,Prediction,Future
7168,2026-01-09,P001,1.0,LSTM,Prediction,Future
7169,2026-01-10,P001,1.0,LSTM,Prediction,Future
7170,2026-01-11,P001,1.0,LSTM,Prediction,Future
7171,2026-01-12,P001,1.0,LSTM,Prediction,Future
7172,2026-01-13,P001,1.0,LSTM,Prediction,Future
7173,2026-01-14,P001,1.0,LSTM,Prediction,Future
7174,2026-01-15,P001,1.0,LSTM,Prediction,Future
7175,2026-01-16,P001,1.0,LSTM,Prediction,Future
7176,2026-01-17,P001,1.0,LSTM,Prediction,Future
7177,2026-01-18,P001,1.0,LSTM,Prediction,Future
7178,2026-01-19,P001,1.0,LSTM,Prediction,Future
7179,2026-01-20,P001,1.0,LSTM,Prediction,Future
7180,2026-01-21,P001,1.0,LSTM,Prediction,Future
7181,2026-01-22,P001,1.0,LSTM,Prediction,Future
7182,2026-01-23,P001,1.0,LSTM,Prediction,Future
7183,2026-01-24,P001,1.0,LSTM,Prediction,Future
7184,2026-01-25,P001,1.0,LSTM,Prediction,Future
7185,2026-01-26,P001,1.0,LSTM,Prediction,Future
7186,2026-01-27,P001,1.0,LSTM,Prediction,Future
7187,2026-01-28,P001,1.0,LSTM,Prediction,Future
7188,2026-01-29,P001,1.0,LSTM,Prediction,Future
7189,2026-01-30,P001,1.0,LSTM,Prediction,Future
7190,2026-01-01,P002,1.0,LSTM,Prediction,Future
7191,2026-01-02,P002,1.0,LSTM,Prediction,Future
7192,2026-01-03,P002,1.0,LSTM,Prediction,Future
7193,2026-01-04,P002,1.0,LSTM,Prediction,Future
7194,2026-01-05,P002,1.0,LSTM,Prediction,Future
7195,2026-01-06,P002,1.0,LSTM,Prediction,Future
7196,2026-01-07,P002,1.0,LSTM,Prediction,Future
7197,2026-01-08,P002,1.0,LSTM,Prediction,Future
7198,2026-01-09,P002,1.0,LSTM,Prediction,Future
7199,2026-01-10,P002,1.0,LSTM,Prediction,Future
7200,2026-01-11,P002,1.0,LSTM,Prediction,Future
7201,2026-01-12,P002,1.0,LSTM,Prediction,Future
7202,2026-01-13,P002,1.0,LSTM,Prediction,Future
7203,2026-01-14,P002,1.0,LSTM,Prediction,Future
7204,2026-01-15,P002,1.0,LSTM,Prediction,Future
7205,2026-01-16,P002,1.0,LSTM,Prediction,Future
7206,2026-01-17,P002,1.0,LSTM,Prediction,Future
7207,2026-01-18,P002,1.0,LSTM,Prediction,Future
7208,2026-01-19,P002,1.0,LSTM,Prediction,Future
7209,2026-01-20,P002,1.0,LSTM,Prediction,Future
7210,2026-01-21,P002,1.0,LSTM,Prediction,Future
7211,2026-01-22,P002,1.0,LSTM,Prediction,Future
7212,2026-01-23,P002,1.0,LSTM,Prediction,Future
7213,2026-01-24,P002,1.0,LSTM,Prediction,Future
7214,2026-01-25,P002,1.0,LSTM,Prediction,Future
7215,2026-01-26,P002,1.0,LSTM,Prediction,Future
7216,2026-01-27,P002,1.0,LSTM,Prediction,Future
7217,2026-01-28,P002,1.0,LSTM,Prediction,Future
7218,2026-01-29,P002,1.0,LSTM,Prediction,Future
7219,2026-01-30,P002,1.0,LSTM,Prediction,Future
7220,2026-01-01,P003,1.0,LSTM,Prediction,Future
7221,2026-01-02,P003,1.0,LSTM,Prediction,Future
7222,2026-01-03,P003,1.0,LSTM,Prediction,Future
7223,2026-01-04,P003,1.0,LSTM,Prediction,Future
7224,2026-01-05,P003,1.0,LSTM,Prediction,Future
7225,2026-01-06,P003,1.0,LSTM,Prediction,Future
7226,2026-01-07,P003,1.0,LSTM,Prediction,Future
7227,2026-01-08,P003,1.0,LSTM,Prediction,Future
7228,2026-01-09,P003,1.0,LSTM,Prediction,Future
7229,2026-01-10,P003,1.0,LSTM,Prediction,Future
7230,2026-01-11,P003,1.0,LSTM,Prediction,Future
7231,2026-01-12,P003,1.0,LSTM,Prediction,Future
7232,2026-01-13,P003,1.0,LSTM,Prediction,Future
7233,2026-01-14,P003,1.0,LSTM,Prediction,Future
7234,2026-01-15,P003,1.0,LSTM,Prediction,Future
7235,2026-01-16,P003,1.0,LSTM,Prediction,Future
7236,2026-01-17,P003,1.0,LSTM,Prediction,Future
7237,2026-01-18,P003,1.0,LSTM,Prediction,Future
7238,2026-01-19,P003,1.0,LSTM,Prediction,Future
7239,2026-01-20,P003,1.0,LSTM,Prediction,Future
7240,2026-01-21,P003,1.0,LSTM,Prediction,Future
7241,2026-01-22,P003,1.0,LSTM,Prediction,Future
7242,2026-01-23,P003,1.0,LSTM,Prediction,Future
7243,2026-01-24,P003,1.0,LSTM,Prediction,Future
7244,2026-01-25,P003,1.0,LSTM,Prediction,Future
7245,2026-01-26,P003,1.0,LSTM,Prediction,Future
7246,2026-01-27,P003,1.0,LSTM,Prediction,Future
7247,2026-01-28,P003,1.0,LSTM,Prediction,Future
7248,2026-01-29,P003,1.0,LSTM,Prediction,Future
7249,2026-01-30,P003,1.0,LSTM,Prediction,Future
7250,2026-01-01,P004,2.0,LSTM,Prediction,Future
7251,2026-01-02,P004,2.0,LSTM,Prediction,Future
7252,2026-01-03,P004,2.0,LSTM,Prediction,Future
7253,2026-01-04,P004,2.0,LSTM,Prediction,Future
7254,2026-01-05,P004,2.0,LSTM,Prediction,Future
7255,2026-01-06,P004,2.0,LSTM,Prediction,Future
7256,2026-01-07,P004,1.0,LSTM,Prediction,Future
7257,2026-01-08,P004,2.0,LSTM,Prediction,Future
7258,2026-01-09,P004,2.0,LSTM,Prediction,Future
7259,2026-01-10,P004,2.0,LSTM,Prediction,Future
7260,2026-01-11,P004,2.0,LSTM,Prediction,Future
7261,2026-01-12,P004,2.0,LSTM,Prediction,Future
7262,2026-01-13,P004,2.0,LSTM,Prediction,Future
7263,2026-01-14,P004,2.0,LSTM,Prediction,Future
7264,2026-01-15,P004,2.0,LSTM,Prediction,Future
7265,2026-01-16,P004,2.0,LSTM,Prediction,Future
7266,2026-01-17,P004,2.0,LSTM,Prediction,Future
7267,2026-01-18,P004,2.0,LSTM,Prediction,Future
7268,2026-01-19,P004,2.0,LSTM,Prediction,Future
7269,2026-01-20,P004,2.0,LSTM,Prediction,Future
7270,2026-01-21,P004,2.0,LSTM,Prediction,Future
7271,2026-01-22,P004,2.0,LSTM,Prediction,Future
7272,2026-01-23,P004,2.0,LSTM,Prediction,Future
7273,2026-01-24,P004,2.0,LSTM,Prediction,Future
7274,2026-01-25,P004,2.0,LSTM,Prediction,Future
7275,2026-01-26,P004,2.0,LSTM,Prediction,Future
7276,2026-01-27,P004,2.0,LSTM,Prediction,Future
7277,2026-01-28,P004,2.0,LSTM,Prediction,Future
7278,2026-01-29,P004,2.0,LSTM,Prediction,Future
7279,2026-01-30,P004,2.0,LSTM,Prediction,Future
7280,2026-01-01,P005,1.0,LSTM,Prediction,Future
7281,2026-01-02,P005,2.0,LSTM,Prediction,Future
7282,2026-01-03,P005,2.0,LSTM,Prediction,Future
7283,2026-01-04,P005,2.0,LSTM,Prediction,Future
7284,2026-01-05,P005,1.0,LSTM,Prediction,Future
7285,2026-01-06,P005,1.0,LSTM,Prediction,Future
7286,2026-01-07,P005,1.0,LSTM,Prediction,Future
7287,2026-01-08,P005,1.0,LSTM,Prediction,Future
7288,2026-01-09,P005,1.0,LSTM,Prediction,Future
7289,2026-01-10,P005,1.0,LSTM,Prediction,Future
7290,2026-01-11,P005,1.0,LSTM,Prediction,Future
7291,2026-01-12,P005,1.0,LSTM,Prediction,Future
7292,2026-01-13,P005,1.0,LSTM,Prediction,Future
7293,2026-01-14,P005,1.0,LSTM,Prediction,Future
7294,2026-01-15,P005,1.0,LSTM,Prediction,Future
7295,2026-01-16,P005,1.0,LSTM,Prediction,Future
7296,2026-01-17,P005,1.0,LSTM,Prediction,Future
7297,2026-01-18,P005,1.0,LSTM,Prediction,Future
7298,2026-01-19,P005,1.0,LSTM,Prediction,Future
7299,2026-01-20,P005,1.0,LSTM,Prediction,Future
7300,2026-01-21,P005,1.0,LSTM,Prediction,Future
7301,2026-01-22,P005,1.0,LSTM,Prediction,Future
7302,2026-01-23,P005,1.0,LSTM,Prediction,Future
7303,2026-01-24,P005,1.0,LSTM,Prediction,Future
7304,2026-01-25,P005,1.0,LSTM,Prediction,Future
7305,2026-01-26,P005,1.0,LSTM,Prediction,Future
7306,2026-01-27,P005,1.0,LSTM,Prediction,Future
7307,2026-01-28,P005,1.0,LSTM,Prediction,Future
7308,2026-01-29,P005,1.0,LSTM,Prediction,Future
7309,2026-01-30,P005,1.0,LSTM,Prediction,Future
7310,2026-01-01,P006,1.0,LSTM,Prediction,Future
7311,2026-01-02,P006,2.0,LSTM,Prediction,Future
7312,2026-01-03,P006,2.0,LSTM,Prediction,Future
7313,2026-01-04,P006,2.0,LSTM,Prediction,Future
7314,2026-01-05,P006,1.0,LSTM,Prediction,Future
7315,2026-01-06,P006,1.0,LSTM,Prediction,Future
7316,2026-01-07,P006,1.0,LSTM,Prediction,Future
7317,2026-01-08,P006,1.0,LSTM,Prediction,Future
7318,2026-01-09,P006,1.0,LSTM,Prediction,Future
7319,2026-01-10,P006,1.0,LSTM,Prediction,Future
7320,2026-01-11,P006,1.0,LSTM,Prediction,Future
7321,2026-01-12,P006,1.0,LSTM,Prediction,Future
7322,2026-01-13,P006,1.0,LSTM,Prediction,Future
7323,2026-01-14,P006,1.0,LSTM,Prediction,Future
7324,2026-01-15,P006,1.0,LSTM,Prediction,Future
7325,2026-01-16,P006,1.0,LSTM,Prediction,Future
7326,2026-01-17,P006,1.0,LSTM,Prediction,Future
7327,2026-01-18,P006,1.0,LSTM,Prediction,Future
7328,2026-01-19,P006,1.0,LSTM,Prediction,Future
7329,2026-01-20,P006,1.0,LSTM,Prediction,Future
7330,2026-01-21,P006,1.0,LSTM,Prediction,Future
7331,2026-01-22,P006,1.0,LSTM,Prediction,Future
7332,2026-01-23,P006,1.0,LSTM,Prediction,Future
7333,2026-01-24,P006,1.0,LSTM,Prediction,Future
7334,2026-01-25,P006,1.0,LSTM,Prediction,Future
7335,2026-01-26,P006,1.0,LSTM,Prediction,Future
7336,2026-01-27,P006,1.0,LSTM,Prediction,Future
7337,2026-01-28,P006,1.0,LSTM,Prediction,Future
7338,2026-01-29,P006,1.0,LSTM,Prediction,Future
7339,2026-01-30,P006,1.0,LSTM,Prediction,Future
7340,2026-01-01,P007,2.0,LSTM,Prediction,Future
7341,2026-01-02,P007,2.0,LSTM,Prediction,Future
7342,2026-01-03,P007,2.0,LSTM,Prediction,Future
7343,2026-01-04,P007,2.0,LSTM,Prediction,Future
7344,2026-01-05,P007,2.0,LSTM,Prediction,Future
7345,2026-01-06,P007,2.0,LSTM,Prediction,Future
7346,2026-01-07,P007,1.0,LSTM,Prediction,Future
7347,2026-01-08,P007,2.0,LSTM,Prediction,Future
7348,2026-01-09,P007,2.0,LSTM,Prediction,Future
7349,2026-01-10,P007,2.0,LSTM,Prediction,Future
7350,2026-01-11,P007,2.0,LSTM,Prediction,Future
7351,2026-01-12,P007,2.0,LSTM,Prediction,Future
7352,2026-01-13,P007,2.0,LSTM,Prediction,Future
7353,2026-01-14,P007,2.0,LSTM,Prediction,Future
7354,2026-01-15,P007,2.0,LSTM,Prediction,Future
7355,2026-01-16,P007,2.0,LSTM,Prediction,Future
7356,2026-01-17,P007,2.0,LSTM,Prediction,Future
7357,2026-01-18,P007,2.0,LSTM,Prediction,Future
7358,2026-01-19,P007,2.0,LSTM,Prediction,Future
7359,2026-01-20,P007,2.0,LSTM,Prediction,Future
7360,2026-01-21,P007,2.0,LSTM,Prediction,Future
7361,2026-01-22,P007,2.0,LSTM,Prediction,Future
7362,2026-01-23,P007,2.0,LSTM,Prediction,Future
7363,2026-01-24,P007,2.0,LSTM,Prediction,Future
7364,2026-01-25,P007,2.0,LSTM,Prediction,Future
7365,2026-01-26,P007,2.0,LSTM,Prediction,Future
7366,2026-01-27,P007,2.0,LSTM,Prediction,Future
7367,2026-01-28,P007,2.0,LSTM,Prediction,Future
7368,2026-01-29,P007,2.0,LSTM,Prediction,Future
7369,2026-01-30,P007,2.0,LSTM,Prediction,Future
7370,2026-01-01,P008,1.0,LSTM,Prediction,Future
7371,2026-01-02,P008,1.0,LSTM,Prediction,Future
7372,2026-01-03,P008,2.0,LSTM,Prediction,Future
7373,2026-01-04,P008,1.0,LSTM,Prediction,Future
7374,2026-01-05,P008,1.0,LSTM,Prediction,Future
7375,2026-01-06,P008,1.0,LSTM,Prediction,Future
7376,2026-01-07,P008,1.0,LSTM,Prediction,Future
7377,2026-01-08,P008,1.0,LSTM,Prediction,Future
7378,2026-01-09,P008,1.0,LSTM,Prediction,Future
7379,2026-01-10,P008,1.0,LSTM,Prediction,Future
7380,2026-01-11,P008,1.0,LSTM,Prediction,Future
7381,2026-01-12,P008,1.0,LSTM,Prediction,Future
7382,2026-01-13,P008,1.0,LSTM,Prediction,Future
7383,2026-01-14,P008,1.0,LSTM,Prediction,Future
7384,2026-01-15,P008,1.0,LSTM,Prediction,Future
7385,2026-01-16,P008,1.0,LSTM,Prediction,Future
7386,2026-01-17,P008,1.0,LSTM,Prediction,Future
7387,2026-01-18,P008,1.0,LSTM,Prediction,Future
7388,2026-01-19,P008,1.0,LSTM,Prediction,Future
7389,2026-01-20,P008,1.0,LSTM,Prediction,Future
7390,2026-01-21,P008,1.0,LSTM,Prediction,Future
7391,2026-01-22,P008,1.0,LSTM,Prediction,Future
7392,2026-01-23,P008,1.0,LSTM,Prediction,Future
7393,2026-01-24,P008,1.0,LSTM,Prediction,Future
7394,2026-01-25,P008,1.0,LSTM,Prediction,Future
7395,2026-01-26,P008,1.0,LSTM,Prediction,Future
7396,2026-01-27,P008,1.0,LSTM,Prediction,Future
7397,2026-01-28,P008,1.0,LSTM,Prediction,Future
7398,2026-01-29,P008,1.0,LSTM,Prediction,Future
7399,2026-01-30,P008,1.0,LSTM,Prediction,Future
7400,2026-01-01,P009,2.0,LSTM,Prediction,Future
7401,2026-01-02,P009,2.0,LSTM,Prediction,Future
7402,2026-01-03,P009,2.0,LSTM,Prediction,Future
7403,2026-01-04,P009,2.0,LSTM,Prediction,Future
7404,2026-01-05,P009,1.0,LSTM,Prediction,Future
7405,2026-01-06,P009,1.0,LSTM,Prediction,Future
7406,2026-01-07,P009,1.0,LSTM,Prediction,Future
7407,2026-01-08,P009,1.0,LSTM,Prediction,Future
7408,2026-01-09,P009,1.0,LSTM,Prediction,Future
7409,2026-01-10,P009,1.0,LSTM,Prediction,Future
7410,2026-01-11,P009,1.0,LSTM,Prediction,Future
7411,2026-01-12,P009,1.0,LSTM,Prediction,Future
7412,2026-01-13,P009,1.0,LSTM,Prediction,Future
7413,2026-01-14,P009,1.0,LSTM,Prediction,Future
7414,2026-01-15,P009,1.0,LSTM,Prediction,Future
7415,2026-01-16,P009,1.0,LSTM,Prediction,Future
7416,2026-01-17,P009,1.0,LSTM,Prediction,Future
7417,2026-01-18,P009,1.0,LSTM,Prediction,Future
7418,2026-01-19,P009,1.0,LSTM,Prediction,Future
7419,2026-01-20,P009,1.0,LSTM,Prediction,Future
7420,2026-01-21,P009,1.0,LSTM,Prediction,Future
7421,2026-01-22,P009,1.0,LSTM,Prediction,Future
7422,2026-01-23,P009,1.0,LSTM,Prediction,Future
7423,2026-01-24,P009,1.0,LSTM,Prediction,Future
7424,2026-01-25,P009,1.0,LSTM,Prediction,Future
7425,2026-01-26,P009,1.0,LSTM,Prediction,Future
7426,2026-01-27,P009,1.0,LSTM,Prediction,Future
7427,2026-01-28,P009,1.0,LSTM,Prediction,Future
7428,2026-01-29,P009,1.0,LSTM,Prediction,Future
7429,2026-01-30,P009,1.0,LSTM,Prediction,Future
7430,2026-01-01,P010,2.0,LSTM,Prediction,Future
7431,2026-01-02,P010,2.0,LSTM,Prediction,Future
7432,2026-01-03,P010,2.0,LSTM,Prediction,Future
7433,2026-01-04,P010,2.0,LSTM,Prediction,Future
7434,2026-01-05,P010,2.0,LSTM,Prediction,Future
7435,2026-01-06,P010,1.0,LSTM,Prediction,Future
7436,2026-01-07,P010,1.0,LSTM,Prediction,Future
7437,2026-01-08,P010,1.0,LSTM,Prediction,Future
7438,2026-01-09,P010,1.0,LSTM,Prediction,Future
7439,2026-01-10,P010,1.0,LSTM,Prediction,Future
7440,2026-01-11,P010,1.0,LSTM,Prediction,Future
7441,2026-01-12,P010,1.0,LSTM,Prediction,Future
7442,2026-01-13,P010,1.0,LSTM,Prediction,Future
7443,2026-01-14,P010,1.0,LSTM,Prediction,Future
7444,2026-01-15,P010,1.0,LSTM,Prediction,Future
7445,2026-01-16,P010,1.0,LSTM,Prediction,Future
7446,2026-01-17,P010,1.0,LSTM,Prediction,Future
7447,2026-01-18,P010,1.0,LSTM,Prediction,Future
7448,2026-01-19,P010,1.0,LSTM,Prediction,Future
7449,2026-01-20,P010,1.0,LSTM,Prediction,Future
7450,2026-01-21,P010,1.0,LSTM,Prediction,Future
7451,2026-01-22,P010,1.0,LSTM,Prediction,Future
7452,2026-01-23,P010,1.0,LSTM,Prediction,Future
7453,2026-01-24,P010,1.0,LSTM,Prediction,Future
7454,2026-01-25,P010,1.0,LSTM,Prediction,Future
7455,2026-01-26,P010,1.0,LSTM,Prediction,Future
7456,2026-01-27,P010,1.0,LSTM,Prediction,Future
7457,2026-01-28,P010,1.0,LSTM,Prediction,Future
7458,2026-01-29,P010,1.0,LSTM,Prediction,Future
7459,2026-01-30,P010,1.0,LSTM,Prediction,Future
7460,2026-01-01,P011,2.0,LSTM,Prediction,Future
7461,2026-01-02,P011,2.0,LSTM,Prediction,Future
7462,2026-01-03,P011,2.0,LSTM,Prediction,Future
7463,2026-01-04,P011,2.0,LSTM,Prediction,Future
7464,2026-01-05,P011,2.0,LSTM,Prediction,Future
7465,2026-01-06,P011,2.0,LSTM,Prediction,Future
7466,2026-01-07,P011,1.0,LSTM,Prediction,Future
7467,2026-01-08,P011,2.0,LSTM,Prediction,Future
7468,2026-01-09,P011,2.0,LSTM,Prediction,Future
7469,2026-01-10,P011,2.0,LSTM,Prediction,Future
7470,2026-01-11,P011,2.0,LSTM,Prediction,Future
7471,2026-01-12,P011,2.0,LSTM,Prediction,Future
7472,2026-01-13,P011,2.0,LSTM,Prediction,Future
7473,2026-01-14,P011,1.0,LSTM,Prediction,Future
7474,2026-01-15,P011,2.0,LSTM,Prediction,Future
7475,2026-01-16,P011,2.0,LSTM,Prediction,Future
7476,2026-01-17,P011,2.0,LSTM,Prediction,Future
7477,2026-01-18,P011,2.0,LSTM,Prediction,Future
7478,2026-01-19,P011,2.0,LSTM,Prediction,Future
7479,2026-01-20,P011,2.0,LSTM,Prediction,Future
7480,2026-01-21,P011,2.0,LSTM,Prediction,Future
7481,2026-01-22,P011,2.0,LSTM,Prediction,Future
7482,2026-01-23,P011,2.0,LSTM,Prediction,Future
7483,2026-01-24,P011,2.0,LSTM,Prediction,Future
7484,2026-01-25,P011,2.0,LSTM,Prediction,Future
7485,2026-01-26,P011,2.0,LSTM,Prediction,Future
7486,2026-01-27,P011,2.0,LSTM,Prediction,Future
7487,2026-01-28,P011,2.0,LSTM,Prediction,Future
7488,2026-01-29,P011,2.0,LSTM,Prediction,Future
7489,2026-01-30,P011,2.0,LSTM,Prediction,Future
7490,2026-01-01,P012,1.0,LSTM,Prediction,Future
7491,2026-01-02,P012,1.0,LSTM,Prediction,Future
7492,2026-01-03,P012,1.0,LSTM,Prediction,Future
7493,2026-01-04,P012,1.0,LSTM,Prediction,Future
7494,2026-01-05,P012,1.0,LSTM,Prediction,Future
7495,2026-01-06,P012,1.0,LSTM,Prediction,Future
7496,2026-01-07,P012,1.0,LSTM,Prediction,Future
7497,2026-01-08,P012,1.0,LSTM,Prediction,Future
7498,2026-01-09,P012,1.0,LSTM,Prediction,Future
7499,2026-01-10,P012,1.0,LSTM,Prediction,Future
7500,2026-01-11,P012,1.0,LSTM,Prediction,Future
7501,2026-01-12,P012,1.0,LSTM,Prediction,Future
7502,2026-01-13,P012,1.0,LSTM,Prediction,Future
7503,2026-01-14,P012,1.0,LSTM,Prediction,Future
7504,2026-01-15,P012,1.0,LSTM,Prediction,Future
7505,2026-01-16,P012,1.0,LSTM,Prediction,Future
7506,2026-01-17,P012,1.0,LSTM,Prediction,Future
7507,2026-01-18,P012,1.0,LSTM,Prediction,Future
7508,2026-01-19,P012,1.0,LSTM,Prediction,Future
7509,2026-01-20,P012,1.0,LSTM,Prediction,Future
7510,2026-01-21,P012,1.0,LSTM,Prediction,Future
7511,2026-01-22,P012,1.0,LSTM,Prediction,Future
7512,2026-01-23,P012,1.0,LSTM,Prediction,Future
7513,2026-01-24,P012,1.0,LSTM,Prediction,Future
7514,2026-01-25,P012,1.0,LSTM,Prediction,Future
7515,2026-01-26,P012,1.0,LSTM,Prediction,Future
7516,2026-01-27,P012,1.0,LSTM,Prediction,Future
7517,2026-01-28,P012,1.0,LSTM,Prediction,Future
7518,2026-01-29,P012,1.0,LSTM,Prediction,Future
7519,2026-01-30,P012,1.0,LSTM,Prediction,Future
7520,2026-01-01,P013,1.0,LSTM,Prediction,Future
7521,2026-01-02,P013,1.0,LSTM,Prediction,Future
7522,2026-01-03,P013,1.0,LSTM,Prediction,Future
7523,2026-01-04,P013,1.0,LSTM,Prediction,Future
7524,2026-01-05,P013,1.0,LSTM,Prediction,Future
7525,2026-01-06,P013,1.0,LSTM,Prediction,Future
7526,2026-01-07,P013,1.0,LSTM,Prediction,Future
7527,2026-01-08,P013,1.0,LSTM,Prediction,Future
7528,2026-01-09,P013,1.0,LSTM,Prediction,Future
7529,2026-01-10,P013,1.0,LSTM,Prediction,Future
7530,2026-01-11,P013,1.0,LSTM,Prediction,Future
7531,2026-01-12,P013,1.0,LSTM,Prediction,Future
7532,2026-01-13,P013,1.0,LSTM,Prediction,Future
7533,2026-01-14,P013,1.0,LSTM,Prediction,Future
7534,2026-01-15,P013,1.0,LSTM,Prediction,Future
7535,2026-01-16,P013,1.0,LSTM,Prediction,Future
7536,2026-01-17,P013,1.0,LSTM,Prediction,Future
7537,2026-01-18,P013,1.0,LSTM,Prediction,Future
7538,2026-01-19,P013,1.0,LSTM,Prediction,Future
7539,2026-01-20,P013,1.0,LSTM,Prediction,Future
7540,2026-01-21,P013,1.0,LSTM,Prediction,Future
7541,2026-01-22,P013,1.0,LSTM,Prediction,Future
7542,2026-01-23,P013,1.0,LSTM,Prediction,Future
7543,2026-01-24,P013,1.0,LSTM,Prediction,Future
7544,2026-01-25,P013,1.0,LSTM,Prediction,Future
7545,2026-01-26,P013,1.0,LSTM,Prediction,Future
7546,2026-01-27,P013,1.0,LSTM,Prediction,Future
7547,2026-01-28,P013,1.0,LSTM,Prediction,Future
7548,2026-01-29,P013,1.0,LSTM,Prediction,Future
7549,2026-01-30,P013,1.0,LSTM,Prediction,Future
7550,2026-01-01,P014,2.0,LSTM,Prediction,Future
7551,2026-01-02,P014,2.0,LSTM,Prediction,Future
7552,2026-01-03,P014,2.0,LSTM,Prediction,Future
7553,2026-01-04,P014,2.0,LSTM,Prediction,Future
7554,2026-01-05,P014,2.0,LSTM,Prediction,Future
7555,2026-01-06,P014,2.0,LSTM,Prediction,Future
7556,2026-01-07,P014,1.0,LSTM,Prediction,Future
7557,2026-01-08,P014,2.0,LSTM,Prediction,Future
7558,2026-01-09,P014,2.0,LSTM,Prediction,Future
7559,2026-01-10,P014,2.0,LSTM,Prediction,Future
7560,2026-01-11,P014,2.0,LSTM,Prediction,Future
7561,2026-01-12,P014,1.0,LSTM,Prediction,Future
7562,2026-01-13,P014,1.0,LSTM,Prediction,Future
7563,2026-01-14,P014,1.0,LSTM,Prediction,Future
7564,2026-01-15,P014,2.0,LSTM,Prediction,Future
7565,2026-01-16,P014,2.0,LSTM,Prediction,Future
7566,2026-01-17,P014,2.0,LSTM,Prediction,Future
7567,2026-01-18,P014,2.0,LSTM,Prediction,Future
7568,2026-01-19,P014,1.0,LSTM,Prediction,Future
7569,2026-01-20,P014,1.0,LSTM,Prediction,Future
7570,2026-01-21,P014,1.0,LSTM,Prediction,Future
7571,2026-01-22,P014,2.0,LSTM,Prediction,Future
7572,2026-01-23,P014,2.0,LSTM,Prediction,Future
7573,2026-01-24,P014,2.0,LSTM,Prediction,Future
7574,2026-01-25,P014,2.0,LSTM,Prediction,Future
7575,2026-01-26,P014,2.0,LSTM,Prediction,Future
7576,2026-01-27,P014,2.0,LSTM,Prediction,Future
7577,2026-01-28,P014,2.0,LSTM,Prediction,Future
7578,2026-01-29,P014,2.0,LSTM,Prediction,Future
7579,2026-01-30,P014,2.0,LSTM,Prediction,Future
7580,2026-01-01,P015,2.0,LSTM,Prediction,Future
7581,2026-01-02,P015,2.0,LSTM,Prediction,Future
7582,2026-01-03,P015,2.0,LSTM,Prediction,Future
7583,2026-01-04,P015,2.0,LSTM,Prediction,Future
7584,2026-01-05,P015,2.0,LSTM,Prediction,Future
7585,2026-01-06,P015,2.0,LSTM,Prediction,Future
7586,2026-01-07,P015,1.0,LSTM,Prediction,Future
7587,2026-01-08,P015,2.0,LSTM,Prediction,Future
7588,2026-01-09,P015,2.0,LSTM,Prediction,Future
7589,2026-01-10,P015,2.0,LSTM,Prediction,Future
7590,2026-01-11,P015,2.0,LSTM,Prediction,Future
7591,2026-01-12,P015,2.0,LSTM,Prediction,Future
7592,2026-01-13,P015,2.0,LSTM,Prediction,Future
7593,2026-01-14,P015,2.0,LSTM,Prediction,Future
7594,2026-01-15,P015,2.0,LSTM,Prediction,Future
7595,2026-01-16,P015,2.0,LSTM,Prediction,Future
7596,2026-01-17,P015,2.0,LSTM,Prediction,Future
7597,2026-01-18,P015,2.0,LSTM,Prediction,Future
7598,2026-01-19,P015,2.0,LSTM,Prediction,Future
7599,2026-01-20,P015,2.0,LSTM,Prediction,Future
7600,2026-01-21,P015,2.0,LSTM,Prediction,Future
7601,2026-01-22,P015,2.0,LSTM,Prediction,Future
7602,2026-01-23,P015,2.0,LSTM,Prediction,Future
7603,2026-01-24,P015,2.0,LSTM,Prediction,Future
7604,2026-01-25,P015,2.0,LSTM,Prediction,Future
7605,2026-01-26,P015,2.0,LSTM,Prediction,Future
7606,2026-01-27,P015,2.0,LSTM,Prediction,Future
7607,2026-01-28,P015,2.0,LSTM,Prediction,Future
7608,2026-01-29,P015,2.0,LSTM,Prediction,Future
7609,2026-01-30,P015,2.0,LSTM,Prediction,Future
7610,2026-01-01,P016,1.0,LSTM,Prediction,Future
7611,2026-01-02,P016,1.0,LSTM,Prediction,Future
7612,2026-01-03,P016,1.0,LSTM,Prediction,Future
7613,2026-01-04,P016,1.0,LSTM,Prediction,Future
7614,2026-01-05,P016,1.0,LSTM,Prediction,Future
7615,2026-01-06,P016,1.0,LSTM,Prediction,Future
7616,2026-01-07,P016,1.0,LSTM,Prediction,Future
7617,2026-01-08,P016,1.0,LSTM,Prediction,Future
7618,2026-01-09,P016,1.0,LSTM,Prediction,Future
7619,2026-01-10,P016,1.0,LSTM,Prediction,Future
7620,2026-01-11,P016,1.0,LSTM,Prediction,Future
7621,2026-01-12,P016,1.0,LSTM,Prediction,Future
7622,2026-01-13,P016,1.0,LSTM,Prediction,Future
7623,2026-01-14,P016,1.0,LSTM,Prediction,Future
7624,2026-01-15,P016,1.0,LSTM,Prediction,Future
7625,2026-01-16,P016,1.0,LSTM,Prediction,Future
7626,2026-01-17,P016,1.0,LSTM,Prediction,Future
7627,2026-01-18,P016,1.0,LSTM,Prediction,Future
7628,2026-01-19,P016,1.0,LSTM,Prediction,Future
7629,2026-01-20,P016,1.0,LSTM,Prediction,Future
7630,2026-01-21,P016,1.0,LSTM,Prediction,Future
7631,2026-01-22,P016,1.0,LSTM,Prediction,Future
7632,2026-01-23,P016,1.0,LSTM,Prediction,Future
7633,2026-01-24,P016,1.0,LSTM,Prediction,Future
7634,2026-01-25,P016,1.0,LSTM,Prediction,Future
7635,2026-01-26,P016,1.0,LSTM,Prediction,Future
7636,2026-01-27,P016,1.0,LSTM,Prediction,Future
7637,2026-01-28,P016,1.0,LSTM,Prediction,Future
7638,2026-01-29,P016,1.0,LSTM,Prediction,Future
7639,2026-01-30,P016,1.0,LSTM,Prediction,Future
7640,2026-01-01,P017,1.0,LSTM,Prediction,Future
7641,2026-01-02,P017,1.0,LSTM,Prediction,Future
7642,2026-01-03,P017,1.0,LSTM,Prediction,Future
7643,2026-01-04,P017,1.0,LSTM,Prediction,Future
7644,2026-01-05,P017,1.0,LSTM,Prediction,Future
7645,2026-01-06,P017,1.0,LSTM,Prediction,Future
7646,2026-01-07,P017,1.0,LSTM,Prediction,Future
7647,2026-01-08,P017,1.0,LSTM,Prediction,Future
7648,2026-01-09,P017,1.0,LSTM,Prediction,Future
7649,2026-01-10,P017,1.0,LSTM,Prediction,Future
7650,2026-01-11,P017,1.0,LSTM,Prediction,Future
7651,2026-01-12,P017,1.0,LSTM,Prediction,Future
7652,2026-01-13,P017,1.0,LSTM,Prediction,Future
7653,2026-01-14,P017,1.0,LSTM,Prediction,Future
7654,2026-01-15,P017,1.0,LSTM,Prediction,Future
7655,2026-01-16,P017,1.0,LSTM,Prediction,Future
7656,2026-01-17,P017,1.0,LSTM,Prediction,Future
7657,2026-01-18,P017,1.0,LSTM,Prediction,Future
7658,2026-01-19,P017,1.0,LSTM,Prediction,Future
7659,2026-01-20,P017,1.0,LSTM,Prediction,Future
7660,2026-01-21,P017,1.0,LSTM,Prediction,Future
7661,2026-01-22,P017,1.0,LSTM,Prediction,Future
7662,2026-01-23,P017,1.0,LSTM,Prediction,Future
7663,2026-01-24,P017,1.0,LSTM,Prediction,Future
7664,2026-01-25,P017,1.0,LSTM,Prediction,Future
7665,2026-01-26,P017,1.0,LSTM,Prediction,Future
7666,2026-01-27,P017,1.0,LSTM,Prediction,Future
7667,2026-01-28,P017,1.0,LSTM,Prediction,Future
7668,2026-01-29,P017,1.0,LSTM,Prediction,Future
7669,2026-01-30,P017,1.0,LSTM,Prediction,Future
7670,2026-01-01,P018,2.0,LSTM,Prediction,Future
7671,2026-01-02,P018,2.0,LSTM,Prediction,Future
7672,2026-01-03,P018,2.0,LSTM,Prediction,Future
7673,2026-01-04,P018,2.0,LSTM,Prediction,Future
7674,2026-01-05,P018,2.0,LSTM,Prediction,Future
7675,2026-01-06,P018,2.0,LSTM,Prediction,Future
7676,2026-01-07,P018,1.0,LSTM,Prediction,Future
7677,2026-01-08,P018,2.0,LSTM,Prediction,Future
7678,2026-01-09,P018,2.0,LSTM,Prediction,Future
7679,2026-01-10,P018,2.0,LSTM,Prediction,Future
7680,2026-01-11,P018,2.0,LSTM,Prediction,Future
7681,2026-01-12,P018,2.0,LSTM,Prediction,Future
7682,2026-01-13,P018,2.0,LSTM,Prediction,Future
7683,2026-01-14,P018,2.0,LSTM,Prediction,Future
7684,2026-01-15,P018,2.0,LSTM,Prediction,Future
7685,2026-01-16,P018,2.0,LSTM,Prediction,Future
7686,2026-01-17,P018,2.0,LSTM,Prediction,Future
7687,2026-01-18,P018,2.0,LSTM,Prediction,Future
7688,2026-01-19,P018,2.0,LSTM,Prediction,Future
7689,2026-01-20,P018,2.0,LSTM,Prediction,Future
7690,2026-01-21,P018,2.0,LSTM,Prediction,Future
7691,2026-01-22,P018,2.0,LSTM,Prediction,Future
7692,2026-01-23,P018,2.0,LSTM,Prediction,Future
7693,2026-01-24,P018,2.0,LSTM,Prediction,Future
7694,2026-01-25,P018,2.0,LSTM,Prediction,Future
7695,2026-01-26,P018,2.0,LSTM,Prediction,Future
7696,2026-01-27,P018,2.0,LSTM,Prediction,Future
7697,2026-01-28,P018,2.0,LSTM,Prediction,Future
7698,2026-01-29,P018,2.0,LSTM,Prediction,Future
7699,2026-01-30,P018,2.0,LSTM,Prediction,Future
7700,2026-01-01,P019,1.0,LSTM,Prediction,Future
7701,2026-01-02,P019,1.0,LSTM,Prediction,Future
7702,2026-01-03,P019,1.0,LSTM,Prediction,Future
7703,2026-01-04,P019,1.0,LSTM,Prediction,Future
7704,2026-01-05,P019,1.0,LSTM,Prediction,Future
7705,2026-01-06,P019,1.0,LSTM,Prediction,Future
7706,2026-01-07,P019,1.0,LSTM,Prediction,Future
7707,2026-01-08,P019,1.0,LSTM,Prediction,Future
7708,2026-01-09,P019,1.0,LSTM,Prediction,Future
7709,2026-01-10,P019,1.0,LSTM,Prediction,Future
7710,2026-01-11,P019,1.0,LSTM,Prediction,Future
7711,2026-01-12,P019,1.0,LSTM,Prediction,Future
7712,2026-01-13,P019,1.0,LSTM,Prediction,Future
7713,2026-01-14,P019,1.0,LSTM,Prediction,Future
7714,2026-01-15,P019,1.0,LSTM,Prediction,Future
7715,2026-01-16,P019,1.0,LSTM,Prediction,Future
7716,2026-01-17,P019,1.0,LSTM,Prediction,Future
7717,2026-01-18,P019,1.0,LSTM,Prediction,Future
7718,2026-01-19,P019,1.0,LSTM,Prediction,Future
7719,2026-01-20,P019,1.0,LSTM,Prediction,Future
7720,2026-01-21,P019,1.0,LSTM,Prediction,Future
7721,2026-01-22,P019,1.0,LSTM,Prediction,Future
7722,2026-01-23,P019,1.0,LSTM,Prediction,Future
7723,2026-01-24,P019,1.0,LSTM,Prediction,Future
7724,2026-01-25,P019,1.0,LSTM,Prediction,Future
7725,2026-01-26,P019,1.0,LSTM,Prediction,Future
7726,2026-01-27,P019,1.0,LSTM,Prediction,Future
7727,2026-01-28,P019,1.0,LSTM,Prediction,Future
7728,2026-01-29,P019,1.0,LSTM,Prediction,Future
7729,2026-01-30,P019,1.0,LSTM,Prediction,Future
7730,2026-01-01,P020,2.0,LSTM,Prediction,Future
7731,2026-01-02,P020,2.0,LSTM,Prediction,Future
7732,2026-01-03,P020,2.0,LSTM,Prediction,Future
7733,2026-01-04,P020,2.0,LSTM,Prediction,Future
7734,2026-01-05,P020,1.0,LSTM,Prediction,Future
7735,2026-01-06,P020,1.0,LSTM,Prediction,Future
7736,2026-01-07,P020,1.0,LSTM,Prediction,Future
7737,2026-01-08,P020,1.0,LSTM,Prediction,Future
7738,2026-01-09,P020,1.0,LSTM,Prediction,Future
7739,2026-01-10,P020,1.0,LSTM,Prediction,Future
7740,2026-01-11,P020,1.0,LSTM,Prediction,Future
7741,2026-01-12,P020,1.0,LSTM,Prediction,Future
7742,2026-01-13,P020,1.0,LSTM,Prediction,Future
7743,2026-01-14,P020,1.0,LSTM,Prediction,Future
7744,2026-01-15,P020,1.0,LSTM,Prediction,Future
7745,2026-01-16,P020,1.0,LSTM,Prediction,Future
7746,2026-01-17,P020,1.0,LSTM,Prediction,Future
7747,2026-01-18,P020,1.0,LSTM,Prediction,Future
7748,2026-01-19,P020,1.0,LSTM,Prediction,Future
7749,2026-01-20,P020,1.0,LSTM,Prediction,Future
7750,2026-01-21,P020,1.0,LSTM,Prediction,Future
7751,2026-01-22,P020,1.0,LSTM,Prediction,Future
7752,2026-01-23,P020,1.0,LSTM,Prediction,Future
7753,2026-01-24,P020,1.0,LSTM,Prediction,Future
7754,2026-01-25,P020,1.0,LSTM,Prediction,Future
7755,2026-01-26,P020,1.0,LSTM,Prediction,Future
7756,2026-01-27,P020,1.0,LSTM,Prediction,Future
7757,2026-01-28,P020,1.0,LSTM,Prediction,Future
7758,2026-01-29,P020,1.0,LSTM,Prediction,Future
7759,2026-01-30,P020,1.0,LSTM,Prediction,Future
0,2025-01-08,P001,3.368734121322632,XGBoost,Prediction,Train
1,2025-01-09,P001,0.4256346821784973,XGBoost,Prediction,Train
2,2025-01-10,P001,1.2873982191085815,XGBoost,Prediction,Train
3,2025-01-11,P001,0.6394919753074646,XGBoost,Prediction,Train
4,2025-01-12,P001,2.305065870285034,XGBoost,Prediction,Train
5,2025-01-13,P001,1.4287488460540771,XGBoost,Prediction,Train
6,2025-01-14,P001,2.466194868087769,XGBoost,Prediction,Train
7,2025-01-15,P001,0.9792858362197876,XGBoost,Prediction,Train
8,2025-01-16,P001,3.914473533630371,XGBoost,Prediction,Train
9,2025-01-17,P001,0.5236144065856934,XGBoost,Prediction,Train
10,2025-01-18,P001,0.6119272112846375,XGBoost,Prediction,Train
11,2025-01-19,P001,2.720487356185913,XGBoost,Prediction,Train
12,2025-01-20,P001,0.4578292965888977,XGBoost,Prediction,Train
13,2025-01-21,P001,1.7127833366394043,XGBoost,Prediction,Train
14,2025-01-22,P001,1.6903891563415527,XGBoost,Prediction,Train
15,2025-01-23,P001,2.39963173866272,XGBoost,Prediction,Train
16,2025-01-24,P001,0.9701704978942872,XGBoost,Prediction,Train
17,2025-01-25,P001,0.7820630669593811,XGBoost,Prediction,Train
18,2025-01-26,P001,0.6654661893844604,XGBoost,Prediction,Train
19,2025-01-27,P001,1.4901111125946045,XGBoost,Prediction,Train
20,2025-01-28,P001,1.4704350233078003,XGBoost,Prediction,Train
21,2025-01-29,P001,2.3990135192871094,XGBoost,Prediction,Train
22,2025-01-30,P001,0.6583234667778015,XGBoost,Prediction,Train
23,2025-01-31,P001,0.8196245431900024,XGBoost,Prediction,Train
24,2025-02-01,P001,2.5989723205566406,XGBoost,Prediction,Train
25,2025-02-02,P001,2.503652334213257,XGBoost,Prediction,Train
26,2025-02-03,P001,1.2566999197006226,XGBoost,Prediction,Train
27,2025-02-04,P001,4.11154317855835,XGBoost,Prediction,Train
28,2025-02-05,P001,2.7649075984954834,XGBoost,Prediction,Train
29,2025-02-06,P001,1.949182629585266,XGBoost,Prediction,Train
30,2025-02-07,P001,1.0469727516174316,XGBoost,Prediction,Train
31,2025-02-08,P001,0.6383434534072876,XGBoost,Prediction,Train
32,2025-02-09,P001,3.170215606689453,XGBoost,Prediction,Train
33,2025-02-10,P001,4.803051948547363,XGBoost,Prediction,Train
34,2025-02-11,P001,0.4665083587169647,XGBoost,Prediction,Train
35,2025-02-12,P001,2.19783878326416,XGBoost,Prediction,Train
36,2025-02-13,P001,3.9036731719970703,XGBoost,Prediction,Train
37,2025-02-14,P001,5.997688293457031,XGBoost,Prediction,Train
38,2025-02-15,P001,0.925812304019928,XGBoost,Prediction,Train
39,2025-02-16,P001,0.7554693818092346,XGBoost,Prediction,Train
40,2025-02-17,P001,2.5994489192962646,XGBoost,Prediction,Train
41,2025-02-18,P001,2.8342840671539307,XGBoost,Prediction,Train
42,2025-02-19,P001,3.1027512550354004,XGBoost,Prediction,Train
43,2025-02-20,P001,5.899584293365479,XGBoost,Prediction,Train
44,2025-02-21,P001,1.0321438312530518,XGBoost,Prediction,Train
45,2025-02-22,P001,0.4655196368694305,XGBoost,Prediction,Train
46,2025-02-23,P001,1.0899720191955566,XGBoost,Prediction,Train
47,2025-02-24,P001,1.366508722305298,XGBoost,Prediction,Train
48,2025-02-25,P001,1.0888077020645142,XGBoost,Prediction,Train
49,2025-02-26,P001,0.5707892179489136,XGBoost,Prediction,Train
50,2025-02-27,P001,5.6660990715026855,XGBoost,Prediction,Train
51,2025-02-28,P001,0.6893117427825928,XGBoost,Prediction,Train
52,2025-03-01,P001,2.2630717754364014,XGBoost,Prediction,Train
53,2025-03-02,P001,2.520317316055298,XGBoost,Prediction,Train
54,2025-03-03,P001,2.8528072834014893,XGBoost,Prediction,Train
55,2025-03-04,P001,0.6249420642852783,XGBoost,Prediction,Train
56,2025-03-05,P001,0.522555947303772,XGBoost,Prediction,Train
57,2025-03-06,P001,1.2960411310195925,XGBoost,Prediction,Train
58,2025-03-07,P001,4.164877414703369,XGBoost,Prediction,Train
59,2025-03-08,P001,1.7289711236953735,XGBoost,Prediction,Train
60,2025-03-09,P001,1.9987115859985352,XGBoost,Prediction,Train
61,2025-03-10,P001,2.685987710952759,XGBoost,Prediction,Train
62,2025-03-11,P001,0.6712491512298584,XGBoost,Prediction,Train
63,2025-03-12,P001,0.5033254623413086,XGBoost,Prediction,Train
64,2025-03-13,P001,1.1473729610443115,XGBoost,Prediction,Train
65,2025-03-14,P001,5.537102699279785,XGBoost,Prediction,Train
66,2025-03-15,P001,1.736822247505188,XGBoost,Prediction,Train
67,2025-03-16,P001,1.2896836996078491,XGBoost,Prediction,Train
68,2025-03-17,P001,2.3011953830718994,XGBoost,Prediction,Train
69,2025-03-18,P001,0.6457995176315308,XGBoost,Prediction,Train
70,2025-03-19,P001,2.63100004196167,XGBoost,Prediction,Train
71,2025-03-20,P001,0.7955830693244934,XGBoost,Prediction,Train
72,2025-03-21,P001,1.3299171924591064,XGBoost,Prediction,Train
73,2025-03-22,P001,0.5220906138420105,XGBoost,Prediction,Train
74,2025-03-23,P001,3.257159471511841,XGBoost,Prediction,Train
75,2025-03-24,P001,0.6390162706375122,XGBoost,Prediction,Train
76,2025-03-25,P001,2.699021577835083,XGBoost,Prediction,Train
77,2025-03-26,P001,2.837405204772949,XGBoost,Prediction,Train
78,2025-03-27,P001,0.4348316788673401,XGBoost,Prediction,Train
79,2025-03-28,P001,2.497810125350952,XGBoost,Prediction,Train
80,2025-03-29,P001,1.640650749206543,XGBoost,Prediction,Train
81,2025-03-30,P001,3.962808847427368,XGBoost,Prediction,Train
82,2025-03-31,P001,2.482905626296997,XGBoost,Prediction,Train
83,2025-04-01,P001,3.8582725524902335,XGBoost,Prediction,Train
84,2025-04-02,P001,5.885829448699951,XGBoost,Prediction,Train
85,2025-04-03,P001,1.788585901260376,XGBoost,Prediction,Train
86,2025-04-04,P001,0.9806709885597228,XGBoost,Prediction,Train
87,2025-04-05,P001,1.8395054340362549,XGBoost,Prediction,Train
88,2025-04-06,P001,4.43863582611084,XGBoost,Prediction,Train
89,2025-04-07,P001,0.8899233937263489,XGBoost,Prediction,Train
90,2025-04-08,P001,1.0018558502197266,XGBoost,Prediction,Train
91,2025-04-09,P001,1.026376724243164,XGBoost,Prediction,Train
92,2025-04-10,P001,1.0562909841537476,XGBoost,Prediction,Train
93,2025-04-11,P001,3.942392826080322,XGBoost,Prediction,Train
94,2025-04-12,P001,0.7518256306648254,XGBoost,Prediction,Train
95,2025-04-13,P001,0.5778820514678955,XGBoost,Prediction,Train
96,2025-04-14,P001,1.523463010787964,XGBoost,Prediction,Train
97,2025-04-15,P001,1.271838665008545,XGBoost,Prediction,Train
98,2025-04-16,P001,3.615012407302856,XGBoost,Prediction,Train
99,2025-04-17,P001,1.2868738174438477,XGBoost,Prediction,Train
100,2025-04-18,P001,1.7828673124313354,XGBoost,Prediction,Train
101,2025-04-19,P001,4.5465288162231445,XGBoost,Prediction,Train
102,2025-04-20,P001,1.840983867645264,XGBoost,Prediction,Train
103,2025-04-21,P001,1.0670706033706665,XGBoost,Prediction,Train
104,2025-04-22,P001,5.002678871154785,XGBoost,Prediction,Train
105,2025-04-23,P001,1.3180761337280271,XGBoost,Prediction,Train
106,2025-04-24,P001,0.6058652997016907,XGBoost,Prediction,Train
107,2025-04-25,P001,0.804449737071991,XGBoost,Prediction,Train
108,2025-04-26,P001,4.896533012390137,XGBoost,Prediction,Train
109,2025-04-27,P001,2.9820172786712646,XGBoost,Prediction,Train
110,2025-04-28,P001,1.5980491638183594,XGBoost,Prediction,Train
111,2025-04-29,P001,2.268956661224365,XGBoost,Prediction,Train
112,2025-04-30,P001,2.502486228942871,XGBoost,Prediction,Train
113,2025-05-01,P001,2.676121234893799,XGBoost,Prediction,Train
114,2025-05-02,P001,3.228945016860962,XGBoost,Prediction,Train
115,2025-05-03,P001,3.8140149116516113,XGBoost,Prediction,Train
116,2025-05-04,P001,1.5795822143554688,XGBoost,Prediction,Train
117,2025-05-05,P001,0.727353572845459,XGBoost,Prediction,Train
118,2025-05-06,P001,0.6085010766983032,XGBoost,Prediction,Train
119,2025-05-07,P001,1.0059620141983032,XGBoost,Prediction,Train
120,2025-05-08,P001,1.5138888359069824,XGBoost,Prediction,Train
121,2025-05-09,P001,4.769482135772705,XGBoost,Prediction,Train
122,2025-05-10,P001,0.6044775247573853,XGBoost,Prediction,Train
123,2025-05-11,P001,0.5587839484214783,XGBoost,Prediction,Train
124,2025-05-12,P001,0.7661001682281494,XGBoost,Prediction,Train
125,2025-05-13,P001,3.2811570167541504,XGBoost,Prediction,Train
126,2025-05-14,P001,1.8881908655166624,XGBoost,Prediction,Train
127,2025-05-15,P001,1.084262490272522,XGBoost,Prediction,Train
128,2025-05-16,P001,4.259182453155518,XGBoost,Prediction,Train
129,2025-05-17,P001,1.759119749069214,XGBoost,Prediction,Train
130,2025-05-18,P001,0.9499385356903076,XGBoost,Prediction,Train
131,2025-05-19,P001,0.581108808517456,XGBoost,Prediction,Train
132,2025-05-20,P001,2.542102575302124,XGBoost,Prediction,Train
133,2025-05-21,P001,1.7832618951797483,XGBoost,Prediction,Train
134,2025-05-22,P001,1.0358527898788452,XGBoost,Prediction,Train
135,2025-05-23,P001,4.85106897354126,XGBoost,Prediction,Train
136,2025-05-24,P001,0.7026391625404358,XGBoost,Prediction,Train
137,2025-05-25,P001,0.6345313787460327,XGBoost,Prediction,Train
138,2025-05-26,P001,1.335706114768982,XGBoost,Prediction,Train
139,2025-05-27,P001,1.875272750854492,XGBoost,Prediction,Train
140,2025-05-28,P001,4.224202156066895,XGBoost,Prediction,Train
141,2025-05-29,P001,0.9044007658958436,XGBoost,Prediction,Train
142,2025-05-30,P001,0.7287086844444275,XGBoost,Prediction,Train
143,2025-05-31,P001,1.3341444730758667,XGBoost,Prediction,Train
144,2025-06-01,P001,1.9790760278701784,XGBoost,Prediction,Train
145,2025-06-02,P001,1.1034539937973022,XGBoost,Prediction,Train
146,2025-06-03,P001,3.0579657554626465,XGBoost,Prediction,Train
147,2025-06-04,P001,0.5392161011695862,XGBoost,Prediction,Train
148,2025-06-05,P001,0.5838297605514526,XGBoost,Prediction,Train
149,2025-06-06,P001,1.1152111291885376,XGBoost,Prediction,Train
150,2025-06-07,P001,0.9369590282440186,XGBoost,Prediction,Train
151,2025-06-08,P001,2.671947240829468,XGBoost,Prediction,Train
152,2025-06-09,P001,0.7230163216590881,XGBoost,Prediction,Train
153,2025-06-10,P001,1.428167462348938,XGBoost,Prediction,Train
154,2025-06-11,P001,2.8194074630737305,XGBoost,Prediction,Train
155,2025-06-12,P001,0.8554309606552124,XGBoost,Prediction,Train
156,2025-06-13,P001,0.6719867587089539,XGBoost,Prediction,Train
157,2025-06-14,P001,2.100172996520996,XGBoost,Prediction,Train
158,2025-06-15,P001,3.3937699794769287,XGBoost,Prediction,Train
159,2025-06-16,P001,1.944119215011597,XGBoost,Prediction,Train
160,2025-06-17,P001,1.950639247894287,XGBoost,Prediction,Train
161,2025-06-18,P001,2.8027052879333496,XGBoost,Prediction,Train
162,2025-06-19,P001,0.7194043397903442,XGBoost,Prediction,Train
163,2025-06-20,P001,1.29328191280365,XGBoost,Prediction,Train
164,2025-06-21,P001,2.568756341934204,XGBoost,Prediction,Train
165,2025-06-22,P001,1.0923386812210083,XGBoost,Prediction,Train
166,2025-06-23,P001,2.3500759601593018,XGBoost,Prediction,Train
167,2025-06-24,P001,1.2286109924316406,XGBoost,Prediction,Train
168,2025-06-25,P001,0.8442177176475525,XGBoost,Prediction,Train
169,2025-06-26,P001,1.7884457111358645,XGBoost,Prediction,Train
170,2025-06-27,P001,4.33631706237793,XGBoost,Prediction,Train
171,2025-06-28,P001,1.7691997289657593,XGBoost,Prediction,Train
172,2025-06-29,P001,1.7000550031661987,XGBoost,Prediction,Train
173,2025-06-30,P001,0.7278987765312195,XGBoost,Prediction,Train
174,2025-07-01,P001,1.4279848337173462,XGBoost,Prediction,Train
175,2025-07-02,P001,1.2387456893920898,XGBoost,Prediction,Train
176,2025-07-03,P001,1.5924564599990845,XGBoost,Prediction,Train
177,2025-07-04,P001,2.730302095413208,XGBoost,Prediction,Train
178,2025-07-05,P001,0.9259529113769532,XGBoost,Prediction,Train
179,2025-07-06,P001,1.1578938961029053,XGBoost,Prediction,Train
180,2025-07-07,P001,4.857687473297119,XGBoost,Prediction,Train
181,2025-07-08,P001,0.5686175227165222,XGBoost,Prediction,Train
182,2025-07-09,P001,0.5470364093780518,XGBoost,Prediction,Train
183,2025-07-10,P001,1.6955658197402954,XGBoost,Prediction,Train
184,2025-07-11,P001,1.5054519176483154,XGBoost,Prediction,Train
185,2025-07-12,P001,0.5331978797912598,XGBoost,Prediction,Train
186,2025-07-13,P001,2.088729858398437,XGBoost,Prediction,Train
187,2025-07-14,P001,5.629215240478516,XGBoost,Prediction,Train
188,2025-07-15,P001,1.9652719497680664,XGBoost,Prediction,Train
189,2025-07-16,P001,0.8403147459030151,XGBoost,Prediction,Train
190,2025-07-17,P001,5.523731708526611,XGBoost,Prediction,Train
191,2025-07-18,P001,0.6569486856460571,XGBoost,Prediction,Train
192,2025-07-19,P001,0.6993345022201538,XGBoost,Prediction,Train
193,2025-07-20,P001,0.6723054051399231,XGBoost,Prediction,Train
194,2025-07-21,P001,3.385770082473755,XGBoost,Prediction,Train
195,2025-07-22,P001,1.1415377855300903,XGBoost,Prediction,Train
196,2025-07-23,P001,2.610050916671753,XGBoost,Prediction,Train
197,2025-07-24,P001,0.5543261170387268,XGBoost,Prediction,Train
198,2025-07-25,P001,1.7950445413589478,XGBoost,Prediction,Train
199,2025-07-26,P001,0.742755651473999,XGBoost,Prediction,Train
200,2025-07-27,P001,1.3242186307907104,XGBoost,Prediction,Train
201,2025-07-28,P001,0.8380019068717957,XGBoost,Prediction,Train
202,2025-07-29,P001,0.6299946308135986,XGBoost,Prediction,Train
203,2025-07-30,P001,0.756137490272522,XGBoost,Prediction,Train
204,2025-07-31,P001,1.7976363897323608,XGBoost,Prediction,Train
205,2025-08-01,P001,0.5931264758110046,XGBoost,Prediction,Train
206,2025-08-02,P001,1.3401178121566772,XGBoost,Prediction,Train
207,2025-08-03,P001,1.6540662050247192,XGBoost,Prediction,Train
208,2025-08-04,P001,3.120037078857422,XGBoost,Prediction,Train
209,2025-08-05,P001,1.256620168685913,XGBoost,Prediction,Train
210,2025-08-06,P001,2.750704765319824,XGBoost,Prediction,Train
211,2025-08-07,P001,0.8264421820640564,XGBoost,Prediction,Train
212,2025-08-08,P001,2.5571935176849365,XGBoost,Prediction,Train
213,2025-08-09,P001,1.3387080430984497,XGBoost,Prediction,Train
214,2025-08-10,P001,5.527069091796875,XGBoost,Prediction,Train
215,2025-08-11,P001,1.8416475057601929,XGBoost,Prediction,Train
216,2025-08-12,P001,1.0197901725769043,XGBoost,Prediction,Train
217,2025-08-13,P001,0.7247163653373718,XGBoost,Prediction,Train
218,2025-08-14,P001,1.6665382385253906,XGBoost,Prediction,Train
219,2025-08-15,P001,0.8236904144287109,XGBoost,Prediction,Train
220,2025-08-16,P001,1.0024826526641846,XGBoost,Prediction,Train
221,2025-08-17,P001,2.90918517112732,XGBoost,Prediction,Train
222,2025-08-18,P001,0.862480878829956,XGBoost,Prediction,Train
223,2025-08-19,P001,0.7953134179115295,XGBoost,Prediction,Train
224,2025-08-20,P001,4.107716083526611,XGBoost,Prediction,Train
225,2025-08-21,P001,4.438247680664063,XGBoost,Prediction,Train
226,2025-08-22,P001,3.944162130355835,XGBoost,Prediction,Train
227,2025-08-23,P001,0.7223088145256042,XGBoost,Prediction,Train
228,2025-08-24,P001,1.7920992374420166,XGBoost,Prediction,Train
229,2025-08-25,P001,4.089485168457031,XGBoost,Prediction,Train
230,2025-08-26,P001,0.7682846784591675,XGBoost,Prediction,Train
231,2025-08-27,P001,1.941336154937744,XGBoost,Prediction,Train
232,2025-08-28,P001,1.2900896072387695,XGBoost,Prediction,Train
233,2025-08-29,P001,0.5890907049179077,XGBoost,Prediction,Train
234,2025-08-30,P001,3.5304362773895264,XGBoost,Prediction,Train
235,2025-08-31,P001,4.2706618309021,XGBoost,Prediction,Train
236,2025-09-01,P001,2.8168060779571533,XGBoost,Prediction,Train
237,2025-09-02,P001,1.145059585571289,XGBoost,Prediction,Train
238,2025-09-03,P001,0.7004851698875427,XGBoost,Prediction,Train
239,2025-09-04,P001,1.1952821016311646,XGBoost,Prediction,Train
240,2025-09-05,P001,0.6712285876274109,XGBoost,Prediction,Train
241,2025-09-06,P001,0.6264541149139404,XGBoost,Prediction,Train
242,2025-09-07,P001,0.7861582636833191,XGBoost,Prediction,Train
243,2025-09-08,P001,0.8586304783821106,XGBoost,Prediction,Train
244,2025-09-09,P001,2.3929648399353027,XGBoost,Prediction,Train
245,2025-09-10,P001,2.3527774810791016,XGBoost,Prediction,Train
246,2025-09-11,P001,0.5921909809112549,XGBoost,Prediction,Train
247,2025-09-12,P001,1.0418766736984253,XGBoost,Prediction,Train
248,2025-09-13,P001,2.3320014476776123,XGBoost,Prediction,Train
249,2025-09-14,P001,1.0657479763031006,XGBoost,Prediction,Train
250,2025-01-08,P002,0.4458177983760834,XGBoost,Prediction,Train
251,2025-01-09,P002,0.485289454460144,XGBoost,Prediction,Train
252,2025-01-10,P002,0.7627576589584351,XGBoost,Prediction,Train
253,2025-01-11,P002,4.057090759277344,XGBoost,Prediction,Train
254,2025-01-12,P002,1.338026523590088,XGBoost,Prediction,Train
255,2025-01-13,P002,1.2646913528442385,XGBoost,Prediction,Train
256,2025-01-14,P002,4.74349308013916,XGBoost,Prediction,Train
257,2025-01-15,P002,1.2395771741867063,XGBoost,Prediction,Train
258,2025-01-16,P002,5.853051662445068,XGBoost,Prediction,Train
259,2025-01-17,P002,0.9547237753868104,XGBoost,Prediction,Train
260,2025-01-18,P002,1.9013822078704836,XGBoost,Prediction,Train
261,2025-01-19,P002,2.7515759468078613,XGBoost,Prediction,Train
262,2025-01-20,P002,1.9128721952438357,XGBoost,Prediction,Train
263,2025-01-21,P002,3.773739814758301,XGBoost,Prediction,Train
264,2025-01-22,P002,1.8824597597122192,XGBoost,Prediction,Train
265,2025-01-23,P002,2.563474416732788,XGBoost,Prediction,Train
266,2025-01-24,P002,0.7203601002693176,XGBoost,Prediction,Train
267,2025-01-25,P002,0.6373574733734131,XGBoost,Prediction,Train
268,2025-01-26,P002,0.958903193473816,XGBoost,Prediction,Train
269,2025-01-27,P002,0.9209616780281068,XGBoost,Prediction,Train
270,2025-01-28,P002,2.741115093231201,XGBoost,Prediction,Train
271,2025-01-29,P002,4.856250286102295,XGBoost,Prediction,Train
272,2025-01-30,P002,3.463348865509033,XGBoost,Prediction,Train
273,2025-01-31,P002,1.123929738998413,XGBoost,Prediction,Train
274,2025-02-01,P002,1.218230962753296,XGBoost,Prediction,Train
275,2025-02-02,P002,0.8640177249908447,XGBoost,Prediction,Train
276,2025-02-03,P002,1.837856769561768,XGBoost,Prediction,Train
277,2025-02-04,P002,1.843867778778076,XGBoost,Prediction,Train
278,2025-02-05,P002,1.1129319667816162,XGBoost,Prediction,Train
279,2025-02-06,P002,0.941761314868927,XGBoost,Prediction,Train
280,2025-02-07,P002,4.070657730102539,XGBoost,Prediction,Train
281,2025-02-08,P002,0.6713825464248657,XGBoost,Prediction,Train
282,2025-02-09,P002,1.0210891962051392,XGBoost,Prediction,Train
283,2025-02-10,P002,2.6793017387390137,XGBoost,Prediction,Train
284,2025-02-11,P002,1.3154528141021729,XGBoost,Prediction,Train
285,2025-02-12,P002,1.2152988910675049,XGBoost,Prediction,Train
286,2025-02-13,P002,2.0116963386535645,XGBoost,Prediction,Train
287,2025-02-14,P002,1.126827359199524,XGBoost,Prediction,Train
288,2025-02-15,P002,0.7185194492340088,XGBoost,Prediction,Train
289,2025-02-16,P002,0.932797074317932,XGBoost,Prediction,Train
290,2025-02-17,P002,0.6153037548065186,XGBoost,Prediction,Train
291,2025-02-18,P002,0.767509937286377,XGBoost,Prediction,Train
292,2025-02-19,P002,5.520233154296875,XGBoost,Prediction,Train
293,2025-02-20,P002,4.124605655670166,XGBoost,Prediction,Train
294,2025-02-21,P002,2.6360411643981934,XGBoost,Prediction,Train
295,2025-02-22,P002,2.613806962966919,XGBoost,Prediction,Train
296,2025-02-23,P002,0.4919807910919189,XGBoost,Prediction,Train
297,2025-02-24,P002,1.9415205717086792,XGBoost,Prediction,Train
298,2025-02-25,P002,1.3461995124816897,XGBoost,Prediction,Train
299,2025-02-26,P002,1.3216294050216677,XGBoost,Prediction,Train
300,2025-02-27,P002,2.330756902694702,XGBoost,Prediction,Train
301,2025-02-28,P002,4.566051483154297,XGBoost,Prediction,Train
302,2025-03-01,P002,0.7204916477203369,XGBoost,Prediction,Train
303,2025-03-02,P002,2.6987969875335693,XGBoost,Prediction,Train
304,2025-03-03,P002,1.273703932762146,XGBoost,Prediction,Train
305,2025-03-04,P002,3.323380947113037,XGBoost,Prediction,Train
306,2025-03-05,P002,0.9022504091262816,XGBoost,Prediction,Train
307,2025-03-06,P002,1.117660641670227,XGBoost,Prediction,Train
308,2025-03-07,P002,2.6268229484558105,XGBoost,Prediction,Train
309,2025-03-08,P002,2.480419635772705,XGBoost,Prediction,Train
310,2025-03-09,P002,2.5787675380706787,XGBoost,Prediction,Train
311,2025-03-10,P002,1.3064903020858765,XGBoost,Prediction,Train
312,2025-03-11,P002,0.8456164002418518,XGBoost,Prediction,Train
313,2025-03-12,P002,2.4333479404449463,XGBoost,Prediction,Train
314,2025-03-13,P002,2.0687241554260254,XGBoost,Prediction,Train
315,2025-03-14,P002,1.883755326271057,XGBoost,Prediction,Train
316,2025-03-15,P002,0.9951529502868652,XGBoost,Prediction,Train
317,2025-03-16,P002,1.0290662050247192,XGBoost,Prediction,Train
318,2025-03-17,P002,2.7462191581726074,XGBoost,Prediction,Train
319,2025-03-18,P002,5.9973578453063965,XGBoost,Prediction,Train
320,2025-03-19,P002,2.6664419174194336,XGBoost,Prediction,Train
321,2025-03-20,P002,4.211809158325195,XGBoost,Prediction,Train
322,2025-03-21,P002,1.0917320251464844,XGBoost,Prediction,Train
323,2025-03-22,P002,0.6964174509048462,XGBoost,Prediction,Train
324,2025-03-23,P002,4.54995059967041,XGBoost,Prediction,Train
325,2025-03-24,P002,1.200309991836548,XGBoost,Prediction,Train
326,2025-03-25,P002,2.825495719909668,XGBoost,Prediction,Train
327,2025-03-26,P002,3.3891470432281494,XGBoost,Prediction,Train
328,2025-03-27,P002,0.7751765251159668,XGBoost,Prediction,Train
329,2025-03-28,P002,3.909415006637573,XGBoost,Prediction,Train
330,2025-03-29,P002,0.6417450308799744,XGBoost,Prediction,Train
331,2025-03-30,P002,1.860417366027832,XGBoost,Prediction,Train
332,2025-03-31,P002,0.8496803045272827,XGBoost,Prediction,Train
333,2025-04-01,P002,3.3380706310272217,XGBoost,Prediction,Train
334,2025-04-02,P002,2.78320574760437,XGBoost,Prediction,Train
335,2025-04-03,P002,4.49425745010376,XGBoost,Prediction,Train
336,2025-04-04,P002,5.176771640777588,XGBoost,Prediction,Train
337,2025-04-05,P002,0.7200099229812622,XGBoost,Prediction,Train
338,2025-04-06,P002,2.4344286918640137,XGBoost,Prediction,Train
339,2025-04-07,P002,0.9658685326576232,XGBoost,Prediction,Train
340,2025-04-08,P002,1.6622616052627563,XGBoost,Prediction,Train
341,2025-04-09,P002,0.9001083970069885,XGBoost,Prediction,Train
342,2025-04-10,P002,4.179234504699707,XGBoost,Prediction,Train
343,2025-04-11,P002,3.272298574447632,XGBoost,Prediction,Train
344,2025-04-12,P002,3.83250904083252,XGBoost,Prediction,Train
345,2025-04-13,P002,0.7986598014831543,XGBoost,Prediction,Train
346,2025-04-14,P002,0.7440159320831299,XGBoost,Prediction,Train
347,2025-04-15,P002,1.7074280977249146,XGBoost,Prediction,Train
348,2025-04-16,P002,2.6283822059631348,XGBoost,Prediction,Train
349,2025-04-17,P002,1.3575844764709473,XGBoost,Prediction,Train
350,2025-04-18,P002,3.190624237060547,XGBoost,Prediction,Train
351,2025-04-19,P002,2.830305337905884,XGBoost,Prediction,Train
352,2025-04-20,P002,2.756863594055176,XGBoost,Prediction,Train
353,2025-04-21,P002,0.6074875593185425,XGBoost,Prediction,Train
354,2025-04-22,P002,2.6177265644073486,XGBoost,Prediction,Train
355,2025-04-23,P002,2.393995523452759,XGBoost,Prediction,Train
356,2025-04-24,P002,0.7562458515167236,XGBoost,Prediction,Train
357,2025-04-25,P002,0.63787841796875,XGBoost,Prediction,Train
358,2025-04-26,P002,1.8144360780715945,XGBoost,Prediction,Train
359,2025-04-27,P002,2.656301498413086,XGBoost,Prediction,Train
360,2025-04-28,P002,1.4247829914093018,XGBoost,Prediction,Train
361,2025-04-29,P002,0.9068995714187622,XGBoost,Prediction,Train
362,2025-04-30,P002,0.9177603125572203,XGBoost,Prediction,Train
363,2025-05-01,P002,3.715688467025757,XGBoost,Prediction,Train
364,2025-05-02,P002,2.6710383892059326,XGBoost,Prediction,Train
365,2025-05-03,P002,1.9124135971069336,XGBoost,Prediction,Train
366,2025-05-04,P002,1.81511390209198,XGBoost,Prediction,Train
367,2025-05-05,P002,2.502072095870972,XGBoost,Prediction,Train
368,2025-05-06,P002,0.8984538912773132,XGBoost,Prediction,Train
369,2025-05-07,P002,0.9403684139251708,XGBoost,Prediction,Train
370,2025-05-08,P002,4.002593994140625,XGBoost,Prediction,Train
371,2025-05-09,P002,2.69739317893982,XGBoost,Prediction,Train
372,2025-05-10,P002,2.3763818740844727,XGBoost,Prediction,Train
373,2025-05-11,P002,0.9504578113555908,XGBoost,Prediction,Train
374,2025-05-12,P002,0.8388853669166565,XGBoost,Prediction,Train
375,2025-05-13,P002,1.9104255437850952,XGBoost,Prediction,Train
376,2025-05-14,P002,1.3734012842178345,XGBoost,Prediction,Train
377,2025-05-15,P002,0.7166044116020203,XGBoost,Prediction,Train
378,2025-05-16,P002,2.423915386199951,XGBoost,Prediction,Train
379,2025-05-17,P002,0.8718949556350708,XGBoost,Prediction,Train
380,2025-05-18,P002,0.4836936295032501,XGBoost,Prediction,Train
381,2025-05-19,P002,2.660346031188965,XGBoost,Prediction,Train
382,2025-05-20,P002,2.1233339309692383,XGBoost,Prediction,Train
383,2025-05-21,P002,1.1760258674621582,XGBoost,Prediction,Train
384,2025-05-22,P002,2.01919174194336,XGBoost,Prediction,Train
385,2025-05-23,P002,1.467732071876526,XGBoost,Prediction,Train
386,2025-05-24,P002,0.7276325225830078,XGBoost,Prediction,Train
387,2025-05-25,P002,5.031348705291748,XGBoost,Prediction,Train
388,2025-05-26,P002,0.710643470287323,XGBoost,Prediction,Train
389,2025-05-27,P002,0.7217466235160828,XGBoost,Prediction,Train
390,2025-05-28,P002,2.099972724914551,XGBoost,Prediction,Train
391,2025-05-29,P002,1.102874994277954,XGBoost,Prediction,Train
392,2025-05-30,P002,1.220945954322815,XGBoost,Prediction,Train
393,2025-05-31,P002,4.491706371307373,XGBoost,Prediction,Train
394,2025-06-01,P002,4.2426581382751465,XGBoost,Prediction,Train
395,2025-06-02,P002,4.386153697967529,XGBoost,Prediction,Train
396,2025-06-03,P002,0.6134341955184937,XGBoost,Prediction,Train
397,2025-06-04,P002,0.8738577365875244,XGBoost,Prediction,Train
398,2025-06-05,P002,1.9344902038574217,XGBoost,Prediction,Train
399,2025-06-06,P002,2.4780240058898926,XGBoost,Prediction,Train
400,2025-06-07,P002,2.465395212173462,XGBoost,Prediction,Train
401,2025-06-08,P002,1.132612943649292,XGBoost,Prediction,Train
402,2025-06-09,P002,0.6863219738006592,XGBoost,Prediction,Train
403,2025-06-10,P002,1.675791621208191,XGBoost,Prediction,Train
404,2025-06-11,P002,0.9104941487312316,XGBoost,Prediction,Train
405,2025-06-12,P002,1.0058355331420898,XGBoost,Prediction,Train
406,2025-06-13,P002,1.2509058713912964,XGBoost,Prediction,Train
407,2025-06-14,P002,0.5741935968399048,XGBoost,Prediction,Train
408,2025-06-15,P002,0.8885018825531006,XGBoost,Prediction,Train
409,2025-06-16,P002,0.8438150882720947,XGBoost,Prediction,Train
410,2025-06-17,P002,4.186293125152588,XGBoost,Prediction,Train
411,2025-06-18,P002,3.3617732524871826,XGBoost,Prediction,Train
412,2025-06-19,P002,2.743484735488892,XGBoost,Prediction,Train
413,2025-06-20,P002,3.1315622329711914,XGBoost,Prediction,Train
414,2025-06-21,P002,2.553308486938477,XGBoost,Prediction,Train
415,2025-06-22,P002,0.8248671293258667,XGBoost,Prediction,Train
416,2025-06-23,P002,0.6371623277664185,XGBoost,Prediction,Train
417,2025-06-24,P002,2.3420424461364746,XGBoost,Prediction,Train
418,2025-06-25,P002,2.657317876815796,XGBoost,Prediction,Train
419,2025-06-26,P002,2.7767224311828613,XGBoost,Prediction,Train
420,2025-06-27,P002,1.9533336162567136,XGBoost,Prediction,Train
421,2025-06-28,P002,2.8123483657836914,XGBoost,Prediction,Train
422,2025-06-29,P002,0.9335924983024596,XGBoost,Prediction,Train
423,2025-06-30,P002,1.190468192100525,XGBoost,Prediction,Train
424,2025-07-01,P002,1.3085753917694092,XGBoost,Prediction,Train
425,2025-07-02,P002,2.587896585464477,XGBoost,Prediction,Train
426,2025-07-03,P002,1.1716581583023071,XGBoost,Prediction,Train
427,2025-07-04,P002,2.644533395767212,XGBoost,Prediction,Train
428,2025-07-05,P002,4.108176231384277,XGBoost,Prediction,Train
429,2025-07-06,P002,2.924237012863159,XGBoost,Prediction,Train
430,2025-07-07,P002,3.696289777755737,XGBoost,Prediction,Train
431,2025-07-08,P002,3.1190669536590576,XGBoost,Prediction,Train
432,2025-07-09,P002,1.6992082595825195,XGBoost,Prediction,Train
433,2025-07-10,P002,1.799542784690857,XGBoost,Prediction,Train
434,2025-07-11,P002,0.899494469165802,XGBoost,Prediction,Train
435,2025-07-12,P002,0.6770030856132507,XGBoost,Prediction,Train
436,2025-07-13,P002,2.6435348987579346,XGBoost,Prediction,Train
437,2025-07-14,P002,4.191806316375732,XGBoost,Prediction,Train
438,2025-07-15,P002,0.628788411617279,XGBoost,Prediction,Train
439,2025-07-16,P002,0.888309121131897,XGBoost,Prediction,Train
440,2025-07-17,P002,2.5023207664489746,XGBoost,Prediction,Train
441,2025-07-18,P002,2.8550684452056885,XGBoost,Prediction,Train
442,2025-07-19,P002,1.006009578704834,XGBoost,Prediction,Train
443,2025-07-20,P002,1.866165280342102,XGBoost,Prediction,Train
444,2025-07-21,P002,1.7643498182296753,XGBoost,Prediction,Train
445,2025-07-22,P002,1.7444837093353271,XGBoost,Prediction,Train
446,2025-07-23,P002,1.4694395065307615,XGBoost,Prediction,Train
447,2025-07-24,P002,2.626317262649536,XGBoost,Prediction,Train
448,2025-07-25,P002,3.009622573852539,XGBoost,Prediction,Train
449,2025-07-26,P002,1.2918874025344849,XGBoost,Prediction,Train
450,2025-07-27,P002,3.450453042984009,XGBoost,Prediction,Train
451,2025-07-28,P002,5.440572261810303,XGBoost,Prediction,Train
452,2025-07-29,P002,5.445093631744385,XGBoost,Prediction,Train
453,2025-07-30,P002,4.471275806427002,XGBoost,Prediction,Train
454,2025-07-31,P002,0.7743557095527649,XGBoost,Prediction,Train
455,2025-08-01,P002,4.120787143707275,XGBoost,Prediction,Train
456,2025-08-02,P002,0.8047696352005005,XGBoost,Prediction,Train
457,2025-08-03,P002,0.7794711589813232,XGBoost,Prediction,Train
458,2025-08-04,P002,2.014829635620117,XGBoost,Prediction,Train
459,2025-08-05,P002,2.000507354736328,XGBoost,Prediction,Train
460,2025-08-06,P002,1.03878915309906,XGBoost,Prediction,Train
461,2025-08-07,P002,1.0578237771987915,XGBoost,Prediction,Train
462,2025-08-08,P002,0.6366498470306396,XGBoost,Prediction,Train
463,2025-08-09,P002,3.500218391418457,XGBoost,Prediction,Train
464,2025-08-10,P002,2.6624019145965576,XGBoost,Prediction,Train
465,2025-08-11,P002,2.589318037033081,XGBoost,Prediction,Train
466,2025-08-12,P002,2.688217878341675,XGBoost,Prediction,Train
467,2025-08-13,P002,2.56433653831482,XGBoost,Prediction,Train
468,2025-08-14,P002,0.8367241621017456,XGBoost,Prediction,Train
469,2025-08-15,P002,2.425985813140869,XGBoost,Prediction,Train
470,2025-08-16,P002,0.8592293858528137,XGBoost,Prediction,Train
471,2025-08-17,P002,1.35333251953125,XGBoost,Prediction,Train
472,2025-08-18,P002,1.3938531875610352,XGBoost,Prediction,Train
473,2025-08-19,P002,2.7346084117889404,XGBoost,Prediction,Train
474,2025-08-20,P002,0.749629020690918,XGBoost,Prediction,Train
475,2025-08-21,P002,1.0521481037139893,XGBoost,Prediction,Train
476,2025-08-22,P002,0.8224033713340759,XGBoost,Prediction,Train
477,2025-08-23,P002,2.470078945159912,XGBoost,Prediction,Train
478,2025-08-24,P002,1.9739121198654173,XGBoost,Prediction,Train
479,2025-08-25,P002,4.20717191696167,XGBoost,Prediction,Train
480,2025-08-26,P002,1.8452149629592896,XGBoost,Prediction,Train
481,2025-08-27,P002,2.72409987449646,XGBoost,Prediction,Train
482,2025-08-28,P002,2.632303476333618,XGBoost,Prediction,Train
483,2025-08-29,P002,2.717679500579834,XGBoost,Prediction,Train
484,2025-08-30,P002,1.897084355354309,XGBoost,Prediction,Train
485,2025-08-31,P002,2.8288803100585938,XGBoost,Prediction,Train
486,2025-09-01,P002,4.846065998077393,XGBoost,Prediction,Train
487,2025-09-02,P002,0.7811267375946045,XGBoost,Prediction,Train
488,2025-09-03,P002,3.4738800525665283,XGBoost,Prediction,Train
489,2025-09-04,P002,3.8798229694366455,XGBoost,Prediction,Train
490,2025-09-05,P002,0.7638037204742432,XGBoost,Prediction,Train
491,2025-09-06,P002,1.9639300107955933,XGBoost,Prediction,Train
492,2025-09-07,P002,2.519604206085205,XGBoost,Prediction,Train
493,2025-09-08,P002,1.1312395334243774,XGBoost,Prediction,Train
494,2025-09-09,P002,0.6197953224182129,XGBoost,Prediction,Train
495,2025-09-10,P002,2.263991594314575,XGBoost,Prediction,Train
496,2025-09-11,P002,0.6453299522399902,XGBoost,Prediction,Train
497,2025-09-12,P002,1.1629778146743774,XGBoost,Prediction,Train
498,2025-09-13,P002,0.969828724861145,XGBoost,Prediction,Train
499,2025-09-14,P002,4.152244567871094,XGBoost,Prediction,Train
500,2025-01-08,P003,2.84398889541626,XGBoost,Prediction,Train
501,2025-01-09,P003,0.4336292743682861,XGBoost,Prediction,Train
502,2025-01-10,P003,1.953301787376404,XGBoost,Prediction,Train
503,2025-01-11,P003,0.8296402096748352,XGBoost,Prediction,Train
504,2025-01-12,P003,2.89387845993042,XGBoost,Prediction,Train
505,2025-01-13,P003,1.923627614974976,XGBoost,Prediction,Train
506,2025-01-14,P003,1.2332638502120972,XGBoost,Prediction,Train
507,2025-01-15,P003,2.5113470554351807,XGBoost,Prediction,Train
508,2025-01-16,P003,0.995083510875702,XGBoost,Prediction,Train
509,2025-01-17,P003,0.9550606608390808,XGBoost,Prediction,Train
510,2025-01-18,P003,4.72750186920166,XGBoost,Prediction,Train
511,2025-01-19,P003,1.2636548280715942,XGBoost,Prediction,Train
512,2025-01-20,P003,5.750033855438232,XGBoost,Prediction,Train
513,2025-01-21,P003,1.7535638809204102,XGBoost,Prediction,Train
514,2025-01-22,P003,0.6349245309829712,XGBoost,Prediction,Train
515,2025-01-23,P003,3.226022958755493,XGBoost,Prediction,Train
516,2025-01-24,P003,1.170208215713501,XGBoost,Prediction,Train
517,2025-01-25,P003,1.7838075160980225,XGBoost,Prediction,Train
518,2025-01-26,P003,3.560962200164795,XGBoost,Prediction,Train
519,2025-01-27,P003,1.2109910249710083,XGBoost,Prediction,Train
520,2025-01-28,P003,1.1272761821746826,XGBoost,Prediction,Train
521,2025-01-29,P003,1.7645294666290283,XGBoost,Prediction,Train
522,2025-01-30,P003,0.6523435115814209,XGBoost,Prediction,Train
523,2025-01-31,P003,1.2927733659744265,XGBoost,Prediction,Train
524,2025-02-01,P003,0.506709098815918,XGBoost,Prediction,Train
525,2025-02-02,P003,0.6336787939071655,XGBoost,Prediction,Train
526,2025-02-03,P003,0.9000895023345947,XGBoost,Prediction,Train
527,2025-02-04,P003,3.1053264141082764,XGBoost,Prediction,Train
528,2025-02-05,P003,1.0465762615203855,XGBoost,Prediction,Train
529,2025-02-06,P003,0.7869275808334351,XGBoost,Prediction,Train
530,2025-02-07,P003,1.976105809211731,XGBoost,Prediction,Train
531,2025-02-08,P003,0.9055840373039246,XGBoost,Prediction,Train
532,2025-02-09,P003,1.488894820213318,XGBoost,Prediction,Train
533,2025-02-10,P003,3.0352931022644043,XGBoost,Prediction,Train
534,2025-02-11,P003,2.728869915008545,XGBoost,Prediction,Train
535,2025-02-12,P003,0.718761146068573,XGBoost,Prediction,Train
536,2025-02-13,P003,0.9769647717475892,XGBoost,Prediction,Train
537,2025-02-14,P003,2.79107928276062,XGBoost,Prediction,Train
538,2025-02-15,P003,1.974043846130371,XGBoost,Prediction,Train
539,2025-02-16,P003,0.98844176530838,XGBoost,Prediction,Train
540,2025-02-17,P003,1.2410008907318115,XGBoost,Prediction,Train
541,2025-02-18,P003,0.5291925072669983,XGBoost,Prediction,Train
542,2025-02-19,P003,4.017920970916748,XGBoost,Prediction,Train
543,2025-02-20,P003,1.6744030714035034,XGBoost,Prediction,Train
544,2025-02-21,P003,4.12095308303833,XGBoost,Prediction,Train
545,2025-02-22,P003,0.600991427898407,XGBoost,Prediction,Train
546,2025-02-23,P003,1.1369355916976929,XGBoost,Prediction,Train
547,2025-02-24,P003,4.342508316040039,XGBoost,Prediction,Train
548,2025-02-25,P003,3.192549228668213,XGBoost,Prediction,Train
549,2025-02-26,P003,3.557358264923096,XGBoost,Prediction,Train
550,2025-02-27,P003,2.0622291564941406,XGBoost,Prediction,Train
551,2025-02-28,P003,1.4089702367782593,XGBoost,Prediction,Train
552,2025-03-01,P003,1.019626498222351,XGBoost,Prediction,Train
553,2025-03-02,P003,1.1346839666366575,XGBoost,Prediction,Train
554,2025-03-03,P003,2.400036334991455,XGBoost,Prediction,Train
555,2025-03-04,P003,0.3458216190338135,XGBoost,Prediction,Train
556,2025-03-05,P003,1.4707473516464231,XGBoost,Prediction,Train
557,2025-03-06,P003,0.8617464303970337,XGBoost,Prediction,Train
558,2025-03-07,P003,0.7113584280014038,XGBoost,Prediction,Train
559,2025-03-08,P003,2.77046012878418,XGBoost,Prediction,Train
560,2025-03-09,P003,3.285597801208496,XGBoost,Prediction,Train
561,2025-03-10,P003,2.004322052001953,XGBoost,Prediction,Train
562,2025-03-11,P003,0.7982452511787415,XGBoost,Prediction,Train
563,2025-03-12,P003,4.226961135864258,XGBoost,Prediction,Train
564,2025-03-13,P003,2.648958683013916,XGBoost,Prediction,Train
565,2025-03-14,P003,3.2824387550354004,XGBoost,Prediction,Train
566,2025-03-15,P003,4.77719783782959,XGBoost,Prediction,Train
567,2025-03-16,P003,4.163824081420898,XGBoost,Prediction,Train
568,2025-03-17,P003,2.413660049438477,XGBoost,Prediction,Train
569,2025-03-18,P003,2.63859486579895,XGBoost,Prediction,Train
570,2025-03-19,P003,4.231857299804688,XGBoost,Prediction,Train
571,2025-03-20,P003,1.9616618156433103,XGBoost,Prediction,Train
572,2025-03-21,P003,1.8194414377212524,XGBoost,Prediction,Train
573,2025-03-22,P003,0.6238409876823425,XGBoost,Prediction,Train
574,2025-03-23,P003,1.1519101858139038,XGBoost,Prediction,Train
575,2025-03-24,P003,2.516188383102417,XGBoost,Prediction,Train
576,2025-03-25,P003,1.8712767362594604,XGBoost,Prediction,Train
577,2025-03-26,P003,1.1918524503707886,XGBoost,Prediction,Train
578,2025-03-27,P003,0.4561056494712829,XGBoost,Prediction,Train
579,2025-03-28,P003,0.7322375178337097,XGBoost,Prediction,Train
580,2025-03-29,P003,1.9767241477966309,XGBoost,Prediction,Train
581,2025-03-30,P003,4.897083759307861,XGBoost,Prediction,Train
582,2025-03-31,P003,2.0907466411590576,XGBoost,Prediction,Train
583,2025-04-01,P003,0.8193939328193665,XGBoost,Prediction,Train
584,2025-04-02,P003,1.190434813499451,XGBoost,Prediction,Train
585,2025-04-03,P003,3.4565112590789795,XGBoost,Prediction,Train
586,2025-04-04,P003,1.1660076379776,XGBoost,Prediction,Train
587,2025-04-05,P003,1.3347351551055908,XGBoost,Prediction,Train
588,2025-04-06,P003,0.7139031887054443,XGBoost,Prediction,Train
589,2025-04-07,P003,0.7773785591125488,XGBoost,Prediction,Train
590,2025-04-08,P003,2.746074676513672,XGBoost,Prediction,Train
591,2025-04-09,P003,2.7143008708953857,XGBoost,Prediction,Train
592,2025-04-10,P003,4.7709174156188965,XGBoost,Prediction,Train
593,2025-04-11,P003,3.715198278427124,XGBoost,Prediction,Train
594,2025-04-12,P003,1.2298365831375122,XGBoost,Prediction,Train
595,2025-04-13,P003,2.285080909729004,XGBoost,Prediction,Train
596,2025-04-14,P003,0.6586641073226929,XGBoost,Prediction,Train
597,2025-04-15,P003,0.4128918945789337,XGBoost,Prediction,Train
598,2025-04-16,P003,3.054188966751098,XGBoost,Prediction,Train
599,2025-04-17,P003,0.9742835164070128,XGBoost,Prediction,Train
600,2025-04-18,P003,2.388606309890747,XGBoost,Prediction,Train
601,2025-04-19,P003,0.7645664215087891,XGBoost,Prediction,Train
602,2025-04-20,P003,0.6465277671813965,XGBoost,Prediction,Train
603,2025-04-21,P003,1.2295972108840942,XGBoost,Prediction,Train
604,2025-04-22,P003,0.6022047996520996,XGBoost,Prediction,Train
605,2025-04-23,P003,1.4821858406066897,XGBoost,Prediction,Train
606,2025-04-24,P003,4.136894226074219,XGBoost,Prediction,Train
607,2025-04-25,P003,4.845539569854736,XGBoost,Prediction,Train
608,2025-04-26,P003,3.1636881828308105,XGBoost,Prediction,Train
609,2025-04-27,P003,3.88271713256836,XGBoost,Prediction,Train
610,2025-04-28,P003,0.8751343488693237,XGBoost,Prediction,Train
611,2025-04-29,P003,4.493032455444336,XGBoost,Prediction,Train
612,2025-04-30,P003,1.0172014236450195,XGBoost,Prediction,Train
613,2025-05-01,P003,2.546947479248047,XGBoost,Prediction,Train
614,2025-05-02,P003,2.0299510955810547,XGBoost,Prediction,Train
615,2025-05-03,P003,0.7490155100822449,XGBoost,Prediction,Train
616,2025-05-04,P003,4.495995998382568,XGBoost,Prediction,Train
617,2025-05-05,P003,1.2761365175247192,XGBoost,Prediction,Train
618,2025-05-06,P003,0.6712411046028137,XGBoost,Prediction,Train
619,2025-05-07,P003,1.0429179668426514,XGBoost,Prediction,Train
620,2025-05-08,P003,1.7585457563400269,XGBoost,Prediction,Train
621,2025-05-09,P003,1.0303009748458862,XGBoost,Prediction,Train
622,2025-05-10,P003,1.544413447380066,XGBoost,Prediction,Train
623,2025-05-11,P003,0.7338419556617737,XGBoost,Prediction,Train
624,2025-05-12,P003,1.0435155630111694,XGBoost,Prediction,Train
625,2025-05-13,P003,0.6258440613746643,XGBoost,Prediction,Train
626,2025-05-14,P003,2.662533760070801,XGBoost,Prediction,Train
627,2025-05-15,P003,1.5612764358520508,XGBoost,Prediction,Train
628,2025-05-16,P003,1.270555853843689,XGBoost,Prediction,Train
629,2025-05-17,P003,1.1469241380691528,XGBoost,Prediction,Train
630,2025-05-18,P003,2.25838565826416,XGBoost,Prediction,Train
631,2025-05-19,P003,3.326716184616089,XGBoost,Prediction,Train
632,2025-05-20,P003,1.1322933435440063,XGBoost,Prediction,Train
633,2025-05-21,P003,0.818719744682312,XGBoost,Prediction,Train
634,2025-05-22,P003,2.837297916412353,XGBoost,Prediction,Train
635,2025-05-23,P003,3.449779272079468,XGBoost,Prediction,Train
636,2025-05-24,P003,0.9918150305747986,XGBoost,Prediction,Train
637,2025-05-25,P003,1.899878025054932,XGBoost,Prediction,Train
638,2025-05-26,P003,1.0437769889831543,XGBoost,Prediction,Train
639,2025-05-27,P003,1.9957873821258545,XGBoost,Prediction,Train
640,2025-05-28,P003,1.3095543384552002,XGBoost,Prediction,Train
641,2025-05-29,P003,0.6991576552391052,XGBoost,Prediction,Train
642,2025-05-30,P003,1.083156704902649,XGBoost,Prediction,Train
643,2025-05-31,P003,0.6935608983039856,XGBoost,Prediction,Train
644,2025-06-01,P003,4.7856926918029785,XGBoost,Prediction,Train
645,2025-06-02,P003,5.211864948272705,XGBoost,Prediction,Train
646,2025-06-03,P003,0.7029169201850891,XGBoost,Prediction,Train
647,2025-06-04,P003,0.6295954585075378,XGBoost,Prediction,Train
648,2025-06-05,P003,0.6811640858650208,XGBoost,Prediction,Train
649,2025-06-06,P003,1.951369285583496,XGBoost,Prediction,Train
650,2025-06-07,P003,0.6320204138755798,XGBoost,Prediction,Train
651,2025-06-08,P003,2.6477620601654053,XGBoost,Prediction,Train
652,2025-06-09,P003,0.8476967811584473,XGBoost,Prediction,Train
653,2025-06-10,P003,1.162508845329285,XGBoost,Prediction,Train
654,2025-06-11,P003,1.9528905153274536,XGBoost,Prediction,Train
655,2025-06-12,P003,2.413082361221313,XGBoost,Prediction,Train
656,2025-06-13,P003,4.558055877685547,XGBoost,Prediction,Train
657,2025-06-14,P003,0.9190601110458374,XGBoost,Prediction,Train
658,2025-06-15,P003,1.0316920280456543,XGBoost,Prediction,Train
659,2025-06-16,P003,0.7063462734222412,XGBoost,Prediction,Train
660,2025-06-17,P003,1.6829229593276978,XGBoost,Prediction,Train
661,2025-06-18,P003,0.8880734443664551,XGBoost,Prediction,Train
662,2025-06-19,P003,3.168668270111084,XGBoost,Prediction,Train
663,2025-06-20,P003,3.476246118545532,XGBoost,Prediction,Train
664,2025-06-21,P003,2.442425012588501,XGBoost,Prediction,Train
665,2025-06-22,P003,3.764772891998291,XGBoost,Prediction,Train
666,2025-06-23,P003,1.006053447723389,XGBoost,Prediction,Train
667,2025-06-24,P003,4.11783504486084,XGBoost,Prediction,Train
668,2025-06-25,P003,1.9581124782562256,XGBoost,Prediction,Train
669,2025-06-26,P003,1.0878217220306396,XGBoost,Prediction,Train
670,2025-06-27,P003,5.178946495056152,XGBoost,Prediction,Train
671,2025-06-28,P003,0.9014260172843932,XGBoost,Prediction,Train
672,2025-06-29,P003,2.744511365890503,XGBoost,Prediction,Train
673,2025-06-30,P003,4.687417507171631,XGBoost,Prediction,Train
674,2025-07-01,P003,2.553201913833618,XGBoost,Prediction,Train
675,2025-07-02,P003,1.8852870464324951,XGBoost,Prediction,Train
676,2025-07-03,P003,1.0862869024276731,XGBoost,Prediction,Train
677,2025-07-04,P003,0.6794242858886719,XGBoost,Prediction,Train
678,2025-07-05,P003,0.9304972887039183,XGBoost,Prediction,Train
679,2025-07-06,P003,1.0065207481384275,XGBoost,Prediction,Train
680,2025-07-07,P003,3.178687572479248,XGBoost,Prediction,Train
681,2025-07-08,P003,3.6491005420684814,XGBoost,Prediction,Train
682,2025-07-09,P003,0.6737231612205505,XGBoost,Prediction,Train
683,2025-07-10,P003,3.8682143688201904,XGBoost,Prediction,Train
684,2025-07-11,P003,1.0148085355758667,XGBoost,Prediction,Train
685,2025-07-12,P003,0.7897014021873474,XGBoost,Prediction,Train
686,2025-07-13,P003,3.981876134872437,XGBoost,Prediction,Train
687,2025-07-14,P003,4.642364025115967,XGBoost,Prediction,Train
688,2025-07-15,P003,1.520175576210022,XGBoost,Prediction,Train
689,2025-07-16,P003,1.2787293195724487,XGBoost,Prediction,Train
690,2025-07-17,P003,1.862759232521057,XGBoost,Prediction,Train
691,2025-07-18,P003,0.5845575332641602,XGBoost,Prediction,Train
692,2025-07-19,P003,1.3219588994979858,XGBoost,Prediction,Train
693,2025-07-20,P003,0.6620309948921204,XGBoost,Prediction,Train
694,2025-07-21,P003,1.677257776260376,XGBoost,Prediction,Train
695,2025-07-22,P003,0.9905856847763062,XGBoost,Prediction,Train
696,2025-07-23,P003,0.6183505058288574,XGBoost,Prediction,Train
697,2025-07-24,P003,4.558313369750977,XGBoost,Prediction,Train
698,2025-07-25,P003,4.499557018280029,XGBoost,Prediction,Train
699,2025-07-26,P003,2.4371867179870605,XGBoost,Prediction,Train
700,2025-07-27,P003,0.9266376495361328,XGBoost,Prediction,Train
701,2025-07-28,P003,1.6736992597579956,XGBoost,Prediction,Train
702,2025-07-29,P003,1.8371537923812864,XGBoost,Prediction,Train
703,2025-07-30,P003,1.8129628896713257,XGBoost,Prediction,Train
704,2025-07-31,P003,0.7460322976112366,XGBoost,Prediction,Train
705,2025-08-01,P003,2.4547252655029297,XGBoost,Prediction,Train
706,2025-08-02,P003,0.9732581973075868,XGBoost,Prediction,Train
707,2025-08-03,P003,1.9523955583572388,XGBoost,Prediction,Train
708,2025-08-04,P003,1.2328792810440063,XGBoost,Prediction,Train
709,2025-08-05,P003,1.8770384788513184,XGBoost,Prediction,Train
710,2025-08-06,P003,0.7247865796089172,XGBoost,Prediction,Train
711,2025-08-07,P003,0.6145363450050354,XGBoost,Prediction,Train
712,2025-08-08,P003,0.6650931239128113,XGBoost,Prediction,Train
713,2025-08-09,P003,3.369264602661133,XGBoost,Prediction,Train
714,2025-08-10,P003,0.6632483005523682,XGBoost,Prediction,Train
715,2025-08-11,P003,1.8856134414672847,XGBoost,Prediction,Train
716,2025-08-12,P003,1.1943529844284058,XGBoost,Prediction,Train
717,2025-08-13,P003,1.1028258800506592,XGBoost,Prediction,Train
718,2025-08-14,P003,0.961571991443634,XGBoost,Prediction,Train
719,2025-08-15,P003,0.7256830334663391,XGBoost,Prediction,Train
720,2025-08-16,P003,3.4906234741210938,XGBoost,Prediction,Train
721,2025-08-17,P003,0.8611684441566467,XGBoost,Prediction,Train
722,2025-08-18,P003,0.7685988545417786,XGBoost,Prediction,Train
723,2025-08-19,P003,0.5003321170806885,XGBoost,Prediction,Train
724,2025-08-20,P003,2.367295026779175,XGBoost,Prediction,Train
725,2025-08-21,P003,3.763415813446045,XGBoost,Prediction,Train
726,2025-08-22,P003,2.4293735027313232,XGBoost,Prediction,Train
727,2025-08-23,P003,1.2389553785324097,XGBoost,Prediction,Train
728,2025-08-24,P003,3.976891040802002,XGBoost,Prediction,Train
729,2025-08-25,P003,2.953509569168091,XGBoost,Prediction,Train
730,2025-08-26,P003,1.2256420850753784,XGBoost,Prediction,Train
731,2025-08-27,P003,0.9186252951622008,XGBoost,Prediction,Train
732,2025-08-28,P003,2.728703260421753,XGBoost,Prediction,Train
733,2025-08-29,P003,0.8940512537956238,XGBoost,Prediction,Train
734,2025-08-30,P003,3.562617540359497,XGBoost,Prediction,Train
735,2025-08-31,P003,4.804342269897461,XGBoost,Prediction,Train
736,2025-09-01,P003,0.6740255951881409,XGBoost,Prediction,Train
737,2025-09-02,P003,4.170612812042236,XGBoost,Prediction,Train
738,2025-09-03,P003,2.5510802268981934,XGBoost,Prediction,Train
739,2025-09-04,P003,3.1323983669281006,XGBoost,Prediction,Train
740,2025-09-05,P003,1.0086073875427246,XGBoost,Prediction,Train
741,2025-09-06,P003,0.97018301486969,XGBoost,Prediction,Train
742,2025-09-07,P003,2.6431398391723637,XGBoost,Prediction,Train
743,2025-09-08,P003,2.432990312576294,XGBoost,Prediction,Train
744,2025-09-09,P003,2.3648266792297363,XGBoost,Prediction,Train
745,2025-09-10,P003,0.5995745658874512,XGBoost,Prediction,Train
746,2025-09-11,P003,0.7543147206306458,XGBoost,Prediction,Train
747,2025-09-12,P003,1.091483473777771,XGBoost,Prediction,Train
748,2025-09-13,P003,3.248605489730835,XGBoost,Prediction,Train
749,2025-09-14,P003,0.9178054928779602,XGBoost,Prediction,Train
750,2025-01-08,P004,0.4693258702754974,XGBoost,Prediction,Train
751,2025-01-09,P004,1.930392265319824,XGBoost,Prediction,Train
752,2025-01-10,P004,0.7607433199882507,XGBoost,Prediction,Train
753,2025-01-11,P004,1.1683560609817505,XGBoost,Prediction,Train
754,2025-01-12,P004,4.945249080657959,XGBoost,Prediction,Train
755,2025-01-13,P004,2.0221152305603027,XGBoost,Prediction,Train
756,2025-01-14,P004,0.9598119854927064,XGBoost,Prediction,Train
757,2025-01-15,P004,4.168597221374512,XGBoost,Prediction,Train
758,2025-01-16,P004,2.54803729057312,XGBoost,Prediction,Train
759,2025-01-17,P004,1.3883193731307983,XGBoost,Prediction,Train
760,2025-01-18,P004,2.009463310241699,XGBoost,Prediction,Train
761,2025-01-19,P004,2.0975706577301025,XGBoost,Prediction,Train
762,2025-01-20,P004,1.9902241230010984,XGBoost,Prediction,Train
763,2025-01-21,P004,4.005712032318115,XGBoost,Prediction,Train
764,2025-01-22,P004,3.230191946029663,XGBoost,Prediction,Train
765,2025-01-23,P004,2.495935678482056,XGBoost,Prediction,Train
766,2025-01-24,P004,0.967358648777008,XGBoost,Prediction,Train
767,2025-01-25,P004,0.5718516707420349,XGBoost,Prediction,Train
768,2025-01-26,P004,1.042242407798767,XGBoost,Prediction,Train
769,2025-01-27,P004,3.8340563774108887,XGBoost,Prediction,Train
770,2025-01-28,P004,1.3453645706176758,XGBoost,Prediction,Train
771,2025-01-29,P004,2.069908618927002,XGBoost,Prediction,Train
772,2025-01-30,P004,0.5262854695320129,XGBoost,Prediction,Train
773,2025-01-31,P004,1.302825689315796,XGBoost,Prediction,Train
774,2025-02-01,P004,6.011387348175049,XGBoost,Prediction,Train
775,2025-02-02,P004,2.849681854248047,XGBoost,Prediction,Train
776,2025-02-03,P004,1.842934250831604,XGBoost,Prediction,Train
777,2025-02-04,P004,2.762808561325073,XGBoost,Prediction,Train
778,2025-02-05,P004,0.9743674397468568,XGBoost,Prediction,Train
779,2025-02-06,P004,2.475548505783081,XGBoost,Prediction,Train
780,2025-02-07,P004,3.906064510345459,XGBoost,Prediction,Train
781,2025-02-08,P004,0.5473418831825256,XGBoost,Prediction,Train
782,2025-02-09,P004,1.574267864227295,XGBoost,Prediction,Train
783,2025-02-10,P004,2.095888614654541,XGBoost,Prediction,Train
784,2025-02-11,P004,3.295188665390014,XGBoost,Prediction,Train
785,2025-02-12,P004,1.2700490951538086,XGBoost,Prediction,Train
786,2025-02-13,P004,4.728813648223877,XGBoost,Prediction,Train
787,2025-02-14,P004,4.095041751861572,XGBoost,Prediction,Train
788,2025-02-15,P004,3.793062210083008,XGBoost,Prediction,Train
789,2025-02-16,P004,4.88815975189209,XGBoost,Prediction,Train
790,2025-02-17,P004,0.9180498123168944,XGBoost,Prediction,Train
791,2025-02-18,P004,0.7376768589019775,XGBoost,Prediction,Train
792,2025-02-19,P004,1.781735897064209,XGBoost,Prediction,Train
793,2025-02-20,P004,2.1447231769561768,XGBoost,Prediction,Train
794,2025-02-21,P004,0.9875027537345886,XGBoost,Prediction,Train
795,2025-02-22,P004,2.061487197875977,XGBoost,Prediction,Train
796,2025-02-23,P004,1.828397274017334,XGBoost,Prediction,Train
797,2025-02-24,P004,0.8829110860824585,XGBoost,Prediction,Train
798,2025-02-25,P004,4.656879425048828,XGBoost,Prediction,Train
799,2025-02-26,P004,1.2666726112365725,XGBoost,Prediction,Train
800,2025-02-27,P004,0.9573569297790528,XGBoost,Prediction,Train
801,2025-02-28,P004,3.7851874828338623,XGBoost,Prediction,Train
802,2025-03-01,P004,0.6871495246887207,XGBoost,Prediction,Train
803,2025-03-02,P004,1.0781972408294678,XGBoost,Prediction,Train
804,2025-03-03,P004,3.501823902130127,XGBoost,Prediction,Train
805,2025-03-04,P004,4.541794300079346,XGBoost,Prediction,Train
806,2025-03-05,P004,2.5961132049560547,XGBoost,Prediction,Train
807,2025-03-06,P004,1.3741474151611328,XGBoost,Prediction,Train
808,2025-03-07,P004,0.7970311045646667,XGBoost,Prediction,Train
809,2025-03-08,P004,0.8400006890296936,XGBoost,Prediction,Train
810,2025-03-09,P004,0.8720049262046814,XGBoost,Prediction,Train
811,2025-03-10,P004,3.5096325874328613,XGBoost,Prediction,Train
812,2025-03-11,P004,4.605727672576904,XGBoost,Prediction,Train
813,2025-03-12,P004,1.213788986206055,XGBoost,Prediction,Train
814,2025-03-13,P004,0.8973842859268188,XGBoost,Prediction,Train
815,2025-03-14,P004,5.103886604309082,XGBoost,Prediction,Train
816,2025-03-15,P004,2.6356987953186035,XGBoost,Prediction,Train
817,2025-03-16,P004,1.345649003982544,XGBoost,Prediction,Train
818,2025-03-17,P004,2.809443712234497,XGBoost,Prediction,Train
819,2025-03-18,P004,0.7363063097000122,XGBoost,Prediction,Train
820,2025-03-19,P004,1.8484259843826292,XGBoost,Prediction,Train
821,2025-03-20,P004,4.718425750732422,XGBoost,Prediction,Train
822,2025-03-21,P004,2.365485906600952,XGBoost,Prediction,Train
823,2025-03-22,P004,0.7099730968475342,XGBoost,Prediction,Train
824,2025-03-23,P004,1.7796088457107544,XGBoost,Prediction,Train
825,2025-03-24,P004,0.5228180289268494,XGBoost,Prediction,Train
826,2025-03-25,P004,3.695059299468994,XGBoost,Prediction,Train
827,2025-03-26,P004,5.338090896606445,XGBoost,Prediction,Train
828,2025-03-27,P004,3.749474048614502,XGBoost,Prediction,Train
829,2025-03-28,P004,3.0402772426605225,XGBoost,Prediction,Train
830,2025-03-29,P004,0.8004806041717529,XGBoost,Prediction,Train
831,2025-03-30,P004,0.9331942796707152,XGBoost,Prediction,Train
832,2025-03-31,P004,2.6963210105896,XGBoost,Prediction,Train
833,2025-04-01,P004,2.657825469970703,XGBoost,Prediction,Train
834,2025-04-02,P004,3.928344488143921,XGBoost,Prediction,Train
835,2025-04-03,P004,1.9410549402236936,XGBoost,Prediction,Train
836,2025-04-04,P004,2.051569938659668,XGBoost,Prediction,Train
837,2025-04-05,P004,4.171857833862305,XGBoost,Prediction,Train
838,2025-04-06,P004,0.7281142473220825,XGBoost,Prediction,Train
839,2025-04-07,P004,2.028742790222168,XGBoost,Prediction,Train
840,2025-04-08,P004,2.4553558826446533,XGBoost,Prediction,Train
841,2025-04-09,P004,1.363315463066101,XGBoost,Prediction,Train
842,2025-04-10,P004,0.8384870290756226,XGBoost,Prediction,Train
843,2025-04-11,P004,2.712147951126098,XGBoost,Prediction,Train
844,2025-04-12,P004,5.765228748321533,XGBoost,Prediction,Train
845,2025-04-13,P004,2.583707809448242,XGBoost,Prediction,Train
846,2025-04-14,P004,2.059377431869507,XGBoost,Prediction,Train
847,2025-04-15,P004,4.965559005737305,XGBoost,Prediction,Train
848,2025-04-16,P004,1.088690161705017,XGBoost,Prediction,Train
849,2025-04-17,P004,0.9683024883270264,XGBoost,Prediction,Train
850,2025-04-18,P004,0.6309699416160583,XGBoost,Prediction,Train
851,2025-04-19,P004,3.2940673828125,XGBoost,Prediction,Train
852,2025-04-20,P004,2.2911298274993896,XGBoost,Prediction,Train
853,2025-04-21,P004,1.4410418272018433,XGBoost,Prediction,Train
854,2025-04-22,P004,2.072506904602051,XGBoost,Prediction,Train
855,2025-04-23,P004,1.0839742422103882,XGBoost,Prediction,Train
856,2025-04-24,P004,2.681792736053467,XGBoost,Prediction,Train
857,2025-04-25,P004,4.04855489730835,XGBoost,Prediction,Train
858,2025-04-26,P004,1.3358511924743652,XGBoost,Prediction,Train
859,2025-04-27,P004,2.649876594543457,XGBoost,Prediction,Train
860,2025-04-28,P004,1.1113334894180298,XGBoost,Prediction,Train
861,2025-04-29,P004,0.7094847559928894,XGBoost,Prediction,Train
862,2025-04-30,P004,1.310227870941162,XGBoost,Prediction,Train
863,2025-05-01,P004,1.5565650463104248,XGBoost,Prediction,Train
864,2025-05-02,P004,2.9275035858154297,XGBoost,Prediction,Train
865,2025-05-03,P004,2.6795547008514404,XGBoost,Prediction,Train
866,2025-05-04,P004,6.155292987823486,XGBoost,Prediction,Train
867,2025-05-05,P004,2.053472757339477,XGBoost,Prediction,Train
868,2025-05-06,P004,2.6378653049468994,XGBoost,Prediction,Train
869,2025-05-07,P004,0.6895917654037476,XGBoost,Prediction,Train
870,2025-05-08,P004,1.8289885520935056,XGBoost,Prediction,Train
871,2025-05-09,P004,2.0691351890563965,XGBoost,Prediction,Train
872,2025-05-10,P004,0.9659546613693236,XGBoost,Prediction,Train
873,2025-05-11,P004,2.845136404037476,XGBoost,Prediction,Train
874,2025-05-12,P004,1.05962336063385,XGBoost,Prediction,Train
875,2025-05-13,P004,1.8525357246398928,XGBoost,Prediction,Train
876,2025-05-14,P004,4.350174903869629,XGBoost,Prediction,Train
877,2025-05-15,P004,1.801256537437439,XGBoost,Prediction,Train
878,2025-05-16,P004,2.114123821258545,XGBoost,Prediction,Train
879,2025-05-17,P004,1.030628681182861,XGBoost,Prediction,Train
880,2025-05-18,P004,1.0604097843170166,XGBoost,Prediction,Train
881,2025-05-19,P004,1.1214772462844849,XGBoost,Prediction,Train
882,2025-05-20,P004,0.6090628504753113,XGBoost,Prediction,Train
883,2025-05-21,P004,0.8077846169471741,XGBoost,Prediction,Train
884,2025-05-22,P004,0.6894614696502686,XGBoost,Prediction,Train
885,2025-05-23,P004,3.289954900741577,XGBoost,Prediction,Train
886,2025-05-24,P004,4.063046455383301,XGBoost,Prediction,Train
887,2025-05-25,P004,1.3173648118972778,XGBoost,Prediction,Train
888,2025-05-26,P004,2.7192397117614746,XGBoost,Prediction,Train
889,2025-05-27,P004,4.766141414642334,XGBoost,Prediction,Train
890,2025-05-28,P004,5.590404033660889,XGBoost,Prediction,Train
891,2025-05-29,P004,1.6967542171478271,XGBoost,Prediction,Train
892,2025-05-30,P004,0.7602025270462036,XGBoost,Prediction,Train
893,2025-05-31,P004,0.7280176281929016,XGBoost,Prediction,Train
894,2025-06-01,P004,2.700345039367676,XGBoost,Prediction,Train
895,2025-06-02,P004,1.3925453424453735,XGBoost,Prediction,Train
896,2025-06-03,P004,2.7646753787994385,XGBoost,Prediction,Train
897,2025-06-04,P004,1.9407676458358765,XGBoost,Prediction,Train
898,2025-06-05,P004,4.228884220123291,XGBoost,Prediction,Train
899,2025-06-06,P004,1.3631787300109863,XGBoost,Prediction,Train
900,2025-06-07,P004,1.0111602544784546,XGBoost,Prediction,Train
901,2025-06-08,P004,1.1336437463760376,XGBoost,Prediction,Train
902,2025-06-09,P004,1.4802738428115845,XGBoost,Prediction,Train
903,2025-06-10,P004,0.7467340230941772,XGBoost,Prediction,Train
904,2025-06-11,P004,3.868961095809937,XGBoost,Prediction,Train
905,2025-06-12,P004,2.320343255996704,XGBoost,Prediction,Train
906,2025-06-13,P004,5.523482322692871,XGBoost,Prediction,Train
907,2025-06-14,P004,2.9044923782348637,XGBoost,Prediction,Train
908,2025-06-15,P004,4.095312118530273,XGBoost,Prediction,Train
909,2025-06-16,P004,4.777824401855469,XGBoost,Prediction,Train
910,2025-06-17,P004,1.8069528341293333,XGBoost,Prediction,Train
911,2025-06-18,P004,0.9402305483818054,XGBoost,Prediction,Train
912,2025-06-19,P004,3.1952784061431885,XGBoost,Prediction,Train
913,2025-06-20,P004,0.7400731444358826,XGBoost,Prediction,Train
914,2025-06-21,P004,0.7805280685424805,XGBoost,Prediction,Train
915,2025-06-22,P004,4.2321062088012695,XGBoost,Prediction,Train
916,2025-06-23,P004,0.8061513900756836,XGBoost,Prediction,Train
917,2025-06-24,P004,1.4097344875335691,XGBoost,Prediction,Train
918,2025-06-25,P004,0.8390480875968933,XGBoost,Prediction,Train
919,2025-06-26,P004,2.77216911315918,XGBoost,Prediction,Train
920,2025-06-27,P004,1.2933940887451172,XGBoost,Prediction,Train
921,2025-06-28,P004,1.8678629398345947,XGBoost,Prediction,Train
922,2025-06-29,P004,5.477787017822266,XGBoost,Prediction,Train
923,2025-06-30,P004,3.566031217575073,XGBoost,Prediction,Train
924,2025-07-01,P004,0.8212282061576843,XGBoost,Prediction,Train
925,2025-07-02,P004,0.9236115217208862,XGBoost,Prediction,Train
926,2025-07-03,P004,0.8498504161834717,XGBoost,Prediction,Train
927,2025-07-04,P004,2.50810980796814,XGBoost,Prediction,Train
928,2025-07-05,P004,0.911229133605957,XGBoost,Prediction,Train
929,2025-07-06,P004,1.4581629037857056,XGBoost,Prediction,Train
930,2025-07-07,P004,4.831650257110596,XGBoost,Prediction,Train
931,2025-07-08,P004,1.0575040578842163,XGBoost,Prediction,Train
932,2025-07-09,P004,0.9383994340896606,XGBoost,Prediction,Train
933,2025-07-10,P004,1.329554796218872,XGBoost,Prediction,Train
934,2025-07-11,P004,3.4749348163604736,XGBoost,Prediction,Train
935,2025-07-12,P004,0.6319376826286316,XGBoost,Prediction,Train
936,2025-07-13,P004,0.8803004026412964,XGBoost,Prediction,Train
937,2025-07-14,P004,2.8328254222869877,XGBoost,Prediction,Train
938,2025-07-15,P004,1.9822767972946167,XGBoost,Prediction,Train
939,2025-07-16,P004,2.6554155349731445,XGBoost,Prediction,Train
940,2025-07-17,P004,3.480785131454468,XGBoost,Prediction,Train
941,2025-07-18,P004,1.8746541738510127,XGBoost,Prediction,Train
942,2025-07-19,P004,5.255043983459473,XGBoost,Prediction,Train
943,2025-07-20,P004,0.9526612162590028,XGBoost,Prediction,Train
944,2025-07-21,P004,2.7743427753448486,XGBoost,Prediction,Train
945,2025-07-22,P004,2.699343681335449,XGBoost,Prediction,Train
946,2025-07-23,P004,1.5106018781661987,XGBoost,Prediction,Train
947,2025-07-24,P004,2.88361930847168,XGBoost,Prediction,Train
948,2025-07-25,P004,1.8597902059555051,XGBoost,Prediction,Train
949,2025-07-26,P004,1.8067493438720703,XGBoost,Prediction,Train
950,2025-07-27,P004,2.6500043869018555,XGBoost,Prediction,Train
951,2025-07-28,P004,2.64965558052063,XGBoost,Prediction,Train
952,2025-07-29,P004,2.866173505783081,XGBoost,Prediction,Train
953,2025-07-30,P004,0.8186270594596863,XGBoost,Prediction,Train
954,2025-07-31,P004,1.11922287940979,XGBoost,Prediction,Train
955,2025-08-01,P004,4.330530166625977,XGBoost,Prediction,Train
956,2025-08-02,P004,2.0411078929901123,XGBoost,Prediction,Train
957,2025-08-03,P004,0.9583972096443176,XGBoost,Prediction,Train
958,2025-08-04,P004,4.822572231292725,XGBoost,Prediction,Train
959,2025-08-05,P004,0.9220770597457886,XGBoost,Prediction,Train
960,2025-08-06,P004,1.3744642734527588,XGBoost,Prediction,Train
961,2025-08-07,P004,1.4567365646362305,XGBoost,Prediction,Train
962,2025-08-08,P004,0.5091670751571655,XGBoost,Prediction,Train
963,2025-08-09,P004,1.8250620365142824,XGBoost,Prediction,Train
964,2025-08-10,P004,4.024985313415527,XGBoost,Prediction,Train
965,2025-08-11,P004,3.39699935913086,XGBoost,Prediction,Train
966,2025-08-12,P004,1.2625839710235596,XGBoost,Prediction,Train
967,2025-08-13,P004,1.330273151397705,XGBoost,Prediction,Train
968,2025-08-14,P004,0.6737974286079407,XGBoost,Prediction,Train
969,2025-08-15,P004,0.8621960878372192,XGBoost,Prediction,Train
970,2025-08-16,P004,2.5594868659973145,XGBoost,Prediction,Train
971,2025-08-17,P004,1.5854052305221558,XGBoost,Prediction,Train
972,2025-08-18,P004,1.1671022176742554,XGBoost,Prediction,Train
973,2025-08-19,P004,0.9946128129959106,XGBoost,Prediction,Train
974,2025-08-20,P004,0.5580936670303345,XGBoost,Prediction,Train
975,2025-08-21,P004,4.7882609367370605,XGBoost,Prediction,Train
976,2025-08-22,P004,2.9838171005249023,XGBoost,Prediction,Train
977,2025-08-23,P004,4.114575386047363,XGBoost,Prediction,Train
978,2025-08-24,P004,0.8094303011894226,XGBoost,Prediction,Train
979,2025-08-25,P004,2.7424540519714355,XGBoost,Prediction,Train
980,2025-08-26,P004,0.9989556074142456,XGBoost,Prediction,Train
981,2025-08-27,P004,1.251616597175598,XGBoost,Prediction,Train
982,2025-08-28,P004,4.571771144866943,XGBoost,Prediction,Train
983,2025-08-29,P004,0.7532763481140137,XGBoost,Prediction,Train
984,2025-08-30,P004,3.263589859008789,XGBoost,Prediction,Train
985,2025-08-31,P004,3.764676570892334,XGBoost,Prediction,Train
986,2025-09-01,P004,3.6617627143859854,XGBoost,Prediction,Train
987,2025-09-02,P004,2.888622760772705,XGBoost,Prediction,Train
988,2025-09-03,P004,1.266159176826477,XGBoost,Prediction,Train
989,2025-09-04,P004,1.3345142602920532,XGBoost,Prediction,Train
990,2025-09-05,P004,1.2472988367080688,XGBoost,Prediction,Train
991,2025-09-06,P004,0.7781524658203125,XGBoost,Prediction,Train
992,2025-09-07,P004,0.8447136282920837,XGBoost,Prediction,Train
993,2025-09-08,P004,3.913078784942627,XGBoost,Prediction,Train
994,2025-09-09,P004,1.4261072874069214,XGBoost,Prediction,Train
995,2025-09-10,P004,1.125383377075195,XGBoost,Prediction,Train
996,2025-09-11,P004,2.944596529006958,XGBoost,Prediction,Train
997,2025-09-12,P004,1.106795072555542,XGBoost,Prediction,Train
998,2025-09-13,P004,3.352425098419189,XGBoost,Prediction,Train
999,2025-09-14,P004,1.189183473587036,XGBoost,Prediction,Train
1000,2025-01-08,P005,1.0685406923294067,XGBoost,Prediction,Train
1001,2025-01-09,P005,1.8899741172790527,XGBoost,Prediction,Train
1002,2025-01-10,P005,2.5693628787994385,XGBoost,Prediction,Train
1003,2025-01-11,P005,1.1072108745574951,XGBoost,Prediction,Train
1004,2025-01-12,P005,0.9634066820144652,XGBoost,Prediction,Train
1005,2025-01-13,P005,2.805556297302246,XGBoost,Prediction,Train
1006,2025-01-14,P005,1.0199034214019775,XGBoost,Prediction,Train
1007,2025-01-15,P005,1.986390471458435,XGBoost,Prediction,Train
1008,2025-01-16,P005,2.4974050521850586,XGBoost,Prediction,Train
1009,2025-01-17,P005,0.8361409902572632,XGBoost,Prediction,Train
1010,2025-01-18,P005,3.183173418045044,XGBoost,Prediction,Train
1011,2025-01-19,P005,2.6681101322174072,XGBoost,Prediction,Train
1012,2025-01-20,P005,3.144076108932495,XGBoost,Prediction,Train
1013,2025-01-21,P005,1.5439627170562744,XGBoost,Prediction,Train
1014,2025-01-22,P005,1.2004482746124268,XGBoost,Prediction,Train
1015,2025-01-23,P005,2.487394332885742,XGBoost,Prediction,Train
1016,2025-01-24,P005,5.07499885559082,XGBoost,Prediction,Train
1017,2025-01-25,P005,0.609669029712677,XGBoost,Prediction,Train
1018,2025-01-26,P005,1.004852294921875,XGBoost,Prediction,Train
1019,2025-01-27,P005,0.784961462020874,XGBoost,Prediction,Train
1020,2025-01-28,P005,1.1469112634658811,XGBoost,Prediction,Train
1021,2025-01-29,P005,1.8725619316101076,XGBoost,Prediction,Train
1022,2025-01-30,P005,0.9443261623382568,XGBoost,Prediction,Train
1023,2025-01-31,P005,2.614389419555664,XGBoost,Prediction,Train
1024,2025-02-01,P005,0.51421058177948,XGBoost,Prediction,Train
1025,2025-02-02,P005,0.8698596358299255,XGBoost,Prediction,Train
1026,2025-02-03,P005,1.0599740743637085,XGBoost,Prediction,Train
1027,2025-02-04,P005,2.2912189960479736,XGBoost,Prediction,Train
1028,2025-02-05,P005,1.0862420797348022,XGBoost,Prediction,Train
1029,2025-02-06,P005,0.736275315284729,XGBoost,Prediction,Train
1030,2025-02-07,P005,2.6960930824279785,XGBoost,Prediction,Train
1031,2025-02-08,P005,2.507054090499878,XGBoost,Prediction,Train
1032,2025-02-09,P005,0.8328589797019958,XGBoost,Prediction,Train
1033,2025-02-10,P005,0.5641965270042419,XGBoost,Prediction,Train
1034,2025-02-11,P005,1.0016945600509644,XGBoost,Prediction,Train
1035,2025-02-12,P005,0.9149003028869628,XGBoost,Prediction,Train
1036,2025-02-13,P005,0.8435380458831787,XGBoost,Prediction,Train
1037,2025-02-14,P005,0.8394457101821899,XGBoost,Prediction,Train
1038,2025-02-15,P005,2.7760467529296875,XGBoost,Prediction,Train
1039,2025-02-16,P005,1.1732957363128662,XGBoost,Prediction,Train
1040,2025-02-17,P005,0.8382607698440552,XGBoost,Prediction,Train
1041,2025-02-18,P005,0.567314088344574,XGBoost,Prediction,Train
1042,2025-02-19,P005,1.988384246826172,XGBoost,Prediction,Train
1043,2025-02-20,P005,1.9682179689407349,XGBoost,Prediction,Train
1044,2025-02-21,P005,2.697018384933472,XGBoost,Prediction,Train
1045,2025-02-22,P005,1.8453502655029297,XGBoost,Prediction,Train
1046,2025-02-23,P005,2.9791135787963867,XGBoost,Prediction,Train
1047,2025-02-24,P005,0.7632911205291748,XGBoost,Prediction,Train
1048,2025-02-25,P005,5.360196590423584,XGBoost,Prediction,Train
1049,2025-02-26,P005,2.725288152694702,XGBoost,Prediction,Train
1050,2025-02-27,P005,2.642564296722412,XGBoost,Prediction,Train
1051,2025-02-28,P005,0.9508710503578186,XGBoost,Prediction,Train
1052,2025-03-01,P005,2.5552783012390137,XGBoost,Prediction,Train
1053,2025-03-02,P005,2.727213144302368,XGBoost,Prediction,Train
1054,2025-03-03,P005,2.8330564498901367,XGBoost,Prediction,Train
1055,2025-03-04,P005,2.765714168548584,XGBoost,Prediction,Train
1056,2025-03-05,P005,4.464456558227539,XGBoost,Prediction,Train
1057,2025-03-06,P005,3.148765563964844,XGBoost,Prediction,Train
1058,2025-03-07,P005,0.4032086431980133,XGBoost,Prediction,Train
1059,2025-03-08,P005,1.1262270212173462,XGBoost,Prediction,Train
1060,2025-03-09,P005,2.5507235527038574,XGBoost,Prediction,Train
1061,2025-03-10,P005,1.0810606479644775,XGBoost,Prediction,Train
1062,2025-03-11,P005,0.5868026614189148,XGBoost,Prediction,Train
1063,2025-03-12,P005,0.9387325644493104,XGBoost,Prediction,Train
1064,2025-03-13,P005,0.3706813156604767,XGBoost,Prediction,Train
1065,2025-03-14,P005,0.947688102722168,XGBoost,Prediction,Train
1066,2025-03-15,P005,2.55558443069458,XGBoost,Prediction,Train
1067,2025-03-16,P005,2.860702514648437,XGBoost,Prediction,Train
1068,2025-03-17,P005,2.716010093688965,XGBoost,Prediction,Train
1069,2025-03-18,P005,4.638570785522461,XGBoost,Prediction,Train
1070,2025-03-19,P005,2.0280864238739014,XGBoost,Prediction,Train
1071,2025-03-20,P005,1.3620619773864746,XGBoost,Prediction,Train
1072,2025-03-21,P005,2.689795732498169,XGBoost,Prediction,Train
1073,2025-03-22,P005,1.9442200660705569,XGBoost,Prediction,Train
1074,2025-03-23,P005,2.4657583236694336,XGBoost,Prediction,Train
1075,2025-03-24,P005,3.9632315635681152,XGBoost,Prediction,Train
1076,2025-03-25,P005,3.3345255851745605,XGBoost,Prediction,Train
1077,2025-03-26,P005,4.0028486251831055,XGBoost,Prediction,Train
1078,2025-03-27,P005,0.6352167129516602,XGBoost,Prediction,Train
1079,2025-03-28,P005,1.2467485666275024,XGBoost,Prediction,Train
1080,2025-03-29,P005,0.4272401630878448,XGBoost,Prediction,Train
1081,2025-03-30,P005,0.9259373545646667,XGBoost,Prediction,Train
1082,2025-03-31,P005,1.4237726926803589,XGBoost,Prediction,Train
1083,2025-04-01,P005,1.8827404975891116,XGBoost,Prediction,Train
1084,2025-04-02,P005,3.8940794467926025,XGBoost,Prediction,Train
1085,2025-04-03,P005,2.682856559753418,XGBoost,Prediction,Train
1086,2025-04-04,P005,1.9365592002868648,XGBoost,Prediction,Train
1087,2025-04-05,P005,1.1345796585083008,XGBoost,Prediction,Train
1088,2025-04-06,P005,0.6167144179344177,XGBoost,Prediction,Train
1089,2025-04-07,P005,0.6601242423057556,XGBoost,Prediction,Train
1090,2025-04-08,P005,0.6385725736618042,XGBoost,Prediction,Train
1091,2025-04-09,P005,1.131247878074646,XGBoost,Prediction,Train
1092,2025-04-10,P005,3.853912353515625,XGBoost,Prediction,Train
1093,2025-04-11,P005,0.9882996678352356,XGBoost,Prediction,Train
1094,2025-04-12,P005,4.107645988464356,XGBoost,Prediction,Train
1095,2025-04-13,P005,1.1722021102905271,XGBoost,Prediction,Train
1096,2025-04-14,P005,0.8440753817558289,XGBoost,Prediction,Train
1097,2025-04-15,P005,0.5159708261489868,XGBoost,Prediction,Train
1098,2025-04-16,P005,2.846621036529541,XGBoost,Prediction,Train
1099,2025-04-17,P005,2.716351270675659,XGBoost,Prediction,Train
1100,2025-04-18,P005,0.4876284599304199,XGBoost,Prediction,Train
1101,2025-04-19,P005,3.4609405994415283,XGBoost,Prediction,Train
1102,2025-04-20,P005,2.629133462905884,XGBoost,Prediction,Train
1103,2025-04-21,P005,1.369484305381775,XGBoost,Prediction,Train
1104,2025-04-22,P005,2.703134298324585,XGBoost,Prediction,Train
1105,2025-04-23,P005,0.9437665939331056,XGBoost,Prediction,Train
1106,2025-04-24,P005,0.8745931386947632,XGBoost,Prediction,Train
1107,2025-04-25,P005,2.010231733322144,XGBoost,Prediction,Train
1108,2025-04-26,P005,2.006609916687012,XGBoost,Prediction,Train
1109,2025-04-27,P005,3.4401602745056152,XGBoost,Prediction,Train
1110,2025-04-28,P005,0.8493686318397522,XGBoost,Prediction,Train
1111,2025-04-29,P005,0.8106011748313904,XGBoost,Prediction,Train
1112,2025-04-30,P005,0.5405767560005188,XGBoost,Prediction,Train
1113,2025-05-01,P005,3.948972463607788,XGBoost,Prediction,Train
1114,2025-05-02,P005,0.9076829552650452,XGBoost,Prediction,Train
1115,2025-05-03,P005,3.704789876937866,XGBoost,Prediction,Train
1116,2025-05-04,P005,2.6551570892333984,XGBoost,Prediction,Train
1117,2025-05-05,P005,0.9000896215438843,XGBoost,Prediction,Train
1118,2025-05-06,P005,0.6710482239723206,XGBoost,Prediction,Train
1119,2025-05-07,P005,0.6325739026069641,XGBoost,Prediction,Train
1120,2025-05-08,P005,2.450547456741333,XGBoost,Prediction,Train
1121,2025-05-09,P005,4.435426712036133,XGBoost,Prediction,Train
1122,2025-05-10,P005,2.1787362098693848,XGBoost,Prediction,Train
1123,2025-05-11,P005,1.9453381299972532,XGBoost,Prediction,Train
1124,2025-05-12,P005,2.4128687381744385,XGBoost,Prediction,Train
1125,2025-05-13,P005,1.69621741771698,XGBoost,Prediction,Train
1126,2025-05-14,P005,2.730823278427124,XGBoost,Prediction,Train
1127,2025-05-15,P005,1.92776358127594,XGBoost,Prediction,Train
1128,2025-05-16,P005,0.8642468452453613,XGBoost,Prediction,Train
1129,2025-05-17,P005,1.8642969131469729,XGBoost,Prediction,Train
1130,2025-05-18,P005,1.6702783107757568,XGBoost,Prediction,Train
1131,2025-05-19,P005,0.3950284421443939,XGBoost,Prediction,Train
1132,2025-05-20,P005,0.7991467714309692,XGBoost,Prediction,Train
1133,2025-05-21,P005,3.318239688873291,XGBoost,Prediction,Train
1134,2025-05-22,P005,1.7742563486099243,XGBoost,Prediction,Train
1135,2025-05-23,P005,3.359640598297119,XGBoost,Prediction,Train
1136,2025-05-24,P005,4.568634033203125,XGBoost,Prediction,Train
1137,2025-05-25,P005,0.8304604887962341,XGBoost,Prediction,Train
1138,2025-05-26,P005,0.6097039580345154,XGBoost,Prediction,Train
1139,2025-05-27,P005,1.9119709730148315,XGBoost,Prediction,Train
1140,2025-05-28,P005,0.767072856426239,XGBoost,Prediction,Train
1141,2025-05-29,P005,2.7930922508239746,XGBoost,Prediction,Train
1142,2025-05-30,P005,3.6502139568328857,XGBoost,Prediction,Train
1143,2025-05-31,P005,2.0341992378234863,XGBoost,Prediction,Train
1144,2025-06-01,P005,1.3938641548156738,XGBoost,Prediction,Train
1145,2025-06-02,P005,3.7834837436676025,XGBoost,Prediction,Train
1146,2025-06-03,P005,0.9565535187721252,XGBoost,Prediction,Train
1147,2025-06-04,P005,3.2462949752807617,XGBoost,Prediction,Train
1148,2025-06-05,P005,0.7524592280387878,XGBoost,Prediction,Train
1149,2025-06-06,P005,0.5794891119003296,XGBoost,Prediction,Train
1150,2025-06-07,P005,0.972517430782318,XGBoost,Prediction,Train
1151,2025-06-08,P005,0.3460992574691772,XGBoost,Prediction,Train
1152,2025-06-09,P005,1.707587957382202,XGBoost,Prediction,Train
1153,2025-06-10,P005,2.667147636413574,XGBoost,Prediction,Train
1154,2025-06-11,P005,4.239148139953613,XGBoost,Prediction,Train
1155,2025-06-12,P005,1.089792251586914,XGBoost,Prediction,Train
1156,2025-06-13,P005,2.356442451477051,XGBoost,Prediction,Train
1157,2025-06-14,P005,0.865143358707428,XGBoost,Prediction,Train
1158,2025-06-15,P005,2.5814568996429443,XGBoost,Prediction,Train
1159,2025-06-16,P005,0.9013882279396056,XGBoost,Prediction,Train
1160,2025-06-17,P005,0.51447594165802,XGBoost,Prediction,Train
1161,2025-06-18,P005,1.2481038570404053,XGBoost,Prediction,Train
1162,2025-06-19,P005,2.9165728092193604,XGBoost,Prediction,Train
1163,2025-06-20,P005,4.2619452476501465,XGBoost,Prediction,Train
1164,2025-06-21,P005,1.2382928133010864,XGBoost,Prediction,Train
1165,2025-06-22,P005,0.7127626538276672,XGBoost,Prediction,Train
1166,2025-06-23,P005,0.6337467432022095,XGBoost,Prediction,Train
1167,2025-06-24,P005,4.794469356536865,XGBoost,Prediction,Train
1168,2025-06-25,P005,2.6883792877197266,XGBoost,Prediction,Train
1169,2025-06-26,P005,1.3171682357788086,XGBoost,Prediction,Train
1170,2025-06-27,P005,5.694421768188477,XGBoost,Prediction,Train
1171,2025-06-28,P005,2.537107229232788,XGBoost,Prediction,Train
1172,2025-06-29,P005,0.6833576560020447,XGBoost,Prediction,Train
1173,2025-06-30,P005,1.087532877922058,XGBoost,Prediction,Train
1174,2025-07-01,P005,2.0850143432617188,XGBoost,Prediction,Train
1175,2025-07-02,P005,0.6876295804977417,XGBoost,Prediction,Train
1176,2025-07-03,P005,0.6501417756080627,XGBoost,Prediction,Train
1177,2025-07-04,P005,0.7370142340660095,XGBoost,Prediction,Train
1178,2025-07-05,P005,2.039737701416016,XGBoost,Prediction,Train
1179,2025-07-06,P005,4.212155342102051,XGBoost,Prediction,Train
1180,2025-07-07,P005,2.433180570602417,XGBoost,Prediction,Train
1181,2025-07-08,P005,1.2567812204360962,XGBoost,Prediction,Train
1182,2025-07-09,P005,1.2144486904144287,XGBoost,Prediction,Train
1183,2025-07-10,P005,0.412988930940628,XGBoost,Prediction,Train
1184,2025-07-11,P005,3.235631227493286,XGBoost,Prediction,Train
1185,2025-07-12,P005,2.0457825660705566,XGBoost,Prediction,Train
1186,2025-07-13,P005,0.9391825199127196,XGBoost,Prediction,Train
1187,2025-07-14,P005,0.774636447429657,XGBoost,Prediction,Train
1188,2025-07-15,P005,3.4297220706939697,XGBoost,Prediction,Train
1189,2025-07-16,P005,0.7267961502075195,XGBoost,Prediction,Train
1190,2025-07-17,P005,2.532062292098999,XGBoost,Prediction,Train
1191,2025-07-18,P005,1.2294069528579712,XGBoost,Prediction,Train
1192,2025-07-19,P005,0.8713399767875671,XGBoost,Prediction,Train
1193,2025-07-20,P005,0.7430750727653503,XGBoost,Prediction,Train
1194,2025-07-21,P005,4.064612865447998,XGBoost,Prediction,Train
1195,2025-07-22,P005,5.499695301055908,XGBoost,Prediction,Train
1196,2025-07-23,P005,0.7744786143302917,XGBoost,Prediction,Train
1197,2025-07-24,P005,1.3850948810577393,XGBoost,Prediction,Train
1198,2025-07-25,P005,2.5840790271759038,XGBoost,Prediction,Train
1199,2025-07-26,P005,0.4564447700977325,XGBoost,Prediction,Train
1200,2025-07-27,P005,3.0294594764709477,XGBoost,Prediction,Train
1201,2025-07-28,P005,1.0530736446380615,XGBoost,Prediction,Train
1202,2025-07-29,P005,3.4138638973236084,XGBoost,Prediction,Train
1203,2025-07-30,P005,0.8857052326202393,XGBoost,Prediction,Train
1204,2025-07-31,P005,1.918147325515747,XGBoost,Prediction,Train
1205,2025-08-01,P005,0.6436709761619568,XGBoost,Prediction,Train
1206,2025-08-02,P005,0.9109880924224854,XGBoost,Prediction,Train
1207,2025-08-03,P005,1.1461392641067505,XGBoost,Prediction,Train
1208,2025-08-04,P005,2.147137403488159,XGBoost,Prediction,Train
1209,2025-08-05,P005,2.7740817070007324,XGBoost,Prediction,Train
1210,2025-08-06,P005,1.0937831401824951,XGBoost,Prediction,Train
1211,2025-08-07,P005,3.1122968196868896,XGBoost,Prediction,Train
1212,2025-08-08,P005,0.5753463506698608,XGBoost,Prediction,Train
1213,2025-08-09,P005,3.3273754119873047,XGBoost,Prediction,Train
1214,2025-08-10,P005,2.044894933700561,XGBoost,Prediction,Train
1215,2025-08-11,P005,4.024540901184082,XGBoost,Prediction,Train
1216,2025-08-12,P005,2.705713987350464,XGBoost,Prediction,Train
1217,2025-08-13,P005,0.6588270664215088,XGBoost,Prediction,Train
1218,2025-08-14,P005,0.8645379543304443,XGBoost,Prediction,Train
1219,2025-08-15,P005,0.6542445421218872,XGBoost,Prediction,Train
1220,2025-08-16,P005,2.590301275253296,XGBoost,Prediction,Train
1221,2025-08-17,P005,5.867640495300293,XGBoost,Prediction,Train
1222,2025-08-18,P005,2.0071017742156982,XGBoost,Prediction,Train
1223,2025-08-19,P005,1.6635611057281494,XGBoost,Prediction,Train
1224,2025-08-20,P005,0.8436358571052551,XGBoost,Prediction,Train
1225,2025-08-21,P005,0.5258917212486267,XGBoost,Prediction,Train
1226,2025-08-22,P005,2.5638585090637207,XGBoost,Prediction,Train
1227,2025-08-23,P005,3.89929723739624,XGBoost,Prediction,Train
1228,2025-08-24,P005,1.962380290031433,XGBoost,Prediction,Train
1229,2025-08-25,P005,1.978888750076294,XGBoost,Prediction,Train
1230,2025-08-26,P005,1.9367809295654297,XGBoost,Prediction,Train
1231,2025-08-27,P005,0.8639048933982849,XGBoost,Prediction,Train
1232,2025-08-28,P005,0.9216390252113342,XGBoost,Prediction,Train
1233,2025-08-29,P005,0.5802544951438904,XGBoost,Prediction,Train
1234,2025-08-30,P005,3.8957245349884033,XGBoost,Prediction,Train
1235,2025-08-31,P005,2.691223621368408,XGBoost,Prediction,Train
1236,2025-09-01,P005,2.7644712924957275,XGBoost,Prediction,Train
1237,2025-09-02,P005,1.536160945892334,XGBoost,Prediction,Train
1238,2025-09-03,P005,2.539892673492432,XGBoost,Prediction,Train
1239,2025-09-04,P005,2.4059505462646484,XGBoost,Prediction,Train
1240,2025-09-05,P005,1.8697597980499268,XGBoost,Prediction,Train
1241,2025-09-06,P005,4.098188400268555,XGBoost,Prediction,Train
1242,2025-09-07,P005,0.8030785322189331,XGBoost,Prediction,Train
1243,2025-09-08,P005,3.674431800842285,XGBoost,Prediction,Train
1244,2025-09-09,P005,1.3739943504333496,XGBoost,Prediction,Train
1245,2025-09-10,P005,2.4724009037017822,XGBoost,Prediction,Train
1246,2025-09-11,P005,0.435328334569931,XGBoost,Prediction,Train
1247,2025-09-12,P005,0.8183857798576355,XGBoost,Prediction,Train
1248,2025-09-13,P005,1.2009721994400024,XGBoost,Prediction,Train
1249,2025-09-14,P005,0.9528897404670716,XGBoost,Prediction,Train
1250,2025-01-08,P006,4.918848037719727,XGBoost,Prediction,Train
1251,2025-01-09,P006,0.4023291170597076,XGBoost,Prediction,Train
1252,2025-01-10,P006,4.201212406158447,XGBoost,Prediction,Train
1253,2025-01-11,P006,1.10502827167511,XGBoost,Prediction,Train
1254,2025-01-12,P006,2.554359197616577,XGBoost,Prediction,Train
1255,2025-01-13,P006,0.8064658641815186,XGBoost,Prediction,Train
1256,2025-01-14,P006,3.7169864177703857,XGBoost,Prediction,Train
1257,2025-01-15,P006,2.0068254470825195,XGBoost,Prediction,Train
1258,2025-01-16,P006,0.6047217845916748,XGBoost,Prediction,Train
1259,2025-01-17,P006,1.074658989906311,XGBoost,Prediction,Train
1260,2025-01-18,P006,2.1090757846832275,XGBoost,Prediction,Train
1261,2025-01-19,P006,1.3992940187454224,XGBoost,Prediction,Train
1262,2025-01-20,P006,1.9578598737716677,XGBoost,Prediction,Train
1263,2025-01-21,P006,2.5817344188690186,XGBoost,Prediction,Train
1264,2025-01-22,P006,1.4693384170532229,XGBoost,Prediction,Train
1265,2025-01-23,P006,2.040690898895264,XGBoost,Prediction,Train
1266,2025-01-24,P006,1.920844912528992,XGBoost,Prediction,Train
1267,2025-01-25,P006,0.8891757130622864,XGBoost,Prediction,Train
1268,2025-01-26,P006,0.5319633483886719,XGBoost,Prediction,Train
1269,2025-01-27,P006,2.214000940322876,XGBoost,Prediction,Train
1270,2025-01-28,P006,1.766121506690979,XGBoost,Prediction,Train
1271,2025-01-29,P006,3.004310846328736,XGBoost,Prediction,Train
1272,2025-01-30,P006,0.8460054397583008,XGBoost,Prediction,Train
1273,2025-01-31,P006,1.0947532653808594,XGBoost,Prediction,Train
1274,2025-02-01,P006,1.1034449338912964,XGBoost,Prediction,Train
1275,2025-02-02,P006,1.132021188735962,XGBoost,Prediction,Train
1276,2025-02-03,P006,0.8907601237297058,XGBoost,Prediction,Train
1277,2025-02-04,P006,0.6566947102546692,XGBoost,Prediction,Train
1278,2025-02-05,P006,2.613043546676636,XGBoost,Prediction,Train
1279,2025-02-06,P006,4.92612361907959,XGBoost,Prediction,Train
1280,2025-02-07,P006,0.5151816010475159,XGBoost,Prediction,Train
1281,2025-02-08,P006,0.513053834438324,XGBoost,Prediction,Train
1282,2025-02-09,P006,0.9819736480712892,XGBoost,Prediction,Train
1283,2025-02-10,P006,0.727885901927948,XGBoost,Prediction,Train
1284,2025-02-11,P006,1.8327553272247317,XGBoost,Prediction,Train
1285,2025-02-12,P006,0.7560203075408936,XGBoost,Prediction,Train
1286,2025-02-13,P006,1.1144660711288452,XGBoost,Prediction,Train
1287,2025-02-14,P006,3.149574041366577,XGBoost,Prediction,Train
1288,2025-02-15,P006,2.6551215648651123,XGBoost,Prediction,Train
1289,2025-02-16,P006,1.3729143142700195,XGBoost,Prediction,Train
1290,2025-02-17,P006,0.635517954826355,XGBoost,Prediction,Train
1291,2025-02-18,P006,0.5560941696166992,XGBoost,Prediction,Train
1292,2025-02-19,P006,3.145249128341675,XGBoost,Prediction,Train
1293,2025-02-20,P006,4.156904697418213,XGBoost,Prediction,Train
1294,2025-02-21,P006,1.0160173177719116,XGBoost,Prediction,Train
1295,2025-02-22,P006,1.242488980293274,XGBoost,Prediction,Train
1296,2025-02-23,P006,4.569311618804932,XGBoost,Prediction,Train
1297,2025-02-24,P006,1.8898847103118896,XGBoost,Prediction,Train
1298,2025-02-25,P006,1.0357846021652222,XGBoost,Prediction,Train
1299,2025-02-26,P006,2.5833685398101807,XGBoost,Prediction,Train
1300,2025-02-27,P006,1.046428918838501,XGBoost,Prediction,Train
1301,2025-02-28,P006,2.165670394897461,XGBoost,Prediction,Train
1302,2025-03-01,P006,0.8022619485855103,XGBoost,Prediction,Train
1303,2025-03-02,P006,2.0442614555358887,XGBoost,Prediction,Train
1304,2025-03-03,P006,3.440061330795288,XGBoost,Prediction,Train
1305,2025-03-04,P006,1.2641812562942505,XGBoost,Prediction,Train
1306,2025-03-05,P006,1.47893488407135,XGBoost,Prediction,Train
1307,2025-03-06,P006,2.580813407897949,XGBoost,Prediction,Train
1308,2025-03-07,P006,4.643279075622559,XGBoost,Prediction,Train
1309,2025-03-08,P006,1.7845932245254517,XGBoost,Prediction,Train
1310,2025-03-09,P006,2.7743375301361084,XGBoost,Prediction,Train
1311,2025-03-10,P006,1.9095197916030884,XGBoost,Prediction,Train
1312,2025-03-11,P006,1.068522572517395,XGBoost,Prediction,Train
1313,2025-03-12,P006,1.8943687677383425,XGBoost,Prediction,Train
1314,2025-03-13,P006,1.231864094734192,XGBoost,Prediction,Train
1315,2025-03-14,P006,1.237666368484497,XGBoost,Prediction,Train
1316,2025-03-15,P006,0.8009006381034851,XGBoost,Prediction,Train
1317,2025-03-16,P006,1.2011703252792358,XGBoost,Prediction,Train
1318,2025-03-17,P006,1.153806209564209,XGBoost,Prediction,Train
1319,2025-03-18,P006,0.8370772004127502,XGBoost,Prediction,Train
1320,2025-03-19,P006,2.612513303756714,XGBoost,Prediction,Train
1321,2025-03-20,P006,1.164596438407898,XGBoost,Prediction,Train
1322,2025-03-21,P006,2.67390251159668,XGBoost,Prediction,Train
1323,2025-03-22,P006,1.8435651063919067,XGBoost,Prediction,Train
1324,2025-03-23,P006,2.592958688735962,XGBoost,Prediction,Train
1325,2025-03-24,P006,3.264410972595215,XGBoost,Prediction,Train
1326,2025-03-25,P006,2.3729512691497803,XGBoost,Prediction,Train
1327,2025-03-26,P006,4.642507553100586,XGBoost,Prediction,Train
1328,2025-03-27,P006,1.8502237796783447,XGBoost,Prediction,Train
1329,2025-03-28,P006,1.8065673112869265,XGBoost,Prediction,Train
1330,2025-03-29,P006,2.536284685134888,XGBoost,Prediction,Train
1331,2025-03-30,P006,0.6873931288719177,XGBoost,Prediction,Train
1332,2025-03-31,P006,0.5477439165115356,XGBoost,Prediction,Train
1333,2025-04-01,P006,1.385856866836548,XGBoost,Prediction,Train
1334,2025-04-02,P006,1.4291479587554932,XGBoost,Prediction,Train
1335,2025-04-03,P006,4.123672008514404,XGBoost,Prediction,Train
1336,2025-04-04,P006,1.4304428100585938,XGBoost,Prediction,Train
1337,2025-04-05,P006,4.3478617668151855,XGBoost,Prediction,Train
1338,2025-04-06,P006,0.6895944476127625,XGBoost,Prediction,Train
1339,2025-04-07,P006,0.7237557768821716,XGBoost,Prediction,Train
1340,2025-04-08,P006,1.7804261445999146,XGBoost,Prediction,Train
1341,2025-04-09,P006,1.9578278064727783,XGBoost,Prediction,Train
1342,2025-04-10,P006,0.8167478442192078,XGBoost,Prediction,Train
1343,2025-04-11,P006,1.848746657371521,XGBoost,Prediction,Train
1344,2025-04-12,P006,3.061992883682251,XGBoost,Prediction,Train
1345,2025-04-13,P006,4.980379104614258,XGBoost,Prediction,Train
1346,2025-04-14,P006,0.5978298783302307,XGBoost,Prediction,Train
1347,2025-04-15,P006,1.0403318405151367,XGBoost,Prediction,Train
1348,2025-04-16,P006,1.0057114362716677,XGBoost,Prediction,Train
1349,2025-04-17,P006,0.7631615996360779,XGBoost,Prediction,Train
1350,2025-04-18,P006,1.1021493673324585,XGBoost,Prediction,Train
1351,2025-04-19,P006,2.670903205871582,XGBoost,Prediction,Train
1352,2025-04-20,P006,0.7519695162773132,XGBoost,Prediction,Train
1353,2025-04-21,P006,1.747939109802246,XGBoost,Prediction,Train
1354,2025-04-22,P006,2.313654661178589,XGBoost,Prediction,Train
1355,2025-04-23,P006,4.025801181793213,XGBoost,Prediction,Train
1356,2025-04-24,P006,0.6890969276428223,XGBoost,Prediction,Train
1357,2025-04-25,P006,0.6720515489578247,XGBoost,Prediction,Train
1358,2025-04-26,P006,0.9138057827949524,XGBoost,Prediction,Train
1359,2025-04-27,P006,2.759435176849365,XGBoost,Prediction,Train
1360,2025-04-28,P006,1.964851975440979,XGBoost,Prediction,Train
1361,2025-04-29,P006,1.1216434240341189,XGBoost,Prediction,Train
1362,2025-04-30,P006,1.6269084215164185,XGBoost,Prediction,Train
1363,2025-05-01,P006,0.8181012868881226,XGBoost,Prediction,Train
1364,2025-05-02,P006,0.901703417301178,XGBoost,Prediction,Train
1365,2025-05-03,P006,0.6316016316413879,XGBoost,Prediction,Train
1366,2025-05-04,P006,3.80271053314209,XGBoost,Prediction,Train
1367,2025-05-05,P006,1.960709810256958,XGBoost,Prediction,Train
1368,2025-05-06,P006,0.7234216928482056,XGBoost,Prediction,Train
1369,2025-05-07,P006,0.7009717226028442,XGBoost,Prediction,Train
1370,2025-05-08,P006,1.775305986404419,XGBoost,Prediction,Train
1371,2025-05-09,P006,3.4288485050201416,XGBoost,Prediction,Train
1372,2025-05-10,P006,1.3569124937057495,XGBoost,Prediction,Train
1373,2025-05-11,P006,1.3044859170913696,XGBoost,Prediction,Train
1374,2025-05-12,P006,0.8450055122375488,XGBoost,Prediction,Train
1375,2025-05-13,P006,5.456147193908691,XGBoost,Prediction,Train
1376,2025-05-14,P006,2.554527997970581,XGBoost,Prediction,Train
1377,2025-05-15,P006,1.057140827178955,XGBoost,Prediction,Train
1378,2025-05-16,P006,2.602868795394897,XGBoost,Prediction,Train
1379,2025-05-17,P006,3.138602495193481,XGBoost,Prediction,Train
1380,2025-05-18,P006,0.6587376594543457,XGBoost,Prediction,Train
1381,2025-05-19,P006,3.155280351638794,XGBoost,Prediction,Train
1382,2025-05-20,P006,4.147876739501953,XGBoost,Prediction,Train
1383,2025-05-21,P006,2.6563351154327397,XGBoost,Prediction,Train
1384,2025-05-22,P006,1.977849364280701,XGBoost,Prediction,Train
1385,2025-05-23,P006,1.3733566999435425,XGBoost,Prediction,Train
1386,2025-05-24,P006,2.162205219268799,XGBoost,Prediction,Train
1387,2025-05-25,P006,4.061105728149414,XGBoost,Prediction,Train
1388,2025-05-26,P006,0.5950999855995178,XGBoost,Prediction,Train
1389,2025-05-27,P006,0.4931381046772003,XGBoost,Prediction,Train
1390,2025-05-28,P006,0.9899972677230836,XGBoost,Prediction,Train
1391,2025-05-29,P006,0.6362538933753967,XGBoost,Prediction,Train
1392,2025-05-30,P006,1.7074466943740845,XGBoost,Prediction,Train
1393,2025-05-31,P006,5.002120971679688,XGBoost,Prediction,Train
1394,2025-06-01,P006,1.3484991788864136,XGBoost,Prediction,Train
1395,2025-06-02,P006,1.247539758682251,XGBoost,Prediction,Train
1396,2025-06-03,P006,2.068614959716797,XGBoost,Prediction,Train
1397,2025-06-04,P006,5.214649677276611,XGBoost,Prediction,Train
1398,2025-06-05,P006,0.7086030840873718,XGBoost,Prediction,Train
1399,2025-06-06,P006,1.0538651943206787,XGBoost,Prediction,Train
1400,2025-06-07,P006,0.6710382699966431,XGBoost,Prediction,Train
1401,2025-06-08,P006,0.7463800311088562,XGBoost,Prediction,Train
1402,2025-06-09,P006,1.0935715436935425,XGBoost,Prediction,Train
1403,2025-06-10,P006,1.0628553628921509,XGBoost,Prediction,Train
1404,2025-06-11,P006,0.692448616027832,XGBoost,Prediction,Train
1405,2025-06-12,P006,2.7343194484710693,XGBoost,Prediction,Train
1406,2025-06-13,P006,2.572321891784668,XGBoost,Prediction,Train
1407,2025-06-14,P006,1.2470378875732422,XGBoost,Prediction,Train
1408,2025-06-15,P006,1.0257967710494995,XGBoost,Prediction,Train
1409,2025-06-16,P006,1.8098349571228027,XGBoost,Prediction,Train
1410,2025-06-17,P006,0.854736864566803,XGBoost,Prediction,Train
1411,2025-06-18,P006,2.5598721504211426,XGBoost,Prediction,Train
1412,2025-06-19,P006,0.4954800009727478,XGBoost,Prediction,Train
1413,2025-06-20,P006,2.5668885707855225,XGBoost,Prediction,Train
1414,2025-06-21,P006,2.030533790588379,XGBoost,Prediction,Train
1415,2025-06-22,P006,0.7664452195167542,XGBoost,Prediction,Train
1416,2025-06-23,P006,1.0401906967163086,XGBoost,Prediction,Train
1417,2025-06-24,P006,1.6516227722167969,XGBoost,Prediction,Train
1418,2025-06-25,P006,2.1225171089172363,XGBoost,Prediction,Train
1419,2025-06-26,P006,2.620770215988159,XGBoost,Prediction,Train
1420,2025-06-27,P006,4.00303316116333,XGBoost,Prediction,Train
1421,2025-06-28,P006,1.2462612390518188,XGBoost,Prediction,Train
1422,2025-06-29,P006,3.860719680786133,XGBoost,Prediction,Train
1423,2025-06-30,P006,2.478774070739746,XGBoost,Prediction,Train
1424,2025-07-01,P006,1.051207423210144,XGBoost,Prediction,Train
1425,2025-07-02,P006,2.595954179763794,XGBoost,Prediction,Train
1426,2025-07-03,P006,1.1943854093551636,XGBoost,Prediction,Train
1427,2025-07-04,P006,0.6908321976661682,XGBoost,Prediction,Train
1428,2025-07-05,P006,2.56547474861145,XGBoost,Prediction,Train
1429,2025-07-06,P006,3.92621111869812,XGBoost,Prediction,Train
1430,2025-07-07,P006,1.3810395002365112,XGBoost,Prediction,Train
1431,2025-07-08,P006,3.7834553718566895,XGBoost,Prediction,Train
1432,2025-07-09,P006,0.5641706585884094,XGBoost,Prediction,Train
1433,2025-07-10,P006,4.950202941894531,XGBoost,Prediction,Train
1434,2025-07-11,P006,0.751299262046814,XGBoost,Prediction,Train
1435,2025-07-12,P006,1.984096884727478,XGBoost,Prediction,Train
1436,2025-07-13,P006,1.1957430839538574,XGBoost,Prediction,Train
1437,2025-07-14,P006,2.55592942237854,XGBoost,Prediction,Train
1438,2025-07-15,P006,1.2304788827896118,XGBoost,Prediction,Train
1439,2025-07-16,P006,1.951837182044983,XGBoost,Prediction,Train
1440,2025-07-17,P006,0.7055012583732605,XGBoost,Prediction,Train
1441,2025-07-18,P006,0.8984392881393433,XGBoost,Prediction,Train
1442,2025-07-19,P006,2.6202988624572754,XGBoost,Prediction,Train
1443,2025-07-20,P006,0.644516110420227,XGBoost,Prediction,Train
1444,2025-07-21,P006,2.4249441623687744,XGBoost,Prediction,Train
1445,2025-07-22,P006,1.538987159729004,XGBoost,Prediction,Train
1446,2025-07-23,P006,3.085535049438477,XGBoost,Prediction,Train
1447,2025-07-24,P006,1.9086180925369265,XGBoost,Prediction,Train
1448,2025-07-25,P006,0.6221529841423035,XGBoost,Prediction,Train
1449,2025-07-26,P006,0.7374388575553894,XGBoost,Prediction,Train
1450,2025-07-27,P006,1.749040126800537,XGBoost,Prediction,Train
1451,2025-07-28,P006,0.819937527179718,XGBoost,Prediction,Train
1452,2025-07-29,P006,3.99845814704895,XGBoost,Prediction,Train
1453,2025-07-30,P006,1.3537448644638062,XGBoost,Prediction,Train
1454,2025-07-31,P006,0.9353927373886108,XGBoost,Prediction,Train
1455,2025-08-01,P006,1.831740140914917,XGBoost,Prediction,Train
1456,2025-08-02,P006,1.811336636543274,XGBoost,Prediction,Train
1457,2025-08-03,P006,4.061654567718506,XGBoost,Prediction,Train
1458,2025-08-04,P006,0.7117048501968384,XGBoost,Prediction,Train
1459,2025-08-05,P006,1.812055706977844,XGBoost,Prediction,Train
1460,2025-08-06,P006,4.389376163482666,XGBoost,Prediction,Train
1461,2025-08-07,P006,0.5611009001731873,XGBoost,Prediction,Train
1462,2025-08-08,P006,0.7951319217681885,XGBoost,Prediction,Train
1463,2025-08-09,P006,0.8484640717506409,XGBoost,Prediction,Train
1464,2025-08-10,P006,5.679261207580566,XGBoost,Prediction,Train
1465,2025-08-11,P006,2.6377599239349365,XGBoost,Prediction,Train
1466,2025-08-12,P006,5.76117467880249,XGBoost,Prediction,Train
1467,2025-08-13,P006,3.748739004135132,XGBoost,Prediction,Train
1468,2025-08-14,P006,0.7772368788719177,XGBoost,Prediction,Train
1469,2025-08-15,P006,0.765995979309082,XGBoost,Prediction,Train
1470,2025-08-16,P006,2.6902201175689697,XGBoost,Prediction,Train
1471,2025-08-17,P006,3.4123780727386475,XGBoost,Prediction,Train
1472,2025-08-18,P006,1.8261244297027588,XGBoost,Prediction,Train
1473,2025-08-19,P006,1.0557050704956057,XGBoost,Prediction,Train
1474,2025-08-20,P006,0.8577534556388855,XGBoost,Prediction,Train
1475,2025-08-21,P006,1.132283329963684,XGBoost,Prediction,Train
1476,2025-08-22,P006,0.972219467163086,XGBoost,Prediction,Train
1477,2025-08-23,P006,3.696513175964356,XGBoost,Prediction,Train
1478,2025-08-24,P006,6.133730888366699,XGBoost,Prediction,Train
1479,2025-08-25,P006,3.914884090423584,XGBoost,Prediction,Train
1480,2025-08-26,P006,5.111454963684082,XGBoost,Prediction,Train
1481,2025-08-27,P006,2.734300136566162,XGBoost,Prediction,Train
1482,2025-08-28,P006,1.9692978858947756,XGBoost,Prediction,Train
1483,2025-08-29,P006,0.6287218332290649,XGBoost,Prediction,Train
1484,2025-08-30,P006,0.4228938817977905,XGBoost,Prediction,Train
1485,2025-08-31,P006,2.7083022594451904,XGBoost,Prediction,Train
1486,2025-09-01,P006,2.61309552192688,XGBoost,Prediction,Train
1487,2025-09-02,P006,2.506110668182373,XGBoost,Prediction,Train
1488,2025-09-03,P006,1.8130725622177124,XGBoost,Prediction,Train
1489,2025-09-04,P006,2.22658634185791,XGBoost,Prediction,Train
1490,2025-09-05,P006,0.7361489534378052,XGBoost,Prediction,Train
1491,2025-09-06,P006,0.7536230683326721,XGBoost,Prediction,Train
1492,2025-09-07,P006,0.987141489982605,XGBoost,Prediction,Train
1493,2025-09-08,P006,3.2729122638702397,XGBoost,Prediction,Train
1494,2025-09-09,P006,6.149602890014648,XGBoost,Prediction,Train
1495,2025-09-10,P006,0.5968425273895264,XGBoost,Prediction,Train
1496,2025-09-11,P006,0.7608432173728943,XGBoost,Prediction,Train
1497,2025-09-12,P006,0.7757775783538818,XGBoost,Prediction,Train
1498,2025-09-13,P006,0.8298300504684448,XGBoost,Prediction,Train
1499,2025-09-14,P006,1.2885229587554932,XGBoost,Prediction,Train
1500,2025-01-08,P007,0.6194277405738831,XGBoost,Prediction,Train
1501,2025-01-09,P007,1.1733717918395996,XGBoost,Prediction,Train
1502,2025-01-10,P007,2.2525453567504883,XGBoost,Prediction,Train
1503,2025-01-11,P007,4.55118465423584,XGBoost,Prediction,Train
1504,2025-01-12,P007,3.423222303390503,XGBoost,Prediction,Train
1505,2025-01-13,P007,2.684948444366455,XGBoost,Prediction,Train
1506,2025-01-14,P007,3.194505214691162,XGBoost,Prediction,Train
1507,2025-01-15,P007,0.9676896929740906,XGBoost,Prediction,Train
1508,2025-01-16,P007,0.5587425231933594,XGBoost,Prediction,Train
1509,2025-01-17,P007,1.0800111293792725,XGBoost,Prediction,Train
1510,2025-01-18,P007,2.58736515045166,XGBoost,Prediction,Train
1511,2025-01-19,P007,2.023821353912353,XGBoost,Prediction,Train
1512,2025-01-20,P007,0.9011816382408142,XGBoost,Prediction,Train
1513,2025-01-21,P007,3.144704818725586,XGBoost,Prediction,Train
1514,2025-01-22,P007,0.8158252835273743,XGBoost,Prediction,Train
1515,2025-01-23,P007,1.4233406782150269,XGBoost,Prediction,Train
1516,2025-01-24,P007,2.6865475177764893,XGBoost,Prediction,Train
1517,2025-01-25,P007,0.6198151111602783,XGBoost,Prediction,Train
1518,2025-01-26,P007,0.8273196220397949,XGBoost,Prediction,Train
1519,2025-01-27,P007,0.9205426573753356,XGBoost,Prediction,Train
1520,2025-01-28,P007,1.423937439918518,XGBoost,Prediction,Train
1521,2025-01-29,P007,1.134760499000549,XGBoost,Prediction,Train
1522,2025-01-30,P007,4.841681003570557,XGBoost,Prediction,Train
1523,2025-01-31,P007,2.802297115325928,XGBoost,Prediction,Train
1524,2025-02-01,P007,2.174535036087036,XGBoost,Prediction,Train
1525,2025-02-02,P007,1.3877713680267334,XGBoost,Prediction,Train
1526,2025-02-03,P007,1.827106595039368,XGBoost,Prediction,Train
1527,2025-02-04,P007,1.9619673490524288,XGBoost,Prediction,Train
1528,2025-02-05,P007,0.9689478278160096,XGBoost,Prediction,Train
1529,2025-02-06,P007,1.5321332216262815,XGBoost,Prediction,Train
1530,2025-02-07,P007,2.681000232696533,XGBoost,Prediction,Train
1531,2025-02-08,P007,0.7345662117004395,XGBoost,Prediction,Train
1532,2025-02-09,P007,0.998648762702942,XGBoost,Prediction,Train
1533,2025-02-10,P007,2.6058151721954346,XGBoost,Prediction,Train
1534,2025-02-11,P007,0.532751739025116,XGBoost,Prediction,Train
1535,2025-02-12,P007,1.0569050312042236,XGBoost,Prediction,Train
1536,2025-02-13,P007,5.285542964935303,XGBoost,Prediction,Train
1537,2025-02-14,P007,2.838216543197632,XGBoost,Prediction,Train
1538,2025-02-15,P007,5.228436470031738,XGBoost,Prediction,Train
1539,2025-02-16,P007,2.759485006332397,XGBoost,Prediction,Train
1540,2025-02-17,P007,2.631591796875,XGBoost,Prediction,Train
1541,2025-02-18,P007,0.7888698577880859,XGBoost,Prediction,Train
1542,2025-02-19,P007,4.41541051864624,XGBoost,Prediction,Train
1543,2025-02-20,P007,3.5695481300354004,XGBoost,Prediction,Train
1544,2025-02-21,P007,2.8636505603790283,XGBoost,Prediction,Train
1545,2025-02-22,P007,2.0375747680664062,XGBoost,Prediction,Train
1546,2025-02-23,P007,2.6950368881225586,XGBoost,Prediction,Train
1547,2025-02-24,P007,3.9973232746124263,XGBoost,Prediction,Train
1548,2025-02-25,P007,1.5770989656448364,XGBoost,Prediction,Train
1549,2025-02-26,P007,1.4322038888931274,XGBoost,Prediction,Train
1550,2025-02-27,P007,2.6594645977020264,XGBoost,Prediction,Train
1551,2025-02-28,P007,0.7630143165588379,XGBoost,Prediction,Train
1552,2025-03-01,P007,5.1856794357299805,XGBoost,Prediction,Train
1553,2025-03-02,P007,1.3697484731674194,XGBoost,Prediction,Train
1554,2025-03-03,P007,2.066800832748413,XGBoost,Prediction,Train
1555,2025-03-04,P007,2.769639253616333,XGBoost,Prediction,Train
1556,2025-03-05,P007,1.3131914138793943,XGBoost,Prediction,Train
1557,2025-03-06,P007,1.0758739709854126,XGBoost,Prediction,Train
1558,2025-03-07,P007,0.967717945575714,XGBoost,Prediction,Train
1559,2025-03-08,P007,2.475975275039673,XGBoost,Prediction,Train
1560,2025-03-09,P007,3.38174819946289,XGBoost,Prediction,Train
1561,2025-03-10,P007,0.8119077682495117,XGBoost,Prediction,Train
1562,2025-03-11,P007,0.5859934091567993,XGBoost,Prediction,Train
1563,2025-03-12,P007,2.0840539932250977,XGBoost,Prediction,Train
1564,2025-03-13,P007,0.875900387763977,XGBoost,Prediction,Train
1565,2025-03-14,P007,2.5073506832122803,XGBoost,Prediction,Train
1566,2025-03-15,P007,3.121617555618286,XGBoost,Prediction,Train
1567,2025-03-16,P007,1.864912033081055,XGBoost,Prediction,Train
1568,2025-03-17,P007,1.7204328775405884,XGBoost,Prediction,Train
1569,2025-03-18,P007,4.588661193847656,XGBoost,Prediction,Train
1570,2025-03-19,P007,2.7412261962890625,XGBoost,Prediction,Train
1571,2025-03-20,P007,3.77999496459961,XGBoost,Prediction,Train
1572,2025-03-21,P007,1.5648300647735596,XGBoost,Prediction,Train
1573,2025-03-22,P007,2.802018642425537,XGBoost,Prediction,Train
1574,2025-03-23,P007,0.9633697867393494,XGBoost,Prediction,Train
1575,2025-03-24,P007,5.996942043304443,XGBoost,Prediction,Train
1576,2025-03-25,P007,2.777423858642578,XGBoost,Prediction,Train
1577,2025-03-26,P007,2.520607709884644,XGBoost,Prediction,Train
1578,2025-03-27,P007,0.7444932460784912,XGBoost,Prediction,Train
1579,2025-03-28,P007,3.140488147735596,XGBoost,Prediction,Train
1580,2025-03-29,P007,3.419796943664551,XGBoost,Prediction,Train
1581,2025-03-30,P007,1.5812201499938965,XGBoost,Prediction,Train
1582,2025-03-31,P007,3.112196445465088,XGBoost,Prediction,Train
1583,2025-04-01,P007,4.397045135498047,XGBoost,Prediction,Train
1584,2025-04-02,P007,4.472447872161865,XGBoost,Prediction,Train
1585,2025-04-03,P007,3.8861100673675537,XGBoost,Prediction,Train
1586,2025-04-04,P007,2.335697889328003,XGBoost,Prediction,Train
1587,2025-04-05,P007,2.7206180095672607,XGBoost,Prediction,Train
1588,2025-04-06,P007,0.7462738752365112,XGBoost,Prediction,Train
1589,2025-04-07,P007,0.8190488815307617,XGBoost,Prediction,Train
1590,2025-04-08,P007,0.9916313290596008,XGBoost,Prediction,Train
1591,2025-04-09,P007,0.6865202784538269,XGBoost,Prediction,Train
1592,2025-04-10,P007,1.9020700454711916,XGBoost,Prediction,Train
1593,2025-04-11,P007,0.7775620818138123,XGBoost,Prediction,Train
1594,2025-04-12,P007,4.392765998840332,XGBoost,Prediction,Train
1595,2025-04-13,P007,1.9677343368530276,XGBoost,Prediction,Train
1596,2025-04-14,P007,3.807942152023315,XGBoost,Prediction,Train
1597,2025-04-15,P007,1.2639559507369995,XGBoost,Prediction,Train
1598,2025-04-16,P007,2.565099000930786,XGBoost,Prediction,Train
1599,2025-04-17,P007,1.9064891338348389,XGBoost,Prediction,Train
1600,2025-04-18,P007,1.6389784812927246,XGBoost,Prediction,Train
1601,2025-04-19,P007,4.277338981628418,XGBoost,Prediction,Train
1602,2025-04-20,P007,0.7597252726554871,XGBoost,Prediction,Train
1603,2025-04-21,P007,3.832658052444458,XGBoost,Prediction,Train
1604,2025-04-22,P007,3.980841636657715,XGBoost,Prediction,Train
1605,2025-04-23,P007,1.008031964302063,XGBoost,Prediction,Train
1606,2025-04-24,P007,5.073853015899658,XGBoost,Prediction,Train
1607,2025-04-25,P007,1.3915921449661257,XGBoost,Prediction,Train
1608,2025-04-26,P007,2.484124183654785,XGBoost,Prediction,Train
1609,2025-04-27,P007,3.4733874797821045,XGBoost,Prediction,Train
1610,2025-04-28,P007,0.94576096534729,XGBoost,Prediction,Train
1611,2025-04-29,P007,0.9372056126594543,XGBoost,Prediction,Train
1612,2025-04-30,P007,1.8236955404281616,XGBoost,Prediction,Train
1613,2025-05-01,P007,2.6489903926849365,XGBoost,Prediction,Train
1614,2025-05-02,P007,2.6734955310821533,XGBoost,Prediction,Train
1615,2025-05-03,P007,2.8372628688812256,XGBoost,Prediction,Train
1616,2025-05-04,P007,2.7774040699005127,XGBoost,Prediction,Train
1617,2025-05-05,P007,2.642207384109497,XGBoost,Prediction,Train
1618,2025-05-06,P007,0.7522152066230774,XGBoost,Prediction,Train
1619,2025-05-07,P007,4.711693286895752,XGBoost,Prediction,Train
1620,2025-05-08,P007,2.5516629219055176,XGBoost,Prediction,Train
1621,2025-05-09,P007,3.7331809997558594,XGBoost,Prediction,Train
1622,2025-05-10,P007,2.970672369003296,XGBoost,Prediction,Train
1623,2025-05-11,P007,2.017279863357544,XGBoost,Prediction,Train
1624,2025-05-12,P007,0.9539387822151184,XGBoost,Prediction,Train
1625,2025-05-13,P007,2.1880619525909424,XGBoost,Prediction,Train
1626,2025-05-14,P007,2.2166755199432373,XGBoost,Prediction,Train
1627,2025-05-15,P007,1.2662749290466309,XGBoost,Prediction,Train
1628,2025-05-16,P007,3.374666690826416,XGBoost,Prediction,Train
1629,2025-05-17,P007,0.928583562374115,XGBoost,Prediction,Train
1630,2025-05-18,P007,0.9146756529808044,XGBoost,Prediction,Train
1631,2025-05-19,P007,1.262962818145752,XGBoost,Prediction,Train
1632,2025-05-20,P007,0.922749936580658,XGBoost,Prediction,Train
1633,2025-05-21,P007,4.257025241851807,XGBoost,Prediction,Train
1634,2025-05-22,P007,3.3532235622406006,XGBoost,Prediction,Train
1635,2025-05-23,P007,1.9376397132873533,XGBoost,Prediction,Train
1636,2025-05-24,P007,2.1291513442993164,XGBoost,Prediction,Train
1637,2025-05-25,P007,2.430812358856201,XGBoost,Prediction,Train
1638,2025-05-26,P007,2.186546564102173,XGBoost,Prediction,Train
1639,2025-05-27,P007,5.342534065246582,XGBoost,Prediction,Train
1640,2025-05-28,P007,2.6742212772369385,XGBoost,Prediction,Train
1641,2025-05-29,P007,1.0938884019851685,XGBoost,Prediction,Train
1642,2025-05-30,P007,0.872748851776123,XGBoost,Prediction,Train
1643,2025-05-31,P007,2.9212982654571533,XGBoost,Prediction,Train
1644,2025-06-01,P007,1.3670945167541504,XGBoost,Prediction,Train
1645,2025-06-02,P007,1.3052494525909424,XGBoost,Prediction,Train
1646,2025-06-03,P007,1.0842121839523315,XGBoost,Prediction,Train
1647,2025-06-04,P007,4.250361919403076,XGBoost,Prediction,Train
1648,2025-06-05,P007,0.8335250020027161,XGBoost,Prediction,Train
1649,2025-06-06,P007,0.7291090488433838,XGBoost,Prediction,Train
1650,2025-06-07,P007,0.5858346819877625,XGBoost,Prediction,Train
1651,2025-06-08,P007,0.7962686419487,XGBoost,Prediction,Train
1652,2025-06-09,P007,0.8742647767066956,XGBoost,Prediction,Train
1653,2025-06-10,P007,1.291258454322815,XGBoost,Prediction,Train
1654,2025-06-11,P007,0.608355700969696,XGBoost,Prediction,Train
1655,2025-06-12,P007,3.1884632110595703,XGBoost,Prediction,Train
1656,2025-06-13,P007,5.148526668548584,XGBoost,Prediction,Train
1657,2025-06-14,P007,1.3345977067947388,XGBoost,Prediction,Train
1658,2025-06-15,P007,1.2285629510879517,XGBoost,Prediction,Train
1659,2025-06-16,P007,1.1624900102615356,XGBoost,Prediction,Train
1660,2025-06-17,P007,0.7675703763961792,XGBoost,Prediction,Train
1661,2025-06-18,P007,0.841655433177948,XGBoost,Prediction,Train
1662,2025-06-19,P007,2.6450188159942627,XGBoost,Prediction,Train
1663,2025-06-20,P007,0.8817596435546875,XGBoost,Prediction,Train
1664,2025-06-21,P007,2.4773707389831543,XGBoost,Prediction,Train
1665,2025-06-22,P007,0.8136335015296936,XGBoost,Prediction,Train
1666,2025-06-23,P007,1.2511838674545288,XGBoost,Prediction,Train
1667,2025-06-24,P007,1.065330982208252,XGBoost,Prediction,Train
1668,2025-06-25,P007,2.1654999256134038,XGBoost,Prediction,Train
1669,2025-06-26,P007,1.1482760906219482,XGBoost,Prediction,Train
1670,2025-06-27,P007,6.082211971282959,XGBoost,Prediction,Train
1671,2025-06-28,P007,1.1238582134246826,XGBoost,Prediction,Train
1672,2025-06-29,P007,3.369603157043457,XGBoost,Prediction,Train
1673,2025-06-30,P007,5.769540309906006,XGBoost,Prediction,Train
1674,2025-07-01,P007,0.739726722240448,XGBoost,Prediction,Train
1675,2025-07-02,P007,2.6122524738311768,XGBoost,Prediction,Train
1676,2025-07-03,P007,2.1263747215271,XGBoost,Prediction,Train
1677,2025-07-04,P007,0.6953624486923218,XGBoost,Prediction,Train
1678,2025-07-05,P007,1.986238718032837,XGBoost,Prediction,Train
1679,2025-07-06,P007,2.722941398620605,XGBoost,Prediction,Train
1680,2025-07-07,P007,4.404688835144043,XGBoost,Prediction,Train
1681,2025-07-08,P007,4.709644317626953,XGBoost,Prediction,Train
1682,2025-07-09,P007,2.613887310028076,XGBoost,Prediction,Train
1683,2025-07-10,P007,2.700343370437622,XGBoost,Prediction,Train
1684,2025-07-11,P007,1.1671675443649292,XGBoost,Prediction,Train
1685,2025-07-12,P007,0.9933843612670898,XGBoost,Prediction,Train
1686,2025-07-13,P007,0.4998235702514648,XGBoost,Prediction,Train
1687,2025-07-14,P007,3.2302653789520264,XGBoost,Prediction,Train
1688,2025-07-15,P007,2.013319253921509,XGBoost,Prediction,Train
1689,2025-07-16,P007,1.284375548362732,XGBoost,Prediction,Train
1690,2025-07-17,P007,0.7555766701698303,XGBoost,Prediction,Train
1691,2025-07-18,P007,1.7864336967468262,XGBoost,Prediction,Train
1692,2025-07-19,P007,1.9300830364227293,XGBoost,Prediction,Train
1693,2025-07-20,P007,0.8029678463935852,XGBoost,Prediction,Train
1694,2025-07-21,P007,1.8587104082107544,XGBoost,Prediction,Train
1695,2025-07-22,P007,3.8512423038482666,XGBoost,Prediction,Train
1696,2025-07-23,P007,3.180367946624756,XGBoost,Prediction,Train
1697,2025-07-24,P007,1.1647443771362305,XGBoost,Prediction,Train
1698,2025-07-25,P007,0.8914062976837158,XGBoost,Prediction,Train
1699,2025-07-26,P007,3.5265705585479736,XGBoost,Prediction,Train
1700,2025-07-27,P007,0.9756287932395936,XGBoost,Prediction,Train
1701,2025-07-28,P007,2.791687488555908,XGBoost,Prediction,Train
1702,2025-07-29,P007,5.8144707679748535,XGBoost,Prediction,Train
1703,2025-07-30,P007,2.7499966621398926,XGBoost,Prediction,Train
1704,2025-07-31,P007,0.8425074219703674,XGBoost,Prediction,Train
1705,2025-08-01,P007,1.1253389120101929,XGBoost,Prediction,Train
1706,2025-08-02,P007,1.828618168830872,XGBoost,Prediction,Train
1707,2025-08-03,P007,0.700188159942627,XGBoost,Prediction,Train
1708,2025-08-04,P007,2.6522018909454346,XGBoost,Prediction,Train
1709,2025-08-05,P007,6.0875396728515625,XGBoost,Prediction,Train
1710,2025-08-06,P007,1.098222732543945,XGBoost,Prediction,Train
1711,2025-08-07,P007,1.5965161323547363,XGBoost,Prediction,Train
1712,2025-08-08,P007,0.764442503452301,XGBoost,Prediction,Train
1713,2025-08-09,P007,4.511170387268066,XGBoost,Prediction,Train
1714,2025-08-10,P007,5.519777297973633,XGBoost,Prediction,Train
1715,2025-08-11,P007,3.687129497528076,XGBoost,Prediction,Train
1716,2025-08-12,P007,2.795213222503662,XGBoost,Prediction,Train
1717,2025-08-13,P007,2.7525806427001958,XGBoost,Prediction,Train
1718,2025-08-14,P007,0.9575312733650208,XGBoost,Prediction,Train
1719,2025-08-15,P007,0.9522009491920472,XGBoost,Prediction,Train
1720,2025-08-16,P007,5.104074954986572,XGBoost,Prediction,Train
1721,2025-08-17,P007,0.7956802845001221,XGBoost,Prediction,Train
1722,2025-08-18,P007,3.343789577484131,XGBoost,Prediction,Train
1723,2025-08-19,P007,1.4274119138717651,XGBoost,Prediction,Train
1724,2025-08-20,P007,1.3672304153442385,XGBoost,Prediction,Train
1725,2025-08-21,P007,5.709359645843506,XGBoost,Prediction,Train
1726,2025-08-22,P007,1.943634033203125,XGBoost,Prediction,Train
1727,2025-08-23,P007,2.7587783336639404,XGBoost,Prediction,Train
1728,2025-08-24,P007,4.2724199295043945,XGBoost,Prediction,Train
1729,2025-08-25,P007,3.462193727493286,XGBoost,Prediction,Train
1730,2025-08-26,P007,4.825396537780762,XGBoost,Prediction,Train
1731,2025-08-27,P007,3.503976345062256,XGBoost,Prediction,Train
1732,2025-08-28,P007,2.613682270050049,XGBoost,Prediction,Train
1733,2025-08-29,P007,0.648886501789093,XGBoost,Prediction,Train
1734,2025-08-30,P007,0.9501460790634156,XGBoost,Prediction,Train
1735,2025-08-31,P007,1.5644919872283936,XGBoost,Prediction,Train
1736,2025-09-01,P007,4.538552761077881,XGBoost,Prediction,Train
1737,2025-09-02,P007,2.75186538696289,XGBoost,Prediction,Train
1738,2025-09-03,P007,1.6323676109313965,XGBoost,Prediction,Train
1739,2025-09-04,P007,2.784468412399292,XGBoost,Prediction,Train
1740,2025-09-05,P007,1.9308637380599976,XGBoost,Prediction,Train
1741,2025-09-06,P007,2.665065288543701,XGBoost,Prediction,Train
1742,2025-09-07,P007,0.6631656289100647,XGBoost,Prediction,Train
1743,2025-09-08,P007,0.9372192025184632,XGBoost,Prediction,Train
1744,2025-09-09,P007,4.582541465759277,XGBoost,Prediction,Train
1745,2025-09-10,P007,1.0920699834823608,XGBoost,Prediction,Train
1746,2025-09-11,P007,2.779273509979248,XGBoost,Prediction,Train
1747,2025-09-12,P007,1.106955647468567,XGBoost,Prediction,Train
1748,2025-09-13,P007,3.9696216583251953,XGBoost,Prediction,Train
1749,2025-09-14,P007,0.9779541492462158,XGBoost,Prediction,Train
1750,2025-01-08,P008,2.0181469917297363,XGBoost,Prediction,Train
1751,2025-01-09,P008,2.73624849319458,XGBoost,Prediction,Train
1752,2025-01-10,P008,0.9123985767364502,XGBoost,Prediction,Train
1753,2025-01-11,P008,0.8245136141777039,XGBoost,Prediction,Train
1754,2025-01-12,P008,1.2061055898666382,XGBoost,Prediction,Train
1755,2025-01-13,P008,1.564299464225769,XGBoost,Prediction,Train
1756,2025-01-14,P008,1.4105685949325562,XGBoost,Prediction,Train
1757,2025-01-15,P008,3.037172794342041,XGBoost,Prediction,Train
1758,2025-01-16,P008,0.4318110346794128,XGBoost,Prediction,Train
1759,2025-01-17,P008,0.8182292580604553,XGBoost,Prediction,Train
1760,2025-01-18,P008,0.7545204758644104,XGBoost,Prediction,Train
1761,2025-01-19,P008,2.6688342094421387,XGBoost,Prediction,Train
1762,2025-01-20,P008,1.0688674449920654,XGBoost,Prediction,Train
1763,2025-01-21,P008,2.082756757736206,XGBoost,Prediction,Train
1764,2025-01-22,P008,2.415258884429932,XGBoost,Prediction,Train
1765,2025-01-23,P008,1.2316398620605469,XGBoost,Prediction,Train
1766,2025-01-24,P008,2.672005176544189,XGBoost,Prediction,Train
1767,2025-01-25,P008,0.6176643967628479,XGBoost,Prediction,Train
1768,2025-01-26,P008,2.791487216949463,XGBoost,Prediction,Train
1769,2025-01-27,P008,2.7653234004974365,XGBoost,Prediction,Train
1770,2025-01-28,P008,0.9277254939079284,XGBoost,Prediction,Train
1771,2025-01-29,P008,2.506304979324341,XGBoost,Prediction,Train
1772,2025-01-30,P008,3.635868549346924,XGBoost,Prediction,Train
1773,2025-01-31,P008,0.6837814450263977,XGBoost,Prediction,Train
1774,2025-02-01,P008,4.987990379333496,XGBoost,Prediction,Train
1775,2025-02-02,P008,1.1710762977600098,XGBoost,Prediction,Train
1776,2025-02-03,P008,1.3870512247085571,XGBoost,Prediction,Train
1777,2025-02-04,P008,3.574869394302368,XGBoost,Prediction,Train
1778,2025-02-05,P008,1.008716344833374,XGBoost,Prediction,Train
1779,2025-02-06,P008,0.8876659274101257,XGBoost,Prediction,Train
1780,2025-02-07,P008,1.847883939743042,XGBoost,Prediction,Train
1781,2025-02-08,P008,1.797306776046753,XGBoost,Prediction,Train
1782,2025-02-09,P008,1.3567533493041992,XGBoost,Prediction,Train
1783,2025-02-10,P008,1.833807349205017,XGBoost,Prediction,Train
1784,2025-02-11,P008,0.7998622059822083,XGBoost,Prediction,Train
1785,2025-02-12,P008,0.6881862282752991,XGBoost,Prediction,Train
1786,2025-02-13,P008,2.629840612411499,XGBoost,Prediction,Train
1787,2025-02-14,P008,0.8311018943786621,XGBoost,Prediction,Train
1788,2025-02-15,P008,2.5800929069519043,XGBoost,Prediction,Train
1789,2025-02-16,P008,1.9116156101226809,XGBoost,Prediction,Train
1790,2025-02-17,P008,0.7751432061195374,XGBoost,Prediction,Train
1791,2025-02-18,P008,2.703134059906006,XGBoost,Prediction,Train
1792,2025-02-19,P008,2.5189340114593506,XGBoost,Prediction,Train
1793,2025-02-20,P008,2.481679916381836,XGBoost,Prediction,Train
1794,2025-02-21,P008,0.6498764753341675,XGBoost,Prediction,Train
1795,2025-02-22,P008,3.246554136276245,XGBoost,Prediction,Train
1796,2025-02-23,P008,1.4262559413909912,XGBoost,Prediction,Train
1797,2025-02-24,P008,4.379634380340576,XGBoost,Prediction,Train
1798,2025-02-25,P008,2.7571284770965576,XGBoost,Prediction,Train
1799,2025-02-26,P008,1.9967706203460691,XGBoost,Prediction,Train
1800,2025-02-27,P008,1.2489527463912964,XGBoost,Prediction,Train
1801,2025-02-28,P008,0.9869988560676576,XGBoost,Prediction,Train
1802,2025-03-01,P008,2.6891298294067383,XGBoost,Prediction,Train
1803,2025-03-02,P008,1.9103964567184448,XGBoost,Prediction,Train
1804,2025-03-03,P008,2.681276321411133,XGBoost,Prediction,Train
1805,2025-03-04,P008,3.246403932571411,XGBoost,Prediction,Train
1806,2025-03-05,P008,1.4893306493759155,XGBoost,Prediction,Train
1807,2025-03-06,P008,1.3864004611968994,XGBoost,Prediction,Train
1808,2025-03-07,P008,0.9397130012512208,XGBoost,Prediction,Train
1809,2025-03-08,P008,2.7098283767700195,XGBoost,Prediction,Train
1810,2025-03-09,P008,1.3152403831481934,XGBoost,Prediction,Train
1811,2025-03-10,P008,0.7497171759605408,XGBoost,Prediction,Train
1812,2025-03-11,P008,0.6864230632781982,XGBoost,Prediction,Train
1813,2025-03-12,P008,3.4209141731262207,XGBoost,Prediction,Train
1814,2025-03-13,P008,1.0181039571762085,XGBoost,Prediction,Train
1815,2025-03-14,P008,2.7287752628326416,XGBoost,Prediction,Train
1816,2025-03-15,P008,3.4121463298797607,XGBoost,Prediction,Train
1817,2025-03-16,P008,0.8826214075088501,XGBoost,Prediction,Train
1818,2025-03-17,P008,0.5284693837165833,XGBoost,Prediction,Train
1819,2025-03-18,P008,2.7178966999053955,XGBoost,Prediction,Train
1820,2025-03-19,P008,4.605105876922607,XGBoost,Prediction,Train
1821,2025-03-20,P008,3.156820774078369,XGBoost,Prediction,Train
1822,2025-03-21,P008,0.7552326917648315,XGBoost,Prediction,Train
1823,2025-03-22,P008,0.7075960040092468,XGBoost,Prediction,Train
1824,2025-03-23,P008,1.6738805770874023,XGBoost,Prediction,Train
1825,2025-03-24,P008,5.3940043449401855,XGBoost,Prediction,Train
1826,2025-03-25,P008,2.51148533821106,XGBoost,Prediction,Train
1827,2025-03-26,P008,0.721434473991394,XGBoost,Prediction,Train
1828,2025-03-27,P008,1.824630618095398,XGBoost,Prediction,Train
1829,2025-03-28,P008,5.552420616149902,XGBoost,Prediction,Train
1830,2025-03-29,P008,2.683220386505127,XGBoost,Prediction,Train
1831,2025-03-30,P008,5.049762725830078,XGBoost,Prediction,Train
1832,2025-03-31,P008,1.985433340072632,XGBoost,Prediction,Train
1833,2025-04-01,P008,1.1703611612319946,XGBoost,Prediction,Train
1834,2025-04-02,P008,4.138979434967041,XGBoost,Prediction,Train
1835,2025-04-03,P008,1.2747384309768677,XGBoost,Prediction,Train
1836,2025-04-04,P008,2.766263246536255,XGBoost,Prediction,Train
1837,2025-04-05,P008,0.8948367834091187,XGBoost,Prediction,Train
1838,2025-04-06,P008,2.682682514190674,XGBoost,Prediction,Train
1839,2025-04-07,P008,0.9413243532180786,XGBoost,Prediction,Train
1840,2025-04-08,P008,2.462085723876953,XGBoost,Prediction,Train
1841,2025-04-09,P008,2.679051160812378,XGBoost,Prediction,Train
1842,2025-04-10,P008,2.373288154602051,XGBoost,Prediction,Train
1843,2025-04-11,P008,2.0262248516082764,XGBoost,Prediction,Train
1844,2025-04-12,P008,1.953757643699646,XGBoost,Prediction,Train
1845,2025-04-13,P008,0.464042991399765,XGBoost,Prediction,Train
1846,2025-04-14,P008,2.442623853683472,XGBoost,Prediction,Train
1847,2025-04-15,P008,1.4829795360565186,XGBoost,Prediction,Train
1848,2025-04-16,P008,1.9531885385513303,XGBoost,Prediction,Train
1849,2025-04-17,P008,1.941996932029724,XGBoost,Prediction,Train
1850,2025-04-18,P008,0.6054863929748535,XGBoost,Prediction,Train
1851,2025-04-19,P008,2.041273355484009,XGBoost,Prediction,Train
1852,2025-04-20,P008,0.8399286270141602,XGBoost,Prediction,Train
1853,2025-04-21,P008,1.223621845245361,XGBoost,Prediction,Train
1854,2025-04-22,P008,1.3454623222351074,XGBoost,Prediction,Train
1855,2025-04-23,P008,0.8609477877616882,XGBoost,Prediction,Train
1856,2025-04-24,P008,0.8450426459312439,XGBoost,Prediction,Train
1857,2025-04-25,P008,3.845557451248169,XGBoost,Prediction,Train
1858,2025-04-26,P008,2.3390281200408936,XGBoost,Prediction,Train
1859,2025-04-27,P008,1.0583096742630005,XGBoost,Prediction,Train
1860,2025-04-28,P008,1.1997225284576416,XGBoost,Prediction,Train
1861,2025-04-29,P008,3.431942939758301,XGBoost,Prediction,Train
1862,2025-04-30,P008,0.7015155553817749,XGBoost,Prediction,Train
1863,2025-05-01,P008,3.775106906890869,XGBoost,Prediction,Train
1864,2025-05-02,P008,0.7488028407096863,XGBoost,Prediction,Train
1865,2025-05-03,P008,4.4863386154174805,XGBoost,Prediction,Train
1866,2025-05-04,P008,4.370392799377441,XGBoost,Prediction,Train
1867,2025-05-05,P008,1.033485770225525,XGBoost,Prediction,Train
1868,2025-05-06,P008,0.6144195199012756,XGBoost,Prediction,Train
1869,2025-05-07,P008,1.4907480478286743,XGBoost,Prediction,Train
1870,2025-05-08,P008,2.1234257221221924,XGBoost,Prediction,Train
1871,2025-05-09,P008,2.6605725288391118,XGBoost,Prediction,Train
1872,2025-05-10,P008,1.813130259513855,XGBoost,Prediction,Train
1873,2025-05-11,P008,2.542855978012085,XGBoost,Prediction,Train
1874,2025-05-12,P008,0.8806375861167908,XGBoost,Prediction,Train
1875,2025-05-13,P008,3.2951393127441406,XGBoost,Prediction,Train
1876,2025-05-14,P008,0.7523704171180725,XGBoost,Prediction,Train
1877,2025-05-15,P008,0.8900465965270996,XGBoost,Prediction,Train
1878,2025-05-16,P008,4.93194055557251,XGBoost,Prediction,Train
1879,2025-05-17,P008,3.22269606590271,XGBoost,Prediction,Train
1880,2025-05-18,P008,3.677524089813232,XGBoost,Prediction,Train
1881,2025-05-19,P008,2.305964469909668,XGBoost,Prediction,Train
1882,2025-05-20,P008,1.476959228515625,XGBoost,Prediction,Train
1883,2025-05-21,P008,1.1301438808441162,XGBoost,Prediction,Train
1884,2025-05-22,P008,1.1226692199707031,XGBoost,Prediction,Train
1885,2025-05-23,P008,1.2046144008636477,XGBoost,Prediction,Train
1886,2025-05-24,P008,2.031623601913452,XGBoost,Prediction,Train
1887,2025-05-25,P008,0.8142191171646118,XGBoost,Prediction,Train
1888,2025-05-26,P008,4.144696235656738,XGBoost,Prediction,Train
1889,2025-05-27,P008,3.4379091262817383,XGBoost,Prediction,Train
1890,2025-05-28,P008,1.226420283317566,XGBoost,Prediction,Train
1891,2025-05-29,P008,0.8020177483558655,XGBoost,Prediction,Train
1892,2025-05-30,P008,0.9793205261230468,XGBoost,Prediction,Train
1893,2025-05-31,P008,1.074878215789795,XGBoost,Prediction,Train
1894,2025-06-01,P008,1.2252358198165894,XGBoost,Prediction,Train
1895,2025-06-02,P008,2.610081195831299,XGBoost,Prediction,Train
1896,2025-06-03,P008,1.0512162446975708,XGBoost,Prediction,Train
1897,2025-06-04,P008,0.8443252444267273,XGBoost,Prediction,Train
1898,2025-06-05,P008,1.3541622161865234,XGBoost,Prediction,Train
1899,2025-06-06,P008,0.7690519690513611,XGBoost,Prediction,Train
1900,2025-06-07,P008,1.31124746799469,XGBoost,Prediction,Train
1901,2025-06-08,P008,0.8012592792510986,XGBoost,Prediction,Train
1902,2025-06-09,P008,4.376591682434082,XGBoost,Prediction,Train
1903,2025-06-10,P008,1.2182350158691406,XGBoost,Prediction,Train
1904,2025-06-11,P008,0.7104020118713379,XGBoost,Prediction,Train
1905,2025-06-12,P008,3.221120357513428,XGBoost,Prediction,Train
1906,2025-06-13,P008,4.023097991943359,XGBoost,Prediction,Train
1907,2025-06-14,P008,0.5047553181648254,XGBoost,Prediction,Train
1908,2025-06-15,P008,3.385603189468384,XGBoost,Prediction,Train
1909,2025-06-16,P008,2.773734331130981,XGBoost,Prediction,Train
1910,2025-06-17,P008,1.8608320951461792,XGBoost,Prediction,Train
1911,2025-06-18,P008,0.8945906758308411,XGBoost,Prediction,Train
1912,2025-06-19,P008,2.0842716693878174,XGBoost,Prediction,Train
1913,2025-06-20,P008,0.57191401720047,XGBoost,Prediction,Train
1914,2025-06-21,P008,3.224118232727051,XGBoost,Prediction,Train
1915,2025-06-22,P008,2.6088242530822754,XGBoost,Prediction,Train
1916,2025-06-23,P008,0.716798722743988,XGBoost,Prediction,Train
1917,2025-06-24,P008,3.816614389419556,XGBoost,Prediction,Train
1918,2025-06-25,P008,0.7952128052711487,XGBoost,Prediction,Train
1919,2025-06-26,P008,1.9402345418930051,XGBoost,Prediction,Train
1920,2025-06-27,P008,2.8992180824279785,XGBoost,Prediction,Train
1921,2025-06-28,P008,2.7572875022888184,XGBoost,Prediction,Train
1922,2025-06-29,P008,2.445863723754883,XGBoost,Prediction,Train
1923,2025-06-30,P008,2.727015495300293,XGBoost,Prediction,Train
1924,2025-07-01,P008,0.7434364557266235,XGBoost,Prediction,Train
1925,2025-07-02,P008,1.8674355745315552,XGBoost,Prediction,Train
1926,2025-07-03,P008,1.5002999305725098,XGBoost,Prediction,Train
1927,2025-07-04,P008,0.6699234247207642,XGBoost,Prediction,Train
1928,2025-07-05,P008,0.9622504115104676,XGBoost,Prediction,Train
1929,2025-07-06,P008,4.40668249130249,XGBoost,Prediction,Train
1930,2025-07-07,P008,0.7554186582565308,XGBoost,Prediction,Train
1931,2025-07-08,P008,2.5588483810424805,XGBoost,Prediction,Train
1932,2025-07-09,P008,4.1844000816345215,XGBoost,Prediction,Train
1933,2025-07-10,P008,1.7445902824401855,XGBoost,Prediction,Train
1934,2025-07-11,P008,4.155904293060303,XGBoost,Prediction,Train
1935,2025-07-12,P008,1.9262200593948364,XGBoost,Prediction,Train
1936,2025-07-13,P008,3.08807635307312,XGBoost,Prediction,Train
1937,2025-07-14,P008,3.417256593704224,XGBoost,Prediction,Train
1938,2025-07-15,P008,1.200168490409851,XGBoost,Prediction,Train
1939,2025-07-16,P008,3.388063907623291,XGBoost,Prediction,Train
1940,2025-07-17,P008,0.7068648338317871,XGBoost,Prediction,Train
1941,2025-07-18,P008,2.0368871688842773,XGBoost,Prediction,Train
1942,2025-07-19,P008,0.8013472557067871,XGBoost,Prediction,Train
1943,2025-07-20,P008,0.640876054763794,XGBoost,Prediction,Train
1944,2025-07-21,P008,0.7405692338943481,XGBoost,Prediction,Train
1945,2025-07-22,P008,4.0245747566223145,XGBoost,Prediction,Train
1946,2025-07-23,P008,1.8818042278289795,XGBoost,Prediction,Train
1947,2025-07-24,P008,0.73021399974823,XGBoost,Prediction,Train
1948,2025-07-25,P008,0.8793380260467529,XGBoost,Prediction,Train
1949,2025-07-26,P008,2.7465078830718994,XGBoost,Prediction,Train
1950,2025-07-27,P008,0.8659858107566833,XGBoost,Prediction,Train
1951,2025-07-28,P008,2.707117319107056,XGBoost,Prediction,Train
1952,2025-07-29,P008,2.649744033813477,XGBoost,Prediction,Train
1953,2025-07-30,P008,0.8470032215118408,XGBoost,Prediction,Train
1954,2025-07-31,P008,1.1770349740982056,XGBoost,Prediction,Train
1955,2025-08-01,P008,2.8501033782958984,XGBoost,Prediction,Train
1956,2025-08-02,P008,1.7258027791976929,XGBoost,Prediction,Train
1957,2025-08-03,P008,3.233579397201538,XGBoost,Prediction,Train
1958,2025-08-04,P008,2.7866885662078857,XGBoost,Prediction,Train
1959,2025-08-05,P008,4.492763519287109,XGBoost,Prediction,Train
1960,2025-08-06,P008,0.7440763115882874,XGBoost,Prediction,Train
1961,2025-08-07,P008,0.7557428479194641,XGBoost,Prediction,Train
1962,2025-08-08,P008,4.281032085418701,XGBoost,Prediction,Train
1963,2025-08-09,P008,1.96594500541687,XGBoost,Prediction,Train
1964,2025-08-10,P008,0.6955379843711853,XGBoost,Prediction,Train
1965,2025-08-11,P008,0.7261227965354919,XGBoost,Prediction,Train
1966,2025-08-12,P008,2.4514923095703125,XGBoost,Prediction,Train
1967,2025-08-13,P008,0.7440453767776489,XGBoost,Prediction,Train
1968,2025-08-14,P008,0.909681797027588,XGBoost,Prediction,Train
1969,2025-08-15,P008,2.715508460998535,XGBoost,Prediction,Train
1970,2025-08-16,P008,1.1968671083450315,XGBoost,Prediction,Train
1971,2025-08-17,P008,2.6581897735595703,XGBoost,Prediction,Train
1972,2025-08-18,P008,0.947472333908081,XGBoost,Prediction,Train
1973,2025-08-19,P008,1.8780701160430908,XGBoost,Prediction,Train
1974,2025-08-20,P008,5.164200305938721,XGBoost,Prediction,Train
1975,2025-08-21,P008,5.367591857910156,XGBoost,Prediction,Train
1976,2025-08-22,P008,4.066770076751709,XGBoost,Prediction,Train
1977,2025-08-23,P008,2.467005491256714,XGBoost,Prediction,Train
1978,2025-08-24,P008,1.916789412498474,XGBoost,Prediction,Train
1979,2025-08-25,P008,2.7292850017547607,XGBoost,Prediction,Train
1980,2025-08-26,P008,0.6416466236114502,XGBoost,Prediction,Train
1981,2025-08-27,P008,2.616772413253784,XGBoost,Prediction,Train
1982,2025-08-28,P008,0.7034896016120911,XGBoost,Prediction,Train
1983,2025-08-29,P008,0.9861955046653748,XGBoost,Prediction,Train
1984,2025-08-30,P008,4.593764305114746,XGBoost,Prediction,Train
1985,2025-08-31,P008,4.12946891784668,XGBoost,Prediction,Train
1986,2025-09-01,P008,0.6381977796554565,XGBoost,Prediction,Train
1987,2025-09-02,P008,1.0459465980529783,XGBoost,Prediction,Train
1988,2025-09-03,P008,3.311077833175659,XGBoost,Prediction,Train
1989,2025-09-04,P008,3.465605974197388,XGBoost,Prediction,Train
1990,2025-09-05,P008,0.5734773278236389,XGBoost,Prediction,Train
1991,2025-09-06,P008,0.9109196066856384,XGBoost,Prediction,Train
1992,2025-09-07,P008,1.5203570127487185,XGBoost,Prediction,Train
1993,2025-09-08,P008,0.642102062702179,XGBoost,Prediction,Train
1994,2025-09-09,P008,0.7655639052391052,XGBoost,Prediction,Train
1995,2025-09-10,P008,4.0532050132751465,XGBoost,Prediction,Train
1996,2025-09-11,P008,1.2181012630462646,XGBoost,Prediction,Train
1997,2025-09-12,P008,0.9147310256958008,XGBoost,Prediction,Train
1998,2025-09-13,P008,4.819818496704102,XGBoost,Prediction,Train
1999,2025-09-14,P008,0.8789880275726318,XGBoost,Prediction,Train
2000,2025-01-08,P009,7.005383491516113,XGBoost,Prediction,Train
2001,2025-01-09,P009,0.451335996389389,XGBoost,Prediction,Train
2002,2025-01-10,P009,0.7362529039382935,XGBoost,Prediction,Train
2003,2025-01-11,P009,4.231697082519531,XGBoost,Prediction,Train
2004,2025-01-12,P009,1.7355060577392578,XGBoost,Prediction,Train
2005,2025-01-13,P009,0.8837093710899353,XGBoost,Prediction,Train
2006,2025-01-14,P009,0.7728433609008789,XGBoost,Prediction,Train
2007,2025-01-15,P009,4.046284198760986,XGBoost,Prediction,Train
2008,2025-01-16,P009,0.4610611200332641,XGBoost,Prediction,Train
2009,2025-01-17,P009,1.043352127075195,XGBoost,Prediction,Train
2010,2025-01-18,P009,0.8617942929267883,XGBoost,Prediction,Train
2011,2025-01-19,P009,0.6731154322624207,XGBoost,Prediction,Train
2012,2025-01-20,P009,2.354386329650879,XGBoost,Prediction,Train
2013,2025-01-21,P009,2.724252223968506,XGBoost,Prediction,Train
2014,2025-01-22,P009,0.7544583082199097,XGBoost,Prediction,Train
2015,2025-01-23,P009,1.5698384046554563,XGBoost,Prediction,Train
2016,2025-01-24,P009,4.458935737609863,XGBoost,Prediction,Train
2017,2025-01-25,P009,0.7743489742279053,XGBoost,Prediction,Train
2018,2025-01-26,P009,0.9326949119567872,XGBoost,Prediction,Train
2019,2025-01-27,P009,0.8192744851112366,XGBoost,Prediction,Train
2020,2025-01-28,P009,2.534157514572144,XGBoost,Prediction,Train
2021,2025-01-29,P009,2.204597234725952,XGBoost,Prediction,Train
2022,2025-01-30,P009,3.9271066188812256,XGBoost,Prediction,Train
2023,2025-01-31,P009,2.836281538009644,XGBoost,Prediction,Train
2024,2025-02-01,P009,3.890517950057984,XGBoost,Prediction,Train
2025,2025-02-02,P009,0.7725451588630676,XGBoost,Prediction,Train
2026,2025-02-03,P009,2.6163330078125,XGBoost,Prediction,Train
2027,2025-02-04,P009,5.008682727813721,XGBoost,Prediction,Train
2028,2025-02-05,P009,0.810498833656311,XGBoost,Prediction,Train
2029,2025-02-06,P009,4.721399784088135,XGBoost,Prediction,Train
2030,2025-02-07,P009,0.8882188200950623,XGBoost,Prediction,Train
2031,2025-02-08,P009,1.5084785223007202,XGBoost,Prediction,Train
2032,2025-02-09,P009,2.5431149005889893,XGBoost,Prediction,Train
2033,2025-02-10,P009,1.0907812118530271,XGBoost,Prediction,Train
2034,2025-02-11,P009,0.8383743762969971,XGBoost,Prediction,Train
2035,2025-02-12,P009,0.9736289381980896,XGBoost,Prediction,Train
2036,2025-02-13,P009,0.9892876148223876,XGBoost,Prediction,Train
2037,2025-02-14,P009,4.666029930114746,XGBoost,Prediction,Train
2038,2025-02-15,P009,0.8093605041503906,XGBoost,Prediction,Train
2039,2025-02-16,P009,2.114067316055298,XGBoost,Prediction,Train
2040,2025-02-17,P009,0.9714711904525756,XGBoost,Prediction,Train
2041,2025-02-18,P009,0.4491771757602691,XGBoost,Prediction,Train
2042,2025-02-19,P009,3.860936403274536,XGBoost,Prediction,Train
2043,2025-02-20,P009,3.402803659439087,XGBoost,Prediction,Train
2044,2025-02-21,P009,2.038738250732422,XGBoost,Prediction,Train
2045,2025-02-22,P009,1.14082932472229,XGBoost,Prediction,Train
2046,2025-02-23,P009,0.6996341943740845,XGBoost,Prediction,Train
2047,2025-02-24,P009,0.865342915058136,XGBoost,Prediction,Train
2048,2025-02-25,P009,2.843775987625122,XGBoost,Prediction,Train
2049,2025-02-26,P009,0.7919424772262573,XGBoost,Prediction,Train
2050,2025-02-27,P009,2.6167213916778564,XGBoost,Prediction,Train
2051,2025-02-28,P009,0.8304564952850342,XGBoost,Prediction,Train
2052,2025-03-01,P009,1.9064451456069944,XGBoost,Prediction,Train
2053,2025-03-02,P009,0.8531333208084106,XGBoost,Prediction,Train
2054,2025-03-03,P009,3.4547479152679443,XGBoost,Prediction,Train
2055,2025-03-04,P009,2.519888162612915,XGBoost,Prediction,Train
2056,2025-03-05,P009,1.5229687690734863,XGBoost,Prediction,Train
2057,2025-03-06,P009,0.8926882743835449,XGBoost,Prediction,Train
2058,2025-03-07,P009,0.8474977016448975,XGBoost,Prediction,Train
2059,2025-03-08,P009,1.1824421882629397,XGBoost,Prediction,Train
2060,2025-03-09,P009,5.127578258514404,XGBoost,Prediction,Train
2061,2025-03-10,P009,2.786017417907715,XGBoost,Prediction,Train
2062,2025-03-11,P009,1.2762928009033203,XGBoost,Prediction,Train
2063,2025-03-12,P009,5.362852573394775,XGBoost,Prediction,Train
2064,2025-03-13,P009,2.8045427799224854,XGBoost,Prediction,Train
2065,2025-03-14,P009,1.818204402923584,XGBoost,Prediction,Train
2066,2025-03-15,P009,0.9869051575660706,XGBoost,Prediction,Train
2067,2025-03-16,P009,0.9930110573768616,XGBoost,Prediction,Train
2068,2025-03-17,P009,0.8989124894142151,XGBoost,Prediction,Train
2069,2025-03-18,P009,0.5471728444099426,XGBoost,Prediction,Train
2070,2025-03-19,P009,0.6169279217720032,XGBoost,Prediction,Train
2071,2025-03-20,P009,1.8113081455230715,XGBoost,Prediction,Train
2072,2025-03-21,P009,0.7564387321472168,XGBoost,Prediction,Train
2073,2025-03-22,P009,1.2710685729980469,XGBoost,Prediction,Train
2074,2025-03-23,P009,2.386150360107422,XGBoost,Prediction,Train
2075,2025-03-24,P009,0.5287454128265381,XGBoost,Prediction,Train
2076,2025-03-25,P009,1.492126226425171,XGBoost,Prediction,Train
2077,2025-03-26,P009,2.050824880599976,XGBoost,Prediction,Train
2078,2025-03-27,P009,3.989253044128418,XGBoost,Prediction,Train
2079,2025-03-28,P009,1.9945834875106807,XGBoost,Prediction,Train
2080,2025-03-29,P009,2.8267550468444824,XGBoost,Prediction,Train
2081,2025-03-30,P009,1.3584914207458496,XGBoost,Prediction,Train
2082,2025-03-31,P009,1.181796312332153,XGBoost,Prediction,Train
2083,2025-04-01,P009,3.293431520462036,XGBoost,Prediction,Train
2084,2025-04-02,P009,4.521440982818604,XGBoost,Prediction,Train
2085,2025-04-03,P009,2.5646519660949707,XGBoost,Prediction,Train
2086,2025-04-04,P009,5.463084697723389,XGBoost,Prediction,Train
2087,2025-04-05,P009,3.604161739349365,XGBoost,Prediction,Train
2088,2025-04-06,P009,2.4133851528167725,XGBoost,Prediction,Train
2089,2025-04-07,P009,1.368109107017517,XGBoost,Prediction,Train
2090,2025-04-08,P009,0.9694389700889589,XGBoost,Prediction,Train
2091,2025-04-09,P009,0.804569661617279,XGBoost,Prediction,Train
2092,2025-04-10,P009,2.4429543018341064,XGBoost,Prediction,Train
2093,2025-04-11,P009,1.874160647392273,XGBoost,Prediction,Train
2094,2025-04-12,P009,1.0157933235168457,XGBoost,Prediction,Train
2095,2025-04-13,P009,2.9948949813842773,XGBoost,Prediction,Train
2096,2025-04-14,P009,1.1500028371810913,XGBoost,Prediction,Train
2097,2025-04-15,P009,0.8063313364982605,XGBoost,Prediction,Train
2098,2025-04-16,P009,3.6577014923095694,XGBoost,Prediction,Train
2099,2025-04-17,P009,1.0118192434310913,XGBoost,Prediction,Train
2100,2025-04-18,P009,3.370945930480957,XGBoost,Prediction,Train
2101,2025-04-19,P009,2.4558866024017334,XGBoost,Prediction,Train
2102,2025-04-20,P009,0.5690937042236328,XGBoost,Prediction,Train
2103,2025-04-21,P009,3.831433057785034,XGBoost,Prediction,Train
2104,2025-04-22,P009,2.7116177082061768,XGBoost,Prediction,Train
2105,2025-04-23,P009,1.831523895263672,XGBoost,Prediction,Train
2106,2025-04-24,P009,2.619152784347534,XGBoost,Prediction,Train
2107,2025-04-25,P009,0.6451923847198486,XGBoost,Prediction,Train
2108,2025-04-26,P009,3.220329761505127,XGBoost,Prediction,Train
2109,2025-04-27,P009,3.1570379734039307,XGBoost,Prediction,Train
2110,2025-04-28,P009,1.9100875854492188,XGBoost,Prediction,Train
2111,2025-04-29,P009,0.6992664337158203,XGBoost,Prediction,Train
2112,2025-04-30,P009,4.315622806549072,XGBoost,Prediction,Train
2113,2025-05-01,P009,2.6151604652404785,XGBoost,Prediction,Train
2114,2025-05-02,P009,1.919949650764465,XGBoost,Prediction,Train
2115,2025-05-03,P009,4.070757389068604,XGBoost,Prediction,Train
2116,2025-05-04,P009,1.8986161947250368,XGBoost,Prediction,Train
2117,2025-05-05,P009,1.4056274890899658,XGBoost,Prediction,Train
2118,2025-05-06,P009,2.162086248397827,XGBoost,Prediction,Train
2119,2025-05-07,P009,1.8767145872116089,XGBoost,Prediction,Train
2120,2025-05-08,P009,1.70976984500885,XGBoost,Prediction,Train
2121,2025-05-09,P009,1.3579659461975098,XGBoost,Prediction,Train
2122,2025-05-10,P009,3.458876132965088,XGBoost,Prediction,Train
2123,2025-05-11,P009,1.38909649848938,XGBoost,Prediction,Train
2124,2025-05-12,P009,0.8725500702857971,XGBoost,Prediction,Train
2125,2025-05-13,P009,1.8075045347213743,XGBoost,Prediction,Train
2126,2025-05-14,P009,2.1187000274658203,XGBoost,Prediction,Train
2127,2025-05-15,P009,3.175206184387207,XGBoost,Prediction,Train
2128,2025-05-16,P009,2.061203956604004,XGBoost,Prediction,Train
2129,2025-05-17,P009,2.472233772277832,XGBoost,Prediction,Train
2130,2025-05-18,P009,0.8372384905815125,XGBoost,Prediction,Train
2131,2025-05-19,P009,4.160312652587891,XGBoost,Prediction,Train
2132,2025-05-20,P009,1.00024151802063,XGBoost,Prediction,Train
2133,2025-05-21,P009,0.574674129486084,XGBoost,Prediction,Train
2134,2025-05-22,P009,2.172041893005371,XGBoost,Prediction,Train
2135,2025-05-23,P009,3.446341753005981,XGBoost,Prediction,Train
2136,2025-05-24,P009,1.4981378316879272,XGBoost,Prediction,Train
2137,2025-05-25,P009,2.279534339904785,XGBoost,Prediction,Train
2138,2025-05-26,P009,0.640414834022522,XGBoost,Prediction,Train
2139,2025-05-27,P009,1.1740761995315552,XGBoost,Prediction,Train
2140,2025-05-28,P009,1.946261167526245,XGBoost,Prediction,Train
2141,2025-05-29,P009,0.8322677612304688,XGBoost,Prediction,Train
2142,2025-05-30,P009,0.8156571388244629,XGBoost,Prediction,Train
2143,2025-05-31,P009,0.6736143231391907,XGBoost,Prediction,Train
2144,2025-06-01,P009,1.8199796676635744,XGBoost,Prediction,Train
2145,2025-06-02,P009,2.604467868804932,XGBoost,Prediction,Train
2146,2025-06-03,P009,2.4248993396759038,XGBoost,Prediction,Train
2147,2025-06-04,P009,4.857503414154053,XGBoost,Prediction,Train
2148,2025-06-05,P009,5.534964084625244,XGBoost,Prediction,Train
2149,2025-06-06,P009,4.5386176109313965,XGBoost,Prediction,Train
2150,2025-06-07,P009,2.0221285820007324,XGBoost,Prediction,Train
2151,2025-06-08,P009,1.0391921997070312,XGBoost,Prediction,Train
2152,2025-06-09,P009,0.7075713276863098,XGBoost,Prediction,Train
2153,2025-06-10,P009,1.8471453189849851,XGBoost,Prediction,Train
2154,2025-06-11,P009,4.526843547821045,XGBoost,Prediction,Train
2155,2025-06-12,P009,2.001864433288574,XGBoost,Prediction,Train
2156,2025-06-13,P009,3.4977006912231445,XGBoost,Prediction,Train
2157,2025-06-14,P009,1.989551305770874,XGBoost,Prediction,Train
2158,2025-06-15,P009,2.0042335987091064,XGBoost,Prediction,Train
2159,2025-06-16,P009,2.1560652256011963,XGBoost,Prediction,Train
2160,2025-06-17,P009,4.564990520477295,XGBoost,Prediction,Train
2161,2025-06-18,P009,4.799320697784424,XGBoost,Prediction,Train
2162,2025-06-19,P009,0.675732433795929,XGBoost,Prediction,Train
2163,2025-06-20,P009,1.2966265678405762,XGBoost,Prediction,Train
2164,2025-06-21,P009,0.8472787737846375,XGBoost,Prediction,Train
2165,2025-06-22,P009,1.4639898538589478,XGBoost,Prediction,Train
2166,2025-06-23,P009,0.7433461546897888,XGBoost,Prediction,Train
2167,2025-06-24,P009,2.064459562301636,XGBoost,Prediction,Train
2168,2025-06-25,P009,2.9151835441589355,XGBoost,Prediction,Train
2169,2025-06-26,P009,3.9632627964019775,XGBoost,Prediction,Train
2170,2025-06-27,P009,3.3824920654296875,XGBoost,Prediction,Train
2171,2025-06-28,P009,0.936555802822113,XGBoost,Prediction,Train
2172,2025-06-29,P009,4.076902866363525,XGBoost,Prediction,Train
2173,2025-06-30,P009,5.281062126159668,XGBoost,Prediction,Train
2174,2025-07-01,P009,0.8051578402519226,XGBoost,Prediction,Train
2175,2025-07-02,P009,0.8895151615142822,XGBoost,Prediction,Train
2176,2025-07-03,P009,0.6483768820762634,XGBoost,Prediction,Train
2177,2025-07-04,P009,0.5859240293502808,XGBoost,Prediction,Train
2178,2025-07-05,P009,1.80257260799408,XGBoost,Prediction,Train
2179,2025-07-06,P009,4.727896213531494,XGBoost,Prediction,Train
2180,2025-07-07,P009,2.7177507877349854,XGBoost,Prediction,Train
2181,2025-07-08,P009,4.080546379089356,XGBoost,Prediction,Train
2182,2025-07-09,P009,0.6495440006256104,XGBoost,Prediction,Train
2183,2025-07-10,P009,3.4352223873138428,XGBoost,Prediction,Train
2184,2025-07-11,P009,0.9195743203163148,XGBoost,Prediction,Train
2185,2025-07-12,P009,5.131313323974609,XGBoost,Prediction,Train
2186,2025-07-13,P009,3.606622695922852,XGBoost,Prediction,Train
2187,2025-07-14,P009,1.3630499839782717,XGBoost,Prediction,Train
2188,2025-07-15,P009,3.2151143550872803,XGBoost,Prediction,Train
2189,2025-07-16,P009,0.9767729043960572,XGBoost,Prediction,Train
2190,2025-07-17,P009,2.3600220680236816,XGBoost,Prediction,Train
2191,2025-07-18,P009,2.669426202774048,XGBoost,Prediction,Train
2192,2025-07-19,P009,3.515841484069824,XGBoost,Prediction,Train
2193,2025-07-20,P009,0.778436005115509,XGBoost,Prediction,Train
2194,2025-07-21,P009,0.910616099834442,XGBoost,Prediction,Train
2195,2025-07-22,P009,2.6515378952026367,XGBoost,Prediction,Train
2196,2025-07-23,P009,0.7560874819755554,XGBoost,Prediction,Train
2197,2025-07-24,P009,0.844646155834198,XGBoost,Prediction,Train
2198,2025-07-25,P009,0.8758788704872131,XGBoost,Prediction,Train
2199,2025-07-26,P009,2.784228563308716,XGBoost,Prediction,Train
2200,2025-07-27,P009,2.294545888900757,XGBoost,Prediction,Train
2201,2025-07-28,P009,3.4275619983673096,XGBoost,Prediction,Train
2202,2025-07-29,P009,3.958291530609131,XGBoost,Prediction,Train
2203,2025-07-30,P009,0.9968716502189636,XGBoost,Prediction,Train
2204,2025-07-31,P009,1.2385953664779663,XGBoost,Prediction,Train
2205,2025-08-01,P009,1.1949200630187988,XGBoost,Prediction,Train
2206,2025-08-02,P009,0.71366947889328,XGBoost,Prediction,Train
2207,2025-08-03,P009,2.786873817443848,XGBoost,Prediction,Train
2208,2025-08-04,P009,1.1695895195007324,XGBoost,Prediction,Train
2209,2025-08-05,P009,0.7475364208221436,XGBoost,Prediction,Train
2210,2025-08-06,P009,1.3477784395217896,XGBoost,Prediction,Train
2211,2025-08-07,P009,1.8783211708068848,XGBoost,Prediction,Train
2212,2025-08-08,P009,2.6031928062438965,XGBoost,Prediction,Train
2213,2025-08-09,P009,1.3797107934951782,XGBoost,Prediction,Train
2214,2025-08-10,P009,0.8446202278137207,XGBoost,Prediction,Train
2215,2025-08-11,P009,0.9103395342826844,XGBoost,Prediction,Train
2216,2025-08-12,P009,1.0895061492919922,XGBoost,Prediction,Train
2217,2025-08-13,P009,1.011088728904724,XGBoost,Prediction,Train
2218,2025-08-14,P009,0.5138787627220154,XGBoost,Prediction,Train
2219,2025-08-15,P009,2.742795467376709,XGBoost,Prediction,Train
2220,2025-08-16,P009,2.0784614086151123,XGBoost,Prediction,Train
2221,2025-08-17,P009,1.851315975189209,XGBoost,Prediction,Train
2222,2025-08-18,P009,1.1087100505828855,XGBoost,Prediction,Train
2223,2025-08-19,P009,2.0582520961761475,XGBoost,Prediction,Train
2224,2025-08-20,P009,1.5948519706726074,XGBoost,Prediction,Train
2225,2025-08-21,P009,3.248889923095703,XGBoost,Prediction,Train
2226,2025-08-22,P009,1.4628677368164062,XGBoost,Prediction,Train
2227,2025-08-23,P009,1.5082520246505735,XGBoost,Prediction,Train
2228,2025-08-24,P009,3.450317859649658,XGBoost,Prediction,Train
2229,2025-08-25,P009,1.2680199146270752,XGBoost,Prediction,Train
2230,2025-08-26,P009,2.175493001937866,XGBoost,Prediction,Train
2231,2025-08-27,P009,0.8667314648628235,XGBoost,Prediction,Train
2232,2025-08-28,P009,2.6240811347961426,XGBoost,Prediction,Train
2233,2025-08-29,P009,2.8685221672058105,XGBoost,Prediction,Train
2234,2025-08-30,P009,5.360958099365234,XGBoost,Prediction,Train
2235,2025-08-31,P009,4.859279155731201,XGBoost,Prediction,Train
2236,2025-09-01,P009,1.1758413314819336,XGBoost,Prediction,Train
2237,2025-09-02,P009,3.4720101356506348,XGBoost,Prediction,Train
2238,2025-09-03,P009,0.863685667514801,XGBoost,Prediction,Train
2239,2025-09-04,P009,0.6007211804389954,XGBoost,Prediction,Train
2240,2025-09-05,P009,0.9124287962913512,XGBoost,Prediction,Train
2241,2025-09-06,P009,1.8695733547210691,XGBoost,Prediction,Train
2242,2025-09-07,P009,0.9085878133773804,XGBoost,Prediction,Train
2243,2025-09-08,P009,0.9119589924812316,XGBoost,Prediction,Train
2244,2025-09-09,P009,3.233180284500122,XGBoost,Prediction,Train
2245,2025-09-10,P009,1.1972088813781738,XGBoost,Prediction,Train
2246,2025-09-11,P009,2.550128936767578,XGBoost,Prediction,Train
2247,2025-09-12,P009,0.7512336373329163,XGBoost,Prediction,Train
2248,2025-09-13,P009,4.50455379486084,XGBoost,Prediction,Train
2249,2025-09-14,P009,1.3795270919799805,XGBoost,Prediction,Train
2250,2025-01-08,P010,2.667079210281372,XGBoost,Prediction,Train
2251,2025-01-09,P010,4.915248394012451,XGBoost,Prediction,Train
2252,2025-01-10,P010,1.1693875789642334,XGBoost,Prediction,Train
2253,2025-01-11,P010,0.5651333928108215,XGBoost,Prediction,Train
2254,2025-01-12,P010,1.0564559698104858,XGBoost,Prediction,Train
2255,2025-01-13,P010,1.2262836694717407,XGBoost,Prediction,Train
2256,2025-01-14,P010,2.823606252670288,XGBoost,Prediction,Train
2257,2025-01-15,P010,0.6124690771102905,XGBoost,Prediction,Train
2258,2025-01-16,P010,0.6513774394989014,XGBoost,Prediction,Train
2259,2025-01-17,P010,2.685258388519287,XGBoost,Prediction,Train
2260,2025-01-18,P010,2.0307860374450684,XGBoost,Prediction,Train
2261,2025-01-19,P010,4.073769569396973,XGBoost,Prediction,Train
2262,2025-01-20,P010,1.8471856117248533,XGBoost,Prediction,Train
2263,2025-01-21,P010,4.040788173675537,XGBoost,Prediction,Train
2264,2025-01-22,P010,0.8380048871040344,XGBoost,Prediction,Train
2265,2025-01-23,P010,5.044529438018799,XGBoost,Prediction,Train
2266,2025-01-24,P010,2.6007587909698486,XGBoost,Prediction,Train
2267,2025-01-25,P010,0.7440795302391052,XGBoost,Prediction,Train
2268,2025-01-26,P010,1.836907148361206,XGBoost,Prediction,Train
2269,2025-01-27,P010,1.2311071157455444,XGBoost,Prediction,Train
2270,2025-01-28,P010,1.3872605562210083,XGBoost,Prediction,Train
2271,2025-01-29,P010,1.275232434272766,XGBoost,Prediction,Train
2272,2025-01-30,P010,4.640264511108398,XGBoost,Prediction,Train
2273,2025-01-31,P010,0.662412703037262,XGBoost,Prediction,Train
2274,2025-02-01,P010,1.056389331817627,XGBoost,Prediction,Train
2275,2025-02-02,P010,1.9363272190093996,XGBoost,Prediction,Train
2276,2025-02-03,P010,1.8564355373382568,XGBoost,Prediction,Train
2277,2025-02-04,P010,4.2626566886901855,XGBoost,Prediction,Train
2278,2025-02-05,P010,0.673890233039856,XGBoost,Prediction,Train
2279,2025-02-06,P010,2.4265613555908203,XGBoost,Prediction,Train
2280,2025-02-07,P010,0.7663052678108215,XGBoost,Prediction,Train
2281,2025-02-08,P010,2.7044386863708496,XGBoost,Prediction,Train
2282,2025-02-09,P010,2.154216766357422,XGBoost,Prediction,Train
2283,2025-02-10,P010,0.6044921278953552,XGBoost,Prediction,Train
2284,2025-02-11,P010,2.587964534759521,XGBoost,Prediction,Train
2285,2025-02-12,P010,1.373064398765564,XGBoost,Prediction,Train
2286,2025-02-13,P010,0.7224152684211731,XGBoost,Prediction,Train
2287,2025-02-14,P010,5.513089179992676,XGBoost,Prediction,Train
2288,2025-02-15,P010,0.8901883959770203,XGBoost,Prediction,Train
2289,2025-02-16,P010,2.921795129776001,XGBoost,Prediction,Train
2290,2025-02-17,P010,0.7574156522750854,XGBoost,Prediction,Train
2291,2025-02-18,P010,1.14682936668396,XGBoost,Prediction,Train
2292,2025-02-19,P010,3.7070400714874263,XGBoost,Prediction,Train
2293,2025-02-20,P010,3.499275922775269,XGBoost,Prediction,Train
2294,2025-02-21,P010,1.0820316076278689,XGBoost,Prediction,Train
2295,2025-02-22,P010,2.6553738117218018,XGBoost,Prediction,Train
2296,2025-02-23,P010,4.13580322265625,XGBoost,Prediction,Train
2297,2025-02-24,P010,1.2323791980743408,XGBoost,Prediction,Train
2298,2025-02-25,P010,1.2175554037094116,XGBoost,Prediction,Train
2299,2025-02-26,P010,3.810221910476685,XGBoost,Prediction,Train
2300,2025-02-27,P010,1.555543303489685,XGBoost,Prediction,Train
2301,2025-02-28,P010,1.8302072286605835,XGBoost,Prediction,Train
2302,2025-03-01,P010,1.373735427856445,XGBoost,Prediction,Train
2303,2025-03-02,P010,0.9139629602432252,XGBoost,Prediction,Train
2304,2025-03-03,P010,0.8866783380508423,XGBoost,Prediction,Train
2305,2025-03-04,P010,2.19766616821289,XGBoost,Prediction,Train
2306,2025-03-05,P010,5.070709228515625,XGBoost,Prediction,Train
2307,2025-03-06,P010,2.9212093353271484,XGBoost,Prediction,Train
2308,2025-03-07,P010,0.7047710418701172,XGBoost,Prediction,Train
2309,2025-03-08,P010,1.7509915828704834,XGBoost,Prediction,Train
2310,2025-03-09,P010,3.753629922866821,XGBoost,Prediction,Train
2311,2025-03-10,P010,1.8092005252838133,XGBoost,Prediction,Train
2312,2025-03-11,P010,1.1361334323883057,XGBoost,Prediction,Train
2313,2025-03-12,P010,0.6735566258430481,XGBoost,Prediction,Train
2314,2025-03-13,P010,0.709495484828949,XGBoost,Prediction,Train
2315,2025-03-14,P010,0.8223237991333008,XGBoost,Prediction,Train
2316,2025-03-15,P010,2.249269962310791,XGBoost,Prediction,Train
2317,2025-03-16,P010,0.9539185166358948,XGBoost,Prediction,Train
2318,2025-03-17,P010,0.8125536441802979,XGBoost,Prediction,Train
2319,2025-03-18,P010,3.385768175125122,XGBoost,Prediction,Train
2320,2025-03-19,P010,0.7089152932167053,XGBoost,Prediction,Train
2321,2025-03-20,P010,2.527406692504883,XGBoost,Prediction,Train
2322,2025-03-21,P010,6.268187046051025,XGBoost,Prediction,Train
2323,2025-03-22,P010,0.8274820446968079,XGBoost,Prediction,Train
2324,2025-03-23,P010,2.9979512691497803,XGBoost,Prediction,Train
2325,2025-03-24,P010,3.187202453613281,XGBoost,Prediction,Train
2326,2025-03-25,P010,2.657726287841797,XGBoost,Prediction,Train
2327,2025-03-26,P010,1.873275876045227,XGBoost,Prediction,Train
2328,2025-03-27,P010,3.606957197189331,XGBoost,Prediction,Train
2329,2025-03-28,P010,1.645222544670105,XGBoost,Prediction,Train
2330,2025-03-29,P010,0.7151150107383728,XGBoost,Prediction,Train
2331,2025-03-30,P010,2.731407165527344,XGBoost,Prediction,Train
2332,2025-03-31,P010,0.5897432565689087,XGBoost,Prediction,Train
2333,2025-04-01,P010,0.8991711735725403,XGBoost,Prediction,Train
2334,2025-04-02,P010,4.518988132476807,XGBoost,Prediction,Train
2335,2025-04-03,P010,4.422990798950195,XGBoost,Prediction,Train
2336,2025-04-04,P010,2.820294141769409,XGBoost,Prediction,Train
2337,2025-04-05,P010,1.08467435836792,XGBoost,Prediction,Train
2338,2025-04-06,P010,1.2403316497802734,XGBoost,Prediction,Train
2339,2025-04-07,P010,0.7843403816223145,XGBoost,Prediction,Train
2340,2025-04-08,P010,1.4038530588150024,XGBoost,Prediction,Train
2341,2025-04-09,P010,2.793833017349243,XGBoost,Prediction,Train
2342,2025-04-10,P010,0.6632146835327148,XGBoost,Prediction,Train
2343,2025-04-11,P010,1.207372784614563,XGBoost,Prediction,Train
2344,2025-04-12,P010,2.650052547454834,XGBoost,Prediction,Train
2345,2025-04-13,P010,3.893756628036499,XGBoost,Prediction,Train
2346,2025-04-14,P010,2.4248061180114746,XGBoost,Prediction,Train
2347,2025-04-15,P010,0.4478988349437713,XGBoost,Prediction,Train
2348,2025-04-16,P010,0.7212994694709778,XGBoost,Prediction,Train
2349,2025-04-17,P010,0.6781812310218811,XGBoost,Prediction,Train
2350,2025-04-18,P010,2.0290839672088623,XGBoost,Prediction,Train
2351,2025-04-19,P010,0.7926018834114075,XGBoost,Prediction,Train
2352,2025-04-20,P010,1.9660216569900515,XGBoost,Prediction,Train
2353,2025-04-21,P010,2.7428009510040283,XGBoost,Prediction,Train
2354,2025-04-22,P010,3.9338626861572266,XGBoost,Prediction,Train
2355,2025-04-23,P010,4.080893516540527,XGBoost,Prediction,Train
2356,2025-04-24,P010,0.7797801494598389,XGBoost,Prediction,Train
2357,2025-04-25,P010,0.7095224261283875,XGBoost,Prediction,Train
2358,2025-04-26,P010,6.156698226928711,XGBoost,Prediction,Train
2359,2025-04-27,P010,1.6456542015075684,XGBoost,Prediction,Train
2360,2025-04-28,P010,3.120224475860596,XGBoost,Prediction,Train
2361,2025-04-29,P010,1.92817223072052,XGBoost,Prediction,Train
2362,2025-04-30,P010,0.8515309691429138,XGBoost,Prediction,Train
2363,2025-05-01,P010,4.284037590026856,XGBoost,Prediction,Train
2364,2025-05-02,P010,2.006225109100342,XGBoost,Prediction,Train
2365,2025-05-03,P010,0.7175549864768982,XGBoost,Prediction,Train
2366,2025-05-04,P010,5.081275463104248,XGBoost,Prediction,Train
2367,2025-05-05,P010,1.3138988018035889,XGBoost,Prediction,Train
2368,2025-05-06,P010,1.313730001449585,XGBoost,Prediction,Train
2369,2025-05-07,P010,0.700870931148529,XGBoost,Prediction,Train
2370,2025-05-08,P010,2.281160831451416,XGBoost,Prediction,Train
2371,2025-05-09,P010,2.609257698059082,XGBoost,Prediction,Train
2372,2025-05-10,P010,1.2961933612823486,XGBoost,Prediction,Train
2373,2025-05-11,P010,2.7297780513763428,XGBoost,Prediction,Train
2374,2025-05-12,P010,0.9334717392921448,XGBoost,Prediction,Train
2375,2025-05-13,P010,2.448787212371826,XGBoost,Prediction,Train
2376,2025-05-14,P010,1.8939540386199951,XGBoost,Prediction,Train
2377,2025-05-15,P010,4.77443265914917,XGBoost,Prediction,Train
2378,2025-05-16,P010,2.7863540649414062,XGBoost,Prediction,Train
2379,2025-05-17,P010,2.7501142024993896,XGBoost,Prediction,Train
2380,2025-05-18,P010,3.214650154113769,XGBoost,Prediction,Train
2381,2025-05-19,P010,1.00814950466156,XGBoost,Prediction,Train
2382,2025-05-20,P010,1.6436371803283691,XGBoost,Prediction,Train
2383,2025-05-21,P010,0.980932891368866,XGBoost,Prediction,Train
2384,2025-05-22,P010,1.1948108673095703,XGBoost,Prediction,Train
2385,2025-05-23,P010,3.3614957332611084,XGBoost,Prediction,Train
2386,2025-05-24,P010,0.8680260181427002,XGBoost,Prediction,Train
2387,2025-05-25,P010,1.0843957662582395,XGBoost,Prediction,Train
2388,2025-05-26,P010,0.6496522426605225,XGBoost,Prediction,Train
2389,2025-05-27,P010,0.4627142548561096,XGBoost,Prediction,Train
2390,2025-05-28,P010,0.6473647952079773,XGBoost,Prediction,Train
2391,2025-05-29,P010,0.6318747401237488,XGBoost,Prediction,Train
2392,2025-05-30,P010,2.733262538909912,XGBoost,Prediction,Train
2393,2025-05-31,P010,4.577810764312744,XGBoost,Prediction,Train
2394,2025-06-01,P010,0.9664598107337952,XGBoost,Prediction,Train
2395,2025-06-02,P010,3.981489896774292,XGBoost,Prediction,Train
2396,2025-06-03,P010,2.769618511199951,XGBoost,Prediction,Train
2397,2025-06-04,P010,4.323672771453857,XGBoost,Prediction,Train
2398,2025-06-05,P010,1.8811556100845337,XGBoost,Prediction,Train
2399,2025-06-06,P010,2.3878414630889893,XGBoost,Prediction,Train
2400,2025-06-07,P010,0.6524282097816467,XGBoost,Prediction,Train
2401,2025-06-08,P010,0.7021780610084534,XGBoost,Prediction,Train
2402,2025-06-09,P010,1.6037646532058716,XGBoost,Prediction,Train
2403,2025-06-10,P010,1.851686716079712,XGBoost,Prediction,Train
2404,2025-06-11,P010,2.544373035430908,XGBoost,Prediction,Train
2405,2025-06-12,P010,0.8904586434364319,XGBoost,Prediction,Train
2406,2025-06-13,P010,2.4609570503234863,XGBoost,Prediction,Train
2407,2025-06-14,P010,0.7216763496398926,XGBoost,Prediction,Train
2408,2025-06-15,P010,0.9720755219459534,XGBoost,Prediction,Train
2409,2025-06-16,P010,0.9400657415390016,XGBoost,Prediction,Train
2410,2025-06-17,P010,1.2300572395324707,XGBoost,Prediction,Train
2411,2025-06-18,P010,1.1487776041030884,XGBoost,Prediction,Train
2412,2025-06-19,P010,1.9353837966918943,XGBoost,Prediction,Train
2413,2025-06-20,P010,3.368690013885498,XGBoost,Prediction,Train
2414,2025-06-21,P010,4.004014015197754,XGBoost,Prediction,Train
2415,2025-06-22,P010,1.2782646417617798,XGBoost,Prediction,Train
2416,2025-06-23,P010,0.7636863589286804,XGBoost,Prediction,Train
2417,2025-06-24,P010,3.671242237091065,XGBoost,Prediction,Train
2418,2025-06-25,P010,1.8628844022750852,XGBoost,Prediction,Train
2419,2025-06-26,P010,0.9135494828224182,XGBoost,Prediction,Train
2420,2025-06-27,P010,2.380098581314087,XGBoost,Prediction,Train
2421,2025-06-28,P010,4.790183544158936,XGBoost,Prediction,Train
2422,2025-06-29,P010,3.0968894958496094,XGBoost,Prediction,Train
2423,2025-06-30,P010,1.1608312129974363,XGBoost,Prediction,Train
2424,2025-07-01,P010,0.788392186164856,XGBoost,Prediction,Train
2425,2025-07-02,P010,1.339136004447937,XGBoost,Prediction,Train
2426,2025-07-03,P010,1.2424252033233645,XGBoost,Prediction,Train
2427,2025-07-04,P010,0.7684755325317383,XGBoost,Prediction,Train
2428,2025-07-05,P010,2.5448622703552246,XGBoost,Prediction,Train
2429,2025-07-06,P010,4.370176792144775,XGBoost,Prediction,Train
2430,2025-07-07,P010,1.864296555519104,XGBoost,Prediction,Train
2431,2025-07-08,P010,3.854783296585083,XGBoost,Prediction,Train
2432,2025-07-09,P010,1.2825515270233154,XGBoost,Prediction,Train
2433,2025-07-10,P010,1.7442160844802856,XGBoost,Prediction,Train
2434,2025-07-11,P010,0.7796717286109924,XGBoost,Prediction,Train
2435,2025-07-12,P010,1.9325463771820068,XGBoost,Prediction,Train
2436,2025-07-13,P010,0.7824415564537048,XGBoost,Prediction,Train
2437,2025-07-14,P010,2.610952615737915,XGBoost,Prediction,Train
2438,2025-07-15,P010,0.7905332446098328,XGBoost,Prediction,Train
2439,2025-07-16,P010,0.9428738951683044,XGBoost,Prediction,Train
2440,2025-07-17,P010,0.6675401329994202,XGBoost,Prediction,Train
2441,2025-07-18,P010,2.3178091049194336,XGBoost,Prediction,Train
2442,2025-07-19,P010,2.712324380874634,XGBoost,Prediction,Train
2443,2025-07-20,P010,0.6354875564575195,XGBoost,Prediction,Train
2444,2025-07-21,P010,5.781816005706787,XGBoost,Prediction,Train
2445,2025-07-22,P010,0.9092970490455629,XGBoost,Prediction,Train
2446,2025-07-23,P010,1.0903544425964355,XGBoost,Prediction,Train
2447,2025-07-24,P010,2.7146553993225098,XGBoost,Prediction,Train
2448,2025-07-25,P010,1.1344447135925293,XGBoost,Prediction,Train
2449,2025-07-26,P010,0.8923224210739136,XGBoost,Prediction,Train
2450,2025-07-27,P010,0.8832033276557922,XGBoost,Prediction,Train
2451,2025-07-28,P010,1.1498879194259644,XGBoost,Prediction,Train
2452,2025-07-29,P010,2.4296770095825195,XGBoost,Prediction,Train
2453,2025-07-30,P010,1.0132502317428589,XGBoost,Prediction,Train
2454,2025-07-31,P010,0.7823886275291443,XGBoost,Prediction,Train
2455,2025-08-01,P010,0.7773048281669617,XGBoost,Prediction,Train
2456,2025-08-02,P010,3.1838595867156982,XGBoost,Prediction,Train
2457,2025-08-03,P010,1.506436824798584,XGBoost,Prediction,Train
2458,2025-08-04,P010,1.404802918434143,XGBoost,Prediction,Train
2459,2025-08-05,P010,1.8870089054107664,XGBoost,Prediction,Train
2460,2025-08-06,P010,1.3335732221603394,XGBoost,Prediction,Train
2461,2025-08-07,P010,2.3500213623046875,XGBoost,Prediction,Train
2462,2025-08-08,P010,2.6204237937927246,XGBoost,Prediction,Train
2463,2025-08-09,P010,0.8194209337234497,XGBoost,Prediction,Train
2464,2025-08-10,P010,2.764540195465088,XGBoost,Prediction,Train
2465,2025-08-11,P010,2.109474897384644,XGBoost,Prediction,Train
2466,2025-08-12,P010,0.8651624917984009,XGBoost,Prediction,Train
2467,2025-08-13,P010,3.455511569976806,XGBoost,Prediction,Train
2468,2025-08-14,P010,1.2919185161590576,XGBoost,Prediction,Train
2469,2025-08-15,P010,0.7230610847473145,XGBoost,Prediction,Train
2470,2025-08-16,P010,1.8650091886520384,XGBoost,Prediction,Train
2471,2025-08-17,P010,2.6152772903442383,XGBoost,Prediction,Train
2472,2025-08-18,P010,0.6816763877868652,XGBoost,Prediction,Train
2473,2025-08-19,P010,2.3503899574279785,XGBoost,Prediction,Train
2474,2025-08-20,P010,1.7487270832061768,XGBoost,Prediction,Train
2475,2025-08-21,P010,3.268871068954468,XGBoost,Prediction,Train
2476,2025-08-22,P010,0.7190056443214417,XGBoost,Prediction,Train
2477,2025-08-23,P010,3.5061583518981934,XGBoost,Prediction,Train
2478,2025-08-24,P010,5.470942497253418,XGBoost,Prediction,Train
2479,2025-08-25,P010,3.88906455039978,XGBoost,Prediction,Train
2480,2025-08-26,P010,6.139102458953857,XGBoost,Prediction,Train
2481,2025-08-27,P010,5.425748348236084,XGBoost,Prediction,Train
2482,2025-08-28,P010,0.8106942176818848,XGBoost,Prediction,Train
2483,2025-08-29,P010,1.0323340892791748,XGBoost,Prediction,Train
2484,2025-08-30,P010,3.534128189086914,XGBoost,Prediction,Train
2485,2025-08-31,P010,1.2475717067718506,XGBoost,Prediction,Train
2486,2025-09-01,P010,2.6164729595184326,XGBoost,Prediction,Train
2487,2025-09-02,P010,0.7263380289077759,XGBoost,Prediction,Train
2488,2025-09-03,P010,0.8360413908958435,XGBoost,Prediction,Train
2489,2025-09-04,P010,1.393153190612793,XGBoost,Prediction,Train
2490,2025-09-05,P010,3.870158433914185,XGBoost,Prediction,Train
2491,2025-09-06,P010,0.912459135055542,XGBoost,Prediction,Train
2492,2025-09-07,P010,1.04477858543396,XGBoost,Prediction,Train
2493,2025-09-08,P010,1.5319077968597412,XGBoost,Prediction,Train
2494,2025-09-09,P010,0.8445768356323242,XGBoost,Prediction,Train
2495,2025-09-10,P010,0.9448702931404114,XGBoost,Prediction,Train
2496,2025-09-11,P010,2.4749984741210938,XGBoost,Prediction,Train
2497,2025-09-12,P010,1.9660807847976685,XGBoost,Prediction,Train
2498,2025-09-13,P010,1.2943329811096191,XGBoost,Prediction,Train
2499,2025-09-14,P010,0.5140392184257507,XGBoost,Prediction,Train
2500,2025-01-08,P011,1.1706963777542114,XGBoost,Prediction,Train
2501,2025-01-09,P011,2.866236448287964,XGBoost,Prediction,Train
2502,2025-01-10,P011,1.1766986846923828,XGBoost,Prediction,Train
2503,2025-01-11,P011,2.705640316009521,XGBoost,Prediction,Train
2504,2025-01-12,P011,1.2178282737731934,XGBoost,Prediction,Train
2505,2025-01-13,P011,2.47580885887146,XGBoost,Prediction,Train
2506,2025-01-14,P011,2.628171920776367,XGBoost,Prediction,Train
2507,2025-01-15,P011,1.997563600540161,XGBoost,Prediction,Train
2508,2025-01-16,P011,0.889167308807373,XGBoost,Prediction,Train
2509,2025-01-17,P011,0.9579503536224364,XGBoost,Prediction,Train
2510,2025-01-18,P011,2.606159448623657,XGBoost,Prediction,Train
2511,2025-01-19,P011,1.0764285326004028,XGBoost,Prediction,Train
2512,2025-01-20,P011,3.8925745487213135,XGBoost,Prediction,Train
2513,2025-01-21,P011,1.970829963684082,XGBoost,Prediction,Train
2514,2025-01-22,P011,4.953703880310059,XGBoost,Prediction,Train
2515,2025-01-23,P011,1.8403010368347168,XGBoost,Prediction,Train
2516,2025-01-24,P011,1.948420763015747,XGBoost,Prediction,Train
2517,2025-01-25,P011,1.2874549627304075,XGBoost,Prediction,Train
2518,2025-01-26,P011,0.6963392496109009,XGBoost,Prediction,Train
2519,2025-01-27,P011,0.9336285591125488,XGBoost,Prediction,Train
2520,2025-01-28,P011,1.203047752380371,XGBoost,Prediction,Train
2521,2025-01-29,P011,0.904114067554474,XGBoost,Prediction,Train
2522,2025-01-30,P011,1.9714927673339844,XGBoost,Prediction,Train
2523,2025-01-31,P011,1.5763977766036987,XGBoost,Prediction,Train
2524,2025-02-01,P011,2.361766815185547,XGBoost,Prediction,Train
2525,2025-02-02,P011,1.2300240993499756,XGBoost,Prediction,Train
2526,2025-02-03,P011,0.910430371761322,XGBoost,Prediction,Train
2527,2025-02-04,P011,2.485748529434204,XGBoost,Prediction,Train
2528,2025-02-05,P011,2.601592540740967,XGBoost,Prediction,Train
2529,2025-02-06,P011,0.6655544638633728,XGBoost,Prediction,Train
2530,2025-02-07,P011,1.0278576612472534,XGBoost,Prediction,Train
2531,2025-02-08,P011,1.1281559467315674,XGBoost,Prediction,Train
2532,2025-02-09,P011,0.6983902454376221,XGBoost,Prediction,Train
2533,2025-02-10,P011,1.2283413410186768,XGBoost,Prediction,Train
2534,2025-02-11,P011,4.0167999267578125,XGBoost,Prediction,Train
2535,2025-02-12,P011,1.086301326751709,XGBoost,Prediction,Train
2536,2025-02-13,P011,4.044147491455078,XGBoost,Prediction,Train
2537,2025-02-14,P011,1.1104850769042969,XGBoost,Prediction,Train
2538,2025-02-15,P011,1.0312265157699585,XGBoost,Prediction,Train
2539,2025-02-16,P011,2.641762971878052,XGBoost,Prediction,Train
2540,2025-02-17,P011,3.128103494644165,XGBoost,Prediction,Train
2541,2025-02-18,P011,0.6076387166976929,XGBoost,Prediction,Train
2542,2025-02-19,P011,2.5555260181427,XGBoost,Prediction,Train
2543,2025-02-20,P011,3.456596612930298,XGBoost,Prediction,Train
2544,2025-02-21,P011,1.4622174501419067,XGBoost,Prediction,Train
2545,2025-02-22,P011,1.996453046798706,XGBoost,Prediction,Train
2546,2025-02-23,P011,1.3667908906936646,XGBoost,Prediction,Train
2547,2025-02-24,P011,5.265591621398926,XGBoost,Prediction,Train
2548,2025-02-25,P011,2.0378353595733643,XGBoost,Prediction,Train
2549,2025-02-26,P011,3.926565170288086,XGBoost,Prediction,Train
2550,2025-02-27,P011,2.82432222366333,XGBoost,Prediction,Train
2551,2025-02-28,P011,2.736735820770264,XGBoost,Prediction,Train
2552,2025-03-01,P011,2.6389496326446533,XGBoost,Prediction,Train
2553,2025-03-02,P011,2.7727980613708496,XGBoost,Prediction,Train
2554,2025-03-03,P011,4.909529685974121,XGBoost,Prediction,Train
2555,2025-03-04,P011,4.259658336639404,XGBoost,Prediction,Train
2556,2025-03-05,P011,0.9481836557388306,XGBoost,Prediction,Train
2557,2025-03-06,P011,1.4245535135269165,XGBoost,Prediction,Train
2558,2025-03-07,P011,0.8130847215652466,XGBoost,Prediction,Train
2559,2025-03-08,P011,0.8314756751060486,XGBoost,Prediction,Train
2560,2025-03-09,P011,1.0045299530029297,XGBoost,Prediction,Train
2561,2025-03-10,P011,2.692829370498657,XGBoost,Prediction,Train
2562,2025-03-11,P011,2.629441499710083,XGBoost,Prediction,Train
2563,2025-03-12,P011,1.0940881967544556,XGBoost,Prediction,Train
2564,2025-03-13,P011,1.9249886274337769,XGBoost,Prediction,Train
2565,2025-03-14,P011,0.6054649949073792,XGBoost,Prediction,Train
2566,2025-03-15,P011,1.428742527961731,XGBoost,Prediction,Train
2567,2025-03-16,P011,1.93921160697937,XGBoost,Prediction,Train
2568,2025-03-17,P011,0.8871386647224426,XGBoost,Prediction,Train
2569,2025-03-18,P011,3.973243236541748,XGBoost,Prediction,Train
2570,2025-03-19,P011,3.9461593627929688,XGBoost,Prediction,Train
2571,2025-03-20,P011,3.903526782989502,XGBoost,Prediction,Train
2572,2025-03-21,P011,1.0156667232513428,XGBoost,Prediction,Train
2573,2025-03-22,P011,1.949786901473999,XGBoost,Prediction,Train
2574,2025-03-23,P011,2.2540361881256104,XGBoost,Prediction,Train
2575,2025-03-24,P011,3.035348892211914,XGBoost,Prediction,Train
2576,2025-03-25,P011,1.416187047958374,XGBoost,Prediction,Train
2577,2025-03-26,P011,2.073690176010132,XGBoost,Prediction,Train
2578,2025-03-27,P011,0.8723783493041992,XGBoost,Prediction,Train
2579,2025-03-28,P011,1.0588102340698242,XGBoost,Prediction,Train
2580,2025-03-29,P011,1.3642020225524902,XGBoost,Prediction,Train
2581,2025-03-30,P011,0.7088519930839539,XGBoost,Prediction,Train
2582,2025-03-31,P011,3.688841581344605,XGBoost,Prediction,Train
2583,2025-04-01,P011,1.01641583442688,XGBoost,Prediction,Train
2584,2025-04-02,P011,1.981455445289612,XGBoost,Prediction,Train
2585,2025-04-03,P011,2.714789390563965,XGBoost,Prediction,Train
2586,2025-04-04,P011,4.346433639526367,XGBoost,Prediction,Train
2587,2025-04-05,P011,0.8677630424499512,XGBoost,Prediction,Train
2588,2025-04-06,P011,2.533442735671997,XGBoost,Prediction,Train
2589,2025-04-07,P011,0.9625338315963744,XGBoost,Prediction,Train
2590,2025-04-08,P011,2.093235969543457,XGBoost,Prediction,Train
2591,2025-04-09,P011,2.019634246826172,XGBoost,Prediction,Train
2592,2025-04-10,P011,1.9986276626586916,XGBoost,Prediction,Train
2593,2025-04-11,P011,2.486933708190918,XGBoost,Prediction,Train
2594,2025-04-12,P011,0.9506418704986572,XGBoost,Prediction,Train
2595,2025-04-13,P011,2.44990873336792,XGBoost,Prediction,Train
2596,2025-04-14,P011,1.0916754007339478,XGBoost,Prediction,Train
2597,2025-04-15,P011,2.5541563034057617,XGBoost,Prediction,Train
2598,2025-04-16,P011,1.1176574230194092,XGBoost,Prediction,Train
2599,2025-04-17,P011,2.450978279113769,XGBoost,Prediction,Train
2600,2025-04-18,P011,3.656270265579224,XGBoost,Prediction,Train
2601,2025-04-19,P011,4.52852725982666,XGBoost,Prediction,Train
2602,2025-04-20,P011,2.641363382339477,XGBoost,Prediction,Train
2603,2025-04-21,P011,4.852754592895508,XGBoost,Prediction,Train
2604,2025-04-22,P011,1.3127623796463013,XGBoost,Prediction,Train
2605,2025-04-23,P011,5.028534412384033,XGBoost,Prediction,Train
2606,2025-04-24,P011,1.3131470680236816,XGBoost,Prediction,Train
2607,2025-04-25,P011,5.2888665199279785,XGBoost,Prediction,Train
2608,2025-04-26,P011,1.2945209741592407,XGBoost,Prediction,Train
2609,2025-04-27,P011,1.8353350162506104,XGBoost,Prediction,Train
2610,2025-04-28,P011,1.36178719997406,XGBoost,Prediction,Train
2611,2025-04-29,P011,3.479952812194824,XGBoost,Prediction,Train
2612,2025-04-30,P011,2.68049430847168,XGBoost,Prediction,Train
2613,2025-05-01,P011,2.541935920715332,XGBoost,Prediction,Train
2614,2025-05-02,P011,3.2768893241882324,XGBoost,Prediction,Train
2615,2025-05-03,P011,1.6182715892791748,XGBoost,Prediction,Train
2616,2025-05-04,P011,2.7798852920532227,XGBoost,Prediction,Train
2617,2025-05-05,P011,0.9435904622077942,XGBoost,Prediction,Train
2618,2025-05-06,P011,1.1079583168029783,XGBoost,Prediction,Train
2619,2025-05-07,P011,2.6367745399475098,XGBoost,Prediction,Train
2620,2025-05-08,P011,0.902138352394104,XGBoost,Prediction,Train
2621,2025-05-09,P011,0.9197894334793092,XGBoost,Prediction,Train
2622,2025-05-10,P011,0.982132613658905,XGBoost,Prediction,Train
2623,2025-05-11,P011,2.741213083267212,XGBoost,Prediction,Train
2624,2025-05-12,P011,2.0078938007354736,XGBoost,Prediction,Train
2625,2025-05-13,P011,2.525430679321289,XGBoost,Prediction,Train
2626,2025-05-14,P011,2.592471122741699,XGBoost,Prediction,Train
2627,2025-05-15,P011,1.2018578052520752,XGBoost,Prediction,Train
2628,2025-05-16,P011,3.573215246200561,XGBoost,Prediction,Train
2629,2025-05-17,P011,1.3538930416107178,XGBoost,Prediction,Train
2630,2025-05-18,P011,2.66318416595459,XGBoost,Prediction,Train
2631,2025-05-19,P011,1.1360780000686646,XGBoost,Prediction,Train
2632,2025-05-20,P011,1.4085394144058228,XGBoost,Prediction,Train
2633,2025-05-21,P011,0.6187608242034912,XGBoost,Prediction,Train
2634,2025-05-22,P011,4.753606796264648,XGBoost,Prediction,Train
2635,2025-05-23,P011,4.1517863273620605,XGBoost,Prediction,Train
2636,2025-05-24,P011,1.2936749458312988,XGBoost,Prediction,Train
2637,2025-05-25,P011,2.1399037837982178,XGBoost,Prediction,Train
2638,2025-05-26,P011,3.016752243041992,XGBoost,Prediction,Train
2639,2025-05-27,P011,4.009139537811279,XGBoost,Prediction,Train
2640,2025-05-28,P011,1.861015796661377,XGBoost,Prediction,Train
2641,2025-05-29,P011,0.748576283454895,XGBoost,Prediction,Train
2642,2025-05-30,P011,4.648613452911377,XGBoost,Prediction,Train
2643,2025-05-31,P011,0.9917357563972472,XGBoost,Prediction,Train
2644,2025-06-01,P011,1.4070056676864624,XGBoost,Prediction,Train
2645,2025-06-02,P011,1.1598483324050903,XGBoost,Prediction,Train
2646,2025-06-03,P011,1.8945523500442505,XGBoost,Prediction,Train
2647,2025-06-04,P011,3.917371988296509,XGBoost,Prediction,Train
2648,2025-06-05,P011,3.981924295425415,XGBoost,Prediction,Train
2649,2025-06-06,P011,2.530679941177368,XGBoost,Prediction,Train
2650,2025-06-07,P011,3.249793529510498,XGBoost,Prediction,Train
2651,2025-06-08,P011,1.7564703226089478,XGBoost,Prediction,Train
2652,2025-06-09,P011,0.9432595372200012,XGBoost,Prediction,Train
2653,2025-06-10,P011,3.715737581253052,XGBoost,Prediction,Train
2654,2025-06-11,P011,2.036315441131592,XGBoost,Prediction,Train
2655,2025-06-12,P011,0.934660255908966,XGBoost,Prediction,Train
2656,2025-06-13,P011,1.8602514266967771,XGBoost,Prediction,Train
2657,2025-06-14,P011,5.007611274719238,XGBoost,Prediction,Train
2658,2025-06-15,P011,0.7490997910499573,XGBoost,Prediction,Train
2659,2025-06-16,P011,2.7060747146606445,XGBoost,Prediction,Train
2660,2025-06-17,P011,3.814041376113892,XGBoost,Prediction,Train
2661,2025-06-18,P011,1.5973402261734009,XGBoost,Prediction,Train
2662,2025-06-19,P011,2.4033398628234863,XGBoost,Prediction,Train
2663,2025-06-20,P011,1.4465798139572144,XGBoost,Prediction,Train
2664,2025-06-21,P011,0.6787398457527161,XGBoost,Prediction,Train
2665,2025-06-22,P011,0.636033833026886,XGBoost,Prediction,Train
2666,2025-06-23,P011,2.47328519821167,XGBoost,Prediction,Train
2667,2025-06-24,P011,1.183663010597229,XGBoost,Prediction,Train
2668,2025-06-25,P011,1.234718918800354,XGBoost,Prediction,Train
2669,2025-06-26,P011,1.8592952489852903,XGBoost,Prediction,Train
2670,2025-06-27,P011,0.992377758026123,XGBoost,Prediction,Train
2671,2025-06-28,P011,1.2569501399993896,XGBoost,Prediction,Train
2672,2025-06-29,P011,5.130313873291016,XGBoost,Prediction,Train
2673,2025-06-30,P011,3.7779653072357178,XGBoost,Prediction,Train
2674,2025-07-01,P011,1.4368789196014404,XGBoost,Prediction,Train
2675,2025-07-02,P011,1.0486598014831543,XGBoost,Prediction,Train
2676,2025-07-03,P011,0.9221287369728088,XGBoost,Prediction,Train
2677,2025-07-04,P011,2.7033536434173584,XGBoost,Prediction,Train
2678,2025-07-05,P011,4.026949405670166,XGBoost,Prediction,Train
2679,2025-07-06,P011,1.0398684740066528,XGBoost,Prediction,Train
2680,2025-07-07,P011,3.518992185592652,XGBoost,Prediction,Train
2681,2025-07-08,P011,0.5995631217956543,XGBoost,Prediction,Train
2682,2025-07-09,P011,0.9438514113426208,XGBoost,Prediction,Train
2683,2025-07-10,P011,2.662817001342773,XGBoost,Prediction,Train
2684,2025-07-11,P011,1.1080594062805176,XGBoost,Prediction,Train
2685,2025-07-12,P011,2.482133388519287,XGBoost,Prediction,Train
2686,2025-07-13,P011,1.7211567163467407,XGBoost,Prediction,Train
2687,2025-07-14,P011,0.8021659255027771,XGBoost,Prediction,Train
2688,2025-07-15,P011,2.699768304824829,XGBoost,Prediction,Train
2689,2025-07-16,P011,1.841195106506348,XGBoost,Prediction,Train
2690,2025-07-17,P011,4.469931602478027,XGBoost,Prediction,Train
2691,2025-07-18,P011,2.6692402362823486,XGBoost,Prediction,Train
2692,2025-07-19,P011,4.785446643829346,XGBoost,Prediction,Train
2693,2025-07-20,P011,1.0035433769226074,XGBoost,Prediction,Train
2694,2025-07-21,P011,3.421968936920166,XGBoost,Prediction,Train
2695,2025-07-22,P011,1.9005239009857176,XGBoost,Prediction,Train
2696,2025-07-23,P011,0.8578454256057739,XGBoost,Prediction,Train
2697,2025-07-24,P011,0.8218156099319458,XGBoost,Prediction,Train
2698,2025-07-25,P011,1.9184490442276,XGBoost,Prediction,Train
2699,2025-07-26,P011,0.985675573348999,XGBoost,Prediction,Train
2700,2025-07-27,P011,0.7505979537963867,XGBoost,Prediction,Train
2701,2025-07-28,P011,1.1027463674545288,XGBoost,Prediction,Train
2702,2025-07-29,P011,2.0772252082824707,XGBoost,Prediction,Train
2703,2025-07-30,P011,4.122955799102783,XGBoost,Prediction,Train
2704,2025-07-31,P011,0.993080198764801,XGBoost,Prediction,Train
2705,2025-08-01,P011,1.0829689502716064,XGBoost,Prediction,Train
2706,2025-08-02,P011,1.310877799987793,XGBoost,Prediction,Train
2707,2025-08-03,P011,5.047118663787842,XGBoost,Prediction,Train
2708,2025-08-04,P011,3.1432812213897705,XGBoost,Prediction,Train
2709,2025-08-05,P011,2.56420373916626,XGBoost,Prediction,Train
2710,2025-08-06,P011,0.8169840574264526,XGBoost,Prediction,Train
2711,2025-08-07,P011,3.158968448638916,XGBoost,Prediction,Train
2712,2025-08-08,P011,4.172004699707031,XGBoost,Prediction,Train
2713,2025-08-09,P011,0.9859049916267396,XGBoost,Prediction,Train
2714,2025-08-10,P011,2.046034336090088,XGBoost,Prediction,Train
2715,2025-08-11,P011,2.66286849975586,XGBoost,Prediction,Train
2716,2025-08-12,P011,4.1991472244262695,XGBoost,Prediction,Train
2717,2025-08-13,P011,0.9092978835105896,XGBoost,Prediction,Train
2718,2025-08-14,P011,2.6360249519348145,XGBoost,Prediction,Train
2719,2025-08-15,P011,0.7397482991218567,XGBoost,Prediction,Train
2720,2025-08-16,P011,2.569719076156616,XGBoost,Prediction,Train
2721,2025-08-17,P011,1.9625014066696167,XGBoost,Prediction,Train
2722,2025-08-18,P011,1.1736440658569336,XGBoost,Prediction,Train
2723,2025-08-19,P011,1.14155912399292,XGBoost,Prediction,Train
2724,2025-08-20,P011,2.675852537155152,XGBoost,Prediction,Train
2725,2025-08-21,P011,1.3373398780822754,XGBoost,Prediction,Train
2726,2025-08-22,P011,5.856315612792969,XGBoost,Prediction,Train
2727,2025-08-23,P011,1.015714406967163,XGBoost,Prediction,Train
2728,2025-08-24,P011,5.657092094421387,XGBoost,Prediction,Train
2729,2025-08-25,P011,5.411970138549805,XGBoost,Prediction,Train
2730,2025-08-26,P011,2.036684989929199,XGBoost,Prediction,Train
2731,2025-08-27,P011,2.4888782501220703,XGBoost,Prediction,Train
2732,2025-08-28,P011,2.7678263187408447,XGBoost,Prediction,Train
2733,2025-08-29,P011,1.1361098289489746,XGBoost,Prediction,Train
2734,2025-08-30,P011,0.885877788066864,XGBoost,Prediction,Train
2735,2025-08-31,P011,1.9713239669799805,XGBoost,Prediction,Train
2736,2025-09-01,P011,1.2543736696243286,XGBoost,Prediction,Train
2737,2025-09-02,P011,3.208458423614502,XGBoost,Prediction,Train
2738,2025-09-03,P011,1.3946564197540283,XGBoost,Prediction,Train
2739,2025-09-04,P011,1.0093531608581543,XGBoost,Prediction,Train
2740,2025-09-05,P011,1.8405238389968872,XGBoost,Prediction,Train
2741,2025-09-06,P011,0.876459002494812,XGBoost,Prediction,Train
2742,2025-09-07,P011,1.3836592435836792,XGBoost,Prediction,Train
2743,2025-09-08,P011,1.4927576780319214,XGBoost,Prediction,Train
2744,2025-09-09,P011,2.0122745037078857,XGBoost,Prediction,Train
2745,2025-09-10,P011,0.9884516596794128,XGBoost,Prediction,Train
2746,2025-09-11,P011,0.91043621301651,XGBoost,Prediction,Train
2747,2025-09-12,P011,1.2426927089691162,XGBoost,Prediction,Train
2748,2025-09-13,P011,3.6226401329040527,XGBoost,Prediction,Train
2749,2025-09-14,P011,0.9870911836624146,XGBoost,Prediction,Train
2750,2025-01-08,P012,1.2341647148132324,XGBoost,Prediction,Train
2751,2025-01-09,P012,1.8621480464935305,XGBoost,Prediction,Train
2752,2025-01-10,P012,0.7321683764457703,XGBoost,Prediction,Train
2753,2025-01-11,P012,0.8461951017379761,XGBoost,Prediction,Train
2754,2025-01-12,P012,2.097862958908081,XGBoost,Prediction,Train
2755,2025-01-13,P012,3.362868070602417,XGBoost,Prediction,Train
2756,2025-01-14,P012,0.2298424690961837,XGBoost,Prediction,Train
2757,2025-01-15,P012,4.293211460113525,XGBoost,Prediction,Train
2758,2025-01-16,P012,0.2948753833770752,XGBoost,Prediction,Train
2759,2025-01-17,P012,0.7593268752098083,XGBoost,Prediction,Train
2760,2025-01-18,P012,4.3658599853515625,XGBoost,Prediction,Train
2761,2025-01-19,P012,0.5017943382263184,XGBoost,Prediction,Train
2762,2025-01-20,P012,1.2441223859786987,XGBoost,Prediction,Train
2763,2025-01-21,P012,2.587796688079834,XGBoost,Prediction,Train
2764,2025-01-22,P012,2.4740419387817383,XGBoost,Prediction,Train
2765,2025-01-23,P012,2.661137819290161,XGBoost,Prediction,Train
2766,2025-01-24,P012,2.5208992958068848,XGBoost,Prediction,Train
2767,2025-01-25,P012,0.616292417049408,XGBoost,Prediction,Train
2768,2025-01-26,P012,0.5721207857131958,XGBoost,Prediction,Train
2769,2025-01-27,P012,1.8421672582626345,XGBoost,Prediction,Train
2770,2025-01-28,P012,2.366731882095337,XGBoost,Prediction,Train
2771,2025-01-29,P012,3.738427400588989,XGBoost,Prediction,Train
2772,2025-01-30,P012,2.7549312114715576,XGBoost,Prediction,Train
2773,2025-01-31,P012,0.6526870727539062,XGBoost,Prediction,Train
2774,2025-02-01,P012,4.629719257354736,XGBoost,Prediction,Train
2775,2025-02-02,P012,0.9506874084472656,XGBoost,Prediction,Train
2776,2025-02-03,P012,0.4547871053218841,XGBoost,Prediction,Train
2777,2025-02-04,P012,0.7851992845535278,XGBoost,Prediction,Train
2778,2025-02-05,P012,3.863288164138794,XGBoost,Prediction,Train
2779,2025-02-06,P012,1.809507250785828,XGBoost,Prediction,Train
2780,2025-02-07,P012,0.5224732756614685,XGBoost,Prediction,Train
2781,2025-02-08,P012,1.222463607788086,XGBoost,Prediction,Train
2782,2025-02-09,P012,2.7624645233154297,XGBoost,Prediction,Train
2783,2025-02-10,P012,0.6518089175224304,XGBoost,Prediction,Train
2784,2025-02-11,P012,0.6894329786300659,XGBoost,Prediction,Train
2785,2025-02-12,P012,0.5920432806015015,XGBoost,Prediction,Train
2786,2025-02-13,P012,1.6405763626098633,XGBoost,Prediction,Train
2787,2025-02-14,P012,1.0469748973846436,XGBoost,Prediction,Train
2788,2025-02-15,P012,1.161149024963379,XGBoost,Prediction,Train
2789,2025-02-16,P012,3.2274227142333984,XGBoost,Prediction,Train
2790,2025-02-17,P012,1.839422345161438,XGBoost,Prediction,Train
2791,2025-02-18,P012,0.4844274222850799,XGBoost,Prediction,Train
2792,2025-02-19,P012,3.331131219863892,XGBoost,Prediction,Train
2793,2025-02-20,P012,1.3312915563583374,XGBoost,Prediction,Train
2794,2025-02-21,P012,0.8112586736679077,XGBoost,Prediction,Train
2795,2025-02-22,P012,3.1654253005981445,XGBoost,Prediction,Train
2796,2025-02-23,P012,2.975412607192993,XGBoost,Prediction,Train
2797,2025-02-24,P012,3.1022305488586426,XGBoost,Prediction,Train
2798,2025-02-25,P012,1.6419808864593506,XGBoost,Prediction,Train
2799,2025-02-26,P012,2.7997164726257324,XGBoost,Prediction,Train
2800,2025-02-27,P012,1.256133794784546,XGBoost,Prediction,Train
2801,2025-02-28,P012,0.9204992651939392,XGBoost,Prediction,Train
2802,2025-03-01,P012,3.234346866607666,XGBoost,Prediction,Train
2803,2025-03-02,P012,0.6823710203170776,XGBoost,Prediction,Train
2804,2025-03-03,P012,1.557822585105896,XGBoost,Prediction,Train
2805,2025-03-04,P012,0.9679222702980042,XGBoost,Prediction,Train
2806,2025-03-05,P012,2.9688048362731934,XGBoost,Prediction,Train
2807,2025-03-06,P012,3.810783624649048,XGBoost,Prediction,Train
2808,2025-03-07,P012,0.8239046931266785,XGBoost,Prediction,Train
2809,2025-03-08,P012,4.307075023651123,XGBoost,Prediction,Train
2810,2025-03-09,P012,0.5381325483322144,XGBoost,Prediction,Train
2811,2025-03-10,P012,1.1004207134246826,XGBoost,Prediction,Train
2812,2025-03-11,P012,1.0907864570617676,XGBoost,Prediction,Train
2813,2025-03-12,P012,1.21631121635437,XGBoost,Prediction,Train
2814,2025-03-13,P012,0.9984728097915648,XGBoost,Prediction,Train
2815,2025-03-14,P012,0.692416787147522,XGBoost,Prediction,Train
2816,2025-03-15,P012,4.673262119293213,XGBoost,Prediction,Train
2817,2025-03-16,P012,0.6291155219078064,XGBoost,Prediction,Train
2818,2025-03-17,P012,1.1320298910140991,XGBoost,Prediction,Train
2819,2025-03-18,P012,0.8043991327285767,XGBoost,Prediction,Train
2820,2025-03-19,P012,0.887369692325592,XGBoost,Prediction,Train
2821,2025-03-20,P012,2.542929172515869,XGBoost,Prediction,Train
2822,2025-03-21,P012,2.038740396499634,XGBoost,Prediction,Train
2823,2025-03-22,P012,0.9895651936531068,XGBoost,Prediction,Train
2824,2025-03-23,P012,0.6433217525482178,XGBoost,Prediction,Train
2825,2025-03-24,P012,4.24398136138916,XGBoost,Prediction,Train
2826,2025-03-25,P012,2.4248108863830566,XGBoost,Prediction,Train
2827,2025-03-26,P012,2.5354161262512207,XGBoost,Prediction,Train
2828,2025-03-27,P012,5.729792594909668,XGBoost,Prediction,Train
2829,2025-03-28,P012,1.6307041645050049,XGBoost,Prediction,Train
2830,2025-03-29,P012,0.5947458148002625,XGBoost,Prediction,Train
2831,2025-03-30,P012,2.7124245166778564,XGBoost,Prediction,Train
2832,2025-03-31,P012,0.7489309310913086,XGBoost,Prediction,Train
2833,2025-04-01,P012,1.8565279245376587,XGBoost,Prediction,Train
2834,2025-04-02,P012,2.554600477218628,XGBoost,Prediction,Train
2835,2025-04-03,P012,2.5555522441864014,XGBoost,Prediction,Train
2836,2025-04-04,P012,0.6170910000801086,XGBoost,Prediction,Train
2837,2025-04-05,P012,1.9299663305282595,XGBoost,Prediction,Train
2838,2025-04-06,P012,0.772724449634552,XGBoost,Prediction,Train
2839,2025-04-07,P012,0.4697559773921966,XGBoost,Prediction,Train
2840,2025-04-08,P012,2.80928897857666,XGBoost,Prediction,Train
2841,2025-04-09,P012,2.9228694438934326,XGBoost,Prediction,Train
2842,2025-04-10,P012,1.0129945278167725,XGBoost,Prediction,Train
2843,2025-04-11,P012,1.918819546699524,XGBoost,Prediction,Train
2844,2025-04-12,P012,1.7482712268829346,XGBoost,Prediction,Train
2845,2025-04-13,P012,2.695531845092773,XGBoost,Prediction,Train
2846,2025-04-14,P012,0.4902785420417785,XGBoost,Prediction,Train
2847,2025-04-15,P012,2.4130570888519287,XGBoost,Prediction,Train
2848,2025-04-16,P012,0.6716223955154419,XGBoost,Prediction,Train
2849,2025-04-17,P012,0.7555732727050781,XGBoost,Prediction,Train
2850,2025-04-18,P012,4.448343276977539,XGBoost,Prediction,Train
2851,2025-04-19,P012,0.7378592491149902,XGBoost,Prediction,Train
2852,2025-04-20,P012,1.0424059629440308,XGBoost,Prediction,Train
2853,2025-04-21,P012,1.8045451641082764,XGBoost,Prediction,Train
2854,2025-04-22,P012,0.822641909122467,XGBoost,Prediction,Train
2855,2025-04-23,P012,2.7211151123046875,XGBoost,Prediction,Train
2856,2025-04-24,P012,0.6043956875801086,XGBoost,Prediction,Train
2857,2025-04-25,P012,3.4133448600769043,XGBoost,Prediction,Train
2858,2025-04-26,P012,3.8274154663085938,XGBoost,Prediction,Train
2859,2025-04-27,P012,2.611968994140625,XGBoost,Prediction,Train
2860,2025-04-28,P012,1.311805248260498,XGBoost,Prediction,Train
2861,2025-04-29,P012,1.0628104209899902,XGBoost,Prediction,Train
2862,2025-04-30,P012,2.465146541595459,XGBoost,Prediction,Train
2863,2025-05-01,P012,2.3310980796813965,XGBoost,Prediction,Train
2864,2025-05-02,P012,0.6024218797683716,XGBoost,Prediction,Train
2865,2025-05-03,P012,0.6954437494277954,XGBoost,Prediction,Train
2866,2025-05-04,P012,1.928135871887207,XGBoost,Prediction,Train
2867,2025-05-05,P012,1.1232035160064695,XGBoost,Prediction,Train
2868,2025-05-06,P012,1.8000086545944214,XGBoost,Prediction,Train
2869,2025-05-07,P012,0.8604560494422913,XGBoost,Prediction,Train
2870,2025-05-08,P012,2.745039701461792,XGBoost,Prediction,Train
2871,2025-05-09,P012,3.729209899902344,XGBoost,Prediction,Train
2872,2025-05-10,P012,0.6920035481452942,XGBoost,Prediction,Train
2873,2025-05-11,P012,3.403046131134033,XGBoost,Prediction,Train
2874,2025-05-12,P012,0.6805847883224487,XGBoost,Prediction,Train
2875,2025-05-13,P012,1.891363382339477,XGBoost,Prediction,Train
2876,2025-05-14,P012,0.5397851467132568,XGBoost,Prediction,Train
2877,2025-05-15,P012,1.7166099548339844,XGBoost,Prediction,Train
2878,2025-05-16,P012,0.9964004755020142,XGBoost,Prediction,Train
2879,2025-05-17,P012,2.8434951305389404,XGBoost,Prediction,Train
2880,2025-05-18,P012,0.4121970534324646,XGBoost,Prediction,Train
2881,2025-05-19,P012,3.6634597778320312,XGBoost,Prediction,Train
2882,2025-05-20,P012,3.50024962425232,XGBoost,Prediction,Train
2883,2025-05-21,P012,0.590521514415741,XGBoost,Prediction,Train
2884,2025-05-22,P012,3.419145107269287,XGBoost,Prediction,Train
2885,2025-05-23,P012,0.6760838031768799,XGBoost,Prediction,Train
2886,2025-05-24,P012,0.9283397793769836,XGBoost,Prediction,Train
2887,2025-05-25,P012,2.44587779045105,XGBoost,Prediction,Train
2888,2025-05-26,P012,1.53909432888031,XGBoost,Prediction,Train
2889,2025-05-27,P012,4.490891933441162,XGBoost,Prediction,Train
2890,2025-05-28,P012,0.8887991309165955,XGBoost,Prediction,Train
2891,2025-05-29,P012,0.4729373157024383,XGBoost,Prediction,Train
2892,2025-05-30,P012,0.8783962726593018,XGBoost,Prediction,Train
2893,2025-05-31,P012,0.5183218717575073,XGBoost,Prediction,Train
2894,2025-06-01,P012,0.6266383528709412,XGBoost,Prediction,Train
2895,2025-06-02,P012,1.9530377388000488,XGBoost,Prediction,Train
2896,2025-06-03,P012,3.552097082138061,XGBoost,Prediction,Train
2897,2025-06-04,P012,1.985910534858704,XGBoost,Prediction,Train
2898,2025-06-05,P012,0.577207088470459,XGBoost,Prediction,Train
2899,2025-06-06,P012,2.6588451862335205,XGBoost,Prediction,Train
2900,2025-06-07,P012,0.7380347847938538,XGBoost,Prediction,Train
2901,2025-06-08,P012,2.329583644866944,XGBoost,Prediction,Train
2902,2025-06-09,P012,0.6170754432678223,XGBoost,Prediction,Train
2903,2025-06-10,P012,0.6197320818901062,XGBoost,Prediction,Train
2904,2025-06-11,P012,1.6925407648086548,XGBoost,Prediction,Train
2905,2025-06-12,P012,2.668298482894897,XGBoost,Prediction,Train
2906,2025-06-13,P012,2.597012996673584,XGBoost,Prediction,Train
2907,2025-06-14,P012,0.7007749676704407,XGBoost,Prediction,Train
2908,2025-06-15,P012,4.505595207214356,XGBoost,Prediction,Train
2909,2025-06-16,P012,4.272772312164307,XGBoost,Prediction,Train
2910,2025-06-17,P012,0.9892429709434508,XGBoost,Prediction,Train
2911,2025-06-18,P012,2.640047788619995,XGBoost,Prediction,Train
2912,2025-06-19,P012,2.5939810276031494,XGBoost,Prediction,Train
2913,2025-06-20,P012,2.354381561279297,XGBoost,Prediction,Train
2914,2025-06-21,P012,1.769244909286499,XGBoost,Prediction,Train
2915,2025-06-22,P012,0.8774842619895935,XGBoost,Prediction,Train
2916,2025-06-23,P012,0.5595874786376953,XGBoost,Prediction,Train
2917,2025-06-24,P012,2.997972249984741,XGBoost,Prediction,Train
2918,2025-06-25,P012,4.532425880432129,XGBoost,Prediction,Train
2919,2025-06-26,P012,0.9189198613166808,XGBoost,Prediction,Train
2920,2025-06-27,P012,4.209427833557129,XGBoost,Prediction,Train
2921,2025-06-28,P012,0.686426043510437,XGBoost,Prediction,Train
2922,2025-06-29,P012,0.6883569955825806,XGBoost,Prediction,Train
2923,2025-06-30,P012,1.2203580141067505,XGBoost,Prediction,Train
2924,2025-07-01,P012,0.6636940836906433,XGBoost,Prediction,Train
2925,2025-07-02,P012,1.1918964385986328,XGBoost,Prediction,Train
2926,2025-07-03,P012,2.5878350734710693,XGBoost,Prediction,Train
2927,2025-07-04,P012,0.5333808660507202,XGBoost,Prediction,Train
2928,2025-07-05,P012,3.986598491668701,XGBoost,Prediction,Train
2929,2025-07-06,P012,1.1616333723068235,XGBoost,Prediction,Train
2930,2025-07-07,P012,0.4603219926357269,XGBoost,Prediction,Train
2931,2025-07-08,P012,2.6351563930511475,XGBoost,Prediction,Train
2932,2025-07-09,P012,5.38818359375,XGBoost,Prediction,Train
2933,2025-07-10,P012,1.0577242374420166,XGBoost,Prediction,Train
2934,2025-07-11,P012,2.6822402477264404,XGBoost,Prediction,Train
2935,2025-07-12,P012,0.5419452786445618,XGBoost,Prediction,Train
2936,2025-07-13,P012,2.7104554176330566,XGBoost,Prediction,Train
2937,2025-07-14,P012,1.8252243995666504,XGBoost,Prediction,Train
2938,2025-07-15,P012,0.7311012148857117,XGBoost,Prediction,Train
2939,2025-07-16,P012,0.5989111661911011,XGBoost,Prediction,Train
2940,2025-07-17,P012,0.909598171710968,XGBoost,Prediction,Train
2941,2025-07-18,P012,0.9682782888412476,XGBoost,Prediction,Train
2942,2025-07-19,P012,2.577068567276001,XGBoost,Prediction,Train
2943,2025-07-20,P012,0.9857779145240784,XGBoost,Prediction,Train
2944,2025-07-21,P012,2.482668876647949,XGBoost,Prediction,Train
2945,2025-07-22,P012,0.8859833478927612,XGBoost,Prediction,Train
2946,2025-07-23,P012,0.5508122444152832,XGBoost,Prediction,Train
2947,2025-07-24,P012,2.7378487586975098,XGBoost,Prediction,Train
2948,2025-07-25,P012,1.846697211265564,XGBoost,Prediction,Train
2949,2025-07-26,P012,0.7262386083602905,XGBoost,Prediction,Train
2950,2025-07-27,P012,0.8906772136688232,XGBoost,Prediction,Train
2951,2025-07-28,P012,3.441594123840332,XGBoost,Prediction,Train
2952,2025-07-29,P012,3.3546175956726074,XGBoost,Prediction,Train
2953,2025-07-30,P012,1.932949662208557,XGBoost,Prediction,Train
2954,2025-07-31,P012,0.7645909786224365,XGBoost,Prediction,Train
2955,2025-08-01,P012,3.2373526096343994,XGBoost,Prediction,Train
2956,2025-08-02,P012,0.5826779007911682,XGBoost,Prediction,Train
2957,2025-08-03,P012,0.4718241095542907,XGBoost,Prediction,Train
2958,2025-08-04,P012,1.2446577548980713,XGBoost,Prediction,Train
2959,2025-08-05,P012,0.8388168811798096,XGBoost,Prediction,Train
2960,2025-08-06,P012,3.960486888885498,XGBoost,Prediction,Train
2961,2025-08-07,P012,0.3937739133834839,XGBoost,Prediction,Train
2962,2025-08-08,P012,3.515209674835205,XGBoost,Prediction,Train
2963,2025-08-09,P012,3.241743564605713,XGBoost,Prediction,Train
2964,2025-08-10,P012,0.7946580052375793,XGBoost,Prediction,Train
2965,2025-08-11,P012,4.712864398956299,XGBoost,Prediction,Train
2966,2025-08-12,P012,0.4752022624015808,XGBoost,Prediction,Train
2967,2025-08-13,P012,0.977942168712616,XGBoost,Prediction,Train
2968,2025-08-14,P012,0.7047504186630249,XGBoost,Prediction,Train
2969,2025-08-15,P012,0.7346227765083313,XGBoost,Prediction,Train
2970,2025-08-16,P012,3.000392198562622,XGBoost,Prediction,Train
2971,2025-08-17,P012,2.69441556930542,XGBoost,Prediction,Train
2972,2025-08-18,P012,0.7355419397354126,XGBoost,Prediction,Train
2973,2025-08-19,P012,2.773711681365967,XGBoost,Prediction,Train
2974,2025-08-20,P012,0.9036223292350768,XGBoost,Prediction,Train
2975,2025-08-21,P012,1.967549443244934,XGBoost,Prediction,Train
2976,2025-08-22,P012,2.642941236495972,XGBoost,Prediction,Train
2977,2025-08-23,P012,0.7192538976669312,XGBoost,Prediction,Train
2978,2025-08-24,P012,2.748993396759033,XGBoost,Prediction,Train
2979,2025-08-25,P012,1.620910406112671,XGBoost,Prediction,Train
2980,2025-08-26,P012,5.141796112060547,XGBoost,Prediction,Train
2981,2025-08-27,P012,0.8674641847610474,XGBoost,Prediction,Train
2982,2025-08-28,P012,0.4550923109054565,XGBoost,Prediction,Train
2983,2025-08-29,P012,0.5590034127235413,XGBoost,Prediction,Train
2984,2025-08-30,P012,0.7096515893936157,XGBoost,Prediction,Train
2985,2025-08-31,P012,4.717525959014893,XGBoost,Prediction,Train
2986,2025-09-01,P012,0.6294661164283752,XGBoost,Prediction,Train
2987,2025-09-02,P012,4.524363040924072,XGBoost,Prediction,Train
2988,2025-09-03,P012,2.538168668746948,XGBoost,Prediction,Train
2989,2025-09-04,P012,0.6181423664093018,XGBoost,Prediction,Train
2990,2025-09-05,P012,2.724628210067749,XGBoost,Prediction,Train
2991,2025-09-06,P012,0.7061364054679871,XGBoost,Prediction,Train
2992,2025-09-07,P012,3.618594169616699,XGBoost,Prediction,Train
2993,2025-09-08,P012,0.6246365308761597,XGBoost,Prediction,Train
2994,2025-09-09,P012,0.7423540353775024,XGBoost,Prediction,Train
2995,2025-09-10,P012,1.7070168256759644,XGBoost,Prediction,Train
2996,2025-09-11,P012,0.740669846534729,XGBoost,Prediction,Train
2997,2025-09-12,P012,0.7612065672874451,XGBoost,Prediction,Train
2998,2025-09-13,P012,3.801329135894776,XGBoost,Prediction,Train
2999,2025-09-14,P012,2.5670182704925537,XGBoost,Prediction,Train
3000,2025-01-08,P013,1.8973575830459597,XGBoost,Prediction,Train
3001,2025-01-09,P013,4.4070563316345215,XGBoost,Prediction,Train
3002,2025-01-10,P013,1.0248030424118042,XGBoost,Prediction,Train
3003,2025-01-11,P013,2.6203396320343018,XGBoost,Prediction,Train
3004,2025-01-12,P013,1.2208874225616455,XGBoost,Prediction,Train
3005,2025-01-13,P013,1.8109642267227173,XGBoost,Prediction,Train
3006,2025-01-14,P013,1.1615444421768188,XGBoost,Prediction,Train
3007,2025-01-15,P013,2.5544028282165527,XGBoost,Prediction,Train
3008,2025-01-16,P013,0.6764894127845764,XGBoost,Prediction,Train
3009,2025-01-17,P013,0.598646342754364,XGBoost,Prediction,Train
3010,2025-01-18,P013,0.7686077952384949,XGBoost,Prediction,Train
3011,2025-01-19,P013,0.8706543445587158,XGBoost,Prediction,Train
3012,2025-01-20,P013,0.6463555693626404,XGBoost,Prediction,Train
3013,2025-01-21,P013,2.4961307048797607,XGBoost,Prediction,Train
3014,2025-01-22,P013,2.617013454437256,XGBoost,Prediction,Train
3015,2025-01-23,P013,1.3928982019424438,XGBoost,Prediction,Train
3016,2025-01-24,P013,0.696717381477356,XGBoost,Prediction,Train
3017,2025-01-25,P013,1.0056684017181396,XGBoost,Prediction,Train
3018,2025-01-26,P013,1.1713343858718872,XGBoost,Prediction,Train
3019,2025-01-27,P013,0.6871427297592163,XGBoost,Prediction,Train
3020,2025-01-28,P013,0.9369337558746338,XGBoost,Prediction,Train
3021,2025-01-29,P013,3.5265963077545166,XGBoost,Prediction,Train
3022,2025-01-30,P013,3.6306228637695312,XGBoost,Prediction,Train
3023,2025-01-31,P013,0.8038296103477478,XGBoost,Prediction,Train
3024,2025-02-01,P013,0.7157153487205505,XGBoost,Prediction,Train
3025,2025-02-02,P013,2.8311986923217773,XGBoost,Prediction,Train
3026,2025-02-03,P013,3.918492794036865,XGBoost,Prediction,Train
3027,2025-02-04,P013,0.4120016992092132,XGBoost,Prediction,Train
3028,2025-02-05,P013,0.761538028717041,XGBoost,Prediction,Train
3029,2025-02-06,P013,3.913995265960693,XGBoost,Prediction,Train
3030,2025-02-07,P013,4.245041847229004,XGBoost,Prediction,Train
3031,2025-02-08,P013,1.7984117269515991,XGBoost,Prediction,Train
3032,2025-02-09,P013,1.9117441177368164,XGBoost,Prediction,Train
3033,2025-02-10,P013,0.9001113176345825,XGBoost,Prediction,Train
3034,2025-02-11,P013,1.1033259630203247,XGBoost,Prediction,Train
3035,2025-02-12,P013,2.88905668258667,XGBoost,Prediction,Train
3036,2025-02-13,P013,3.08585786819458,XGBoost,Prediction,Train
3037,2025-02-14,P013,1.8598012924194336,XGBoost,Prediction,Train
3038,2025-02-15,P013,0.8391783237457275,XGBoost,Prediction,Train
3039,2025-02-16,P013,0.7208746671676636,XGBoost,Prediction,Train
3040,2025-02-17,P013,2.6468234062194824,XGBoost,Prediction,Train
3041,2025-02-18,P013,0.4352343678474426,XGBoost,Prediction,Train
3042,2025-02-19,P013,1.279344916343689,XGBoost,Prediction,Train
3043,2025-02-20,P013,3.734707117080689,XGBoost,Prediction,Train
3044,2025-02-21,P013,1.2962861061096191,XGBoost,Prediction,Train
3045,2025-02-22,P013,1.9715023040771484,XGBoost,Prediction,Train
3046,2025-02-23,P013,1.9712121486663816,XGBoost,Prediction,Train
3047,2025-02-24,P013,2.1398515701293945,XGBoost,Prediction,Train
3048,2025-02-25,P013,1.936853289604187,XGBoost,Prediction,Train
3049,2025-02-26,P013,1.2881828546524048,XGBoost,Prediction,Train
3050,2025-02-27,P013,1.155489802360535,XGBoost,Prediction,Train
3051,2025-02-28,P013,0.8773616552352905,XGBoost,Prediction,Train
3052,2025-03-01,P013,2.668864250183105,XGBoost,Prediction,Train
3053,2025-03-02,P013,0.8416861295700073,XGBoost,Prediction,Train
3054,2025-03-03,P013,2.628434419631958,XGBoost,Prediction,Train
3055,2025-03-04,P013,3.691160678863525,XGBoost,Prediction,Train
3056,2025-03-05,P013,2.399947166442871,XGBoost,Prediction,Train
3057,2025-03-06,P013,3.301527500152588,XGBoost,Prediction,Train
3058,2025-03-07,P013,0.7386376261711121,XGBoost,Prediction,Train
3059,2025-03-08,P013,2.6640515327453613,XGBoost,Prediction,Train
3060,2025-03-09,P013,2.813714027404785,XGBoost,Prediction,Train
3061,2025-03-10,P013,1.940077781677246,XGBoost,Prediction,Train
3062,2025-03-11,P013,2.7597031593322754,XGBoost,Prediction,Train
3063,2025-03-12,P013,3.6325550079345694,XGBoost,Prediction,Train
3064,2025-03-13,P013,0.8787341117858887,XGBoost,Prediction,Train
3065,2025-03-14,P013,3.7490932941436768,XGBoost,Prediction,Train
3066,2025-03-15,P013,4.451696872711182,XGBoost,Prediction,Train
3067,2025-03-16,P013,1.1422632932662964,XGBoost,Prediction,Train
3068,2025-03-17,P013,1.0695000886917114,XGBoost,Prediction,Train
3069,2025-03-18,P013,1.241331934928894,XGBoost,Prediction,Train
3070,2025-03-19,P013,1.0695666074752808,XGBoost,Prediction,Train
3071,2025-03-20,P013,0.7682574391365051,XGBoost,Prediction,Train
3072,2025-03-21,P013,4.517627716064453,XGBoost,Prediction,Train
3073,2025-03-22,P013,1.0077255964279177,XGBoost,Prediction,Train
3074,2025-03-23,P013,0.3826082944869995,XGBoost,Prediction,Train
3075,2025-03-24,P013,3.3573014736175537,XGBoost,Prediction,Train
3076,2025-03-25,P013,0.5953217148780823,XGBoost,Prediction,Train
3077,2025-03-26,P013,2.736196994781494,XGBoost,Prediction,Train
3078,2025-03-27,P013,2.863210439682007,XGBoost,Prediction,Train
3079,2025-03-28,P013,3.92172122001648,XGBoost,Prediction,Train
3080,2025-03-29,P013,0.6130593419075012,XGBoost,Prediction,Train
3081,2025-03-30,P013,2.738610982894897,XGBoost,Prediction,Train
3082,2025-03-31,P013,0.9328573942184448,XGBoost,Prediction,Train
3083,2025-04-01,P013,0.7916341423988342,XGBoost,Prediction,Train
3084,2025-04-02,P013,2.88150954246521,XGBoost,Prediction,Train
3085,2025-04-03,P013,3.281641960144043,XGBoost,Prediction,Train
3086,2025-04-04,P013,3.5986804962158203,XGBoost,Prediction,Train
3087,2025-04-05,P013,1.3400014638900757,XGBoost,Prediction,Train
3088,2025-04-06,P013,1.2810790538787842,XGBoost,Prediction,Train
3089,2025-04-07,P013,2.429769515991211,XGBoost,Prediction,Train
3090,2025-04-08,P013,0.6401154398918152,XGBoost,Prediction,Train
3091,2025-04-09,P013,2.576939821243286,XGBoost,Prediction,Train
3092,2025-04-10,P013,3.1135098934173584,XGBoost,Prediction,Train
3093,2025-04-11,P013,0.7087438702583313,XGBoost,Prediction,Train
3094,2025-04-12,P013,2.01403546333313,XGBoost,Prediction,Train
3095,2025-04-13,P013,1.4082611799240112,XGBoost,Prediction,Train
3096,2025-04-14,P013,0.8722180128097534,XGBoost,Prediction,Train
3097,2025-04-15,P013,3.182466745376587,XGBoost,Prediction,Train
3098,2025-04-16,P013,1.5815269947052002,XGBoost,Prediction,Train
3099,2025-04-17,P013,2.509475946426392,XGBoost,Prediction,Train
3100,2025-04-18,P013,0.484731525182724,XGBoost,Prediction,Train
3101,2025-04-19,P013,0.9586891531944276,XGBoost,Prediction,Train
3102,2025-04-20,P013,1.9062291383743288,XGBoost,Prediction,Train
3103,2025-04-21,P013,1.3704780340194702,XGBoost,Prediction,Train
3104,2025-04-22,P013,0.8169596195220947,XGBoost,Prediction,Train
3105,2025-04-23,P013,2.425107955932617,XGBoost,Prediction,Train
3106,2025-04-24,P013,1.9458696842193604,XGBoost,Prediction,Train
3107,2025-04-25,P013,0.5432922840118408,XGBoost,Prediction,Train
3108,2025-04-26,P013,1.220436930656433,XGBoost,Prediction,Train
3109,2025-04-27,P013,2.038395643234253,XGBoost,Prediction,Train
3110,2025-04-28,P013,2.758647918701172,XGBoost,Prediction,Train
3111,2025-04-29,P013,3.2862954139709477,XGBoost,Prediction,Train
3112,2025-04-30,P013,0.7716754674911499,XGBoost,Prediction,Train
3113,2025-05-01,P013,0.8184028267860413,XGBoost,Prediction,Train
3114,2025-05-02,P013,2.728637456893921,XGBoost,Prediction,Train
3115,2025-05-03,P013,1.8387755155563357,XGBoost,Prediction,Train
3116,2025-05-04,P013,1.1345584392547607,XGBoost,Prediction,Train
3117,2025-05-05,P013,3.263153076171875,XGBoost,Prediction,Train
3118,2025-05-06,P013,0.8067161440849304,XGBoost,Prediction,Train
3119,2025-05-07,P013,1.0209839344024658,XGBoost,Prediction,Train
3120,2025-05-08,P013,0.6623935699462891,XGBoost,Prediction,Train
3121,2025-05-09,P013,3.4684154987335205,XGBoost,Prediction,Train
3122,2025-05-10,P013,2.679215669631958,XGBoost,Prediction,Train
3123,2025-05-11,P013,0.7324816584587097,XGBoost,Prediction,Train
3124,2025-05-12,P013,1.823978304862976,XGBoost,Prediction,Train
3125,2025-05-13,P013,3.4599404335021973,XGBoost,Prediction,Train
3126,2025-05-14,P013,0.7837813496589661,XGBoost,Prediction,Train
3127,2025-05-15,P013,1.241289138793945,XGBoost,Prediction,Train
3128,2025-05-16,P013,1.89289128780365,XGBoost,Prediction,Train
3129,2025-05-17,P013,2.830299139022827,XGBoost,Prediction,Train
3130,2025-05-18,P013,0.9840341210365297,XGBoost,Prediction,Train
3131,2025-05-19,P013,0.486757755279541,XGBoost,Prediction,Train
3132,2025-05-20,P013,2.894161939620972,XGBoost,Prediction,Train
3133,2025-05-21,P013,2.92128849029541,XGBoost,Prediction,Train
3134,2025-05-22,P013,3.931692361831665,XGBoost,Prediction,Train
3135,2025-05-23,P013,0.6992993950843811,XGBoost,Prediction,Train
3136,2025-05-24,P013,3.494949579238892,XGBoost,Prediction,Train
3137,2025-05-25,P013,1.9429986476898196,XGBoost,Prediction,Train
3138,2025-05-26,P013,2.082746744155884,XGBoost,Prediction,Train
3139,2025-05-27,P013,2.5813441276550293,XGBoost,Prediction,Train
3140,2025-05-28,P013,0.7568225264549255,XGBoost,Prediction,Train
3141,2025-05-29,P013,1.7502968311309814,XGBoost,Prediction,Train
3142,2025-05-30,P013,0.6629573106765747,XGBoost,Prediction,Train
3143,2025-05-31,P013,1.8066792488098145,XGBoost,Prediction,Train
3144,2025-06-01,P013,0.6158758997917175,XGBoost,Prediction,Train
3145,2025-06-02,P013,0.8653888702392578,XGBoost,Prediction,Train
3146,2025-06-03,P013,4.274831295013428,XGBoost,Prediction,Train
3147,2025-06-04,P013,3.487135410308838,XGBoost,Prediction,Train
3148,2025-06-05,P013,3.9030354022979736,XGBoost,Prediction,Train
3149,2025-06-06,P013,5.012872219085693,XGBoost,Prediction,Train
3150,2025-06-07,P013,0.7182114124298096,XGBoost,Prediction,Train
3151,2025-06-08,P013,1.2045916318893433,XGBoost,Prediction,Train
3152,2025-06-09,P013,2.603423357009888,XGBoost,Prediction,Train
3153,2025-06-10,P013,2.1808173656463623,XGBoost,Prediction,Train
3154,2025-06-11,P013,3.81352972984314,XGBoost,Prediction,Train
3155,2025-06-12,P013,0.9685006141662598,XGBoost,Prediction,Train
3156,2025-06-13,P013,0.6878741383552551,XGBoost,Prediction,Train
3157,2025-06-14,P013,2.531657457351685,XGBoost,Prediction,Train
3158,2025-06-15,P013,1.453724980354309,XGBoost,Prediction,Train
3159,2025-06-16,P013,4.056686878204346,XGBoost,Prediction,Train
3160,2025-06-17,P013,3.225407361984253,XGBoost,Prediction,Train
3161,2025-06-18,P013,2.662236213684082,XGBoost,Prediction,Train
3162,2025-06-19,P013,2.6087958812713623,XGBoost,Prediction,Train
3163,2025-06-20,P013,1.175265550613403,XGBoost,Prediction,Train
3164,2025-06-21,P013,1.8926379680633545,XGBoost,Prediction,Train
3165,2025-06-22,P013,4.358078956604004,XGBoost,Prediction,Train
3166,2025-06-23,P013,2.6928534507751465,XGBoost,Prediction,Train
3167,2025-06-24,P013,4.06789493560791,XGBoost,Prediction,Train
3168,2025-06-25,P013,4.418443202972412,XGBoost,Prediction,Train
3169,2025-06-26,P013,1.5644983053207395,XGBoost,Prediction,Train
3170,2025-06-27,P013,4.211260795593262,XGBoost,Prediction,Train
3171,2025-06-28,P013,0.8341732621192932,XGBoost,Prediction,Train
3172,2025-06-29,P013,4.024309158325195,XGBoost,Prediction,Train
3173,2025-06-30,P013,2.1014513969421387,XGBoost,Prediction,Train
3174,2025-07-01,P013,2.7783899307250977,XGBoost,Prediction,Train
3175,2025-07-02,P013,2.7553551197052,XGBoost,Prediction,Train
3176,2025-07-03,P013,0.8313415050506592,XGBoost,Prediction,Train
3177,2025-07-04,P013,3.795722961425781,XGBoost,Prediction,Train
3178,2025-07-05,P013,0.701133668422699,XGBoost,Prediction,Train
3179,2025-07-06,P013,0.7616865038871765,XGBoost,Prediction,Train
3180,2025-07-07,P013,3.261968851089477,XGBoost,Prediction,Train
3181,2025-07-08,P013,0.8182175159454346,XGBoost,Prediction,Train
3182,2025-07-09,P013,2.2464396953582764,XGBoost,Prediction,Train
3183,2025-07-10,P013,2.6726999282836914,XGBoost,Prediction,Train
3184,2025-07-11,P013,2.882547616958618,XGBoost,Prediction,Train
3185,2025-07-12,P013,3.4206879138946533,XGBoost,Prediction,Train
3186,2025-07-13,P013,2.0805368423461914,XGBoost,Prediction,Train
3187,2025-07-14,P013,0.7134662866592407,XGBoost,Prediction,Train
3188,2025-07-15,P013,1.3563971519470217,XGBoost,Prediction,Train
3189,2025-07-16,P013,1.9750876426696775,XGBoost,Prediction,Train
3190,2025-07-17,P013,3.833348512649536,XGBoost,Prediction,Train
3191,2025-07-18,P013,0.5952693819999695,XGBoost,Prediction,Train
3192,2025-07-19,P013,0.8916283249855042,XGBoost,Prediction,Train
3193,2025-07-20,P013,2.545234680175781,XGBoost,Prediction,Train
3194,2025-07-21,P013,0.6440166234970093,XGBoost,Prediction,Train
3195,2025-07-22,P013,2.4723503589630127,XGBoost,Prediction,Train
3196,2025-07-23,P013,2.430670022964477,XGBoost,Prediction,Train
3197,2025-07-24,P013,1.4139894247055054,XGBoost,Prediction,Train
3198,2025-07-25,P013,2.3818907737731934,XGBoost,Prediction,Train
3199,2025-07-26,P013,0.4557497203350067,XGBoost,Prediction,Train
3200,2025-07-27,P013,0.539501428604126,XGBoost,Prediction,Train
3201,2025-07-28,P013,1.1112850904464722,XGBoost,Prediction,Train
3202,2025-07-29,P013,4.60556173324585,XGBoost,Prediction,Train
3203,2025-07-30,P013,2.727503776550293,XGBoost,Prediction,Train
3204,2025-07-31,P013,0.7647443413734436,XGBoost,Prediction,Train
3205,2025-08-01,P013,0.56248539686203,XGBoost,Prediction,Train
3206,2025-08-02,P013,3.8311688899993896,XGBoost,Prediction,Train
3207,2025-08-03,P013,0.8265871405601501,XGBoost,Prediction,Train
3208,2025-08-04,P013,1.3774030208587646,XGBoost,Prediction,Train
3209,2025-08-05,P013,0.8576837182044983,XGBoost,Prediction,Train
3210,2025-08-06,P013,0.6795638799667358,XGBoost,Prediction,Train
3211,2025-08-07,P013,2.72397255897522,XGBoost,Prediction,Train
3212,2025-08-08,P013,0.5119954943656921,XGBoost,Prediction,Train
3213,2025-08-09,P013,2.6788554191589355,XGBoost,Prediction,Train
3214,2025-08-10,P013,0.6111800670623779,XGBoost,Prediction,Train
3215,2025-08-11,P013,0.920512855052948,XGBoost,Prediction,Train
3216,2025-08-12,P013,0.95819753408432,XGBoost,Prediction,Train
3217,2025-08-13,P013,2.654656887054444,XGBoost,Prediction,Train
3218,2025-08-14,P013,0.9393624663352966,XGBoost,Prediction,Train
3219,2025-08-15,P013,0.3828693926334381,XGBoost,Prediction,Train
3220,2025-08-16,P013,1.0356186628341677,XGBoost,Prediction,Train
3221,2025-08-17,P013,0.8761876821517944,XGBoost,Prediction,Train
3222,2025-08-18,P013,1.0202903747558594,XGBoost,Prediction,Train
3223,2025-08-19,P013,1.9236433506011963,XGBoost,Prediction,Train
3224,2025-08-20,P013,3.0379438400268555,XGBoost,Prediction,Train
3225,2025-08-21,P013,0.9480225443840028,XGBoost,Prediction,Train
3226,2025-08-22,P013,2.0177900791168213,XGBoost,Prediction,Train
3227,2025-08-23,P013,3.86918830871582,XGBoost,Prediction,Train
3228,2025-08-24,P013,4.926458358764648,XGBoost,Prediction,Train
3229,2025-08-25,P013,1.8467121124267576,XGBoost,Prediction,Train
3230,2025-08-26,P013,0.8918090462684631,XGBoost,Prediction,Train
3231,2025-08-27,P013,3.8042080402374263,XGBoost,Prediction,Train
3232,2025-08-28,P013,3.413299083709717,XGBoost,Prediction,Train
3233,2025-08-29,P013,0.7863929867744446,XGBoost,Prediction,Train
3234,2025-08-30,P013,1.8888036012649536,XGBoost,Prediction,Train
3235,2025-08-31,P013,1.7759861946105957,XGBoost,Prediction,Train
3236,2025-09-01,P013,1.3792375326156616,XGBoost,Prediction,Train
3237,2025-09-02,P013,0.980487823486328,XGBoost,Prediction,Train
3238,2025-09-03,P013,3.202340602874756,XGBoost,Prediction,Train
3239,2025-09-04,P013,0.9747173190116882,XGBoost,Prediction,Train
3240,2025-09-05,P013,2.601938486099243,XGBoost,Prediction,Train
3241,2025-09-06,P013,0.8880207538604736,XGBoost,Prediction,Train
3242,2025-09-07,P013,0.7134453654289246,XGBoost,Prediction,Train
3243,2025-09-08,P013,1.9355064630508425,XGBoost,Prediction,Train
3244,2025-09-09,P013,0.7215243577957153,XGBoost,Prediction,Train
3245,2025-09-10,P013,1.4033671617507937,XGBoost,Prediction,Train
3246,2025-09-11,P013,2.695152759552002,XGBoost,Prediction,Train
3247,2025-09-12,P013,0.4615273475646972,XGBoost,Prediction,Train
3248,2025-09-13,P013,3.817314863204956,XGBoost,Prediction,Train
3249,2025-09-14,P013,1.8192449808120728,XGBoost,Prediction,Train
3250,2025-01-08,P014,2.056666612625122,XGBoost,Prediction,Train
3251,2025-01-09,P014,1.1639459133148191,XGBoost,Prediction,Train
3252,2025-01-10,P014,0.8633307218551636,XGBoost,Prediction,Train
3253,2025-01-11,P014,1.7248752117156982,XGBoost,Prediction,Train
3254,2025-01-12,P014,4.281004905700684,XGBoost,Prediction,Train
3255,2025-01-13,P014,1.2948259115219116,XGBoost,Prediction,Train
3256,2025-01-14,P014,0.79442298412323,XGBoost,Prediction,Train
3257,2025-01-15,P014,1.830637097358704,XGBoost,Prediction,Train
3258,2025-01-16,P014,3.537675142288208,XGBoost,Prediction,Train
3259,2025-01-17,P014,0.8287941813468933,XGBoost,Prediction,Train
3260,2025-01-18,P014,3.2171337604522705,XGBoost,Prediction,Train
3261,2025-01-19,P014,2.1702895164489746,XGBoost,Prediction,Train
3262,2025-01-20,P014,1.927740216255188,XGBoost,Prediction,Train
3263,2025-01-21,P014,4.650866985321045,XGBoost,Prediction,Train
3264,2025-01-22,P014,1.416495442390442,XGBoost,Prediction,Train
3265,2025-01-23,P014,3.460742235183716,XGBoost,Prediction,Train
3266,2025-01-24,P014,1.4351980686187744,XGBoost,Prediction,Train
3267,2025-01-25,P014,0.6472145915031433,XGBoost,Prediction,Train
3268,2025-01-26,P014,0.7492212057113647,XGBoost,Prediction,Train
3269,2025-01-27,P014,0.7621985077857971,XGBoost,Prediction,Train
3270,2025-01-28,P014,1.2239842414855957,XGBoost,Prediction,Train
3271,2025-01-29,P014,0.9555820226669312,XGBoost,Prediction,Train
3272,2025-01-30,P014,3.315103769302368,XGBoost,Prediction,Train
3273,2025-01-31,P014,4.07158899307251,XGBoost,Prediction,Train
3274,2025-02-01,P014,3.302597045898437,XGBoost,Prediction,Train
3275,2025-02-02,P014,4.028746604919434,XGBoost,Prediction,Train
3276,2025-02-03,P014,2.057511568069458,XGBoost,Prediction,Train
3277,2025-02-04,P014,2.096709966659546,XGBoost,Prediction,Train
3278,2025-02-05,P014,1.242823362350464,XGBoost,Prediction,Train
3279,2025-02-06,P014,1.3920741081237793,XGBoost,Prediction,Train
3280,2025-02-07,P014,1.8749642372131348,XGBoost,Prediction,Train
3281,2025-02-08,P014,4.954024314880371,XGBoost,Prediction,Train
3282,2025-02-09,P014,1.3613260984420776,XGBoost,Prediction,Train
3283,2025-02-10,P014,3.866597652435303,XGBoost,Prediction,Train
3284,2025-02-11,P014,1.0936594009399414,XGBoost,Prediction,Train
3285,2025-02-12,P014,0.7626528739929199,XGBoost,Prediction,Train
3286,2025-02-13,P014,3.011727333068848,XGBoost,Prediction,Train
3287,2025-02-14,P014,1.031601905822754,XGBoost,Prediction,Train
3288,2025-02-15,P014,3.1710071563720703,XGBoost,Prediction,Train
3289,2025-02-16,P014,1.0686166286468506,XGBoost,Prediction,Train
3290,2025-02-17,P014,1.1057944297790527,XGBoost,Prediction,Train
3291,2025-02-18,P014,1.9136760234832764,XGBoost,Prediction,Train
3292,2025-02-19,P014,4.166632175445557,XGBoost,Prediction,Train
3293,2025-02-20,P014,6.291272163391113,XGBoost,Prediction,Train
3294,2025-02-21,P014,0.8200350403785706,XGBoost,Prediction,Train
3295,2025-02-22,P014,1.8075288534164429,XGBoost,Prediction,Train
3296,2025-02-23,P014,3.3870527744293213,XGBoost,Prediction,Train
3297,2025-02-24,P014,2.656576871871948,XGBoost,Prediction,Train
3298,2025-02-25,P014,2.307661294937134,XGBoost,Prediction,Train
3299,2025-02-26,P014,0.6523861885070801,XGBoost,Prediction,Train
3300,2025-02-27,P014,1.3769961595535278,XGBoost,Prediction,Train
3301,2025-02-28,P014,1.6870273351669312,XGBoost,Prediction,Train
3302,2025-03-01,P014,0.8270168900489807,XGBoost,Prediction,Train
3303,2025-03-02,P014,2.7684311866760254,XGBoost,Prediction,Train
3304,2025-03-03,P014,4.13060998916626,XGBoost,Prediction,Train
3305,2025-03-04,P014,2.0786285400390625,XGBoost,Prediction,Train
3306,2025-03-05,P014,0.9961284399032592,XGBoost,Prediction,Train
3307,2025-03-06,P014,3.36648178100586,XGBoost,Prediction,Train
3308,2025-03-07,P014,4.9577460289001465,XGBoost,Prediction,Train
3309,2025-03-08,P014,3.313093662261963,XGBoost,Prediction,Train
3310,2025-03-09,P014,4.994958400726318,XGBoost,Prediction,Train
3311,2025-03-10,P014,1.932563662528992,XGBoost,Prediction,Train
3312,2025-03-11,P014,1.9471337795257568,XGBoost,Prediction,Train
3313,2025-03-12,P014,2.3887290954589844,XGBoost,Prediction,Train
3314,2025-03-13,P014,2.098409652709961,XGBoost,Prediction,Train
3315,2025-03-14,P014,0.711079478263855,XGBoost,Prediction,Train
3316,2025-03-15,P014,0.7118053436279297,XGBoost,Prediction,Train
3317,2025-03-16,P014,2.747070789337158,XGBoost,Prediction,Train
3318,2025-03-17,P014,1.2704848051071167,XGBoost,Prediction,Train
3319,2025-03-18,P014,3.108803033828736,XGBoost,Prediction,Train
3320,2025-03-19,P014,0.6641553640365601,XGBoost,Prediction,Train
3321,2025-03-20,P014,0.9779857993125916,XGBoost,Prediction,Train
3322,2025-03-21,P014,0.8561273217201233,XGBoost,Prediction,Train
3323,2025-03-22,P014,0.7407894730567932,XGBoost,Prediction,Train
3324,2025-03-23,P014,0.9276917576789856,XGBoost,Prediction,Train
3325,2025-03-24,P014,3.31312894821167,XGBoost,Prediction,Train
3326,2025-03-25,P014,4.858633518218994,XGBoost,Prediction,Train
3327,2025-03-26,P014,4.0641188621521,XGBoost,Prediction,Train
3328,2025-03-27,P014,2.652015209197998,XGBoost,Prediction,Train
3329,2025-03-28,P014,2.017744541168213,XGBoost,Prediction,Train
3330,2025-03-29,P014,1.325869083404541,XGBoost,Prediction,Train
3331,2025-03-30,P014,0.8973768353462219,XGBoost,Prediction,Train
3332,2025-03-31,P014,0.7768128514289856,XGBoost,Prediction,Train
3333,2025-04-01,P014,2.031665325164795,XGBoost,Prediction,Train
3334,2025-04-02,P014,3.85084867477417,XGBoost,Prediction,Train
3335,2025-04-03,P014,1.5382241010665894,XGBoost,Prediction,Train
3336,2025-04-04,P014,2.776751518249512,XGBoost,Prediction,Train
3337,2025-04-05,P014,5.430415630340576,XGBoost,Prediction,Train
3338,2025-04-06,P014,2.0770843029022217,XGBoost,Prediction,Train
3339,2025-04-07,P014,0.9281426072120668,XGBoost,Prediction,Train
3340,2025-04-08,P014,0.879752516746521,XGBoost,Prediction,Train
3341,2025-04-09,P014,1.48738431930542,XGBoost,Prediction,Train
3342,2025-04-10,P014,1.9708324670791624,XGBoost,Prediction,Train
3343,2025-04-11,P014,0.7680982351303101,XGBoost,Prediction,Train
3344,2025-04-12,P014,1.6796841621398926,XGBoost,Prediction,Train
3345,2025-04-13,P014,2.753218412399292,XGBoost,Prediction,Train
3346,2025-04-14,P014,4.861310005187988,XGBoost,Prediction,Train
3347,2025-04-15,P014,5.531871318817139,XGBoost,Prediction,Train
3348,2025-04-16,P014,3.1826210021972656,XGBoost,Prediction,Train
3349,2025-04-17,P014,3.3418872356414795,XGBoost,Prediction,Train
3350,2025-04-18,P014,0.7989932894706726,XGBoost,Prediction,Train
3351,2025-04-19,P014,1.8764294385910036,XGBoost,Prediction,Train
3352,2025-04-20,P014,2.3547329902648926,XGBoost,Prediction,Train
3353,2025-04-21,P014,3.30787992477417,XGBoost,Prediction,Train
3354,2025-04-22,P014,2.7406702041625977,XGBoost,Prediction,Train
3355,2025-04-23,P014,2.602579355239868,XGBoost,Prediction,Train
3356,2025-04-24,P014,1.8760273456573489,XGBoost,Prediction,Train
3357,2025-04-25,P014,3.4036166667938232,XGBoost,Prediction,Train
3358,2025-04-26,P014,6.3641510009765625,XGBoost,Prediction,Train
3359,2025-04-27,P014,1.3078075647354126,XGBoost,Prediction,Train
3360,2025-04-28,P014,1.8624988794326784,XGBoost,Prediction,Train
3361,2025-04-29,P014,3.724706888198853,XGBoost,Prediction,Train
3362,2025-04-30,P014,2.099171638488769,XGBoost,Prediction,Train
3363,2025-05-01,P014,1.366862416267395,XGBoost,Prediction,Train
3364,2025-05-02,P014,0.8771287798881531,XGBoost,Prediction,Train
3365,2025-05-03,P014,2.4099721908569336,XGBoost,Prediction,Train
3366,2025-05-04,P014,4.90416955947876,XGBoost,Prediction,Train
3367,2025-05-05,P014,2.036515951156616,XGBoost,Prediction,Train
3368,2025-05-06,P014,0.7017828226089478,XGBoost,Prediction,Train
3369,2025-05-07,P014,0.8446937203407288,XGBoost,Prediction,Train
3370,2025-05-08,P014,4.909499168395996,XGBoost,Prediction,Train
3371,2025-05-09,P014,1.00996196269989,XGBoost,Prediction,Train
3372,2025-05-10,P014,1.4366124868392944,XGBoost,Prediction,Train
3373,2025-05-11,P014,0.96845144033432,XGBoost,Prediction,Train
3374,2025-05-12,P014,1.0516111850738523,XGBoost,Prediction,Train
3375,2025-05-13,P014,2.0924673080444336,XGBoost,Prediction,Train
3376,2025-05-14,P014,4.033531188964844,XGBoost,Prediction,Train
3377,2025-05-15,P014,4.168659210205078,XGBoost,Prediction,Train
3378,2025-05-16,P014,2.564103126525879,XGBoost,Prediction,Train
3379,2025-05-17,P014,2.2922523021698,XGBoost,Prediction,Train
3380,2025-05-18,P014,2.64517593383789,XGBoost,Prediction,Train
3381,2025-05-19,P014,2.435126781463623,XGBoost,Prediction,Train
3382,2025-05-20,P014,1.126693844795227,XGBoost,Prediction,Train
3383,2025-05-21,P014,0.7255528569221497,XGBoost,Prediction,Train
3384,2025-05-22,P014,2.0487043857574463,XGBoost,Prediction,Train
3385,2025-05-23,P014,1.1591622829437256,XGBoost,Prediction,Train
3386,2025-05-24,P014,1.0168675184249878,XGBoost,Prediction,Train
3387,2025-05-25,P014,0.7910953760147095,XGBoost,Prediction,Train
3388,2025-05-26,P014,1.948253154754639,XGBoost,Prediction,Train
3389,2025-05-27,P014,0.937261402606964,XGBoost,Prediction,Train
3390,2025-05-28,P014,3.061322927474976,XGBoost,Prediction,Train
3391,2025-05-29,P014,1.03287935256958,XGBoost,Prediction,Train
3392,2025-05-30,P014,0.7376429438591003,XGBoost,Prediction,Train
3393,2025-05-31,P014,1.8213880062103271,XGBoost,Prediction,Train
3394,2025-06-01,P014,0.8437526822090149,XGBoost,Prediction,Train
3395,2025-06-02,P014,2.663582563400269,XGBoost,Prediction,Train
3396,2025-06-03,P014,2.3068277835845947,XGBoost,Prediction,Train
3397,2025-06-04,P014,3.732800006866455,XGBoost,Prediction,Train
3398,2025-06-05,P014,1.7470170259475708,XGBoost,Prediction,Train
3399,2025-06-06,P014,1.3878405094146729,XGBoost,Prediction,Train
3400,2025-06-07,P014,2.079598903656006,XGBoost,Prediction,Train
3401,2025-06-08,P014,0.7751394510269165,XGBoost,Prediction,Train
3402,2025-06-09,P014,1.289790391921997,XGBoost,Prediction,Train
3403,2025-06-10,P014,1.278964638710022,XGBoost,Prediction,Train
3404,2025-06-11,P014,0.8114259839057922,XGBoost,Prediction,Train
3405,2025-06-12,P014,0.7741523385047913,XGBoost,Prediction,Train
3406,2025-06-13,P014,3.5283002853393555,XGBoost,Prediction,Train
3407,2025-06-14,P014,5.366012573242188,XGBoost,Prediction,Train
3408,2025-06-15,P014,0.8528623580932617,XGBoost,Prediction,Train
3409,2025-06-16,P014,4.046629905700684,XGBoost,Prediction,Train
3410,2025-06-17,P014,4.480933666229248,XGBoost,Prediction,Train
3411,2025-06-18,P014,1.4493244886398315,XGBoost,Prediction,Train
3412,2025-06-19,P014,1.3036764860153198,XGBoost,Prediction,Train
3413,2025-06-20,P014,1.83346962928772,XGBoost,Prediction,Train
3414,2025-06-21,P014,1.9979228973388672,XGBoost,Prediction,Train
3415,2025-06-22,P014,1.483552098274231,XGBoost,Prediction,Train
3416,2025-06-23,P014,0.8232477307319641,XGBoost,Prediction,Train
3417,2025-06-24,P014,1.723639726638794,XGBoost,Prediction,Train
3418,2025-06-25,P014,4.844369888305664,XGBoost,Prediction,Train
3419,2025-06-26,P014,0.8466073274612427,XGBoost,Prediction,Train
3420,2025-06-27,P014,1.7879071235656738,XGBoost,Prediction,Train
3421,2025-06-28,P014,1.1658164262771606,XGBoost,Prediction,Train
3422,2025-06-29,P014,0.7264726161956787,XGBoost,Prediction,Train
3423,2025-06-30,P014,5.681642532348633,XGBoost,Prediction,Train
3424,2025-07-01,P014,2.7137696743011475,XGBoost,Prediction,Train
3425,2025-07-02,P014,1.8768080472946167,XGBoost,Prediction,Train
3426,2025-07-03,P014,2.7147204875946045,XGBoost,Prediction,Train
3427,2025-07-04,P014,0.6864213943481445,XGBoost,Prediction,Train
3428,2025-07-05,P014,1.7795065641403198,XGBoost,Prediction,Train
3429,2025-07-06,P014,5.283877849578857,XGBoost,Prediction,Train
3430,2025-07-07,P014,1.3234875202178955,XGBoost,Prediction,Train
3431,2025-07-08,P014,1.1051610708236694,XGBoost,Prediction,Train
3432,2025-07-09,P014,2.6904547214508057,XGBoost,Prediction,Train
3433,2025-07-10,P014,4.781482219696045,XGBoost,Prediction,Train
3434,2025-07-11,P014,2.7501156330108643,XGBoost,Prediction,Train
3435,2025-07-12,P014,0.6581341624259949,XGBoost,Prediction,Train
3436,2025-07-13,P014,2.617774724960327,XGBoost,Prediction,Train
3437,2025-07-14,P014,3.893232345581055,XGBoost,Prediction,Train
3438,2025-07-15,P014,0.6800155639648438,XGBoost,Prediction,Train
3439,2025-07-16,P014,2.1399853229522705,XGBoost,Prediction,Train
3440,2025-07-17,P014,0.9375381469726562,XGBoost,Prediction,Train
3441,2025-07-18,P014,2.719486713409424,XGBoost,Prediction,Train
3442,2025-07-19,P014,1.3163514137268066,XGBoost,Prediction,Train
3443,2025-07-20,P014,1.1930806636810305,XGBoost,Prediction,Train
3444,2025-07-21,P014,3.211996555328369,XGBoost,Prediction,Train
3445,2025-07-22,P014,2.80161452293396,XGBoost,Prediction,Train
3446,2025-07-23,P014,4.393588066101074,XGBoost,Prediction,Train
3447,2025-07-24,P014,2.5015366077423096,XGBoost,Prediction,Train
3448,2025-07-25,P014,1.0864615440368652,XGBoost,Prediction,Train
3449,2025-07-26,P014,0.7103751301765442,XGBoost,Prediction,Train
3450,2025-07-27,P014,3.2846908569335938,XGBoost,Prediction,Train
3451,2025-07-28,P014,0.9025481939315796,XGBoost,Prediction,Train
3452,2025-07-29,P014,2.659067392349243,XGBoost,Prediction,Train
3453,2025-07-30,P014,3.0031869411468506,XGBoost,Prediction,Train
3454,2025-07-31,P014,0.8571237921714783,XGBoost,Prediction,Train
3455,2025-08-01,P014,0.7619383335113525,XGBoost,Prediction,Train
3456,2025-08-02,P014,3.898378610610962,XGBoost,Prediction,Train
3457,2025-08-03,P014,2.583625555038452,XGBoost,Prediction,Train
3458,2025-08-04,P014,3.4589157104492188,XGBoost,Prediction,Train
3459,2025-08-05,P014,0.8875269889831543,XGBoost,Prediction,Train
3460,2025-08-06,P014,2.7004880905151367,XGBoost,Prediction,Train
3461,2025-08-07,P014,2.734501361846924,XGBoost,Prediction,Train
3462,2025-08-08,P014,0.7071532011032104,XGBoost,Prediction,Train
3463,2025-08-09,P014,1.014115810394287,XGBoost,Prediction,Train
3464,2025-08-10,P014,1.1798102855682373,XGBoost,Prediction,Train
3465,2025-08-11,P014,2.2441349029541016,XGBoost,Prediction,Train
3466,2025-08-12,P014,1.1432433128356934,XGBoost,Prediction,Train
3467,2025-08-13,P014,1.877284288406372,XGBoost,Prediction,Train
3468,2025-08-14,P014,0.9281261563301086,XGBoost,Prediction,Train
3469,2025-08-15,P014,2.388361930847168,XGBoost,Prediction,Train
3470,2025-08-16,P014,2.2501766681671143,XGBoost,Prediction,Train
3471,2025-08-17,P014,3.663348197937012,XGBoost,Prediction,Train
3472,2025-08-18,P014,3.930513620376587,XGBoost,Prediction,Train
3473,2025-08-19,P014,1.2145901918411257,XGBoost,Prediction,Train
3474,2025-08-20,P014,0.869618833065033,XGBoost,Prediction,Train
3475,2025-08-21,P014,1.390613317489624,XGBoost,Prediction,Train
3476,2025-08-22,P014,4.583497524261475,XGBoost,Prediction,Train
3477,2025-08-23,P014,1.184040665626526,XGBoost,Prediction,Train
3478,2025-08-24,P014,3.359095811843872,XGBoost,Prediction,Train
3479,2025-08-25,P014,1.3085178136825562,XGBoost,Prediction,Train
3480,2025-08-26,P014,1.2815473079681396,XGBoost,Prediction,Train
3481,2025-08-27,P014,1.0341860055923462,XGBoost,Prediction,Train
3482,2025-08-28,P014,2.163177728652954,XGBoost,Prediction,Train
3483,2025-08-29,P014,0.90264230966568,XGBoost,Prediction,Train
3484,2025-08-30,P014,0.6582645177841187,XGBoost,Prediction,Train
3485,2025-08-31,P014,1.2317298650741575,XGBoost,Prediction,Train
3486,2025-09-01,P014,6.419084548950195,XGBoost,Prediction,Train
3487,2025-09-02,P014,0.967435896396637,XGBoost,Prediction,Train
3488,2025-09-03,P014,1.0249032974243164,XGBoost,Prediction,Train
3489,2025-09-04,P014,0.7944146394729614,XGBoost,Prediction,Train
3490,2025-09-05,P014,0.7827134132385254,XGBoost,Prediction,Train
3491,2025-09-06,P014,0.5423129796981812,XGBoost,Prediction,Train
3492,2025-09-07,P014,4.473360061645508,XGBoost,Prediction,Train
3493,2025-09-08,P014,4.150532245635986,XGBoost,Prediction,Train
3494,2025-09-09,P014,1.3942575454711914,XGBoost,Prediction,Train
3495,2025-09-10,P014,1.029587745666504,XGBoost,Prediction,Train
3496,2025-09-11,P014,0.6824039816856384,XGBoost,Prediction,Train
3497,2025-09-12,P014,1.0175875425338743,XGBoost,Prediction,Train
3498,2025-09-13,P014,2.243943929672241,XGBoost,Prediction,Train
3499,2025-09-14,P014,4.141298294067383,XGBoost,Prediction,Train
3500,2025-01-08,P015,2.94176721572876,XGBoost,Prediction,Train
3501,2025-01-09,P015,2.733145236968994,XGBoost,Prediction,Train
3502,2025-01-10,P015,1.9943525791168213,XGBoost,Prediction,Train
3503,2025-01-11,P015,1.8505799770355225,XGBoost,Prediction,Train
3504,2025-01-12,P015,1.3223066329956057,XGBoost,Prediction,Train
3505,2025-01-13,P015,2.116081714630127,XGBoost,Prediction,Train
3506,2025-01-14,P015,3.625507116317749,XGBoost,Prediction,Train
3507,2025-01-15,P015,2.5733768939971924,XGBoost,Prediction,Train
3508,2025-01-16,P015,0.8406586647033691,XGBoost,Prediction,Train
3509,2025-01-17,P015,0.8214136958122253,XGBoost,Prediction,Train
3510,2025-01-18,P015,4.714156627655029,XGBoost,Prediction,Train
3511,2025-01-19,P015,2.635594367980957,XGBoost,Prediction,Train
3512,2025-01-20,P015,3.7297556400299072,XGBoost,Prediction,Train
3513,2025-01-21,P015,1.8459978103637693,XGBoost,Prediction,Train
3514,2025-01-22,P015,5.171431541442871,XGBoost,Prediction,Train
3515,2025-01-23,P015,2.781061172485352,XGBoost,Prediction,Train
3516,2025-01-24,P015,3.4580111503601074,XGBoost,Prediction,Train
3517,2025-01-25,P015,0.9349176287651062,XGBoost,Prediction,Train
3518,2025-01-26,P015,0.7719764709472656,XGBoost,Prediction,Train
3519,2025-01-27,P015,0.923864245414734,XGBoost,Prediction,Train
3520,2025-01-28,P015,3.03673791885376,XGBoost,Prediction,Train
3521,2025-01-29,P015,0.9030484557151794,XGBoost,Prediction,Train
3522,2025-01-30,P015,3.890930414199829,XGBoost,Prediction,Train
3523,2025-01-31,P015,2.7491443157196045,XGBoost,Prediction,Train
3524,2025-02-01,P015,1.5527464151382446,XGBoost,Prediction,Train
3525,2025-02-02,P015,3.4934897422790527,XGBoost,Prediction,Train
3526,2025-02-03,P015,1.3118104934692385,XGBoost,Prediction,Train
3527,2025-02-04,P015,2.8962223529815674,XGBoost,Prediction,Train
3528,2025-02-05,P015,0.904368221759796,XGBoost,Prediction,Train
3529,2025-02-06,P015,3.5091440677642822,XGBoost,Prediction,Train
3530,2025-02-07,P015,3.671116590499878,XGBoost,Prediction,Train
3531,2025-02-08,P015,0.7143151164054871,XGBoost,Prediction,Train
3532,2025-02-09,P015,5.509846210479736,XGBoost,Prediction,Train
3533,2025-02-10,P015,2.7353503704071045,XGBoost,Prediction,Train
3534,2025-02-11,P015,2.71781849861145,XGBoost,Prediction,Train
3535,2025-02-12,P015,1.811665415763855,XGBoost,Prediction,Train
3536,2025-02-13,P015,0.7535287141799927,XGBoost,Prediction,Train
3537,2025-02-14,P015,4.662184238433838,XGBoost,Prediction,Train
3538,2025-02-15,P015,2.079288482666016,XGBoost,Prediction,Train
3539,2025-02-16,P015,4.534477710723877,XGBoost,Prediction,Train
3540,2025-02-17,P015,4.628818988800049,XGBoost,Prediction,Train
3541,2025-02-18,P015,1.9041519165039065,XGBoost,Prediction,Train
3542,2025-02-19,P015,4.855213165283203,XGBoost,Prediction,Train
3543,2025-02-20,P015,3.981967210769653,XGBoost,Prediction,Train
3544,2025-02-21,P015,4.389936447143555,XGBoost,Prediction,Train
3545,2025-02-22,P015,0.8555374145507812,XGBoost,Prediction,Train
3546,2025-02-23,P015,0.9311261773109436,XGBoost,Prediction,Train
3547,2025-02-24,P015,0.7893558144569397,XGBoost,Prediction,Train
3548,2025-02-25,P015,3.867450714111328,XGBoost,Prediction,Train
3549,2025-02-26,P015,0.5146946907043457,XGBoost,Prediction,Train
3550,2025-02-27,P015,3.4875388145446777,XGBoost,Prediction,Train
3551,2025-02-28,P015,0.8305398225784302,XGBoost,Prediction,Train
3552,2025-03-01,P015,1.471482276916504,XGBoost,Prediction,Train
3553,2025-03-02,P015,0.6331365704536438,XGBoost,Prediction,Train
3554,2025-03-03,P015,2.0578904151916504,XGBoost,Prediction,Train
3555,2025-03-04,P015,1.9271889925003047,XGBoost,Prediction,Train
3556,2025-03-05,P015,1.2954012155532837,XGBoost,Prediction,Train
3557,2025-03-06,P015,2.6194725036621094,XGBoost,Prediction,Train
3558,2025-03-07,P015,0.9312361478805542,XGBoost,Prediction,Train
3559,2025-03-08,P015,0.9877658486366272,XGBoost,Prediction,Train
3560,2025-03-09,P015,3.3600611686706543,XGBoost,Prediction,Train
3561,2025-03-10,P015,4.008058071136475,XGBoost,Prediction,Train
3562,2025-03-11,P015,2.6799111366271973,XGBoost,Prediction,Train
3563,2025-03-12,P015,0.7662823796272278,XGBoost,Prediction,Train
3564,2025-03-13,P015,0.9298681616783142,XGBoost,Prediction,Train
3565,2025-03-14,P015,3.214198112487793,XGBoost,Prediction,Train
3566,2025-03-15,P015,2.558595657348633,XGBoost,Prediction,Train
3567,2025-03-16,P015,2.8389792442321777,XGBoost,Prediction,Train
3568,2025-03-17,P015,1.1875889301300049,XGBoost,Prediction,Train
3569,2025-03-18,P015,2.508716583251953,XGBoost,Prediction,Train
3570,2025-03-19,P015,0.587544858455658,XGBoost,Prediction,Train
3571,2025-03-20,P015,1.9684754610061648,XGBoost,Prediction,Train
3572,2025-03-21,P015,2.1804628372192383,XGBoost,Prediction,Train
3573,2025-03-22,P015,0.7649810910224915,XGBoost,Prediction,Train
3574,2025-03-23,P015,0.9556970596313475,XGBoost,Prediction,Train
3575,2025-03-24,P015,5.955760955810547,XGBoost,Prediction,Train
3576,2025-03-25,P015,2.607062101364136,XGBoost,Prediction,Train
3577,2025-03-26,P015,2.0316708087921143,XGBoost,Prediction,Train
3578,2025-03-27,P015,4.78782844543457,XGBoost,Prediction,Train
3579,2025-03-28,P015,5.267317295074463,XGBoost,Prediction,Train
3580,2025-03-29,P015,1.5078237056732178,XGBoost,Prediction,Train
3581,2025-03-30,P015,2.1658153533935547,XGBoost,Prediction,Train
3582,2025-03-31,P015,3.138749837875366,XGBoost,Prediction,Train
3583,2025-04-01,P015,1.1472846269607544,XGBoost,Prediction,Train
3584,2025-04-02,P015,3.658555269241333,XGBoost,Prediction,Train
3585,2025-04-03,P015,3.165300846099853,XGBoost,Prediction,Train
3586,2025-04-04,P015,1.575154185295105,XGBoost,Prediction,Train
3587,2025-04-05,P015,4.710063457489014,XGBoost,Prediction,Train
3588,2025-04-06,P015,2.775955438613892,XGBoost,Prediction,Train
3589,2025-04-07,P015,1.395193338394165,XGBoost,Prediction,Train
3590,2025-04-08,P015,2.2098288536071777,XGBoost,Prediction,Train
3591,2025-04-09,P015,1.0267369747161863,XGBoost,Prediction,Train
3592,2025-04-10,P015,0.8624786138534546,XGBoost,Prediction,Train
3593,2025-04-11,P015,2.7235445976257324,XGBoost,Prediction,Train
3594,2025-04-12,P015,1.90384304523468,XGBoost,Prediction,Train
3595,2025-04-13,P015,1.021214485168457,XGBoost,Prediction,Train
3596,2025-04-14,P015,2.1136724948883057,XGBoost,Prediction,Train
3597,2025-04-15,P015,3.7620058059692383,XGBoost,Prediction,Train
3598,2025-04-16,P015,1.852763533592224,XGBoost,Prediction,Train
3599,2025-04-17,P015,1.5661393404006958,XGBoost,Prediction,Train
3600,2025-04-18,P015,2.59663462638855,XGBoost,Prediction,Train
3601,2025-04-19,P015,5.1034135818481445,XGBoost,Prediction,Train
3602,2025-04-20,P015,4.412323951721191,XGBoost,Prediction,Train
3603,2025-04-21,P015,1.652852177619934,XGBoost,Prediction,Train
3604,2025-04-22,P015,2.814044713973999,XGBoost,Prediction,Train
3605,2025-04-23,P015,1.3424580097198486,XGBoost,Prediction,Train
3606,2025-04-24,P015,0.834943413734436,XGBoost,Prediction,Train
3607,2025-04-25,P015,1.8805547952651975,XGBoost,Prediction,Train
3608,2025-04-26,P015,1.056793212890625,XGBoost,Prediction,Train
3609,2025-04-27,P015,4.210793495178223,XGBoost,Prediction,Train
3610,2025-04-28,P015,3.4428184032440186,XGBoost,Prediction,Train
3611,2025-04-29,P015,3.2953901290893555,XGBoost,Prediction,Train
3612,2025-04-30,P015,0.6667742729187012,XGBoost,Prediction,Train
3613,2025-05-01,P015,2.012617349624634,XGBoost,Prediction,Train
3614,2025-05-02,P015,1.0223770141601562,XGBoost,Prediction,Train
3615,2025-05-03,P015,0.8608710169792175,XGBoost,Prediction,Train
3616,2025-05-04,P015,5.290703773498535,XGBoost,Prediction,Train
3617,2025-05-05,P015,4.037907123565674,XGBoost,Prediction,Train
3618,2025-05-06,P015,1.0625832080841064,XGBoost,Prediction,Train
3619,2025-05-07,P015,0.7335802316665649,XGBoost,Prediction,Train
3620,2025-05-08,P015,3.860557794570923,XGBoost,Prediction,Train
3621,2025-05-09,P015,4.761435031890869,XGBoost,Prediction,Train
3622,2025-05-10,P015,3.762495994567871,XGBoost,Prediction,Train
3623,2025-05-11,P015,2.924600839614868,XGBoost,Prediction,Train
3624,2025-05-12,P015,2.63578724861145,XGBoost,Prediction,Train
3625,2025-05-13,P015,2.679532766342163,XGBoost,Prediction,Train
3626,2025-05-14,P015,4.187471866607666,XGBoost,Prediction,Train
3627,2025-05-15,P015,0.6643033027648926,XGBoost,Prediction,Train
3628,2025-05-16,P015,2.997455596923828,XGBoost,Prediction,Train
3629,2025-05-17,P015,1.322313666343689,XGBoost,Prediction,Train
3630,2025-05-18,P015,1.999897837638855,XGBoost,Prediction,Train
3631,2025-05-19,P015,0.6669133901596069,XGBoost,Prediction,Train
3632,2025-05-20,P015,0.6577675938606262,XGBoost,Prediction,Train
3633,2025-05-21,P015,2.7631802558898926,XGBoost,Prediction,Train
3634,2025-05-22,P015,0.6577330231666565,XGBoost,Prediction,Train
3635,2025-05-23,P015,2.073758125305176,XGBoost,Prediction,Train
3636,2025-05-24,P015,2.871915340423584,XGBoost,Prediction,Train
3637,2025-05-25,P015,1.1552255153656006,XGBoost,Prediction,Train
3638,2025-05-26,P015,4.029630661010742,XGBoost,Prediction,Train
3639,2025-05-27,P015,1.8129960298538208,XGBoost,Prediction,Train
3640,2025-05-28,P015,0.6680741310119629,XGBoost,Prediction,Train
3641,2025-05-29,P015,0.7014134526252747,XGBoost,Prediction,Train
3642,2025-05-30,P015,0.7768889665603638,XGBoost,Prediction,Train
3643,2025-05-31,P015,2.683222770690918,XGBoost,Prediction,Train
3644,2025-06-01,P015,0.9702122807502748,XGBoost,Prediction,Train
3645,2025-06-02,P015,2.689953565597534,XGBoost,Prediction,Train
3646,2025-06-03,P015,3.709152936935425,XGBoost,Prediction,Train
3647,2025-06-04,P015,3.435899496078491,XGBoost,Prediction,Train
3648,2025-06-05,P015,1.896440386772156,XGBoost,Prediction,Train
3649,2025-06-06,P015,2.7146503925323486,XGBoost,Prediction,Train
3650,2025-06-07,P015,2.6653568744659424,XGBoost,Prediction,Train
3651,2025-06-08,P015,4.249885082244873,XGBoost,Prediction,Train
3652,2025-06-09,P015,2.6238534450531006,XGBoost,Prediction,Train
3653,2025-06-10,P015,1.2404942512512207,XGBoost,Prediction,Train
3654,2025-06-11,P015,1.7976957559585571,XGBoost,Prediction,Train
3655,2025-06-12,P015,1.0305473804473877,XGBoost,Prediction,Train
3656,2025-06-13,P015,1.9249811172485352,XGBoost,Prediction,Train
3657,2025-06-14,P015,3.334316730499268,XGBoost,Prediction,Train
3658,2025-06-15,P015,1.4655472040176392,XGBoost,Prediction,Train
3659,2025-06-16,P015,1.1195356845855713,XGBoost,Prediction,Train
3660,2025-06-17,P015,1.9266879558563232,XGBoost,Prediction,Train
3661,2025-06-18,P015,1.0119576454162598,XGBoost,Prediction,Train
3662,2025-06-19,P015,2.8032655715942383,XGBoost,Prediction,Train
3663,2025-06-20,P015,1.8142647743225095,XGBoost,Prediction,Train
3664,2025-06-21,P015,3.367317676544189,XGBoost,Prediction,Train
3665,2025-06-22,P015,2.793797731399536,XGBoost,Prediction,Train
3666,2025-06-23,P015,0.5669376850128174,XGBoost,Prediction,Train
3667,2025-06-24,P015,1.498242735862732,XGBoost,Prediction,Train
3668,2025-06-25,P015,0.890377402305603,XGBoost,Prediction,Train
3669,2025-06-26,P015,2.938651323318481,XGBoost,Prediction,Train
3670,2025-06-27,P015,0.7733713388442993,XGBoost,Prediction,Train
3671,2025-06-28,P015,2.228477954864502,XGBoost,Prediction,Train
3672,2025-06-29,P015,1.995901346206665,XGBoost,Prediction,Train
3673,2025-06-30,P015,2.522802829742432,XGBoost,Prediction,Train
3674,2025-07-01,P015,3.613095998764038,XGBoost,Prediction,Train
3675,2025-07-02,P015,1.4460378885269165,XGBoost,Prediction,Train
3676,2025-07-03,P015,0.8740801811218262,XGBoost,Prediction,Train
3677,2025-07-04,P015,1.3111255168914795,XGBoost,Prediction,Train
3678,2025-07-05,P015,0.8366484045982361,XGBoost,Prediction,Train
3679,2025-07-06,P015,2.854196310043335,XGBoost,Prediction,Train
3680,2025-07-07,P015,1.7452664375305176,XGBoost,Prediction,Train
3681,2025-07-08,P015,2.075512409210205,XGBoost,Prediction,Train
3682,2025-07-09,P015,1.797555446624756,XGBoost,Prediction,Train
3683,2025-07-10,P015,1.3229806423187256,XGBoost,Prediction,Train
3684,2025-07-11,P015,1.3271751403808594,XGBoost,Prediction,Train
3685,2025-07-12,P015,3.632365703582764,XGBoost,Prediction,Train
3686,2025-07-13,P015,0.5102578401565552,XGBoost,Prediction,Train
3687,2025-07-14,P015,4.970508098602295,XGBoost,Prediction,Train
3688,2025-07-15,P015,0.8942349553108215,XGBoost,Prediction,Train
3689,2025-07-16,P015,3.915687561035156,XGBoost,Prediction,Train
3690,2025-07-17,P015,0.9785307049751282,XGBoost,Prediction,Train
3691,2025-07-18,P015,2.02291202545166,XGBoost,Prediction,Train
3692,2025-07-19,P015,3.386014699935913,XGBoost,Prediction,Train
3693,2025-07-20,P015,1.3241595029830933,XGBoost,Prediction,Train
3694,2025-07-21,P015,2.7252025604248047,XGBoost,Prediction,Train
3695,2025-07-22,P015,0.7854962348937988,XGBoost,Prediction,Train
3696,2025-07-23,P015,1.0060358047485352,XGBoost,Prediction,Train
3697,2025-07-24,P015,4.897176742553711,XGBoost,Prediction,Train
3698,2025-07-25,P015,1.1485400199890137,XGBoost,Prediction,Train
3699,2025-07-26,P015,1.2948757410049438,XGBoost,Prediction,Train
3700,2025-07-27,P015,1.1295080184936523,XGBoost,Prediction,Train
3701,2025-07-28,P015,3.5635321140289307,XGBoost,Prediction,Train
3702,2025-07-29,P015,0.9240148067474364,XGBoost,Prediction,Train
3703,2025-07-30,P015,2.920310735702514,XGBoost,Prediction,Train
3704,2025-07-31,P015,1.9696954488754272,XGBoost,Prediction,Train
3705,2025-08-01,P015,2.0250275135040283,XGBoost,Prediction,Train
3706,2025-08-02,P015,1.1558635234832764,XGBoost,Prediction,Train
3707,2025-08-03,P015,0.8652483820915222,XGBoost,Prediction,Train
3708,2025-08-04,P015,4.77694034576416,XGBoost,Prediction,Train
3709,2025-08-05,P015,0.9527512192726136,XGBoost,Prediction,Train
3710,2025-08-06,P015,3.51295018196106,XGBoost,Prediction,Train
3711,2025-08-07,P015,2.7460713386535645,XGBoost,Prediction,Train
3712,2025-08-08,P015,0.8658592104911804,XGBoost,Prediction,Train
3713,2025-08-09,P015,1.1025296449661257,XGBoost,Prediction,Train
3714,2025-08-10,P015,2.6890251636505127,XGBoost,Prediction,Train
3715,2025-08-11,P015,1.911059021949768,XGBoost,Prediction,Train
3716,2025-08-12,P015,1.1005243062973022,XGBoost,Prediction,Train
3717,2025-08-13,P015,0.9619412422180176,XGBoost,Prediction,Train
3718,2025-08-14,P015,2.077911376953125,XGBoost,Prediction,Train
3719,2025-08-15,P015,1.8321471214294436,XGBoost,Prediction,Train
3720,2025-08-16,P015,4.167902946472168,XGBoost,Prediction,Train
3721,2025-08-17,P015,1.1476365327835083,XGBoost,Prediction,Train
3722,2025-08-18,P015,2.6751396656036377,XGBoost,Prediction,Train
3723,2025-08-19,P015,3.827522039413452,XGBoost,Prediction,Train
3724,2025-08-20,P015,0.8198400735855103,XGBoost,Prediction,Train
3725,2025-08-21,P015,6.23370361328125,XGBoost,Prediction,Train
3726,2025-08-22,P015,0.6859172582626343,XGBoost,Prediction,Train
3727,2025-08-23,P015,2.893328189849853,XGBoost,Prediction,Train
3728,2025-08-24,P015,1.2161900997161863,XGBoost,Prediction,Train
3729,2025-08-25,P015,1.922629714012146,XGBoost,Prediction,Train
3730,2025-08-26,P015,0.833615779876709,XGBoost,Prediction,Train
3731,2025-08-27,P015,1.1904475688934326,XGBoost,Prediction,Train
3732,2025-08-28,P015,0.931635081768036,XGBoost,Prediction,Train
3733,2025-08-29,P015,0.7896061539649963,XGBoost,Prediction,Train
3734,2025-08-30,P015,6.104148387908936,XGBoost,Prediction,Train
3735,2025-08-31,P015,1.9751453399658203,XGBoost,Prediction,Train
3736,2025-09-01,P015,4.037147998809815,XGBoost,Prediction,Train
3737,2025-09-02,P015,1.1256049871444702,XGBoost,Prediction,Train
3738,2025-09-03,P015,2.7126965522766118,XGBoost,Prediction,Train
3739,2025-09-04,P015,1.364488959312439,XGBoost,Prediction,Train
3740,2025-09-05,P015,2.6469767093658447,XGBoost,Prediction,Train
3741,2025-09-06,P015,2.7567946910858154,XGBoost,Prediction,Train
3742,2025-09-07,P015,2.2965219020843506,XGBoost,Prediction,Train
3743,2025-09-08,P015,2.338801860809326,XGBoost,Prediction,Train
3744,2025-09-09,P015,3.1217658519744877,XGBoost,Prediction,Train
3745,2025-09-10,P015,1.2995580434799194,XGBoost,Prediction,Train
3746,2025-09-11,P015,0.8355840444564819,XGBoost,Prediction,Train
3747,2025-09-12,P015,1.1841206550598145,XGBoost,Prediction,Train
3748,2025-09-13,P015,4.7305755615234375,XGBoost,Prediction,Train
3749,2025-09-14,P015,1.0863163471221924,XGBoost,Prediction,Train
3750,2025-01-08,P016,1.1639217138290403,XGBoost,Prediction,Train
3751,2025-01-09,P016,5.46483850479126,XGBoost,Prediction,Train
3752,2025-01-10,P016,2.4897453784942627,XGBoost,Prediction,Train
3753,2025-01-11,P016,1.1225346326828003,XGBoost,Prediction,Train
3754,2025-01-12,P016,1.242414951324463,XGBoost,Prediction,Train
3755,2025-01-13,P016,2.411144971847534,XGBoost,Prediction,Train
3756,2025-01-14,P016,4.458352088928223,XGBoost,Prediction,Train
3757,2025-01-15,P016,4.0388360023498535,XGBoost,Prediction,Train
3758,2025-01-16,P016,2.5510427951812744,XGBoost,Prediction,Train
3759,2025-01-17,P016,2.51709246635437,XGBoost,Prediction,Train
3760,2025-01-18,P016,3.225406646728516,XGBoost,Prediction,Train
3761,2025-01-19,P016,3.1602706909179688,XGBoost,Prediction,Train
3762,2025-01-20,P016,0.9729857444763184,XGBoost,Prediction,Train
3763,2025-01-21,P016,4.124524593353272,XGBoost,Prediction,Train
3764,2025-01-22,P016,0.8865584135055542,XGBoost,Prediction,Train
3765,2025-01-23,P016,4.626454830169678,XGBoost,Prediction,Train
3766,2025-01-24,P016,4.14165735244751,XGBoost,Prediction,Train
3767,2025-01-25,P016,0.6091442704200745,XGBoost,Prediction,Train
3768,2025-01-26,P016,0.6484160423278809,XGBoost,Prediction,Train
3769,2025-01-27,P016,1.1953855752944946,XGBoost,Prediction,Train
3770,2025-01-28,P016,0.6611822247505188,XGBoost,Prediction,Train
3771,2025-01-29,P016,2.592789649963379,XGBoost,Prediction,Train
3772,2025-01-30,P016,4.263915061950684,XGBoost,Prediction,Train
3773,2025-01-31,P016,0.7776782512664795,XGBoost,Prediction,Train
3774,2025-02-01,P016,0.8333020806312561,XGBoost,Prediction,Train
3775,2025-02-02,P016,0.966393768787384,XGBoost,Prediction,Train
3776,2025-02-03,P016,2.030708074569702,XGBoost,Prediction,Train
3777,2025-02-04,P016,3.4531784057617188,XGBoost,Prediction,Train
3778,2025-02-05,P016,0.881829559803009,XGBoost,Prediction,Train
3779,2025-02-06,P016,2.5734403133392334,XGBoost,Prediction,Train
3780,2025-02-07,P016,2.271299123764038,XGBoost,Prediction,Train
3781,2025-02-08,P016,0.6501315832138062,XGBoost,Prediction,Train
3782,2025-02-09,P016,2.0540971755981445,XGBoost,Prediction,Train
3783,2025-02-10,P016,2.7541987895965576,XGBoost,Prediction,Train
3784,2025-02-11,P016,2.8374085426330566,XGBoost,Prediction,Train
3785,2025-02-12,P016,0.9204313158988952,XGBoost,Prediction,Train
3786,2025-02-13,P016,1.958185315132141,XGBoost,Prediction,Train
3787,2025-02-14,P016,4.394102096557617,XGBoost,Prediction,Train
3788,2025-02-15,P016,0.9766606092453004,XGBoost,Prediction,Train
3789,2025-02-16,P016,1.00416100025177,XGBoost,Prediction,Train
3790,2025-02-17,P016,0.904581904411316,XGBoost,Prediction,Train
3791,2025-02-18,P016,0.702914834022522,XGBoost,Prediction,Train
3792,2025-02-19,P016,1.2666693925857544,XGBoost,Prediction,Train
3793,2025-02-20,P016,2.731899738311768,XGBoost,Prediction,Train
3794,2025-02-21,P016,2.698406934738159,XGBoost,Prediction,Train
3795,2025-02-22,P016,0.8337060809135437,XGBoost,Prediction,Train
3796,2025-02-23,P016,0.7186304926872253,XGBoost,Prediction,Train
3797,2025-02-24,P016,0.8086047172546387,XGBoost,Prediction,Train
3798,2025-02-25,P016,0.8161677718162537,XGBoost,Prediction,Train
3799,2025-02-26,P016,2.724993705749512,XGBoost,Prediction,Train
3800,2025-02-27,P016,0.926479697227478,XGBoost,Prediction,Train
3801,2025-02-28,P016,2.671558141708374,XGBoost,Prediction,Train
3802,2025-03-01,P016,2.5677270889282227,XGBoost,Prediction,Train
3803,2025-03-02,P016,0.981276512145996,XGBoost,Prediction,Train
3804,2025-03-03,P016,3.096760034561157,XGBoost,Prediction,Train
3805,2025-03-04,P016,3.5697622299194336,XGBoost,Prediction,Train
3806,2025-03-05,P016,0.8835300803184509,XGBoost,Prediction,Train
3807,2025-03-06,P016,1.3814408779144287,XGBoost,Prediction,Train
3808,2025-03-07,P016,0.781840443611145,XGBoost,Prediction,Train
3809,2025-03-08,P016,0.7452487945556641,XGBoost,Prediction,Train
3810,2025-03-09,P016,2.473369836807251,XGBoost,Prediction,Train
3811,2025-03-10,P016,1.879608392715454,XGBoost,Prediction,Train
3812,2025-03-11,P016,0.9696085453033448,XGBoost,Prediction,Train
3813,2025-03-12,P016,4.724264144897461,XGBoost,Prediction,Train
3814,2025-03-13,P016,0.6074137687683105,XGBoost,Prediction,Train
3815,2025-03-14,P016,1.1707022190093994,XGBoost,Prediction,Train
3816,2025-03-15,P016,1.006794810295105,XGBoost,Prediction,Train
3817,2025-03-16,P016,2.347044944763184,XGBoost,Prediction,Train
3818,2025-03-17,P016,0.7978442907333374,XGBoost,Prediction,Train
3819,2025-03-18,P016,2.4466705322265625,XGBoost,Prediction,Train
3820,2025-03-19,P016,1.395632028579712,XGBoost,Prediction,Train
3821,2025-03-20,P016,1.9027293920516968,XGBoost,Prediction,Train
3822,2025-03-21,P016,2.0561013221740723,XGBoost,Prediction,Train
3823,2025-03-22,P016,2.659346580505371,XGBoost,Prediction,Train
3824,2025-03-23,P016,0.7596784830093384,XGBoost,Prediction,Train
3825,2025-03-24,P016,1.53452730178833,XGBoost,Prediction,Train
3826,2025-03-25,P016,1.847198247909546,XGBoost,Prediction,Train
3827,2025-03-26,P016,1.3966034650802612,XGBoost,Prediction,Train
3828,2025-03-27,P016,0.8836332559585571,XGBoost,Prediction,Train
3829,2025-03-28,P016,3.391321897506714,XGBoost,Prediction,Train
3830,2025-03-29,P016,1.4878301620483398,XGBoost,Prediction,Train
3831,2025-03-30,P016,1.770055055618286,XGBoost,Prediction,Train
3832,2025-03-31,P016,1.699293613433838,XGBoost,Prediction,Train
3833,2025-04-01,P016,0.8344042897224426,XGBoost,Prediction,Train
3834,2025-04-02,P016,0.8900465965270996,XGBoost,Prediction,Train
3835,2025-04-03,P016,2.664078712463379,XGBoost,Prediction,Train
3836,2025-04-04,P016,4.725978851318359,XGBoost,Prediction,Train
3837,2025-04-05,P016,0.6762381792068481,XGBoost,Prediction,Train
3838,2025-04-06,P016,2.61017107963562,XGBoost,Prediction,Train
3839,2025-04-07,P016,3.250174760818481,XGBoost,Prediction,Train
3840,2025-04-08,P016,3.3765461444854736,XGBoost,Prediction,Train
3841,2025-04-09,P016,1.8547452688217163,XGBoost,Prediction,Train
3842,2025-04-10,P016,0.7944642305374146,XGBoost,Prediction,Train
3843,2025-04-11,P016,3.083148241043091,XGBoost,Prediction,Train
3844,2025-04-12,P016,2.602670192718506,XGBoost,Prediction,Train
3845,2025-04-13,P016,1.999198317527771,XGBoost,Prediction,Train
3846,2025-04-14,P016,0.7575328350067139,XGBoost,Prediction,Train
3847,2025-04-15,P016,0.7578075528144836,XGBoost,Prediction,Train
3848,2025-04-16,P016,1.763087511062622,XGBoost,Prediction,Train
3849,2025-04-17,P016,1.6620275974273682,XGBoost,Prediction,Train
3850,2025-04-18,P016,2.231461524963379,XGBoost,Prediction,Train
3851,2025-04-19,P016,1.3431248664855957,XGBoost,Prediction,Train
3852,2025-04-20,P016,1.2599022388458252,XGBoost,Prediction,Train
3853,2025-04-21,P016,1.9020695686340328,XGBoost,Prediction,Train
3854,2025-04-22,P016,1.8795892000198364,XGBoost,Prediction,Train
3855,2025-04-23,P016,4.777997970581055,XGBoost,Prediction,Train
3856,2025-04-24,P016,0.8779034614562988,XGBoost,Prediction,Train
3857,2025-04-25,P016,1.805791258811951,XGBoost,Prediction,Train
3858,2025-04-26,P016,3.7049503326416016,XGBoost,Prediction,Train
3859,2025-04-27,P016,1.9592865705490112,XGBoost,Prediction,Train
3860,2025-04-28,P016,1.3228086233139038,XGBoost,Prediction,Train
3861,2025-04-29,P016,2.635547876358032,XGBoost,Prediction,Train
3862,2025-04-30,P016,2.6437015533447266,XGBoost,Prediction,Train
3863,2025-05-01,P016,0.7607632875442505,XGBoost,Prediction,Train
3864,2025-05-02,P016,0.8354622721672058,XGBoost,Prediction,Train
3865,2025-05-03,P016,2.635911464691162,XGBoost,Prediction,Train
3866,2025-05-04,P016,0.937997817993164,XGBoost,Prediction,Train
3867,2025-05-05,P016,2.790712118148804,XGBoost,Prediction,Train
3868,2025-05-06,P016,0.9545104503631592,XGBoost,Prediction,Train
3869,2025-05-07,P016,0.7311412692070007,XGBoost,Prediction,Train
3870,2025-05-08,P016,1.2009868621826172,XGBoost,Prediction,Train
3871,2025-05-09,P016,4.309700012207031,XGBoost,Prediction,Train
3872,2025-05-10,P016,2.087019920349121,XGBoost,Prediction,Train
3873,2025-05-11,P016,2.641514539718628,XGBoost,Prediction,Train
3874,2025-05-12,P016,3.836736440658569,XGBoost,Prediction,Train
3875,2025-05-13,P016,2.5622217655181885,XGBoost,Prediction,Train
3876,2025-05-14,P016,1.0468237400054932,XGBoost,Prediction,Train
3877,2025-05-15,P016,1.3775849342346191,XGBoost,Prediction,Train
3878,2025-05-16,P016,4.44528341293335,XGBoost,Prediction,Train
3879,2025-05-17,P016,1.2040250301361084,XGBoost,Prediction,Train
3880,2025-05-18,P016,0.6535269021987915,XGBoost,Prediction,Train
3881,2025-05-19,P016,0.6562579274177551,XGBoost,Prediction,Train
3882,2025-05-20,P016,0.8786209225654602,XGBoost,Prediction,Train
3883,2025-05-21,P016,0.7666970491409302,XGBoost,Prediction,Train
3884,2025-05-22,P016,1.3822956085205078,XGBoost,Prediction,Train
3885,2025-05-23,P016,1.400646090507507,XGBoost,Prediction,Train
3886,2025-05-24,P016,3.220478057861328,XGBoost,Prediction,Train
3887,2025-05-25,P016,0.8423552513122559,XGBoost,Prediction,Train
3888,2025-05-26,P016,1.2013956308364868,XGBoost,Prediction,Train
3889,2025-05-27,P016,0.639631986618042,XGBoost,Prediction,Train
3890,2025-05-28,P016,0.8882071375846863,XGBoost,Prediction,Train
3891,2025-05-29,P016,1.73759925365448,XGBoost,Prediction,Train
3892,2025-05-30,P016,0.9345526695251464,XGBoost,Prediction,Train
3893,2025-05-31,P016,2.522511482238769,XGBoost,Prediction,Train
3894,2025-06-01,P016,2.560861349105835,XGBoost,Prediction,Train
3895,2025-06-02,P016,1.2656251192092896,XGBoost,Prediction,Train
3896,2025-06-03,P016,1.1317938566207886,XGBoost,Prediction,Train
3897,2025-06-04,P016,6.040741920471191,XGBoost,Prediction,Train
3898,2025-06-05,P016,0.994073748588562,XGBoost,Prediction,Train
3899,2025-06-06,P016,1.7132292985916138,XGBoost,Prediction,Train
3900,2025-06-07,P016,3.441296100616455,XGBoost,Prediction,Train
3901,2025-06-08,P016,0.8941488265991211,XGBoost,Prediction,Train
3902,2025-06-09,P016,0.7956979274749756,XGBoost,Prediction,Train
3903,2025-06-10,P016,2.3491580486297607,XGBoost,Prediction,Train
3904,2025-06-11,P016,1.1279929876327517,XGBoost,Prediction,Train
3905,2025-06-12,P016,1.50482177734375,XGBoost,Prediction,Train
3906,2025-06-13,P016,0.8387187719345093,XGBoost,Prediction,Train
3907,2025-06-14,P016,1.3377492427825928,XGBoost,Prediction,Train
3908,2025-06-15,P016,1.1282747983932495,XGBoost,Prediction,Train
3909,2025-06-16,P016,0.640872061252594,XGBoost,Prediction,Train
3910,2025-06-17,P016,1.863590121269226,XGBoost,Prediction,Train
3911,2025-06-18,P016,1.464501142501831,XGBoost,Prediction,Train
3912,2025-06-19,P016,2.502354860305786,XGBoost,Prediction,Train
3913,2025-06-20,P016,0.7823957204818726,XGBoost,Prediction,Train
3914,2025-06-21,P016,0.6220242381095886,XGBoost,Prediction,Train
3915,2025-06-22,P016,3.367467403411865,XGBoost,Prediction,Train
3916,2025-06-23,P016,1.9109597206115725,XGBoost,Prediction,Train
3917,2025-06-24,P016,1.5851893424987793,XGBoost,Prediction,Train
3918,2025-06-25,P016,1.131356716156006,XGBoost,Prediction,Train
3919,2025-06-26,P016,0.663784384727478,XGBoost,Prediction,Train
3920,2025-06-27,P016,6.091982841491699,XGBoost,Prediction,Train
3921,2025-06-28,P016,4.962463855743408,XGBoost,Prediction,Train
3922,2025-06-29,P016,4.301548480987549,XGBoost,Prediction,Train
3923,2025-06-30,P016,2.718371629714966,XGBoost,Prediction,Train
3924,2025-07-01,P016,0.9482173919677734,XGBoost,Prediction,Train
3925,2025-07-02,P016,1.885396957397461,XGBoost,Prediction,Train
3926,2025-07-03,P016,0.9906458258628844,XGBoost,Prediction,Train
3927,2025-07-04,P016,0.8052126169204712,XGBoost,Prediction,Train
3928,2025-07-05,P016,0.9575212001800536,XGBoost,Prediction,Train
3929,2025-07-06,P016,1.355085015296936,XGBoost,Prediction,Train
3930,2025-07-07,P016,2.486595869064331,XGBoost,Prediction,Train
3931,2025-07-08,P016,1.2104812860488892,XGBoost,Prediction,Train
3932,2025-07-09,P016,3.9361047744750977,XGBoost,Prediction,Train
3933,2025-07-10,P016,1.149210810661316,XGBoost,Prediction,Train
3934,2025-07-11,P016,3.160940408706665,XGBoost,Prediction,Train
3935,2025-07-12,P016,0.6990569829940796,XGBoost,Prediction,Train
3936,2025-07-13,P016,4.523571491241455,XGBoost,Prediction,Train
3937,2025-07-14,P016,2.586864948272705,XGBoost,Prediction,Train
3938,2025-07-15,P016,1.2524112462997437,XGBoost,Prediction,Train
3939,2025-07-16,P016,2.61600923538208,XGBoost,Prediction,Train
3940,2025-07-17,P016,0.8460186719894409,XGBoost,Prediction,Train
3941,2025-07-18,P016,2.6857852935791016,XGBoost,Prediction,Train
3942,2025-07-19,P016,2.5218446254730225,XGBoost,Prediction,Train
3943,2025-07-20,P016,3.7151010036468506,XGBoost,Prediction,Train
3944,2025-07-21,P016,0.9062141180038452,XGBoost,Prediction,Train
3945,2025-07-22,P016,3.508603811264038,XGBoost,Prediction,Train
3946,2025-07-23,P016,1.7744815349578855,XGBoost,Prediction,Train
3947,2025-07-24,P016,0.880530834197998,XGBoost,Prediction,Train
3948,2025-07-25,P016,2.6265225410461426,XGBoost,Prediction,Train
3949,2025-07-26,P016,0.6546506285667419,XGBoost,Prediction,Train
3950,2025-07-27,P016,3.646326780319214,XGBoost,Prediction,Train
3951,2025-07-28,P016,1.599220871925354,XGBoost,Prediction,Train
3952,2025-07-29,P016,0.8593595623970032,XGBoost,Prediction,Train
3953,2025-07-30,P016,1.2314348220825195,XGBoost,Prediction,Train
3954,2025-07-31,P016,0.7271789312362671,XGBoost,Prediction,Train
3955,2025-08-01,P016,2.499632835388184,XGBoost,Prediction,Train
3956,2025-08-02,P016,0.7645700573921204,XGBoost,Prediction,Train
3957,2025-08-03,P016,1.6733640432357788,XGBoost,Prediction,Train
3958,2025-08-04,P016,1.291836857795715,XGBoost,Prediction,Train
3959,2025-08-05,P016,2.0107452869415283,XGBoost,Prediction,Train
3960,2025-08-06,P016,1.3340718746185305,XGBoost,Prediction,Train
3961,2025-08-07,P016,0.6410391926765442,XGBoost,Prediction,Train
3962,2025-08-08,P016,3.0168166160583496,XGBoost,Prediction,Train
3963,2025-08-09,P016,1.1457045078277588,XGBoost,Prediction,Train
3964,2025-08-10,P016,2.9631404876708984,XGBoost,Prediction,Train
3965,2025-08-11,P016,3.830978155136109,XGBoost,Prediction,Train
3966,2025-08-12,P016,2.419390916824341,XGBoost,Prediction,Train
3967,2025-08-13,P016,1.5824662446975708,XGBoost,Prediction,Train
3968,2025-08-14,P016,1.1379252672195437,XGBoost,Prediction,Train
3969,2025-08-15,P016,2.900676012039185,XGBoost,Prediction,Train
3970,2025-08-16,P016,1.1746773719787598,XGBoost,Prediction,Train
3971,2025-08-17,P016,1.288980484008789,XGBoost,Prediction,Train
3972,2025-08-18,P016,0.7812415957450867,XGBoost,Prediction,Train
3973,2025-08-19,P016,0.820530354976654,XGBoost,Prediction,Train
3974,2025-08-20,P016,1.4939683675765991,XGBoost,Prediction,Train
3975,2025-08-21,P016,2.761606454849243,XGBoost,Prediction,Train
3976,2025-08-22,P016,4.044408321380615,XGBoost,Prediction,Train
3977,2025-08-23,P016,1.9057775735855105,XGBoost,Prediction,Train
3978,2025-08-24,P016,1.9781218767166135,XGBoost,Prediction,Train
3979,2025-08-25,P016,1.9106991291046145,XGBoost,Prediction,Train
3980,2025-08-26,P016,3.1936306953430176,XGBoost,Prediction,Train
3981,2025-08-27,P016,2.729360342025757,XGBoost,Prediction,Train
3982,2025-08-28,P016,1.2228362560272217,XGBoost,Prediction,Train
3983,2025-08-29,P016,1.706394910812378,XGBoost,Prediction,Train
3984,2025-08-30,P016,2.4915196895599365,XGBoost,Prediction,Train
3985,2025-08-31,P016,4.927988529205322,XGBoost,Prediction,Train
3986,2025-09-01,P016,4.129693031311035,XGBoost,Prediction,Train
3987,2025-09-02,P016,2.5846517086029053,XGBoost,Prediction,Train
3988,2025-09-03,P016,4.332064628601074,XGBoost,Prediction,Train
3989,2025-09-04,P016,1.7481834888458252,XGBoost,Prediction,Train
3990,2025-09-05,P016,1.9903970956802368,XGBoost,Prediction,Train
3991,2025-09-06,P016,1.3122191429138184,XGBoost,Prediction,Train
3992,2025-09-07,P016,2.9428493976593018,XGBoost,Prediction,Train
3993,2025-09-08,P016,4.564764499664307,XGBoost,Prediction,Train
3994,2025-09-09,P016,0.8402194976806641,XGBoost,Prediction,Train
3995,2025-09-10,P016,2.660595417022705,XGBoost,Prediction,Train
3996,2025-09-11,P016,1.2664538621902466,XGBoost,Prediction,Train
3997,2025-09-12,P016,0.6496641635894775,XGBoost,Prediction,Train
3998,2025-09-13,P016,1.7128636837005615,XGBoost,Prediction,Train
3999,2025-09-14,P016,1.1701421737670898,XGBoost,Prediction,Train
4000,2025-01-08,P017,7.1113996505737305,XGBoost,Prediction,Train
4001,2025-01-09,P017,2.709517240524292,XGBoost,Prediction,Train
4002,2025-01-10,P017,0.6270365715026855,XGBoost,Prediction,Train
4003,2025-01-11,P017,0.4230693578720093,XGBoost,Prediction,Train
4004,2025-01-12,P017,2.8120954036712646,XGBoost,Prediction,Train
4005,2025-01-13,P017,3.886986970901489,XGBoost,Prediction,Train
4006,2025-01-14,P017,1.872372031211853,XGBoost,Prediction,Train
4007,2025-01-15,P017,3.736982107162476,XGBoost,Prediction,Train
4008,2025-01-16,P017,4.660178184509277,XGBoost,Prediction,Train
4009,2025-01-17,P017,0.5546814799308777,XGBoost,Prediction,Train
4010,2025-01-18,P017,0.8236865997314453,XGBoost,Prediction,Train
4011,2025-01-19,P017,0.969864547252655,XGBoost,Prediction,Train
4012,2025-01-20,P017,2.6638717651367188,XGBoost,Prediction,Train
4013,2025-01-21,P017,2.234565019607544,XGBoost,Prediction,Train
4014,2025-01-22,P017,1.729509949684143,XGBoost,Prediction,Train
4015,2025-01-23,P017,0.5635296106338501,XGBoost,Prediction,Train
4016,2025-01-24,P017,1.3446171283721924,XGBoost,Prediction,Train
4017,2025-01-25,P017,1.8586704730987549,XGBoost,Prediction,Train
4018,2025-01-26,P017,0.6727913618087769,XGBoost,Prediction,Train
4019,2025-01-27,P017,0.9843953251838684,XGBoost,Prediction,Train
4020,2025-01-28,P017,0.711799144744873,XGBoost,Prediction,Train
4021,2025-01-29,P017,4.893899917602539,XGBoost,Prediction,Train
4022,2025-01-30,P017,0.7602505683898926,XGBoost,Prediction,Train
4023,2025-01-31,P017,2.6875782012939453,XGBoost,Prediction,Train
4024,2025-02-01,P017,1.2592498064041138,XGBoost,Prediction,Train
4025,2025-02-02,P017,0.8811928629875183,XGBoost,Prediction,Train
4026,2025-02-03,P017,0.4640544056892395,XGBoost,Prediction,Train
4027,2025-02-04,P017,1.324058175086975,XGBoost,Prediction,Train
4028,2025-02-05,P017,0.863831102848053,XGBoost,Prediction,Train
4029,2025-02-06,P017,0.688683807849884,XGBoost,Prediction,Train
4030,2025-02-07,P017,0.5455042719841003,XGBoost,Prediction,Train
4031,2025-02-08,P017,0.9685524106025696,XGBoost,Prediction,Train
4032,2025-02-09,P017,2.7200496196746826,XGBoost,Prediction,Train
4033,2025-02-10,P017,0.8717936277389526,XGBoost,Prediction,Train
4034,2025-02-11,P017,1.9125107526779173,XGBoost,Prediction,Train
4035,2025-02-12,P017,4.176371574401856,XGBoost,Prediction,Train
4036,2025-02-13,P017,3.15788197517395,XGBoost,Prediction,Train
4037,2025-02-14,P017,2.004703521728516,XGBoost,Prediction,Train
4038,2025-02-15,P017,3.2091076374053955,XGBoost,Prediction,Train
4039,2025-02-16,P017,0.9549515247344972,XGBoost,Prediction,Train
4040,2025-02-17,P017,2.445607662200928,XGBoost,Prediction,Train
4041,2025-02-18,P017,0.6333733201026917,XGBoost,Prediction,Train
4042,2025-02-19,P017,4.195971012115479,XGBoost,Prediction,Train
4043,2025-02-20,P017,2.7971415519714355,XGBoost,Prediction,Train
4044,2025-02-21,P017,1.369084715843201,XGBoost,Prediction,Train
4045,2025-02-22,P017,0.7189911007881165,XGBoost,Prediction,Train
4046,2025-02-23,P017,4.369937896728516,XGBoost,Prediction,Train
4047,2025-02-24,P017,1.1296828985214231,XGBoost,Prediction,Train
4048,2025-02-25,P017,1.2324098348617554,XGBoost,Prediction,Train
4049,2025-02-26,P017,0.901345431804657,XGBoost,Prediction,Train
4050,2025-02-27,P017,1.7846122980117798,XGBoost,Prediction,Train
4051,2025-02-28,P017,2.029867887496948,XGBoost,Prediction,Train
4052,2025-03-01,P017,4.840020179748535,XGBoost,Prediction,Train
4053,2025-03-02,P017,2.0076630115509038,XGBoost,Prediction,Train
4054,2025-03-03,P017,1.4239046573638916,XGBoost,Prediction,Train
4055,2025-03-04,P017,3.049520969390869,XGBoost,Prediction,Train
4056,2025-03-05,P017,2.389925718307495,XGBoost,Prediction,Train
4057,2025-03-06,P017,1.812708139419556,XGBoost,Prediction,Train
4058,2025-03-07,P017,3.5161666870117188,XGBoost,Prediction,Train
4059,2025-03-08,P017,1.756508231163025,XGBoost,Prediction,Train
4060,2025-03-09,P017,1.3384495973587036,XGBoost,Prediction,Train
4061,2025-03-10,P017,0.9271554350852966,XGBoost,Prediction,Train
4062,2025-03-11,P017,0.6904646754264832,XGBoost,Prediction,Train
4063,2025-03-12,P017,2.309551477432251,XGBoost,Prediction,Train
4064,2025-03-13,P017,1.7904223203659058,XGBoost,Prediction,Train
4065,2025-03-14,P017,0.7507354617118835,XGBoost,Prediction,Train
4066,2025-03-15,P017,0.7920922040939331,XGBoost,Prediction,Train
4067,2025-03-16,P017,2.589964866638184,XGBoost,Prediction,Train
4068,2025-03-17,P017,1.0244314670562744,XGBoost,Prediction,Train
4069,2025-03-18,P017,1.7377573251724243,XGBoost,Prediction,Train
4070,2025-03-19,P017,2.4010863304138184,XGBoost,Prediction,Train
4071,2025-03-20,P017,3.332095146179199,XGBoost,Prediction,Train
4072,2025-03-21,P017,1.5568643808364868,XGBoost,Prediction,Train
4073,2025-03-22,P017,0.8253785967826843,XGBoost,Prediction,Train
4074,2025-03-23,P017,1.8346343040466309,XGBoost,Prediction,Train
4075,2025-03-24,P017,3.575391292572021,XGBoost,Prediction,Train
4076,2025-03-25,P017,2.016944646835327,XGBoost,Prediction,Train
4077,2025-03-26,P017,2.493256092071533,XGBoost,Prediction,Train
4078,2025-03-27,P017,1.746418833732605,XGBoost,Prediction,Train
4079,2025-03-28,P017,0.4055078029632568,XGBoost,Prediction,Train
4080,2025-03-29,P017,0.6914529800415039,XGBoost,Prediction,Train
4081,2025-03-30,P017,0.7007406949996948,XGBoost,Prediction,Train
4082,2025-03-31,P017,2.7775144577026367,XGBoost,Prediction,Train
4083,2025-04-01,P017,2.694251537322998,XGBoost,Prediction,Train
4084,2025-04-02,P017,2.724151372909546,XGBoost,Prediction,Train
4085,2025-04-03,P017,2.552678108215332,XGBoost,Prediction,Train
4086,2025-04-04,P017,2.4152514934539795,XGBoost,Prediction,Train
4087,2025-04-05,P017,1.2008408308029177,XGBoost,Prediction,Train
4088,2025-04-06,P017,0.4148067533969879,XGBoost,Prediction,Train
4089,2025-04-07,P017,1.1725599765777588,XGBoost,Prediction,Train
4090,2025-04-08,P017,1.1713610887527466,XGBoost,Prediction,Train
4091,2025-04-09,P017,3.1519813537597656,XGBoost,Prediction,Train
4092,2025-04-10,P017,1.9629286527633667,XGBoost,Prediction,Train
4093,2025-04-11,P017,2.0028395652771,XGBoost,Prediction,Train
4094,2025-04-12,P017,1.3135058879852295,XGBoost,Prediction,Train
4095,2025-04-13,P017,1.7440433502197266,XGBoost,Prediction,Train
4096,2025-04-14,P017,0.4985797703266144,XGBoost,Prediction,Train
4097,2025-04-15,P017,0.4529473781585693,XGBoost,Prediction,Train
4098,2025-04-16,P017,0.3475005328655243,XGBoost,Prediction,Train
4099,2025-04-17,P017,1.2983750104904177,XGBoost,Prediction,Train
4100,2025-04-18,P017,2.56824278831482,XGBoost,Prediction,Train
4101,2025-04-19,P017,0.7970462441444397,XGBoost,Prediction,Train
4102,2025-04-20,P017,0.5232120752334595,XGBoost,Prediction,Train
4103,2025-04-21,P017,2.016751289367676,XGBoost,Prediction,Train
4104,2025-04-22,P017,1.896817088127136,XGBoost,Prediction,Train
4105,2025-04-23,P017,2.424433946609497,XGBoost,Prediction,Train
4106,2025-04-24,P017,0.5841967463493347,XGBoost,Prediction,Train
4107,2025-04-25,P017,3.5535237789154053,XGBoost,Prediction,Train
4108,2025-04-26,P017,4.873440265655518,XGBoost,Prediction,Train
4109,2025-04-27,P017,1.1891647577285769,XGBoost,Prediction,Train
4110,2025-04-28,P017,0.8790897727012634,XGBoost,Prediction,Train
4111,2025-04-29,P017,0.6800196170806885,XGBoost,Prediction,Train
4112,2025-04-30,P017,0.6284213066101074,XGBoost,Prediction,Train
4113,2025-05-01,P017,0.4382774233818054,XGBoost,Prediction,Train
4114,2025-05-02,P017,0.6937969923019409,XGBoost,Prediction,Train
4115,2025-05-03,P017,0.8351147770881653,XGBoost,Prediction,Train
4116,2025-05-04,P017,2.5547068119049072,XGBoost,Prediction,Train
4117,2025-05-05,P017,1.2561887502670288,XGBoost,Prediction,Train
4118,2025-05-06,P017,0.5833977460861206,XGBoost,Prediction,Train
4119,2025-05-07,P017,0.7371224164962769,XGBoost,Prediction,Train
4120,2025-05-08,P017,4.547356605529785,XGBoost,Prediction,Train
4121,2025-05-09,P017,4.948624134063721,XGBoost,Prediction,Train
4122,2025-05-10,P017,2.838266372680664,XGBoost,Prediction,Train
4123,2025-05-11,P017,5.413168430328369,XGBoost,Prediction,Train
4124,2025-05-12,P017,1.8652825355529783,XGBoost,Prediction,Train
4125,2025-05-13,P017,0.6603550910949707,XGBoost,Prediction,Train
4126,2025-05-14,P017,1.3559430837631226,XGBoost,Prediction,Train
4127,2025-05-15,P017,1.2221237421035769,XGBoost,Prediction,Train
4128,2025-05-16,P017,1.7301714420318604,XGBoost,Prediction,Train
4129,2025-05-17,P017,3.628145694732666,XGBoost,Prediction,Train
4130,2025-05-18,P017,0.5989746451377869,XGBoost,Prediction,Train
4131,2025-05-19,P017,2.721498250961304,XGBoost,Prediction,Train
4132,2025-05-20,P017,1.1260236501693726,XGBoost,Prediction,Train
4133,2025-05-21,P017,0.7294241786003113,XGBoost,Prediction,Train
4134,2025-05-22,P017,2.500097274780273,XGBoost,Prediction,Train
4135,2025-05-23,P017,3.9656715393066406,XGBoost,Prediction,Train
4136,2025-05-24,P017,0.8422226905822754,XGBoost,Prediction,Train
4137,2025-05-25,P017,2.617710590362549,XGBoost,Prediction,Train
4138,2025-05-26,P017,0.9224444031715392,XGBoost,Prediction,Train
4139,2025-05-27,P017,0.8412166237831116,XGBoost,Prediction,Train
4140,2025-05-28,P017,0.9877889156341552,XGBoost,Prediction,Train
4141,2025-05-29,P017,2.531012535095215,XGBoost,Prediction,Train
4142,2025-05-30,P017,2.623995780944824,XGBoost,Prediction,Train
4143,2025-05-31,P017,0.7797681093215942,XGBoost,Prediction,Train
4144,2025-06-01,P017,1.0224628448486328,XGBoost,Prediction,Train
4145,2025-06-02,P017,5.020612716674805,XGBoost,Prediction,Train
4146,2025-06-03,P017,3.6654441356658936,XGBoost,Prediction,Train
4147,2025-06-04,P017,3.4126763343811035,XGBoost,Prediction,Train
4148,2025-06-05,P017,0.5901533365249634,XGBoost,Prediction,Train
4149,2025-06-06,P017,0.6862369775772095,XGBoost,Prediction,Train
4150,2025-06-07,P017,0.5826764702796936,XGBoost,Prediction,Train
4151,2025-06-08,P017,1.7409422397613523,XGBoost,Prediction,Train
4152,2025-06-09,P017,2.686873435974121,XGBoost,Prediction,Train
4153,2025-06-10,P017,4.615737915039063,XGBoost,Prediction,Train
4154,2025-06-11,P017,2.5509841442108154,XGBoost,Prediction,Train
4155,2025-06-12,P017,0.9973414540290833,XGBoost,Prediction,Train
4156,2025-06-13,P017,0.8580380082130432,XGBoost,Prediction,Train
4157,2025-06-14,P017,1.0477910041809082,XGBoost,Prediction,Train
4158,2025-06-15,P017,1.359376311302185,XGBoost,Prediction,Train
4159,2025-06-16,P017,1.1165355443954468,XGBoost,Prediction,Train
4160,2025-06-17,P017,0.94991797208786,XGBoost,Prediction,Train
4161,2025-06-18,P017,0.9178467392921448,XGBoost,Prediction,Train
4162,2025-06-19,P017,0.9697305560112,XGBoost,Prediction,Train
4163,2025-06-20,P017,3.7535817623138423,XGBoost,Prediction,Train
4164,2025-06-21,P017,0.9155696034431458,XGBoost,Prediction,Train
4165,2025-06-22,P017,2.6570851802825928,XGBoost,Prediction,Train
4166,2025-06-23,P017,0.5041767954826355,XGBoost,Prediction,Train
4167,2025-06-24,P017,1.0929052829742432,XGBoost,Prediction,Train
4168,2025-06-25,P017,1.872839093208313,XGBoost,Prediction,Train
4169,2025-06-26,P017,2.4589767456054688,XGBoost,Prediction,Train
4170,2025-06-27,P017,3.2377164363861084,XGBoost,Prediction,Train
4171,2025-06-28,P017,0.7494421005249023,XGBoost,Prediction,Train
4172,2025-06-29,P017,1.8906469345092771,XGBoost,Prediction,Train
4173,2025-06-30,P017,3.3565917015075684,XGBoost,Prediction,Train
4174,2025-07-01,P017,0.6615232825279236,XGBoost,Prediction,Train
4175,2025-07-02,P017,0.8888738751411438,XGBoost,Prediction,Train
4176,2025-07-03,P017,2.527630090713501,XGBoost,Prediction,Train
4177,2025-07-04,P017,0.8105173707008362,XGBoost,Prediction,Train
4178,2025-07-05,P017,1.2138482332229614,XGBoost,Prediction,Train
4179,2025-07-06,P017,1.3575795888900757,XGBoost,Prediction,Train
4180,2025-07-07,P017,0.979094922542572,XGBoost,Prediction,Train
4181,2025-07-08,P017,4.59100866317749,XGBoost,Prediction,Train
4182,2025-07-09,P017,0.5247728228569031,XGBoost,Prediction,Train
4183,2025-07-10,P017,4.328828811645508,XGBoost,Prediction,Train
4184,2025-07-11,P017,1.568244218826294,XGBoost,Prediction,Train
4185,2025-07-12,P017,0.5279325842857361,XGBoost,Prediction,Train
4186,2025-07-13,P017,2.325925350189209,XGBoost,Prediction,Train
4187,2025-07-14,P017,2.535202741622925,XGBoost,Prediction,Train
4188,2025-07-15,P017,1.226879000663757,XGBoost,Prediction,Train
4189,2025-07-16,P017,3.150745153427124,XGBoost,Prediction,Train
4190,2025-07-17,P017,3.902040719985962,XGBoost,Prediction,Train
4191,2025-07-18,P017,0.5527856349945068,XGBoost,Prediction,Train
4192,2025-07-19,P017,2.6531522274017334,XGBoost,Prediction,Train
4193,2025-07-20,P017,1.8305037021636963,XGBoost,Prediction,Train
4194,2025-07-21,P017,0.7110878229141235,XGBoost,Prediction,Train
4195,2025-07-22,P017,4.183552265167236,XGBoost,Prediction,Train
4196,2025-07-23,P017,0.9000260233879089,XGBoost,Prediction,Train
4197,2025-07-24,P017,0.8516114354133606,XGBoost,Prediction,Train
4198,2025-07-25,P017,0.6072823405265808,XGBoost,Prediction,Train
4199,2025-07-26,P017,2.5553793907165527,XGBoost,Prediction,Train
4200,2025-07-27,P017,4.275737762451172,XGBoost,Prediction,Train
4201,2025-07-28,P017,1.9962081909179688,XGBoost,Prediction,Train
4202,2025-07-29,P017,1.806902885437012,XGBoost,Prediction,Train
4203,2025-07-30,P017,0.7205045223236084,XGBoost,Prediction,Train
4204,2025-07-31,P017,0.4124562442302704,XGBoost,Prediction,Train
4205,2025-08-01,P017,1.7061511278152466,XGBoost,Prediction,Train
4206,2025-08-02,P017,1.5482778549194336,XGBoost,Prediction,Train
4207,2025-08-03,P017,0.8299700617790222,XGBoost,Prediction,Train
4208,2025-08-04,P017,3.6283602714538574,XGBoost,Prediction,Train
4209,2025-08-05,P017,1.7766815423965454,XGBoost,Prediction,Train
4210,2025-08-06,P017,3.3638429641723637,XGBoost,Prediction,Train
4211,2025-08-07,P017,0.8842012882232666,XGBoost,Prediction,Train
4212,2025-08-08,P017,0.7688755393028259,XGBoost,Prediction,Train
4213,2025-08-09,P017,0.8243001699447632,XGBoost,Prediction,Train
4214,2025-08-10,P017,4.756365776062012,XGBoost,Prediction,Train
4215,2025-08-11,P017,2.193332433700561,XGBoost,Prediction,Train
4216,2025-08-12,P017,2.032891273498535,XGBoost,Prediction,Train
4217,2025-08-13,P017,0.8245933055877686,XGBoost,Prediction,Train
4218,2025-08-14,P017,1.2861371040344238,XGBoost,Prediction,Train
4219,2025-08-15,P017,2.3202829360961914,XGBoost,Prediction,Train
4220,2025-08-16,P017,2.087653398513794,XGBoost,Prediction,Train
4221,2025-08-17,P017,2.680881977081299,XGBoost,Prediction,Train
4222,2025-08-18,P017,1.8659441471099851,XGBoost,Prediction,Train
4223,2025-08-19,P017,1.844773530960083,XGBoost,Prediction,Train
4224,2025-08-20,P017,2.295285940170288,XGBoost,Prediction,Train
4225,2025-08-21,P017,5.484003067016602,XGBoost,Prediction,Train
4226,2025-08-22,P017,6.027900695800781,XGBoost,Prediction,Train
4227,2025-08-23,P017,1.0816243886947632,XGBoost,Prediction,Train
4228,2025-08-24,P017,1.7767351865768433,XGBoost,Prediction,Train
4229,2025-08-25,P017,2.398496389389038,XGBoost,Prediction,Train
4230,2025-08-26,P017,2.518510103225708,XGBoost,Prediction,Train
4231,2025-08-27,P017,0.9115504622459412,XGBoost,Prediction,Train
4232,2025-08-28,P017,0.9089505672454834,XGBoost,Prediction,Train
4233,2025-08-29,P017,0.7895206809043884,XGBoost,Prediction,Train
4234,2025-08-30,P017,0.7050310969352722,XGBoost,Prediction,Train
4235,2025-08-31,P017,1.940218806266785,XGBoost,Prediction,Train
4236,2025-09-01,P017,3.3910601139068604,XGBoost,Prediction,Train
4237,2025-09-02,P017,0.738544762134552,XGBoost,Prediction,Train
4238,2025-09-03,P017,0.4858796298503876,XGBoost,Prediction,Train
4239,2025-09-04,P017,3.3095006942749023,XGBoost,Prediction,Train
4240,2025-09-05,P017,0.8241719007492065,XGBoost,Prediction,Train
4241,2025-09-06,P017,2.647849798202514,XGBoost,Prediction,Train
4242,2025-09-07,P017,1.1209931373596191,XGBoost,Prediction,Train
4243,2025-09-08,P017,3.423603773117065,XGBoost,Prediction,Train
4244,2025-09-09,P017,3.239557266235352,XGBoost,Prediction,Train
4245,2025-09-10,P017,0.7247151136398315,XGBoost,Prediction,Train
4246,2025-09-11,P017,0.6511613726615906,XGBoost,Prediction,Train
4247,2025-09-12,P017,0.7098525166511536,XGBoost,Prediction,Train
4248,2025-09-13,P017,4.208310604095459,XGBoost,Prediction,Train
4249,2025-09-14,P017,1.713707447052002,XGBoost,Prediction,Train
4250,2025-01-08,P018,2.7623300552368164,XGBoost,Prediction,Train
4251,2025-01-09,P018,0.484079897403717,XGBoost,Prediction,Train
4252,2025-01-10,P018,0.8988847136497498,XGBoost,Prediction,Train
4253,2025-01-11,P018,1.385714411735535,XGBoost,Prediction,Train
4254,2025-01-12,P018,0.9353666305541992,XGBoost,Prediction,Train
4255,2025-01-13,P018,0.9313075542449952,XGBoost,Prediction,Train
4256,2025-01-14,P018,1.1167668104171753,XGBoost,Prediction,Train
4257,2025-01-15,P018,1.7369122505187988,XGBoost,Prediction,Train
4258,2025-01-16,P018,0.9922884702682496,XGBoost,Prediction,Train
4259,2025-01-17,P018,1.1433879137039185,XGBoost,Prediction,Train
4260,2025-01-18,P018,5.097184658050537,XGBoost,Prediction,Train
4261,2025-01-19,P018,0.9714258313179016,XGBoost,Prediction,Train
4262,2025-01-20,P018,2.6876556873321533,XGBoost,Prediction,Train
4263,2025-01-21,P018,0.8437936902046204,XGBoost,Prediction,Train
4264,2025-01-22,P018,1.5125144720077517,XGBoost,Prediction,Train
4265,2025-01-23,P018,4.332747459411621,XGBoost,Prediction,Train
4266,2025-01-24,P018,3.249464511871338,XGBoost,Prediction,Train
4267,2025-01-25,P018,2.9008705615997314,XGBoost,Prediction,Train
4268,2025-01-26,P018,1.5354719161987305,XGBoost,Prediction,Train
4269,2025-01-27,P018,0.9293143153190612,XGBoost,Prediction,Train
4270,2025-01-28,P018,2.9833288192749023,XGBoost,Prediction,Train
4271,2025-01-29,P018,6.18982458114624,XGBoost,Prediction,Train
4272,2025-01-30,P018,3.955655574798584,XGBoost,Prediction,Train
4273,2025-01-31,P018,0.9708128571510316,XGBoost,Prediction,Train
4274,2025-02-01,P018,1.3433948755264282,XGBoost,Prediction,Train
4275,2025-02-02,P018,0.981704831123352,XGBoost,Prediction,Train
4276,2025-02-03,P018,0.6850302815437317,XGBoost,Prediction,Train
4277,2025-02-04,P018,1.8441089391708372,XGBoost,Prediction,Train
4278,2025-02-05,P018,1.9710838794708248,XGBoost,Prediction,Train
4279,2025-02-06,P018,1.2471221685409546,XGBoost,Prediction,Train
4280,2025-02-07,P018,2.638325929641724,XGBoost,Prediction,Train
4281,2025-02-08,P018,5.242321491241455,XGBoost,Prediction,Train
4282,2025-02-09,P018,1.09322190284729,XGBoost,Prediction,Train
4283,2025-02-10,P018,1.9393562078475952,XGBoost,Prediction,Train
4284,2025-02-11,P018,1.9568041563034055,XGBoost,Prediction,Train
4285,2025-02-12,P018,0.8658487796783447,XGBoost,Prediction,Train
4286,2025-02-13,P018,1.2714332342147827,XGBoost,Prediction,Train
4287,2025-02-14,P018,4.265218257904053,XGBoost,Prediction,Train
4288,2025-02-15,P018,0.6521217226982117,XGBoost,Prediction,Train
4289,2025-02-16,P018,1.1450726985931396,XGBoost,Prediction,Train
4290,2025-02-17,P018,1.4440926313400269,XGBoost,Prediction,Train
4291,2025-02-18,P018,1.0606310367584229,XGBoost,Prediction,Train
4292,2025-02-19,P018,1.894474744796753,XGBoost,Prediction,Train
4293,2025-02-20,P018,4.664492607116699,XGBoost,Prediction,Train
4294,2025-02-21,P018,0.8242382407188416,XGBoost,Prediction,Train
4295,2025-02-22,P018,1.7408931255340576,XGBoost,Prediction,Train
4296,2025-02-23,P018,1.8319833278656008,XGBoost,Prediction,Train
4297,2025-02-24,P018,2.732513427734375,XGBoost,Prediction,Train
4298,2025-02-25,P018,0.9246872663497924,XGBoost,Prediction,Train
4299,2025-02-26,P018,0.9043644070625304,XGBoost,Prediction,Train
4300,2025-02-27,P018,4.894004821777344,XGBoost,Prediction,Train
4301,2025-02-28,P018,4.310661792755127,XGBoost,Prediction,Train
4302,2025-03-01,P018,1.3674581050872805,XGBoost,Prediction,Train
4303,2025-03-02,P018,0.7941270470619202,XGBoost,Prediction,Train
4304,2025-03-03,P018,4.339242935180664,XGBoost,Prediction,Train
4305,2025-03-04,P018,1.6190004348754885,XGBoost,Prediction,Train
4306,2025-03-05,P018,1.4723447561264038,XGBoost,Prediction,Train
4307,2025-03-06,P018,3.5773234367370605,XGBoost,Prediction,Train
4308,2025-03-07,P018,2.838589668273926,XGBoost,Prediction,Train
4309,2025-03-08,P018,3.560256242752075,XGBoost,Prediction,Train
4310,2025-03-09,P018,3.4949002265930176,XGBoost,Prediction,Train
4311,2025-03-10,P018,1.1370654106140137,XGBoost,Prediction,Train
4312,2025-03-11,P018,0.9401553273200988,XGBoost,Prediction,Train
4313,2025-03-12,P018,2.447705030441284,XGBoost,Prediction,Train
4314,2025-03-13,P018,1.1940295696258545,XGBoost,Prediction,Train
4315,2025-03-14,P018,2.5895707607269287,XGBoost,Prediction,Train
4316,2025-03-15,P018,1.9498488903045652,XGBoost,Prediction,Train
4317,2025-03-16,P018,0.7198882699012756,XGBoost,Prediction,Train
4318,2025-03-17,P018,1.069961428642273,XGBoost,Prediction,Train
4319,2025-03-18,P018,1.0256966352462769,XGBoost,Prediction,Train
4320,2025-03-19,P018,0.6709303855895996,XGBoost,Prediction,Train
4321,2025-03-20,P018,1.1186575889587402,XGBoost,Prediction,Train
4322,2025-03-21,P018,1.06237530708313,XGBoost,Prediction,Train
4323,2025-03-22,P018,3.247677087783813,XGBoost,Prediction,Train
4324,2025-03-23,P018,2.816072702407837,XGBoost,Prediction,Train
4325,2025-03-24,P018,0.9880306124687196,XGBoost,Prediction,Train
4326,2025-03-25,P018,3.34966778755188,XGBoost,Prediction,Train
4327,2025-03-26,P018,5.9497246742248535,XGBoost,Prediction,Train
4328,2025-03-27,P018,1.5130865573883057,XGBoost,Prediction,Train
4329,2025-03-28,P018,0.7295520901679993,XGBoost,Prediction,Train
4330,2025-03-29,P018,2.8064563274383545,XGBoost,Prediction,Train
4331,2025-03-30,P018,3.99435830116272,XGBoost,Prediction,Train
4332,2025-03-31,P018,2.0136735439300537,XGBoost,Prediction,Train
4333,2025-04-01,P018,1.6264375448226929,XGBoost,Prediction,Train
4334,2025-04-02,P018,2.0543010234832764,XGBoost,Prediction,Train
4335,2025-04-03,P018,2.5156054496765137,XGBoost,Prediction,Train
4336,2025-04-04,P018,2.657981634140014,XGBoost,Prediction,Train
4337,2025-04-05,P018,0.9357510805130004,XGBoost,Prediction,Train
4338,2025-04-06,P018,0.8103677034378052,XGBoost,Prediction,Train
4339,2025-04-07,P018,2.00454044342041,XGBoost,Prediction,Train
4340,2025-04-08,P018,0.9916107058525084,XGBoost,Prediction,Train
4341,2025-04-09,P018,0.843964159488678,XGBoost,Prediction,Train
4342,2025-04-10,P018,1.1373045444488523,XGBoost,Prediction,Train
4343,2025-04-11,P018,4.695141792297363,XGBoost,Prediction,Train
4344,2025-04-12,P018,5.438831806182861,XGBoost,Prediction,Train
4345,2025-04-13,P018,1.479452133178711,XGBoost,Prediction,Train
4346,2025-04-14,P018,2.617380142211914,XGBoost,Prediction,Train
4347,2025-04-15,P018,3.1920711994171143,XGBoost,Prediction,Train
4348,2025-04-16,P018,3.73848557472229,XGBoost,Prediction,Train
4349,2025-04-17,P018,0.9970000386238098,XGBoost,Prediction,Train
4350,2025-04-18,P018,2.532267570495605,XGBoost,Prediction,Train
4351,2025-04-19,P018,2.3493902683258057,XGBoost,Prediction,Train
4352,2025-04-20,P018,0.7062347531318665,XGBoost,Prediction,Train
4353,2025-04-21,P018,1.8379768133163448,XGBoost,Prediction,Train
4354,2025-04-22,P018,1.582105040550232,XGBoost,Prediction,Train
4355,2025-04-23,P018,1.100841999053955,XGBoost,Prediction,Train
4356,2025-04-24,P018,1.9324508905410769,XGBoost,Prediction,Train
4357,2025-04-25,P018,1.4467099905014038,XGBoost,Prediction,Train
4358,2025-04-26,P018,4.174803733825684,XGBoost,Prediction,Train
4359,2025-04-27,P018,5.538408279418945,XGBoost,Prediction,Train
4360,2025-04-28,P018,2.6815755367279053,XGBoost,Prediction,Train
4361,2025-04-29,P018,0.5506343841552734,XGBoost,Prediction,Train
4362,2025-04-30,P018,1.2379186153411863,XGBoost,Prediction,Train
4363,2025-05-01,P018,2.7233259677886963,XGBoost,Prediction,Train
4364,2025-05-02,P018,2.7565395832061768,XGBoost,Prediction,Train
4365,2025-05-03,P018,0.7601711750030518,XGBoost,Prediction,Train
4366,2025-05-04,P018,2.60224986076355,XGBoost,Prediction,Train
4367,2025-05-05,P018,1.1714165210723877,XGBoost,Prediction,Train
4368,2025-05-06,P018,0.8205035328865051,XGBoost,Prediction,Train
4369,2025-05-07,P018,1.1339483261108398,XGBoost,Prediction,Train
4370,2025-05-08,P018,0.8692432045936584,XGBoost,Prediction,Train
4371,2025-05-09,P018,6.112512588500977,XGBoost,Prediction,Train
4372,2025-05-10,P018,1.3971140384674072,XGBoost,Prediction,Train
4373,2025-05-11,P018,0.6439411044120789,XGBoost,Prediction,Train
4374,2025-05-12,P018,1.9387937784194944,XGBoost,Prediction,Train
4375,2025-05-13,P018,1.4625988006591797,XGBoost,Prediction,Train
4376,2025-05-14,P018,2.1153697967529297,XGBoost,Prediction,Train
4377,2025-05-15,P018,0.8628008365631104,XGBoost,Prediction,Train
4378,2025-05-16,P018,2.3016197681427,XGBoost,Prediction,Train
4379,2025-05-17,P018,2.12048888206482,XGBoost,Prediction,Train
4380,2025-05-18,P018,0.5794858932495117,XGBoost,Prediction,Train
4381,2025-05-19,P018,3.1067166328430176,XGBoost,Prediction,Train
4382,2025-05-20,P018,3.7161481380462646,XGBoost,Prediction,Train
4383,2025-05-21,P018,2.8192026615142822,XGBoost,Prediction,Train
4384,2025-05-22,P018,1.8493574857711792,XGBoost,Prediction,Train
4385,2025-05-23,P018,2.7291433811187744,XGBoost,Prediction,Train
4386,2025-05-24,P018,1.884447455406189,XGBoost,Prediction,Train
4387,2025-05-25,P018,1.2223645448684692,XGBoost,Prediction,Train
4388,2025-05-26,P018,2.6120617389678955,XGBoost,Prediction,Train
4389,2025-05-27,P018,2.6607625484466557,XGBoost,Prediction,Train
4390,2025-05-28,P018,1.254241108894348,XGBoost,Prediction,Train
4391,2025-05-29,P018,1.291667342185974,XGBoost,Prediction,Train
4392,2025-05-30,P018,1.896095991134644,XGBoost,Prediction,Train
4393,2025-05-31,P018,0.7216588854789734,XGBoost,Prediction,Train
4394,2025-06-01,P018,3.611534833908081,XGBoost,Prediction,Train
4395,2025-06-02,P018,6.42845344543457,XGBoost,Prediction,Train
4396,2025-06-03,P018,2.867497205734253,XGBoost,Prediction,Train
4397,2025-06-04,P018,4.908316135406494,XGBoost,Prediction,Train
4398,2025-06-05,P018,3.611034154891968,XGBoost,Prediction,Train
4399,2025-06-06,P018,3.993964433670044,XGBoost,Prediction,Train
4400,2025-06-07,P018,3.827905416488648,XGBoost,Prediction,Train
4401,2025-06-08,P018,2.6483917236328125,XGBoost,Prediction,Train
4402,2025-06-09,P018,2.575833797454834,XGBoost,Prediction,Train
4403,2025-06-10,P018,0.738589882850647,XGBoost,Prediction,Train
4404,2025-06-11,P018,4.264197826385498,XGBoost,Prediction,Train
4405,2025-06-12,P018,1.635295867919922,XGBoost,Prediction,Train
4406,2025-06-13,P018,1.8370556831359863,XGBoost,Prediction,Train
4407,2025-06-14,P018,4.7761054039001465,XGBoost,Prediction,Train
4408,2025-06-15,P018,4.358062267303467,XGBoost,Prediction,Train
4409,2025-06-16,P018,1.3815383911132812,XGBoost,Prediction,Train
4410,2025-06-17,P018,1.4112694263458252,XGBoost,Prediction,Train
4411,2025-06-18,P018,0.9919014573097228,XGBoost,Prediction,Train
4412,2025-06-19,P018,4.515762805938721,XGBoost,Prediction,Train
4413,2025-06-20,P018,3.384162187576294,XGBoost,Prediction,Train
4414,2025-06-21,P018,1.038020133972168,XGBoost,Prediction,Train
4415,2025-06-22,P018,1.970602035522461,XGBoost,Prediction,Train
4416,2025-06-23,P018,1.9798763990402224,XGBoost,Prediction,Train
4417,2025-06-24,P018,6.505845546722412,XGBoost,Prediction,Train
4418,2025-06-25,P018,1.4523844718933103,XGBoost,Prediction,Train
4419,2025-06-26,P018,2.899782419204712,XGBoost,Prediction,Train
4420,2025-06-27,P018,0.8933427333831787,XGBoost,Prediction,Train
4421,2025-06-28,P018,1.0123107433319092,XGBoost,Prediction,Train
4422,2025-06-29,P018,2.790390014648437,XGBoost,Prediction,Train
4423,2025-06-30,P018,3.2885313034057617,XGBoost,Prediction,Train
4424,2025-07-01,P018,1.1799980401992798,XGBoost,Prediction,Train
4425,2025-07-02,P018,2.032506227493286,XGBoost,Prediction,Train
4426,2025-07-03,P018,1.938235878944397,XGBoost,Prediction,Train
4427,2025-07-04,P018,1.9361515045166016,XGBoost,Prediction,Train
4428,2025-07-05,P018,0.624846339225769,XGBoost,Prediction,Train
4429,2025-07-06,P018,2.700225591659546,XGBoost,Prediction,Train
4430,2025-07-07,P018,4.750111103057861,XGBoost,Prediction,Train
4431,2025-07-08,P018,2.5137107372283936,XGBoost,Prediction,Train
4432,2025-07-09,P018,2.430955410003662,XGBoost,Prediction,Train
4433,2025-07-10,P018,3.301131010055542,XGBoost,Prediction,Train
4434,2025-07-11,P018,1.5325926542282104,XGBoost,Prediction,Train
4435,2025-07-12,P018,1.897388219833374,XGBoost,Prediction,Train
4436,2025-07-13,P018,0.9069571495056152,XGBoost,Prediction,Train
4437,2025-07-14,P018,4.028700351715088,XGBoost,Prediction,Train
4438,2025-07-15,P018,2.742726325988769,XGBoost,Prediction,Train
4439,2025-07-16,P018,0.8065210580825806,XGBoost,Prediction,Train
4440,2025-07-17,P018,1.3918840885162354,XGBoost,Prediction,Train
4441,2025-07-18,P018,3.266180515289306,XGBoost,Prediction,Train
4442,2025-07-19,P018,2.012486696243286,XGBoost,Prediction,Train
4443,2025-07-20,P018,1.3729910850524902,XGBoost,Prediction,Train
4444,2025-07-21,P018,0.6466190218925476,XGBoost,Prediction,Train
4445,2025-07-22,P018,3.494267225265503,XGBoost,Prediction,Train
4446,2025-07-23,P018,0.704607367515564,XGBoost,Prediction,Train
4447,2025-07-24,P018,1.0502032041549685,XGBoost,Prediction,Train
4448,2025-07-25,P018,4.970524311065674,XGBoost,Prediction,Train
4449,2025-07-26,P018,2.08090877532959,XGBoost,Prediction,Train
4450,2025-07-27,P018,1.7445333003997805,XGBoost,Prediction,Train
4451,2025-07-28,P018,3.5123813152313232,XGBoost,Prediction,Train
4452,2025-07-29,P018,4.208306789398193,XGBoost,Prediction,Train
4453,2025-07-30,P018,2.74343204498291,XGBoost,Prediction,Train
4454,2025-07-31,P018,0.7676025629043579,XGBoost,Prediction,Train
4455,2025-08-01,P018,2.553372621536255,XGBoost,Prediction,Train
4456,2025-08-02,P018,0.8617036938667297,XGBoost,Prediction,Train
4457,2025-08-03,P018,0.6368820071220398,XGBoost,Prediction,Train
4458,2025-08-04,P018,2.6896297931671143,XGBoost,Prediction,Train
4459,2025-08-05,P018,2.540010452270508,XGBoost,Prediction,Train
4460,2025-08-06,P018,0.6337979435920715,XGBoost,Prediction,Train
4461,2025-08-07,P018,1.2270649671554563,XGBoost,Prediction,Train
4462,2025-08-08,P018,3.8082780838012695,XGBoost,Prediction,Train
4463,2025-08-09,P018,1.8141463994979856,XGBoost,Prediction,Train
4464,2025-08-10,P018,5.361833572387695,XGBoost,Prediction,Train
4465,2025-08-11,P018,0.9921680092811584,XGBoost,Prediction,Train
4466,2025-08-12,P018,1.5851346254348757,XGBoost,Prediction,Train
4467,2025-08-13,P018,3.279883623123169,XGBoost,Prediction,Train
4468,2025-08-14,P018,0.7983635067939758,XGBoost,Prediction,Train
4469,2025-08-15,P018,1.4453352689743042,XGBoost,Prediction,Train
4470,2025-08-16,P018,2.0254478454589844,XGBoost,Prediction,Train
4471,2025-08-17,P018,1.957715392112732,XGBoost,Prediction,Train
4472,2025-08-18,P018,2.710092544555664,XGBoost,Prediction,Train
4473,2025-08-19,P018,2.3156330585479736,XGBoost,Prediction,Train
4474,2025-08-20,P018,1.1455862522125244,XGBoost,Prediction,Train
4475,2025-08-21,P018,4.530881881713867,XGBoost,Prediction,Train
4476,2025-08-22,P018,0.8559437394142151,XGBoost,Prediction,Train
4477,2025-08-23,P018,3.465569257736206,XGBoost,Prediction,Train
4478,2025-08-24,P018,1.2479078769683838,XGBoost,Prediction,Train
4479,2025-08-25,P018,3.820926189422608,XGBoost,Prediction,Train
4480,2025-08-26,P018,3.8649635314941406,XGBoost,Prediction,Train
4481,2025-08-27,P018,2.7589709758758545,XGBoost,Prediction,Train
4482,2025-08-28,P018,0.8293848633766174,XGBoost,Prediction,Train
4483,2025-08-29,P018,1.0178216695785522,XGBoost,Prediction,Train
4484,2025-08-30,P018,1.8556697368621824,XGBoost,Prediction,Train
4485,2025-08-31,P018,3.279518842697144,XGBoost,Prediction,Train
4486,2025-09-01,P018,1.133158564567566,XGBoost,Prediction,Train
4487,2025-09-02,P018,5.455218315124512,XGBoost,Prediction,Train
4488,2025-09-03,P018,1.410949468612671,XGBoost,Prediction,Train
4489,2025-09-04,P018,3.71222734451294,XGBoost,Prediction,Train
4490,2025-09-05,P018,2.032966136932373,XGBoost,Prediction,Train
4491,2025-09-06,P018,1.0840418338775637,XGBoost,Prediction,Train
4492,2025-09-07,P018,2.604567289352417,XGBoost,Prediction,Train
4493,2025-09-08,P018,0.7297055125236511,XGBoost,Prediction,Train
4494,2025-09-09,P018,4.472198963165283,XGBoost,Prediction,Train
4495,2025-09-10,P018,4.272615432739258,XGBoost,Prediction,Train
4496,2025-09-11,P018,1.0588455200195312,XGBoost,Prediction,Train
4497,2025-09-12,P018,2.6254241466522217,XGBoost,Prediction,Train
4498,2025-09-13,P018,1.4420157670974731,XGBoost,Prediction,Train
4499,2025-09-14,P018,1.111781358718872,XGBoost,Prediction,Train
4500,2025-01-08,P019,2.02312970161438,XGBoost,Prediction,Train
4501,2025-01-09,P019,2.825546264648437,XGBoost,Prediction,Train
4502,2025-01-10,P019,2.0293831825256348,XGBoost,Prediction,Train
4503,2025-01-11,P019,1.0799556970596311,XGBoost,Prediction,Train
4504,2025-01-12,P019,0.8005688190460205,XGBoost,Prediction,Train
4505,2025-01-13,P019,0.7706074118614197,XGBoost,Prediction,Train
4506,2025-01-14,P019,7.216776371002197,XGBoost,Prediction,Train
4507,2025-01-15,P019,0.4710351526737213,XGBoost,Prediction,Train
4508,2025-01-16,P019,1.1545701026916504,XGBoost,Prediction,Train
4509,2025-01-17,P019,0.4694744944572449,XGBoost,Prediction,Train
4510,2025-01-18,P019,2.659884452819824,XGBoost,Prediction,Train
4511,2025-01-19,P019,1.9705865383148196,XGBoost,Prediction,Train
4512,2025-01-20,P019,0.5294630527496338,XGBoost,Prediction,Train
4513,2025-01-21,P019,1.337718844413757,XGBoost,Prediction,Train
4514,2025-01-22,P019,1.9012855291366575,XGBoost,Prediction,Train
4515,2025-01-23,P019,2.8044188022613525,XGBoost,Prediction,Train
4516,2025-01-24,P019,1.8863766193389893,XGBoost,Prediction,Train
4517,2025-01-25,P019,0.5668237805366516,XGBoost,Prediction,Train
4518,2025-01-26,P019,1.130211591720581,XGBoost,Prediction,Train
4519,2025-01-27,P019,1.972879409790039,XGBoost,Prediction,Train
4520,2025-01-28,P019,1.997976541519165,XGBoost,Prediction,Train
4521,2025-01-29,P019,2.079986095428467,XGBoost,Prediction,Train
4522,2025-01-30,P019,3.9589226245880127,XGBoost,Prediction,Train
4523,2025-01-31,P019,0.927238404750824,XGBoost,Prediction,Train
4524,2025-02-01,P019,0.5594785213470459,XGBoost,Prediction,Train
4525,2025-02-02,P019,2.1541826725006104,XGBoost,Prediction,Train
4526,2025-02-03,P019,0.6306410431861877,XGBoost,Prediction,Train
4527,2025-02-04,P019,3.253170251846313,XGBoost,Prediction,Train
4528,2025-02-05,P019,3.569124937057495,XGBoost,Prediction,Train
4529,2025-02-06,P019,2.1624114513397217,XGBoost,Prediction,Train
4530,2025-02-07,P019,0.7905945777893066,XGBoost,Prediction,Train
4531,2025-02-08,P019,1.0942094326019287,XGBoost,Prediction,Train
4532,2025-02-09,P019,3.4739553928375244,XGBoost,Prediction,Train
4533,2025-02-10,P019,2.9296507835388184,XGBoost,Prediction,Train
4534,2025-02-11,P019,1.1700146198272705,XGBoost,Prediction,Train
4535,2025-02-12,P019,0.5569238662719727,XGBoost,Prediction,Train
4536,2025-02-13,P019,1.1502866744995115,XGBoost,Prediction,Train
4537,2025-02-14,P019,1.9912315607070925,XGBoost,Prediction,Train
4538,2025-02-15,P019,1.8882328271865845,XGBoost,Prediction,Train
4539,2025-02-16,P019,0.7886248230934143,XGBoost,Prediction,Train
4540,2025-02-17,P019,1.1001743078231812,XGBoost,Prediction,Train
4541,2025-02-18,P019,1.1420727968215942,XGBoost,Prediction,Train
4542,2025-02-19,P019,4.32274341583252,XGBoost,Prediction,Train
4543,2025-02-20,P019,5.472332000732422,XGBoost,Prediction,Train
4544,2025-02-21,P019,2.6144535541534424,XGBoost,Prediction,Train
4545,2025-02-22,P019,0.6699942350387573,XGBoost,Prediction,Train
4546,2025-02-23,P019,2.674266815185547,XGBoost,Prediction,Train
4547,2025-02-24,P019,1.315157175064087,XGBoost,Prediction,Train
4548,2025-02-25,P019,2.8863816261291504,XGBoost,Prediction,Train
4549,2025-02-26,P019,0.8444554805755615,XGBoost,Prediction,Train
4550,2025-02-27,P019,5.965585708618164,XGBoost,Prediction,Train
4551,2025-02-28,P019,0.6383275389671326,XGBoost,Prediction,Train
4552,2025-03-01,P019,0.8407536745071411,XGBoost,Prediction,Train
4553,2025-03-02,P019,0.7275880575180054,XGBoost,Prediction,Train
4554,2025-03-03,P019,1.7979793548583984,XGBoost,Prediction,Train
4555,2025-03-04,P019,1.8443557024002075,XGBoost,Prediction,Train
4556,2025-03-05,P019,1.5445743799209597,XGBoost,Prediction,Train
4557,2025-03-06,P019,0.7393929958343506,XGBoost,Prediction,Train
4558,2025-03-07,P019,0.8195470571517944,XGBoost,Prediction,Train
4559,2025-03-08,P019,0.5219994187355042,XGBoost,Prediction,Train
4560,2025-03-09,P019,2.867083072662353,XGBoost,Prediction,Train
4561,2025-03-10,P019,1.8836599588394165,XGBoost,Prediction,Train
4562,2025-03-11,P019,1.224401831626892,XGBoost,Prediction,Train
4563,2025-03-12,P019,1.863946557044983,XGBoost,Prediction,Train
4564,2025-03-13,P019,1.0480817556381226,XGBoost,Prediction,Train
4565,2025-03-14,P019,4.567377090454102,XGBoost,Prediction,Train
4566,2025-03-15,P019,2.7819371223449707,XGBoost,Prediction,Train
4567,2025-03-16,P019,2.803499937057495,XGBoost,Prediction,Train
4568,2025-03-17,P019,2.0246081352233887,XGBoost,Prediction,Train
4569,2025-03-18,P019,1.0584170818328855,XGBoost,Prediction,Train
4570,2025-03-19,P019,2.7206082344055176,XGBoost,Prediction,Train
4571,2025-03-20,P019,3.15010666847229,XGBoost,Prediction,Train
4572,2025-03-21,P019,2.0213186740875244,XGBoost,Prediction,Train
4573,2025-03-22,P019,1.0424376726150513,XGBoost,Prediction,Train
4574,2025-03-23,P019,0.6454441547393799,XGBoost,Prediction,Train
4575,2025-03-24,P019,2.5129334926605225,XGBoost,Prediction,Train
4576,2025-03-25,P019,2.881723165512085,XGBoost,Prediction,Train
4577,2025-03-26,P019,1.2425596714019775,XGBoost,Prediction,Train
4578,2025-03-27,P019,1.914613127708435,XGBoost,Prediction,Train
4579,2025-03-28,P019,0.7837916612625122,XGBoost,Prediction,Train
4580,2025-03-29,P019,1.0653176307678225,XGBoost,Prediction,Train
4581,2025-03-30,P019,1.8573886156082156,XGBoost,Prediction,Train
4582,2025-03-31,P019,4.700939655303955,XGBoost,Prediction,Train
4583,2025-04-01,P019,1.4010202884674072,XGBoost,Prediction,Train
4584,2025-04-02,P019,1.1193069219589231,XGBoost,Prediction,Train
4585,2025-04-03,P019,1.908190369606018,XGBoost,Prediction,Train
4586,2025-04-04,P019,5.779439926147461,XGBoost,Prediction,Train
4587,2025-04-05,P019,0.6430622935295105,XGBoost,Prediction,Train
4588,2025-04-06,P019,0.490606278181076,XGBoost,Prediction,Train
4589,2025-04-07,P019,2.0113112926483154,XGBoost,Prediction,Train
4590,2025-04-08,P019,1.933750867843628,XGBoost,Prediction,Train
4591,2025-04-09,P019,2.9538803100585938,XGBoost,Prediction,Train
4592,2025-04-10,P019,2.4482085704803467,XGBoost,Prediction,Train
4593,2025-04-11,P019,1.8748106956481931,XGBoost,Prediction,Train
4594,2025-04-12,P019,4.420677661895752,XGBoost,Prediction,Train
4595,2025-04-13,P019,1.72779643535614,XGBoost,Prediction,Train
4596,2025-04-14,P019,0.6158596277236938,XGBoost,Prediction,Train
4597,2025-04-15,P019,2.261216402053833,XGBoost,Prediction,Train
4598,2025-04-16,P019,4.164867401123047,XGBoost,Prediction,Train
4599,2025-04-17,P019,0.7938603758811951,XGBoost,Prediction,Train
4600,2025-04-18,P019,5.125539779663086,XGBoost,Prediction,Train
4601,2025-04-19,P019,3.655274391174317,XGBoost,Prediction,Train
4602,2025-04-20,P019,0.6104395389556885,XGBoost,Prediction,Train
4603,2025-04-21,P019,3.0520424842834477,XGBoost,Prediction,Train
4604,2025-04-22,P019,1.1507632732391355,XGBoost,Prediction,Train
4605,2025-04-23,P019,1.4406627416610718,XGBoost,Prediction,Train
4606,2025-04-24,P019,1.8365094661712649,XGBoost,Prediction,Train
4607,2025-04-25,P019,1.770215392112732,XGBoost,Prediction,Train
4608,2025-04-26,P019,6.298419952392578,XGBoost,Prediction,Train
4609,2025-04-27,P019,2.6531825065612797,XGBoost,Prediction,Train
4610,2025-04-28,P019,0.6185248494148254,XGBoost,Prediction,Train
4611,2025-04-29,P019,0.9125276803970336,XGBoost,Prediction,Train
4612,2025-04-30,P019,2.760301113128662,XGBoost,Prediction,Train
4613,2025-05-01,P019,0.7236671447753906,XGBoost,Prediction,Train
4614,2025-05-02,P019,0.8948078155517578,XGBoost,Prediction,Train
4615,2025-05-03,P019,0.964046835899353,XGBoost,Prediction,Train
4616,2025-05-04,P019,6.491668224334717,XGBoost,Prediction,Train
4617,2025-05-05,P019,1.049321174621582,XGBoost,Prediction,Train
4618,2025-05-06,P019,0.9316302537918092,XGBoost,Prediction,Train
4619,2025-05-07,P019,1.550819754600525,XGBoost,Prediction,Train
4620,2025-05-08,P019,1.114551663398743,XGBoost,Prediction,Train
4621,2025-05-09,P019,2.15491795539856,XGBoost,Prediction,Train
4622,2025-05-10,P019,1.208940863609314,XGBoost,Prediction,Train
4623,2025-05-11,P019,0.5398042798042297,XGBoost,Prediction,Train
4624,2025-05-12,P019,2.8194823265075684,XGBoost,Prediction,Train
4625,2025-05-13,P019,1.0195783376693726,XGBoost,Prediction,Train
4626,2025-05-14,P019,1.734355926513672,XGBoost,Prediction,Train
4627,2025-05-15,P019,0.7332913279533386,XGBoost,Prediction,Train
4628,2025-05-16,P019,4.239826679229736,XGBoost,Prediction,Train
4629,2025-05-17,P019,2.516155242919922,XGBoost,Prediction,Train
4630,2025-05-18,P019,2.538886070251465,XGBoost,Prediction,Train
4631,2025-05-19,P019,5.3381781578063965,XGBoost,Prediction,Train
4632,2025-05-20,P019,0.9014445543289183,XGBoost,Prediction,Train
4633,2025-05-21,P019,2.676258087158203,XGBoost,Prediction,Train
4634,2025-05-22,P019,0.5343323349952698,XGBoost,Prediction,Train
4635,2025-05-23,P019,5.0927414894104,XGBoost,Prediction,Train
4636,2025-05-24,P019,2.534705400466919,XGBoost,Prediction,Train
4637,2025-05-25,P019,2.613675355911255,XGBoost,Prediction,Train
4638,2025-05-26,P019,2.9693875312805176,XGBoost,Prediction,Train
4639,2025-05-27,P019,5.956516265869141,XGBoost,Prediction,Train
4640,2025-05-28,P019,2.039106845855713,XGBoost,Prediction,Train
4641,2025-05-29,P019,1.1375950574874878,XGBoost,Prediction,Train
4642,2025-05-30,P019,0.9865149855613708,XGBoost,Prediction,Train
4643,2025-05-31,P019,0.9131311774253844,XGBoost,Prediction,Train
4644,2025-06-01,P019,0.6298379302024841,XGBoost,Prediction,Train
4645,2025-06-02,P019,0.4944026172161102,XGBoost,Prediction,Train
4646,2025-06-03,P019,0.7796757221221924,XGBoost,Prediction,Train
4647,2025-06-04,P019,6.473621368408203,XGBoost,Prediction,Train
4648,2025-06-05,P019,1.7750893831253052,XGBoost,Prediction,Train
4649,2025-06-06,P019,0.5718223452568054,XGBoost,Prediction,Train
4650,2025-06-07,P019,2.6595146656036377,XGBoost,Prediction,Train
4651,2025-06-08,P019,4.802325248718262,XGBoost,Prediction,Train
4652,2025-06-09,P019,2.8771798610687256,XGBoost,Prediction,Train
4653,2025-06-10,P019,5.432215690612793,XGBoost,Prediction,Train
4654,2025-06-11,P019,0.9043139815330504,XGBoost,Prediction,Train
4655,2025-06-12,P019,0.7526243925094604,XGBoost,Prediction,Train
4656,2025-06-13,P019,3.911470651626587,XGBoost,Prediction,Train
4657,2025-06-14,P019,6.128249168395996,XGBoost,Prediction,Train
4658,2025-06-15,P019,1.2346404790878296,XGBoost,Prediction,Train
4659,2025-06-16,P019,0.8443756103515625,XGBoost,Prediction,Train
4660,2025-06-17,P019,2.063342571258545,XGBoost,Prediction,Train
4661,2025-06-18,P019,1.2412512302398682,XGBoost,Prediction,Train
4662,2025-06-19,P019,1.9634912014007568,XGBoost,Prediction,Train
4663,2025-06-20,P019,2.680436134338379,XGBoost,Prediction,Train
4664,2025-06-21,P019,4.691314220428467,XGBoost,Prediction,Train
4665,2025-06-22,P019,2.070060968399048,XGBoost,Prediction,Train
4666,2025-06-23,P019,1.1206313371658323,XGBoost,Prediction,Train
4667,2025-06-24,P019,3.931366443634033,XGBoost,Prediction,Train
4668,2025-06-25,P019,2.790639162063598,XGBoost,Prediction,Train
4669,2025-06-26,P019,0.9161540865898132,XGBoost,Prediction,Train
4670,2025-06-27,P019,1.074134349822998,XGBoost,Prediction,Train
4671,2025-06-28,P019,1.446286916732788,XGBoost,Prediction,Train
4672,2025-06-29,P019,0.8952188491821289,XGBoost,Prediction,Train
4673,2025-06-30,P019,2.6131441593170166,XGBoost,Prediction,Train
4674,2025-07-01,P019,0.760478138923645,XGBoost,Prediction,Train
4675,2025-07-02,P019,3.1653878688812256,XGBoost,Prediction,Train
4676,2025-07-03,P019,1.1278795003890991,XGBoost,Prediction,Train
4677,2025-07-04,P019,0.9496834874153136,XGBoost,Prediction,Train
4678,2025-07-05,P019,1.458834528923035,XGBoost,Prediction,Train
4679,2025-07-06,P019,2.019028663635254,XGBoost,Prediction,Train
4680,2025-07-07,P019,5.455087184906006,XGBoost,Prediction,Train
4681,2025-07-08,P019,0.7921207547187805,XGBoost,Prediction,Train
4682,2025-07-09,P019,2.589503049850464,XGBoost,Prediction,Train
4683,2025-07-10,P019,4.246182441711426,XGBoost,Prediction,Train
4684,2025-07-11,P019,1.2834196090698242,XGBoost,Prediction,Train
4685,2025-07-12,P019,2.098060607910156,XGBoost,Prediction,Train
4686,2025-07-13,P019,0.5885080695152283,XGBoost,Prediction,Train
4687,2025-07-14,P019,2.1564266681671143,XGBoost,Prediction,Train
4688,2025-07-15,P019,0.760086178779602,XGBoost,Prediction,Train
4689,2025-07-16,P019,1.141435146331787,XGBoost,Prediction,Train
4690,2025-07-17,P019,2.003175735473633,XGBoost,Prediction,Train
4691,2025-07-18,P019,0.5432130694389343,XGBoost,Prediction,Train
4692,2025-07-19,P019,3.989363431930542,XGBoost,Prediction,Train
4693,2025-07-20,P019,1.1826858520507812,XGBoost,Prediction,Train
4694,2025-07-21,P019,1.201314091682434,XGBoost,Prediction,Train
4695,2025-07-22,P019,0.6409686803817749,XGBoost,Prediction,Train
4696,2025-07-23,P019,1.459836721420288,XGBoost,Prediction,Train
4697,2025-07-24,P019,0.78593909740448,XGBoost,Prediction,Train
4698,2025-07-25,P019,2.020573139190674,XGBoost,Prediction,Train
4699,2025-07-26,P019,2.724907159805298,XGBoost,Prediction,Train
4700,2025-07-27,P019,3.503402709960937,XGBoost,Prediction,Train
4701,2025-07-28,P019,3.1755659580230717,XGBoost,Prediction,Train
4702,2025-07-29,P019,1.112365961074829,XGBoost,Prediction,Train
4703,2025-07-30,P019,0.8545969128608704,XGBoost,Prediction,Train
4704,2025-07-31,P019,1.308260798454285,XGBoost,Prediction,Train
4705,2025-08-01,P019,0.780925989151001,XGBoost,Prediction,Train
4706,2025-08-02,P019,1.5898417234420776,XGBoost,Prediction,Train
4707,2025-08-03,P019,0.6452714204788208,XGBoost,Prediction,Train
4708,2025-08-04,P019,1.2401087284088137,XGBoost,Prediction,Train
4709,2025-08-05,P019,2.61403751373291,XGBoost,Prediction,Train
4710,2025-08-06,P019,3.503846406936645,XGBoost,Prediction,Train
4711,2025-08-07,P019,2.6010093688964844,XGBoost,Prediction,Train
4712,2025-08-08,P019,3.0729262828826904,XGBoost,Prediction,Train
4713,2025-08-09,P019,1.0478498935699463,XGBoost,Prediction,Train
4714,2025-08-10,P019,1.9430582523345947,XGBoost,Prediction,Train
4715,2025-08-11,P019,1.9155477285385127,XGBoost,Prediction,Train
4716,2025-08-12,P019,4.240059852600098,XGBoost,Prediction,Train
4717,2025-08-13,P019,0.4345674514770508,XGBoost,Prediction,Train
4718,2025-08-14,P019,0.4606913924217224,XGBoost,Prediction,Train
4719,2025-08-15,P019,1.6644858121871948,XGBoost,Prediction,Train
4720,2025-08-16,P019,1.9570988416671755,XGBoost,Prediction,Train
4721,2025-08-17,P019,3.2078089714050293,XGBoost,Prediction,Train
4722,2025-08-18,P019,0.9732711911201476,XGBoost,Prediction,Train
4723,2025-08-19,P019,2.963057041168213,XGBoost,Prediction,Train
4724,2025-08-20,P019,1.91132390499115,XGBoost,Prediction,Train
4725,2025-08-21,P019,4.366531848907471,XGBoost,Prediction,Train
4726,2025-08-22,P019,1.7801982164382937,XGBoost,Prediction,Train
4727,2025-08-23,P019,0.9078754782676696,XGBoost,Prediction,Train
4728,2025-08-24,P019,1.1798689365386963,XGBoost,Prediction,Train
4729,2025-08-25,P019,1.3791643381118774,XGBoost,Prediction,Train
4730,2025-08-26,P019,2.5001020431518555,XGBoost,Prediction,Train
4731,2025-08-27,P019,1.9905095100402832,XGBoost,Prediction,Train
4732,2025-08-28,P019,0.611457109451294,XGBoost,Prediction,Train
4733,2025-08-29,P019,0.6302514672279358,XGBoost,Prediction,Train
4734,2025-08-30,P019,3.621225595474243,XGBoost,Prediction,Train
4735,2025-08-31,P019,1.4592232704162598,XGBoost,Prediction,Train
4736,2025-09-01,P019,2.1219823360443115,XGBoost,Prediction,Train
4737,2025-09-02,P019,0.946863055229187,XGBoost,Prediction,Train
4738,2025-09-03,P019,1.9393939971923828,XGBoost,Prediction,Train
4739,2025-09-04,P019,2.566859483718872,XGBoost,Prediction,Train
4740,2025-09-05,P019,0.8557629585266113,XGBoost,Prediction,Train
4741,2025-09-06,P019,4.652009010314941,XGBoost,Prediction,Train
4742,2025-09-07,P019,0.6741030812263489,XGBoost,Prediction,Train
4743,2025-09-08,P019,4.622369289398193,XGBoost,Prediction,Train
4744,2025-09-09,P019,0.4148360788822174,XGBoost,Prediction,Train
4745,2025-09-10,P019,0.5760844349861145,XGBoost,Prediction,Train
4746,2025-09-11,P019,0.8932686448097229,XGBoost,Prediction,Train
4747,2025-09-12,P019,1.1960896253585815,XGBoost,Prediction,Train
4748,2025-09-13,P019,4.618364334106445,XGBoost,Prediction,Train
4749,2025-09-14,P019,2.921160221099853,XGBoost,Prediction,Train
4750,2025-01-08,P020,1.2703839540481567,XGBoost,Prediction,Train
4751,2025-01-09,P020,0.5360049605369568,XGBoost,Prediction,Train
4752,2025-01-10,P020,1.1687901020050049,XGBoost,Prediction,Train
4753,2025-01-11,P020,4.205231189727783,XGBoost,Prediction,Train
4754,2025-01-12,P020,1.066717505455017,XGBoost,Prediction,Train
4755,2025-01-13,P020,0.8622176051139832,XGBoost,Prediction,Train
4756,2025-01-14,P020,1.071133017539978,XGBoost,Prediction,Train
4757,2025-01-15,P020,0.86390221118927,XGBoost,Prediction,Train
4758,2025-01-16,P020,4.919030666351318,XGBoost,Prediction,Train
4759,2025-01-17,P020,0.611836314201355,XGBoost,Prediction,Train
4760,2025-01-18,P020,0.6730807423591614,XGBoost,Prediction,Train
4761,2025-01-19,P020,2.1626455783843994,XGBoost,Prediction,Train
4762,2025-01-20,P020,0.7250003218650818,XGBoost,Prediction,Train
4763,2025-01-21,P020,3.8619234561920166,XGBoost,Prediction,Train
4764,2025-01-22,P020,3.803928852081299,XGBoost,Prediction,Train
4765,2025-01-23,P020,3.220700025558472,XGBoost,Prediction,Train
4766,2025-01-24,P020,2.630605459213257,XGBoost,Prediction,Train
4767,2025-01-25,P020,0.691256582736969,XGBoost,Prediction,Train
4768,2025-01-26,P020,1.7325564622879028,XGBoost,Prediction,Train
4769,2025-01-27,P020,2.5499417781829834,XGBoost,Prediction,Train
4770,2025-01-28,P020,1.5168309211730957,XGBoost,Prediction,Train
4771,2025-01-29,P020,4.087080001831055,XGBoost,Prediction,Train
4772,2025-01-30,P020,0.799314558506012,XGBoost,Prediction,Train
4773,2025-01-31,P020,2.388993501663208,XGBoost,Prediction,Train
4774,2025-02-01,P020,0.5687045454978943,XGBoost,Prediction,Train
4775,2025-02-02,P020,2.5991835594177246,XGBoost,Prediction,Train
4776,2025-02-03,P020,0.6619585752487183,XGBoost,Prediction,Train
4777,2025-02-04,P020,3.999836683273315,XGBoost,Prediction,Train
4778,2025-02-05,P020,0.6844879984855652,XGBoost,Prediction,Train
4779,2025-02-06,P020,1.858096718788147,XGBoost,Prediction,Train
4780,2025-02-07,P020,3.1311702728271484,XGBoost,Prediction,Train
4781,2025-02-08,P020,0.7869856953620911,XGBoost,Prediction,Train
4782,2025-02-09,P020,2.937436580657959,XGBoost,Prediction,Train
4783,2025-02-10,P020,0.9564343094825744,XGBoost,Prediction,Train
4784,2025-02-11,P020,1.8239009380340576,XGBoost,Prediction,Train
4785,2025-02-12,P020,2.4998364448547363,XGBoost,Prediction,Train
4786,2025-02-13,P020,3.4708142280578613,XGBoost,Prediction,Train
4787,2025-02-14,P020,1.0528285503387451,XGBoost,Prediction,Train
4788,2025-02-15,P020,0.8675649166107178,XGBoost,Prediction,Train
4789,2025-02-16,P020,1.1082816123962402,XGBoost,Prediction,Train
4790,2025-02-17,P020,2.442891836166382,XGBoost,Prediction,Train
4791,2025-02-18,P020,1.095219373703003,XGBoost,Prediction,Train
4792,2025-02-19,P020,3.777768135070801,XGBoost,Prediction,Train
4793,2025-02-20,P020,1.778201937675476,XGBoost,Prediction,Train
4794,2025-02-21,P020,1.3496991395950315,XGBoost,Prediction,Train
4795,2025-02-22,P020,0.7119817137718201,XGBoost,Prediction,Train
4796,2025-02-23,P020,2.618938684463501,XGBoost,Prediction,Train
4797,2025-02-24,P020,0.7703120112419128,XGBoost,Prediction,Train
4798,2025-02-25,P020,2.921937704086304,XGBoost,Prediction,Train
4799,2025-02-26,P020,4.888469696044922,XGBoost,Prediction,Train
4800,2025-02-27,P020,3.3568336963653564,XGBoost,Prediction,Train
4801,2025-02-28,P020,0.5132494568824768,XGBoost,Prediction,Train
4802,2025-03-01,P020,3.872840404510498,XGBoost,Prediction,Train
4803,2025-03-02,P020,0.7273213863372803,XGBoost,Prediction,Train
4804,2025-03-03,P020,5.128729343414307,XGBoost,Prediction,Train
4805,2025-03-04,P020,4.547457218170166,XGBoost,Prediction,Train
4806,2025-03-05,P020,5.636476039886475,XGBoost,Prediction,Train
4807,2025-03-06,P020,4.141773700714111,XGBoost,Prediction,Train
4808,2025-03-07,P020,3.491568088531494,XGBoost,Prediction,Train
4809,2025-03-08,P020,2.57824444770813,XGBoost,Prediction,Train
4810,2025-03-09,P020,1.4941291809082031,XGBoost,Prediction,Train
4811,2025-03-10,P020,2.7649974822998047,XGBoost,Prediction,Train
4812,2025-03-11,P020,2.0323588848114014,XGBoost,Prediction,Train
4813,2025-03-12,P020,3.359966516494751,XGBoost,Prediction,Train
4814,2025-03-13,P020,0.7866204380989075,XGBoost,Prediction,Train
4815,2025-03-14,P020,2.608005285263061,XGBoost,Prediction,Train
4816,2025-03-15,P020,1.3371440172195437,XGBoost,Prediction,Train
4817,2025-03-16,P020,0.7494301795959473,XGBoost,Prediction,Train
4818,2025-03-17,P020,0.6809347867965698,XGBoost,Prediction,Train
4819,2025-03-18,P020,1.1081947088241575,XGBoost,Prediction,Train
4820,2025-03-19,P020,0.5219984650611877,XGBoost,Prediction,Train
4821,2025-03-20,P020,1.0097556114196775,XGBoost,Prediction,Train
4822,2025-03-21,P020,2.3877971172332764,XGBoost,Prediction,Train
4823,2025-03-22,P020,1.0259145498275757,XGBoost,Prediction,Train
4824,2025-03-23,P020,0.8457005023956299,XGBoost,Prediction,Train
4825,2025-03-24,P020,0.6515452265739441,XGBoost,Prediction,Train
4826,2025-03-25,P020,2.8431921005249023,XGBoost,Prediction,Train
4827,2025-03-26,P020,3.7680084705352783,XGBoost,Prediction,Train
4828,2025-03-27,P020,0.8023810982704163,XGBoost,Prediction,Train
4829,2025-03-28,P020,0.9633134603500366,XGBoost,Prediction,Train
4830,2025-03-29,P020,1.0302610397338867,XGBoost,Prediction,Train
4831,2025-03-30,P020,2.7710249423980717,XGBoost,Prediction,Train
4832,2025-03-31,P020,0.5551969408988953,XGBoost,Prediction,Train
4833,2025-04-01,P020,3.9696106910705566,XGBoost,Prediction,Train
4834,2025-04-02,P020,0.906936764717102,XGBoost,Prediction,Train
4835,2025-04-03,P020,0.9245333075523376,XGBoost,Prediction,Train
4836,2025-04-04,P020,2.954977512359619,XGBoost,Prediction,Train
4837,2025-04-05,P020,2.7270803451538086,XGBoost,Prediction,Train
4838,2025-04-06,P020,5.624307632446289,XGBoost,Prediction,Train
4839,2025-04-07,P020,1.0871464014053345,XGBoost,Prediction,Train
4840,2025-04-08,P020,1.1559951305389404,XGBoost,Prediction,Train
4841,2025-04-09,P020,2.193991184234619,XGBoost,Prediction,Train
4842,2025-04-10,P020,1.4064218997955322,XGBoost,Prediction,Train
4843,2025-04-11,P020,2.5145487785339355,XGBoost,Prediction,Train
4844,2025-04-12,P020,0.5465467572212219,XGBoost,Prediction,Train
4845,2025-04-13,P020,0.766889214515686,XGBoost,Prediction,Train
4846,2025-04-14,P020,0.7206963300704956,XGBoost,Prediction,Train
4847,2025-04-15,P020,1.685383439064026,XGBoost,Prediction,Train
4848,2025-04-16,P020,0.8307795524597168,XGBoost,Prediction,Train
4849,2025-04-17,P020,3.0761020183563232,XGBoost,Prediction,Train
4850,2025-04-18,P020,0.7815995216369629,XGBoost,Prediction,Train
4851,2025-04-19,P020,0.9970714449882508,XGBoost,Prediction,Train
4852,2025-04-20,P020,3.323438882827759,XGBoost,Prediction,Train
4853,2025-04-21,P020,3.08443546295166,XGBoost,Prediction,Train
4854,2025-04-22,P020,2.6251070499420166,XGBoost,Prediction,Train
4855,2025-04-23,P020,1.831234335899353,XGBoost,Prediction,Train
4856,2025-04-24,P020,2.050364255905152,XGBoost,Prediction,Train
4857,2025-04-25,P020,2.616936683654785,XGBoost,Prediction,Train
4858,2025-04-26,P020,1.3007495403289795,XGBoost,Prediction,Train
4859,2025-04-27,P020,3.476811647415161,XGBoost,Prediction,Train
4860,2025-04-28,P020,0.8062739372253418,XGBoost,Prediction,Train
4861,2025-04-29,P020,1.395684003829956,XGBoost,Prediction,Train
4862,2025-04-30,P020,0.8527081608772278,XGBoost,Prediction,Train
4863,2025-05-01,P020,3.879120349884033,XGBoost,Prediction,Train
4864,2025-05-02,P020,1.5833942890167236,XGBoost,Prediction,Train
4865,2025-05-03,P020,2.606113910675049,XGBoost,Prediction,Train
4866,2025-05-04,P020,1.7729731798171997,XGBoost,Prediction,Train
4867,2025-05-05,P020,1.7946993112564087,XGBoost,Prediction,Train
4868,2025-05-06,P020,1.1521977186203003,XGBoost,Prediction,Train
4869,2025-05-07,P020,2.536008834838867,XGBoost,Prediction,Train
4870,2025-05-08,P020,0.4094190299510956,XGBoost,Prediction,Train
4871,2025-05-09,P020,2.6256580352783203,XGBoost,Prediction,Train
4872,2025-05-10,P020,0.9459100365638732,XGBoost,Prediction,Train
4873,2025-05-11,P020,0.7147995829582214,XGBoost,Prediction,Train
4874,2025-05-12,P020,3.1848533153533936,XGBoost,Prediction,Train
4875,2025-05-13,P020,1.6217961311340332,XGBoost,Prediction,Train
4876,2025-05-14,P020,1.9065604209899905,XGBoost,Prediction,Train
4877,2025-05-15,P020,5.1479339599609375,XGBoost,Prediction,Train
4878,2025-05-16,P020,2.5585663318634038,XGBoost,Prediction,Train
4879,2025-05-17,P020,1.0072911977767944,XGBoost,Prediction,Train
4880,2025-05-18,P020,1.953386664390564,XGBoost,Prediction,Train
4881,2025-05-19,P020,1.0467365980148315,XGBoost,Prediction,Train
4882,2025-05-20,P020,2.6523678302764893,XGBoost,Prediction,Train
4883,2025-05-21,P020,0.7879605889320374,XGBoost,Prediction,Train
4884,2025-05-22,P020,2.4409737586975098,XGBoost,Prediction,Train
4885,2025-05-23,P020,4.5974440574646,XGBoost,Prediction,Train
4886,2025-05-24,P020,1.446104884147644,XGBoost,Prediction,Train
4887,2025-05-25,P020,2.7561194896698,XGBoost,Prediction,Train
4888,2025-05-26,P020,1.4915828704833984,XGBoost,Prediction,Train
4889,2025-05-27,P020,0.5326682925224304,XGBoost,Prediction,Train
4890,2025-05-28,P020,0.908096730709076,XGBoost,Prediction,Train
4891,2025-05-29,P020,1.000235080718994,XGBoost,Prediction,Train
4892,2025-05-30,P020,0.5262185335159302,XGBoost,Prediction,Train
4893,2025-05-31,P020,4.813839912414551,XGBoost,Prediction,Train
4894,2025-06-01,P020,3.4201595783233643,XGBoost,Prediction,Train
4895,2025-06-02,P020,3.2298355102539062,XGBoost,Prediction,Train
4896,2025-06-03,P020,1.2318779230117798,XGBoost,Prediction,Train
4897,2025-06-04,P020,1.9219722747802732,XGBoost,Prediction,Train
4898,2025-06-05,P020,2.69043517112732,XGBoost,Prediction,Train
4899,2025-06-06,P020,4.148474216461182,XGBoost,Prediction,Train
4900,2025-06-07,P020,0.888992965221405,XGBoost,Prediction,Train
4901,2025-06-08,P020,0.6856541037559509,XGBoost,Prediction,Train
4902,2025-06-09,P020,0.8068250417709351,XGBoost,Prediction,Train
4903,2025-06-10,P020,3.4290716648101807,XGBoost,Prediction,Train
4904,2025-06-11,P020,1.2237638235092163,XGBoost,Prediction,Train
4905,2025-06-12,P020,0.8533677458763123,XGBoost,Prediction,Train
4906,2025-06-13,P020,1.1816190481185913,XGBoost,Prediction,Train
4907,2025-06-14,P020,4.515451431274414,XGBoost,Prediction,Train
4908,2025-06-15,P020,2.399774074554444,XGBoost,Prediction,Train
4909,2025-06-16,P020,3.346888542175293,XGBoost,Prediction,Train
4910,2025-06-17,P020,0.744133710861206,XGBoost,Prediction,Train
4911,2025-06-18,P020,0.7372612357139587,XGBoost,Prediction,Train
4912,2025-06-19,P020,3.672863960266113,XGBoost,Prediction,Train
4913,2025-06-20,P020,0.7545083165168762,XGBoost,Prediction,Train
4914,2025-06-21,P020,1.0289849042892456,XGBoost,Prediction,Train
4915,2025-06-22,P020,2.4162821769714355,XGBoost,Prediction,Train
4916,2025-06-23,P020,0.7322654724121094,XGBoost,Prediction,Train
4917,2025-06-24,P020,2.7356748580932617,XGBoost,Prediction,Train
4918,2025-06-25,P020,2.503873825073242,XGBoost,Prediction,Train
4919,2025-06-26,P020,2.6635966300964355,XGBoost,Prediction,Train
4920,2025-06-27,P020,5.22462272644043,XGBoost,Prediction,Train
4921,2025-06-28,P020,0.8960954546928406,XGBoost,Prediction,Train
4922,2025-06-29,P020,1.4018604755401611,XGBoost,Prediction,Train
4923,2025-06-30,P020,2.007828950881958,XGBoost,Prediction,Train
4924,2025-07-01,P020,1.4850261211395264,XGBoost,Prediction,Train
4925,2025-07-02,P020,0.9492213129997252,XGBoost,Prediction,Train
4926,2025-07-03,P020,2.683375358581543,XGBoost,Prediction,Train
4927,2025-07-04,P020,2.379305362701416,XGBoost,Prediction,Train
4928,2025-07-05,P020,0.6181387901306152,XGBoost,Prediction,Train
4929,2025-07-06,P020,3.457019329071045,XGBoost,Prediction,Train
4930,2025-07-07,P020,2.6053571701049805,XGBoost,Prediction,Train
4931,2025-07-08,P020,0.6798050403594971,XGBoost,Prediction,Train
4932,2025-07-09,P020,1.9821412563323972,XGBoost,Prediction,Train
4933,2025-07-10,P020,0.5745021104812622,XGBoost,Prediction,Train
4934,2025-07-11,P020,1.124811053276062,XGBoost,Prediction,Train
4935,2025-07-12,P020,6.336490631103516,XGBoost,Prediction,Train
4936,2025-07-13,P020,3.259938716888428,XGBoost,Prediction,Train
4937,2025-07-14,P020,1.0574406385421753,XGBoost,Prediction,Train
4938,2025-07-15,P020,2.5615358352661133,XGBoost,Prediction,Train
4939,2025-07-16,P020,3.10725474357605,XGBoost,Prediction,Train
4940,2025-07-17,P020,3.217780828475952,XGBoost,Prediction,Train
4941,2025-07-18,P020,0.63450688123703,XGBoost,Prediction,Train
4942,2025-07-19,P020,0.8927351832389832,XGBoost,Prediction,Train
4943,2025-07-20,P020,3.4147346019744877,XGBoost,Prediction,Train
4944,2025-07-21,P020,0.6663997173309326,XGBoost,Prediction,Train
4945,2025-07-22,P020,1.0613785982131958,XGBoost,Prediction,Train
4946,2025-07-23,P020,0.9173113107681274,XGBoost,Prediction,Train
4947,2025-07-24,P020,2.530492782592773,XGBoost,Prediction,Train
4948,2025-07-25,P020,1.3344210386276243,XGBoost,Prediction,Train
4949,2025-07-26,P020,0.703991711139679,XGBoost,Prediction,Train
4950,2025-07-27,P020,0.714536190032959,XGBoost,Prediction,Train
4951,2025-07-28,P020,4.426528930664063,XGBoost,Prediction,Train
4952,2025-07-29,P020,1.233195185661316,XGBoost,Prediction,Train
4953,2025-07-30,P020,1.953980565071106,XGBoost,Prediction,Train
4954,2025-07-31,P020,1.099592208862305,XGBoost,Prediction,Train
4955,2025-08-01,P020,0.6765193939208984,XGBoost,Prediction,Train
4956,2025-08-02,P020,4.13079309463501,XGBoost,Prediction,Train
4957,2025-08-03,P020,1.288373589515686,XGBoost,Prediction,Train
4958,2025-08-04,P020,1.4067044258117676,XGBoost,Prediction,Train
4959,2025-08-05,P020,0.6431447267532349,XGBoost,Prediction,Train
4960,2025-08-06,P020,1.1299638748168943,XGBoost,Prediction,Train
4961,2025-08-07,P020,1.9072864055633545,XGBoost,Prediction,Train
4962,2025-08-08,P020,1.1525310277938845,XGBoost,Prediction,Train
4963,2025-08-09,P020,0.6786907315254211,XGBoost,Prediction,Train
4964,2025-08-10,P020,0.8303085565567017,XGBoost,Prediction,Train
4965,2025-08-11,P020,2.6025638580322266,XGBoost,Prediction,Train
4966,2025-08-12,P020,4.961997032165527,XGBoost,Prediction,Train
4967,2025-08-13,P020,2.7623307704925537,XGBoost,Prediction,Train
4968,2025-08-14,P020,1.900291085243225,XGBoost,Prediction,Train
4969,2025-08-15,P020,1.3302592039108276,XGBoost,Prediction,Train
4970,2025-08-16,P020,0.8078680634498596,XGBoost,Prediction,Train
4971,2025-08-17,P020,3.818216800689697,XGBoost,Prediction,Train
4972,2025-08-18,P020,1.2179157733917236,XGBoost,Prediction,Train
4973,2025-08-19,P020,1.013875961303711,XGBoost,Prediction,Train
4974,2025-08-20,P020,0.8674576282501221,XGBoost,Prediction,Train
4975,2025-08-21,P020,2.0568273067474365,XGBoost,Prediction,Train
4976,2025-08-22,P020,3.803442001342773,XGBoost,Prediction,Train
4977,2025-08-23,P020,1.89551854133606,XGBoost,Prediction,Train
4978,2025-08-24,P020,2.058218717575073,XGBoost,Prediction,Train
4979,2025-08-25,P020,4.5391998291015625,XGBoost,Prediction,Train
4980,2025-08-26,P020,2.1534337997436523,XGBoost,Prediction,Train
4981,2025-08-27,P020,2.80518102645874,XGBoost,Prediction,Train
4982,2025-08-28,P020,2.6094298362731934,XGBoost,Prediction,Train
4983,2025-08-29,P020,2.0765981674194336,XGBoost,Prediction,Train
4984,2025-08-30,P020,0.7935361266136169,XGBoost,Prediction,Train
4985,2025-08-31,P020,3.692320108413696,XGBoost,Prediction,Train
4986,2025-09-01,P020,5.77893590927124,XGBoost,Prediction,Train
4987,2025-09-02,P020,0.8765665888786316,XGBoost,Prediction,Train
4988,2025-09-03,P020,1.2943589687347412,XGBoost,Prediction,Train
4989,2025-09-04,P020,1.676250457763672,XGBoost,Prediction,Train
4990,2025-09-05,P020,2.744337558746338,XGBoost,Prediction,Train
4991,2025-09-06,P020,0.8120010495185852,XGBoost,Prediction,Train
4992,2025-09-07,P020,3.79502010345459,XGBoost,Prediction,Train
4993,2025-09-08,P020,0.5530375838279724,XGBoost,Prediction,Train
4994,2025-09-09,P020,0.7797690033912659,XGBoost,Prediction,Train
4995,2025-09-10,P020,1.0903829336166382,XGBoost,Prediction,Train
4996,2025-09-11,P020,0.4710735976696014,XGBoost,Prediction,Train
4997,2025-09-12,P020,0.9758539199829102,XGBoost,Prediction,Train
4998,2025-09-13,P020,0.7126592993736267,XGBoost,Prediction,Train
4999,2025-09-14,P020,1.01519513130188,XGBoost,Prediction,Train
5000,2025-09-15,P001,1.6812751293182373,XGBoost,Prediction,Valid
5001,2025-09-16,P001,2.884019374847412,XGBoost,Prediction,Valid
5002,2025-09-17,P001,2.166524887084961,XGBoost,Prediction,Valid
5003,2025-09-18,P001,1.7933051586151123,XGBoost,Prediction,Valid
5004,2025-09-19,P001,2.335279703140259,XGBoost,Prediction,Valid
5005,2025-09-20,P001,1.7457988262176514,XGBoost,Prediction,Valid
5006,2025-09-21,P001,2.002046585083008,XGBoost,Prediction,Valid
5007,2025-09-22,P001,1.144011378288269,XGBoost,Prediction,Valid
5008,2025-09-23,P001,1.8076086044311523,XGBoost,Prediction,Valid
5009,2025-09-24,P001,1.373751163482666,XGBoost,Prediction,Valid
5010,2025-09-25,P001,1.2805906534194946,XGBoost,Prediction,Valid
5011,2025-09-26,P001,1.0280016660690308,XGBoost,Prediction,Valid
5012,2025-09-27,P001,2.38919448852539,XGBoost,Prediction,Valid
5013,2025-09-28,P001,2.217287540435791,XGBoost,Prediction,Valid
5014,2025-09-29,P001,2.6632447242736816,XGBoost,Prediction,Valid
5015,2025-09-30,P001,2.0678107738494877,XGBoost,Prediction,Valid
5016,2025-10-01,P001,1.9247347116470337,XGBoost,Prediction,Valid
5017,2025-10-02,P001,1.4008809328079224,XGBoost,Prediction,Valid
5018,2025-10-03,P001,1.374190330505371,XGBoost,Prediction,Valid
5019,2025-10-04,P001,2.0156819820404053,XGBoost,Prediction,Valid
5020,2025-10-05,P001,2.045462846755981,XGBoost,Prediction,Valid
5021,2025-10-06,P001,1.7333755493164062,XGBoost,Prediction,Valid
5022,2025-10-07,P001,2.13545036315918,XGBoost,Prediction,Valid
5023,2025-10-08,P001,0.961785852909088,XGBoost,Prediction,Valid
5024,2025-10-09,P001,1.873199462890625,XGBoost,Prediction,Valid
5025,2025-10-10,P001,2.271914005279541,XGBoost,Prediction,Valid
5026,2025-10-11,P001,1.8512585163116453,XGBoost,Prediction,Valid
5027,2025-10-12,P001,1.9864437580108645,XGBoost,Prediction,Valid
5028,2025-10-13,P001,1.91453754901886,XGBoost,Prediction,Valid
5029,2025-10-14,P001,1.0054922103881836,XGBoost,Prediction,Valid
5030,2025-10-15,P001,2.47988224029541,XGBoost,Prediction,Valid
5031,2025-10-16,P001,2.4710819721221924,XGBoost,Prediction,Valid
5032,2025-10-17,P001,1.486619472503662,XGBoost,Prediction,Valid
5033,2025-10-18,P001,2.139906167984009,XGBoost,Prediction,Valid
5034,2025-10-19,P001,1.267890453338623,XGBoost,Prediction,Valid
5035,2025-10-20,P001,1.5363353490829468,XGBoost,Prediction,Valid
5036,2025-10-21,P001,1.4129126071929932,XGBoost,Prediction,Valid
5037,2025-10-22,P001,1.976343870162964,XGBoost,Prediction,Valid
5038,2025-10-23,P001,1.65575909614563,XGBoost,Prediction,Valid
5039,2025-10-24,P001,1.3146440982818604,XGBoost,Prediction,Valid
5040,2025-10-25,P001,1.7310168743133545,XGBoost,Prediction,Valid
5041,2025-10-26,P001,1.7304246425628662,XGBoost,Prediction,Valid
5042,2025-10-27,P001,1.9830029010772705,XGBoost,Prediction,Valid
5043,2025-10-28,P001,2.62900185585022,XGBoost,Prediction,Valid
5044,2025-10-29,P001,1.67339825630188,XGBoost,Prediction,Valid
5045,2025-10-30,P001,3.142580270767212,XGBoost,Prediction,Valid
5046,2025-10-31,P001,2.591830015182495,XGBoost,Prediction,Valid
5047,2025-11-01,P001,1.593111515045166,XGBoost,Prediction,Valid
5048,2025-11-02,P001,1.9188519716262815,XGBoost,Prediction,Valid
5049,2025-11-03,P001,1.5518383979797363,XGBoost,Prediction,Valid
5050,2025-11-04,P001,2.928417921066284,XGBoost,Prediction,Valid
5051,2025-11-05,P001,2.4546597003936768,XGBoost,Prediction,Valid
5052,2025-11-06,P001,2.17006516456604,XGBoost,Prediction,Valid
5053,2025-11-07,P001,1.4451189041137695,XGBoost,Prediction,Valid
5054,2025-11-08,P001,1.972395420074463,XGBoost,Prediction,Valid
5055,2025-11-09,P001,2.02223801612854,XGBoost,Prediction,Valid
5056,2025-11-10,P001,2.030942678451538,XGBoost,Prediction,Valid
5057,2025-11-11,P001,1.8410933017730715,XGBoost,Prediction,Valid
5058,2025-11-12,P001,1.706222414970398,XGBoost,Prediction,Valid
5059,2025-11-13,P001,2.8941049575805664,XGBoost,Prediction,Valid
5060,2025-11-14,P001,1.830223798751831,XGBoost,Prediction,Valid
5061,2025-11-15,P001,1.8727173805236816,XGBoost,Prediction,Valid
5062,2025-11-16,P001,1.8581907749176023,XGBoost,Prediction,Valid
5063,2025-11-17,P001,1.7588545083999634,XGBoost,Prediction,Valid
5064,2025-11-18,P001,1.9479373693466189,XGBoost,Prediction,Valid
5065,2025-11-19,P001,2.3129754066467285,XGBoost,Prediction,Valid
5066,2025-11-20,P001,2.371742010116577,XGBoost,Prediction,Valid
5067,2025-11-21,P001,1.844668984413147,XGBoost,Prediction,Valid
5068,2025-11-22,P001,1.985116958618164,XGBoost,Prediction,Valid
5069,2025-11-23,P001,1.6616578102111816,XGBoost,Prediction,Valid
5070,2025-11-24,P001,1.455973744392395,XGBoost,Prediction,Valid
5071,2025-09-15,P002,2.8328654766082764,XGBoost,Prediction,Valid
5072,2025-09-16,P002,2.122763156890869,XGBoost,Prediction,Valid
5073,2025-09-17,P002,2.3977839946746826,XGBoost,Prediction,Valid
5074,2025-09-18,P002,1.954490065574646,XGBoost,Prediction,Valid
5075,2025-09-19,P002,1.9895272254943848,XGBoost,Prediction,Valid
5076,2025-09-20,P002,1.7950383424758911,XGBoost,Prediction,Valid
5077,2025-09-21,P002,1.7732460498809814,XGBoost,Prediction,Valid
5078,2025-09-22,P002,1.807955384254456,XGBoost,Prediction,Valid
5079,2025-09-23,P002,2.38352108001709,XGBoost,Prediction,Valid
5080,2025-09-24,P002,2.629179000854492,XGBoost,Prediction,Valid
5081,2025-09-25,P002,1.6820859909057615,XGBoost,Prediction,Valid
5082,2025-09-26,P002,1.990074157714844,XGBoost,Prediction,Valid
5083,2025-09-27,P002,1.7227154970169067,XGBoost,Prediction,Valid
5084,2025-09-28,P002,1.967767357826233,XGBoost,Prediction,Valid
5085,2025-09-29,P002,1.6549192667007446,XGBoost,Prediction,Valid
5086,2025-09-30,P002,1.1749354600906372,XGBoost,Prediction,Valid
5087,2025-10-01,P002,1.909578800201416,XGBoost,Prediction,Valid
5088,2025-10-02,P002,2.0898118019104004,XGBoost,Prediction,Valid
5089,2025-10-03,P002,1.7655178308486938,XGBoost,Prediction,Valid
5090,2025-10-04,P002,1.8098739385604856,XGBoost,Prediction,Valid
5091,2025-10-05,P002,1.9177579879760744,XGBoost,Prediction,Valid
5092,2025-10-06,P002,1.695783615112305,XGBoost,Prediction,Valid
5093,2025-10-07,P002,2.393695592880249,XGBoost,Prediction,Valid
5094,2025-10-08,P002,2.228245496749878,XGBoost,Prediction,Valid
5095,2025-10-09,P002,2.424870014190674,XGBoost,Prediction,Valid
5096,2025-10-10,P002,1.55391526222229,XGBoost,Prediction,Valid
5097,2025-10-11,P002,2.994422674179077,XGBoost,Prediction,Valid
5098,2025-10-12,P002,1.2669943571090698,XGBoost,Prediction,Valid
5099,2025-10-13,P002,1.1462078094482422,XGBoost,Prediction,Valid
5100,2025-10-14,P002,2.3001303672790527,XGBoost,Prediction,Valid
5101,2025-10-15,P002,1.911759376525879,XGBoost,Prediction,Valid
5102,2025-10-16,P002,1.815994501113892,XGBoost,Prediction,Valid
5103,2025-10-17,P002,2.775467872619629,XGBoost,Prediction,Valid
5104,2025-10-18,P002,1.9232593774795528,XGBoost,Prediction,Valid
5105,2025-10-19,P002,1.799083948135376,XGBoost,Prediction,Valid
5106,2025-10-20,P002,1.6908447742462158,XGBoost,Prediction,Valid
5107,2025-10-21,P002,1.7557568550109863,XGBoost,Prediction,Valid
5108,2025-10-22,P002,2.582429885864258,XGBoost,Prediction,Valid
5109,2025-10-23,P002,2.387918472290039,XGBoost,Prediction,Valid
5110,2025-10-24,P002,1.829788446426392,XGBoost,Prediction,Valid
5111,2025-10-25,P002,2.531369924545288,XGBoost,Prediction,Valid
5112,2025-10-26,P002,2.2632577419281006,XGBoost,Prediction,Valid
5113,2025-10-27,P002,1.572741150856018,XGBoost,Prediction,Valid
5114,2025-10-28,P002,1.3126423358917236,XGBoost,Prediction,Valid
5115,2025-10-29,P002,2.278001546859741,XGBoost,Prediction,Valid
5116,2025-10-30,P002,2.872807264328003,XGBoost,Prediction,Valid
5117,2025-10-31,P002,1.5715811252593994,XGBoost,Prediction,Valid
5118,2025-11-01,P002,2.038259744644165,XGBoost,Prediction,Valid
5119,2025-11-02,P002,1.482213020324707,XGBoost,Prediction,Valid
5120,2025-11-03,P002,1.8744248151779173,XGBoost,Prediction,Valid
5121,2025-11-04,P002,2.255826234817505,XGBoost,Prediction,Valid
5122,2025-11-05,P002,2.4543874263763428,XGBoost,Prediction,Valid
5123,2025-11-06,P002,1.790745973587036,XGBoost,Prediction,Valid
5124,2025-11-07,P002,1.5509889125823977,XGBoost,Prediction,Valid
5125,2025-11-08,P002,1.7150821685791016,XGBoost,Prediction,Valid
5126,2025-11-09,P002,1.7144232988357544,XGBoost,Prediction,Valid
5127,2025-11-10,P002,1.8480958938598635,XGBoost,Prediction,Valid
5128,2025-11-11,P002,2.119781970977783,XGBoost,Prediction,Valid
5129,2025-11-12,P002,2.2366414070129395,XGBoost,Prediction,Valid
5130,2025-11-13,P002,2.0912442207336426,XGBoost,Prediction,Valid
5131,2025-11-14,P002,2.460017681121826,XGBoost,Prediction,Valid
5132,2025-11-15,P002,2.438570261001587,XGBoost,Prediction,Valid
5133,2025-11-16,P002,2.1426234245300293,XGBoost,Prediction,Valid
5134,2025-11-17,P002,1.9710575342178345,XGBoost,Prediction,Valid
5135,2025-11-18,P002,2.3482203483581543,XGBoost,Prediction,Valid
5136,2025-11-19,P002,2.25989842414856,XGBoost,Prediction,Valid
5137,2025-11-20,P002,1.997626543045044,XGBoost,Prediction,Valid
5138,2025-11-21,P002,1.7555596828460691,XGBoost,Prediction,Valid
5139,2025-11-22,P002,1.5281497240066528,XGBoost,Prediction,Valid
5140,2025-11-23,P002,2.0008697509765625,XGBoost,Prediction,Valid
5141,2025-11-24,P002,2.565681934356689,XGBoost,Prediction,Valid
5142,2025-09-15,P003,1.5333377122879028,XGBoost,Prediction,Valid
5143,2025-09-16,P003,1.514865159988403,XGBoost,Prediction,Valid
5144,2025-09-17,P003,1.3069638013839722,XGBoost,Prediction,Valid
5145,2025-09-18,P003,1.9761433601379397,XGBoost,Prediction,Valid
5146,2025-09-19,P003,2.125261068344116,XGBoost,Prediction,Valid
5147,2025-09-20,P003,2.6087419986724854,XGBoost,Prediction,Valid
5148,2025-09-21,P003,1.6257373094558716,XGBoost,Prediction,Valid
5149,2025-09-22,P003,2.487201452255249,XGBoost,Prediction,Valid
5150,2025-09-23,P003,2.144883394241333,XGBoost,Prediction,Valid
5151,2025-09-24,P003,1.8455599546432493,XGBoost,Prediction,Valid
5152,2025-09-25,P003,1.54743492603302,XGBoost,Prediction,Valid
5153,2025-09-26,P003,1.3555972576141355,XGBoost,Prediction,Valid
5154,2025-09-27,P003,2.6284019947052,XGBoost,Prediction,Valid
5155,2025-09-28,P003,2.245104551315308,XGBoost,Prediction,Valid
5156,2025-09-29,P003,1.9624252319335935,XGBoost,Prediction,Valid
5157,2025-09-30,P003,2.126702308654785,XGBoost,Prediction,Valid
5158,2025-10-01,P003,1.605402946472168,XGBoost,Prediction,Valid
5159,2025-10-02,P003,2.0644004344940186,XGBoost,Prediction,Valid
5160,2025-10-03,P003,2.2456071376800537,XGBoost,Prediction,Valid
5161,2025-10-04,P003,2.5413501262664795,XGBoost,Prediction,Valid
5162,2025-10-05,P003,2.3353464603424072,XGBoost,Prediction,Valid
5163,2025-10-06,P003,1.8172581195831297,XGBoost,Prediction,Valid
5164,2025-10-07,P003,1.7557803392410278,XGBoost,Prediction,Valid
5165,2025-10-08,P003,1.4470573663711548,XGBoost,Prediction,Valid
5166,2025-10-09,P003,1.6307140588760376,XGBoost,Prediction,Valid
5167,2025-10-10,P003,1.3236641883850098,XGBoost,Prediction,Valid
5168,2025-10-11,P003,3.087346315383911,XGBoost,Prediction,Valid
5169,2025-10-12,P003,2.2261080741882324,XGBoost,Prediction,Valid
5170,2025-10-13,P003,1.8076175451278689,XGBoost,Prediction,Valid
5171,2025-10-14,P003,2.7952353954315186,XGBoost,Prediction,Valid
5172,2025-10-15,P003,1.493906021118164,XGBoost,Prediction,Valid
5173,2025-10-16,P003,1.2248505353927612,XGBoost,Prediction,Valid
5174,2025-10-17,P003,1.972658634185791,XGBoost,Prediction,Valid
5175,2025-10-18,P003,1.5473114252090454,XGBoost,Prediction,Valid
5176,2025-10-19,P003,1.9264849424362185,XGBoost,Prediction,Valid
5177,2025-10-20,P003,2.021058320999145,XGBoost,Prediction,Valid
5178,2025-10-21,P003,2.150420665740967,XGBoost,Prediction,Valid
5179,2025-10-22,P003,2.179705858230591,XGBoost,Prediction,Valid
5180,2025-10-23,P003,1.995341181755066,XGBoost,Prediction,Valid
5181,2025-10-24,P003,2.114645004272461,XGBoost,Prediction,Valid
5182,2025-10-25,P003,1.338681936264038,XGBoost,Prediction,Valid
5183,2025-10-26,P003,1.41268789768219,XGBoost,Prediction,Valid
5184,2025-10-27,P003,2.5269775390625,XGBoost,Prediction,Valid
5185,2025-10-28,P003,1.1937965154647827,XGBoost,Prediction,Valid
5186,2025-10-29,P003,2.4796297550201416,XGBoost,Prediction,Valid
5187,2025-10-30,P003,2.1672322750091557,XGBoost,Prediction,Valid
5188,2025-10-31,P003,1.7536609172821045,XGBoost,Prediction,Valid
5189,2025-11-01,P003,2.168895483016968,XGBoost,Prediction,Valid
5190,2025-11-02,P003,2.486301183700561,XGBoost,Prediction,Valid
5191,2025-11-03,P003,2.6456410884857178,XGBoost,Prediction,Valid
5192,2025-11-04,P003,2.3854079246521,XGBoost,Prediction,Valid
5193,2025-11-05,P003,2.0966668128967285,XGBoost,Prediction,Valid
5194,2025-11-06,P003,1.7640527486801147,XGBoost,Prediction,Valid
5195,2025-11-07,P003,1.3587127923965454,XGBoost,Prediction,Valid
5196,2025-11-08,P003,1.7110040187835691,XGBoost,Prediction,Valid
5197,2025-11-09,P003,2.8694868087768555,XGBoost,Prediction,Valid
5198,2025-11-10,P003,2.0643463134765625,XGBoost,Prediction,Valid
5199,2025-11-11,P003,2.36027455329895,XGBoost,Prediction,Valid
5200,2025-11-12,P003,2.4356849193573,XGBoost,Prediction,Valid
5201,2025-11-13,P003,1.539515495300293,XGBoost,Prediction,Valid
5202,2025-11-14,P003,2.003482818603516,XGBoost,Prediction,Valid
5203,2025-11-15,P003,2.171811580657959,XGBoost,Prediction,Valid
5204,2025-11-16,P003,1.7332600355148315,XGBoost,Prediction,Valid
5205,2025-11-17,P003,1.4690377712249756,XGBoost,Prediction,Valid
5206,2025-11-18,P003,1.5427491664886477,XGBoost,Prediction,Valid
5207,2025-11-19,P003,1.2278451919555664,XGBoost,Prediction,Valid
5208,2025-11-20,P003,1.370890974998474,XGBoost,Prediction,Valid
5209,2025-11-21,P003,1.779365062713623,XGBoost,Prediction,Valid
5210,2025-11-22,P003,1.221555471420288,XGBoost,Prediction,Valid
5211,2025-11-23,P003,1.543013572692871,XGBoost,Prediction,Valid
5212,2025-11-24,P003,2.442440986633301,XGBoost,Prediction,Valid
5213,2025-09-15,P004,2.5652174949646,XGBoost,Prediction,Valid
5214,2025-09-16,P004,2.879269599914551,XGBoost,Prediction,Valid
5215,2025-09-17,P004,2.137006998062134,XGBoost,Prediction,Valid
5216,2025-09-18,P004,2.768324136734009,XGBoost,Prediction,Valid
5217,2025-09-19,P004,3.0016701221466064,XGBoost,Prediction,Valid
5218,2025-09-20,P004,2.791938543319702,XGBoost,Prediction,Valid
5219,2025-09-21,P004,2.4183173179626465,XGBoost,Prediction,Valid
5220,2025-09-22,P004,2.3263418674468994,XGBoost,Prediction,Valid
5221,2025-09-23,P004,2.8706600666046143,XGBoost,Prediction,Valid
5222,2025-09-24,P004,2.4511983394622803,XGBoost,Prediction,Valid
5223,2025-09-25,P004,1.8017489910125728,XGBoost,Prediction,Valid
5224,2025-09-26,P004,2.333925247192383,XGBoost,Prediction,Valid
5225,2025-09-27,P004,2.057400941848755,XGBoost,Prediction,Valid
5226,2025-09-28,P004,2.3910105228424072,XGBoost,Prediction,Valid
5227,2025-09-29,P004,2.3518381118774414,XGBoost,Prediction,Valid
5228,2025-09-30,P004,2.401885986328125,XGBoost,Prediction,Valid
5229,2025-10-01,P004,1.3934712409973145,XGBoost,Prediction,Valid
5230,2025-10-02,P004,2.7869386672973637,XGBoost,Prediction,Valid
5231,2025-10-03,P004,1.8714290857315063,XGBoost,Prediction,Valid
5232,2025-10-04,P004,1.8584163188934328,XGBoost,Prediction,Valid
5233,2025-10-05,P004,1.9616825580596924,XGBoost,Prediction,Valid
5234,2025-10-06,P004,2.4019665718078613,XGBoost,Prediction,Valid
5235,2025-10-07,P004,1.8603819608688357,XGBoost,Prediction,Valid
5236,2025-10-08,P004,2.117064476013184,XGBoost,Prediction,Valid
5237,2025-10-09,P004,2.739521741867065,XGBoost,Prediction,Valid
5238,2025-10-10,P004,2.7674331665039062,XGBoost,Prediction,Valid
5239,2025-10-11,P004,2.412710428237915,XGBoost,Prediction,Valid
5240,2025-10-12,P004,2.388322353363037,XGBoost,Prediction,Valid
5241,2025-10-13,P004,1.950053572654724,XGBoost,Prediction,Valid
5242,2025-10-14,P004,2.99426794052124,XGBoost,Prediction,Valid
5243,2025-10-15,P004,1.9496122598648071,XGBoost,Prediction,Valid
5244,2025-10-16,P004,1.5740783214569092,XGBoost,Prediction,Valid
5245,2025-10-17,P004,1.805397152900696,XGBoost,Prediction,Valid
5246,2025-10-18,P004,2.341585636138916,XGBoost,Prediction,Valid
5247,2025-10-19,P004,2.834214210510254,XGBoost,Prediction,Valid
5248,2025-10-20,P004,2.522085666656494,XGBoost,Prediction,Valid
5249,2025-10-21,P004,1.7010829448699951,XGBoost,Prediction,Valid
5250,2025-10-22,P004,2.295001268386841,XGBoost,Prediction,Valid
5251,2025-10-23,P004,2.0978317260742188,XGBoost,Prediction,Valid
5252,2025-10-24,P004,2.6845998764038086,XGBoost,Prediction,Valid
5253,2025-10-25,P004,2.086672067642212,XGBoost,Prediction,Valid
5254,2025-10-26,P004,2.0868444442749023,XGBoost,Prediction,Valid
5255,2025-10-27,P004,2.585317373275757,XGBoost,Prediction,Valid
5256,2025-10-28,P004,2.299166679382324,XGBoost,Prediction,Valid
5257,2025-10-29,P004,2.0289766788482666,XGBoost,Prediction,Valid
5258,2025-10-30,P004,3.015568733215332,XGBoost,Prediction,Valid
5259,2025-10-31,P004,2.515965700149536,XGBoost,Prediction,Valid
5260,2025-11-01,P004,2.1533093452453613,XGBoost,Prediction,Valid
5261,2025-11-02,P004,3.298991441726685,XGBoost,Prediction,Valid
5262,2025-11-03,P004,2.334175109863281,XGBoost,Prediction,Valid
5263,2025-11-04,P004,2.112736940383911,XGBoost,Prediction,Valid
5264,2025-11-05,P004,2.5405588150024414,XGBoost,Prediction,Valid
5265,2025-11-06,P004,2.727353572845459,XGBoost,Prediction,Valid
5266,2025-11-07,P004,1.827749490737915,XGBoost,Prediction,Valid
5267,2025-11-08,P004,1.9979660511016848,XGBoost,Prediction,Valid
5268,2025-11-09,P004,2.1171371936798096,XGBoost,Prediction,Valid
5269,2025-11-10,P004,2.484315872192383,XGBoost,Prediction,Valid
5270,2025-11-11,P004,2.4582951068878174,XGBoost,Prediction,Valid
5271,2025-11-12,P004,2.415950298309326,XGBoost,Prediction,Valid
5272,2025-11-13,P004,1.8941482305526731,XGBoost,Prediction,Valid
5273,2025-11-14,P004,2.518810510635376,XGBoost,Prediction,Valid
5274,2025-11-15,P004,2.482683658599853,XGBoost,Prediction,Valid
5275,2025-11-16,P004,2.011725425720215,XGBoost,Prediction,Valid
5276,2025-11-17,P004,1.5273149013519287,XGBoost,Prediction,Valid
5277,2025-11-18,P004,2.214951515197754,XGBoost,Prediction,Valid
5278,2025-11-19,P004,2.3967204093933105,XGBoost,Prediction,Valid
5279,2025-11-20,P004,2.4177277088165283,XGBoost,Prediction,Valid
5280,2025-11-21,P004,2.4974517822265625,XGBoost,Prediction,Valid
5281,2025-11-22,P004,2.14935302734375,XGBoost,Prediction,Valid
5282,2025-11-23,P004,2.773129463195801,XGBoost,Prediction,Valid
5283,2025-11-24,P004,2.5843002796173096,XGBoost,Prediction,Valid
5284,2025-09-15,P005,2.0514161586761475,XGBoost,Prediction,Valid
5285,2025-09-16,P005,2.2349414825439453,XGBoost,Prediction,Valid
5286,2025-09-17,P005,1.605790376663208,XGBoost,Prediction,Valid
5287,2025-09-18,P005,2.121204376220703,XGBoost,Prediction,Valid
5288,2025-09-19,P005,2.005012035369873,XGBoost,Prediction,Valid
5289,2025-09-20,P005,2.58347225189209,XGBoost,Prediction,Valid
5290,2025-09-21,P005,2.146177291870117,XGBoost,Prediction,Valid
5291,2025-09-22,P005,1.965348720550537,XGBoost,Prediction,Valid
5292,2025-09-23,P005,2.0107405185699463,XGBoost,Prediction,Valid
5293,2025-09-24,P005,1.4893568754196167,XGBoost,Prediction,Valid
5294,2025-09-25,P005,1.4994460344314575,XGBoost,Prediction,Valid
5295,2025-09-26,P005,1.482869267463684,XGBoost,Prediction,Valid
5296,2025-09-27,P005,1.9126076698303225,XGBoost,Prediction,Valid
5297,2025-09-28,P005,1.9891586303710935,XGBoost,Prediction,Valid
5298,2025-09-29,P005,1.2711384296417236,XGBoost,Prediction,Valid
5299,2025-09-30,P005,1.78758442401886,XGBoost,Prediction,Valid
5300,2025-10-01,P005,1.3843508958816528,XGBoost,Prediction,Valid
5301,2025-10-02,P005,2.0713367462158203,XGBoost,Prediction,Valid
5302,2025-10-03,P005,1.9215058088302608,XGBoost,Prediction,Valid
5303,2025-10-04,P005,2.396089553833008,XGBoost,Prediction,Valid
5304,2025-10-05,P005,2.154144048690796,XGBoost,Prediction,Valid
5305,2025-10-06,P005,2.5584096908569336,XGBoost,Prediction,Valid
5306,2025-10-07,P005,1.3307446241378784,XGBoost,Prediction,Valid
5307,2025-10-08,P005,1.384387493133545,XGBoost,Prediction,Valid
5308,2025-10-09,P005,2.114194393157959,XGBoost,Prediction,Valid
5309,2025-10-10,P005,2.026432514190674,XGBoost,Prediction,Valid
5310,2025-10-11,P005,1.8269580602645876,XGBoost,Prediction,Valid
5311,2025-10-12,P005,1.968416452407837,XGBoost,Prediction,Valid
5312,2025-10-13,P005,1.6607025861740112,XGBoost,Prediction,Valid
5313,2025-10-14,P005,2.364792823791504,XGBoost,Prediction,Valid
5314,2025-10-15,P005,1.9199413061141968,XGBoost,Prediction,Valid
5315,2025-10-16,P005,1.8918596506118772,XGBoost,Prediction,Valid
5316,2025-10-17,P005,2.6188526153564453,XGBoost,Prediction,Valid
5317,2025-10-18,P005,2.119194507598877,XGBoost,Prediction,Valid
5318,2025-10-19,P005,2.1324658393859863,XGBoost,Prediction,Valid
5319,2025-10-20,P005,1.6662580966949463,XGBoost,Prediction,Valid
5320,2025-10-21,P005,1.3882166147232056,XGBoost,Prediction,Valid
5321,2025-10-22,P005,1.894796371459961,XGBoost,Prediction,Valid
5322,2025-10-23,P005,2.205901622772217,XGBoost,Prediction,Valid
5323,2025-10-24,P005,2.531469345092773,XGBoost,Prediction,Valid
5324,2025-10-25,P005,2.309645414352417,XGBoost,Prediction,Valid
5325,2025-10-26,P005,1.3890773057937622,XGBoost,Prediction,Valid
5326,2025-10-27,P005,1.2286516427993774,XGBoost,Prediction,Valid
5327,2025-10-28,P005,2.198911190032959,XGBoost,Prediction,Valid
5328,2025-10-29,P005,1.5965441465377808,XGBoost,Prediction,Valid
5329,2025-10-30,P005,2.051607370376587,XGBoost,Prediction,Valid
5330,2025-10-31,P005,1.929135799407959,XGBoost,Prediction,Valid
5331,2025-11-01,P005,1.8084124326705933,XGBoost,Prediction,Valid
5332,2025-11-02,P005,1.5611776113510132,XGBoost,Prediction,Valid
5333,2025-11-03,P005,2.3301360607147217,XGBoost,Prediction,Valid
5334,2025-11-04,P005,2.8059027194976807,XGBoost,Prediction,Valid
5335,2025-11-05,P005,1.835003137588501,XGBoost,Prediction,Valid
5336,2025-11-06,P005,2.136436939239502,XGBoost,Prediction,Valid
5337,2025-11-07,P005,1.711979627609253,XGBoost,Prediction,Valid
5338,2025-11-08,P005,1.7305902242660522,XGBoost,Prediction,Valid
5339,2025-11-09,P005,1.6442954540252686,XGBoost,Prediction,Valid
5340,2025-11-10,P005,2.283762216567993,XGBoost,Prediction,Valid
5341,2025-11-11,P005,2.052488088607788,XGBoost,Prediction,Valid
5342,2025-11-12,P005,1.867347002029419,XGBoost,Prediction,Valid
5343,2025-11-13,P005,2.1076419353485107,XGBoost,Prediction,Valid
5344,2025-11-14,P005,2.4105286598205566,XGBoost,Prediction,Valid
5345,2025-11-15,P005,1.6712827682495115,XGBoost,Prediction,Valid
5346,2025-11-16,P005,2.122966766357422,XGBoost,Prediction,Valid
5347,2025-11-17,P005,1.4051052331924438,XGBoost,Prediction,Valid
5348,2025-11-18,P005,2.4750497341156006,XGBoost,Prediction,Valid
5349,2025-11-19,P005,2.494672536849976,XGBoost,Prediction,Valid
5350,2025-11-20,P005,1.6726253032684326,XGBoost,Prediction,Valid
5351,2025-11-21,P005,1.3649818897247314,XGBoost,Prediction,Valid
5352,2025-11-22,P005,1.6823183298110962,XGBoost,Prediction,Valid
5353,2025-11-23,P005,1.448877453804016,XGBoost,Prediction,Valid
5354,2025-11-24,P005,2.1030828952789307,XGBoost,Prediction,Valid
5355,2025-09-15,P006,1.87953782081604,XGBoost,Prediction,Valid
5356,2025-09-16,P006,1.538503885269165,XGBoost,Prediction,Valid
5357,2025-09-17,P006,2.277543783187866,XGBoost,Prediction,Valid
5358,2025-09-18,P006,2.7214138507843018,XGBoost,Prediction,Valid
5359,2025-09-19,P006,2.044305324554444,XGBoost,Prediction,Valid
5360,2025-09-20,P006,2.5396270751953125,XGBoost,Prediction,Valid
5361,2025-09-21,P006,1.8215619325637815,XGBoost,Prediction,Valid
5362,2025-09-22,P006,1.523977756500244,XGBoost,Prediction,Valid
5363,2025-09-23,P006,2.646995306015014,XGBoost,Prediction,Valid
5364,2025-09-24,P006,1.9525505304336548,XGBoost,Prediction,Valid
5365,2025-09-25,P006,1.6610584259033203,XGBoost,Prediction,Valid
5366,2025-09-26,P006,2.32777738571167,XGBoost,Prediction,Valid
5367,2025-09-27,P006,2.026355028152466,XGBoost,Prediction,Valid
5368,2025-09-28,P006,2.217689752578736,XGBoost,Prediction,Valid
5369,2025-09-29,P006,1.8242536783218384,XGBoost,Prediction,Valid
5370,2025-09-30,P006,1.7809851169586182,XGBoost,Prediction,Valid
5371,2025-10-01,P006,2.904592275619507,XGBoost,Prediction,Valid
5372,2025-10-02,P006,2.560182809829712,XGBoost,Prediction,Valid
5373,2025-10-03,P006,1.2997456789016724,XGBoost,Prediction,Valid
5374,2025-10-04,P006,1.6796613931655884,XGBoost,Prediction,Valid
5375,2025-10-05,P006,1.547207236289978,XGBoost,Prediction,Valid
5376,2025-10-06,P006,1.5230852365493774,XGBoost,Prediction,Valid
5377,2025-10-07,P006,1.4605779647827148,XGBoost,Prediction,Valid
5378,2025-10-08,P006,1.6320583820343018,XGBoost,Prediction,Valid
5379,2025-10-09,P006,1.3590781688690186,XGBoost,Prediction,Valid
5380,2025-10-10,P006,2.471831083297729,XGBoost,Prediction,Valid
5381,2025-10-11,P006,1.9311383962631223,XGBoost,Prediction,Valid
5382,2025-10-12,P006,1.5904335975646973,XGBoost,Prediction,Valid
5383,2025-10-13,P006,2.037191867828369,XGBoost,Prediction,Valid
5384,2025-10-14,P006,2.343948602676392,XGBoost,Prediction,Valid
5385,2025-10-15,P006,1.674813151359558,XGBoost,Prediction,Valid
5386,2025-10-16,P006,2.0526933670043945,XGBoost,Prediction,Valid
5387,2025-10-17,P006,2.096020460128784,XGBoost,Prediction,Valid
5388,2025-10-18,P006,1.740620732307434,XGBoost,Prediction,Valid
5389,2025-10-19,P006,1.440312743186951,XGBoost,Prediction,Valid
5390,2025-10-20,P006,1.8920907974243164,XGBoost,Prediction,Valid
5391,2025-10-21,P006,1.3707091808319092,XGBoost,Prediction,Valid
5392,2025-10-22,P006,1.370215654373169,XGBoost,Prediction,Valid
5393,2025-10-23,P006,2.210304021835327,XGBoost,Prediction,Valid
5394,2025-10-24,P006,2.5265860557556152,XGBoost,Prediction,Valid
5395,2025-10-25,P006,2.360679149627685,XGBoost,Prediction,Valid
5396,2025-10-26,P006,2.3078901767730717,XGBoost,Prediction,Valid
5397,2025-10-27,P006,2.463777542114258,XGBoost,Prediction,Valid
5398,2025-10-28,P006,1.6813331842422483,XGBoost,Prediction,Valid
5399,2025-10-29,P006,1.4251387119293213,XGBoost,Prediction,Valid
5400,2025-10-30,P006,1.904719948768616,XGBoost,Prediction,Valid
5401,2025-10-31,P006,2.142663717269897,XGBoost,Prediction,Valid
5402,2025-11-01,P006,2.709055662155152,XGBoost,Prediction,Valid
5403,2025-11-02,P006,1.474130630493164,XGBoost,Prediction,Valid
5404,2025-11-03,P006,1.744799256324768,XGBoost,Prediction,Valid
5405,2025-11-04,P006,2.707872152328491,XGBoost,Prediction,Valid
5406,2025-11-05,P006,2.1635255813598637,XGBoost,Prediction,Valid
5407,2025-11-06,P006,2.5622758865356445,XGBoost,Prediction,Valid
5408,2025-11-07,P006,2.115813970565796,XGBoost,Prediction,Valid
5409,2025-11-08,P006,1.644745945930481,XGBoost,Prediction,Valid
5410,2025-11-09,P006,2.4218437671661377,XGBoost,Prediction,Valid
5411,2025-11-10,P006,2.208623170852661,XGBoost,Prediction,Valid
5412,2025-11-11,P006,2.201164722442627,XGBoost,Prediction,Valid
5413,2025-11-12,P006,1.2040979862213137,XGBoost,Prediction,Valid
5414,2025-11-13,P006,2.365504741668701,XGBoost,Prediction,Valid
5415,2025-11-14,P006,2.459192991256714,XGBoost,Prediction,Valid
5416,2025-11-15,P006,1.3111549615859983,XGBoost,Prediction,Valid
5417,2025-11-16,P006,2.0876965522766118,XGBoost,Prediction,Valid
5418,2025-11-17,P006,1.5598350763320925,XGBoost,Prediction,Valid
5419,2025-11-18,P006,2.347625970840454,XGBoost,Prediction,Valid
5420,2025-11-19,P006,2.099968671798706,XGBoost,Prediction,Valid
5421,2025-11-20,P006,2.223604679107666,XGBoost,Prediction,Valid
5422,2025-11-21,P006,1.7269940376281738,XGBoost,Prediction,Valid
5423,2025-11-22,P006,2.591855525970459,XGBoost,Prediction,Valid
5424,2025-11-23,P006,1.8579587936401367,XGBoost,Prediction,Valid
5425,2025-11-24,P006,1.7241946458816528,XGBoost,Prediction,Valid
5426,2025-09-15,P007,2.081620216369629,XGBoost,Prediction,Valid
5427,2025-09-16,P007,3.1670596599578857,XGBoost,Prediction,Valid
5428,2025-09-17,P007,2.714616060256958,XGBoost,Prediction,Valid
5429,2025-09-18,P007,3.1085147857666016,XGBoost,Prediction,Valid
5430,2025-09-19,P007,2.4231574535369877,XGBoost,Prediction,Valid
5431,2025-09-20,P007,2.702202320098877,XGBoost,Prediction,Valid
5432,2025-09-21,P007,2.4561424255371094,XGBoost,Prediction,Valid
5433,2025-09-22,P007,1.69307541847229,XGBoost,Prediction,Valid
5434,2025-09-23,P007,3.011748075485229,XGBoost,Prediction,Valid
5435,2025-09-24,P007,3.392876625061035,XGBoost,Prediction,Valid
5436,2025-09-25,P007,2.05640196800232,XGBoost,Prediction,Valid
5437,2025-09-26,P007,2.111309289932251,XGBoost,Prediction,Valid
5438,2025-09-27,P007,2.7182445526123047,XGBoost,Prediction,Valid
5439,2025-09-28,P007,1.7700231075286863,XGBoost,Prediction,Valid
5440,2025-09-29,P007,2.2392280101776123,XGBoost,Prediction,Valid
5441,2025-09-30,P007,2.400784969329834,XGBoost,Prediction,Valid
5442,2025-10-01,P007,2.229257822036743,XGBoost,Prediction,Valid
5443,2025-10-02,P007,2.204300165176392,XGBoost,Prediction,Valid
5444,2025-10-03,P007,2.517399311065674,XGBoost,Prediction,Valid
5445,2025-10-04,P007,3.1601791381835938,XGBoost,Prediction,Valid
5446,2025-10-05,P007,2.759018421173096,XGBoost,Prediction,Valid
5447,2025-10-06,P007,2.1994612216949463,XGBoost,Prediction,Valid
5448,2025-10-07,P007,1.8294318914413448,XGBoost,Prediction,Valid
5449,2025-10-08,P007,2.7663934230804443,XGBoost,Prediction,Valid
5450,2025-10-09,P007,2.5949127674102783,XGBoost,Prediction,Valid
5451,2025-10-10,P007,2.5544273853302,XGBoost,Prediction,Valid
5452,2025-10-11,P007,2.7182652950286865,XGBoost,Prediction,Valid
5453,2025-10-12,P007,2.687829971313477,XGBoost,Prediction,Valid
5454,2025-10-13,P007,2.120060920715332,XGBoost,Prediction,Valid
5455,2025-10-14,P007,2.8533735275268555,XGBoost,Prediction,Valid
5456,2025-10-15,P007,1.983806848526001,XGBoost,Prediction,Valid
5457,2025-10-16,P007,2.55522894859314,XGBoost,Prediction,Valid
5458,2025-10-17,P007,3.060307264328003,XGBoost,Prediction,Valid
5459,2025-10-18,P007,2.7022714614868164,XGBoost,Prediction,Valid
5460,2025-10-19,P007,1.852432370185852,XGBoost,Prediction,Valid
5461,2025-10-20,P007,2.150641202926636,XGBoost,Prediction,Valid
5462,2025-10-21,P007,1.9584953784942627,XGBoost,Prediction,Valid
5463,2025-10-22,P007,1.92989718914032,XGBoost,Prediction,Valid
5464,2025-10-23,P007,2.997176170349121,XGBoost,Prediction,Valid
5465,2025-10-24,P007,1.9279100894927976,XGBoost,Prediction,Valid
5466,2025-10-25,P007,2.2699573040008545,XGBoost,Prediction,Valid
5467,2025-10-26,P007,1.784416437149048,XGBoost,Prediction,Valid
5468,2025-10-27,P007,2.4915130138397217,XGBoost,Prediction,Valid
5469,2025-10-28,P007,1.6429415941238403,XGBoost,Prediction,Valid
5470,2025-10-29,P007,2.1792030334472656,XGBoost,Prediction,Valid
5471,2025-10-30,P007,2.405067443847656,XGBoost,Prediction,Valid
5472,2025-10-31,P007,2.5037178993225098,XGBoost,Prediction,Valid
5473,2025-11-01,P007,2.804908514022827,XGBoost,Prediction,Valid
5474,2025-11-02,P007,2.8202097415924072,XGBoost,Prediction,Valid
5475,2025-11-03,P007,1.8756558895111084,XGBoost,Prediction,Valid
5476,2025-11-04,P007,2.7931153774261475,XGBoost,Prediction,Valid
5477,2025-11-05,P007,2.687082529067993,XGBoost,Prediction,Valid
5478,2025-11-06,P007,2.683610439300537,XGBoost,Prediction,Valid
5479,2025-11-07,P007,2.4857726097106934,XGBoost,Prediction,Valid
5480,2025-11-08,P007,2.734417200088501,XGBoost,Prediction,Valid
5481,2025-11-09,P007,2.017970561981201,XGBoost,Prediction,Valid
5482,2025-11-10,P007,1.8345060348510744,XGBoost,Prediction,Valid
5483,2025-11-11,P007,2.495483160018921,XGBoost,Prediction,Valid
5484,2025-11-12,P007,2.67724347114563,XGBoost,Prediction,Valid
5485,2025-11-13,P007,2.0476648807525635,XGBoost,Prediction,Valid
5486,2025-11-14,P007,2.968775510787964,XGBoost,Prediction,Valid
5487,2025-11-15,P007,2.119447469711304,XGBoost,Prediction,Valid
5488,2025-11-16,P007,2.4994397163391118,XGBoost,Prediction,Valid
5489,2025-11-17,P007,2.852851152420044,XGBoost,Prediction,Valid
5490,2025-11-18,P007,2.6936593055725098,XGBoost,Prediction,Valid
5491,2025-11-19,P007,2.103236675262451,XGBoost,Prediction,Valid
5492,2025-11-20,P007,2.755867719650269,XGBoost,Prediction,Valid
5493,2025-11-21,P007,2.186603784561157,XGBoost,Prediction,Valid
5494,2025-11-22,P007,2.9347777366638184,XGBoost,Prediction,Valid
5495,2025-11-23,P007,1.8119088411331177,XGBoost,Prediction,Valid
5496,2025-11-24,P007,2.4318277835845947,XGBoost,Prediction,Valid
5497,2025-09-15,P008,1.865564584732056,XGBoost,Prediction,Valid
5498,2025-09-16,P008,1.696692943572998,XGBoost,Prediction,Valid
5499,2025-09-17,P008,2.145102977752685,XGBoost,Prediction,Valid
5500,2025-09-18,P008,2.24478816986084,XGBoost,Prediction,Valid
5501,2025-09-19,P008,2.7095179557800293,XGBoost,Prediction,Valid
5502,2025-09-20,P008,1.934255123138428,XGBoost,Prediction,Valid
5503,2025-09-21,P008,2.119257688522339,XGBoost,Prediction,Valid
5504,2025-09-22,P008,1.7134242057800293,XGBoost,Prediction,Valid
5505,2025-09-23,P008,1.5522749423980713,XGBoost,Prediction,Valid
5506,2025-09-24,P008,1.891370177268982,XGBoost,Prediction,Valid
5507,2025-09-25,P008,1.2130872011184692,XGBoost,Prediction,Valid
5508,2025-09-26,P008,2.0361149311065674,XGBoost,Prediction,Valid
5509,2025-09-27,P008,2.4177591800689697,XGBoost,Prediction,Valid
5510,2025-09-28,P008,2.303745746612549,XGBoost,Prediction,Valid
5511,2025-09-29,P008,1.6811951398849487,XGBoost,Prediction,Valid
5512,2025-09-30,P008,2.386897563934326,XGBoost,Prediction,Valid
5513,2025-10-01,P008,1.9252970218658447,XGBoost,Prediction,Valid
5514,2025-10-02,P008,1.4171329736709597,XGBoost,Prediction,Valid
5515,2025-10-03,P008,2.267730236053467,XGBoost,Prediction,Valid
5516,2025-10-04,P008,1.9166070222854612,XGBoost,Prediction,Valid
5517,2025-10-05,P008,1.735100507736206,XGBoost,Prediction,Valid
5518,2025-10-06,P008,1.688298225402832,XGBoost,Prediction,Valid
5519,2025-10-07,P008,1.751852035522461,XGBoost,Prediction,Valid
5520,2025-10-08,P008,2.656193733215332,XGBoost,Prediction,Valid
5521,2025-10-09,P008,2.36563491821289,XGBoost,Prediction,Valid
5522,2025-10-10,P008,1.293739676475525,XGBoost,Prediction,Valid
5523,2025-10-11,P008,2.652523994445801,XGBoost,Prediction,Valid
5524,2025-10-12,P008,1.2925149202346802,XGBoost,Prediction,Valid
5525,2025-10-13,P008,2.0215954780578613,XGBoost,Prediction,Valid
5526,2025-10-14,P008,1.8789480924606323,XGBoost,Prediction,Valid
5527,2025-10-15,P008,1.9914463758468628,XGBoost,Prediction,Valid
5528,2025-10-16,P008,1.609359860420227,XGBoost,Prediction,Valid
5529,2025-10-17,P008,1.4409831762313845,XGBoost,Prediction,Valid
5530,2025-10-18,P008,2.1297719478607178,XGBoost,Prediction,Valid
5531,2025-10-19,P008,2.309230327606201,XGBoost,Prediction,Valid
5532,2025-10-20,P008,1.613824725151062,XGBoost,Prediction,Valid
5533,2025-10-21,P008,2.070056200027466,XGBoost,Prediction,Valid
5534,2025-10-22,P008,1.4521474838256836,XGBoost,Prediction,Valid
5535,2025-10-23,P008,1.6201807260513306,XGBoost,Prediction,Valid
5536,2025-10-24,P008,1.5980507135391235,XGBoost,Prediction,Valid
5537,2025-10-25,P008,1.6240551471710205,XGBoost,Prediction,Valid
5538,2025-10-26,P008,2.191033124923706,XGBoost,Prediction,Valid
5539,2025-10-27,P008,2.313273429870605,XGBoost,Prediction,Valid
5540,2025-10-28,P008,1.8330012559890747,XGBoost,Prediction,Valid
5541,2025-10-29,P008,2.3473060131073,XGBoost,Prediction,Valid
5542,2025-10-30,P008,1.9479480981826784,XGBoost,Prediction,Valid
5543,2025-10-31,P008,2.506559371948242,XGBoost,Prediction,Valid
5544,2025-11-01,P008,1.81120240688324,XGBoost,Prediction,Valid
5545,2025-11-02,P008,1.8145744800567627,XGBoost,Prediction,Valid
5546,2025-11-03,P008,2.9902353286743164,XGBoost,Prediction,Valid
5547,2025-11-04,P008,1.5596333742141724,XGBoost,Prediction,Valid
5548,2025-11-05,P008,2.394587278366089,XGBoost,Prediction,Valid
5549,2025-11-06,P008,2.10642147064209,XGBoost,Prediction,Valid
5550,2025-11-07,P008,2.0373902320861816,XGBoost,Prediction,Valid
5551,2025-11-08,P008,2.442385673522949,XGBoost,Prediction,Valid
5552,2025-11-09,P008,2.3931632041931152,XGBoost,Prediction,Valid
5553,2025-11-10,P008,1.8507534265518188,XGBoost,Prediction,Valid
5554,2025-11-11,P008,2.624044179916382,XGBoost,Prediction,Valid
5555,2025-11-12,P008,1.4924297332763672,XGBoost,Prediction,Valid
5556,2025-11-13,P008,2.2348904609680176,XGBoost,Prediction,Valid
5557,2025-11-14,P008,2.262335062026977,XGBoost,Prediction,Valid
5558,2025-11-15,P008,1.544780969619751,XGBoost,Prediction,Valid
5559,2025-11-16,P008,2.5068044662475586,XGBoost,Prediction,Valid
5560,2025-11-17,P008,2.1003241539001465,XGBoost,Prediction,Valid
5561,2025-11-18,P008,1.8299802541732788,XGBoost,Prediction,Valid
5562,2025-11-19,P008,1.6000168323516846,XGBoost,Prediction,Valid
5563,2025-11-20,P008,2.541655302047729,XGBoost,Prediction,Valid
5564,2025-11-21,P008,2.570501804351806,XGBoost,Prediction,Valid
5565,2025-11-22,P008,2.892906427383423,XGBoost,Prediction,Valid
5566,2025-11-23,P008,1.968287825584412,XGBoost,Prediction,Valid
5567,2025-11-24,P008,2.12634015083313,XGBoost,Prediction,Valid
5568,2025-09-15,P009,2.308897018432617,XGBoost,Prediction,Valid
5569,2025-09-16,P009,2.193063974380493,XGBoost,Prediction,Valid
5570,2025-09-17,P009,1.5060416460037231,XGBoost,Prediction,Valid
5571,2025-09-18,P009,2.2955691814422607,XGBoost,Prediction,Valid
5572,2025-09-19,P009,2.385578393936157,XGBoost,Prediction,Valid
5573,2025-09-20,P009,2.4198546409606934,XGBoost,Prediction,Valid
5574,2025-09-21,P009,2.596363067626953,XGBoost,Prediction,Valid
5575,2025-09-22,P009,1.7276651859283447,XGBoost,Prediction,Valid
5576,2025-09-23,P009,2.542261838912964,XGBoost,Prediction,Valid
5577,2025-09-24,P009,2.2382376194000244,XGBoost,Prediction,Valid
5578,2025-09-25,P009,1.8663601875305176,XGBoost,Prediction,Valid
5579,2025-09-26,P009,1.8327786922454836,XGBoost,Prediction,Valid
5580,2025-09-27,P009,1.8488423824310305,XGBoost,Prediction,Valid
5581,2025-09-28,P009,2.465900659561157,XGBoost,Prediction,Valid
5582,2025-09-29,P009,2.376903772354126,XGBoost,Prediction,Valid
5583,2025-09-30,P009,1.757374286651611,XGBoost,Prediction,Valid
5584,2025-10-01,P009,2.3015806674957275,XGBoost,Prediction,Valid
5585,2025-10-02,P009,2.3233230113983154,XGBoost,Prediction,Valid
5586,2025-10-03,P009,2.5679707527160645,XGBoost,Prediction,Valid
5587,2025-10-04,P009,2.135040044784546,XGBoost,Prediction,Valid
5588,2025-10-05,P009,1.8129099607467647,XGBoost,Prediction,Valid
5589,2025-10-06,P009,2.459758758544922,XGBoost,Prediction,Valid
5590,2025-10-07,P009,1.7841867208480835,XGBoost,Prediction,Valid
5591,2025-10-08,P009,1.5893737077713013,XGBoost,Prediction,Valid
5592,2025-10-09,P009,1.9145690202713013,XGBoost,Prediction,Valid
5593,2025-10-10,P009,2.1998751163482666,XGBoost,Prediction,Valid
5594,2025-10-11,P009,2.346414089202881,XGBoost,Prediction,Valid
5595,2025-10-12,P009,1.7312582731246948,XGBoost,Prediction,Valid
5596,2025-10-13,P009,1.6311273574829102,XGBoost,Prediction,Valid
5597,2025-10-14,P009,1.827082872390747,XGBoost,Prediction,Valid
5598,2025-10-15,P009,2.112279176712036,XGBoost,Prediction,Valid
5599,2025-10-16,P009,2.048243761062622,XGBoost,Prediction,Valid
5600,2025-10-17,P009,2.4736032485961914,XGBoost,Prediction,Valid
5601,2025-10-18,P009,1.7425345182418823,XGBoost,Prediction,Valid
5602,2025-10-19,P009,2.15562105178833,XGBoost,Prediction,Valid
5603,2025-10-20,P009,1.924214005470276,XGBoost,Prediction,Valid
5604,2025-10-21,P009,2.297650098800659,XGBoost,Prediction,Valid
5605,2025-10-22,P009,1.8427863121032717,XGBoost,Prediction,Valid
5606,2025-10-23,P009,1.50099778175354,XGBoost,Prediction,Valid
5607,2025-10-24,P009,2.003326654434204,XGBoost,Prediction,Valid
5608,2025-10-25,P009,2.278094530105591,XGBoost,Prediction,Valid
5609,2025-10-26,P009,1.697487473487854,XGBoost,Prediction,Valid
5610,2025-10-27,P009,2.399671792984009,XGBoost,Prediction,Valid
5611,2025-10-28,P009,1.7035510540008545,XGBoost,Prediction,Valid
5612,2025-10-29,P009,1.5807679891586304,XGBoost,Prediction,Valid
5613,2025-10-30,P009,2.77278733253479,XGBoost,Prediction,Valid
5614,2025-10-31,P009,3.321903705596924,XGBoost,Prediction,Valid
5615,2025-11-01,P009,2.501452207565308,XGBoost,Prediction,Valid
5616,2025-11-02,P009,2.1154158115386963,XGBoost,Prediction,Valid
5617,2025-11-03,P009,1.6034822463989258,XGBoost,Prediction,Valid
5618,2025-11-04,P009,2.410491466522217,XGBoost,Prediction,Valid
5619,2025-11-05,P009,1.9621212482452397,XGBoost,Prediction,Valid
5620,2025-11-06,P009,2.889056921005249,XGBoost,Prediction,Valid
5621,2025-11-07,P009,1.5653451681137085,XGBoost,Prediction,Valid
5622,2025-11-08,P009,1.993432641029358,XGBoost,Prediction,Valid
5623,2025-11-09,P009,2.039029359817505,XGBoost,Prediction,Valid
5624,2025-11-10,P009,1.8222943544387815,XGBoost,Prediction,Valid
5625,2025-11-11,P009,2.4263041019439697,XGBoost,Prediction,Valid
5626,2025-11-12,P009,1.3805317878723145,XGBoost,Prediction,Valid
5627,2025-11-13,P009,1.2721247673034668,XGBoost,Prediction,Valid
5628,2025-11-14,P009,3.044696569442749,XGBoost,Prediction,Valid
5629,2025-11-15,P009,1.6257081031799316,XGBoost,Prediction,Valid
5630,2025-11-16,P009,1.2697880268096924,XGBoost,Prediction,Valid
5631,2025-11-17,P009,2.7141120433807373,XGBoost,Prediction,Valid
5632,2025-11-18,P009,1.5751186609268188,XGBoost,Prediction,Valid
5633,2025-11-19,P009,2.2420878410339355,XGBoost,Prediction,Valid
5634,2025-11-20,P009,2.684987068176269,XGBoost,Prediction,Valid
5635,2025-11-21,P009,1.885979175567627,XGBoost,Prediction,Valid
5636,2025-11-22,P009,2.290011405944824,XGBoost,Prediction,Valid
5637,2025-11-23,P009,2.3435215950012207,XGBoost,Prediction,Valid
5638,2025-11-24,P009,2.7461986541748047,XGBoost,Prediction,Valid
5639,2025-09-15,P010,2.0508370399475098,XGBoost,Prediction,Valid
5640,2025-09-16,P010,1.751107692718506,XGBoost,Prediction,Valid
5641,2025-09-17,P010,2.001868724822998,XGBoost,Prediction,Valid
5642,2025-09-18,P010,2.561075210571289,XGBoost,Prediction,Valid
5643,2025-09-19,P010,3.251797676086426,XGBoost,Prediction,Valid
5644,2025-09-20,P010,2.9843859672546387,XGBoost,Prediction,Valid
5645,2025-09-21,P010,2.448657512664795,XGBoost,Prediction,Valid
5646,2025-09-22,P010,1.9566861391067505,XGBoost,Prediction,Valid
5647,2025-09-23,P010,1.9161802530288696,XGBoost,Prediction,Valid
5648,2025-09-24,P010,1.5715796947479248,XGBoost,Prediction,Valid
5649,2025-09-25,P010,2.3935022354125977,XGBoost,Prediction,Valid
5650,2025-09-26,P010,1.7503851652145386,XGBoost,Prediction,Valid
5651,2025-09-27,P010,2.326855421066284,XGBoost,Prediction,Valid
5652,2025-09-28,P010,2.4250259399414062,XGBoost,Prediction,Valid
5653,2025-09-29,P010,2.421527624130249,XGBoost,Prediction,Valid
5654,2025-09-30,P010,2.593719959259033,XGBoost,Prediction,Valid
5655,2025-10-01,P010,3.0797722339630127,XGBoost,Prediction,Valid
5656,2025-10-02,P010,2.42873477935791,XGBoost,Prediction,Valid
5657,2025-10-03,P010,2.442679643630981,XGBoost,Prediction,Valid
5658,2025-10-04,P010,2.508629322052002,XGBoost,Prediction,Valid
5659,2025-10-05,P010,2.319016695022583,XGBoost,Prediction,Valid
5660,2025-10-06,P010,2.387246608734131,XGBoost,Prediction,Valid
5661,2025-10-07,P010,1.0988967418670654,XGBoost,Prediction,Valid
5662,2025-10-08,P010,2.2580654621124268,XGBoost,Prediction,Valid
5663,2025-10-09,P010,1.59497332572937,XGBoost,Prediction,Valid
5664,2025-10-10,P010,1.4485138654708862,XGBoost,Prediction,Valid
5665,2025-10-11,P010,2.246156930923462,XGBoost,Prediction,Valid
5666,2025-10-12,P010,1.7508726119995115,XGBoost,Prediction,Valid
5667,2025-10-13,P010,1.6742795705795288,XGBoost,Prediction,Valid
5668,2025-10-14,P010,1.9232208728790283,XGBoost,Prediction,Valid
5669,2025-10-15,P010,1.3699886798858645,XGBoost,Prediction,Valid
5670,2025-10-16,P010,1.9356383085250852,XGBoost,Prediction,Valid
5671,2025-10-17,P010,2.569218635559082,XGBoost,Prediction,Valid
5672,2025-10-18,P010,1.2531369924545288,XGBoost,Prediction,Valid
5673,2025-10-19,P010,1.9345771074295044,XGBoost,Prediction,Valid
5674,2025-10-20,P010,2.25493597984314,XGBoost,Prediction,Valid
5675,2025-10-21,P010,1.6044909954071045,XGBoost,Prediction,Valid
5676,2025-10-22,P010,1.6685466766357422,XGBoost,Prediction,Valid
5677,2025-10-23,P010,2.492706298828125,XGBoost,Prediction,Valid
5678,2025-10-24,P010,1.968139410018921,XGBoost,Prediction,Valid
5679,2025-10-25,P010,2.6489052772521973,XGBoost,Prediction,Valid
5680,2025-10-26,P010,1.923226237297058,XGBoost,Prediction,Valid
5681,2025-10-27,P010,2.1811418533325195,XGBoost,Prediction,Valid
5682,2025-10-28,P010,1.5761538743972778,XGBoost,Prediction,Valid
5683,2025-10-29,P010,1.5519981384277344,XGBoost,Prediction,Valid
5684,2025-10-30,P010,1.8564777374267576,XGBoost,Prediction,Valid
5685,2025-10-31,P010,2.117773532867432,XGBoost,Prediction,Valid
5686,2025-11-01,P010,2.4933266639709477,XGBoost,Prediction,Valid
5687,2025-11-02,P010,1.1852623224258425,XGBoost,Prediction,Valid
5688,2025-11-03,P010,2.1898763179779053,XGBoost,Prediction,Valid
5689,2025-11-04,P010,1.915403127670288,XGBoost,Prediction,Valid
5690,2025-11-05,P010,2.193471193313598,XGBoost,Prediction,Valid
5691,2025-11-06,P010,3.3683879375457764,XGBoost,Prediction,Valid
5692,2025-11-07,P010,1.9210271835327148,XGBoost,Prediction,Valid
5693,2025-11-08,P010,2.4657022953033447,XGBoost,Prediction,Valid
5694,2025-11-09,P010,1.5781272649765017,XGBoost,Prediction,Valid
5695,2025-11-10,P010,1.7822519540786743,XGBoost,Prediction,Valid
5696,2025-11-11,P010,1.8295131921768188,XGBoost,Prediction,Valid
5697,2025-11-12,P010,1.6659082174301147,XGBoost,Prediction,Valid
5698,2025-11-13,P010,2.0851023197174072,XGBoost,Prediction,Valid
5699,2025-11-14,P010,2.146615505218506,XGBoost,Prediction,Valid
5700,2025-11-15,P010,1.8867497444152832,XGBoost,Prediction,Valid
5701,2025-11-16,P010,2.1824381351470947,XGBoost,Prediction,Valid
5702,2025-11-17,P010,1.21771502494812,XGBoost,Prediction,Valid
5703,2025-11-18,P010,1.6333023309707642,XGBoost,Prediction,Valid
5704,2025-11-19,P010,3.0858137607574463,XGBoost,Prediction,Valid
5705,2025-11-20,P010,1.730378031730652,XGBoost,Prediction,Valid
5706,2025-11-21,P010,1.5021620988845823,XGBoost,Prediction,Valid
5707,2025-11-22,P010,2.065675735473633,XGBoost,Prediction,Valid
5708,2025-11-23,P010,2.557041883468628,XGBoost,Prediction,Valid
5709,2025-11-24,P010,1.9481513500213623,XGBoost,Prediction,Valid
5710,2025-09-15,P011,2.044990539550781,XGBoost,Prediction,Valid
5711,2025-09-16,P011,2.7466788291931152,XGBoost,Prediction,Valid
5712,2025-09-17,P011,1.6960117816925049,XGBoost,Prediction,Valid
5713,2025-09-18,P011,2.119412422180176,XGBoost,Prediction,Valid
5714,2025-09-19,P011,2.4177188873291016,XGBoost,Prediction,Valid
5715,2025-09-20,P011,2.599301338195801,XGBoost,Prediction,Valid
5716,2025-09-21,P011,1.6520484685897827,XGBoost,Prediction,Valid
5717,2025-09-22,P011,2.926612138748169,XGBoost,Prediction,Valid
5718,2025-09-23,P011,2.542006492614746,XGBoost,Prediction,Valid
5719,2025-09-24,P011,2.0796260833740234,XGBoost,Prediction,Valid
5720,2025-09-25,P011,2.3218793869018555,XGBoost,Prediction,Valid
5721,2025-09-26,P011,1.9815773963928225,XGBoost,Prediction,Valid
5722,2025-09-27,P011,2.502382755279541,XGBoost,Prediction,Valid
5723,2025-09-28,P011,2.317007780075073,XGBoost,Prediction,Valid
5724,2025-09-29,P011,2.439847469329834,XGBoost,Prediction,Valid
5725,2025-09-30,P011,2.2987961769104004,XGBoost,Prediction,Valid
5726,2025-10-01,P011,2.87231969833374,XGBoost,Prediction,Valid
5727,2025-10-02,P011,2.38205361366272,XGBoost,Prediction,Valid
5728,2025-10-03,P011,2.410123825073242,XGBoost,Prediction,Valid
5729,2025-10-04,P011,2.3355202674865723,XGBoost,Prediction,Valid
5730,2025-10-05,P011,2.05657958984375,XGBoost,Prediction,Valid
5731,2025-10-06,P011,1.8435373306274412,XGBoost,Prediction,Valid
5732,2025-10-07,P011,1.9158189296722408,XGBoost,Prediction,Valid
5733,2025-10-08,P011,2.08196234703064,XGBoost,Prediction,Valid
5734,2025-10-09,P011,2.3557920455932617,XGBoost,Prediction,Valid
5735,2025-10-10,P011,1.8168315887451167,XGBoost,Prediction,Valid
5736,2025-10-11,P011,1.7333606481552124,XGBoost,Prediction,Valid
5737,2025-10-12,P011,2.604250431060791,XGBoost,Prediction,Valid
5738,2025-10-13,P011,1.959527850151062,XGBoost,Prediction,Valid
5739,2025-10-14,P011,1.8098262548446653,XGBoost,Prediction,Valid
5740,2025-10-15,P011,2.1979358196258545,XGBoost,Prediction,Valid
5741,2025-10-16,P011,2.1580491065979004,XGBoost,Prediction,Valid
5742,2025-10-17,P011,1.6941639184951782,XGBoost,Prediction,Valid
5743,2025-10-18,P011,2.0633904933929443,XGBoost,Prediction,Valid
5744,2025-10-19,P011,2.358880043029785,XGBoost,Prediction,Valid
5745,2025-10-20,P011,1.8453781604766848,XGBoost,Prediction,Valid
5746,2025-10-21,P011,1.6649858951568604,XGBoost,Prediction,Valid
5747,2025-10-22,P011,1.713245868682861,XGBoost,Prediction,Valid
5748,2025-10-23,P011,1.941749930381775,XGBoost,Prediction,Valid
5749,2025-10-24,P011,2.0027406215667725,XGBoost,Prediction,Valid
5750,2025-10-25,P011,1.7436370849609375,XGBoost,Prediction,Valid
5751,2025-10-26,P011,2.121143341064453,XGBoost,Prediction,Valid
5752,2025-10-27,P011,2.222949504852295,XGBoost,Prediction,Valid
5753,2025-10-28,P011,2.577425241470337,XGBoost,Prediction,Valid
5754,2025-10-29,P011,2.8063952922821045,XGBoost,Prediction,Valid
5755,2025-10-30,P011,1.8373136520385744,XGBoost,Prediction,Valid
5756,2025-10-31,P011,2.67974591255188,XGBoost,Prediction,Valid
5757,2025-11-01,P011,1.788078784942627,XGBoost,Prediction,Valid
5758,2025-11-02,P011,3.112159252166748,XGBoost,Prediction,Valid
5759,2025-11-03,P011,1.9403502941131592,XGBoost,Prediction,Valid
5760,2025-11-04,P011,2.772868156433105,XGBoost,Prediction,Valid
5761,2025-11-05,P011,2.43245005607605,XGBoost,Prediction,Valid
5762,2025-11-06,P011,2.247788667678833,XGBoost,Prediction,Valid
5763,2025-11-07,P011,2.0291755199432373,XGBoost,Prediction,Valid
5764,2025-11-08,P011,2.077432632446289,XGBoost,Prediction,Valid
5765,2025-11-09,P011,2.4318015575408936,XGBoost,Prediction,Valid
5766,2025-11-10,P011,2.259529590606689,XGBoost,Prediction,Valid
5767,2025-11-11,P011,1.7092124223709106,XGBoost,Prediction,Valid
5768,2025-11-12,P011,1.9560166597366333,XGBoost,Prediction,Valid
5769,2025-11-13,P011,2.43876314163208,XGBoost,Prediction,Valid
5770,2025-11-14,P011,1.7102497816085815,XGBoost,Prediction,Valid
5771,2025-11-15,P011,2.1059601306915283,XGBoost,Prediction,Valid
5772,2025-11-16,P011,2.202194929122925,XGBoost,Prediction,Valid
5773,2025-11-17,P011,1.657895803451538,XGBoost,Prediction,Valid
5774,2025-11-18,P011,1.9042478799819944,XGBoost,Prediction,Valid
5775,2025-11-19,P011,2.246001005172729,XGBoost,Prediction,Valid
5776,2025-11-20,P011,2.26282286643982,XGBoost,Prediction,Valid
5777,2025-11-21,P011,1.5790480375289917,XGBoost,Prediction,Valid
5778,2025-11-22,P011,2.3883166313171387,XGBoost,Prediction,Valid
5779,2025-11-23,P011,2.1480250358581543,XGBoost,Prediction,Valid
5780,2025-11-24,P011,2.9992010593414307,XGBoost,Prediction,Valid
5781,2025-09-15,P012,1.2308903932571411,XGBoost,Prediction,Valid
5782,2025-09-16,P012,1.6162971258163452,XGBoost,Prediction,Valid
5783,2025-09-17,P012,1.844493508338928,XGBoost,Prediction,Valid
5784,2025-09-18,P012,1.350121021270752,XGBoost,Prediction,Valid
5785,2025-09-19,P012,1.9798418283462524,XGBoost,Prediction,Valid
5786,2025-09-20,P012,2.065348863601685,XGBoost,Prediction,Valid
5787,2025-09-21,P012,2.0713019371032715,XGBoost,Prediction,Valid
5788,2025-09-22,P012,1.1198574304580688,XGBoost,Prediction,Valid
5789,2025-09-23,P012,2.205219984054565,XGBoost,Prediction,Valid
5790,2025-09-24,P012,2.039835214614868,XGBoost,Prediction,Valid
5791,2025-09-25,P012,2.104399919509888,XGBoost,Prediction,Valid
5792,2025-09-26,P012,1.636834979057312,XGBoost,Prediction,Valid
5793,2025-09-27,P012,1.2921760082244873,XGBoost,Prediction,Valid
5794,2025-09-28,P012,1.5505268573760986,XGBoost,Prediction,Valid
5795,2025-09-29,P012,2.170443296432495,XGBoost,Prediction,Valid
5796,2025-09-30,P012,2.676189422607422,XGBoost,Prediction,Valid
5797,2025-10-01,P012,1.7708661556243896,XGBoost,Prediction,Valid
5798,2025-10-02,P012,2.0337555408477783,XGBoost,Prediction,Valid
5799,2025-10-03,P012,1.8376080989837649,XGBoost,Prediction,Valid
5800,2025-10-04,P012,2.499732494354248,XGBoost,Prediction,Valid
5801,2025-10-05,P012,1.769425868988037,XGBoost,Prediction,Valid
5802,2025-10-06,P012,2.684580087661743,XGBoost,Prediction,Valid
5803,2025-10-07,P012,2.204991817474365,XGBoost,Prediction,Valid
5804,2025-10-08,P012,1.7721586227416992,XGBoost,Prediction,Valid
5805,2025-10-09,P012,1.1589730978012085,XGBoost,Prediction,Valid
5806,2025-10-10,P012,1.434840440750122,XGBoost,Prediction,Valid
5807,2025-10-11,P012,2.263806104660034,XGBoost,Prediction,Valid
5808,2025-10-12,P012,1.7778568267822266,XGBoost,Prediction,Valid
5809,2025-10-13,P012,1.632339596748352,XGBoost,Prediction,Valid
5810,2025-10-14,P012,2.647430419921875,XGBoost,Prediction,Valid
5811,2025-10-15,P012,1.2358758449554443,XGBoost,Prediction,Valid
5812,2025-10-16,P012,1.0446763038635254,XGBoost,Prediction,Valid
5813,2025-10-17,P012,1.785381555557251,XGBoost,Prediction,Valid
5814,2025-10-18,P012,2.12194299697876,XGBoost,Prediction,Valid
5815,2025-10-19,P012,1.9106651544570925,XGBoost,Prediction,Valid
5816,2025-10-20,P012,1.7387773990631104,XGBoost,Prediction,Valid
5817,2025-10-21,P012,1.4053492546081543,XGBoost,Prediction,Valid
5818,2025-10-22,P012,2.568542003631592,XGBoost,Prediction,Valid
5819,2025-10-23,P012,1.529707670211792,XGBoost,Prediction,Valid
5820,2025-10-24,P012,2.4198734760284424,XGBoost,Prediction,Valid
5821,2025-10-25,P012,1.6343621015548706,XGBoost,Prediction,Valid
5822,2025-10-26,P012,1.4655156135559082,XGBoost,Prediction,Valid
5823,2025-10-27,P012,1.985265135765076,XGBoost,Prediction,Valid
5824,2025-10-28,P012,1.1720664501190186,XGBoost,Prediction,Valid
5825,2025-10-29,P012,1.5583271980285645,XGBoost,Prediction,Valid
5826,2025-10-30,P012,1.3686330318450928,XGBoost,Prediction,Valid
5827,2025-10-31,P012,2.011654853820801,XGBoost,Prediction,Valid
5828,2025-11-01,P012,2.0627686977386475,XGBoost,Prediction,Valid
5829,2025-11-02,P012,1.1951444149017334,XGBoost,Prediction,Valid
5830,2025-11-03,P012,1.8396921157836916,XGBoost,Prediction,Valid
5831,2025-11-04,P012,1.4974632263183594,XGBoost,Prediction,Valid
5832,2025-11-05,P012,1.970866680145264,XGBoost,Prediction,Valid
5833,2025-11-06,P012,2.0749478340148926,XGBoost,Prediction,Valid
5834,2025-11-07,P012,2.157442808151245,XGBoost,Prediction,Valid
5835,2025-11-08,P012,1.313196301460266,XGBoost,Prediction,Valid
5836,2025-11-09,P012,1.7314456701278689,XGBoost,Prediction,Valid
5837,2025-11-10,P012,1.6028577089309692,XGBoost,Prediction,Valid
5838,2025-11-11,P012,1.9965221881866453,XGBoost,Prediction,Valid
5839,2025-11-12,P012,1.266530990600586,XGBoost,Prediction,Valid
5840,2025-11-13,P012,1.004418134689331,XGBoost,Prediction,Valid
5841,2025-11-14,P012,2.141861915588379,XGBoost,Prediction,Valid
5842,2025-11-15,P012,1.650541067123413,XGBoost,Prediction,Valid
5843,2025-11-16,P012,1.6281307935714722,XGBoost,Prediction,Valid
5844,2025-11-17,P012,1.892775058746338,XGBoost,Prediction,Valid
5845,2025-11-18,P012,1.3173052072525024,XGBoost,Prediction,Valid
5846,2025-11-19,P012,1.2074730396270752,XGBoost,Prediction,Valid
5847,2025-11-20,P012,1.8833603858947756,XGBoost,Prediction,Valid
5848,2025-11-21,P012,2.5177342891693115,XGBoost,Prediction,Valid
5849,2025-11-22,P012,1.5779999494552612,XGBoost,Prediction,Valid
5850,2025-11-23,P012,1.3034898042678833,XGBoost,Prediction,Valid
5851,2025-11-24,P012,1.489001750946045,XGBoost,Prediction,Valid
5852,2025-09-15,P013,1.7745463848114014,XGBoost,Prediction,Valid
5853,2025-09-16,P013,2.107263326644897,XGBoost,Prediction,Valid
5854,2025-09-17,P013,1.5329158306121826,XGBoost,Prediction,Valid
5855,2025-09-18,P013,2.8753316402435303,XGBoost,Prediction,Valid
5856,2025-09-19,P013,1.6827257871627808,XGBoost,Prediction,Valid
5857,2025-09-20,P013,1.9229365587234497,XGBoost,Prediction,Valid
5858,2025-09-21,P013,2.0785787105560303,XGBoost,Prediction,Valid
5859,2025-09-22,P013,1.839033603668213,XGBoost,Prediction,Valid
5860,2025-09-23,P013,2.5143871307373047,XGBoost,Prediction,Valid
5861,2025-09-24,P013,2.2073004245758057,XGBoost,Prediction,Valid
5862,2025-09-25,P013,2.2824110984802246,XGBoost,Prediction,Valid
5863,2025-09-26,P013,1.458619475364685,XGBoost,Prediction,Valid
5864,2025-09-27,P013,1.9396005868911743,XGBoost,Prediction,Valid
5865,2025-09-28,P013,2.002446413040161,XGBoost,Prediction,Valid
5866,2025-09-29,P013,1.5543407201766968,XGBoost,Prediction,Valid
5867,2025-09-30,P013,2.1852710247039795,XGBoost,Prediction,Valid
5868,2025-10-01,P013,2.008091449737549,XGBoost,Prediction,Valid
5869,2025-10-02,P013,2.10821533203125,XGBoost,Prediction,Valid
5870,2025-10-03,P013,2.6473708152771,XGBoost,Prediction,Valid
5871,2025-10-04,P013,2.270510196685791,XGBoost,Prediction,Valid
5872,2025-10-05,P013,1.7625281810760498,XGBoost,Prediction,Valid
5873,2025-10-06,P013,2.064938306808472,XGBoost,Prediction,Valid
5874,2025-10-07,P013,2.547417163848877,XGBoost,Prediction,Valid
5875,2025-10-08,P013,1.4730658531188965,XGBoost,Prediction,Valid
5876,2025-10-09,P013,2.317323684692383,XGBoost,Prediction,Valid
5877,2025-10-10,P013,1.638644456863403,XGBoost,Prediction,Valid
5878,2025-10-11,P013,1.704382300376892,XGBoost,Prediction,Valid
5879,2025-10-12,P013,2.30188250541687,XGBoost,Prediction,Valid
5880,2025-10-13,P013,1.2261905670166016,XGBoost,Prediction,Valid
5881,2025-10-14,P013,2.0380160808563232,XGBoost,Prediction,Valid
5882,2025-10-15,P013,2.755077838897705,XGBoost,Prediction,Valid
5883,2025-10-16,P013,1.4327948093414309,XGBoost,Prediction,Valid
5884,2025-10-17,P013,1.7242481708526611,XGBoost,Prediction,Valid
5885,2025-10-18,P013,1.3346267938613892,XGBoost,Prediction,Valid
5886,2025-10-19,P013,1.14327871799469,XGBoost,Prediction,Valid
5887,2025-10-20,P013,2.378116607666016,XGBoost,Prediction,Valid
5888,2025-10-21,P013,1.3945246934890747,XGBoost,Prediction,Valid
5889,2025-10-22,P013,1.505285382270813,XGBoost,Prediction,Valid
5890,2025-10-23,P013,1.590693116188049,XGBoost,Prediction,Valid
5891,2025-10-24,P013,2.188009262084961,XGBoost,Prediction,Valid
5892,2025-10-25,P013,2.433799743652344,XGBoost,Prediction,Valid
5893,2025-10-26,P013,1.7945581674575806,XGBoost,Prediction,Valid
5894,2025-10-27,P013,2.052034616470337,XGBoost,Prediction,Valid
5895,2025-10-28,P013,2.084264039993286,XGBoost,Prediction,Valid
5896,2025-10-29,P013,1.9379465579986568,XGBoost,Prediction,Valid
5897,2025-10-30,P013,2.09692931175232,XGBoost,Prediction,Valid
5898,2025-10-31,P013,2.4747610092163086,XGBoost,Prediction,Valid
5899,2025-11-01,P013,2.34788179397583,XGBoost,Prediction,Valid
5900,2025-11-02,P013,1.476015567779541,XGBoost,Prediction,Valid
5901,2025-11-03,P013,1.7106512784957886,XGBoost,Prediction,Valid
5902,2025-11-04,P013,2.282809972763061,XGBoost,Prediction,Valid
5903,2025-11-05,P013,2.0056543350219727,XGBoost,Prediction,Valid
5904,2025-11-06,P013,2.488908529281616,XGBoost,Prediction,Valid
5905,2025-11-07,P013,2.064438819885254,XGBoost,Prediction,Valid
5906,2025-11-08,P013,1.89490270614624,XGBoost,Prediction,Valid
5907,2025-11-09,P013,1.6522005796432495,XGBoost,Prediction,Valid
5908,2025-11-10,P013,2.311938524246216,XGBoost,Prediction,Valid
5909,2025-11-11,P013,1.9457483291625977,XGBoost,Prediction,Valid
5910,2025-11-12,P013,1.6544796228408811,XGBoost,Prediction,Valid
5911,2025-11-13,P013,1.539513111114502,XGBoost,Prediction,Valid
5912,2025-11-14,P013,1.8584895133972168,XGBoost,Prediction,Valid
5913,2025-11-15,P013,1.808600902557373,XGBoost,Prediction,Valid
5914,2025-11-16,P013,2.288289785385132,XGBoost,Prediction,Valid
5915,2025-11-17,P013,1.8761441707611084,XGBoost,Prediction,Valid
5916,2025-11-18,P013,1.1250437498092651,XGBoost,Prediction,Valid
5917,2025-11-19,P013,1.9131397008895876,XGBoost,Prediction,Valid
5918,2025-11-20,P013,1.7053486108779907,XGBoost,Prediction,Valid
5919,2025-11-21,P013,1.6131614446640017,XGBoost,Prediction,Valid
5920,2025-11-22,P013,2.968367338180542,XGBoost,Prediction,Valid
5921,2025-11-23,P013,1.8336188793182373,XGBoost,Prediction,Valid
5922,2025-11-24,P013,2.5421559810638428,XGBoost,Prediction,Valid
5923,2025-09-15,P014,2.0752971172332764,XGBoost,Prediction,Valid
5924,2025-09-16,P014,1.5961549282073977,XGBoost,Prediction,Valid
5925,2025-09-17,P014,2.155996561050415,XGBoost,Prediction,Valid
5926,2025-09-18,P014,2.162353038787842,XGBoost,Prediction,Valid
5927,2025-09-19,P014,3.0703654289245605,XGBoost,Prediction,Valid
5928,2025-09-20,P014,2.026962995529175,XGBoost,Prediction,Valid
5929,2025-09-21,P014,2.333648443222046,XGBoost,Prediction,Valid
5930,2025-09-22,P014,1.595590591430664,XGBoost,Prediction,Valid
5931,2025-09-23,P014,2.1367621421813965,XGBoost,Prediction,Valid
5932,2025-09-24,P014,2.5557503700256348,XGBoost,Prediction,Valid
5933,2025-09-25,P014,2.43122935295105,XGBoost,Prediction,Valid
5934,2025-09-26,P014,2.0426414012908936,XGBoost,Prediction,Valid
5935,2025-09-27,P014,2.5270824432373047,XGBoost,Prediction,Valid
5936,2025-09-28,P014,2.3833038806915283,XGBoost,Prediction,Valid
5937,2025-09-29,P014,2.4431302547454834,XGBoost,Prediction,Valid
5938,2025-09-30,P014,2.269285202026367,XGBoost,Prediction,Valid
5939,2025-10-01,P014,2.199728012084961,XGBoost,Prediction,Valid
5940,2025-10-02,P014,2.0666606426239014,XGBoost,Prediction,Valid
5941,2025-10-03,P014,2.087671995162964,XGBoost,Prediction,Valid
5942,2025-10-04,P014,1.5272197723388672,XGBoost,Prediction,Valid
5943,2025-10-05,P014,2.479832649230957,XGBoost,Prediction,Valid
5944,2025-10-06,P014,2.786473035812378,XGBoost,Prediction,Valid
5945,2025-10-07,P014,1.2430275678634644,XGBoost,Prediction,Valid
5946,2025-10-08,P014,1.7385362386703491,XGBoost,Prediction,Valid
5947,2025-10-09,P014,2.772711038589477,XGBoost,Prediction,Valid
5948,2025-10-10,P014,1.7785552740097046,XGBoost,Prediction,Valid
5949,2025-10-11,P014,1.9661325216293333,XGBoost,Prediction,Valid
5950,2025-10-12,P014,2.250796318054199,XGBoost,Prediction,Valid
5951,2025-10-13,P014,1.947906255722046,XGBoost,Prediction,Valid
5952,2025-10-14,P014,1.5832957029342651,XGBoost,Prediction,Valid
5953,2025-10-15,P014,3.639874458312988,XGBoost,Prediction,Valid
5954,2025-10-16,P014,2.117451429367065,XGBoost,Prediction,Valid
5955,2025-10-17,P014,2.0136334896087646,XGBoost,Prediction,Valid
5956,2025-10-18,P014,1.9773743152618408,XGBoost,Prediction,Valid
5957,2025-10-19,P014,2.0165810585021973,XGBoost,Prediction,Valid
5958,2025-10-20,P014,3.018599510192871,XGBoost,Prediction,Valid
5959,2025-10-21,P014,1.8689658641815183,XGBoost,Prediction,Valid
5960,2025-10-22,P014,1.6312001943588257,XGBoost,Prediction,Valid
5961,2025-10-23,P014,2.2797605991363525,XGBoost,Prediction,Valid
5962,2025-10-24,P014,2.579193592071533,XGBoost,Prediction,Valid
5963,2025-10-25,P014,3.06640887260437,XGBoost,Prediction,Valid
5964,2025-10-26,P014,2.700783491134644,XGBoost,Prediction,Valid
5965,2025-10-27,P014,2.272136688232422,XGBoost,Prediction,Valid
5966,2025-10-28,P014,1.8857884407043457,XGBoost,Prediction,Valid
5967,2025-10-29,P014,1.5021169185638428,XGBoost,Prediction,Valid
5968,2025-10-30,P014,2.2069690227508545,XGBoost,Prediction,Valid
5969,2025-10-31,P014,2.603481769561768,XGBoost,Prediction,Valid
5970,2025-11-01,P014,2.1793408393859863,XGBoost,Prediction,Valid
5971,2025-11-02,P014,1.6818671226501465,XGBoost,Prediction,Valid
5972,2025-11-03,P014,2.214163064956665,XGBoost,Prediction,Valid
5973,2025-11-04,P014,2.208827018737793,XGBoost,Prediction,Valid
5974,2025-11-05,P014,2.2763068675994877,XGBoost,Prediction,Valid
5975,2025-11-06,P014,2.1274235248565674,XGBoost,Prediction,Valid
5976,2025-11-07,P014,1.8404337167739868,XGBoost,Prediction,Valid
5977,2025-11-08,P014,1.797085523605347,XGBoost,Prediction,Valid
5978,2025-11-09,P014,2.1730399131774902,XGBoost,Prediction,Valid
5979,2025-11-10,P014,2.1437907218933105,XGBoost,Prediction,Valid
5980,2025-11-11,P014,2.4666876792907715,XGBoost,Prediction,Valid
5981,2025-11-12,P014,1.568186640739441,XGBoost,Prediction,Valid
5982,2025-11-13,P014,2.325525522232056,XGBoost,Prediction,Valid
5983,2025-11-14,P014,2.256248235702514,XGBoost,Prediction,Valid
5984,2025-11-15,P014,2.089116334915161,XGBoost,Prediction,Valid
5985,2025-11-16,P014,1.6450321674346924,XGBoost,Prediction,Valid
5986,2025-11-17,P014,1.7389030456542969,XGBoost,Prediction,Valid
5987,2025-11-18,P014,2.4385018348693848,XGBoost,Prediction,Valid
5988,2025-11-19,P014,2.9816038608551025,XGBoost,Prediction,Valid
5989,2025-11-20,P014,2.287463665008545,XGBoost,Prediction,Valid
5990,2025-11-21,P014,1.77768075466156,XGBoost,Prediction,Valid
5991,2025-11-22,P014,1.758220672607422,XGBoost,Prediction,Valid
5992,2025-11-23,P014,2.821645498275757,XGBoost,Prediction,Valid
5993,2025-11-24,P014,2.598783493041992,XGBoost,Prediction,Valid
5994,2025-09-15,P015,2.441414356231689,XGBoost,Prediction,Valid
5995,2025-09-16,P015,1.817000150680542,XGBoost,Prediction,Valid
5996,2025-09-17,P015,2.1290688514709477,XGBoost,Prediction,Valid
5997,2025-09-18,P015,1.9189743995666504,XGBoost,Prediction,Valid
5998,2025-09-19,P015,1.9831180572509768,XGBoost,Prediction,Valid
5999,2025-09-20,P015,2.739699125289917,XGBoost,Prediction,Valid
6000,2025-09-21,P015,2.2456159591674805,XGBoost,Prediction,Valid
6001,2025-09-22,P015,2.5242040157318115,XGBoost,Prediction,Valid
6002,2025-09-23,P015,1.870041847229004,XGBoost,Prediction,Valid
6003,2025-09-24,P015,2.3362414836883545,XGBoost,Prediction,Valid
6004,2025-09-25,P015,2.214526891708374,XGBoost,Prediction,Valid
6005,2025-09-26,P015,2.4888925552368164,XGBoost,Prediction,Valid
6006,2025-09-27,P015,2.272132396697998,XGBoost,Prediction,Valid
6007,2025-09-28,P015,2.3070342540740967,XGBoost,Prediction,Valid
6008,2025-09-29,P015,2.362709283828736,XGBoost,Prediction,Valid
6009,2025-09-30,P015,2.442134380340576,XGBoost,Prediction,Valid
6010,2025-10-01,P015,2.154228448867798,XGBoost,Prediction,Valid
6011,2025-10-02,P015,1.9140992164611816,XGBoost,Prediction,Valid
6012,2025-10-03,P015,2.2709009647369385,XGBoost,Prediction,Valid
6013,2025-10-04,P015,1.62873375415802,XGBoost,Prediction,Valid
6014,2025-10-05,P015,2.713172912597656,XGBoost,Prediction,Valid
6015,2025-10-06,P015,2.1351892948150635,XGBoost,Prediction,Valid
6016,2025-10-07,P015,1.849811673164368,XGBoost,Prediction,Valid
6017,2025-10-08,P015,1.871729850769043,XGBoost,Prediction,Valid
6018,2025-10-09,P015,2.932202100753784,XGBoost,Prediction,Valid
6019,2025-10-10,P015,2.166485071182251,XGBoost,Prediction,Valid
6020,2025-10-11,P015,1.7386620044708252,XGBoost,Prediction,Valid
6021,2025-10-12,P015,2.129190444946289,XGBoost,Prediction,Valid
6022,2025-10-13,P015,1.756810188293457,XGBoost,Prediction,Valid
6023,2025-10-14,P015,2.687925338745117,XGBoost,Prediction,Valid
6024,2025-10-15,P015,1.4162861108779907,XGBoost,Prediction,Valid
6025,2025-10-16,P015,2.51755166053772,XGBoost,Prediction,Valid
6026,2025-10-17,P015,2.1330320835113525,XGBoost,Prediction,Valid
6027,2025-10-18,P015,2.3269195556640625,XGBoost,Prediction,Valid
6028,2025-10-19,P015,1.7102510929107666,XGBoost,Prediction,Valid
6029,2025-10-20,P015,2.431830406188965,XGBoost,Prediction,Valid
6030,2025-10-21,P015,2.2505886554718018,XGBoost,Prediction,Valid
6031,2025-10-22,P015,1.9015443325042725,XGBoost,Prediction,Valid
6032,2025-10-23,P015,2.8578333854675293,XGBoost,Prediction,Valid
6033,2025-10-24,P015,2.062529802322388,XGBoost,Prediction,Valid
6034,2025-10-25,P015,2.0749032497406006,XGBoost,Prediction,Valid
6035,2025-10-26,P015,1.9740900993347168,XGBoost,Prediction,Valid
6036,2025-10-27,P015,3.3749923706054688,XGBoost,Prediction,Valid
6037,2025-10-28,P015,2.017417430877685,XGBoost,Prediction,Valid
6038,2025-10-29,P015,2.139396905899048,XGBoost,Prediction,Valid
6039,2025-10-30,P015,2.4806506633758545,XGBoost,Prediction,Valid
6040,2025-10-31,P015,2.5871894359588623,XGBoost,Prediction,Valid
6041,2025-11-01,P015,1.8610835075378416,XGBoost,Prediction,Valid
6042,2025-11-02,P015,2.1551520824432373,XGBoost,Prediction,Valid
6043,2025-11-03,P015,1.835814476013184,XGBoost,Prediction,Valid
6044,2025-11-04,P015,3.076223373413086,XGBoost,Prediction,Valid
6045,2025-11-05,P015,1.8427801132202148,XGBoost,Prediction,Valid
6046,2025-11-06,P015,2.909840583801269,XGBoost,Prediction,Valid
6047,2025-11-07,P015,2.719838380813598,XGBoost,Prediction,Valid
6048,2025-11-08,P015,2.016322374343872,XGBoost,Prediction,Valid
6049,2025-11-09,P015,1.9064797163009644,XGBoost,Prediction,Valid
6050,2025-11-10,P015,2.991974353790283,XGBoost,Prediction,Valid
6051,2025-11-11,P015,2.3495032787323,XGBoost,Prediction,Valid
6052,2025-11-12,P015,2.223132371902466,XGBoost,Prediction,Valid
6053,2025-11-13,P015,1.898388147354126,XGBoost,Prediction,Valid
6054,2025-11-14,P015,2.65917706489563,XGBoost,Prediction,Valid
6055,2025-11-15,P015,1.8201364278793333,XGBoost,Prediction,Valid
6056,2025-11-16,P015,2.4557478427886963,XGBoost,Prediction,Valid
6057,2025-11-17,P015,1.5955545902252195,XGBoost,Prediction,Valid
6058,2025-11-18,P015,2.3727588653564453,XGBoost,Prediction,Valid
6059,2025-11-19,P015,2.2243218421936035,XGBoost,Prediction,Valid
6060,2025-11-20,P015,3.5372390747070312,XGBoost,Prediction,Valid
6061,2025-11-21,P015,2.842243432998657,XGBoost,Prediction,Valid
6062,2025-11-22,P015,2.265359401702881,XGBoost,Prediction,Valid
6063,2025-11-23,P015,1.881985068321228,XGBoost,Prediction,Valid
6064,2025-11-24,P015,2.7940146923065186,XGBoost,Prediction,Valid
6065,2025-09-15,P016,1.806264281272888,XGBoost,Prediction,Valid
6066,2025-09-16,P016,2.1630680561065674,XGBoost,Prediction,Valid
6067,2025-09-17,P016,2.210967302322388,XGBoost,Prediction,Valid
6068,2025-09-18,P016,2.139522790908813,XGBoost,Prediction,Valid
6069,2025-09-19,P016,1.9757448434829712,XGBoost,Prediction,Valid
6070,2025-09-20,P016,1.7065986394882202,XGBoost,Prediction,Valid
6071,2025-09-21,P016,2.048558235168457,XGBoost,Prediction,Valid
6072,2025-09-22,P016,1.9180911779403689,XGBoost,Prediction,Valid
6073,2025-09-23,P016,1.9358298778533936,XGBoost,Prediction,Valid
6074,2025-09-24,P016,2.2599213123321533,XGBoost,Prediction,Valid
6075,2025-09-25,P016,1.9006041288375852,XGBoost,Prediction,Valid
6076,2025-09-26,P016,2.1960291862487797,XGBoost,Prediction,Valid
6077,2025-09-27,P016,2.0795907974243164,XGBoost,Prediction,Valid
6078,2025-09-28,P016,2.9951095581054688,XGBoost,Prediction,Valid
6079,2025-09-29,P016,1.9156700372695925,XGBoost,Prediction,Valid
6080,2025-09-30,P016,2.761216878890991,XGBoost,Prediction,Valid
6081,2025-10-01,P016,1.57100510597229,XGBoost,Prediction,Valid
6082,2025-10-02,P016,1.678915023803711,XGBoost,Prediction,Valid
6083,2025-10-03,P016,2.6179232597351074,XGBoost,Prediction,Valid
6084,2025-10-04,P016,2.0688390731811523,XGBoost,Prediction,Valid
6085,2025-10-05,P016,1.995792031288147,XGBoost,Prediction,Valid
6086,2025-10-06,P016,1.6780142784118652,XGBoost,Prediction,Valid
6087,2025-10-07,P016,1.9117531776428225,XGBoost,Prediction,Valid
6088,2025-10-08,P016,1.8522685766220093,XGBoost,Prediction,Valid
6089,2025-10-09,P016,1.5342814922332764,XGBoost,Prediction,Valid
6090,2025-10-10,P016,1.7724225521087646,XGBoost,Prediction,Valid
6091,2025-10-11,P016,1.5827760696411133,XGBoost,Prediction,Valid
6092,2025-10-12,P016,2.469918727874756,XGBoost,Prediction,Valid
6093,2025-10-13,P016,1.580236792564392,XGBoost,Prediction,Valid
6094,2025-10-14,P016,1.675442099571228,XGBoost,Prediction,Valid
6095,2025-10-15,P016,2.129372358322144,XGBoost,Prediction,Valid
6096,2025-10-16,P016,1.4000811576843262,XGBoost,Prediction,Valid
6097,2025-10-17,P016,1.7421399354934692,XGBoost,Prediction,Valid
6098,2025-10-18,P016,2.443983554840088,XGBoost,Prediction,Valid
6099,2025-10-19,P016,1.7389928102493286,XGBoost,Prediction,Valid
6100,2025-10-20,P016,2.524296283721924,XGBoost,Prediction,Valid
6101,2025-10-21,P016,1.256935954093933,XGBoost,Prediction,Valid
6102,2025-10-22,P016,1.749906063079834,XGBoost,Prediction,Valid
6103,2025-10-23,P016,2.2275631427764893,XGBoost,Prediction,Valid
6104,2025-10-24,P016,2.559474468231201,XGBoost,Prediction,Valid
6105,2025-10-25,P016,1.2462996244430542,XGBoost,Prediction,Valid
6106,2025-10-26,P016,2.561479091644287,XGBoost,Prediction,Valid
6107,2025-10-27,P016,1.7753397226333618,XGBoost,Prediction,Valid
6108,2025-10-28,P016,1.5936025381088257,XGBoost,Prediction,Valid
6109,2025-10-29,P016,1.5430467128753662,XGBoost,Prediction,Valid
6110,2025-10-30,P016,2.483919858932495,XGBoost,Prediction,Valid
6111,2025-10-31,P016,1.9185221195220947,XGBoost,Prediction,Valid
6112,2025-11-01,P016,2.0876898765563965,XGBoost,Prediction,Valid
6113,2025-11-02,P016,1.9342540502548216,XGBoost,Prediction,Valid
6114,2025-11-03,P016,1.52942955493927,XGBoost,Prediction,Valid
6115,2025-11-04,P016,2.3215994834899902,XGBoost,Prediction,Valid
6116,2025-11-05,P016,2.565319776535034,XGBoost,Prediction,Valid
6117,2025-11-06,P016,2.430661916732788,XGBoost,Prediction,Valid
6118,2025-11-07,P016,2.1987967491149902,XGBoost,Prediction,Valid
6119,2025-11-08,P016,2.134000301361084,XGBoost,Prediction,Valid
6120,2025-11-09,P016,1.2583701610565186,XGBoost,Prediction,Valid
6121,2025-11-10,P016,2.61603045463562,XGBoost,Prediction,Valid
6122,2025-11-11,P016,1.9061139822006223,XGBoost,Prediction,Valid
6123,2025-11-12,P016,1.5725399255752563,XGBoost,Prediction,Valid
6124,2025-11-13,P016,2.476890087127685,XGBoost,Prediction,Valid
6125,2025-11-14,P016,2.071784496307373,XGBoost,Prediction,Valid
6126,2025-11-15,P016,1.7929474115371704,XGBoost,Prediction,Valid
6127,2025-11-16,P016,1.955953598022461,XGBoost,Prediction,Valid
6128,2025-11-17,P016,1.762430191040039,XGBoost,Prediction,Valid
6129,2025-11-18,P016,1.9455620050430296,XGBoost,Prediction,Valid
6130,2025-11-19,P016,1.4362661838531494,XGBoost,Prediction,Valid
6131,2025-11-20,P016,1.6633211374282837,XGBoost,Prediction,Valid
6132,2025-11-21,P016,1.319382905960083,XGBoost,Prediction,Valid
6133,2025-11-22,P016,2.597185611724853,XGBoost,Prediction,Valid
6134,2025-11-23,P016,1.8477435111999512,XGBoost,Prediction,Valid
6135,2025-11-24,P016,1.893838167190552,XGBoost,Prediction,Valid
6136,2025-09-15,P017,1.6582391262054443,XGBoost,Prediction,Valid
6137,2025-09-16,P017,2.445905923843384,XGBoost,Prediction,Valid
6138,2025-09-17,P017,2.0598764419555664,XGBoost,Prediction,Valid
6139,2025-09-18,P017,2.533921241760254,XGBoost,Prediction,Valid
6140,2025-09-19,P017,2.6629767417907715,XGBoost,Prediction,Valid
6141,2025-09-20,P017,1.7990044355392456,XGBoost,Prediction,Valid
6142,2025-09-21,P017,2.0456557273864746,XGBoost,Prediction,Valid
6143,2025-09-22,P017,1.7380398511886597,XGBoost,Prediction,Valid
6144,2025-09-23,P017,1.7225488424301147,XGBoost,Prediction,Valid
6145,2025-09-24,P017,2.0056850910186768,XGBoost,Prediction,Valid
6146,2025-09-25,P017,1.6760326623916626,XGBoost,Prediction,Valid
6147,2025-09-26,P017,1.539949893951416,XGBoost,Prediction,Valid
6148,2025-09-27,P017,1.622543454170227,XGBoost,Prediction,Valid
6149,2025-09-28,P017,2.2116665840148926,XGBoost,Prediction,Valid
6150,2025-09-29,P017,1.636388063430786,XGBoost,Prediction,Valid
6151,2025-09-30,P017,1.7416229248046875,XGBoost,Prediction,Valid
6152,2025-10-01,P017,1.6464109420776367,XGBoost,Prediction,Valid
6153,2025-10-02,P017,2.6172995567321777,XGBoost,Prediction,Valid
6154,2025-10-03,P017,1.408705234527588,XGBoost,Prediction,Valid
6155,2025-10-04,P017,2.17083477973938,XGBoost,Prediction,Valid
6156,2025-10-05,P017,2.143351793289185,XGBoost,Prediction,Valid
6157,2025-10-06,P017,2.529872417449951,XGBoost,Prediction,Valid
6158,2025-10-07,P017,1.5684287548065186,XGBoost,Prediction,Valid
6159,2025-10-08,P017,1.2250968217849731,XGBoost,Prediction,Valid
6160,2025-10-09,P017,1.82950496673584,XGBoost,Prediction,Valid
6161,2025-10-10,P017,2.795117855072021,XGBoost,Prediction,Valid
6162,2025-10-11,P017,1.754542350769043,XGBoost,Prediction,Valid
6163,2025-10-12,P017,1.906324028968811,XGBoost,Prediction,Valid
6164,2025-10-13,P017,2.0360147953033447,XGBoost,Prediction,Valid
6165,2025-10-14,P017,2.2285966873168945,XGBoost,Prediction,Valid
6166,2025-10-15,P017,1.583266258239746,XGBoost,Prediction,Valid
6167,2025-10-16,P017,1.4019014835357666,XGBoost,Prediction,Valid
6168,2025-10-17,P017,2.1149916648864746,XGBoost,Prediction,Valid
6169,2025-10-18,P017,1.6770902872085571,XGBoost,Prediction,Valid
6170,2025-10-19,P017,1.8940917253494265,XGBoost,Prediction,Valid
6171,2025-10-20,P017,1.6809453964233398,XGBoost,Prediction,Valid
6172,2025-10-21,P017,1.665569305419922,XGBoost,Prediction,Valid
6173,2025-10-22,P017,2.105719566345215,XGBoost,Prediction,Valid
6174,2025-10-23,P017,1.8210604190826416,XGBoost,Prediction,Valid
6175,2025-10-24,P017,1.6135246753692627,XGBoost,Prediction,Valid
6176,2025-10-25,P017,1.6290993690490725,XGBoost,Prediction,Valid
6177,2025-10-26,P017,1.3294472694396973,XGBoost,Prediction,Valid
6178,2025-10-27,P017,1.6045348644256592,XGBoost,Prediction,Valid
6179,2025-10-28,P017,2.06695294380188,XGBoost,Prediction,Valid
6180,2025-10-29,P017,1.5150400400161743,XGBoost,Prediction,Valid
6181,2025-10-30,P017,3.01623010635376,XGBoost,Prediction,Valid
6182,2025-10-31,P017,2.347447395324707,XGBoost,Prediction,Valid
6183,2025-11-01,P017,2.1968960762023926,XGBoost,Prediction,Valid
6184,2025-11-02,P017,1.5186800956726074,XGBoost,Prediction,Valid
6185,2025-11-03,P017,2.3360464572906494,XGBoost,Prediction,Valid
6186,2025-11-04,P017,2.0297164916992188,XGBoost,Prediction,Valid
6187,2025-11-05,P017,2.273507595062256,XGBoost,Prediction,Valid
6188,2025-11-06,P017,2.3181092739105225,XGBoost,Prediction,Valid
6189,2025-11-07,P017,1.4369409084320068,XGBoost,Prediction,Valid
6190,2025-11-08,P017,1.3591673374176023,XGBoost,Prediction,Valid
6191,2025-11-09,P017,2.6618361473083496,XGBoost,Prediction,Valid
6192,2025-11-10,P017,2.506908178329468,XGBoost,Prediction,Valid
6193,2025-11-11,P017,2.305020332336426,XGBoost,Prediction,Valid
6194,2025-11-12,P017,2.022998571395874,XGBoost,Prediction,Valid
6195,2025-11-13,P017,2.2756059169769287,XGBoost,Prediction,Valid
6196,2025-11-14,P017,2.240932941436768,XGBoost,Prediction,Valid
6197,2025-11-15,P017,1.7521522045135498,XGBoost,Prediction,Valid
6198,2025-11-16,P017,1.871288537979126,XGBoost,Prediction,Valid
6199,2025-11-17,P017,1.875523328781128,XGBoost,Prediction,Valid
6200,2025-11-18,P017,1.896122932434082,XGBoost,Prediction,Valid
6201,2025-11-19,P017,2.975638628005981,XGBoost,Prediction,Valid
6202,2025-11-20,P017,2.0545923709869385,XGBoost,Prediction,Valid
6203,2025-11-21,P017,2.0243866443634038,XGBoost,Prediction,Valid
6204,2025-11-22,P017,2.7508463859558105,XGBoost,Prediction,Valid
6205,2025-11-23,P017,2.2622549533843994,XGBoost,Prediction,Valid
6206,2025-11-24,P017,2.4337892532348637,XGBoost,Prediction,Valid
6207,2025-09-15,P018,2.420647382736206,XGBoost,Prediction,Valid
6208,2025-09-16,P018,2.5704479217529297,XGBoost,Prediction,Valid
6209,2025-09-17,P018,2.331212520599365,XGBoost,Prediction,Valid
6210,2025-09-18,P018,2.4930078983306885,XGBoost,Prediction,Valid
6211,2025-09-19,P018,2.2642860412597656,XGBoost,Prediction,Valid
6212,2025-09-20,P018,3.566822052001953,XGBoost,Prediction,Valid
6213,2025-09-21,P018,1.8932154178619385,XGBoost,Prediction,Valid
6214,2025-09-22,P018,1.9456260204315183,XGBoost,Prediction,Valid
6215,2025-09-23,P018,2.991639852523804,XGBoost,Prediction,Valid
6216,2025-09-24,P018,1.8425129652023315,XGBoost,Prediction,Valid
6217,2025-09-25,P018,2.3825509548187256,XGBoost,Prediction,Valid
6218,2025-09-26,P018,1.7411080598831177,XGBoost,Prediction,Valid
6219,2025-09-27,P018,1.5175886154174805,XGBoost,Prediction,Valid
6220,2025-09-28,P018,2.4200477600097656,XGBoost,Prediction,Valid
6221,2025-09-29,P018,2.73337197303772,XGBoost,Prediction,Valid
6222,2025-09-30,P018,2.1353001594543457,XGBoost,Prediction,Valid
6223,2025-10-01,P018,2.062597751617432,XGBoost,Prediction,Valid
6224,2025-10-02,P018,2.687225818634033,XGBoost,Prediction,Valid
6225,2025-10-03,P018,1.9741003513336184,XGBoost,Prediction,Valid
6226,2025-10-04,P018,2.0996615886688232,XGBoost,Prediction,Valid
6227,2025-10-05,P018,2.6381735801696777,XGBoost,Prediction,Valid
6228,2025-10-06,P018,2.0178747177124023,XGBoost,Prediction,Valid
6229,2025-10-07,P018,1.8419080972671509,XGBoost,Prediction,Valid
6230,2025-10-08,P018,1.7601269483566284,XGBoost,Prediction,Valid
6231,2025-10-09,P018,2.260282516479492,XGBoost,Prediction,Valid
6232,2025-10-10,P018,1.9609644412994385,XGBoost,Prediction,Valid
6233,2025-10-11,P018,2.0240445137023926,XGBoost,Prediction,Valid
6234,2025-10-12,P018,2.20285439491272,XGBoost,Prediction,Valid
6235,2025-10-13,P018,2.1434743404388428,XGBoost,Prediction,Valid
6236,2025-10-14,P018,1.8011285066604614,XGBoost,Prediction,Valid
6237,2025-10-15,P018,2.0428285598754883,XGBoost,Prediction,Valid
6238,2025-10-16,P018,2.3922293186187744,XGBoost,Prediction,Valid
6239,2025-10-17,P018,2.494471788406372,XGBoost,Prediction,Valid
6240,2025-10-18,P018,1.775573968887329,XGBoost,Prediction,Valid
6241,2025-10-19,P018,1.5858449935913086,XGBoost,Prediction,Valid
6242,2025-10-20,P018,1.9093446731567385,XGBoost,Prediction,Valid
6243,2025-10-21,P018,3.028043270111084,XGBoost,Prediction,Valid
6244,2025-10-22,P018,2.450901985168457,XGBoost,Prediction,Valid
6245,2025-10-23,P018,2.4967644214630127,XGBoost,Prediction,Valid
6246,2025-10-24,P018,2.0190412998199463,XGBoost,Prediction,Valid
6247,2025-10-25,P018,2.597456693649292,XGBoost,Prediction,Valid
6248,2025-10-26,P018,2.124138116836548,XGBoost,Prediction,Valid
6249,2025-10-27,P018,1.7495251893997192,XGBoost,Prediction,Valid
6250,2025-10-28,P018,1.6492682695388794,XGBoost,Prediction,Valid
6251,2025-10-29,P018,2.5910887718200684,XGBoost,Prediction,Valid
6252,2025-10-30,P018,2.8216915130615234,XGBoost,Prediction,Valid
6253,2025-10-31,P018,3.473276376724243,XGBoost,Prediction,Valid
6254,2025-11-01,P018,2.449559211730957,XGBoost,Prediction,Valid
6255,2025-11-02,P018,2.5090696811676025,XGBoost,Prediction,Valid
6256,2025-11-03,P018,3.2322540283203125,XGBoost,Prediction,Valid
6257,2025-11-04,P018,2.6402218341827397,XGBoost,Prediction,Valid
6258,2025-11-05,P018,1.6780916452407837,XGBoost,Prediction,Valid
6259,2025-11-06,P018,2.330572843551636,XGBoost,Prediction,Valid
6260,2025-11-07,P018,2.1804091930389404,XGBoost,Prediction,Valid
6261,2025-11-08,P018,1.869277000427246,XGBoost,Prediction,Valid
6262,2025-11-09,P018,1.4171571731567385,XGBoost,Prediction,Valid
6263,2025-11-10,P018,2.3906469345092773,XGBoost,Prediction,Valid
6264,2025-11-11,P018,2.36950945854187,XGBoost,Prediction,Valid
6265,2025-11-12,P018,1.7505289316177368,XGBoost,Prediction,Valid
6266,2025-11-13,P018,1.5547949075698853,XGBoost,Prediction,Valid
6267,2025-11-14,P018,2.476627826690674,XGBoost,Prediction,Valid
6268,2025-11-15,P018,2.001705408096313,XGBoost,Prediction,Valid
6269,2025-11-16,P018,2.24967622756958,XGBoost,Prediction,Valid
6270,2025-11-17,P018,1.8862546682357788,XGBoost,Prediction,Valid
6271,2025-11-18,P018,2.147545099258423,XGBoost,Prediction,Valid
6272,2025-11-19,P018,2.547835350036621,XGBoost,Prediction,Valid
6273,2025-11-20,P018,2.2026307582855225,XGBoost,Prediction,Valid
6274,2025-11-21,P018,1.7028021812438965,XGBoost,Prediction,Valid
6275,2025-11-22,P018,1.5893497467041016,XGBoost,Prediction,Valid
6276,2025-11-23,P018,2.907240629196167,XGBoost,Prediction,Valid
6277,2025-11-24,P018,2.4058942794799805,XGBoost,Prediction,Valid
6278,2025-09-15,P019,1.8326971530914309,XGBoost,Prediction,Valid
6279,2025-09-16,P019,3.017252206802368,XGBoost,Prediction,Valid
6280,2025-09-17,P019,1.826076865196228,XGBoost,Prediction,Valid
6281,2025-09-18,P019,2.056877613067627,XGBoost,Prediction,Valid
6282,2025-09-19,P019,2.161309003829956,XGBoost,Prediction,Valid
6283,2025-09-20,P019,2.888169288635254,XGBoost,Prediction,Valid
6284,2025-09-21,P019,2.019388198852539,XGBoost,Prediction,Valid
6285,2025-09-22,P019,1.8212056159973145,XGBoost,Prediction,Valid
6286,2025-09-23,P019,2.384392738342285,XGBoost,Prediction,Valid
6287,2025-09-24,P019,1.1140668392181396,XGBoost,Prediction,Valid
6288,2025-09-25,P019,1.5499098300933838,XGBoost,Prediction,Valid
6289,2025-09-26,P019,1.4510406255722046,XGBoost,Prediction,Valid
6290,2025-09-27,P019,1.2417863607406616,XGBoost,Prediction,Valid
6291,2025-09-28,P019,2.1172215938568115,XGBoost,Prediction,Valid
6292,2025-09-29,P019,2.011519193649292,XGBoost,Prediction,Valid
6293,2025-09-30,P019,2.5053555965423584,XGBoost,Prediction,Valid
6294,2025-10-01,P019,2.0377185344696045,XGBoost,Prediction,Valid
6295,2025-10-02,P019,1.3518508672714231,XGBoost,Prediction,Valid
6296,2025-10-03,P019,2.2005348205566406,XGBoost,Prediction,Valid
6297,2025-10-04,P019,2.760518312454224,XGBoost,Prediction,Valid
6298,2025-10-05,P019,1.6426457166671753,XGBoost,Prediction,Valid
6299,2025-10-06,P019,1.8951411247253416,XGBoost,Prediction,Valid
6300,2025-10-07,P019,1.5914719104766846,XGBoost,Prediction,Valid
6301,2025-10-08,P019,2.2791035175323486,XGBoost,Prediction,Valid
6302,2025-10-09,P019,2.549222707748413,XGBoost,Prediction,Valid
6303,2025-10-10,P019,1.6066066026687622,XGBoost,Prediction,Valid
6304,2025-10-11,P019,1.941373467445373,XGBoost,Prediction,Valid
6305,2025-10-12,P019,2.393831491470337,XGBoost,Prediction,Valid
6306,2025-10-13,P019,1.7916736602783203,XGBoost,Prediction,Valid
6307,2025-10-14,P019,2.125798463821411,XGBoost,Prediction,Valid
6308,2025-10-15,P019,1.6646462678909302,XGBoost,Prediction,Valid
6309,2025-10-16,P019,2.133089303970337,XGBoost,Prediction,Valid
6310,2025-10-17,P019,1.9252020120620728,XGBoost,Prediction,Valid
6311,2025-10-18,P019,1.2842851877212524,XGBoost,Prediction,Valid
6312,2025-10-19,P019,1.4890007972717283,XGBoost,Prediction,Valid
6313,2025-10-20,P019,2.464836835861206,XGBoost,Prediction,Valid
6314,2025-10-21,P019,1.4324349164962769,XGBoost,Prediction,Valid
6315,2025-10-22,P019,1.9715641736984253,XGBoost,Prediction,Valid
6316,2025-10-23,P019,2.9144558906555176,XGBoost,Prediction,Valid
6317,2025-10-24,P019,1.0514791011810305,XGBoost,Prediction,Valid
6318,2025-10-25,P019,2.0652315616607666,XGBoost,Prediction,Valid
6319,2025-10-26,P019,1.774317979812622,XGBoost,Prediction,Valid
6320,2025-10-27,P019,1.5995677709579468,XGBoost,Prediction,Valid
6321,2025-10-28,P019,1.7645503282546997,XGBoost,Prediction,Valid
6322,2025-10-29,P019,1.728235363960266,XGBoost,Prediction,Valid
6323,2025-10-30,P019,1.9937819242477417,XGBoost,Prediction,Valid
6324,2025-10-31,P019,2.021993637084961,XGBoost,Prediction,Valid
6325,2025-11-01,P019,3.1111714839935303,XGBoost,Prediction,Valid
6326,2025-11-02,P019,2.1487667560577397,XGBoost,Prediction,Valid
6327,2025-11-03,P019,1.5536556243896484,XGBoost,Prediction,Valid
6328,2025-11-04,P019,2.5930662155151367,XGBoost,Prediction,Valid
6329,2025-11-05,P019,1.6109189987182615,XGBoost,Prediction,Valid
6330,2025-11-06,P019,3.014976739883423,XGBoost,Prediction,Valid
6331,2025-11-07,P019,1.5689446926116943,XGBoost,Prediction,Valid
6332,2025-11-08,P019,1.827666521072388,XGBoost,Prediction,Valid
6333,2025-11-09,P019,2.000874280929565,XGBoost,Prediction,Valid
6334,2025-11-10,P019,2.8765103816986084,XGBoost,Prediction,Valid
6335,2025-11-11,P019,1.794098973274231,XGBoost,Prediction,Valid
6336,2025-11-12,P019,1.821176290512085,XGBoost,Prediction,Valid
6337,2025-11-13,P019,2.141803503036499,XGBoost,Prediction,Valid
6338,2025-11-14,P019,2.3470375537872314,XGBoost,Prediction,Valid
6339,2025-11-15,P019,1.9244977235794067,XGBoost,Prediction,Valid
6340,2025-11-16,P019,1.594017505645752,XGBoost,Prediction,Valid
6341,2025-11-17,P019,1.7780914306640625,XGBoost,Prediction,Valid
6342,2025-11-18,P019,1.816314697265625,XGBoost,Prediction,Valid
6343,2025-11-19,P019,2.6434478759765625,XGBoost,Prediction,Valid
6344,2025-11-20,P019,2.587180852890014,XGBoost,Prediction,Valid
6345,2025-11-21,P019,1.5011998414993286,XGBoost,Prediction,Valid
6346,2025-11-22,P019,2.3108859062194824,XGBoost,Prediction,Valid
6347,2025-11-23,P019,2.142050266265869,XGBoost,Prediction,Valid
6348,2025-11-24,P019,2.0780253410339355,XGBoost,Prediction,Valid
6349,2025-09-15,P020,2.469820022583008,XGBoost,Prediction,Valid
6350,2025-09-16,P020,1.584162712097168,XGBoost,Prediction,Valid
6351,2025-09-17,P020,1.7635221481323242,XGBoost,Prediction,Valid
6352,2025-09-18,P020,2.043717861175537,XGBoost,Prediction,Valid
6353,2025-09-19,P020,1.892433524131775,XGBoost,Prediction,Valid
6354,2025-09-20,P020,1.9437358379364011,XGBoost,Prediction,Valid
6355,2025-09-21,P020,2.1828513145446777,XGBoost,Prediction,Valid
6356,2025-09-22,P020,2.0715880393981934,XGBoost,Prediction,Valid
6357,2025-09-23,P020,1.9583020210266116,XGBoost,Prediction,Valid
6358,2025-09-24,P020,2.4835941791534424,XGBoost,Prediction,Valid
6359,2025-09-25,P020,2.127420425415039,XGBoost,Prediction,Valid
6360,2025-09-26,P020,1.6186237335205078,XGBoost,Prediction,Valid
6361,2025-09-27,P020,2.820814371109009,XGBoost,Prediction,Valid
6362,2025-09-28,P020,2.3757615089416504,XGBoost,Prediction,Valid
6363,2025-09-29,P020,2.532853841781616,XGBoost,Prediction,Valid
6364,2025-09-30,P020,2.347188234329224,XGBoost,Prediction,Valid
6365,2025-10-01,P020,2.0546820163726807,XGBoost,Prediction,Valid
6366,2025-10-02,P020,2.407684087753296,XGBoost,Prediction,Valid
6367,2025-10-03,P020,2.7623462677001958,XGBoost,Prediction,Valid
6368,2025-10-04,P020,1.8112016916275024,XGBoost,Prediction,Valid
6369,2025-10-05,P020,2.101914882659912,XGBoost,Prediction,Valid
6370,2025-10-06,P020,2.41280198097229,XGBoost,Prediction,Valid
6371,2025-10-07,P020,1.7103794813156128,XGBoost,Prediction,Valid
6372,2025-10-08,P020,1.1061925888061523,XGBoost,Prediction,Valid
6373,2025-10-09,P020,1.4865890741348269,XGBoost,Prediction,Valid
6374,2025-10-10,P020,2.431366205215454,XGBoost,Prediction,Valid
6375,2025-10-11,P020,1.9464589357376096,XGBoost,Prediction,Valid
6376,2025-10-12,P020,1.5423921346664429,XGBoost,Prediction,Valid
6377,2025-10-13,P020,1.5145385265350342,XGBoost,Prediction,Valid
6378,2025-10-14,P020,2.203265905380249,XGBoost,Prediction,Valid
6379,2025-10-15,P020,2.695119380950928,XGBoost,Prediction,Valid
6380,2025-10-16,P020,2.176718711853028,XGBoost,Prediction,Valid
6381,2025-10-17,P020,1.4526726007461548,XGBoost,Prediction,Valid
6382,2025-10-18,P020,1.7614469528198242,XGBoost,Prediction,Valid
6383,2025-10-19,P020,1.5952165126800537,XGBoost,Prediction,Valid
6384,2025-10-20,P020,2.1714415550231934,XGBoost,Prediction,Valid
6385,2025-10-21,P020,1.6675512790679932,XGBoost,Prediction,Valid
6386,2025-10-22,P020,1.4112515449523926,XGBoost,Prediction,Valid
6387,2025-10-23,P020,2.7131187915802,XGBoost,Prediction,Valid
6388,2025-10-24,P020,2.309790849685669,XGBoost,Prediction,Valid
6389,2025-10-25,P020,2.332570552825928,XGBoost,Prediction,Valid
6390,2025-10-26,P020,1.3118983507156372,XGBoost,Prediction,Valid
6391,2025-10-27,P020,1.9105068445205688,XGBoost,Prediction,Valid
6392,2025-10-28,P020,2.505581855773926,XGBoost,Prediction,Valid
6393,2025-10-29,P020,2.630933284759521,XGBoost,Prediction,Valid
6394,2025-10-30,P020,2.6010401248931885,XGBoost,Prediction,Valid
6395,2025-10-31,P020,2.6030561923980717,XGBoost,Prediction,Valid
6396,2025-11-01,P020,1.877691984176636,XGBoost,Prediction,Valid
6397,2025-11-02,P020,1.3215919733047483,XGBoost,Prediction,Valid
6398,2025-11-03,P020,1.6316553354263306,XGBoost,Prediction,Valid
6399,2025-11-04,P020,1.6172055006027222,XGBoost,Prediction,Valid
6400,2025-11-05,P020,2.653797149658203,XGBoost,Prediction,Valid
6401,2025-11-06,P020,2.783785820007324,XGBoost,Prediction,Valid
6402,2025-11-07,P020,1.600837230682373,XGBoost,Prediction,Valid
6403,2025-11-08,P020,2.4811489582061768,XGBoost,Prediction,Valid
6404,2025-11-09,P020,2.4237723350524902,XGBoost,Prediction,Valid
6405,2025-11-10,P020,2.513668775558472,XGBoost,Prediction,Valid
6406,2025-11-11,P020,2.2349982261657715,XGBoost,Prediction,Valid
6407,2025-11-12,P020,1.387698769569397,XGBoost,Prediction,Valid
6408,2025-11-13,P020,1.6779638528823853,XGBoost,Prediction,Valid
6409,2025-11-14,P020,1.6621215343475342,XGBoost,Prediction,Valid
6410,2025-11-15,P020,1.948294758796692,XGBoost,Prediction,Valid
6411,2025-11-16,P020,2.0648741722106934,XGBoost,Prediction,Valid
6412,2025-11-17,P020,1.2484424114227295,XGBoost,Prediction,Valid
6413,2025-11-18,P020,1.986639380455017,XGBoost,Prediction,Valid
6414,2025-11-19,P020,1.7120260000228882,XGBoost,Prediction,Valid
6415,2025-11-20,P020,2.054654359817505,XGBoost,Prediction,Valid
6416,2025-11-21,P020,1.2225775718688965,XGBoost,Prediction,Valid
6417,2025-11-22,P020,2.6530487537384038,XGBoost,Prediction,Valid
6418,2025-11-23,P020,2.0919535160064697,XGBoost,Prediction,Valid
6419,2025-11-24,P020,1.873129606246948,XGBoost,Prediction,Valid
6420,2025-11-25,P001,2.108947515487671,XGBoost,Prediction,Test
6421,2025-11-26,P001,1.4893337488174438,XGBoost,Prediction,Test
6422,2025-11-27,P001,1.423210620880127,XGBoost,Prediction,Test
6423,2025-11-28,P001,2.345454692840576,XGBoost,Prediction,Test
6424,2025-11-29,P001,1.6907957792282104,XGBoost,Prediction,Test
6425,2025-11-30,P001,1.7531203031539917,XGBoost,Prediction,Test
6426,2025-12-01,P001,1.816585898399353,XGBoost,Prediction,Test
6427,2025-12-02,P001,2.185776233673096,XGBoost,Prediction,Test
6428,2025-12-03,P001,1.5975936651229858,XGBoost,Prediction,Test
6429,2025-12-04,P001,1.3206377029418943,XGBoost,Prediction,Test
6430,2025-12-05,P001,1.3667110204696655,XGBoost,Prediction,Test
6431,2025-12-06,P001,1.6802939176559448,XGBoost,Prediction,Test
6432,2025-12-07,P001,2.235831022262573,XGBoost,Prediction,Test
6433,2025-12-08,P001,2.0577826499938965,XGBoost,Prediction,Test
6434,2025-12-09,P001,1.206587791442871,XGBoost,Prediction,Test
6435,2025-12-10,P001,1.580670714378357,XGBoost,Prediction,Test
6436,2025-12-11,P001,1.5927846431732178,XGBoost,Prediction,Test
6437,2025-12-12,P001,2.08497166633606,XGBoost,Prediction,Test
6438,2025-12-13,P001,1.9411773681640625,XGBoost,Prediction,Test
6439,2025-12-14,P001,1.7865017652511597,XGBoost,Prediction,Test
6440,2025-12-15,P001,2.0074868202209477,XGBoost,Prediction,Test
6441,2025-12-16,P001,1.7171374559402466,XGBoost,Prediction,Test
6442,2025-12-17,P001,2.1107733249664307,XGBoost,Prediction,Test
6443,2025-12-18,P001,2.778959274291992,XGBoost,Prediction,Test
6444,2025-12-19,P001,1.239872694015503,XGBoost,Prediction,Test
6445,2025-12-20,P001,1.4213337898254397,XGBoost,Prediction,Test
6446,2025-12-21,P001,0.9859833121299744,XGBoost,Prediction,Test
6447,2025-12-22,P001,1.846312522888184,XGBoost,Prediction,Test
6448,2025-12-23,P001,2.009887218475342,XGBoost,Prediction,Test
6449,2025-12-24,P001,1.2780883312225342,XGBoost,Prediction,Test
6450,2025-12-25,P001,1.855949640274048,XGBoost,Prediction,Test
6451,2025-12-26,P001,1.2608754634857178,XGBoost,Prediction,Test
6452,2025-12-27,P001,1.7415186166763306,XGBoost,Prediction,Test
6453,2025-12-28,P001,2.238887071609497,XGBoost,Prediction,Test
6454,2025-12-29,P001,1.6326563358306885,XGBoost,Prediction,Test
6455,2025-12-30,P001,2.111114501953125,XGBoost,Prediction,Test
6456,2025-12-31,P001,1.863623142242432,XGBoost,Prediction,Test
6457,2025-11-25,P002,1.779731512069702,XGBoost,Prediction,Test
6458,2025-11-26,P002,1.7701469659805298,XGBoost,Prediction,Test
6459,2025-11-27,P002,2.251440525054932,XGBoost,Prediction,Test
6460,2025-11-28,P002,1.7002811431884766,XGBoost,Prediction,Test
6461,2025-11-29,P002,1.8198951482772827,XGBoost,Prediction,Test
6462,2025-11-30,P002,1.9532755613327024,XGBoost,Prediction,Test
6463,2025-12-01,P002,2.3401360511779785,XGBoost,Prediction,Test
6464,2025-12-02,P002,2.2574493885040283,XGBoost,Prediction,Test
6465,2025-12-03,P002,1.85465943813324,XGBoost,Prediction,Test
6466,2025-12-04,P002,1.7396143674850464,XGBoost,Prediction,Test
6467,2025-12-05,P002,1.8572585582733157,XGBoost,Prediction,Test
6468,2025-12-06,P002,2.339961528778076,XGBoost,Prediction,Test
6469,2025-12-07,P002,2.0005478858947754,XGBoost,Prediction,Test
6470,2025-12-08,P002,1.8840998411178589,XGBoost,Prediction,Test
6471,2025-12-09,P002,2.386842966079712,XGBoost,Prediction,Test
6472,2025-12-10,P002,1.8235869407653809,XGBoost,Prediction,Test
6473,2025-12-11,P002,2.018160104751587,XGBoost,Prediction,Test
6474,2025-12-12,P002,1.744619369506836,XGBoost,Prediction,Test
6475,2025-12-13,P002,2.1258468627929688,XGBoost,Prediction,Test
6476,2025-12-14,P002,1.7054738998413086,XGBoost,Prediction,Test
6477,2025-12-15,P002,2.4610536098480225,XGBoost,Prediction,Test
6478,2025-12-16,P002,1.845595479011536,XGBoost,Prediction,Test
6479,2025-12-17,P002,1.6178888082504272,XGBoost,Prediction,Test
6480,2025-12-18,P002,2.090362071990967,XGBoost,Prediction,Test
6481,2025-12-19,P002,2.0604610443115234,XGBoost,Prediction,Test
6482,2025-12-20,P002,1.3893940448760986,XGBoost,Prediction,Test
6483,2025-12-21,P002,1.2072532176971436,XGBoost,Prediction,Test
6484,2025-12-22,P002,1.5550779104232788,XGBoost,Prediction,Test
6485,2025-12-23,P002,2.6225571632385254,XGBoost,Prediction,Test
6486,2025-12-24,P002,1.5123603343963623,XGBoost,Prediction,Test
6487,2025-12-25,P002,2.0543336868286133,XGBoost,Prediction,Test
6488,2025-12-26,P002,1.6583144664764404,XGBoost,Prediction,Test
6489,2025-12-27,P002,1.8015211820602417,XGBoost,Prediction,Test
6490,2025-12-28,P002,1.9749685525894165,XGBoost,Prediction,Test
6491,2025-12-29,P002,2.044412851333618,XGBoost,Prediction,Test
6492,2025-12-30,P002,2.332313060760498,XGBoost,Prediction,Test
6493,2025-12-31,P002,2.432070255279541,XGBoost,Prediction,Test
6494,2025-11-25,P003,1.6354615688323977,XGBoost,Prediction,Test
6495,2025-11-26,P003,1.394188642501831,XGBoost,Prediction,Test
6496,2025-11-27,P003,1.6408495903015137,XGBoost,Prediction,Test
6497,2025-11-28,P003,1.0873368978500366,XGBoost,Prediction,Test
6498,2025-11-29,P003,2.0791287422180176,XGBoost,Prediction,Test
6499,2025-11-30,P003,1.5655616521835327,XGBoost,Prediction,Test
6500,2025-12-01,P003,2.2541964054107666,XGBoost,Prediction,Test
6501,2025-12-02,P003,1.6781915426254272,XGBoost,Prediction,Test
6502,2025-12-03,P003,1.8002711534500122,XGBoost,Prediction,Test
6503,2025-12-04,P003,2.17017126083374,XGBoost,Prediction,Test
6504,2025-12-05,P003,0.842309832572937,XGBoost,Prediction,Test
6505,2025-12-06,P003,2.343705892562866,XGBoost,Prediction,Test
6506,2025-12-07,P003,1.192882061004639,XGBoost,Prediction,Test
6507,2025-12-08,P003,1.4419100284576416,XGBoost,Prediction,Test
6508,2025-12-09,P003,1.8474355936050413,XGBoost,Prediction,Test
6509,2025-12-10,P003,1.527424693107605,XGBoost,Prediction,Test
6510,2025-12-11,P003,1.6349384784698486,XGBoost,Prediction,Test
6511,2025-12-12,P003,1.8480091094970703,XGBoost,Prediction,Test
6512,2025-12-13,P003,1.4923598766326904,XGBoost,Prediction,Test
6513,2025-12-14,P003,1.6431924104690552,XGBoost,Prediction,Test
6514,2025-12-15,P003,1.9555069208145144,XGBoost,Prediction,Test
6515,2025-12-16,P003,2.15914249420166,XGBoost,Prediction,Test
6516,2025-12-17,P003,1.7163079977035522,XGBoost,Prediction,Test
6517,2025-12-18,P003,1.7000751495361328,XGBoost,Prediction,Test
6518,2025-12-19,P003,2.218355417251587,XGBoost,Prediction,Test
6519,2025-12-20,P003,2.0181453227996826,XGBoost,Prediction,Test
6520,2025-12-21,P003,1.828942894935608,XGBoost,Prediction,Test
6521,2025-12-22,P003,2.245973587036133,XGBoost,Prediction,Test
6522,2025-12-23,P003,1.5550533533096311,XGBoost,Prediction,Test
6523,2025-12-24,P003,2.2801315784454346,XGBoost,Prediction,Test
6524,2025-12-25,P003,1.215058207511902,XGBoost,Prediction,Test
6525,2025-12-26,P003,1.4947102069854736,XGBoost,Prediction,Test
6526,2025-12-27,P003,1.757790446281433,XGBoost,Prediction,Test
6527,2025-12-28,P003,1.9663954973220823,XGBoost,Prediction,Test
6528,2025-12-29,P003,2.207554817199707,XGBoost,Prediction,Test
6529,2025-12-30,P003,1.6182363033294678,XGBoost,Prediction,Test
6530,2025-12-31,P003,1.392924427986145,XGBoost,Prediction,Test
6531,2025-11-25,P004,2.3474037647247314,XGBoost,Prediction,Test
6532,2025-11-26,P004,2.487348318099976,XGBoost,Prediction,Test
6533,2025-11-27,P004,2.0775508880615234,XGBoost,Prediction,Test
6534,2025-11-28,P004,2.7463808059692383,XGBoost,Prediction,Test
6535,2025-11-29,P004,2.330688953399658,XGBoost,Prediction,Test
6536,2025-11-30,P004,1.977883458137512,XGBoost,Prediction,Test
6537,2025-12-01,P004,2.0458877086639404,XGBoost,Prediction,Test
6538,2025-12-02,P004,2.170417070388794,XGBoost,Prediction,Test
6539,2025-12-03,P004,2.708038091659546,XGBoost,Prediction,Test
6540,2025-12-04,P004,2.3884975910186768,XGBoost,Prediction,Test
6541,2025-12-05,P004,3.5480122566223145,XGBoost,Prediction,Test
6542,2025-12-06,P004,2.450190305709839,XGBoost,Prediction,Test
6543,2025-12-07,P004,1.8676564693450928,XGBoost,Prediction,Test
6544,2025-12-08,P004,2.148811101913452,XGBoost,Prediction,Test
6545,2025-12-09,P004,2.4627959728240967,XGBoost,Prediction,Test
6546,2025-12-10,P004,2.286799192428589,XGBoost,Prediction,Test
6547,2025-12-11,P004,2.450333595275879,XGBoost,Prediction,Test
6548,2025-12-12,P004,2.794530868530273,XGBoost,Prediction,Test
6549,2025-12-13,P004,1.6292743682861328,XGBoost,Prediction,Test
6550,2025-12-14,P004,2.0771484375,XGBoost,Prediction,Test
6551,2025-12-15,P004,2.545764207839966,XGBoost,Prediction,Test
6552,2025-12-16,P004,2.345752000808716,XGBoost,Prediction,Test
6553,2025-12-17,P004,2.1653287410736084,XGBoost,Prediction,Test
6554,2025-12-18,P004,2.002258777618408,XGBoost,Prediction,Test
6555,2025-12-19,P004,2.464277982711792,XGBoost,Prediction,Test
6556,2025-12-20,P004,2.4596073627471924,XGBoost,Prediction,Test
6557,2025-12-21,P004,2.562225818634033,XGBoost,Prediction,Test
6558,2025-12-22,P004,2.1364781856536865,XGBoost,Prediction,Test
6559,2025-12-23,P004,2.212640285491944,XGBoost,Prediction,Test
6560,2025-12-24,P004,2.565842390060425,XGBoost,Prediction,Test
6561,2025-12-25,P004,1.9499812126159668,XGBoost,Prediction,Test
6562,2025-12-26,P004,2.7554893493652344,XGBoost,Prediction,Test
6563,2025-12-27,P004,2.1030006408691406,XGBoost,Prediction,Test
6564,2025-12-28,P004,2.5849831104278564,XGBoost,Prediction,Test
6565,2025-12-29,P004,1.8149049282073972,XGBoost,Prediction,Test
6566,2025-12-30,P004,2.7757930755615234,XGBoost,Prediction,Test
6567,2025-12-31,P004,2.5682828426361084,XGBoost,Prediction,Test
6568,2025-11-25,P005,2.167546033859253,XGBoost,Prediction,Test
6569,2025-11-26,P005,2.287659883499145,XGBoost,Prediction,Test
6570,2025-11-27,P005,1.4899922609329224,XGBoost,Prediction,Test
6571,2025-11-28,P005,1.5446834564208984,XGBoost,Prediction,Test
6572,2025-11-29,P005,1.5528403520584106,XGBoost,Prediction,Test
6573,2025-11-30,P005,2.163408041000366,XGBoost,Prediction,Test
6574,2025-12-01,P005,1.838149070739746,XGBoost,Prediction,Test
6575,2025-12-02,P005,2.0280494689941406,XGBoost,Prediction,Test
6576,2025-12-03,P005,1.4052464962005615,XGBoost,Prediction,Test
6577,2025-12-04,P005,1.84695303440094,XGBoost,Prediction,Test
6578,2025-12-05,P005,1.7187377214431765,XGBoost,Prediction,Test
6579,2025-12-06,P005,1.9473793506622317,XGBoost,Prediction,Test
6580,2025-12-07,P005,2.348355293273926,XGBoost,Prediction,Test
6581,2025-12-08,P005,1.4406193494796753,XGBoost,Prediction,Test
6582,2025-12-09,P005,2.081223964691162,XGBoost,Prediction,Test
6583,2025-12-10,P005,2.043740510940552,XGBoost,Prediction,Test
6584,2025-12-11,P005,1.8435226678848269,XGBoost,Prediction,Test
6585,2025-12-12,P005,1.7328848838806152,XGBoost,Prediction,Test
6586,2025-12-13,P005,2.054283618927002,XGBoost,Prediction,Test
6587,2025-12-14,P005,2.1988346576690674,XGBoost,Prediction,Test
6588,2025-12-15,P005,1.9107223749160769,XGBoost,Prediction,Test
6589,2025-12-16,P005,1.7809547185897827,XGBoost,Prediction,Test
6590,2025-12-17,P005,2.2823307514190674,XGBoost,Prediction,Test
6591,2025-12-18,P005,1.9670017957687376,XGBoost,Prediction,Test
6592,2025-12-19,P005,1.40831458568573,XGBoost,Prediction,Test
6593,2025-12-20,P005,1.136074781417847,XGBoost,Prediction,Test
6594,2025-12-21,P005,1.6404482126235962,XGBoost,Prediction,Test
6595,2025-12-22,P005,1.3616238832473757,XGBoost,Prediction,Test
6596,2025-12-23,P005,1.9943331480026243,XGBoost,Prediction,Test
6597,2025-12-24,P005,1.8035460710525515,XGBoost,Prediction,Test
6598,2025-12-25,P005,2.543349266052246,XGBoost,Prediction,Test
6599,2025-12-26,P005,1.451750636100769,XGBoost,Prediction,Test
6600,2025-12-27,P005,1.5959413051605225,XGBoost,Prediction,Test
6601,2025-12-28,P005,1.9884443283081052,XGBoost,Prediction,Test
6602,2025-12-29,P005,2.3602404594421387,XGBoost,Prediction,Test
6603,2025-12-30,P005,2.2171823978424072,XGBoost,Prediction,Test
6604,2025-12-31,P005,1.738026738166809,XGBoost,Prediction,Test
6605,2025-11-25,P006,2.2469582557678223,XGBoost,Prediction,Test
6606,2025-11-26,P006,2.25630521774292,XGBoost,Prediction,Test
6607,2025-11-27,P006,1.843392372131348,XGBoost,Prediction,Test
6608,2025-11-28,P006,1.831358551979065,XGBoost,Prediction,Test
6609,2025-11-29,P006,1.8085048198699951,XGBoost,Prediction,Test
6610,2025-11-30,P006,1.469423532485962,XGBoost,Prediction,Test
6611,2025-12-01,P006,0.927007257938385,XGBoost,Prediction,Test
6612,2025-12-02,P006,1.7831060886383057,XGBoost,Prediction,Test
6613,2025-12-03,P006,2.3285012245178223,XGBoost,Prediction,Test
6614,2025-12-04,P006,1.4798669815063477,XGBoost,Prediction,Test
6615,2025-12-05,P006,0.9109304547309875,XGBoost,Prediction,Test
6616,2025-12-06,P006,1.498558759689331,XGBoost,Prediction,Test
6617,2025-12-07,P006,1.5208691358566284,XGBoost,Prediction,Test
6618,2025-12-08,P006,2.1988420486450195,XGBoost,Prediction,Test
6619,2025-12-09,P006,1.8669077157974243,XGBoost,Prediction,Test
6620,2025-12-10,P006,2.445935010910034,XGBoost,Prediction,Test
6621,2025-12-11,P006,2.277840137481689,XGBoost,Prediction,Test
6622,2025-12-12,P006,1.5330902338027954,XGBoost,Prediction,Test
6623,2025-12-13,P006,1.967972755432129,XGBoost,Prediction,Test
6624,2025-12-14,P006,1.977176547050476,XGBoost,Prediction,Test
6625,2025-12-15,P006,1.6052027940750122,XGBoost,Prediction,Test
6626,2025-12-16,P006,1.466546893119812,XGBoost,Prediction,Test
6627,2025-12-17,P006,1.717349410057068,XGBoost,Prediction,Test
6628,2025-12-18,P006,2.1364858150482178,XGBoost,Prediction,Test
6629,2025-12-19,P006,1.906866312026977,XGBoost,Prediction,Test
6630,2025-12-20,P006,1.4857417345046997,XGBoost,Prediction,Test
6631,2025-12-21,P006,2.0581064224243164,XGBoost,Prediction,Test
6632,2025-12-22,P006,1.461241602897644,XGBoost,Prediction,Test
6633,2025-12-23,P006,1.1280778646469116,XGBoost,Prediction,Test
6634,2025-12-24,P006,1.7755460739135742,XGBoost,Prediction,Test
6635,2025-12-25,P006,2.616319417953491,XGBoost,Prediction,Test
6636,2025-12-26,P006,2.317106008529663,XGBoost,Prediction,Test
6637,2025-12-27,P006,1.615914225578308,XGBoost,Prediction,Test
6638,2025-12-28,P006,1.8996490240097048,XGBoost,Prediction,Test
6639,2025-12-29,P006,1.7157641649246216,XGBoost,Prediction,Test
6640,2025-12-30,P006,1.6795295476913452,XGBoost,Prediction,Test
6641,2025-12-31,P006,1.7513644695281982,XGBoost,Prediction,Test
6642,2025-11-25,P007,3.5622575283050537,XGBoost,Prediction,Test
6643,2025-11-26,P007,2.52466082572937,XGBoost,Prediction,Test
6644,2025-11-27,P007,2.3902387619018555,XGBoost,Prediction,Test
6645,2025-11-28,P007,2.40114974975586,XGBoost,Prediction,Test
6646,2025-11-29,P007,2.643455743789673,XGBoost,Prediction,Test
6647,2025-11-30,P007,2.4578564167022705,XGBoost,Prediction,Test
6648,2025-12-01,P007,1.1624425649642944,XGBoost,Prediction,Test
6649,2025-12-02,P007,2.963944911956787,XGBoost,Prediction,Test
6650,2025-12-03,P007,3.2438502311706543,XGBoost,Prediction,Test
6651,2025-12-04,P007,1.833083152770996,XGBoost,Prediction,Test
6652,2025-12-05,P007,2.044926643371582,XGBoost,Prediction,Test
6653,2025-12-06,P007,1.9523863792419436,XGBoost,Prediction,Test
6654,2025-12-07,P007,2.013716220855713,XGBoost,Prediction,Test
6655,2025-12-08,P007,2.140172481536865,XGBoost,Prediction,Test
6656,2025-12-09,P007,2.270018577575684,XGBoost,Prediction,Test
6657,2025-12-10,P007,2.439791202545166,XGBoost,Prediction,Test
6658,2025-12-11,P007,2.8432106971740723,XGBoost,Prediction,Test
6659,2025-12-12,P007,2.644694566726685,XGBoost,Prediction,Test
6660,2025-12-13,P007,3.5422346591949463,XGBoost,Prediction,Test
6661,2025-12-14,P007,2.3457276821136475,XGBoost,Prediction,Test
6662,2025-12-15,P007,2.435128927230835,XGBoost,Prediction,Test
6663,2025-12-16,P007,2.621559858322144,XGBoost,Prediction,Test
6664,2025-12-17,P007,1.9437862634658811,XGBoost,Prediction,Test
6665,2025-12-18,P007,1.6617895364761353,XGBoost,Prediction,Test
6666,2025-12-19,P007,3.506225109100342,XGBoost,Prediction,Test
6667,2025-12-20,P007,2.099151611328125,XGBoost,Prediction,Test
6668,2025-12-21,P007,2.239687919616699,XGBoost,Prediction,Test
6669,2025-12-22,P007,1.4791302680969238,XGBoost,Prediction,Test
6670,2025-12-23,P007,2.726115226745605,XGBoost,Prediction,Test
6671,2025-12-24,P007,3.105224370956421,XGBoost,Prediction,Test
6672,2025-12-25,P007,1.7017452716827393,XGBoost,Prediction,Test
6673,2025-12-26,P007,3.032590627670288,XGBoost,Prediction,Test
6674,2025-12-27,P007,2.176398277282715,XGBoost,Prediction,Test
6675,2025-12-28,P007,2.2136595249176025,XGBoost,Prediction,Test
6676,2025-12-29,P007,2.266385316848755,XGBoost,Prediction,Test
6677,2025-12-30,P007,2.2726190090179443,XGBoost,Prediction,Test
6678,2025-12-31,P007,2.613776445388794,XGBoost,Prediction,Test
6679,2025-11-25,P008,1.9880880117416384,XGBoost,Prediction,Test
6680,2025-11-26,P008,1.9910227060317995,XGBoost,Prediction,Test
6681,2025-11-27,P008,2.531118869781494,XGBoost,Prediction,Test
6682,2025-11-28,P008,2.2974512577056885,XGBoost,Prediction,Test
6683,2025-11-29,P008,1.997583508491516,XGBoost,Prediction,Test
6684,2025-11-30,P008,2.0178041458129883,XGBoost,Prediction,Test
6685,2025-12-01,P008,2.1610777378082275,XGBoost,Prediction,Test
6686,2025-12-02,P008,2.5474154949188232,XGBoost,Prediction,Test
6687,2025-12-03,P008,2.0532147884368896,XGBoost,Prediction,Test
6688,2025-12-04,P008,1.5126038789749146,XGBoost,Prediction,Test
6689,2025-12-05,P008,2.233916044235229,XGBoost,Prediction,Test
6690,2025-12-06,P008,2.4864909648895264,XGBoost,Prediction,Test
6691,2025-12-07,P008,1.8675955533981323,XGBoost,Prediction,Test
6692,2025-12-08,P008,2.238125324249268,XGBoost,Prediction,Test
6693,2025-12-09,P008,2.370854616165161,XGBoost,Prediction,Test
6694,2025-12-10,P008,1.8794366121292116,XGBoost,Prediction,Test
6695,2025-12-11,P008,1.9272096157073972,XGBoost,Prediction,Test
6696,2025-12-12,P008,2.762112617492676,XGBoost,Prediction,Test
6697,2025-12-13,P008,1.398234724998474,XGBoost,Prediction,Test
6698,2025-12-14,P008,1.6444381475448608,XGBoost,Prediction,Test
6699,2025-12-15,P008,2.3951401710510254,XGBoost,Prediction,Test
6700,2025-12-16,P008,2.761557102203369,XGBoost,Prediction,Test
6701,2025-12-17,P008,2.495262861251831,XGBoost,Prediction,Test
6702,2025-12-18,P008,1.9978718757629397,XGBoost,Prediction,Test
6703,2025-12-19,P008,2.4724650382995605,XGBoost,Prediction,Test
6704,2025-12-20,P008,2.4071316719055176,XGBoost,Prediction,Test
6705,2025-12-21,P008,1.7125288248062134,XGBoost,Prediction,Test
6706,2025-12-22,P008,2.0166332721710205,XGBoost,Prediction,Test
6707,2025-12-23,P008,2.2601892948150635,XGBoost,Prediction,Test
6708,2025-12-24,P008,1.911304235458374,XGBoost,Prediction,Test
6709,2025-12-25,P008,1.2517614364624023,XGBoost,Prediction,Test
6710,2025-12-26,P008,2.643352031707764,XGBoost,Prediction,Test
6711,2025-12-27,P008,2.2509841918945312,XGBoost,Prediction,Test
6712,2025-12-28,P008,1.6365957260131836,XGBoost,Prediction,Test
6713,2025-12-29,P008,2.056130170822144,XGBoost,Prediction,Test
6714,2025-12-30,P008,2.0327224731445312,XGBoost,Prediction,Test
6715,2025-12-31,P008,2.4658203125,XGBoost,Prediction,Test
6716,2025-11-25,P009,2.7421374320983887,XGBoost,Prediction,Test
6717,2025-11-26,P009,2.000344038009644,XGBoost,Prediction,Test
6718,2025-11-27,P009,2.0982441902160645,XGBoost,Prediction,Test
6719,2025-11-28,P009,1.722135305404663,XGBoost,Prediction,Test
6720,2025-11-29,P009,1.6951332092285156,XGBoost,Prediction,Test
6721,2025-11-30,P009,1.9195865392684937,XGBoost,Prediction,Test
6722,2025-12-01,P009,1.8369334936141968,XGBoost,Prediction,Test
6723,2025-12-02,P009,1.6690292358398438,XGBoost,Prediction,Test
6724,2025-12-03,P009,2.108191728591919,XGBoost,Prediction,Test
6725,2025-12-04,P009,1.7692787647247314,XGBoost,Prediction,Test
6726,2025-12-05,P009,2.093923091888428,XGBoost,Prediction,Test
6727,2025-12-06,P009,1.7760436534881592,XGBoost,Prediction,Test
6728,2025-12-07,P009,2.1638412475585938,XGBoost,Prediction,Test
6729,2025-12-08,P009,2.054343938827514,XGBoost,Prediction,Test
6730,2025-12-09,P009,1.924952745437622,XGBoost,Prediction,Test
6731,2025-12-10,P009,2.212559700012207,XGBoost,Prediction,Test
6732,2025-12-11,P009,2.63675594329834,XGBoost,Prediction,Test
6733,2025-12-12,P009,2.0489234924316406,XGBoost,Prediction,Test
6734,2025-12-13,P009,1.7633427381515503,XGBoost,Prediction,Test
6735,2025-12-14,P009,1.6293329000473022,XGBoost,Prediction,Test
6736,2025-12-15,P009,3.061894416809082,XGBoost,Prediction,Test
6737,2025-12-16,P009,2.336432695388794,XGBoost,Prediction,Test
6738,2025-12-17,P009,1.659368872642517,XGBoost,Prediction,Test
6739,2025-12-18,P009,2.240391969680786,XGBoost,Prediction,Test
6740,2025-12-19,P009,2.268698215484619,XGBoost,Prediction,Test
6741,2025-12-20,P009,1.891418933868408,XGBoost,Prediction,Test
6742,2025-12-21,P009,2.3172762393951416,XGBoost,Prediction,Test
6743,2025-12-22,P009,1.7755956649780271,XGBoost,Prediction,Test
6744,2025-12-23,P009,1.949073076248169,XGBoost,Prediction,Test
6745,2025-12-24,P009,2.2259533405303955,XGBoost,Prediction,Test
6746,2025-12-25,P009,2.391453266143799,XGBoost,Prediction,Test
6747,2025-12-26,P009,2.091123342514038,XGBoost,Prediction,Test
6748,2025-12-27,P009,1.3357816934585571,XGBoost,Prediction,Test
6749,2025-12-28,P009,2.45198130607605,XGBoost,Prediction,Test
6750,2025-12-29,P009,2.269455909729004,XGBoost,Prediction,Test
6751,2025-12-30,P009,1.923436999320984,XGBoost,Prediction,Test
6752,2025-12-31,P009,1.920935869216919,XGBoost,Prediction,Test
6753,2025-11-25,P010,1.5902642011642456,XGBoost,Prediction,Test
6754,2025-11-26,P010,1.6752450466156006,XGBoost,Prediction,Test
6755,2025-11-27,P010,1.6970055103302002,XGBoost,Prediction,Test
6756,2025-11-28,P010,2.410987615585327,XGBoost,Prediction,Test
6757,2025-11-29,P010,2.1425323486328125,XGBoost,Prediction,Test
6758,2025-11-30,P010,1.6935420036315918,XGBoost,Prediction,Test
6759,2025-12-01,P010,1.5498671531677246,XGBoost,Prediction,Test
6760,2025-12-02,P010,1.804924726486206,XGBoost,Prediction,Test
6761,2025-12-03,P010,2.0461742877960205,XGBoost,Prediction,Test
6762,2025-12-04,P010,1.7924118041992188,XGBoost,Prediction,Test
6763,2025-12-05,P010,1.471154808998108,XGBoost,Prediction,Test
6764,2025-12-06,P010,2.0949811935424805,XGBoost,Prediction,Test
6765,2025-12-07,P010,2.59661602973938,XGBoost,Prediction,Test
6766,2025-12-08,P010,1.825835943222046,XGBoost,Prediction,Test
6767,2025-12-09,P010,2.023488759994507,XGBoost,Prediction,Test
6768,2025-12-10,P010,2.302579164505005,XGBoost,Prediction,Test
6769,2025-12-11,P010,1.883451461791992,XGBoost,Prediction,Test
6770,2025-12-12,P010,1.574882984161377,XGBoost,Prediction,Test
6771,2025-12-13,P010,2.5292000770568848,XGBoost,Prediction,Test
6772,2025-12-14,P010,2.958605527877808,XGBoost,Prediction,Test
6773,2025-12-15,P010,2.428487539291382,XGBoost,Prediction,Test
6774,2025-12-16,P010,1.365786075592041,XGBoost,Prediction,Test
6775,2025-12-17,P010,1.574102520942688,XGBoost,Prediction,Test
6776,2025-12-18,P010,2.26236891746521,XGBoost,Prediction,Test
6777,2025-12-19,P010,1.809948444366455,XGBoost,Prediction,Test
6778,2025-12-20,P010,1.881921410560608,XGBoost,Prediction,Test
6779,2025-12-21,P010,2.041189193725586,XGBoost,Prediction,Test
6780,2025-12-22,P010,1.3028361797332764,XGBoost,Prediction,Test
6781,2025-12-23,P010,1.8453731536865237,XGBoost,Prediction,Test
6782,2025-12-24,P010,1.5339851379394531,XGBoost,Prediction,Test
6783,2025-12-25,P010,1.6501004695892334,XGBoost,Prediction,Test
6784,2025-12-26,P010,1.754987120628357,XGBoost,Prediction,Test
6785,2025-12-27,P010,1.4501432180404663,XGBoost,Prediction,Test
6786,2025-12-28,P010,2.1169729232788086,XGBoost,Prediction,Test
6787,2025-12-29,P010,2.315304756164551,XGBoost,Prediction,Test
6788,2025-12-30,P010,1.696424126625061,XGBoost,Prediction,Test
6789,2025-12-31,P010,2.352800846099853,XGBoost,Prediction,Test
6790,2025-11-25,P011,2.018274307250977,XGBoost,Prediction,Test
6791,2025-11-26,P011,2.2103476524353027,XGBoost,Prediction,Test
6792,2025-11-27,P011,1.5377109050750732,XGBoost,Prediction,Test
6793,2025-11-28,P011,2.1940348148345947,XGBoost,Prediction,Test
6794,2025-11-29,P011,2.3634440898895264,XGBoost,Prediction,Test
6795,2025-11-30,P011,1.9823110103607176,XGBoost,Prediction,Test
6796,2025-12-01,P011,1.993003249168396,XGBoost,Prediction,Test
6797,2025-12-02,P011,2.2175211906433105,XGBoost,Prediction,Test
6798,2025-12-03,P011,1.547979712486267,XGBoost,Prediction,Test
6799,2025-12-04,P011,2.6705760955810547,XGBoost,Prediction,Test
6800,2025-12-05,P011,1.4146296977996826,XGBoost,Prediction,Test
6801,2025-12-06,P011,2.215329647064209,XGBoost,Prediction,Test
6802,2025-12-07,P011,1.365767002105713,XGBoost,Prediction,Test
6803,2025-12-08,P011,2.137105226516724,XGBoost,Prediction,Test
6804,2025-12-09,P011,2.11306381225586,XGBoost,Prediction,Test
6805,2025-12-10,P011,1.6796432733535769,XGBoost,Prediction,Test
6806,2025-12-11,P011,2.1791343688964844,XGBoost,Prediction,Test
6807,2025-12-12,P011,1.97639262676239,XGBoost,Prediction,Test
6808,2025-12-13,P011,1.4646074771881104,XGBoost,Prediction,Test
6809,2025-12-14,P011,3.020477533340454,XGBoost,Prediction,Test
6810,2025-12-15,P011,1.7521787881851196,XGBoost,Prediction,Test
6811,2025-12-16,P011,2.142538785934448,XGBoost,Prediction,Test
6812,2025-12-17,P011,1.8247778415679927,XGBoost,Prediction,Test
6813,2025-12-18,P011,2.083064317703247,XGBoost,Prediction,Test
6814,2025-12-19,P011,1.5740002393722534,XGBoost,Prediction,Test
6815,2025-12-20,P011,1.9776142835617063,XGBoost,Prediction,Test
6816,2025-12-21,P011,1.9665086269378664,XGBoost,Prediction,Test
6817,2025-12-22,P011,1.637019157409668,XGBoost,Prediction,Test
6818,2025-12-23,P011,1.755304932594299,XGBoost,Prediction,Test
6819,2025-12-24,P011,2.0350630283355717,XGBoost,Prediction,Test
6820,2025-12-25,P011,2.2310597896575928,XGBoost,Prediction,Test
6821,2025-12-26,P011,2.845158815383911,XGBoost,Prediction,Test
6822,2025-12-27,P011,2.037261486053467,XGBoost,Prediction,Test
6823,2025-12-28,P011,2.365144729614258,XGBoost,Prediction,Test
6824,2025-12-29,P011,2.26136326789856,XGBoost,Prediction,Test
6825,2025-12-30,P011,2.1697027683258057,XGBoost,Prediction,Test
6826,2025-12-31,P011,2.4625134468078613,XGBoost,Prediction,Test
6827,2025-11-25,P012,1.9956958293914795,XGBoost,Prediction,Test
6828,2025-11-26,P012,1.9252794981002808,XGBoost,Prediction,Test
6829,2025-11-27,P012,1.7565900087356567,XGBoost,Prediction,Test
6830,2025-11-28,P012,1.4750699996948242,XGBoost,Prediction,Test
6831,2025-11-29,P012,1.9490125179290767,XGBoost,Prediction,Test
6832,2025-11-30,P012,1.6696717739105225,XGBoost,Prediction,Test
6833,2025-12-01,P012,1.7378724813461304,XGBoost,Prediction,Test
6834,2025-12-02,P012,1.5584319829940796,XGBoost,Prediction,Test
6835,2025-12-03,P012,1.7667028903961182,XGBoost,Prediction,Test
6836,2025-12-04,P012,2.5205013751983643,XGBoost,Prediction,Test
6837,2025-12-05,P012,1.7081313133239746,XGBoost,Prediction,Test
6838,2025-12-06,P012,2.3587396144866943,XGBoost,Prediction,Test
6839,2025-12-07,P012,0.9999582767486572,XGBoost,Prediction,Test
6840,2025-12-08,P012,1.0589778423309326,XGBoost,Prediction,Test
6841,2025-12-09,P012,2.0974957942962646,XGBoost,Prediction,Test
6842,2025-12-10,P012,1.8880174160003664,XGBoost,Prediction,Test
6843,2025-12-11,P012,1.7847952842712402,XGBoost,Prediction,Test
6844,2025-12-12,P012,1.7153340578079224,XGBoost,Prediction,Test
6845,2025-12-13,P012,1.5726605653762815,XGBoost,Prediction,Test
6846,2025-12-14,P012,1.6786552667617798,XGBoost,Prediction,Test
6847,2025-12-15,P012,1.3768324851989746,XGBoost,Prediction,Test
6848,2025-12-16,P012,1.4270492792129517,XGBoost,Prediction,Test
6849,2025-12-17,P012,1.2991653680801392,XGBoost,Prediction,Test
6850,2025-12-18,P012,1.922031044960022,XGBoost,Prediction,Test
6851,2025-12-19,P012,1.8330037593841555,XGBoost,Prediction,Test
6852,2025-12-20,P012,1.3188471794128418,XGBoost,Prediction,Test
6853,2025-12-21,P012,1.3400676250457764,XGBoost,Prediction,Test
6854,2025-12-22,P012,1.5204613208770752,XGBoost,Prediction,Test
6855,2025-12-23,P012,1.5415323972702026,XGBoost,Prediction,Test
6856,2025-12-24,P012,3.228384017944336,XGBoost,Prediction,Test
6857,2025-12-25,P012,1.5668271780014038,XGBoost,Prediction,Test
6858,2025-12-26,P012,2.5742499828338623,XGBoost,Prediction,Test
6859,2025-12-27,P012,1.695895075798035,XGBoost,Prediction,Test
6860,2025-12-28,P012,1.3152587413787842,XGBoost,Prediction,Test
6861,2025-12-29,P012,2.3979055881500244,XGBoost,Prediction,Test
6862,2025-12-30,P012,1.6832085847854614,XGBoost,Prediction,Test
6863,2025-12-31,P012,1.9033259153366089,XGBoost,Prediction,Test
6864,2025-11-25,P013,2.028695821762085,XGBoost,Prediction,Test
6865,2025-11-26,P013,1.2901707887649536,XGBoost,Prediction,Test
6866,2025-11-27,P013,1.7157868146896362,XGBoost,Prediction,Test
6867,2025-11-28,P013,1.1997432708740234,XGBoost,Prediction,Test
6868,2025-11-29,P013,1.837035536766052,XGBoost,Prediction,Test
6869,2025-11-30,P013,1.949716329574585,XGBoost,Prediction,Test
6870,2025-12-01,P013,1.7859758138656616,XGBoost,Prediction,Test
6871,2025-12-02,P013,1.6910008192062378,XGBoost,Prediction,Test
6872,2025-12-03,P013,1.286073088645935,XGBoost,Prediction,Test
6873,2025-12-04,P013,2.26894211769104,XGBoost,Prediction,Test
6874,2025-12-05,P013,0.979741871356964,XGBoost,Prediction,Test
6875,2025-12-06,P013,1.5986343622207642,XGBoost,Prediction,Test
6876,2025-12-07,P013,1.904559850692749,XGBoost,Prediction,Test
6877,2025-12-08,P013,1.5724763870239258,XGBoost,Prediction,Test
6878,2025-12-09,P013,1.7607111930847168,XGBoost,Prediction,Test
6879,2025-12-10,P013,2.709579944610596,XGBoost,Prediction,Test
6880,2025-12-11,P013,1.8338619470596316,XGBoost,Prediction,Test
6881,2025-12-12,P013,2.055035352706909,XGBoost,Prediction,Test
6882,2025-12-13,P013,2.5323634147644043,XGBoost,Prediction,Test
6883,2025-12-14,P013,2.5520946979522705,XGBoost,Prediction,Test
6884,2025-12-15,P013,1.7881300449371338,XGBoost,Prediction,Test
6885,2025-12-16,P013,1.9532493352890012,XGBoost,Prediction,Test
6886,2025-12-17,P013,2.056792497634888,XGBoost,Prediction,Test
6887,2025-12-18,P013,1.645762920379639,XGBoost,Prediction,Test
6888,2025-12-19,P013,1.3209340572357178,XGBoost,Prediction,Test
6889,2025-12-20,P013,1.4458158016204834,XGBoost,Prediction,Test
6890,2025-12-21,P013,2.1996307373046875,XGBoost,Prediction,Test
6891,2025-12-22,P013,1.9528560638427732,XGBoost,Prediction,Test
6892,2025-12-23,P013,2.0408358573913574,XGBoost,Prediction,Test
6893,2025-12-24,P013,1.935884475708008,XGBoost,Prediction,Test
6894,2025-12-25,P013,2.5323963165283203,XGBoost,Prediction,Test
6895,2025-12-26,P013,2.193585157394409,XGBoost,Prediction,Test
6896,2025-12-27,P013,1.4942758083343506,XGBoost,Prediction,Test
6897,2025-12-28,P013,1.8586105108261108,XGBoost,Prediction,Test
6898,2025-12-29,P013,1.99953293800354,XGBoost,Prediction,Test
6899,2025-12-30,P013,2.2385971546173096,XGBoost,Prediction,Test
6900,2025-12-31,P013,1.6239734888076782,XGBoost,Prediction,Test
6901,2025-11-25,P014,2.2442636489868164,XGBoost,Prediction,Test
6902,2025-11-26,P014,1.4801385402679443,XGBoost,Prediction,Test
6903,2025-11-27,P014,2.034930229187012,XGBoost,Prediction,Test
6904,2025-11-28,P014,1.9843136072158811,XGBoost,Prediction,Test
6905,2025-11-29,P014,2.148625612258911,XGBoost,Prediction,Test
6906,2025-11-30,P014,2.104476928710937,XGBoost,Prediction,Test
6907,2025-12-01,P014,2.411930799484253,XGBoost,Prediction,Test
6908,2025-12-02,P014,2.173966646194458,XGBoost,Prediction,Test
6909,2025-12-03,P014,1.95927369594574,XGBoost,Prediction,Test
6910,2025-12-04,P014,3.00885272026062,XGBoost,Prediction,Test
6911,2025-12-05,P014,1.773163080215454,XGBoost,Prediction,Test
6912,2025-12-06,P014,2.473269462585449,XGBoost,Prediction,Test
6913,2025-12-07,P014,2.432360410690308,XGBoost,Prediction,Test
6914,2025-12-08,P014,1.481011152267456,XGBoost,Prediction,Test
6915,2025-12-09,P014,2.051630735397339,XGBoost,Prediction,Test
6916,2025-12-10,P014,2.562318801879883,XGBoost,Prediction,Test
6917,2025-12-11,P014,2.699392795562744,XGBoost,Prediction,Test
6918,2025-12-12,P014,2.108127355575561,XGBoost,Prediction,Test
6919,2025-12-13,P014,1.106900334358215,XGBoost,Prediction,Test
6920,2025-12-14,P014,2.9470763206481934,XGBoost,Prediction,Test
6921,2025-12-15,P014,2.0771024227142334,XGBoost,Prediction,Test
6922,2025-12-16,P014,2.4063146114349365,XGBoost,Prediction,Test
6923,2025-12-17,P014,1.8182566165924072,XGBoost,Prediction,Test
6924,2025-12-18,P014,2.776291608810425,XGBoost,Prediction,Test
6925,2025-12-19,P014,1.803107738494873,XGBoost,Prediction,Test
6926,2025-12-20,P014,1.6980172395706177,XGBoost,Prediction,Test
6927,2025-12-21,P014,2.0918543338775635,XGBoost,Prediction,Test
6928,2025-12-22,P014,1.6571831703186035,XGBoost,Prediction,Test
6929,2025-12-23,P014,2.302638053894043,XGBoost,Prediction,Test
6930,2025-12-24,P014,1.6322120428085327,XGBoost,Prediction,Test
6931,2025-12-25,P014,2.2369091510772705,XGBoost,Prediction,Test
6932,2025-12-26,P014,1.9734278917312624,XGBoost,Prediction,Test
6933,2025-12-27,P014,2.233985185623169,XGBoost,Prediction,Test
6934,2025-12-28,P014,2.85023832321167,XGBoost,Prediction,Test
6935,2025-12-29,P014,2.267727851867676,XGBoost,Prediction,Test
6936,2025-12-30,P014,1.9105547666549685,XGBoost,Prediction,Test
6937,2025-12-31,P014,2.588101863861084,XGBoost,Prediction,Test
6938,2025-11-25,P015,2.647691011428833,XGBoost,Prediction,Test
6939,2025-11-26,P015,1.7715020179748535,XGBoost,Prediction,Test
6940,2025-11-27,P015,1.549953579902649,XGBoost,Prediction,Test
6941,2025-11-28,P015,2.123823642730713,XGBoost,Prediction,Test
6942,2025-11-29,P015,2.778398036956787,XGBoost,Prediction,Test
6943,2025-11-30,P015,2.319679975509644,XGBoost,Prediction,Test
6944,2025-12-01,P015,2.031904935836792,XGBoost,Prediction,Test
6945,2025-12-02,P015,1.6602847576141355,XGBoost,Prediction,Test
6946,2025-12-03,P015,2.967094659805298,XGBoost,Prediction,Test
6947,2025-12-04,P015,2.154247522354126,XGBoost,Prediction,Test
6948,2025-12-05,P015,2.31666898727417,XGBoost,Prediction,Test
6949,2025-12-06,P015,2.504976749420166,XGBoost,Prediction,Test
6950,2025-12-07,P015,2.936085700988769,XGBoost,Prediction,Test
6951,2025-12-08,P015,2.080572366714477,XGBoost,Prediction,Test
6952,2025-12-09,P015,2.942371368408203,XGBoost,Prediction,Test
6953,2025-12-10,P015,2.844401597976685,XGBoost,Prediction,Test
6954,2025-12-11,P015,2.0055482387542725,XGBoost,Prediction,Test
6955,2025-12-12,P015,3.2160208225250244,XGBoost,Prediction,Test
6956,2025-12-13,P015,1.750257968902588,XGBoost,Prediction,Test
6957,2025-12-14,P015,1.9878393411636357,XGBoost,Prediction,Test
6958,2025-12-15,P015,2.8456952571868896,XGBoost,Prediction,Test
6959,2025-12-16,P015,1.9612553119659424,XGBoost,Prediction,Test
6960,2025-12-17,P015,2.0091753005981445,XGBoost,Prediction,Test
6961,2025-12-18,P015,2.293085813522339,XGBoost,Prediction,Test
6962,2025-12-19,P015,2.106203079223633,XGBoost,Prediction,Test
6963,2025-12-20,P015,2.255138635635376,XGBoost,Prediction,Test
6964,2025-12-21,P015,2.3717730045318604,XGBoost,Prediction,Test
6965,2025-12-22,P015,1.4463908672332764,XGBoost,Prediction,Test
6966,2025-12-23,P015,2.820065975189209,XGBoost,Prediction,Test
6967,2025-12-24,P015,1.757043957710266,XGBoost,Prediction,Test
6968,2025-12-25,P015,1.46551251411438,XGBoost,Prediction,Test
6969,2025-12-26,P015,1.9262042045593264,XGBoost,Prediction,Test
6970,2025-12-27,P015,2.6681063175201416,XGBoost,Prediction,Test
6971,2025-12-28,P015,2.34641432762146,XGBoost,Prediction,Test
6972,2025-12-29,P015,2.798572540283203,XGBoost,Prediction,Test
6973,2025-12-30,P015,2.318828821182251,XGBoost,Prediction,Test
6974,2025-12-31,P015,2.256157398223877,XGBoost,Prediction,Test
6975,2025-11-25,P016,2.480724573135376,XGBoost,Prediction,Test
6976,2025-11-26,P016,1.5920088291168213,XGBoost,Prediction,Test
6977,2025-11-27,P016,2.218106508255005,XGBoost,Prediction,Test
6978,2025-11-28,P016,2.6037917137146,XGBoost,Prediction,Test
6979,2025-11-29,P016,2.0673511028289795,XGBoost,Prediction,Test
6980,2025-11-30,P016,1.17609965801239,XGBoost,Prediction,Test
6981,2025-12-01,P016,1.9722212553024288,XGBoost,Prediction,Test
6982,2025-12-02,P016,3.5303714275360107,XGBoost,Prediction,Test
6983,2025-12-03,P016,1.3941197395324707,XGBoost,Prediction,Test
6984,2025-12-04,P016,2.755402088165283,XGBoost,Prediction,Test
6985,2025-12-05,P016,1.6394295692443848,XGBoost,Prediction,Test
6986,2025-12-06,P016,2.52758526802063,XGBoost,Prediction,Test
6987,2025-12-07,P016,1.814993977546692,XGBoost,Prediction,Test
6988,2025-12-08,P016,1.9235508441925049,XGBoost,Prediction,Test
6989,2025-12-09,P016,1.746828317642212,XGBoost,Prediction,Test
6990,2025-12-10,P016,2.3407087326049805,XGBoost,Prediction,Test
6991,2025-12-11,P016,2.019357919692993,XGBoost,Prediction,Test
6992,2025-12-12,P016,1.50632905960083,XGBoost,Prediction,Test
6993,2025-12-13,P016,1.698615312576294,XGBoost,Prediction,Test
6994,2025-12-14,P016,2.3745734691619877,XGBoost,Prediction,Test
6995,2025-12-15,P016,2.5215189456939697,XGBoost,Prediction,Test
6996,2025-12-16,P016,2.0664877891540527,XGBoost,Prediction,Test
6997,2025-12-17,P016,1.5537991523742676,XGBoost,Prediction,Test
6998,2025-12-18,P016,2.366204738616944,XGBoost,Prediction,Test
6999,2025-12-19,P016,1.9762206077575684,XGBoost,Prediction,Test
7000,2025-12-20,P016,1.5547717809677124,XGBoost,Prediction,Test
7001,2025-12-21,P016,1.5625121593475342,XGBoost,Prediction,Test
7002,2025-12-22,P016,1.1287473440170288,XGBoost,Prediction,Test
7003,2025-12-23,P016,2.1366758346557617,XGBoost,Prediction,Test
7004,2025-12-24,P016,1.7942886352539062,XGBoost,Prediction,Test
7005,2025-12-25,P016,2.192051410675049,XGBoost,Prediction,Test
7006,2025-12-26,P016,1.7173194885253906,XGBoost,Prediction,Test
7007,2025-12-27,P016,2.1812844276428223,XGBoost,Prediction,Test
7008,2025-12-28,P016,1.433120608329773,XGBoost,Prediction,Test
7009,2025-12-29,P016,1.1975722312927246,XGBoost,Prediction,Test
7010,2025-12-30,P016,1.995752215385437,XGBoost,Prediction,Test
7011,2025-12-31,P016,1.923062801361084,XGBoost,Prediction,Test
7012,2025-11-25,P017,2.2381367683410645,XGBoost,Prediction,Test
7013,2025-11-26,P017,1.722178339958191,XGBoost,Prediction,Test
7014,2025-11-27,P017,1.767489671707153,XGBoost,Prediction,Test
7015,2025-11-28,P017,2.553173542022705,XGBoost,Prediction,Test
7016,2025-11-29,P017,1.4233736991882324,XGBoost,Prediction,Test
7017,2025-11-30,P017,2.383125305175781,XGBoost,Prediction,Test
7018,2025-12-01,P017,1.6218475103378296,XGBoost,Prediction,Test
7019,2025-12-02,P017,1.9748234748840328,XGBoost,Prediction,Test
7020,2025-12-03,P017,2.558706283569336,XGBoost,Prediction,Test
7021,2025-12-04,P017,2.5892374515533447,XGBoost,Prediction,Test
7022,2025-12-05,P017,2.3635776042938232,XGBoost,Prediction,Test
7023,2025-12-06,P017,1.815840244293213,XGBoost,Prediction,Test
7024,2025-12-07,P017,1.968360424041748,XGBoost,Prediction,Test
7025,2025-12-08,P017,2.2508654594421387,XGBoost,Prediction,Test
7026,2025-12-09,P017,2.467287540435791,XGBoost,Prediction,Test
7027,2025-12-10,P017,2.53296160697937,XGBoost,Prediction,Test
7028,2025-12-11,P017,1.9383084774017332,XGBoost,Prediction,Test
7029,2025-12-12,P017,1.953323245048523,XGBoost,Prediction,Test
7030,2025-12-13,P017,2.1620330810546875,XGBoost,Prediction,Test
7031,2025-12-14,P017,2.0154738426208496,XGBoost,Prediction,Test
7032,2025-12-15,P017,1.8854963779449463,XGBoost,Prediction,Test
7033,2025-12-16,P017,1.8822449445724487,XGBoost,Prediction,Test
7034,2025-12-17,P017,2.3717634677886963,XGBoost,Prediction,Test
7035,2025-12-18,P017,1.8330086469650269,XGBoost,Prediction,Test
7036,2025-12-19,P017,1.2496713399887085,XGBoost,Prediction,Test
7037,2025-12-20,P017,1.7689563035964966,XGBoost,Prediction,Test
7038,2025-12-21,P017,2.427325963973999,XGBoost,Prediction,Test
7039,2025-12-22,P017,2.2917091846466064,XGBoost,Prediction,Test
7040,2025-12-23,P017,2.692302703857422,XGBoost,Prediction,Test
7041,2025-12-24,P017,1.9820741415023804,XGBoost,Prediction,Test
7042,2025-12-25,P017,1.862992286682129,XGBoost,Prediction,Test
7043,2025-12-26,P017,1.854686260223389,XGBoost,Prediction,Test
7044,2025-12-27,P017,2.058490514755249,XGBoost,Prediction,Test
7045,2025-12-28,P017,2.310585021972656,XGBoost,Prediction,Test
7046,2025-12-29,P017,2.2070353031158447,XGBoost,Prediction,Test
7047,2025-12-30,P017,1.7498255968093872,XGBoost,Prediction,Test
7048,2025-12-31,P017,1.6974081993103027,XGBoost,Prediction,Test
7049,2025-11-25,P018,2.046480417251587,XGBoost,Prediction,Test
7050,2025-11-26,P018,2.1834232807159424,XGBoost,Prediction,Test
7051,2025-11-27,P018,2.034339666366577,XGBoost,Prediction,Test
7052,2025-11-28,P018,1.8823237419128416,XGBoost,Prediction,Test
7053,2025-11-29,P018,2.6134440898895264,XGBoost,Prediction,Test
7054,2025-11-30,P018,1.7676867246627808,XGBoost,Prediction,Test
7055,2025-12-01,P018,1.0965439081192017,XGBoost,Prediction,Test
7056,2025-12-02,P018,2.6472485065460205,XGBoost,Prediction,Test
7057,2025-12-03,P018,2.447901964187622,XGBoost,Prediction,Test
7058,2025-12-04,P018,1.936651468276977,XGBoost,Prediction,Test
7059,2025-12-05,P018,1.9511916637420652,XGBoost,Prediction,Test
7060,2025-12-06,P018,2.262025117874145,XGBoost,Prediction,Test
7061,2025-12-07,P018,1.4920443296432495,XGBoost,Prediction,Test
7062,2025-12-08,P018,2.0553855895996094,XGBoost,Prediction,Test
7063,2025-12-09,P018,1.778312921524048,XGBoost,Prediction,Test
7064,2025-12-10,P018,1.554640531539917,XGBoost,Prediction,Test
7065,2025-12-11,P018,2.7016541957855225,XGBoost,Prediction,Test
7066,2025-12-12,P018,3.0107622146606445,XGBoost,Prediction,Test
7067,2025-12-13,P018,1.8066176176071167,XGBoost,Prediction,Test
7068,2025-12-14,P018,2.411607265472412,XGBoost,Prediction,Test
7069,2025-12-15,P018,2.291896104812622,XGBoost,Prediction,Test
7070,2025-12-16,P018,2.0962045192718506,XGBoost,Prediction,Test
7071,2025-12-17,P018,1.881230473518372,XGBoost,Prediction,Test
7072,2025-12-18,P018,2.775350332260132,XGBoost,Prediction,Test
7073,2025-12-19,P018,2.175843477249145,XGBoost,Prediction,Test
7074,2025-12-20,P018,1.7117775678634644,XGBoost,Prediction,Test
7075,2025-12-21,P018,1.6808602809906006,XGBoost,Prediction,Test
7076,2025-12-22,P018,2.7367043495178223,XGBoost,Prediction,Test
7077,2025-12-23,P018,2.365950345993042,XGBoost,Prediction,Test
7078,2025-12-24,P018,2.20846962928772,XGBoost,Prediction,Test
7079,2025-12-25,P018,2.169374704360962,XGBoost,Prediction,Test
7080,2025-12-26,P018,1.67424213886261,XGBoost,Prediction,Test
7081,2025-12-27,P018,1.6676000356674194,XGBoost,Prediction,Test
7082,2025-12-28,P018,1.875020980834961,XGBoost,Prediction,Test
7083,2025-12-29,P018,3.057248830795288,XGBoost,Prediction,Test
7084,2025-12-30,P018,1.728582501411438,XGBoost,Prediction,Test
7085,2025-12-31,P018,2.389210700988769,XGBoost,Prediction,Test
7086,2025-11-25,P019,2.61413049697876,XGBoost,Prediction,Test
7087,2025-11-26,P019,1.4143465757369995,XGBoost,Prediction,Test
7088,2025-11-27,P019,1.1578171253204346,XGBoost,Prediction,Test
7089,2025-11-28,P019,2.299532890319824,XGBoost,Prediction,Test
7090,2025-11-29,P019,3.418564558029175,XGBoost,Prediction,Test
7091,2025-11-30,P019,1.720374584197998,XGBoost,Prediction,Test
7092,2025-12-01,P019,1.9018577337265012,XGBoost,Prediction,Test
7093,2025-12-02,P019,3.126464366912842,XGBoost,Prediction,Test
7094,2025-12-03,P019,1.8651520013809204,XGBoost,Prediction,Test
7095,2025-12-04,P019,1.9554121494293213,XGBoost,Prediction,Test
7096,2025-12-05,P019,0.7814983129501343,XGBoost,Prediction,Test
7097,2025-12-06,P019,2.594481945037842,XGBoost,Prediction,Test
7098,2025-12-07,P019,2.12180757522583,XGBoost,Prediction,Test
7099,2025-12-08,P019,2.0171921253204346,XGBoost,Prediction,Test
7100,2025-12-09,P019,1.91814649105072,XGBoost,Prediction,Test
7101,2025-12-10,P019,2.356961488723755,XGBoost,Prediction,Test
7102,2025-12-11,P019,2.5577423572540283,XGBoost,Prediction,Test
7103,2025-12-12,P019,2.09865951538086,XGBoost,Prediction,Test
7104,2025-12-13,P019,1.8648946285247805,XGBoost,Prediction,Test
7105,2025-12-14,P019,2.087624311447144,XGBoost,Prediction,Test
7106,2025-12-15,P019,2.3481454849243164,XGBoost,Prediction,Test
7107,2025-12-16,P019,2.677797317504883,XGBoost,Prediction,Test
7108,2025-12-17,P019,1.5061163902282717,XGBoost,Prediction,Test
7109,2025-12-18,P019,2.879183530807495,XGBoost,Prediction,Test
7110,2025-12-19,P019,1.7600334882736206,XGBoost,Prediction,Test
7111,2025-12-20,P019,2.23225474357605,XGBoost,Prediction,Test
7112,2025-12-21,P019,2.5625040531158447,XGBoost,Prediction,Test
7113,2025-12-22,P019,1.352542281150818,XGBoost,Prediction,Test
7114,2025-12-23,P019,2.094355344772339,XGBoost,Prediction,Test
7115,2025-12-24,P019,2.390241861343384,XGBoost,Prediction,Test
7116,2025-12-25,P019,1.7850996255874634,XGBoost,Prediction,Test
7117,2025-12-26,P019,1.2733185291290283,XGBoost,Prediction,Test
7118,2025-12-27,P019,1.801372528076172,XGBoost,Prediction,Test
7119,2025-12-28,P019,2.620419979095459,XGBoost,Prediction,Test
7120,2025-12-29,P019,1.6377671957015991,XGBoost,Prediction,Test
7121,2025-12-30,P019,2.3966541290283203,XGBoost,Prediction,Test
7122,2025-12-31,P019,1.1038552522659302,XGBoost,Prediction,Test
7123,2025-11-25,P020,2.496607780456543,XGBoost,Prediction,Test
7124,2025-11-26,P020,1.6479365825653076,XGBoost,Prediction,Test
7125,2025-11-27,P020,1.1028070449829102,XGBoost,Prediction,Test
7126,2025-11-28,P020,1.9999181032180784,XGBoost,Prediction,Test
7127,2025-11-29,P020,1.2800235748291016,XGBoost,Prediction,Test
7128,2025-11-30,P020,2.5295557975769043,XGBoost,Prediction,Test
7129,2025-12-01,P020,2.143725872039795,XGBoost,Prediction,Test
7130,2025-12-02,P020,1.0047603845596311,XGBoost,Prediction,Test
7131,2025-12-03,P020,1.6149245500564575,XGBoost,Prediction,Test
7132,2025-12-04,P020,2.5484514236450195,XGBoost,Prediction,Test
7133,2025-12-05,P020,1.3035608530044556,XGBoost,Prediction,Test
7134,2025-12-06,P020,1.3001364469528198,XGBoost,Prediction,Test
7135,2025-12-07,P020,1.8319612741470337,XGBoost,Prediction,Test
7136,2025-12-08,P020,1.9243584871292116,XGBoost,Prediction,Test
7137,2025-12-09,P020,1.4067782163619995,XGBoost,Prediction,Test
7138,2025-12-10,P020,2.2374203205108643,XGBoost,Prediction,Test
7139,2025-12-11,P020,1.4096678495407104,XGBoost,Prediction,Test
7140,2025-12-12,P020,1.833106279373169,XGBoost,Prediction,Test
7141,2025-12-13,P020,2.370844602584839,XGBoost,Prediction,Test
7142,2025-12-14,P020,1.91391122341156,XGBoost,Prediction,Test
7143,2025-12-15,P020,1.867064356803894,XGBoost,Prediction,Test
7144,2025-12-16,P020,2.1906557083129883,XGBoost,Prediction,Test
7145,2025-12-17,P020,1.5919312238693235,XGBoost,Prediction,Test
7146,2025-12-18,P020,2.3026673793792725,XGBoost,Prediction,Test
7147,2025-12-19,P020,1.4254913330078125,XGBoost,Prediction,Test
7148,2025-12-20,P020,1.5922770500183103,XGBoost,Prediction,Test
7149,2025-12-21,P020,2.3579204082489014,XGBoost,Prediction,Test
7150,2025-12-22,P020,1.8980004787445068,XGBoost,Prediction,Test
7151,2025-12-23,P020,1.7003275156021118,XGBoost,Prediction,Test
7152,2025-12-24,P020,1.402847170829773,XGBoost,Prediction,Test
7153,2025-12-25,P020,1.6504911184310913,XGBoost,Prediction,Test
7154,2025-12-26,P020,1.082463622093201,XGBoost,Prediction,Test
7155,2025-12-27,P020,2.224027395248413,XGBoost,Prediction,Test
7156,2025-12-28,P020,1.4091416597366333,XGBoost,Prediction,Test
7157,2025-12-29,P020,2.0008676052093506,XGBoost,Prediction,Test
7158,2025-12-30,P020,1.7222851514816284,XGBoost,Prediction,Test
7159,2025-12-31,P020,2.2717702388763428,XGBoost,Prediction,Test
7160,2026-01-01,P001,2.0,XGBoost,Prediction,Future
7161,2026-01-02,P001,2.0,XGBoost,Prediction,Future
7162,2026-01-03,P001,1.0,XGBoost,Prediction,Future
7163,2026-01-04,P001,2.0,XGBoost,Prediction,Future
7164,2026-01-05,P001,1.0,XGBoost,Prediction,Future
7165,2026-01-06,P001,1.0,XGBoost,Prediction,Future
7166,2026-01-07,P001,2.0,XGBoost,Prediction,Future
7167,2026-01-08,P001,1.0,XGBoost,Prediction,Future
7168,2026-01-09,P001,1.0,XGBoost,Prediction,Future
7169,2026-01-10,P001,1.0,XGBoost,Prediction,Future
7170,2026-01-11,P001,1.0,XGBoost,Prediction,Future
7171,2026-01-12,P001,1.0,XGBoost,Prediction,Future
7172,2026-01-13,P001,1.0,XGBoost,Prediction,Future
7173,2026-01-14,P001,1.0,XGBoost,Prediction,Future
7174,2026-01-15,P001,1.0,XGBoost,Prediction,Future
7175,2026-01-16,P001,1.0,XGBoost,Prediction,Future
7176,2026-01-17,P001,1.0,XGBoost,Prediction,Future
7177,2026-01-18,P001,0.0,XGBoost,Prediction,Future
7178,2026-01-19,P001,1.0,XGBoost,Prediction,Future
7179,2026-01-20,P001,1.0,XGBoost,Prediction,Future
7180,2026-01-21,P001,1.0,XGBoost,Prediction,Future
7181,2026-01-22,P001,1.0,XGBoost,Prediction,Future
7182,2026-01-23,P001,1.0,XGBoost,Prediction,Future
7183,2026-01-24,P001,1.0,XGBoost,Prediction,Future
7184,2026-01-25,P001,1.0,XGBoost,Prediction,Future
7185,2026-01-26,P001,1.0,XGBoost,Prediction,Future
7186,2026-01-27,P001,1.0,XGBoost,Prediction,Future
7187,2026-01-28,P001,1.0,XGBoost,Prediction,Future
7188,2026-01-29,P001,1.0,XGBoost,Prediction,Future
7189,2026-01-30,P001,0.0,XGBoost,Prediction,Future
7190,2026-01-01,P002,1.0,XGBoost,Prediction,Future
7191,2026-01-02,P002,1.0,XGBoost,Prediction,Future
7192,2026-01-03,P002,1.0,XGBoost,Prediction,Future
7193,2026-01-04,P002,1.0,XGBoost,Prediction,Future
7194,2026-01-05,P002,1.0,XGBoost,Prediction,Future
7195,2026-01-06,P002,2.0,XGBoost,Prediction,Future
7196,2026-01-07,P002,0.0,XGBoost,Prediction,Future
7197,2026-01-08,P002,1.0,XGBoost,Prediction,Future
7198,2026-01-09,P002,2.0,XGBoost,Prediction,Future
7199,2026-01-10,P002,1.0,XGBoost,Prediction,Future
7200,2026-01-11,P002,1.0,XGBoost,Prediction,Future
7201,2026-01-12,P002,2.0,XGBoost,Prediction,Future
7202,2026-01-13,P002,2.0,XGBoost,Prediction,Future
7203,2026-01-14,P002,2.0,XGBoost,Prediction,Future
7204,2026-01-15,P002,1.0,XGBoost,Prediction,Future
7205,2026-01-16,P002,1.0,XGBoost,Prediction,Future
7206,2026-01-17,P002,1.0,XGBoost,Prediction,Future
7207,2026-01-18,P002,1.0,XGBoost,Prediction,Future
7208,2026-01-19,P002,1.0,XGBoost,Prediction,Future
7209,2026-01-20,P002,1.0,XGBoost,Prediction,Future
7210,2026-01-21,P002,2.0,XGBoost,Prediction,Future
7211,2026-01-22,P002,1.0,XGBoost,Prediction,Future
7212,2026-01-23,P002,1.0,XGBoost,Prediction,Future
7213,2026-01-24,P002,1.0,XGBoost,Prediction,Future
7214,2026-01-25,P002,1.0,XGBoost,Prediction,Future
7215,2026-01-26,P002,2.0,XGBoost,Prediction,Future
7216,2026-01-27,P002,2.0,XGBoost,Prediction,Future
7217,2026-01-28,P002,2.0,XGBoost,Prediction,Future
7218,2026-01-29,P002,1.0,XGBoost,Prediction,Future
7219,2026-01-30,P002,2.0,XGBoost,Prediction,Future
7220,2026-01-01,P003,2.0,XGBoost,Prediction,Future
7221,2026-01-02,P003,2.0,XGBoost,Prediction,Future
7222,2026-01-03,P003,2.0,XGBoost,Prediction,Future
7223,2026-01-04,P003,1.0,XGBoost,Prediction,Future
7224,2026-01-05,P003,1.0,XGBoost,Prediction,Future
7225,2026-01-06,P003,2.0,XGBoost,Prediction,Future
7226,2026-01-07,P003,1.0,XGBoost,Prediction,Future
7227,2026-01-08,P003,1.0,XGBoost,Prediction,Future
7228,2026-01-09,P003,1.0,XGBoost,Prediction,Future
7229,2026-01-10,P003,0.0,XGBoost,Prediction,Future
7230,2026-01-11,P003,1.0,XGBoost,Prediction,Future
7231,2026-01-12,P003,0.0,XGBoost,Prediction,Future
7232,2026-01-13,P003,1.0,XGBoost,Prediction,Future
7233,2026-01-14,P003,1.0,XGBoost,Prediction,Future
7234,2026-01-15,P003,1.0,XGBoost,Prediction,Future
7235,2026-01-16,P003,1.0,XGBoost,Prediction,Future
7236,2026-01-17,P003,1.0,XGBoost,Prediction,Future
7237,2026-01-18,P003,1.0,XGBoost,Prediction,Future
7238,2026-01-19,P003,1.0,XGBoost,Prediction,Future
7239,2026-01-20,P003,1.0,XGBoost,Prediction,Future
7240,2026-01-21,P003,1.0,XGBoost,Prediction,Future
7241,2026-01-22,P003,1.0,XGBoost,Prediction,Future
7242,2026-01-23,P003,1.0,XGBoost,Prediction,Future
7243,2026-01-24,P003,1.0,XGBoost,Prediction,Future
7244,2026-01-25,P003,1.0,XGBoost,Prediction,Future
7245,2026-01-26,P003,1.0,XGBoost,Prediction,Future
7246,2026-01-27,P003,1.0,XGBoost,Prediction,Future
7247,2026-01-28,P003,1.0,XGBoost,Prediction,Future
7248,2026-01-29,P003,1.0,XGBoost,Prediction,Future
7249,2026-01-30,P003,1.0,XGBoost,Prediction,Future
7250,2026-01-01,P004,2.0,XGBoost,Prediction,Future
7251,2026-01-02,P004,3.0,XGBoost,Prediction,Future
7252,2026-01-03,P004,1.0,XGBoost,Prediction,Future
7253,2026-01-04,P004,2.0,XGBoost,Prediction,Future
7254,2026-01-05,P004,2.0,XGBoost,Prediction,Future
7255,2026-01-06,P004,1.0,XGBoost,Prediction,Future
7256,2026-01-07,P004,2.0,XGBoost,Prediction,Future
7257,2026-01-08,P004,2.0,XGBoost,Prediction,Future
7258,2026-01-09,P004,2.0,XGBoost,Prediction,Future
7259,2026-01-10,P004,2.0,XGBoost,Prediction,Future
7260,2026-01-11,P004,2.0,XGBoost,Prediction,Future
7261,2026-01-12,P004,2.0,XGBoost,Prediction,Future
7262,2026-01-13,P004,2.0,XGBoost,Prediction,Future
7263,2026-01-14,P004,1.0,XGBoost,Prediction,Future
7264,2026-01-15,P004,2.0,XGBoost,Prediction,Future
7265,2026-01-16,P004,1.0,XGBoost,Prediction,Future
7266,2026-01-17,P004,1.0,XGBoost,Prediction,Future
7267,2026-01-18,P004,2.0,XGBoost,Prediction,Future
7268,2026-01-19,P004,2.0,XGBoost,Prediction,Future
7269,2026-01-20,P004,2.0,XGBoost,Prediction,Future
7270,2026-01-21,P004,2.0,XGBoost,Prediction,Future
7271,2026-01-22,P004,2.0,XGBoost,Prediction,Future
7272,2026-01-23,P004,2.0,XGBoost,Prediction,Future
7273,2026-01-24,P004,2.0,XGBoost,Prediction,Future
7274,2026-01-25,P004,2.0,XGBoost,Prediction,Future
7275,2026-01-26,P004,2.0,XGBoost,Prediction,Future
7276,2026-01-27,P004,2.0,XGBoost,Prediction,Future
7277,2026-01-28,P004,2.0,XGBoost,Prediction,Future
7278,2026-01-29,P004,2.0,XGBoost,Prediction,Future
7279,2026-01-30,P004,2.0,XGBoost,Prediction,Future
7280,2026-01-01,P005,1.0,XGBoost,Prediction,Future
7281,2026-01-02,P005,1.0,XGBoost,Prediction,Future
7282,2026-01-03,P005,2.0,XGBoost,Prediction,Future
7283,2026-01-04,P005,2.0,XGBoost,Prediction,Future
7284,2026-01-05,P005,1.0,XGBoost,Prediction,Future
7285,2026-01-06,P005,2.0,XGBoost,Prediction,Future
7286,2026-01-07,P005,2.0,XGBoost,Prediction,Future
7287,2026-01-08,P005,1.0,XGBoost,Prediction,Future
7288,2026-01-09,P005,1.0,XGBoost,Prediction,Future
7289,2026-01-10,P005,1.0,XGBoost,Prediction,Future
7290,2026-01-11,P005,1.0,XGBoost,Prediction,Future
7291,2026-01-12,P005,1.0,XGBoost,Prediction,Future
7292,2026-01-13,P005,1.0,XGBoost,Prediction,Future
7293,2026-01-14,P005,1.0,XGBoost,Prediction,Future
7294,2026-01-15,P005,1.0,XGBoost,Prediction,Future
7295,2026-01-16,P005,1.0,XGBoost,Prediction,Future
7296,2026-01-17,P005,1.0,XGBoost,Prediction,Future
7297,2026-01-18,P005,1.0,XGBoost,Prediction,Future
7298,2026-01-19,P005,1.0,XGBoost,Prediction,Future
7299,2026-01-20,P005,1.0,XGBoost,Prediction,Future
7300,2026-01-21,P005,1.0,XGBoost,Prediction,Future
7301,2026-01-22,P005,1.0,XGBoost,Prediction,Future
7302,2026-01-23,P005,1.0,XGBoost,Prediction,Future
7303,2026-01-24,P005,1.0,XGBoost,Prediction,Future
7304,2026-01-25,P005,2.0,XGBoost,Prediction,Future
7305,2026-01-26,P005,2.0,XGBoost,Prediction,Future
7306,2026-01-27,P005,2.0,XGBoost,Prediction,Future
7307,2026-01-28,P005,1.0,XGBoost,Prediction,Future
7308,2026-01-29,P005,1.0,XGBoost,Prediction,Future
7309,2026-01-30,P005,1.0,XGBoost,Prediction,Future
7310,2026-01-01,P006,1.0,XGBoost,Prediction,Future
7311,2026-01-02,P006,1.0,XGBoost,Prediction,Future
7312,2026-01-03,P006,1.0,XGBoost,Prediction,Future
7313,2026-01-04,P006,1.0,XGBoost,Prediction,Future
7314,2026-01-05,P006,1.0,XGBoost,Prediction,Future
7315,2026-01-06,P006,1.0,XGBoost,Prediction,Future
7316,2026-01-07,P006,1.0,XGBoost,Prediction,Future
7317,2026-01-08,P006,1.0,XGBoost,Prediction,Future
7318,2026-01-09,P006,1.0,XGBoost,Prediction,Future
7319,2026-01-10,P006,1.0,XGBoost,Prediction,Future
7320,2026-01-11,P006,1.0,XGBoost,Prediction,Future
7321,2026-01-12,P006,1.0,XGBoost,Prediction,Future
7322,2026-01-13,P006,1.0,XGBoost,Prediction,Future
7323,2026-01-14,P006,1.0,XGBoost,Prediction,Future
7324,2026-01-15,P006,1.0,XGBoost,Prediction,Future
7325,2026-01-16,P006,1.0,XGBoost,Prediction,Future
7326,2026-01-17,P006,1.0,XGBoost,Prediction,Future
7327,2026-01-18,P006,1.0,XGBoost,Prediction,Future
7328,2026-01-19,P006,1.0,XGBoost,Prediction,Future
7329,2026-01-20,P006,1.0,XGBoost,Prediction,Future
7330,2026-01-21,P006,1.0,XGBoost,Prediction,Future
7331,2026-01-22,P006,1.0,XGBoost,Prediction,Future
7332,2026-01-23,P006,1.0,XGBoost,Prediction,Future
7333,2026-01-24,P006,1.0,XGBoost,Prediction,Future
7334,2026-01-25,P006,1.0,XGBoost,Prediction,Future
7335,2026-01-26,P006,1.0,XGBoost,Prediction,Future
7336,2026-01-27,P006,1.0,XGBoost,Prediction,Future
7337,2026-01-28,P006,1.0,XGBoost,Prediction,Future
7338,2026-01-29,P006,1.0,XGBoost,Prediction,Future
7339,2026-01-30,P006,1.0,XGBoost,Prediction,Future
7340,2026-01-01,P007,1.0,XGBoost,Prediction,Future
7341,2026-01-02,P007,3.0,XGBoost,Prediction,Future
7342,2026-01-03,P007,2.0,XGBoost,Prediction,Future
7343,2026-01-04,P007,2.0,XGBoost,Prediction,Future
7344,2026-01-05,P007,2.0,XGBoost,Prediction,Future
7345,2026-01-06,P007,2.0,XGBoost,Prediction,Future
7346,2026-01-07,P007,2.0,XGBoost,Prediction,Future
7347,2026-01-08,P007,1.0,XGBoost,Prediction,Future
7348,2026-01-09,P007,2.0,XGBoost,Prediction,Future
7349,2026-01-10,P007,1.0,XGBoost,Prediction,Future
7350,2026-01-11,P007,1.0,XGBoost,Prediction,Future
7351,2026-01-12,P007,2.0,XGBoost,Prediction,Future
7352,2026-01-13,P007,1.0,XGBoost,Prediction,Future
7353,2026-01-14,P007,1.0,XGBoost,Prediction,Future
7354,2026-01-15,P007,2.0,XGBoost,Prediction,Future
7355,2026-01-16,P007,2.0,XGBoost,Prediction,Future
7356,2026-01-17,P007,2.0,XGBoost,Prediction,Future
7357,2026-01-18,P007,2.0,XGBoost,Prediction,Future
7358,2026-01-19,P007,2.0,XGBoost,Prediction,Future
7359,2026-01-20,P007,2.0,XGBoost,Prediction,Future
7360,2026-01-21,P007,1.0,XGBoost,Prediction,Future
7361,2026-01-22,P007,2.0,XGBoost,Prediction,Future
7362,2026-01-23,P007,2.0,XGBoost,Prediction,Future
7363,2026-01-24,P007,1.0,XGBoost,Prediction,Future
7364,2026-01-25,P007,2.0,XGBoost,Prediction,Future
7365,2026-01-26,P007,1.0,XGBoost,Prediction,Future
7366,2026-01-27,P007,2.0,XGBoost,Prediction,Future
7367,2026-01-28,P007,1.0,XGBoost,Prediction,Future
7368,2026-01-29,P007,1.0,XGBoost,Prediction,Future
7369,2026-01-30,P007,2.0,XGBoost,Prediction,Future
7370,2026-01-01,P008,2.0,XGBoost,Prediction,Future
7371,2026-01-02,P008,2.0,XGBoost,Prediction,Future
7372,2026-01-03,P008,2.0,XGBoost,Prediction,Future
7373,2026-01-04,P008,1.0,XGBoost,Prediction,Future
7374,2026-01-05,P008,2.0,XGBoost,Prediction,Future
7375,2026-01-06,P008,2.0,XGBoost,Prediction,Future
7376,2026-01-07,P008,1.0,XGBoost,Prediction,Future
7377,2026-01-08,P008,1.0,XGBoost,Prediction,Future
7378,2026-01-09,P008,1.0,XGBoost,Prediction,Future
7379,2026-01-10,P008,1.0,XGBoost,Prediction,Future
7380,2026-01-11,P008,1.0,XGBoost,Prediction,Future
7381,2026-01-12,P008,1.0,XGBoost,Prediction,Future
7382,2026-01-13,P008,1.0,XGBoost,Prediction,Future
7383,2026-01-14,P008,1.0,XGBoost,Prediction,Future
7384,2026-01-15,P008,1.0,XGBoost,Prediction,Future
7385,2026-01-16,P008,1.0,XGBoost,Prediction,Future
7386,2026-01-17,P008,1.0,XGBoost,Prediction,Future
7387,2026-01-18,P008,1.0,XGBoost,Prediction,Future
7388,2026-01-19,P008,1.0,XGBoost,Prediction,Future
7389,2026-01-20,P008,1.0,XGBoost,Prediction,Future
7390,2026-01-21,P008,1.0,XGBoost,Prediction,Future
7391,2026-01-22,P008,1.0,XGBoost,Prediction,Future
7392,2026-01-23,P008,1.0,XGBoost,Prediction,Future
7393,2026-01-24,P008,2.0,XGBoost,Prediction,Future
7394,2026-01-25,P008,1.0,XGBoost,Prediction,Future
7395,2026-01-26,P008,1.0,XGBoost,Prediction,Future
7396,2026-01-27,P008,1.0,XGBoost,Prediction,Future
7397,2026-01-28,P008,1.0,XGBoost,Prediction,Future
7398,2026-01-29,P008,1.0,XGBoost,Prediction,Future
7399,2026-01-30,P008,1.0,XGBoost,Prediction,Future
7400,2026-01-01,P009,2.0,XGBoost,Prediction,Future
7401,2026-01-02,P009,1.0,XGBoost,Prediction,Future
7402,2026-01-03,P009,2.0,XGBoost,Prediction,Future
7403,2026-01-04,P009,2.0,XGBoost,Prediction,Future
7404,2026-01-05,P009,1.0,XGBoost,Prediction,Future
7405,2026-01-06,P009,1.0,XGBoost,Prediction,Future
7406,2026-01-07,P009,1.0,XGBoost,Prediction,Future
7407,2026-01-08,P009,1.0,XGBoost,Prediction,Future
7408,2026-01-09,P009,1.0,XGBoost,Prediction,Future
7409,2026-01-10,P009,0.0,XGBoost,Prediction,Future
7410,2026-01-11,P009,2.0,XGBoost,Prediction,Future
7411,2026-01-12,P009,1.0,XGBoost,Prediction,Future
7412,2026-01-13,P009,1.0,XGBoost,Prediction,Future
7413,2026-01-14,P009,1.0,XGBoost,Prediction,Future
7414,2026-01-15,P009,1.0,XGBoost,Prediction,Future
7415,2026-01-16,P009,1.0,XGBoost,Prediction,Future
7416,2026-01-17,P009,1.0,XGBoost,Prediction,Future
7417,2026-01-18,P009,1.0,XGBoost,Prediction,Future
7418,2026-01-19,P009,1.0,XGBoost,Prediction,Future
7419,2026-01-20,P009,1.0,XGBoost,Prediction,Future
7420,2026-01-21,P009,1.0,XGBoost,Prediction,Future
7421,2026-01-22,P009,1.0,XGBoost,Prediction,Future
7422,2026-01-23,P009,1.0,XGBoost,Prediction,Future
7423,2026-01-24,P009,1.0,XGBoost,Prediction,Future
7424,2026-01-25,P009,1.0,XGBoost,Prediction,Future
7425,2026-01-26,P009,1.0,XGBoost,Prediction,Future
7426,2026-01-27,P009,1.0,XGBoost,Prediction,Future
7427,2026-01-28,P009,1.0,XGBoost,Prediction,Future
7428,2026-01-29,P009,1.0,XGBoost,Prediction,Future
7429,2026-01-30,P009,1.0,XGBoost,Prediction,Future
7430,2026-01-01,P010,2.0,XGBoost,Prediction,Future
7431,2026-01-02,P010,1.0,XGBoost,Prediction,Future
7432,2026-01-03,P010,2.0,XGBoost,Prediction,Future
7433,2026-01-04,P010,1.0,XGBoost,Prediction,Future
7434,2026-01-05,P010,1.0,XGBoost,Prediction,Future
7435,2026-01-06,P010,2.0,XGBoost,Prediction,Future
7436,2026-01-07,P010,2.0,XGBoost,Prediction,Future
7437,2026-01-08,P010,1.0,XGBoost,Prediction,Future
7438,2026-01-09,P010,1.0,XGBoost,Prediction,Future
7439,2026-01-10,P010,1.0,XGBoost,Prediction,Future
7440,2026-01-11,P010,1.0,XGBoost,Prediction,Future
7441,2026-01-12,P010,1.0,XGBoost,Prediction,Future
7442,2026-01-13,P010,1.0,XGBoost,Prediction,Future
7443,2026-01-14,P010,1.0,XGBoost,Prediction,Future
7444,2026-01-15,P010,1.0,XGBoost,Prediction,Future
7445,2026-01-16,P010,1.0,XGBoost,Prediction,Future
7446,2026-01-17,P010,1.0,XGBoost,Prediction,Future
7447,2026-01-18,P010,1.0,XGBoost,Prediction,Future
7448,2026-01-19,P010,1.0,XGBoost,Prediction,Future
7449,2026-01-20,P010,1.0,XGBoost,Prediction,Future
7450,2026-01-21,P010,1.0,XGBoost,Prediction,Future
7451,2026-01-22,P010,1.0,XGBoost,Prediction,Future
7452,2026-01-23,P010,1.0,XGBoost,Prediction,Future
7453,2026-01-24,P010,1.0,XGBoost,Prediction,Future
7454,2026-01-25,P010,1.0,XGBoost,Prediction,Future
7455,2026-01-26,P010,1.0,XGBoost,Prediction,Future
7456,2026-01-27,P010,1.0,XGBoost,Prediction,Future
7457,2026-01-28,P010,1.0,XGBoost,Prediction,Future
7458,2026-01-29,P010,1.0,XGBoost,Prediction,Future
7459,2026-01-30,P010,1.0,XGBoost,Prediction,Future
7460,2026-01-01,P011,1.0,XGBoost,Prediction,Future
7461,2026-01-02,P011,2.0,XGBoost,Prediction,Future
7462,2026-01-03,P011,2.0,XGBoost,Prediction,Future
7463,2026-01-04,P011,2.0,XGBoost,Prediction,Future
7464,2026-01-05,P011,1.0,XGBoost,Prediction,Future
7465,2026-01-06,P011,1.0,XGBoost,Prediction,Future
7466,2026-01-07,P011,1.0,XGBoost,Prediction,Future
7467,2026-01-08,P011,1.0,XGBoost,Prediction,Future
7468,2026-01-09,P011,1.0,XGBoost,Prediction,Future
7469,2026-01-10,P011,1.0,XGBoost,Prediction,Future
7470,2026-01-11,P011,1.0,XGBoost,Prediction,Future
7471,2026-01-12,P011,1.0,XGBoost,Prediction,Future
7472,2026-01-13,P011,1.0,XGBoost,Prediction,Future
7473,2026-01-14,P011,1.0,XGBoost,Prediction,Future
7474,2026-01-15,P011,1.0,XGBoost,Prediction,Future
7475,2026-01-16,P011,1.0,XGBoost,Prediction,Future
7476,2026-01-17,P011,1.0,XGBoost,Prediction,Future
7477,2026-01-18,P011,1.0,XGBoost,Prediction,Future
7478,2026-01-19,P011,1.0,XGBoost,Prediction,Future
7479,2026-01-20,P011,1.0,XGBoost,Prediction,Future
7480,2026-01-21,P011,1.0,XGBoost,Prediction,Future
7481,2026-01-22,P011,1.0,XGBoost,Prediction,Future
7482,2026-01-23,P011,1.0,XGBoost,Prediction,Future
7483,2026-01-24,P011,1.0,XGBoost,Prediction,Future
7484,2026-01-25,P011,1.0,XGBoost,Prediction,Future
7485,2026-01-26,P011,1.0,XGBoost,Prediction,Future
7486,2026-01-27,P011,1.0,XGBoost,Prediction,Future
7487,2026-01-28,P011,1.0,XGBoost,Prediction,Future
7488,2026-01-29,P011,1.0,XGBoost,Prediction,Future
7489,2026-01-30,P011,1.0,XGBoost,Prediction,Future
7490,2026-01-01,P012,1.0,XGBoost,Prediction,Future
7491,2026-01-02,P012,1.0,XGBoost,Prediction,Future
7492,2026-01-03,P012,2.0,XGBoost,Prediction,Future
7493,2026-01-04,P012,1.0,XGBoost,Prediction,Future
7494,2026-01-05,P012,1.0,XGBoost,Prediction,Future
7495,2026-01-06,P012,2.0,XGBoost,Prediction,Future
7496,2026-01-07,P012,1.0,XGBoost,Prediction,Future
7497,2026-01-08,P012,1.0,XGBoost,Prediction,Future
7498,2026-01-09,P012,1.0,XGBoost,Prediction,Future
7499,2026-01-10,P012,1.0,XGBoost,Prediction,Future
7500,2026-01-11,P012,1.0,XGBoost,Prediction,Future
7501,2026-01-12,P012,1.0,XGBoost,Prediction,Future
7502,2026-01-13,P012,2.0,XGBoost,Prediction,Future
7503,2026-01-14,P012,1.0,XGBoost,Prediction,Future
7504,2026-01-15,P012,1.0,XGBoost,Prediction,Future
7505,2026-01-16,P012,1.0,XGBoost,Prediction,Future
7506,2026-01-17,P012,1.0,XGBoost,Prediction,Future
7507,2026-01-18,P012,1.0,XGBoost,Prediction,Future
7508,2026-01-19,P012,1.0,XGBoost,Prediction,Future
7509,2026-01-20,P012,1.0,XGBoost,Prediction,Future
7510,2026-01-21,P012,1.0,XGBoost,Prediction,Future
7511,2026-01-22,P012,1.0,XGBoost,Prediction,Future
7512,2026-01-23,P012,1.0,XGBoost,Prediction,Future
7513,2026-01-24,P012,1.0,XGBoost,Prediction,Future
7514,2026-01-25,P012,1.0,XGBoost,Prediction,Future
7515,2026-01-26,P012,1.0,XGBoost,Prediction,Future
7516,2026-01-27,P012,1.0,XGBoost,Prediction,Future
7517,2026-01-28,P012,1.0,XGBoost,Prediction,Future
7518,2026-01-29,P012,1.0,XGBoost,Prediction,Future
7519,2026-01-30,P012,1.0,XGBoost,Prediction,Future
7520,2026-01-01,P013,2.0,XGBoost,Prediction,Future
7521,2026-01-02,P013,1.0,XGBoost,Prediction,Future
7522,2026-01-03,P013,1.0,XGBoost,Prediction,Future
7523,2026-01-04,P013,1.0,XGBoost,Prediction,Future
7524,2026-01-05,P013,0.0,XGBoost,Prediction,Future
7525,2026-01-06,P013,1.0,XGBoost,Prediction,Future
7526,2026-01-07,P013,1.0,XGBoost,Prediction,Future
7527,2026-01-08,P013,1.0,XGBoost,Prediction,Future
7528,2026-01-09,P013,1.0,XGBoost,Prediction,Future
7529,2026-01-10,P013,1.0,XGBoost,Prediction,Future
7530,2026-01-11,P013,1.0,XGBoost,Prediction,Future
7531,2026-01-12,P013,1.0,XGBoost,Prediction,Future
7532,2026-01-13,P013,1.0,XGBoost,Prediction,Future
7533,2026-01-14,P013,1.0,XGBoost,Prediction,Future
7534,2026-01-15,P013,1.0,XGBoost,Prediction,Future
7535,2026-01-16,P013,1.0,XGBoost,Prediction,Future
7536,2026-01-17,P013,1.0,XGBoost,Prediction,Future
7537,2026-01-18,P013,1.0,XGBoost,Prediction,Future
7538,2026-01-19,P013,1.0,XGBoost,Prediction,Future
7539,2026-01-20,P013,1.0,XGBoost,Prediction,Future
7540,2026-01-21,P013,1.0,XGBoost,Prediction,Future
7541,2026-01-22,P013,1.0,XGBoost,Prediction,Future
7542,2026-01-23,P013,1.0,XGBoost,Prediction,Future
7543,2026-01-24,P013,1.0,XGBoost,Prediction,Future
7544,2026-01-25,P013,1.0,XGBoost,Prediction,Future
7545,2026-01-26,P013,1.0,XGBoost,Prediction,Future
7546,2026-01-27,P013,1.0,XGBoost,Prediction,Future
7547,2026-01-28,P013,1.0,XGBoost,Prediction,Future
7548,2026-01-29,P013,1.0,XGBoost,Prediction,Future
7549,2026-01-30,P013,1.0,XGBoost,Prediction,Future
7550,2026-01-01,P014,1.0,XGBoost,Prediction,Future
7551,2026-01-02,P014,1.0,XGBoost,Prediction,Future
7552,2026-01-03,P014,1.0,XGBoost,Prediction,Future
7553,2026-01-04,P014,1.0,XGBoost,Prediction,Future
7554,2026-01-05,P014,1.0,XGBoost,Prediction,Future
7555,2026-01-06,P014,1.0,XGBoost,Prediction,Future
7556,2026-01-07,P014,2.0,XGBoost,Prediction,Future
7557,2026-01-08,P014,1.0,XGBoost,Prediction,Future
7558,2026-01-09,P014,2.0,XGBoost,Prediction,Future
7559,2026-01-10,P014,2.0,XGBoost,Prediction,Future
7560,2026-01-11,P014,1.0,XGBoost,Prediction,Future
7561,2026-01-12,P014,1.0,XGBoost,Prediction,Future
7562,2026-01-13,P014,1.0,XGBoost,Prediction,Future
7563,2026-01-14,P014,1.0,XGBoost,Prediction,Future
7564,2026-01-15,P014,1.0,XGBoost,Prediction,Future
7565,2026-01-16,P014,1.0,XGBoost,Prediction,Future
7566,2026-01-17,P014,1.0,XGBoost,Prediction,Future
7567,2026-01-18,P014,1.0,XGBoost,Prediction,Future
7568,2026-01-19,P014,1.0,XGBoost,Prediction,Future
7569,2026-01-20,P014,1.0,XGBoost,Prediction,Future
7570,2026-01-21,P014,1.0,XGBoost,Prediction,Future
7571,2026-01-22,P014,1.0,XGBoost,Prediction,Future
7572,2026-01-23,P014,1.0,XGBoost,Prediction,Future
7573,2026-01-24,P014,1.0,XGBoost,Prediction,Future
7574,2026-01-25,P014,1.0,XGBoost,Prediction,Future
7575,2026-01-26,P014,1.0,XGBoost,Prediction,Future
7576,2026-01-27,P014,1.0,XGBoost,Prediction,Future
7577,2026-01-28,P014,1.0,XGBoost,Prediction,Future
7578,2026-01-29,P014,1.0,XGBoost,Prediction,Future
7579,2026-01-30,P014,1.0,XGBoost,Prediction,Future
7580,2026-01-01,P015,2.0,XGBoost,Prediction,Future
7581,2026-01-02,P015,2.0,XGBoost,Prediction,Future
7582,2026-01-03,P015,2.0,XGBoost,Prediction,Future
7583,2026-01-04,P015,2.0,XGBoost,Prediction,Future
7584,2026-01-05,P015,2.0,XGBoost,Prediction,Future
7585,2026-01-06,P015,1.0,XGBoost,Prediction,Future
7586,2026-01-07,P015,2.0,XGBoost,Prediction,Future
7587,2026-01-08,P015,1.0,XGBoost,Prediction,Future
7588,2026-01-09,P015,2.0,XGBoost,Prediction,Future
7589,2026-01-10,P015,1.0,XGBoost,Prediction,Future
7590,2026-01-11,P015,1.0,XGBoost,Prediction,Future
7591,2026-01-12,P015,2.0,XGBoost,Prediction,Future
7592,2026-01-13,P015,2.0,XGBoost,Prediction,Future
7593,2026-01-14,P015,1.0,XGBoost,Prediction,Future
7594,2026-01-15,P015,2.0,XGBoost,Prediction,Future
7595,2026-01-16,P015,2.0,XGBoost,Prediction,Future
7596,2026-01-17,P015,2.0,XGBoost,Prediction,Future
7597,2026-01-18,P015,1.0,XGBoost,Prediction,Future
7598,2026-01-19,P015,1.0,XGBoost,Prediction,Future
7599,2026-01-20,P015,2.0,XGBoost,Prediction,Future
7600,2026-01-21,P015,1.0,XGBoost,Prediction,Future
7601,2026-01-22,P015,1.0,XGBoost,Prediction,Future
7602,2026-01-23,P015,1.0,XGBoost,Prediction,Future
7603,2026-01-24,P015,1.0,XGBoost,Prediction,Future
7604,2026-01-25,P015,1.0,XGBoost,Prediction,Future
7605,2026-01-26,P015,1.0,XGBoost,Prediction,Future
7606,2026-01-27,P015,1.0,XGBoost,Prediction,Future
7607,2026-01-28,P015,1.0,XGBoost,Prediction,Future
7608,2026-01-29,P015,1.0,XGBoost,Prediction,Future
7609,2026-01-30,P015,2.0,XGBoost,Prediction,Future
7610,2026-01-01,P016,2.0,XGBoost,Prediction,Future
7611,2026-01-02,P016,1.0,XGBoost,Prediction,Future
7612,2026-01-03,P016,2.0,XGBoost,Prediction,Future
7613,2026-01-04,P016,1.0,XGBoost,Prediction,Future
7614,2026-01-05,P016,1.0,XGBoost,Prediction,Future
7615,2026-01-06,P016,1.0,XGBoost,Prediction,Future
7616,2026-01-07,P016,1.0,XGBoost,Prediction,Future
7617,2026-01-08,P016,1.0,XGBoost,Prediction,Future
7618,2026-01-09,P016,1.0,XGBoost,Prediction,Future
7619,2026-01-10,P016,1.0,XGBoost,Prediction,Future
7620,2026-01-11,P016,1.0,XGBoost,Prediction,Future
7621,2026-01-12,P016,1.0,XGBoost,Prediction,Future
7622,2026-01-13,P016,1.0,XGBoost,Prediction,Future
7623,2026-01-14,P016,1.0,XGBoost,Prediction,Future
7624,2026-01-15,P016,1.0,XGBoost,Prediction,Future
7625,2026-01-16,P016,2.0,XGBoost,Prediction,Future
7626,2026-01-17,P016,1.0,XGBoost,Prediction,Future
7627,2026-01-18,P016,1.0,XGBoost,Prediction,Future
7628,2026-01-19,P016,1.0,XGBoost,Prediction,Future
7629,2026-01-20,P016,1.0,XGBoost,Prediction,Future
7630,2026-01-21,P016,2.0,XGBoost,Prediction,Future
7631,2026-01-22,P016,1.0,XGBoost,Prediction,Future
7632,2026-01-23,P016,1.0,XGBoost,Prediction,Future
7633,2026-01-24,P016,1.0,XGBoost,Prediction,Future
7634,2026-01-25,P016,1.0,XGBoost,Prediction,Future
7635,2026-01-26,P016,1.0,XGBoost,Prediction,Future
7636,2026-01-27,P016,1.0,XGBoost,Prediction,Future
7637,2026-01-28,P016,1.0,XGBoost,Prediction,Future
7638,2026-01-29,P016,1.0,XGBoost,Prediction,Future
7639,2026-01-30,P016,1.0,XGBoost,Prediction,Future
7640,2026-01-01,P017,2.0,XGBoost,Prediction,Future
7641,2026-01-02,P017,2.0,XGBoost,Prediction,Future
7642,2026-01-03,P017,2.0,XGBoost,Prediction,Future
7643,2026-01-04,P017,3.0,XGBoost,Prediction,Future
7644,2026-01-05,P017,1.0,XGBoost,Prediction,Future
7645,2026-01-06,P017,1.0,XGBoost,Prediction,Future
7646,2026-01-07,P017,2.0,XGBoost,Prediction,Future
7647,2026-01-08,P017,1.0,XGBoost,Prediction,Future
7648,2026-01-09,P017,1.0,XGBoost,Prediction,Future
7649,2026-01-10,P017,1.0,XGBoost,Prediction,Future
7650,2026-01-11,P017,2.0,XGBoost,Prediction,Future
7651,2026-01-12,P017,2.0,XGBoost,Prediction,Future
7652,2026-01-13,P017,2.0,XGBoost,Prediction,Future
7653,2026-01-14,P017,2.0,XGBoost,Prediction,Future
7654,2026-01-15,P017,2.0,XGBoost,Prediction,Future
7655,2026-01-16,P017,3.0,XGBoost,Prediction,Future
7656,2026-01-17,P017,2.0,XGBoost,Prediction,Future
7657,2026-01-18,P017,2.0,XGBoost,Prediction,Future
7658,2026-01-19,P017,2.0,XGBoost,Prediction,Future
7659,2026-01-20,P017,2.0,XGBoost,Prediction,Future
7660,2026-01-21,P017,2.0,XGBoost,Prediction,Future
7661,2026-01-22,P017,2.0,XGBoost,Prediction,Future
7662,2026-01-23,P017,1.0,XGBoost,Prediction,Future
7663,2026-01-24,P017,2.0,XGBoost,Prediction,Future
7664,2026-01-25,P017,2.0,XGBoost,Prediction,Future
7665,2026-01-26,P017,2.0,XGBoost,Prediction,Future
7666,2026-01-27,P017,2.0,XGBoost,Prediction,Future
7667,2026-01-28,P017,1.0,XGBoost,Prediction,Future
7668,2026-01-29,P017,2.0,XGBoost,Prediction,Future
7669,2026-01-30,P017,2.0,XGBoost,Prediction,Future
7670,2026-01-01,P018,1.0,XGBoost,Prediction,Future
7671,2026-01-02,P018,1.0,XGBoost,Prediction,Future
7672,2026-01-03,P018,2.0,XGBoost,Prediction,Future
7673,2026-01-04,P018,1.0,XGBoost,Prediction,Future
7674,2026-01-05,P018,1.0,XGBoost,Prediction,Future
7675,2026-01-06,P018,1.0,XGBoost,Prediction,Future
7676,2026-01-07,P018,0.0,XGBoost,Prediction,Future
7677,2026-01-08,P018,0.0,XGBoost,Prediction,Future
7678,2026-01-09,P018,1.0,XGBoost,Prediction,Future
7679,2026-01-10,P018,1.0,XGBoost,Prediction,Future
7680,2026-01-11,P018,1.0,XGBoost,Prediction,Future
7681,2026-01-12,P018,1.0,XGBoost,Prediction,Future
7682,2026-01-13,P018,1.0,XGBoost,Prediction,Future
7683,2026-01-14,P018,0.0,XGBoost,Prediction,Future
7684,2026-01-15,P018,1.0,XGBoost,Prediction,Future
7685,2026-01-16,P018,1.0,XGBoost,Prediction,Future
7686,2026-01-17,P018,1.0,XGBoost,Prediction,Future
7687,2026-01-18,P018,1.0,XGBoost,Prediction,Future
7688,2026-01-19,P018,0.0,XGBoost,Prediction,Future
7689,2026-01-20,P018,0.0,XGBoost,Prediction,Future
7690,2026-01-21,P018,1.0,XGBoost,Prediction,Future
7691,2026-01-22,P018,1.0,XGBoost,Prediction,Future
7692,2026-01-23,P018,1.0,XGBoost,Prediction,Future
7693,2026-01-24,P018,0.0,XGBoost,Prediction,Future
7694,2026-01-25,P018,1.0,XGBoost,Prediction,Future
7695,2026-01-26,P018,1.0,XGBoost,Prediction,Future
7696,2026-01-27,P018,1.0,XGBoost,Prediction,Future
7697,2026-01-28,P018,1.0,XGBoost,Prediction,Future
7698,2026-01-29,P018,0.0,XGBoost,Prediction,Future
7699,2026-01-30,P018,1.0,XGBoost,Prediction,Future
7700,2026-01-01,P019,2.0,XGBoost,Prediction,Future
7701,2026-01-02,P019,2.0,XGBoost,Prediction,Future
7702,2026-01-03,P019,2.0,XGBoost,Prediction,Future
7703,2026-01-04,P019,2.0,XGBoost,Prediction,Future
7704,2026-01-05,P019,1.0,XGBoost,Prediction,Future
7705,2026-01-06,P019,2.0,XGBoost,Prediction,Future
7706,2026-01-07,P019,1.0,XGBoost,Prediction,Future
7707,2026-01-08,P019,1.0,XGBoost,Prediction,Future
7708,2026-01-09,P019,1.0,XGBoost,Prediction,Future
7709,2026-01-10,P019,1.0,XGBoost,Prediction,Future
7710,2026-01-11,P019,1.0,XGBoost,Prediction,Future
7711,2026-01-12,P019,1.0,XGBoost,Prediction,Future
7712,2026-01-13,P019,1.0,XGBoost,Prediction,Future
7713,2026-01-14,P019,1.0,XGBoost,Prediction,Future
7714,2026-01-15,P019,1.0,XGBoost,Prediction,Future
7715,2026-01-16,P019,1.0,XGBoost,Prediction,Future
7716,2026-01-17,P019,1.0,XGBoost,Prediction,Future
7717,2026-01-18,P019,1.0,XGBoost,Prediction,Future
7718,2026-01-19,P019,1.0,XGBoost,Prediction,Future
7719,2026-01-20,P019,1.0,XGBoost,Prediction,Future
7720,2026-01-21,P019,1.0,XGBoost,Prediction,Future
7721,2026-01-22,P019,1.0,XGBoost,Prediction,Future
7722,2026-01-23,P019,1.0,XGBoost,Prediction,Future
7723,2026-01-24,P019,1.0,XGBoost,Prediction,Future
7724,2026-01-25,P019,1.0,XGBoost,Prediction,Future
7725,2026-01-26,P019,1.0,XGBoost,Prediction,Future
7726,2026-01-27,P019,1.0,XGBoost,Prediction,Future
7727,2026-01-28,P019,1.0,XGBoost,Prediction,Future
7728,2026-01-29,P019,1.0,XGBoost,Prediction,Future
7729,2026-01-30,P019,1.0,XGBoost,Prediction,Future
7730,2026-01-01,P020,2.0,XGBoost,Prediction,Future
7731,2026-01-02,P020,1.0,XGBoost,Prediction,Future
7732,2026-01-03,P020,2.0,XGBoost,Prediction,Future
7733,2026-01-04,P020,1.0,XGBoost,Prediction,Future
7734,2026-01-05,P020,1.0,XGBoost,Prediction,Future
7735,2026-01-06,P020,1.0,XGBoost,Prediction,Future
7736,2026-01-07,P020,1.0,XGBoost,Prediction,Future
7737,2026-01-08,P020,1.0,XGBoost,Prediction,Future
7738,2026-01-09,P020,1.0,XGBoost,Prediction,Future
7739,2026-01-10,P020,1.0,XGBoost,Prediction,Future
7740,2026-01-11,P020,1.0,XGBoost,Prediction,Future
7741,2026-01-12,P020,1.0,XGBoost,Prediction,Future
7742,2026-01-13,P020,1.0,XGBoost,Prediction,Future
7743,2026-01-14,P020,1.0,XGBoost,Prediction,Future
7744,2026-01-15,P020,1.0,XGBoost,Prediction,Future
7745,2026-01-16,P020,1.0,XGBoost,Prediction,Future
7746,2026-01-17,P020,1.0,XGBoost,Prediction,Future
7747,2026-01-18,P020,1.0,XGBoost,Prediction,Future
7748,2026-01-19,P020,1.0,XGBoost,Prediction,Future
7749,2026-01-20,P020,1.0,XGBoost,Prediction,Future
7750,2026-01-21,P020,1.0,XGBoost,Prediction,Future
7751,2026-01-22,P020,1.0,XGBoost,Prediction,Future
7752,2026-01-23,P020,1.0,XGBoost,Prediction,Future
7753,2026-01-24,P020,1.0,XGBoost,Prediction,Future
7754,2026-01-25,P020,1.0,XGBoost,Prediction,Future
7755,2026-01-26,P020,1.0,XGBoost,Prediction,Future
7756,2026-01-27,P020,1.0,XGBoost,Prediction,Future
7757,2026-01-28,P020,1.0,XGBoost,Prediction,Future
7758,2026-01-29,P020,1.0,XGBoost,Prediction,Future
7759,2026-01-30,P020,1.0,XGBoost,Prediction,Future
