order_date,product_id,quantity,model,type,part
2025-01-08,P001,3.368734121322632,XGBoost,Prediction,Train
2025-01-09,P001,0.4256346821784973,XGBoost,Prediction,Train
2025-01-10,P001,1.2873982191085815,XGBoost,Prediction,Train
2025-01-11,P001,0.6394919753074646,XGBoost,Prediction,Train
2025-01-12,P001,2.305065870285034,XGBoost,Prediction,Train
2025-01-13,P001,1.4287488460540771,XGBoost,Prediction,Train
2025-01-14,P001,2.4661948680877686,XGBoost,Prediction,Train
2025-01-15,P001,0.9792858362197876,XGBoost,Prediction,Train
2025-01-16,P001,3.914473533630371,XGBoost,Prediction,Train
2025-01-17,P001,0.5236144065856934,XGBoost,Prediction,Train
2025-01-18,P001,0.6119272112846375,XGBoost,Prediction,Train
2025-01-19,P001,2.720487356185913,XGBoost,Prediction,Train
2025-01-20,P001,0.4578292965888977,XGBoost,Prediction,Train
2025-01-21,P001,1.7127833366394043,XGBoost,Prediction,Train
2025-01-22,P001,1.6903891563415527,XGBoost,Prediction,Train
2025-01-23,P001,2.3996317386627197,XGBoost,Prediction,Train
2025-01-24,P001,0.9701704978942871,XGBoost,Prediction,Train
2025-01-25,P001,0.7820630669593811,XGBoost,Prediction,Train
2025-01-26,P001,0.6654661893844604,XGBoost,Prediction,Train
2025-01-27,P001,1.4901111125946045,XGBoost,Prediction,Train
2025-01-28,P001,1.4704350233078003,XGBoost,Prediction,Train
2025-01-29,P001,2.3990135192871094,XGBoost,Prediction,Train
2025-01-30,P001,0.6583234667778015,XGBoost,Prediction,Train
2025-01-31,P001,0.8196245431900024,XGBoost,Prediction,Train
2025-02-01,P001,2.5989723205566406,XGBoost,Prediction,Train
2025-02-02,P001,2.503652334213257,XGBoost,Prediction,Train
2025-02-03,P001,1.2566999197006226,XGBoost,Prediction,Train
2025-02-04,P001,4.11154317855835,XGBoost,Prediction,Train
2025-02-05,P001,2.7649075984954834,XGBoost,Prediction,Train
2025-02-06,P001,1.9491826295852661,XGBoost,Prediction,Train
2025-02-07,P001,1.0469727516174316,XGBoost,Prediction,Train
2025-02-08,P001,0.6383434534072876,XGBoost,Prediction,Train
2025-02-09,P001,3.170215606689453,XGBoost,Prediction,Train
2025-02-10,P001,4.803051948547363,XGBoost,Prediction,Train
2025-02-11,P001,0.4665083587169647,XGBoost,Prediction,Train
2025-02-12,P001,2.19783878326416,XGBoost,Prediction,Train
2025-02-13,P001,3.9036731719970703,XGBoost,Prediction,Train
2025-02-14,P001,5.997688293457031,XGBoost,Prediction,Train
2025-02-15,P001,0.925812304019928,XGBoost,Prediction,Train
2025-02-16,P001,0.7554693818092346,XGBoost,Prediction,Train
2025-02-17,P001,2.5994489192962646,XGBoost,Prediction,Train
2025-02-18,P001,2.8342840671539307,XGBoost,Prediction,Train
2025-02-19,P001,3.1027512550354004,XGBoost,Prediction,Train
2025-02-20,P001,5.8995842933654785,XGBoost,Prediction,Train
2025-02-21,P001,1.0321438312530518,XGBoost,Prediction,Train
2025-02-22,P001,0.46551963686943054,XGBoost,Prediction,Train
2025-02-23,P001,1.0899720191955566,XGBoost,Prediction,Train
2025-02-24,P001,1.3665087223052979,XGBoost,Prediction,Train
2025-02-25,P001,1.0888077020645142,XGBoost,Prediction,Train
2025-02-26,P001,0.5707892179489136,XGBoost,Prediction,Train
2025-02-27,P001,5.6660990715026855,XGBoost,Prediction,Train
2025-02-28,P001,0.6893117427825928,XGBoost,Prediction,Train
2025-03-01,P001,2.2630717754364014,XGBoost,Prediction,Train
2025-03-02,P001,2.520317316055298,XGBoost,Prediction,Train
2025-03-03,P001,2.8528072834014893,XGBoost,Prediction,Train
2025-03-04,P001,0.6249420642852783,XGBoost,Prediction,Train
2025-03-05,P001,0.522555947303772,XGBoost,Prediction,Train
2025-03-06,P001,1.2960411310195923,XGBoost,Prediction,Train
2025-03-07,P001,4.164877414703369,XGBoost,Prediction,Train
2025-03-08,P001,1.7289711236953735,XGBoost,Prediction,Train
2025-03-09,P001,1.9987115859985352,XGBoost,Prediction,Train
2025-03-10,P001,2.685987710952759,XGBoost,Prediction,Train
2025-03-11,P001,0.6712491512298584,XGBoost,Prediction,Train
2025-03-12,P001,0.5033254623413086,XGBoost,Prediction,Train
2025-03-13,P001,1.1473729610443115,XGBoost,Prediction,Train
2025-03-14,P001,5.537102699279785,XGBoost,Prediction,Train
2025-03-15,P001,1.736822247505188,XGBoost,Prediction,Train
2025-03-16,P001,1.2896836996078491,XGBoost,Prediction,Train
2025-03-17,P001,2.3011953830718994,XGBoost,Prediction,Train
2025-03-18,P001,0.6457995176315308,XGBoost,Prediction,Train
2025-03-19,P001,2.63100004196167,XGBoost,Prediction,Train
2025-03-20,P001,0.7955830693244934,XGBoost,Prediction,Train
2025-03-21,P001,1.3299171924591064,XGBoost,Prediction,Train
2025-03-22,P001,0.5220906138420105,XGBoost,Prediction,Train
2025-03-23,P001,3.257159471511841,XGBoost,Prediction,Train
2025-03-24,P001,0.6390162706375122,XGBoost,Prediction,Train
2025-03-25,P001,2.699021577835083,XGBoost,Prediction,Train
2025-03-26,P001,2.837405204772949,XGBoost,Prediction,Train
2025-03-27,P001,0.4348316788673401,XGBoost,Prediction,Train
2025-03-28,P001,2.497810125350952,XGBoost,Prediction,Train
2025-03-29,P001,1.640650749206543,XGBoost,Prediction,Train
2025-03-30,P001,3.962808847427368,XGBoost,Prediction,Train
2025-03-31,P001,2.482905626296997,XGBoost,Prediction,Train
2025-04-01,P001,3.8582725524902344,XGBoost,Prediction,Train
2025-04-02,P001,5.885829448699951,XGBoost,Prediction,Train
2025-04-03,P001,1.788585901260376,XGBoost,Prediction,Train
2025-04-04,P001,0.9806709885597229,XGBoost,Prediction,Train
2025-04-05,P001,1.8395054340362549,XGBoost,Prediction,Train
2025-04-06,P001,4.43863582611084,XGBoost,Prediction,Train
2025-04-07,P001,0.8899233937263489,XGBoost,Prediction,Train
2025-04-08,P001,1.0018558502197266,XGBoost,Prediction,Train
2025-04-09,P001,1.026376724243164,XGBoost,Prediction,Train
2025-04-10,P001,1.0562909841537476,XGBoost,Prediction,Train
2025-04-11,P001,3.9423928260803223,XGBoost,Prediction,Train
2025-04-12,P001,0.7518256306648254,XGBoost,Prediction,Train
2025-04-13,P001,0.5778820514678955,XGBoost,Prediction,Train
2025-04-14,P001,1.5234630107879639,XGBoost,Prediction,Train
2025-04-15,P001,1.271838665008545,XGBoost,Prediction,Train
2025-04-16,P001,3.6150124073028564,XGBoost,Prediction,Train
2025-04-17,P001,1.2868738174438477,XGBoost,Prediction,Train
2025-04-18,P001,1.7828673124313354,XGBoost,Prediction,Train
2025-04-19,P001,4.5465288162231445,XGBoost,Prediction,Train
2025-04-20,P001,1.8409838676452637,XGBoost,Prediction,Train
2025-04-21,P001,1.0670706033706665,XGBoost,Prediction,Train
2025-04-22,P001,5.002678871154785,XGBoost,Prediction,Train
2025-04-23,P001,1.3180761337280273,XGBoost,Prediction,Train
2025-04-24,P001,0.6058652997016907,XGBoost,Prediction,Train
2025-04-25,P001,0.804449737071991,XGBoost,Prediction,Train
2025-04-26,P001,4.896533012390137,XGBoost,Prediction,Train
2025-04-27,P001,2.9820172786712646,XGBoost,Prediction,Train
2025-04-28,P001,1.5980491638183594,XGBoost,Prediction,Train
2025-04-29,P001,2.2689566612243652,XGBoost,Prediction,Train
2025-04-30,P001,2.502486228942871,XGBoost,Prediction,Train
2025-05-01,P001,2.676121234893799,XGBoost,Prediction,Train
2025-05-02,P001,3.228945016860962,XGBoost,Prediction,Train
2025-05-03,P001,3.8140149116516113,XGBoost,Prediction,Train
2025-05-04,P001,1.5795822143554688,XGBoost,Prediction,Train
2025-05-05,P001,0.727353572845459,XGBoost,Prediction,Train
2025-05-06,P001,0.6085010766983032,XGBoost,Prediction,Train
2025-05-07,P001,1.0059620141983032,XGBoost,Prediction,Train
2025-05-08,P001,1.5138888359069824,XGBoost,Prediction,Train
2025-05-09,P001,4.769482135772705,XGBoost,Prediction,Train
2025-05-10,P001,0.6044775247573853,XGBoost,Prediction,Train
2025-05-11,P001,0.5587839484214783,XGBoost,Prediction,Train
2025-05-12,P001,0.7661001682281494,XGBoost,Prediction,Train
2025-05-13,P001,3.2811570167541504,XGBoost,Prediction,Train
2025-05-14,P001,1.8881908655166626,XGBoost,Prediction,Train
2025-05-15,P001,1.084262490272522,XGBoost,Prediction,Train
2025-05-16,P001,4.259182453155518,XGBoost,Prediction,Train
2025-05-17,P001,1.7591197490692139,XGBoost,Prediction,Train
2025-05-18,P001,0.9499385356903076,XGBoost,Prediction,Train
2025-05-19,P001,0.581108808517456,XGBoost,Prediction,Train
2025-05-20,P001,2.542102575302124,XGBoost,Prediction,Train
2025-05-21,P001,1.7832618951797485,XGBoost,Prediction,Train
2025-05-22,P001,1.0358527898788452,XGBoost,Prediction,Train
2025-05-23,P001,4.85106897354126,XGBoost,Prediction,Train
2025-05-24,P001,0.7026391625404358,XGBoost,Prediction,Train
2025-05-25,P001,0.6345313787460327,XGBoost,Prediction,Train
2025-05-26,P001,1.335706114768982,XGBoost,Prediction,Train
2025-05-27,P001,1.8752727508544922,XGBoost,Prediction,Train
2025-05-28,P001,4.2242021560668945,XGBoost,Prediction,Train
2025-05-29,P001,0.9044007658958435,XGBoost,Prediction,Train
2025-05-30,P001,0.7287086844444275,XGBoost,Prediction,Train
2025-05-31,P001,1.3341444730758667,XGBoost,Prediction,Train
2025-06-01,P001,1.9790760278701782,XGBoost,Prediction,Train
2025-06-02,P001,1.1034539937973022,XGBoost,Prediction,Train
2025-06-03,P001,3.0579657554626465,XGBoost,Prediction,Train
2025-06-04,P001,0.5392161011695862,XGBoost,Prediction,Train
2025-06-05,P001,0.5838297605514526,XGBoost,Prediction,Train
2025-06-06,P001,1.1152111291885376,XGBoost,Prediction,Train
2025-06-07,P001,0.9369590282440186,XGBoost,Prediction,Train
2025-06-08,P001,2.6719472408294678,XGBoost,Prediction,Train
2025-06-09,P001,0.7230163216590881,XGBoost,Prediction,Train
2025-06-10,P001,1.428167462348938,XGBoost,Prediction,Train
2025-06-11,P001,2.8194074630737305,XGBoost,Prediction,Train
2025-06-12,P001,0.8554309606552124,XGBoost,Prediction,Train
2025-06-13,P001,0.6719867587089539,XGBoost,Prediction,Train
2025-06-14,P001,2.100172996520996,XGBoost,Prediction,Train
2025-06-15,P001,3.3937699794769287,XGBoost,Prediction,Train
2025-06-16,P001,1.9441192150115967,XGBoost,Prediction,Train
2025-06-17,P001,1.950639247894287,XGBoost,Prediction,Train
2025-06-18,P001,2.8027052879333496,XGBoost,Prediction,Train
2025-06-19,P001,0.7194043397903442,XGBoost,Prediction,Train
2025-06-20,P001,1.29328191280365,XGBoost,Prediction,Train
2025-06-21,P001,2.568756341934204,XGBoost,Prediction,Train
2025-06-22,P001,1.0923386812210083,XGBoost,Prediction,Train
2025-06-23,P001,2.3500759601593018,XGBoost,Prediction,Train
2025-06-24,P001,1.2286109924316406,XGBoost,Prediction,Train
2025-06-25,P001,0.8442177176475525,XGBoost,Prediction,Train
2025-06-26,P001,1.7884457111358643,XGBoost,Prediction,Train
2025-06-27,P001,4.33631706237793,XGBoost,Prediction,Train
2025-06-28,P001,1.7691997289657593,XGBoost,Prediction,Train
2025-06-29,P001,1.7000550031661987,XGBoost,Prediction,Train
2025-06-30,P001,0.7278987765312195,XGBoost,Prediction,Train
2025-07-01,P001,1.4279848337173462,XGBoost,Prediction,Train
2025-07-02,P001,1.2387456893920898,XGBoost,Prediction,Train
2025-07-03,P001,1.5924564599990845,XGBoost,Prediction,Train
2025-07-04,P001,2.730302095413208,XGBoost,Prediction,Train
2025-07-05,P001,0.9259529113769531,XGBoost,Prediction,Train
2025-07-06,P001,1.1578938961029053,XGBoost,Prediction,Train
2025-07-07,P001,4.857687473297119,XGBoost,Prediction,Train
2025-07-08,P001,0.5686175227165222,XGBoost,Prediction,Train
2025-07-09,P001,0.5470364093780518,XGBoost,Prediction,Train
2025-07-10,P001,1.6955658197402954,XGBoost,Prediction,Train
2025-07-11,P001,1.5054519176483154,XGBoost,Prediction,Train
2025-07-12,P001,0.5331978797912598,XGBoost,Prediction,Train
2025-07-13,P001,2.0887298583984375,XGBoost,Prediction,Train
2025-07-14,P001,5.629215240478516,XGBoost,Prediction,Train
2025-07-15,P001,1.9652719497680664,XGBoost,Prediction,Train
2025-07-16,P001,0.8403147459030151,XGBoost,Prediction,Train
2025-07-17,P001,5.523731708526611,XGBoost,Prediction,Train
2025-07-18,P001,0.6569486856460571,XGBoost,Prediction,Train
2025-07-19,P001,0.6993345022201538,XGBoost,Prediction,Train
2025-07-20,P001,0.6723054051399231,XGBoost,Prediction,Train
2025-07-21,P001,3.385770082473755,XGBoost,Prediction,Train
2025-07-22,P001,1.1415377855300903,XGBoost,Prediction,Train
2025-07-23,P001,2.610050916671753,XGBoost,Prediction,Train
2025-07-24,P001,0.5543261170387268,XGBoost,Prediction,Train
2025-07-25,P001,1.7950445413589478,XGBoost,Prediction,Train
2025-07-26,P001,0.742755651473999,XGBoost,Prediction,Train
2025-07-27,P001,1.3242186307907104,XGBoost,Prediction,Train
2025-07-28,P001,0.8380019068717957,XGBoost,Prediction,Train
2025-07-29,P001,0.6299946308135986,XGBoost,Prediction,Train
2025-07-30,P001,0.756137490272522,XGBoost,Prediction,Train
2025-07-31,P001,1.7976363897323608,XGBoost,Prediction,Train
2025-08-01,P001,0.5931264758110046,XGBoost,Prediction,Train
2025-08-02,P001,1.3401178121566772,XGBoost,Prediction,Train
2025-08-03,P001,1.6540662050247192,XGBoost,Prediction,Train
2025-08-04,P001,3.120037078857422,XGBoost,Prediction,Train
2025-08-05,P001,1.256620168685913,XGBoost,Prediction,Train
2025-08-06,P001,2.750704765319824,XGBoost,Prediction,Train
2025-08-07,P001,0.8264421820640564,XGBoost,Prediction,Train
2025-08-08,P001,2.5571935176849365,XGBoost,Prediction,Train
2025-08-09,P001,1.3387080430984497,XGBoost,Prediction,Train
2025-08-10,P001,5.527069091796875,XGBoost,Prediction,Train
2025-08-11,P001,1.8416475057601929,XGBoost,Prediction,Train
2025-08-12,P001,1.0197901725769043,XGBoost,Prediction,Train
2025-08-13,P001,0.7247163653373718,XGBoost,Prediction,Train
2025-08-14,P001,1.6665382385253906,XGBoost,Prediction,Train
2025-08-15,P001,0.8236904144287109,XGBoost,Prediction,Train
2025-08-16,P001,1.0024826526641846,XGBoost,Prediction,Train
2025-08-17,P001,2.9091851711273193,XGBoost,Prediction,Train
2025-08-18,P001,0.862480878829956,XGBoost,Prediction,Train
2025-08-19,P001,0.7953134179115295,XGBoost,Prediction,Train
2025-08-20,P001,4.107716083526611,XGBoost,Prediction,Train
2025-08-21,P001,4.4382476806640625,XGBoost,Prediction,Train
2025-08-22,P001,3.944162130355835,XGBoost,Prediction,Train
2025-08-23,P001,0.7223088145256042,XGBoost,Prediction,Train
2025-08-24,P001,1.7920992374420166,XGBoost,Prediction,Train
2025-08-25,P001,4.089485168457031,XGBoost,Prediction,Train
2025-08-26,P001,0.7682846784591675,XGBoost,Prediction,Train
2025-08-27,P001,1.9413361549377441,XGBoost,Prediction,Train
2025-08-28,P001,1.2900896072387695,XGBoost,Prediction,Train
2025-08-29,P001,0.5890907049179077,XGBoost,Prediction,Train
2025-08-30,P001,3.5304362773895264,XGBoost,Prediction,Train
2025-08-31,P001,4.2706618309021,XGBoost,Prediction,Train
2025-09-01,P001,2.8168060779571533,XGBoost,Prediction,Train
2025-09-02,P001,1.145059585571289,XGBoost,Prediction,Train
2025-09-03,P001,0.7004851698875427,XGBoost,Prediction,Train
2025-09-04,P001,1.1952821016311646,XGBoost,Prediction,Train
2025-09-05,P001,0.6712285876274109,XGBoost,Prediction,Train
2025-09-06,P001,0.6264541149139404,XGBoost,Prediction,Train
2025-09-07,P001,0.7861582636833191,XGBoost,Prediction,Train
2025-09-08,P001,0.8586304783821106,XGBoost,Prediction,Train
2025-09-09,P001,2.3929648399353027,XGBoost,Prediction,Train
2025-09-10,P001,2.3527774810791016,XGBoost,Prediction,Train
2025-09-11,P001,0.5921909809112549,XGBoost,Prediction,Train
2025-09-12,P001,1.0418766736984253,XGBoost,Prediction,Train
2025-09-13,P001,2.3320014476776123,XGBoost,Prediction,Train
2025-09-14,P001,1.0657479763031006,XGBoost,Prediction,Train
2025-01-08,P002,0.4458177983760834,XGBoost,Prediction,Train
2025-01-09,P002,0.48528945446014404,XGBoost,Prediction,Train
2025-01-10,P002,0.7627576589584351,XGBoost,Prediction,Train
2025-01-11,P002,4.057090759277344,XGBoost,Prediction,Train
2025-01-12,P002,1.338026523590088,XGBoost,Prediction,Train
2025-01-13,P002,1.2646913528442383,XGBoost,Prediction,Train
2025-01-14,P002,4.74349308013916,XGBoost,Prediction,Train
2025-01-15,P002,1.2395771741867065,XGBoost,Prediction,Train
2025-01-16,P002,5.853051662445068,XGBoost,Prediction,Train
2025-01-17,P002,0.9547237753868103,XGBoost,Prediction,Train
2025-01-18,P002,1.9013822078704834,XGBoost,Prediction,Train
2025-01-19,P002,2.7515759468078613,XGBoost,Prediction,Train
2025-01-20,P002,1.9128721952438354,XGBoost,Prediction,Train
2025-01-21,P002,3.773739814758301,XGBoost,Prediction,Train
2025-01-22,P002,1.8824597597122192,XGBoost,Prediction,Train
2025-01-23,P002,2.563474416732788,XGBoost,Prediction,Train
2025-01-24,P002,0.7203601002693176,XGBoost,Prediction,Train
2025-01-25,P002,0.6373574733734131,XGBoost,Prediction,Train
2025-01-26,P002,0.9589031934738159,XGBoost,Prediction,Train
2025-01-27,P002,0.9209616780281067,XGBoost,Prediction,Train
2025-01-28,P002,2.741115093231201,XGBoost,Prediction,Train
2025-01-29,P002,4.856250286102295,XGBoost,Prediction,Train
2025-01-30,P002,3.463348865509033,XGBoost,Prediction,Train
2025-01-31,P002,1.123929738998413,XGBoost,Prediction,Train
2025-02-01,P002,1.218230962753296,XGBoost,Prediction,Train
2025-02-02,P002,0.8640177249908447,XGBoost,Prediction,Train
2025-02-03,P002,1.8378567695617676,XGBoost,Prediction,Train
2025-02-04,P002,1.8438677787780762,XGBoost,Prediction,Train
2025-02-05,P002,1.1129319667816162,XGBoost,Prediction,Train
2025-02-06,P002,0.941761314868927,XGBoost,Prediction,Train
2025-02-07,P002,4.070657730102539,XGBoost,Prediction,Train
2025-02-08,P002,0.6713825464248657,XGBoost,Prediction,Train
2025-02-09,P002,1.0210891962051392,XGBoost,Prediction,Train
2025-02-10,P002,2.6793017387390137,XGBoost,Prediction,Train
2025-02-11,P002,1.3154528141021729,XGBoost,Prediction,Train
2025-02-12,P002,1.2152988910675049,XGBoost,Prediction,Train
2025-02-13,P002,2.0116963386535645,XGBoost,Prediction,Train
2025-02-14,P002,1.126827359199524,XGBoost,Prediction,Train
2025-02-15,P002,0.7185194492340088,XGBoost,Prediction,Train
2025-02-16,P002,0.9327970743179321,XGBoost,Prediction,Train
2025-02-17,P002,0.6153037548065186,XGBoost,Prediction,Train
2025-02-18,P002,0.767509937286377,XGBoost,Prediction,Train
2025-02-19,P002,5.520233154296875,XGBoost,Prediction,Train
2025-02-20,P002,4.124605655670166,XGBoost,Prediction,Train
2025-02-21,P002,2.6360411643981934,XGBoost,Prediction,Train
2025-02-22,P002,2.613806962966919,XGBoost,Prediction,Train
2025-02-23,P002,0.49198079109191895,XGBoost,Prediction,Train
2025-02-24,P002,1.9415205717086792,XGBoost,Prediction,Train
2025-02-25,P002,1.3461995124816895,XGBoost,Prediction,Train
2025-02-26,P002,1.3216294050216675,XGBoost,Prediction,Train
2025-02-27,P002,2.330756902694702,XGBoost,Prediction,Train
2025-02-28,P002,4.566051483154297,XGBoost,Prediction,Train
2025-03-01,P002,0.7204916477203369,XGBoost,Prediction,Train
2025-03-02,P002,2.6987969875335693,XGBoost,Prediction,Train
2025-03-03,P002,1.273703932762146,XGBoost,Prediction,Train
2025-03-04,P002,3.323380947113037,XGBoost,Prediction,Train
2025-03-05,P002,0.9022504091262817,XGBoost,Prediction,Train
2025-03-06,P002,1.117660641670227,XGBoost,Prediction,Train
2025-03-07,P002,2.6268229484558105,XGBoost,Prediction,Train
2025-03-08,P002,2.480419635772705,XGBoost,Prediction,Train
2025-03-09,P002,2.5787675380706787,XGBoost,Prediction,Train
2025-03-10,P002,1.3064903020858765,XGBoost,Prediction,Train
2025-03-11,P002,0.8456164002418518,XGBoost,Prediction,Train
2025-03-12,P002,2.4333479404449463,XGBoost,Prediction,Train
2025-03-13,P002,2.0687241554260254,XGBoost,Prediction,Train
2025-03-14,P002,1.8837553262710571,XGBoost,Prediction,Train
2025-03-15,P002,0.9951529502868652,XGBoost,Prediction,Train
2025-03-16,P002,1.0290662050247192,XGBoost,Prediction,Train
2025-03-17,P002,2.7462191581726074,XGBoost,Prediction,Train
2025-03-18,P002,5.9973578453063965,XGBoost,Prediction,Train
2025-03-19,P002,2.6664419174194336,XGBoost,Prediction,Train
2025-03-20,P002,4.211809158325195,XGBoost,Prediction,Train
2025-03-21,P002,1.0917320251464844,XGBoost,Prediction,Train
2025-03-22,P002,0.6964174509048462,XGBoost,Prediction,Train
2025-03-23,P002,4.54995059967041,XGBoost,Prediction,Train
2025-03-24,P002,1.2003099918365479,XGBoost,Prediction,Train
2025-03-25,P002,2.825495719909668,XGBoost,Prediction,Train
2025-03-26,P002,3.3891470432281494,XGBoost,Prediction,Train
2025-03-27,P002,0.7751765251159668,XGBoost,Prediction,Train
2025-03-28,P002,3.9094150066375732,XGBoost,Prediction,Train
2025-03-29,P002,0.6417450308799744,XGBoost,Prediction,Train
2025-03-30,P002,1.860417366027832,XGBoost,Prediction,Train
2025-03-31,P002,0.8496803045272827,XGBoost,Prediction,Train
2025-04-01,P002,3.3380706310272217,XGBoost,Prediction,Train
2025-04-02,P002,2.78320574760437,XGBoost,Prediction,Train
2025-04-03,P002,4.49425745010376,XGBoost,Prediction,Train
2025-04-04,P002,5.176771640777588,XGBoost,Prediction,Train
2025-04-05,P002,0.7200099229812622,XGBoost,Prediction,Train
2025-04-06,P002,2.4344286918640137,XGBoost,Prediction,Train
2025-04-07,P002,0.9658685326576233,XGBoost,Prediction,Train
2025-04-08,P002,1.6622616052627563,XGBoost,Prediction,Train
2025-04-09,P002,0.9001083970069885,XGBoost,Prediction,Train
2025-04-10,P002,4.179234504699707,XGBoost,Prediction,Train
2025-04-11,P002,3.272298574447632,XGBoost,Prediction,Train
2025-04-12,P002,3.8325090408325195,XGBoost,Prediction,Train
2025-04-13,P002,0.7986598014831543,XGBoost,Prediction,Train
2025-04-14,P002,0.7440159320831299,XGBoost,Prediction,Train
2025-04-15,P002,1.7074280977249146,XGBoost,Prediction,Train
2025-04-16,P002,2.6283822059631348,XGBoost,Prediction,Train
2025-04-17,P002,1.3575844764709473,XGBoost,Prediction,Train
2025-04-18,P002,3.190624237060547,XGBoost,Prediction,Train
2025-04-19,P002,2.830305337905884,XGBoost,Prediction,Train
2025-04-20,P002,2.756863594055176,XGBoost,Prediction,Train
2025-04-21,P002,0.6074875593185425,XGBoost,Prediction,Train
2025-04-22,P002,2.6177265644073486,XGBoost,Prediction,Train
2025-04-23,P002,2.393995523452759,XGBoost,Prediction,Train
2025-04-24,P002,0.7562458515167236,XGBoost,Prediction,Train
2025-04-25,P002,0.63787841796875,XGBoost,Prediction,Train
2025-04-26,P002,1.8144360780715942,XGBoost,Prediction,Train
2025-04-27,P002,2.656301498413086,XGBoost,Prediction,Train
2025-04-28,P002,1.4247829914093018,XGBoost,Prediction,Train
2025-04-29,P002,0.9068995714187622,XGBoost,Prediction,Train
2025-04-30,P002,0.9177603125572205,XGBoost,Prediction,Train
2025-05-01,P002,3.715688467025757,XGBoost,Prediction,Train
2025-05-02,P002,2.6710383892059326,XGBoost,Prediction,Train
2025-05-03,P002,1.9124135971069336,XGBoost,Prediction,Train
2025-05-04,P002,1.81511390209198,XGBoost,Prediction,Train
2025-05-05,P002,2.5020720958709717,XGBoost,Prediction,Train
2025-05-06,P002,0.8984538912773132,XGBoost,Prediction,Train
2025-05-07,P002,0.9403684139251709,XGBoost,Prediction,Train
2025-05-08,P002,4.002593994140625,XGBoost,Prediction,Train
2025-05-09,P002,2.6973931789398193,XGBoost,Prediction,Train
2025-05-10,P002,2.3763818740844727,XGBoost,Prediction,Train
2025-05-11,P002,0.9504578113555908,XGBoost,Prediction,Train
2025-05-12,P002,0.8388853669166565,XGBoost,Prediction,Train
2025-05-13,P002,1.9104255437850952,XGBoost,Prediction,Train
2025-05-14,P002,1.3734012842178345,XGBoost,Prediction,Train
2025-05-15,P002,0.7166044116020203,XGBoost,Prediction,Train
2025-05-16,P002,2.423915386199951,XGBoost,Prediction,Train
2025-05-17,P002,0.8718949556350708,XGBoost,Prediction,Train
2025-05-18,P002,0.4836936295032501,XGBoost,Prediction,Train
2025-05-19,P002,2.660346031188965,XGBoost,Prediction,Train
2025-05-20,P002,2.1233339309692383,XGBoost,Prediction,Train
2025-05-21,P002,1.1760258674621582,XGBoost,Prediction,Train
2025-05-22,P002,2.0191917419433594,XGBoost,Prediction,Train
2025-05-23,P002,1.4677320718765259,XGBoost,Prediction,Train
2025-05-24,P002,0.7276325225830078,XGBoost,Prediction,Train
2025-05-25,P002,5.031348705291748,XGBoost,Prediction,Train
2025-05-26,P002,0.710643470287323,XGBoost,Prediction,Train
2025-05-27,P002,0.7217466235160828,XGBoost,Prediction,Train
2025-05-28,P002,2.099972724914551,XGBoost,Prediction,Train
2025-05-29,P002,1.102874994277954,XGBoost,Prediction,Train
2025-05-30,P002,1.220945954322815,XGBoost,Prediction,Train
2025-05-31,P002,4.491706371307373,XGBoost,Prediction,Train
2025-06-01,P002,4.2426581382751465,XGBoost,Prediction,Train
2025-06-02,P002,4.386153697967529,XGBoost,Prediction,Train
2025-06-03,P002,0.6134341955184937,XGBoost,Prediction,Train
2025-06-04,P002,0.8738577365875244,XGBoost,Prediction,Train
2025-06-05,P002,1.9344902038574219,XGBoost,Prediction,Train
2025-06-06,P002,2.4780240058898926,XGBoost,Prediction,Train
2025-06-07,P002,2.465395212173462,XGBoost,Prediction,Train
2025-06-08,P002,1.132612943649292,XGBoost,Prediction,Train
2025-06-09,P002,0.6863219738006592,XGBoost,Prediction,Train
2025-06-10,P002,1.675791621208191,XGBoost,Prediction,Train
2025-06-11,P002,0.9104941487312317,XGBoost,Prediction,Train
2025-06-12,P002,1.0058355331420898,XGBoost,Prediction,Train
2025-06-13,P002,1.2509058713912964,XGBoost,Prediction,Train
2025-06-14,P002,0.5741935968399048,XGBoost,Prediction,Train
2025-06-15,P002,0.8885018825531006,XGBoost,Prediction,Train
2025-06-16,P002,0.8438150882720947,XGBoost,Prediction,Train
2025-06-17,P002,4.186293125152588,XGBoost,Prediction,Train
2025-06-18,P002,3.3617732524871826,XGBoost,Prediction,Train
2025-06-19,P002,2.7434847354888916,XGBoost,Prediction,Train
2025-06-20,P002,3.1315622329711914,XGBoost,Prediction,Train
2025-06-21,P002,2.5533084869384766,XGBoost,Prediction,Train
2025-06-22,P002,0.8248671293258667,XGBoost,Prediction,Train
2025-06-23,P002,0.6371623277664185,XGBoost,Prediction,Train
2025-06-24,P002,2.3420424461364746,XGBoost,Prediction,Train
2025-06-25,P002,2.657317876815796,XGBoost,Prediction,Train
2025-06-26,P002,2.7767224311828613,XGBoost,Prediction,Train
2025-06-27,P002,1.9533336162567139,XGBoost,Prediction,Train
2025-06-28,P002,2.8123483657836914,XGBoost,Prediction,Train
2025-06-29,P002,0.9335924983024597,XGBoost,Prediction,Train
2025-06-30,P002,1.190468192100525,XGBoost,Prediction,Train
2025-07-01,P002,1.3085753917694092,XGBoost,Prediction,Train
2025-07-02,P002,2.5878965854644775,XGBoost,Prediction,Train
2025-07-03,P002,1.1716581583023071,XGBoost,Prediction,Train
2025-07-04,P002,2.644533395767212,XGBoost,Prediction,Train
2025-07-05,P002,4.108176231384277,XGBoost,Prediction,Train
2025-07-06,P002,2.924237012863159,XGBoost,Prediction,Train
2025-07-07,P002,3.6962897777557373,XGBoost,Prediction,Train
2025-07-08,P002,3.1190669536590576,XGBoost,Prediction,Train
2025-07-09,P002,1.6992082595825195,XGBoost,Prediction,Train
2025-07-10,P002,1.799542784690857,XGBoost,Prediction,Train
2025-07-11,P002,0.899494469165802,XGBoost,Prediction,Train
2025-07-12,P002,0.6770030856132507,XGBoost,Prediction,Train
2025-07-13,P002,2.6435348987579346,XGBoost,Prediction,Train
2025-07-14,P002,4.191806316375732,XGBoost,Prediction,Train
2025-07-15,P002,0.628788411617279,XGBoost,Prediction,Train
2025-07-16,P002,0.888309121131897,XGBoost,Prediction,Train
2025-07-17,P002,2.5023207664489746,XGBoost,Prediction,Train
2025-07-18,P002,2.8550684452056885,XGBoost,Prediction,Train
2025-07-19,P002,1.006009578704834,XGBoost,Prediction,Train
2025-07-20,P002,1.866165280342102,XGBoost,Prediction,Train
2025-07-21,P002,1.7643498182296753,XGBoost,Prediction,Train
2025-07-22,P002,1.7444837093353271,XGBoost,Prediction,Train
2025-07-23,P002,1.4694395065307617,XGBoost,Prediction,Train
2025-07-24,P002,2.626317262649536,XGBoost,Prediction,Train
2025-07-25,P002,3.009622573852539,XGBoost,Prediction,Train
2025-07-26,P002,1.2918874025344849,XGBoost,Prediction,Train
2025-07-27,P002,3.450453042984009,XGBoost,Prediction,Train
2025-07-28,P002,5.440572261810303,XGBoost,Prediction,Train
2025-07-29,P002,5.445093631744385,XGBoost,Prediction,Train
2025-07-30,P002,4.471275806427002,XGBoost,Prediction,Train
2025-07-31,P002,0.7743557095527649,XGBoost,Prediction,Train
2025-08-01,P002,4.120787143707275,XGBoost,Prediction,Train
2025-08-02,P002,0.8047696352005005,XGBoost,Prediction,Train
2025-08-03,P002,0.7794711589813232,XGBoost,Prediction,Train
2025-08-04,P002,2.014829635620117,XGBoost,Prediction,Train
2025-08-05,P002,2.000507354736328,XGBoost,Prediction,Train
2025-08-06,P002,1.03878915309906,XGBoost,Prediction,Train
2025-08-07,P002,1.0578237771987915,XGBoost,Prediction,Train
2025-08-08,P002,0.6366498470306396,XGBoost,Prediction,Train
2025-08-09,P002,3.500218391418457,XGBoost,Prediction,Train
2025-08-10,P002,2.6624019145965576,XGBoost,Prediction,Train
2025-08-11,P002,2.589318037033081,XGBoost,Prediction,Train
2025-08-12,P002,2.688217878341675,XGBoost,Prediction,Train
2025-08-13,P002,2.5643365383148193,XGBoost,Prediction,Train
2025-08-14,P002,0.8367241621017456,XGBoost,Prediction,Train
2025-08-15,P002,2.425985813140869,XGBoost,Prediction,Train
2025-08-16,P002,0.8592293858528137,XGBoost,Prediction,Train
2025-08-17,P002,1.35333251953125,XGBoost,Prediction,Train
2025-08-18,P002,1.3938531875610352,XGBoost,Prediction,Train
2025-08-19,P002,2.7346084117889404,XGBoost,Prediction,Train
2025-08-20,P002,0.749629020690918,XGBoost,Prediction,Train
2025-08-21,P002,1.0521481037139893,XGBoost,Prediction,Train
2025-08-22,P002,0.8224033713340759,XGBoost,Prediction,Train
2025-08-23,P002,2.470078945159912,XGBoost,Prediction,Train
2025-08-24,P002,1.9739121198654175,XGBoost,Prediction,Train
2025-08-25,P002,4.20717191696167,XGBoost,Prediction,Train
2025-08-26,P002,1.8452149629592896,XGBoost,Prediction,Train
2025-08-27,P002,2.72409987449646,XGBoost,Prediction,Train
2025-08-28,P002,2.632303476333618,XGBoost,Prediction,Train
2025-08-29,P002,2.717679500579834,XGBoost,Prediction,Train
2025-08-30,P002,1.897084355354309,XGBoost,Prediction,Train
2025-08-31,P002,2.8288803100585938,XGBoost,Prediction,Train
2025-09-01,P002,4.846065998077393,XGBoost,Prediction,Train
2025-09-02,P002,0.7811267375946045,XGBoost,Prediction,Train
2025-09-03,P002,3.4738800525665283,XGBoost,Prediction,Train
2025-09-04,P002,3.8798229694366455,XGBoost,Prediction,Train
2025-09-05,P002,0.7638037204742432,XGBoost,Prediction,Train
2025-09-06,P002,1.9639300107955933,XGBoost,Prediction,Train
2025-09-07,P002,2.519604206085205,XGBoost,Prediction,Train
2025-09-08,P002,1.1312395334243774,XGBoost,Prediction,Train
2025-09-09,P002,0.6197953224182129,XGBoost,Prediction,Train
2025-09-10,P002,2.263991594314575,XGBoost,Prediction,Train
2025-09-11,P002,0.6453299522399902,XGBoost,Prediction,Train
2025-09-12,P002,1.1629778146743774,XGBoost,Prediction,Train
2025-09-13,P002,0.969828724861145,XGBoost,Prediction,Train
2025-09-14,P002,4.152244567871094,XGBoost,Prediction,Train
2025-01-08,P003,2.8439888954162598,XGBoost,Prediction,Train
2025-01-09,P003,0.43362927436828613,XGBoost,Prediction,Train
2025-01-10,P003,1.9533017873764038,XGBoost,Prediction,Train
2025-01-11,P003,0.8296402096748352,XGBoost,Prediction,Train
2025-01-12,P003,2.89387845993042,XGBoost,Prediction,Train
2025-01-13,P003,1.9236276149749756,XGBoost,Prediction,Train
2025-01-14,P003,1.2332638502120972,XGBoost,Prediction,Train
2025-01-15,P003,2.5113470554351807,XGBoost,Prediction,Train
2025-01-16,P003,0.9950835108757019,XGBoost,Prediction,Train
2025-01-17,P003,0.9550606608390808,XGBoost,Prediction,Train
2025-01-18,P003,4.72750186920166,XGBoost,Prediction,Train
2025-01-19,P003,1.2636548280715942,XGBoost,Prediction,Train
2025-01-20,P003,5.750033855438232,XGBoost,Prediction,Train
2025-01-21,P003,1.7535638809204102,XGBoost,Prediction,Train
2025-01-22,P003,0.6349245309829712,XGBoost,Prediction,Train
2025-01-23,P003,3.226022958755493,XGBoost,Prediction,Train
2025-01-24,P003,1.170208215713501,XGBoost,Prediction,Train
2025-01-25,P003,1.7838075160980225,XGBoost,Prediction,Train
2025-01-26,P003,3.560962200164795,XGBoost,Prediction,Train
2025-01-27,P003,1.2109910249710083,XGBoost,Prediction,Train
2025-01-28,P003,1.1272761821746826,XGBoost,Prediction,Train
2025-01-29,P003,1.7645294666290283,XGBoost,Prediction,Train
2025-01-30,P003,0.6523435115814209,XGBoost,Prediction,Train
2025-01-31,P003,1.2927733659744263,XGBoost,Prediction,Train
2025-02-01,P003,0.506709098815918,XGBoost,Prediction,Train
2025-02-02,P003,0.6336787939071655,XGBoost,Prediction,Train
2025-02-03,P003,0.9000895023345947,XGBoost,Prediction,Train
2025-02-04,P003,3.1053264141082764,XGBoost,Prediction,Train
2025-02-05,P003,1.0465762615203857,XGBoost,Prediction,Train
2025-02-06,P003,0.7869275808334351,XGBoost,Prediction,Train
2025-02-07,P003,1.976105809211731,XGBoost,Prediction,Train
2025-02-08,P003,0.9055840373039246,XGBoost,Prediction,Train
2025-02-09,P003,1.4888948202133179,XGBoost,Prediction,Train
2025-02-10,P003,3.0352931022644043,XGBoost,Prediction,Train
2025-02-11,P003,2.728869915008545,XGBoost,Prediction,Train
2025-02-12,P003,0.718761146068573,XGBoost,Prediction,Train
2025-02-13,P003,0.9769647717475891,XGBoost,Prediction,Train
2025-02-14,P003,2.79107928276062,XGBoost,Prediction,Train
2025-02-15,P003,1.974043846130371,XGBoost,Prediction,Train
2025-02-16,P003,0.9884417653083801,XGBoost,Prediction,Train
2025-02-17,P003,1.2410008907318115,XGBoost,Prediction,Train
2025-02-18,P003,0.5291925072669983,XGBoost,Prediction,Train
2025-02-19,P003,4.017920970916748,XGBoost,Prediction,Train
2025-02-20,P003,1.6744030714035034,XGBoost,Prediction,Train
2025-02-21,P003,4.12095308303833,XGBoost,Prediction,Train
2025-02-22,P003,0.600991427898407,XGBoost,Prediction,Train
2025-02-23,P003,1.1369355916976929,XGBoost,Prediction,Train
2025-02-24,P003,4.342508316040039,XGBoost,Prediction,Train
2025-02-25,P003,3.192549228668213,XGBoost,Prediction,Train
2025-02-26,P003,3.5573582649230957,XGBoost,Prediction,Train
2025-02-27,P003,2.0622291564941406,XGBoost,Prediction,Train
2025-02-28,P003,1.4089702367782593,XGBoost,Prediction,Train
2025-03-01,P003,1.019626498222351,XGBoost,Prediction,Train
2025-03-02,P003,1.1346839666366577,XGBoost,Prediction,Train
2025-03-03,P003,2.400036334991455,XGBoost,Prediction,Train
2025-03-04,P003,0.3458216190338135,XGBoost,Prediction,Train
2025-03-05,P003,1.4707473516464233,XGBoost,Prediction,Train
2025-03-06,P003,0.8617464303970337,XGBoost,Prediction,Train
2025-03-07,P003,0.7113584280014038,XGBoost,Prediction,Train
2025-03-08,P003,2.7704601287841797,XGBoost,Prediction,Train
2025-03-09,P003,3.285597801208496,XGBoost,Prediction,Train
2025-03-10,P003,2.004322052001953,XGBoost,Prediction,Train
2025-03-11,P003,0.7982452511787415,XGBoost,Prediction,Train
2025-03-12,P003,4.226961135864258,XGBoost,Prediction,Train
2025-03-13,P003,2.648958683013916,XGBoost,Prediction,Train
2025-03-14,P003,3.2824387550354004,XGBoost,Prediction,Train
2025-03-15,P003,4.77719783782959,XGBoost,Prediction,Train
2025-03-16,P003,4.163824081420898,XGBoost,Prediction,Train
2025-03-17,P003,2.4136600494384766,XGBoost,Prediction,Train
2025-03-18,P003,2.63859486579895,XGBoost,Prediction,Train
2025-03-19,P003,4.2318572998046875,XGBoost,Prediction,Train
2025-03-20,P003,1.9616618156433105,XGBoost,Prediction,Train
2025-03-21,P003,1.8194414377212524,XGBoost,Prediction,Train
2025-03-22,P003,0.6238409876823425,XGBoost,Prediction,Train
2025-03-23,P003,1.1519101858139038,XGBoost,Prediction,Train
2025-03-24,P003,2.516188383102417,XGBoost,Prediction,Train
2025-03-25,P003,1.8712767362594604,XGBoost,Prediction,Train
2025-03-26,P003,1.1918524503707886,XGBoost,Prediction,Train
2025-03-27,P003,0.45610564947128296,XGBoost,Prediction,Train
2025-03-28,P003,0.7322375178337097,XGBoost,Prediction,Train
2025-03-29,P003,1.9767241477966309,XGBoost,Prediction,Train
2025-03-30,P003,4.897083759307861,XGBoost,Prediction,Train
2025-03-31,P003,2.0907466411590576,XGBoost,Prediction,Train
2025-04-01,P003,0.8193939328193665,XGBoost,Prediction,Train
2025-04-02,P003,1.1904348134994507,XGBoost,Prediction,Train
2025-04-03,P003,3.4565112590789795,XGBoost,Prediction,Train
2025-04-04,P003,1.1660076379776,XGBoost,Prediction,Train
2025-04-05,P003,1.3347351551055908,XGBoost,Prediction,Train
2025-04-06,P003,0.7139031887054443,XGBoost,Prediction,Train
2025-04-07,P003,0.7773785591125488,XGBoost,Prediction,Train
2025-04-08,P003,2.746074676513672,XGBoost,Prediction,Train
2025-04-09,P003,2.7143008708953857,XGBoost,Prediction,Train
2025-04-10,P003,4.7709174156188965,XGBoost,Prediction,Train
2025-04-11,P003,3.715198278427124,XGBoost,Prediction,Train
2025-04-12,P003,1.2298365831375122,XGBoost,Prediction,Train
2025-04-13,P003,2.285080909729004,XGBoost,Prediction,Train
2025-04-14,P003,0.6586641073226929,XGBoost,Prediction,Train
2025-04-15,P003,0.4128918945789337,XGBoost,Prediction,Train
2025-04-16,P003,3.0541889667510986,XGBoost,Prediction,Train
2025-04-17,P003,0.9742835164070129,XGBoost,Prediction,Train
2025-04-18,P003,2.388606309890747,XGBoost,Prediction,Train
2025-04-19,P003,0.7645664215087891,XGBoost,Prediction,Train
2025-04-20,P003,0.6465277671813965,XGBoost,Prediction,Train
2025-04-21,P003,1.2295972108840942,XGBoost,Prediction,Train
2025-04-22,P003,0.6022047996520996,XGBoost,Prediction,Train
2025-04-23,P003,1.4821858406066895,XGBoost,Prediction,Train
2025-04-24,P003,4.136894226074219,XGBoost,Prediction,Train
2025-04-25,P003,4.845539569854736,XGBoost,Prediction,Train
2025-04-26,P003,3.1636881828308105,XGBoost,Prediction,Train
2025-04-27,P003,3.8827171325683594,XGBoost,Prediction,Train
2025-04-28,P003,0.8751343488693237,XGBoost,Prediction,Train
2025-04-29,P003,4.493032455444336,XGBoost,Prediction,Train
2025-04-30,P003,1.0172014236450195,XGBoost,Prediction,Train
2025-05-01,P003,2.546947479248047,XGBoost,Prediction,Train
2025-05-02,P003,2.0299510955810547,XGBoost,Prediction,Train
2025-05-03,P003,0.7490155100822449,XGBoost,Prediction,Train
2025-05-04,P003,4.495995998382568,XGBoost,Prediction,Train
2025-05-05,P003,1.2761365175247192,XGBoost,Prediction,Train
2025-05-06,P003,0.6712411046028137,XGBoost,Prediction,Train
2025-05-07,P003,1.0429179668426514,XGBoost,Prediction,Train
2025-05-08,P003,1.7585457563400269,XGBoost,Prediction,Train
2025-05-09,P003,1.0303009748458862,XGBoost,Prediction,Train
2025-05-10,P003,1.544413447380066,XGBoost,Prediction,Train
2025-05-11,P003,0.7338419556617737,XGBoost,Prediction,Train
2025-05-12,P003,1.0435155630111694,XGBoost,Prediction,Train
2025-05-13,P003,0.6258440613746643,XGBoost,Prediction,Train
2025-05-14,P003,2.662533760070801,XGBoost,Prediction,Train
2025-05-15,P003,1.5612764358520508,XGBoost,Prediction,Train
2025-05-16,P003,1.270555853843689,XGBoost,Prediction,Train
2025-05-17,P003,1.1469241380691528,XGBoost,Prediction,Train
2025-05-18,P003,2.25838565826416,XGBoost,Prediction,Train
2025-05-19,P003,3.326716184616089,XGBoost,Prediction,Train
2025-05-20,P003,1.1322933435440063,XGBoost,Prediction,Train
2025-05-21,P003,0.818719744682312,XGBoost,Prediction,Train
2025-05-22,P003,2.8372979164123535,XGBoost,Prediction,Train
2025-05-23,P003,3.4497792720794678,XGBoost,Prediction,Train
2025-05-24,P003,0.9918150305747986,XGBoost,Prediction,Train
2025-05-25,P003,1.8998780250549316,XGBoost,Prediction,Train
2025-05-26,P003,1.0437769889831543,XGBoost,Prediction,Train
2025-05-27,P003,1.9957873821258545,XGBoost,Prediction,Train
2025-05-28,P003,1.3095543384552002,XGBoost,Prediction,Train
2025-05-29,P003,0.6991576552391052,XGBoost,Prediction,Train
2025-05-30,P003,1.083156704902649,XGBoost,Prediction,Train
2025-05-31,P003,0.6935608983039856,XGBoost,Prediction,Train
2025-06-01,P003,4.7856926918029785,XGBoost,Prediction,Train
2025-06-02,P003,5.211864948272705,XGBoost,Prediction,Train
2025-06-03,P003,0.7029169201850891,XGBoost,Prediction,Train
2025-06-04,P003,0.6295954585075378,XGBoost,Prediction,Train
2025-06-05,P003,0.6811640858650208,XGBoost,Prediction,Train
2025-06-06,P003,1.951369285583496,XGBoost,Prediction,Train
2025-06-07,P003,0.6320204138755798,XGBoost,Prediction,Train
2025-06-08,P003,2.6477620601654053,XGBoost,Prediction,Train
2025-06-09,P003,0.8476967811584473,XGBoost,Prediction,Train
2025-06-10,P003,1.1625088453292847,XGBoost,Prediction,Train
2025-06-11,P003,1.9528905153274536,XGBoost,Prediction,Train
2025-06-12,P003,2.4130823612213135,XGBoost,Prediction,Train
2025-06-13,P003,4.558055877685547,XGBoost,Prediction,Train
2025-06-14,P003,0.9190601110458374,XGBoost,Prediction,Train
2025-06-15,P003,1.0316920280456543,XGBoost,Prediction,Train
2025-06-16,P003,0.7063462734222412,XGBoost,Prediction,Train
2025-06-17,P003,1.6829229593276978,XGBoost,Prediction,Train
2025-06-18,P003,0.8880734443664551,XGBoost,Prediction,Train
2025-06-19,P003,3.168668270111084,XGBoost,Prediction,Train
2025-06-20,P003,3.4762461185455322,XGBoost,Prediction,Train
2025-06-21,P003,2.442425012588501,XGBoost,Prediction,Train
2025-06-22,P003,3.764772891998291,XGBoost,Prediction,Train
2025-06-23,P003,1.0060534477233887,XGBoost,Prediction,Train
2025-06-24,P003,4.11783504486084,XGBoost,Prediction,Train
2025-06-25,P003,1.9581124782562256,XGBoost,Prediction,Train
2025-06-26,P003,1.0878217220306396,XGBoost,Prediction,Train
2025-06-27,P003,5.178946495056152,XGBoost,Prediction,Train
2025-06-28,P003,0.9014260172843933,XGBoost,Prediction,Train
2025-06-29,P003,2.744511365890503,XGBoost,Prediction,Train
2025-06-30,P003,4.687417507171631,XGBoost,Prediction,Train
2025-07-01,P003,2.553201913833618,XGBoost,Prediction,Train
2025-07-02,P003,1.8852870464324951,XGBoost,Prediction,Train
2025-07-03,P003,1.0862869024276733,XGBoost,Prediction,Train
2025-07-04,P003,0.6794242858886719,XGBoost,Prediction,Train
2025-07-05,P003,0.9304972887039185,XGBoost,Prediction,Train
2025-07-06,P003,1.0065207481384277,XGBoost,Prediction,Train
2025-07-07,P003,3.178687572479248,XGBoost,Prediction,Train
2025-07-08,P003,3.6491005420684814,XGBoost,Prediction,Train
2025-07-09,P003,0.6737231612205505,XGBoost,Prediction,Train
2025-07-10,P003,3.8682143688201904,XGBoost,Prediction,Train
2025-07-11,P003,1.0148085355758667,XGBoost,Prediction,Train
2025-07-12,P003,0.7897014021873474,XGBoost,Prediction,Train
2025-07-13,P003,3.9818761348724365,XGBoost,Prediction,Train
2025-07-14,P003,4.642364025115967,XGBoost,Prediction,Train
2025-07-15,P003,1.520175576210022,XGBoost,Prediction,Train
2025-07-16,P003,1.2787293195724487,XGBoost,Prediction,Train
2025-07-17,P003,1.8627592325210571,XGBoost,Prediction,Train
2025-07-18,P003,0.5845575332641602,XGBoost,Prediction,Train
2025-07-19,P003,1.3219588994979858,XGBoost,Prediction,Train
2025-07-20,P003,0.6620309948921204,XGBoost,Prediction,Train
2025-07-21,P003,1.677257776260376,XGBoost,Prediction,Train
2025-07-22,P003,0.9905856847763062,XGBoost,Prediction,Train
2025-07-23,P003,0.6183505058288574,XGBoost,Prediction,Train
2025-07-24,P003,4.558313369750977,XGBoost,Prediction,Train
2025-07-25,P003,4.499557018280029,XGBoost,Prediction,Train
2025-07-26,P003,2.4371867179870605,XGBoost,Prediction,Train
2025-07-27,P003,0.9266376495361328,XGBoost,Prediction,Train
2025-07-28,P003,1.6736992597579956,XGBoost,Prediction,Train
2025-07-29,P003,1.8371537923812866,XGBoost,Prediction,Train
2025-07-30,P003,1.8129628896713257,XGBoost,Prediction,Train
2025-07-31,P003,0.7460322976112366,XGBoost,Prediction,Train
2025-08-01,P003,2.4547252655029297,XGBoost,Prediction,Train
2025-08-02,P003,0.9732581973075867,XGBoost,Prediction,Train
2025-08-03,P003,1.9523955583572388,XGBoost,Prediction,Train
2025-08-04,P003,1.2328792810440063,XGBoost,Prediction,Train
2025-08-05,P003,1.8770384788513184,XGBoost,Prediction,Train
2025-08-06,P003,0.7247865796089172,XGBoost,Prediction,Train
2025-08-07,P003,0.6145363450050354,XGBoost,Prediction,Train
2025-08-08,P003,0.6650931239128113,XGBoost,Prediction,Train
2025-08-09,P003,3.369264602661133,XGBoost,Prediction,Train
2025-08-10,P003,0.6632483005523682,XGBoost,Prediction,Train
2025-08-11,P003,1.8856134414672852,XGBoost,Prediction,Train
2025-08-12,P003,1.1943529844284058,XGBoost,Prediction,Train
2025-08-13,P003,1.1028258800506592,XGBoost,Prediction,Train
2025-08-14,P003,0.961571991443634,XGBoost,Prediction,Train
2025-08-15,P003,0.7256830334663391,XGBoost,Prediction,Train
2025-08-16,P003,3.4906234741210938,XGBoost,Prediction,Train
2025-08-17,P003,0.8611684441566467,XGBoost,Prediction,Train
2025-08-18,P003,0.7685988545417786,XGBoost,Prediction,Train
2025-08-19,P003,0.5003321170806885,XGBoost,Prediction,Train
2025-08-20,P003,2.367295026779175,XGBoost,Prediction,Train
2025-08-21,P003,3.763415813446045,XGBoost,Prediction,Train
2025-08-22,P003,2.4293735027313232,XGBoost,Prediction,Train
2025-08-23,P003,1.2389553785324097,XGBoost,Prediction,Train
2025-08-24,P003,3.976891040802002,XGBoost,Prediction,Train
2025-08-25,P003,2.953509569168091,XGBoost,Prediction,Train
2025-08-26,P003,1.2256420850753784,XGBoost,Prediction,Train
2025-08-27,P003,0.9186252951622009,XGBoost,Prediction,Train
2025-08-28,P003,2.728703260421753,XGBoost,Prediction,Train
2025-08-29,P003,0.8940512537956238,XGBoost,Prediction,Train
2025-08-30,P003,3.562617540359497,XGBoost,Prediction,Train
2025-08-31,P003,4.804342269897461,XGBoost,Prediction,Train
2025-09-01,P003,0.6740255951881409,XGBoost,Prediction,Train
2025-09-02,P003,4.170612812042236,XGBoost,Prediction,Train
2025-09-03,P003,2.5510802268981934,XGBoost,Prediction,Train
2025-09-04,P003,3.1323983669281006,XGBoost,Prediction,Train
2025-09-05,P003,1.0086073875427246,XGBoost,Prediction,Train
2025-09-06,P003,0.9701830148696899,XGBoost,Prediction,Train
2025-09-07,P003,2.6431398391723633,XGBoost,Prediction,Train
2025-09-08,P003,2.432990312576294,XGBoost,Prediction,Train
2025-09-09,P003,2.3648266792297363,XGBoost,Prediction,Train
2025-09-10,P003,0.5995745658874512,XGBoost,Prediction,Train
2025-09-11,P003,0.7543147206306458,XGBoost,Prediction,Train
2025-09-12,P003,1.091483473777771,XGBoost,Prediction,Train
2025-09-13,P003,3.248605489730835,XGBoost,Prediction,Train
2025-09-14,P003,0.9178054928779602,XGBoost,Prediction,Train
2025-01-08,P004,0.46932587027549744,XGBoost,Prediction,Train
2025-01-09,P004,1.9303922653198242,XGBoost,Prediction,Train
2025-01-10,P004,0.7607433199882507,XGBoost,Prediction,Train
2025-01-11,P004,1.1683560609817505,XGBoost,Prediction,Train
2025-01-12,P004,4.945249080657959,XGBoost,Prediction,Train
2025-01-13,P004,2.0221152305603027,XGBoost,Prediction,Train
2025-01-14,P004,0.9598119854927063,XGBoost,Prediction,Train
2025-01-15,P004,4.168597221374512,XGBoost,Prediction,Train
2025-01-16,P004,2.54803729057312,XGBoost,Prediction,Train
2025-01-17,P004,1.3883193731307983,XGBoost,Prediction,Train
2025-01-18,P004,2.009463310241699,XGBoost,Prediction,Train
2025-01-19,P004,2.0975706577301025,XGBoost,Prediction,Train
2025-01-20,P004,1.9902241230010986,XGBoost,Prediction,Train
2025-01-21,P004,4.005712032318115,XGBoost,Prediction,Train
2025-01-22,P004,3.230191946029663,XGBoost,Prediction,Train
2025-01-23,P004,2.4959356784820557,XGBoost,Prediction,Train
2025-01-24,P004,0.9673586487770081,XGBoost,Prediction,Train
2025-01-25,P004,0.5718516707420349,XGBoost,Prediction,Train
2025-01-26,P004,1.042242407798767,XGBoost,Prediction,Train
2025-01-27,P004,3.8340563774108887,XGBoost,Prediction,Train
2025-01-28,P004,1.3453645706176758,XGBoost,Prediction,Train
2025-01-29,P004,2.069908618927002,XGBoost,Prediction,Train
2025-01-30,P004,0.5262854695320129,XGBoost,Prediction,Train
2025-01-31,P004,1.302825689315796,XGBoost,Prediction,Train
2025-02-01,P004,6.011387348175049,XGBoost,Prediction,Train
2025-02-02,P004,2.849681854248047,XGBoost,Prediction,Train
2025-02-03,P004,1.842934250831604,XGBoost,Prediction,Train
2025-02-04,P004,2.7628085613250732,XGBoost,Prediction,Train
2025-02-05,P004,0.9743674397468567,XGBoost,Prediction,Train
2025-02-06,P004,2.475548505783081,XGBoost,Prediction,Train
2025-02-07,P004,3.906064510345459,XGBoost,Prediction,Train
2025-02-08,P004,0.5473418831825256,XGBoost,Prediction,Train
2025-02-09,P004,1.574267864227295,XGBoost,Prediction,Train
2025-02-10,P004,2.095888614654541,XGBoost,Prediction,Train
2025-02-11,P004,3.2951886653900146,XGBoost,Prediction,Train
2025-02-12,P004,1.2700490951538086,XGBoost,Prediction,Train
2025-02-13,P004,4.728813648223877,XGBoost,Prediction,Train
2025-02-14,P004,4.095041751861572,XGBoost,Prediction,Train
2025-02-15,P004,3.793062210083008,XGBoost,Prediction,Train
2025-02-16,P004,4.88815975189209,XGBoost,Prediction,Train
2025-02-17,P004,0.9180498123168945,XGBoost,Prediction,Train
2025-02-18,P004,0.7376768589019775,XGBoost,Prediction,Train
2025-02-19,P004,1.781735897064209,XGBoost,Prediction,Train
2025-02-20,P004,2.1447231769561768,XGBoost,Prediction,Train
2025-02-21,P004,0.9875027537345886,XGBoost,Prediction,Train
2025-02-22,P004,2.0614871978759766,XGBoost,Prediction,Train
2025-02-23,P004,1.828397274017334,XGBoost,Prediction,Train
2025-02-24,P004,0.8829110860824585,XGBoost,Prediction,Train
2025-02-25,P004,4.656879425048828,XGBoost,Prediction,Train
2025-02-26,P004,1.2666726112365723,XGBoost,Prediction,Train
2025-02-27,P004,0.9573569297790527,XGBoost,Prediction,Train
2025-02-28,P004,3.7851874828338623,XGBoost,Prediction,Train
2025-03-01,P004,0.6871495246887207,XGBoost,Prediction,Train
2025-03-02,P004,1.0781972408294678,XGBoost,Prediction,Train
2025-03-03,P004,3.501823902130127,XGBoost,Prediction,Train
2025-03-04,P004,4.541794300079346,XGBoost,Prediction,Train
2025-03-05,P004,2.5961132049560547,XGBoost,Prediction,Train
2025-03-06,P004,1.3741474151611328,XGBoost,Prediction,Train
2025-03-07,P004,0.7970311045646667,XGBoost,Prediction,Train
2025-03-08,P004,0.8400006890296936,XGBoost,Prediction,Train
2025-03-09,P004,0.8720049262046814,XGBoost,Prediction,Train
2025-03-10,P004,3.5096325874328613,XGBoost,Prediction,Train
2025-03-11,P004,4.605727672576904,XGBoost,Prediction,Train
2025-03-12,P004,1.2137889862060547,XGBoost,Prediction,Train
2025-03-13,P004,0.8973842859268188,XGBoost,Prediction,Train
2025-03-14,P004,5.103886604309082,XGBoost,Prediction,Train
2025-03-15,P004,2.6356987953186035,XGBoost,Prediction,Train
2025-03-16,P004,1.345649003982544,XGBoost,Prediction,Train
2025-03-17,P004,2.809443712234497,XGBoost,Prediction,Train
2025-03-18,P004,0.7363063097000122,XGBoost,Prediction,Train
2025-03-19,P004,1.8484259843826294,XGBoost,Prediction,Train
2025-03-20,P004,4.718425750732422,XGBoost,Prediction,Train
2025-03-21,P004,2.365485906600952,XGBoost,Prediction,Train
2025-03-22,P004,0.7099730968475342,XGBoost,Prediction,Train
2025-03-23,P004,1.7796088457107544,XGBoost,Prediction,Train
2025-03-24,P004,0.5228180289268494,XGBoost,Prediction,Train
2025-03-25,P004,3.695059299468994,XGBoost,Prediction,Train
2025-03-26,P004,5.338090896606445,XGBoost,Prediction,Train
2025-03-27,P004,3.749474048614502,XGBoost,Prediction,Train
2025-03-28,P004,3.0402772426605225,XGBoost,Prediction,Train
2025-03-29,P004,0.8004806041717529,XGBoost,Prediction,Train
2025-03-30,P004,0.9331942796707153,XGBoost,Prediction,Train
2025-03-31,P004,2.6963210105895996,XGBoost,Prediction,Train
2025-04-01,P004,2.657825469970703,XGBoost,Prediction,Train
2025-04-02,P004,3.928344488143921,XGBoost,Prediction,Train
2025-04-03,P004,1.9410549402236938,XGBoost,Prediction,Train
2025-04-04,P004,2.051569938659668,XGBoost,Prediction,Train
2025-04-05,P004,4.171857833862305,XGBoost,Prediction,Train
2025-04-06,P004,0.7281142473220825,XGBoost,Prediction,Train
2025-04-07,P004,2.028742790222168,XGBoost,Prediction,Train
2025-04-08,P004,2.4553558826446533,XGBoost,Prediction,Train
2025-04-09,P004,1.363315463066101,XGBoost,Prediction,Train
2025-04-10,P004,0.8384870290756226,XGBoost,Prediction,Train
2025-04-11,P004,2.7121479511260986,XGBoost,Prediction,Train
2025-04-12,P004,5.765228748321533,XGBoost,Prediction,Train
2025-04-13,P004,2.583707809448242,XGBoost,Prediction,Train
2025-04-14,P004,2.059377431869507,XGBoost,Prediction,Train
2025-04-15,P004,4.965559005737305,XGBoost,Prediction,Train
2025-04-16,P004,1.088690161705017,XGBoost,Prediction,Train
2025-04-17,P004,0.9683024883270264,XGBoost,Prediction,Train
2025-04-18,P004,0.6309699416160583,XGBoost,Prediction,Train
2025-04-19,P004,3.2940673828125,XGBoost,Prediction,Train
2025-04-20,P004,2.2911298274993896,XGBoost,Prediction,Train
2025-04-21,P004,1.4410418272018433,XGBoost,Prediction,Train
2025-04-22,P004,2.072506904602051,XGBoost,Prediction,Train
2025-04-23,P004,1.0839742422103882,XGBoost,Prediction,Train
2025-04-24,P004,2.681792736053467,XGBoost,Prediction,Train
2025-04-25,P004,4.04855489730835,XGBoost,Prediction,Train
2025-04-26,P004,1.3358511924743652,XGBoost,Prediction,Train
2025-04-27,P004,2.649876594543457,XGBoost,Prediction,Train
2025-04-28,P004,1.1113334894180298,XGBoost,Prediction,Train
2025-04-29,P004,0.7094847559928894,XGBoost,Prediction,Train
2025-04-30,P004,1.310227870941162,XGBoost,Prediction,Train
2025-05-01,P004,1.5565650463104248,XGBoost,Prediction,Train
2025-05-02,P004,2.9275035858154297,XGBoost,Prediction,Train
2025-05-03,P004,2.6795547008514404,XGBoost,Prediction,Train
2025-05-04,P004,6.155292987823486,XGBoost,Prediction,Train
2025-05-05,P004,2.0534727573394775,XGBoost,Prediction,Train
2025-05-06,P004,2.6378653049468994,XGBoost,Prediction,Train
2025-05-07,P004,0.6895917654037476,XGBoost,Prediction,Train
2025-05-08,P004,1.8289885520935059,XGBoost,Prediction,Train
2025-05-09,P004,2.0691351890563965,XGBoost,Prediction,Train
2025-05-10,P004,0.9659546613693237,XGBoost,Prediction,Train
2025-05-11,P004,2.8451364040374756,XGBoost,Prediction,Train
2025-05-12,P004,1.05962336063385,XGBoost,Prediction,Train
2025-05-13,P004,1.8525357246398926,XGBoost,Prediction,Train
2025-05-14,P004,4.350174903869629,XGBoost,Prediction,Train
2025-05-15,P004,1.801256537437439,XGBoost,Prediction,Train
2025-05-16,P004,2.114123821258545,XGBoost,Prediction,Train
2025-05-17,P004,1.0306286811828613,XGBoost,Prediction,Train
2025-05-18,P004,1.0604097843170166,XGBoost,Prediction,Train
2025-05-19,P004,1.1214772462844849,XGBoost,Prediction,Train
2025-05-20,P004,0.6090628504753113,XGBoost,Prediction,Train
2025-05-21,P004,0.8077846169471741,XGBoost,Prediction,Train
2025-05-22,P004,0.6894614696502686,XGBoost,Prediction,Train
2025-05-23,P004,3.289954900741577,XGBoost,Prediction,Train
2025-05-24,P004,4.063046455383301,XGBoost,Prediction,Train
2025-05-25,P004,1.3173648118972778,XGBoost,Prediction,Train
2025-05-26,P004,2.7192397117614746,XGBoost,Prediction,Train
2025-05-27,P004,4.766141414642334,XGBoost,Prediction,Train
2025-05-28,P004,5.590404033660889,XGBoost,Prediction,Train
2025-05-29,P004,1.6967542171478271,XGBoost,Prediction,Train
2025-05-30,P004,0.7602025270462036,XGBoost,Prediction,Train
2025-05-31,P004,0.7280176281929016,XGBoost,Prediction,Train
2025-06-01,P004,2.700345039367676,XGBoost,Prediction,Train
2025-06-02,P004,1.3925453424453735,XGBoost,Prediction,Train
2025-06-03,P004,2.7646753787994385,XGBoost,Prediction,Train
2025-06-04,P004,1.9407676458358765,XGBoost,Prediction,Train
2025-06-05,P004,4.228884220123291,XGBoost,Prediction,Train
2025-06-06,P004,1.3631787300109863,XGBoost,Prediction,Train
2025-06-07,P004,1.0111602544784546,XGBoost,Prediction,Train
2025-06-08,P004,1.1336437463760376,XGBoost,Prediction,Train
2025-06-09,P004,1.4802738428115845,XGBoost,Prediction,Train
2025-06-10,P004,0.7467340230941772,XGBoost,Prediction,Train
2025-06-11,P004,3.8689610958099365,XGBoost,Prediction,Train
2025-06-12,P004,2.320343255996704,XGBoost,Prediction,Train
2025-06-13,P004,5.523482322692871,XGBoost,Prediction,Train
2025-06-14,P004,2.9044923782348633,XGBoost,Prediction,Train
2025-06-15,P004,4.095312118530273,XGBoost,Prediction,Train
2025-06-16,P004,4.777824401855469,XGBoost,Prediction,Train
2025-06-17,P004,1.8069528341293335,XGBoost,Prediction,Train
2025-06-18,P004,0.9402305483818054,XGBoost,Prediction,Train
2025-06-19,P004,3.1952784061431885,XGBoost,Prediction,Train
2025-06-20,P004,0.7400731444358826,XGBoost,Prediction,Train
2025-06-21,P004,0.7805280685424805,XGBoost,Prediction,Train
2025-06-22,P004,4.2321062088012695,XGBoost,Prediction,Train
2025-06-23,P004,0.8061513900756836,XGBoost,Prediction,Train
2025-06-24,P004,1.4097344875335693,XGBoost,Prediction,Train
2025-06-25,P004,0.8390480875968933,XGBoost,Prediction,Train
2025-06-26,P004,2.7721691131591797,XGBoost,Prediction,Train
2025-06-27,P004,1.2933940887451172,XGBoost,Prediction,Train
2025-06-28,P004,1.8678629398345947,XGBoost,Prediction,Train
2025-06-29,P004,5.477787017822266,XGBoost,Prediction,Train
2025-06-30,P004,3.5660312175750732,XGBoost,Prediction,Train
2025-07-01,P004,0.8212282061576843,XGBoost,Prediction,Train
2025-07-02,P004,0.9236115217208862,XGBoost,Prediction,Train
2025-07-03,P004,0.8498504161834717,XGBoost,Prediction,Train
2025-07-04,P004,2.5081098079681396,XGBoost,Prediction,Train
2025-07-05,P004,0.911229133605957,XGBoost,Prediction,Train
2025-07-06,P004,1.4581629037857056,XGBoost,Prediction,Train
2025-07-07,P004,4.831650257110596,XGBoost,Prediction,Train
2025-07-08,P004,1.0575040578842163,XGBoost,Prediction,Train
2025-07-09,P004,0.9383994340896606,XGBoost,Prediction,Train
2025-07-10,P004,1.329554796218872,XGBoost,Prediction,Train
2025-07-11,P004,3.4749348163604736,XGBoost,Prediction,Train
2025-07-12,P004,0.6319376826286316,XGBoost,Prediction,Train
2025-07-13,P004,0.8803004026412964,XGBoost,Prediction,Train
2025-07-14,P004,2.8328254222869873,XGBoost,Prediction,Train
2025-07-15,P004,1.9822767972946167,XGBoost,Prediction,Train
2025-07-16,P004,2.6554155349731445,XGBoost,Prediction,Train
2025-07-17,P004,3.4807851314544678,XGBoost,Prediction,Train
2025-07-18,P004,1.8746541738510132,XGBoost,Prediction,Train
2025-07-19,P004,5.255043983459473,XGBoost,Prediction,Train
2025-07-20,P004,0.9526612162590027,XGBoost,Prediction,Train
2025-07-21,P004,2.7743427753448486,XGBoost,Prediction,Train
2025-07-22,P004,2.699343681335449,XGBoost,Prediction,Train
2025-07-23,P004,1.5106018781661987,XGBoost,Prediction,Train
2025-07-24,P004,2.8836193084716797,XGBoost,Prediction,Train
2025-07-25,P004,1.8597902059555054,XGBoost,Prediction,Train
2025-07-26,P004,1.8067493438720703,XGBoost,Prediction,Train
2025-07-27,P004,2.6500043869018555,XGBoost,Prediction,Train
2025-07-28,P004,2.64965558052063,XGBoost,Prediction,Train
2025-07-29,P004,2.866173505783081,XGBoost,Prediction,Train
2025-07-30,P004,0.8186270594596863,XGBoost,Prediction,Train
2025-07-31,P004,1.11922287940979,XGBoost,Prediction,Train
2025-08-01,P004,4.330530166625977,XGBoost,Prediction,Train
2025-08-02,P004,2.0411078929901123,XGBoost,Prediction,Train
2025-08-03,P004,0.9583972096443176,XGBoost,Prediction,Train
2025-08-04,P004,4.822572231292725,XGBoost,Prediction,Train
2025-08-05,P004,0.9220770597457886,XGBoost,Prediction,Train
2025-08-06,P004,1.3744642734527588,XGBoost,Prediction,Train
2025-08-07,P004,1.4567365646362305,XGBoost,Prediction,Train
2025-08-08,P004,0.5091670751571655,XGBoost,Prediction,Train
2025-08-09,P004,1.8250620365142822,XGBoost,Prediction,Train
2025-08-10,P004,4.024985313415527,XGBoost,Prediction,Train
2025-08-11,P004,3.3969993591308594,XGBoost,Prediction,Train
2025-08-12,P004,1.2625839710235596,XGBoost,Prediction,Train
2025-08-13,P004,1.330273151397705,XGBoost,Prediction,Train
2025-08-14,P004,0.6737974286079407,XGBoost,Prediction,Train
2025-08-15,P004,0.8621960878372192,XGBoost,Prediction,Train
2025-08-16,P004,2.5594868659973145,XGBoost,Prediction,Train
2025-08-17,P004,1.5854052305221558,XGBoost,Prediction,Train
2025-08-18,P004,1.1671022176742554,XGBoost,Prediction,Train
2025-08-19,P004,0.9946128129959106,XGBoost,Prediction,Train
2025-08-20,P004,0.5580936670303345,XGBoost,Prediction,Train
2025-08-21,P004,4.7882609367370605,XGBoost,Prediction,Train
2025-08-22,P004,2.9838171005249023,XGBoost,Prediction,Train
2025-08-23,P004,4.114575386047363,XGBoost,Prediction,Train
2025-08-24,P004,0.8094303011894226,XGBoost,Prediction,Train
2025-08-25,P004,2.7424540519714355,XGBoost,Prediction,Train
2025-08-26,P004,0.9989556074142456,XGBoost,Prediction,Train
2025-08-27,P004,1.2516165971755981,XGBoost,Prediction,Train
2025-08-28,P004,4.571771144866943,XGBoost,Prediction,Train
2025-08-29,P004,0.7532763481140137,XGBoost,Prediction,Train
2025-08-30,P004,3.263589859008789,XGBoost,Prediction,Train
2025-08-31,P004,3.764676570892334,XGBoost,Prediction,Train
2025-09-01,P004,3.6617627143859863,XGBoost,Prediction,Train
2025-09-02,P004,2.888622760772705,XGBoost,Prediction,Train
2025-09-03,P004,1.266159176826477,XGBoost,Prediction,Train
2025-09-04,P004,1.3345142602920532,XGBoost,Prediction,Train
2025-09-05,P004,1.2472988367080688,XGBoost,Prediction,Train
2025-09-06,P004,0.7781524658203125,XGBoost,Prediction,Train
2025-09-07,P004,0.8447136282920837,XGBoost,Prediction,Train
2025-09-08,P004,3.913078784942627,XGBoost,Prediction,Train
2025-09-09,P004,1.4261072874069214,XGBoost,Prediction,Train
2025-09-10,P004,1.1253833770751953,XGBoost,Prediction,Train
2025-09-11,P004,2.944596529006958,XGBoost,Prediction,Train
2025-09-12,P004,1.106795072555542,XGBoost,Prediction,Train
2025-09-13,P004,3.3524250984191895,XGBoost,Prediction,Train
2025-09-14,P004,1.1891834735870361,XGBoost,Prediction,Train
2025-01-08,P005,1.0685406923294067,XGBoost,Prediction,Train
2025-01-09,P005,1.8899741172790527,XGBoost,Prediction,Train
2025-01-10,P005,2.5693628787994385,XGBoost,Prediction,Train
2025-01-11,P005,1.1072108745574951,XGBoost,Prediction,Train
2025-01-12,P005,0.9634066820144653,XGBoost,Prediction,Train
2025-01-13,P005,2.805556297302246,XGBoost,Prediction,Train
2025-01-14,P005,1.0199034214019775,XGBoost,Prediction,Train
2025-01-15,P005,1.986390471458435,XGBoost,Prediction,Train
2025-01-16,P005,2.4974050521850586,XGBoost,Prediction,Train
2025-01-17,P005,0.8361409902572632,XGBoost,Prediction,Train
2025-01-18,P005,3.183173418045044,XGBoost,Prediction,Train
2025-01-19,P005,2.6681101322174072,XGBoost,Prediction,Train
2025-01-20,P005,3.144076108932495,XGBoost,Prediction,Train
2025-01-21,P005,1.5439627170562744,XGBoost,Prediction,Train
2025-01-22,P005,1.2004482746124268,XGBoost,Prediction,Train
2025-01-23,P005,2.487394332885742,XGBoost,Prediction,Train
2025-01-24,P005,5.07499885559082,XGBoost,Prediction,Train
2025-01-25,P005,0.609669029712677,XGBoost,Prediction,Train
2025-01-26,P005,1.004852294921875,XGBoost,Prediction,Train
2025-01-27,P005,0.784961462020874,XGBoost,Prediction,Train
2025-01-28,P005,1.1469112634658813,XGBoost,Prediction,Train
2025-01-29,P005,1.8725619316101074,XGBoost,Prediction,Train
2025-01-30,P005,0.9443261623382568,XGBoost,Prediction,Train
2025-01-31,P005,2.614389419555664,XGBoost,Prediction,Train
2025-02-01,P005,0.51421058177948,XGBoost,Prediction,Train
2025-02-02,P005,0.8698596358299255,XGBoost,Prediction,Train
2025-02-03,P005,1.0599740743637085,XGBoost,Prediction,Train
2025-02-04,P005,2.2912189960479736,XGBoost,Prediction,Train
2025-02-05,P005,1.0862420797348022,XGBoost,Prediction,Train
2025-02-06,P005,0.736275315284729,XGBoost,Prediction,Train
2025-02-07,P005,2.6960930824279785,XGBoost,Prediction,Train
2025-02-08,P005,2.507054090499878,XGBoost,Prediction,Train
2025-02-09,P005,0.8328589797019958,XGBoost,Prediction,Train
2025-02-10,P005,0.5641965270042419,XGBoost,Prediction,Train
2025-02-11,P005,1.0016945600509644,XGBoost,Prediction,Train
2025-02-12,P005,0.9149003028869629,XGBoost,Prediction,Train
2025-02-13,P005,0.8435380458831787,XGBoost,Prediction,Train
2025-02-14,P005,0.8394457101821899,XGBoost,Prediction,Train
2025-02-15,P005,2.7760467529296875,XGBoost,Prediction,Train
2025-02-16,P005,1.1732957363128662,XGBoost,Prediction,Train
2025-02-17,P005,0.8382607698440552,XGBoost,Prediction,Train
2025-02-18,P005,0.567314088344574,XGBoost,Prediction,Train
2025-02-19,P005,1.9883842468261719,XGBoost,Prediction,Train
2025-02-20,P005,1.9682179689407349,XGBoost,Prediction,Train
2025-02-21,P005,2.6970183849334717,XGBoost,Prediction,Train
2025-02-22,P005,1.8453502655029297,XGBoost,Prediction,Train
2025-02-23,P005,2.9791135787963867,XGBoost,Prediction,Train
2025-02-24,P005,0.7632911205291748,XGBoost,Prediction,Train
2025-02-25,P005,5.360196590423584,XGBoost,Prediction,Train
2025-02-26,P005,2.725288152694702,XGBoost,Prediction,Train
2025-02-27,P005,2.642564296722412,XGBoost,Prediction,Train
2025-02-28,P005,0.9508710503578186,XGBoost,Prediction,Train
2025-03-01,P005,2.5552783012390137,XGBoost,Prediction,Train
2025-03-02,P005,2.727213144302368,XGBoost,Prediction,Train
2025-03-03,P005,2.8330564498901367,XGBoost,Prediction,Train
2025-03-04,P005,2.765714168548584,XGBoost,Prediction,Train
2025-03-05,P005,4.464456558227539,XGBoost,Prediction,Train
2025-03-06,P005,3.1487655639648438,XGBoost,Prediction,Train
2025-03-07,P005,0.4032086431980133,XGBoost,Prediction,Train
2025-03-08,P005,1.1262270212173462,XGBoost,Prediction,Train
2025-03-09,P005,2.5507235527038574,XGBoost,Prediction,Train
2025-03-10,P005,1.0810606479644775,XGBoost,Prediction,Train
2025-03-11,P005,0.5868026614189148,XGBoost,Prediction,Train
2025-03-12,P005,0.9387325644493103,XGBoost,Prediction,Train
2025-03-13,P005,0.3706813156604767,XGBoost,Prediction,Train
2025-03-14,P005,0.947688102722168,XGBoost,Prediction,Train
2025-03-15,P005,2.55558443069458,XGBoost,Prediction,Train
2025-03-16,P005,2.8607025146484375,XGBoost,Prediction,Train
2025-03-17,P005,2.716010093688965,XGBoost,Prediction,Train
2025-03-18,P005,4.638570785522461,XGBoost,Prediction,Train
2025-03-19,P005,2.0280864238739014,XGBoost,Prediction,Train
2025-03-20,P005,1.3620619773864746,XGBoost,Prediction,Train
2025-03-21,P005,2.689795732498169,XGBoost,Prediction,Train
2025-03-22,P005,1.9442200660705566,XGBoost,Prediction,Train
2025-03-23,P005,2.4657583236694336,XGBoost,Prediction,Train
2025-03-24,P005,3.9632315635681152,XGBoost,Prediction,Train
2025-03-25,P005,3.3345255851745605,XGBoost,Prediction,Train
2025-03-26,P005,4.0028486251831055,XGBoost,Prediction,Train
2025-03-27,P005,0.6352167129516602,XGBoost,Prediction,Train
2025-03-28,P005,1.2467485666275024,XGBoost,Prediction,Train
2025-03-29,P005,0.42724016308784485,XGBoost,Prediction,Train
2025-03-30,P005,0.9259373545646667,XGBoost,Prediction,Train
2025-03-31,P005,1.4237726926803589,XGBoost,Prediction,Train
2025-04-01,P005,1.8827404975891113,XGBoost,Prediction,Train
2025-04-02,P005,3.8940794467926025,XGBoost,Prediction,Train
2025-04-03,P005,2.682856559753418,XGBoost,Prediction,Train
2025-04-04,P005,1.9365592002868652,XGBoost,Prediction,Train
2025-04-05,P005,1.1345796585083008,XGBoost,Prediction,Train
2025-04-06,P005,0.6167144179344177,XGBoost,Prediction,Train
2025-04-07,P005,0.6601242423057556,XGBoost,Prediction,Train
2025-04-08,P005,0.6385725736618042,XGBoost,Prediction,Train
2025-04-09,P005,1.131247878074646,XGBoost,Prediction,Train
2025-04-10,P005,3.853912353515625,XGBoost,Prediction,Train
2025-04-11,P005,0.9882996678352356,XGBoost,Prediction,Train
2025-04-12,P005,4.1076459884643555,XGBoost,Prediction,Train
2025-04-13,P005,1.1722021102905273,XGBoost,Prediction,Train
2025-04-14,P005,0.8440753817558289,XGBoost,Prediction,Train
2025-04-15,P005,0.5159708261489868,XGBoost,Prediction,Train
2025-04-16,P005,2.846621036529541,XGBoost,Prediction,Train
2025-04-17,P005,2.716351270675659,XGBoost,Prediction,Train
2025-04-18,P005,0.4876284599304199,XGBoost,Prediction,Train
2025-04-19,P005,3.4609405994415283,XGBoost,Prediction,Train
2025-04-20,P005,2.629133462905884,XGBoost,Prediction,Train
2025-04-21,P005,1.369484305381775,XGBoost,Prediction,Train
2025-04-22,P005,2.703134298324585,XGBoost,Prediction,Train
2025-04-23,P005,0.9437665939331055,XGBoost,Prediction,Train
2025-04-24,P005,0.8745931386947632,XGBoost,Prediction,Train
2025-04-25,P005,2.0102317333221436,XGBoost,Prediction,Train
2025-04-26,P005,2.0066099166870117,XGBoost,Prediction,Train
2025-04-27,P005,3.4401602745056152,XGBoost,Prediction,Train
2025-04-28,P005,0.8493686318397522,XGBoost,Prediction,Train
2025-04-29,P005,0.8106011748313904,XGBoost,Prediction,Train
2025-04-30,P005,0.5405767560005188,XGBoost,Prediction,Train
2025-05-01,P005,3.948972463607788,XGBoost,Prediction,Train
2025-05-02,P005,0.9076829552650452,XGBoost,Prediction,Train
2025-05-03,P005,3.704789876937866,XGBoost,Prediction,Train
2025-05-04,P005,2.6551570892333984,XGBoost,Prediction,Train
2025-05-05,P005,0.9000896215438843,XGBoost,Prediction,Train
2025-05-06,P005,0.6710482239723206,XGBoost,Prediction,Train
2025-05-07,P005,0.6325739026069641,XGBoost,Prediction,Train
2025-05-08,P005,2.450547456741333,XGBoost,Prediction,Train
2025-05-09,P005,4.435426712036133,XGBoost,Prediction,Train
2025-05-10,P005,2.1787362098693848,XGBoost,Prediction,Train
2025-05-11,P005,1.9453381299972534,XGBoost,Prediction,Train
2025-05-12,P005,2.4128687381744385,XGBoost,Prediction,Train
2025-05-13,P005,1.69621741771698,XGBoost,Prediction,Train
2025-05-14,P005,2.730823278427124,XGBoost,Prediction,Train
2025-05-15,P005,1.92776358127594,XGBoost,Prediction,Train
2025-05-16,P005,0.8642468452453613,XGBoost,Prediction,Train
2025-05-17,P005,1.8642969131469727,XGBoost,Prediction,Train
2025-05-18,P005,1.6702783107757568,XGBoost,Prediction,Train
2025-05-19,P005,0.3950284421443939,XGBoost,Prediction,Train
2025-05-20,P005,0.7991467714309692,XGBoost,Prediction,Train
2025-05-21,P005,3.318239688873291,XGBoost,Prediction,Train
2025-05-22,P005,1.7742563486099243,XGBoost,Prediction,Train
2025-05-23,P005,3.359640598297119,XGBoost,Prediction,Train
2025-05-24,P005,4.568634033203125,XGBoost,Prediction,Train
2025-05-25,P005,0.8304604887962341,XGBoost,Prediction,Train
2025-05-26,P005,0.6097039580345154,XGBoost,Prediction,Train
2025-05-27,P005,1.9119709730148315,XGBoost,Prediction,Train
2025-05-28,P005,0.767072856426239,XGBoost,Prediction,Train
2025-05-29,P005,2.7930922508239746,XGBoost,Prediction,Train
2025-05-30,P005,3.6502139568328857,XGBoost,Prediction,Train
2025-05-31,P005,2.0341992378234863,XGBoost,Prediction,Train
2025-06-01,P005,1.3938641548156738,XGBoost,Prediction,Train
2025-06-02,P005,3.7834837436676025,XGBoost,Prediction,Train
2025-06-03,P005,0.9565535187721252,XGBoost,Prediction,Train
2025-06-04,P005,3.2462949752807617,XGBoost,Prediction,Train
2025-06-05,P005,0.7524592280387878,XGBoost,Prediction,Train
2025-06-06,P005,0.5794891119003296,XGBoost,Prediction,Train
2025-06-07,P005,0.9725174307823181,XGBoost,Prediction,Train
2025-06-08,P005,0.34609925746917725,XGBoost,Prediction,Train
2025-06-09,P005,1.7075879573822021,XGBoost,Prediction,Train
2025-06-10,P005,2.667147636413574,XGBoost,Prediction,Train
2025-06-11,P005,4.239148139953613,XGBoost,Prediction,Train
2025-06-12,P005,1.089792251586914,XGBoost,Prediction,Train
2025-06-13,P005,2.356442451477051,XGBoost,Prediction,Train
2025-06-14,P005,0.865143358707428,XGBoost,Prediction,Train
2025-06-15,P005,2.5814568996429443,XGBoost,Prediction,Train
2025-06-16,P005,0.9013882279396057,XGBoost,Prediction,Train
2025-06-17,P005,0.51447594165802,XGBoost,Prediction,Train
2025-06-18,P005,1.2481038570404053,XGBoost,Prediction,Train
2025-06-19,P005,2.9165728092193604,XGBoost,Prediction,Train
2025-06-20,P005,4.2619452476501465,XGBoost,Prediction,Train
2025-06-21,P005,1.2382928133010864,XGBoost,Prediction,Train
2025-06-22,P005,0.7127626538276672,XGBoost,Prediction,Train
2025-06-23,P005,0.6337467432022095,XGBoost,Prediction,Train
2025-06-24,P005,4.794469356536865,XGBoost,Prediction,Train
2025-06-25,P005,2.6883792877197266,XGBoost,Prediction,Train
2025-06-26,P005,1.3171682357788086,XGBoost,Prediction,Train
2025-06-27,P005,5.694421768188477,XGBoost,Prediction,Train
2025-06-28,P005,2.537107229232788,XGBoost,Prediction,Train
2025-06-29,P005,0.6833576560020447,XGBoost,Prediction,Train
2025-06-30,P005,1.087532877922058,XGBoost,Prediction,Train
2025-07-01,P005,2.0850143432617188,XGBoost,Prediction,Train
2025-07-02,P005,0.6876295804977417,XGBoost,Prediction,Train
2025-07-03,P005,0.6501417756080627,XGBoost,Prediction,Train
2025-07-04,P005,0.7370142340660095,XGBoost,Prediction,Train
2025-07-05,P005,2.0397377014160156,XGBoost,Prediction,Train
2025-07-06,P005,4.212155342102051,XGBoost,Prediction,Train
2025-07-07,P005,2.433180570602417,XGBoost,Prediction,Train
2025-07-08,P005,1.2567812204360962,XGBoost,Prediction,Train
2025-07-09,P005,1.2144486904144287,XGBoost,Prediction,Train
2025-07-10,P005,0.41298893094062805,XGBoost,Prediction,Train
2025-07-11,P005,3.235631227493286,XGBoost,Prediction,Train
2025-07-12,P005,2.0457825660705566,XGBoost,Prediction,Train
2025-07-13,P005,0.9391825199127197,XGBoost,Prediction,Train
2025-07-14,P005,0.774636447429657,XGBoost,Prediction,Train
2025-07-15,P005,3.4297220706939697,XGBoost,Prediction,Train
2025-07-16,P005,0.7267961502075195,XGBoost,Prediction,Train
2025-07-17,P005,2.532062292098999,XGBoost,Prediction,Train
2025-07-18,P005,1.2294069528579712,XGBoost,Prediction,Train
2025-07-19,P005,0.8713399767875671,XGBoost,Prediction,Train
2025-07-20,P005,0.7430750727653503,XGBoost,Prediction,Train
2025-07-21,P005,4.064612865447998,XGBoost,Prediction,Train
2025-07-22,P005,5.499695301055908,XGBoost,Prediction,Train
2025-07-23,P005,0.7744786143302917,XGBoost,Prediction,Train
2025-07-24,P005,1.3850948810577393,XGBoost,Prediction,Train
2025-07-25,P005,2.5840790271759033,XGBoost,Prediction,Train
2025-07-26,P005,0.45644477009773254,XGBoost,Prediction,Train
2025-07-27,P005,3.0294594764709473,XGBoost,Prediction,Train
2025-07-28,P005,1.0530736446380615,XGBoost,Prediction,Train
2025-07-29,P005,3.4138638973236084,XGBoost,Prediction,Train
2025-07-30,P005,0.8857052326202393,XGBoost,Prediction,Train
2025-07-31,P005,1.918147325515747,XGBoost,Prediction,Train
2025-08-01,P005,0.6436709761619568,XGBoost,Prediction,Train
2025-08-02,P005,0.9109880924224854,XGBoost,Prediction,Train
2025-08-03,P005,1.1461392641067505,XGBoost,Prediction,Train
2025-08-04,P005,2.147137403488159,XGBoost,Prediction,Train
2025-08-05,P005,2.7740817070007324,XGBoost,Prediction,Train
2025-08-06,P005,1.0937831401824951,XGBoost,Prediction,Train
2025-08-07,P005,3.1122968196868896,XGBoost,Prediction,Train
2025-08-08,P005,0.5753463506698608,XGBoost,Prediction,Train
2025-08-09,P005,3.3273754119873047,XGBoost,Prediction,Train
2025-08-10,P005,2.0448949337005615,XGBoost,Prediction,Train
2025-08-11,P005,4.024540901184082,XGBoost,Prediction,Train
2025-08-12,P005,2.705713987350464,XGBoost,Prediction,Train
2025-08-13,P005,0.6588270664215088,XGBoost,Prediction,Train
2025-08-14,P005,0.8645379543304443,XGBoost,Prediction,Train
2025-08-15,P005,0.6542445421218872,XGBoost,Prediction,Train
2025-08-16,P005,2.590301275253296,XGBoost,Prediction,Train
2025-08-17,P005,5.867640495300293,XGBoost,Prediction,Train
2025-08-18,P005,2.0071017742156982,XGBoost,Prediction,Train
2025-08-19,P005,1.6635611057281494,XGBoost,Prediction,Train
2025-08-20,P005,0.8436358571052551,XGBoost,Prediction,Train
2025-08-21,P005,0.5258917212486267,XGBoost,Prediction,Train
2025-08-22,P005,2.5638585090637207,XGBoost,Prediction,Train
2025-08-23,P005,3.8992972373962402,XGBoost,Prediction,Train
2025-08-24,P005,1.962380290031433,XGBoost,Prediction,Train
2025-08-25,P005,1.978888750076294,XGBoost,Prediction,Train
2025-08-26,P005,1.9367809295654297,XGBoost,Prediction,Train
2025-08-27,P005,0.8639048933982849,XGBoost,Prediction,Train
2025-08-28,P005,0.9216390252113342,XGBoost,Prediction,Train
2025-08-29,P005,0.5802544951438904,XGBoost,Prediction,Train
2025-08-30,P005,3.8957245349884033,XGBoost,Prediction,Train
2025-08-31,P005,2.691223621368408,XGBoost,Prediction,Train
2025-09-01,P005,2.7644712924957275,XGBoost,Prediction,Train
2025-09-02,P005,1.536160945892334,XGBoost,Prediction,Train
2025-09-03,P005,2.5398926734924316,XGBoost,Prediction,Train
2025-09-04,P005,2.4059505462646484,XGBoost,Prediction,Train
2025-09-05,P005,1.8697597980499268,XGBoost,Prediction,Train
2025-09-06,P005,4.098188400268555,XGBoost,Prediction,Train
2025-09-07,P005,0.8030785322189331,XGBoost,Prediction,Train
2025-09-08,P005,3.674431800842285,XGBoost,Prediction,Train
2025-09-09,P005,1.3739943504333496,XGBoost,Prediction,Train
2025-09-10,P005,2.4724009037017822,XGBoost,Prediction,Train
2025-09-11,P005,0.43532833456993103,XGBoost,Prediction,Train
2025-09-12,P005,0.8183857798576355,XGBoost,Prediction,Train
2025-09-13,P005,1.2009721994400024,XGBoost,Prediction,Train
2025-09-14,P005,0.9528897404670715,XGBoost,Prediction,Train
2025-01-08,P006,4.918848037719727,XGBoost,Prediction,Train
2025-01-09,P006,0.40232911705970764,XGBoost,Prediction,Train
2025-01-10,P006,4.201212406158447,XGBoost,Prediction,Train
2025-01-11,P006,1.1050282716751099,XGBoost,Prediction,Train
2025-01-12,P006,2.554359197616577,XGBoost,Prediction,Train
2025-01-13,P006,0.8064658641815186,XGBoost,Prediction,Train
2025-01-14,P006,3.7169864177703857,XGBoost,Prediction,Train
2025-01-15,P006,2.0068254470825195,XGBoost,Prediction,Train
2025-01-16,P006,0.6047217845916748,XGBoost,Prediction,Train
2025-01-17,P006,1.074658989906311,XGBoost,Prediction,Train
2025-01-18,P006,2.1090757846832275,XGBoost,Prediction,Train
2025-01-19,P006,1.3992940187454224,XGBoost,Prediction,Train
2025-01-20,P006,1.9578598737716675,XGBoost,Prediction,Train
2025-01-21,P006,2.5817344188690186,XGBoost,Prediction,Train
2025-01-22,P006,1.4693384170532227,XGBoost,Prediction,Train
2025-01-23,P006,2.0406908988952637,XGBoost,Prediction,Train
2025-01-24,P006,1.9208449125289917,XGBoost,Prediction,Train
2025-01-25,P006,0.8891757130622864,XGBoost,Prediction,Train
2025-01-26,P006,0.5319633483886719,XGBoost,Prediction,Train
2025-01-27,P006,2.214000940322876,XGBoost,Prediction,Train
2025-01-28,P006,1.766121506690979,XGBoost,Prediction,Train
2025-01-29,P006,3.0043108463287354,XGBoost,Prediction,Train
2025-01-30,P006,0.8460054397583008,XGBoost,Prediction,Train
2025-01-31,P006,1.0947532653808594,XGBoost,Prediction,Train
2025-02-01,P006,1.1034449338912964,XGBoost,Prediction,Train
2025-02-02,P006,1.132021188735962,XGBoost,Prediction,Train
2025-02-03,P006,0.8907601237297058,XGBoost,Prediction,Train
2025-02-04,P006,0.6566947102546692,XGBoost,Prediction,Train
2025-02-05,P006,2.6130435466766357,XGBoost,Prediction,Train
2025-02-06,P006,4.92612361907959,XGBoost,Prediction,Train
2025-02-07,P006,0.5151816010475159,XGBoost,Prediction,Train
2025-02-08,P006,0.513053834438324,XGBoost,Prediction,Train
2025-02-09,P006,0.9819736480712891,XGBoost,Prediction,Train
2025-02-10,P006,0.727885901927948,XGBoost,Prediction,Train
2025-02-11,P006,1.8327553272247314,XGBoost,Prediction,Train
2025-02-12,P006,0.7560203075408936,XGBoost,Prediction,Train
2025-02-13,P006,1.1144660711288452,XGBoost,Prediction,Train
2025-02-14,P006,3.149574041366577,XGBoost,Prediction,Train
2025-02-15,P006,2.6551215648651123,XGBoost,Prediction,Train
2025-02-16,P006,1.3729143142700195,XGBoost,Prediction,Train
2025-02-17,P006,0.635517954826355,XGBoost,Prediction,Train
2025-02-18,P006,0.5560941696166992,XGBoost,Prediction,Train
2025-02-19,P006,3.145249128341675,XGBoost,Prediction,Train
2025-02-20,P006,4.156904697418213,XGBoost,Prediction,Train
2025-02-21,P006,1.0160173177719116,XGBoost,Prediction,Train
2025-02-22,P006,1.242488980293274,XGBoost,Prediction,Train
2025-02-23,P006,4.569311618804932,XGBoost,Prediction,Train
2025-02-24,P006,1.8898847103118896,XGBoost,Prediction,Train
2025-02-25,P006,1.0357846021652222,XGBoost,Prediction,Train
2025-02-26,P006,2.5833685398101807,XGBoost,Prediction,Train
2025-02-27,P006,1.046428918838501,XGBoost,Prediction,Train
2025-02-28,P006,2.165670394897461,XGBoost,Prediction,Train
2025-03-01,P006,0.8022619485855103,XGBoost,Prediction,Train
2025-03-02,P006,2.0442614555358887,XGBoost,Prediction,Train
2025-03-03,P006,3.440061330795288,XGBoost,Prediction,Train
2025-03-04,P006,1.2641812562942505,XGBoost,Prediction,Train
2025-03-05,P006,1.47893488407135,XGBoost,Prediction,Train
2025-03-06,P006,2.580813407897949,XGBoost,Prediction,Train
2025-03-07,P006,4.643279075622559,XGBoost,Prediction,Train
2025-03-08,P006,1.7845932245254517,XGBoost,Prediction,Train
2025-03-09,P006,2.7743375301361084,XGBoost,Prediction,Train
2025-03-10,P006,1.9095197916030884,XGBoost,Prediction,Train
2025-03-11,P006,1.068522572517395,XGBoost,Prediction,Train
2025-03-12,P006,1.8943687677383423,XGBoost,Prediction,Train
2025-03-13,P006,1.231864094734192,XGBoost,Prediction,Train
2025-03-14,P006,1.237666368484497,XGBoost,Prediction,Train
2025-03-15,P006,0.8009006381034851,XGBoost,Prediction,Train
2025-03-16,P006,1.2011703252792358,XGBoost,Prediction,Train
2025-03-17,P006,1.153806209564209,XGBoost,Prediction,Train
2025-03-18,P006,0.8370772004127502,XGBoost,Prediction,Train
2025-03-19,P006,2.612513303756714,XGBoost,Prediction,Train
2025-03-20,P006,1.164596438407898,XGBoost,Prediction,Train
2025-03-21,P006,2.6739025115966797,XGBoost,Prediction,Train
2025-03-22,P006,1.8435651063919067,XGBoost,Prediction,Train
2025-03-23,P006,2.592958688735962,XGBoost,Prediction,Train
2025-03-24,P006,3.264410972595215,XGBoost,Prediction,Train
2025-03-25,P006,2.3729512691497803,XGBoost,Prediction,Train
2025-03-26,P006,4.642507553100586,XGBoost,Prediction,Train
2025-03-27,P006,1.8502237796783447,XGBoost,Prediction,Train
2025-03-28,P006,1.8065673112869263,XGBoost,Prediction,Train
2025-03-29,P006,2.5362846851348877,XGBoost,Prediction,Train
2025-03-30,P006,0.6873931288719177,XGBoost,Prediction,Train
2025-03-31,P006,0.5477439165115356,XGBoost,Prediction,Train
2025-04-01,P006,1.3858568668365479,XGBoost,Prediction,Train
2025-04-02,P006,1.4291479587554932,XGBoost,Prediction,Train
2025-04-03,P006,4.123672008514404,XGBoost,Prediction,Train
2025-04-04,P006,1.4304428100585938,XGBoost,Prediction,Train
2025-04-05,P006,4.3478617668151855,XGBoost,Prediction,Train
2025-04-06,P006,0.6895944476127625,XGBoost,Prediction,Train
2025-04-07,P006,0.7237557768821716,XGBoost,Prediction,Train
2025-04-08,P006,1.7804261445999146,XGBoost,Prediction,Train
2025-04-09,P006,1.9578278064727783,XGBoost,Prediction,Train
2025-04-10,P006,0.8167478442192078,XGBoost,Prediction,Train
2025-04-11,P006,1.848746657371521,XGBoost,Prediction,Train
2025-04-12,P006,3.061992883682251,XGBoost,Prediction,Train
2025-04-13,P006,4.980379104614258,XGBoost,Prediction,Train
2025-04-14,P006,0.5978298783302307,XGBoost,Prediction,Train
2025-04-15,P006,1.0403318405151367,XGBoost,Prediction,Train
2025-04-16,P006,1.0057114362716675,XGBoost,Prediction,Train
2025-04-17,P006,0.7631615996360779,XGBoost,Prediction,Train
2025-04-18,P006,1.1021493673324585,XGBoost,Prediction,Train
2025-04-19,P006,2.670903205871582,XGBoost,Prediction,Train
2025-04-20,P006,0.7519695162773132,XGBoost,Prediction,Train
2025-04-21,P006,1.747939109802246,XGBoost,Prediction,Train
2025-04-22,P006,2.313654661178589,XGBoost,Prediction,Train
2025-04-23,P006,4.025801181793213,XGBoost,Prediction,Train
2025-04-24,P006,0.6890969276428223,XGBoost,Prediction,Train
2025-04-25,P006,0.6720515489578247,XGBoost,Prediction,Train
2025-04-26,P006,0.9138057827949524,XGBoost,Prediction,Train
2025-04-27,P006,2.7594351768493652,XGBoost,Prediction,Train
2025-04-28,P006,1.964851975440979,XGBoost,Prediction,Train
2025-04-29,P006,1.1216434240341187,XGBoost,Prediction,Train
2025-04-30,P006,1.6269084215164185,XGBoost,Prediction,Train
2025-05-01,P006,0.8181012868881226,XGBoost,Prediction,Train
2025-05-02,P006,0.901703417301178,XGBoost,Prediction,Train
2025-05-03,P006,0.6316016316413879,XGBoost,Prediction,Train
2025-05-04,P006,3.80271053314209,XGBoost,Prediction,Train
2025-05-05,P006,1.960709810256958,XGBoost,Prediction,Train
2025-05-06,P006,0.7234216928482056,XGBoost,Prediction,Train
2025-05-07,P006,0.7009717226028442,XGBoost,Prediction,Train
2025-05-08,P006,1.775305986404419,XGBoost,Prediction,Train
2025-05-09,P006,3.4288485050201416,XGBoost,Prediction,Train
2025-05-10,P006,1.3569124937057495,XGBoost,Prediction,Train
2025-05-11,P006,1.3044859170913696,XGBoost,Prediction,Train
2025-05-12,P006,0.8450055122375488,XGBoost,Prediction,Train
2025-05-13,P006,5.456147193908691,XGBoost,Prediction,Train
2025-05-14,P006,2.554527997970581,XGBoost,Prediction,Train
2025-05-15,P006,1.057140827178955,XGBoost,Prediction,Train
2025-05-16,P006,2.6028687953948975,XGBoost,Prediction,Train
2025-05-17,P006,3.1386024951934814,XGBoost,Prediction,Train
2025-05-18,P006,0.6587376594543457,XGBoost,Prediction,Train
2025-05-19,P006,3.155280351638794,XGBoost,Prediction,Train
2025-05-20,P006,4.147876739501953,XGBoost,Prediction,Train
2025-05-21,P006,2.6563351154327393,XGBoost,Prediction,Train
2025-05-22,P006,1.9778493642807007,XGBoost,Prediction,Train
2025-05-23,P006,1.3733566999435425,XGBoost,Prediction,Train
2025-05-24,P006,2.162205219268799,XGBoost,Prediction,Train
2025-05-25,P006,4.061105728149414,XGBoost,Prediction,Train
2025-05-26,P006,0.5950999855995178,XGBoost,Prediction,Train
2025-05-27,P006,0.4931381046772003,XGBoost,Prediction,Train
2025-05-28,P006,0.9899972677230835,XGBoost,Prediction,Train
2025-05-29,P006,0.6362538933753967,XGBoost,Prediction,Train
2025-05-30,P006,1.7074466943740845,XGBoost,Prediction,Train
2025-05-31,P006,5.0021209716796875,XGBoost,Prediction,Train
2025-06-01,P006,1.3484991788864136,XGBoost,Prediction,Train
2025-06-02,P006,1.247539758682251,XGBoost,Prediction,Train
2025-06-03,P006,2.068614959716797,XGBoost,Prediction,Train
2025-06-04,P006,5.214649677276611,XGBoost,Prediction,Train
2025-06-05,P006,0.7086030840873718,XGBoost,Prediction,Train
2025-06-06,P006,1.0538651943206787,XGBoost,Prediction,Train
2025-06-07,P006,0.6710382699966431,XGBoost,Prediction,Train
2025-06-08,P006,0.7463800311088562,XGBoost,Prediction,Train
2025-06-09,P006,1.0935715436935425,XGBoost,Prediction,Train
2025-06-10,P006,1.0628553628921509,XGBoost,Prediction,Train
2025-06-11,P006,0.692448616027832,XGBoost,Prediction,Train
2025-06-12,P006,2.7343194484710693,XGBoost,Prediction,Train
2025-06-13,P006,2.572321891784668,XGBoost,Prediction,Train
2025-06-14,P006,1.2470378875732422,XGBoost,Prediction,Train
2025-06-15,P006,1.0257967710494995,XGBoost,Prediction,Train
2025-06-16,P006,1.8098349571228027,XGBoost,Prediction,Train
2025-06-17,P006,0.854736864566803,XGBoost,Prediction,Train
2025-06-18,P006,2.5598721504211426,XGBoost,Prediction,Train
2025-06-19,P006,0.4954800009727478,XGBoost,Prediction,Train
2025-06-20,P006,2.5668885707855225,XGBoost,Prediction,Train
2025-06-21,P006,2.030533790588379,XGBoost,Prediction,Train
2025-06-22,P006,0.7664452195167542,XGBoost,Prediction,Train
2025-06-23,P006,1.0401906967163086,XGBoost,Prediction,Train
2025-06-24,P006,1.6516227722167969,XGBoost,Prediction,Train
2025-06-25,P006,2.1225171089172363,XGBoost,Prediction,Train
2025-06-26,P006,2.620770215988159,XGBoost,Prediction,Train
2025-06-27,P006,4.00303316116333,XGBoost,Prediction,Train
2025-06-28,P006,1.2462612390518188,XGBoost,Prediction,Train
2025-06-29,P006,3.860719680786133,XGBoost,Prediction,Train
2025-06-30,P006,2.478774070739746,XGBoost,Prediction,Train
2025-07-01,P006,1.051207423210144,XGBoost,Prediction,Train
2025-07-02,P006,2.595954179763794,XGBoost,Prediction,Train
2025-07-03,P006,1.1943854093551636,XGBoost,Prediction,Train
2025-07-04,P006,0.6908321976661682,XGBoost,Prediction,Train
2025-07-05,P006,2.56547474861145,XGBoost,Prediction,Train
2025-07-06,P006,3.92621111869812,XGBoost,Prediction,Train
2025-07-07,P006,1.3810395002365112,XGBoost,Prediction,Train
2025-07-08,P006,3.7834553718566895,XGBoost,Prediction,Train
2025-07-09,P006,0.5641706585884094,XGBoost,Prediction,Train
2025-07-10,P006,4.950202941894531,XGBoost,Prediction,Train
2025-07-11,P006,0.751299262046814,XGBoost,Prediction,Train
2025-07-12,P006,1.984096884727478,XGBoost,Prediction,Train
2025-07-13,P006,1.1957430839538574,XGBoost,Prediction,Train
2025-07-14,P006,2.55592942237854,XGBoost,Prediction,Train
2025-07-15,P006,1.2304788827896118,XGBoost,Prediction,Train
2025-07-16,P006,1.951837182044983,XGBoost,Prediction,Train
2025-07-17,P006,0.7055012583732605,XGBoost,Prediction,Train
2025-07-18,P006,0.8984392881393433,XGBoost,Prediction,Train
2025-07-19,P006,2.6202988624572754,XGBoost,Prediction,Train
2025-07-20,P006,0.644516110420227,XGBoost,Prediction,Train
2025-07-21,P006,2.4249441623687744,XGBoost,Prediction,Train
2025-07-22,P006,1.538987159729004,XGBoost,Prediction,Train
2025-07-23,P006,3.0855350494384766,XGBoost,Prediction,Train
2025-07-24,P006,1.9086180925369263,XGBoost,Prediction,Train
2025-07-25,P006,0.6221529841423035,XGBoost,Prediction,Train
2025-07-26,P006,0.7374388575553894,XGBoost,Prediction,Train
2025-07-27,P006,1.749040126800537,XGBoost,Prediction,Train
2025-07-28,P006,0.819937527179718,XGBoost,Prediction,Train
2025-07-29,P006,3.99845814704895,XGBoost,Prediction,Train
2025-07-30,P006,1.3537448644638062,XGBoost,Prediction,Train
2025-07-31,P006,0.9353927373886108,XGBoost,Prediction,Train
2025-08-01,P006,1.831740140914917,XGBoost,Prediction,Train
2025-08-02,P006,1.811336636543274,XGBoost,Prediction,Train
2025-08-03,P006,4.061654567718506,XGBoost,Prediction,Train
2025-08-04,P006,0.7117048501968384,XGBoost,Prediction,Train
2025-08-05,P006,1.8120557069778442,XGBoost,Prediction,Train
2025-08-06,P006,4.389376163482666,XGBoost,Prediction,Train
2025-08-07,P006,0.5611009001731873,XGBoost,Prediction,Train
2025-08-08,P006,0.7951319217681885,XGBoost,Prediction,Train
2025-08-09,P006,0.8484640717506409,XGBoost,Prediction,Train
2025-08-10,P006,5.679261207580566,XGBoost,Prediction,Train
2025-08-11,P006,2.6377599239349365,XGBoost,Prediction,Train
2025-08-12,P006,5.76117467880249,XGBoost,Prediction,Train
2025-08-13,P006,3.748739004135132,XGBoost,Prediction,Train
2025-08-14,P006,0.7772368788719177,XGBoost,Prediction,Train
2025-08-15,P006,0.765995979309082,XGBoost,Prediction,Train
2025-08-16,P006,2.6902201175689697,XGBoost,Prediction,Train
2025-08-17,P006,3.4123780727386475,XGBoost,Prediction,Train
2025-08-18,P006,1.8261244297027588,XGBoost,Prediction,Train
2025-08-19,P006,1.0557050704956055,XGBoost,Prediction,Train
2025-08-20,P006,0.8577534556388855,XGBoost,Prediction,Train
2025-08-21,P006,1.132283329963684,XGBoost,Prediction,Train
2025-08-22,P006,0.9722194671630859,XGBoost,Prediction,Train
2025-08-23,P006,3.6965131759643555,XGBoost,Prediction,Train
2025-08-24,P006,6.133730888366699,XGBoost,Prediction,Train
2025-08-25,P006,3.914884090423584,XGBoost,Prediction,Train
2025-08-26,P006,5.111454963684082,XGBoost,Prediction,Train
2025-08-27,P006,2.734300136566162,XGBoost,Prediction,Train
2025-08-28,P006,1.9692978858947754,XGBoost,Prediction,Train
2025-08-29,P006,0.6287218332290649,XGBoost,Prediction,Train
2025-08-30,P006,0.4228938817977905,XGBoost,Prediction,Train
2025-08-31,P006,2.7083022594451904,XGBoost,Prediction,Train
2025-09-01,P006,2.61309552192688,XGBoost,Prediction,Train
2025-09-02,P006,2.506110668182373,XGBoost,Prediction,Train
2025-09-03,P006,1.8130725622177124,XGBoost,Prediction,Train
2025-09-04,P006,2.22658634185791,XGBoost,Prediction,Train
2025-09-05,P006,0.7361489534378052,XGBoost,Prediction,Train
2025-09-06,P006,0.7536230683326721,XGBoost,Prediction,Train
2025-09-07,P006,0.987141489982605,XGBoost,Prediction,Train
2025-09-08,P006,3.2729122638702393,XGBoost,Prediction,Train
2025-09-09,P006,6.149602890014648,XGBoost,Prediction,Train
2025-09-10,P006,0.5968425273895264,XGBoost,Prediction,Train
2025-09-11,P006,0.7608432173728943,XGBoost,Prediction,Train
2025-09-12,P006,0.7757775783538818,XGBoost,Prediction,Train
2025-09-13,P006,0.8298300504684448,XGBoost,Prediction,Train
2025-09-14,P006,1.2885229587554932,XGBoost,Prediction,Train
2025-01-08,P007,0.6194277405738831,XGBoost,Prediction,Train
2025-01-09,P007,1.1733717918395996,XGBoost,Prediction,Train
2025-01-10,P007,2.2525453567504883,XGBoost,Prediction,Train
2025-01-11,P007,4.55118465423584,XGBoost,Prediction,Train
2025-01-12,P007,3.423222303390503,XGBoost,Prediction,Train
2025-01-13,P007,2.684948444366455,XGBoost,Prediction,Train
2025-01-14,P007,3.194505214691162,XGBoost,Prediction,Train
2025-01-15,P007,0.9676896929740906,XGBoost,Prediction,Train
2025-01-16,P007,0.5587425231933594,XGBoost,Prediction,Train
2025-01-17,P007,1.0800111293792725,XGBoost,Prediction,Train
2025-01-18,P007,2.58736515045166,XGBoost,Prediction,Train
2025-01-19,P007,2.0238213539123535,XGBoost,Prediction,Train
2025-01-20,P007,0.9011816382408142,XGBoost,Prediction,Train
2025-01-21,P007,3.144704818725586,XGBoost,Prediction,Train
2025-01-22,P007,0.8158252835273743,XGBoost,Prediction,Train
2025-01-23,P007,1.4233406782150269,XGBoost,Prediction,Train
2025-01-24,P007,2.6865475177764893,XGBoost,Prediction,Train
2025-01-25,P007,0.6198151111602783,XGBoost,Prediction,Train
2025-01-26,P007,0.8273196220397949,XGBoost,Prediction,Train
2025-01-27,P007,0.9205426573753357,XGBoost,Prediction,Train
2025-01-28,P007,1.423937439918518,XGBoost,Prediction,Train
2025-01-29,P007,1.1347604990005493,XGBoost,Prediction,Train
2025-01-30,P007,4.841681003570557,XGBoost,Prediction,Train
2025-01-31,P007,2.8022971153259277,XGBoost,Prediction,Train
2025-02-01,P007,2.174535036087036,XGBoost,Prediction,Train
2025-02-02,P007,1.3877713680267334,XGBoost,Prediction,Train
2025-02-03,P007,1.8271065950393677,XGBoost,Prediction,Train
2025-02-04,P007,1.9619673490524292,XGBoost,Prediction,Train
2025-02-05,P007,0.9689478278160095,XGBoost,Prediction,Train
2025-02-06,P007,1.5321332216262817,XGBoost,Prediction,Train
2025-02-07,P007,2.681000232696533,XGBoost,Prediction,Train
2025-02-08,P007,0.7345662117004395,XGBoost,Prediction,Train
2025-02-09,P007,0.9986487627029419,XGBoost,Prediction,Train
2025-02-10,P007,2.6058151721954346,XGBoost,Prediction,Train
2025-02-11,P007,0.532751739025116,XGBoost,Prediction,Train
2025-02-12,P007,1.0569050312042236,XGBoost,Prediction,Train
2025-02-13,P007,5.285542964935303,XGBoost,Prediction,Train
2025-02-14,P007,2.838216543197632,XGBoost,Prediction,Train
2025-02-15,P007,5.228436470031738,XGBoost,Prediction,Train
2025-02-16,P007,2.7594850063323975,XGBoost,Prediction,Train
2025-02-17,P007,2.631591796875,XGBoost,Prediction,Train
2025-02-18,P007,0.7888698577880859,XGBoost,Prediction,Train
2025-02-19,P007,4.41541051864624,XGBoost,Prediction,Train
2025-02-20,P007,3.5695481300354004,XGBoost,Prediction,Train
2025-02-21,P007,2.8636505603790283,XGBoost,Prediction,Train
2025-02-22,P007,2.0375747680664062,XGBoost,Prediction,Train
2025-02-23,P007,2.6950368881225586,XGBoost,Prediction,Train
2025-02-24,P007,3.9973232746124268,XGBoost,Prediction,Train
2025-02-25,P007,1.5770989656448364,XGBoost,Prediction,Train
2025-02-26,P007,1.4322038888931274,XGBoost,Prediction,Train
2025-02-27,P007,2.6594645977020264,XGBoost,Prediction,Train
2025-02-28,P007,0.7630143165588379,XGBoost,Prediction,Train
2025-03-01,P007,5.1856794357299805,XGBoost,Prediction,Train
2025-03-02,P007,1.3697484731674194,XGBoost,Prediction,Train
2025-03-03,P007,2.066800832748413,XGBoost,Prediction,Train
2025-03-04,P007,2.769639253616333,XGBoost,Prediction,Train
2025-03-05,P007,1.3131914138793945,XGBoost,Prediction,Train
2025-03-06,P007,1.0758739709854126,XGBoost,Prediction,Train
2025-03-07,P007,0.9677179455757141,XGBoost,Prediction,Train
2025-03-08,P007,2.475975275039673,XGBoost,Prediction,Train
2025-03-09,P007,3.3817481994628906,XGBoost,Prediction,Train
2025-03-10,P007,0.8119077682495117,XGBoost,Prediction,Train
2025-03-11,P007,0.5859934091567993,XGBoost,Prediction,Train
2025-03-12,P007,2.0840539932250977,XGBoost,Prediction,Train
2025-03-13,P007,0.875900387763977,XGBoost,Prediction,Train
2025-03-14,P007,2.5073506832122803,XGBoost,Prediction,Train
2025-03-15,P007,3.121617555618286,XGBoost,Prediction,Train
2025-03-16,P007,1.8649120330810547,XGBoost,Prediction,Train
2025-03-17,P007,1.7204328775405884,XGBoost,Prediction,Train
2025-03-18,P007,4.588661193847656,XGBoost,Prediction,Train
2025-03-19,P007,2.7412261962890625,XGBoost,Prediction,Train
2025-03-20,P007,3.7799949645996094,XGBoost,Prediction,Train
2025-03-21,P007,1.5648300647735596,XGBoost,Prediction,Train
2025-03-22,P007,2.802018642425537,XGBoost,Prediction,Train
2025-03-23,P007,0.9633697867393494,XGBoost,Prediction,Train
2025-03-24,P007,5.996942043304443,XGBoost,Prediction,Train
2025-03-25,P007,2.777423858642578,XGBoost,Prediction,Train
2025-03-26,P007,2.5206077098846436,XGBoost,Prediction,Train
2025-03-27,P007,0.7444932460784912,XGBoost,Prediction,Train
2025-03-28,P007,3.1404881477355957,XGBoost,Prediction,Train
2025-03-29,P007,3.419796943664551,XGBoost,Prediction,Train
2025-03-30,P007,1.5812201499938965,XGBoost,Prediction,Train
2025-03-31,P007,3.112196445465088,XGBoost,Prediction,Train
2025-04-01,P007,4.397045135498047,XGBoost,Prediction,Train
2025-04-02,P007,4.472447872161865,XGBoost,Prediction,Train
2025-04-03,P007,3.8861100673675537,XGBoost,Prediction,Train
2025-04-04,P007,2.335697889328003,XGBoost,Prediction,Train
2025-04-05,P007,2.7206180095672607,XGBoost,Prediction,Train
2025-04-06,P007,0.7462738752365112,XGBoost,Prediction,Train
2025-04-07,P007,0.8190488815307617,XGBoost,Prediction,Train
2025-04-08,P007,0.9916313290596008,XGBoost,Prediction,Train
2025-04-09,P007,0.6865202784538269,XGBoost,Prediction,Train
2025-04-10,P007,1.9020700454711914,XGBoost,Prediction,Train
2025-04-11,P007,0.7775620818138123,XGBoost,Prediction,Train
2025-04-12,P007,4.392765998840332,XGBoost,Prediction,Train
2025-04-13,P007,1.9677343368530273,XGBoost,Prediction,Train
2025-04-14,P007,3.8079421520233154,XGBoost,Prediction,Train
2025-04-15,P007,1.2639559507369995,XGBoost,Prediction,Train
2025-04-16,P007,2.565099000930786,XGBoost,Prediction,Train
2025-04-17,P007,1.9064891338348389,XGBoost,Prediction,Train
2025-04-18,P007,1.6389784812927246,XGBoost,Prediction,Train
2025-04-19,P007,4.277338981628418,XGBoost,Prediction,Train
2025-04-20,P007,0.7597252726554871,XGBoost,Prediction,Train
2025-04-21,P007,3.832658052444458,XGBoost,Prediction,Train
2025-04-22,P007,3.980841636657715,XGBoost,Prediction,Train
2025-04-23,P007,1.008031964302063,XGBoost,Prediction,Train
2025-04-24,P007,5.073853015899658,XGBoost,Prediction,Train
2025-04-25,P007,1.3915921449661255,XGBoost,Prediction,Train
2025-04-26,P007,2.484124183654785,XGBoost,Prediction,Train
2025-04-27,P007,3.4733874797821045,XGBoost,Prediction,Train
2025-04-28,P007,0.94576096534729,XGBoost,Prediction,Train
2025-04-29,P007,0.9372056126594543,XGBoost,Prediction,Train
2025-04-30,P007,1.8236955404281616,XGBoost,Prediction,Train
2025-05-01,P007,2.6489903926849365,XGBoost,Prediction,Train
2025-05-02,P007,2.6734955310821533,XGBoost,Prediction,Train
2025-05-03,P007,2.8372628688812256,XGBoost,Prediction,Train
2025-05-04,P007,2.7774040699005127,XGBoost,Prediction,Train
2025-05-05,P007,2.642207384109497,XGBoost,Prediction,Train
2025-05-06,P007,0.7522152066230774,XGBoost,Prediction,Train
2025-05-07,P007,4.711693286895752,XGBoost,Prediction,Train
2025-05-08,P007,2.5516629219055176,XGBoost,Prediction,Train
2025-05-09,P007,3.7331809997558594,XGBoost,Prediction,Train
2025-05-10,P007,2.970672369003296,XGBoost,Prediction,Train
2025-05-11,P007,2.017279863357544,XGBoost,Prediction,Train
2025-05-12,P007,0.9539387822151184,XGBoost,Prediction,Train
2025-05-13,P007,2.1880619525909424,XGBoost,Prediction,Train
2025-05-14,P007,2.2166755199432373,XGBoost,Prediction,Train
2025-05-15,P007,1.2662749290466309,XGBoost,Prediction,Train
2025-05-16,P007,3.374666690826416,XGBoost,Prediction,Train
2025-05-17,P007,0.928583562374115,XGBoost,Prediction,Train
2025-05-18,P007,0.9146756529808044,XGBoost,Prediction,Train
2025-05-19,P007,1.262962818145752,XGBoost,Prediction,Train
2025-05-20,P007,0.922749936580658,XGBoost,Prediction,Train
2025-05-21,P007,4.257025241851807,XGBoost,Prediction,Train
2025-05-22,P007,3.3532235622406006,XGBoost,Prediction,Train
2025-05-23,P007,1.9376397132873535,XGBoost,Prediction,Train
2025-05-24,P007,2.1291513442993164,XGBoost,Prediction,Train
2025-05-25,P007,2.430812358856201,XGBoost,Prediction,Train
2025-05-26,P007,2.186546564102173,XGBoost,Prediction,Train
2025-05-27,P007,5.342534065246582,XGBoost,Prediction,Train
2025-05-28,P007,2.6742212772369385,XGBoost,Prediction,Train
2025-05-29,P007,1.0938884019851685,XGBoost,Prediction,Train
2025-05-30,P007,0.872748851776123,XGBoost,Prediction,Train
2025-05-31,P007,2.9212982654571533,XGBoost,Prediction,Train
2025-06-01,P007,1.3670945167541504,XGBoost,Prediction,Train
2025-06-02,P007,1.3052494525909424,XGBoost,Prediction,Train
2025-06-03,P007,1.0842121839523315,XGBoost,Prediction,Train
2025-06-04,P007,4.250361919403076,XGBoost,Prediction,Train
2025-06-05,P007,0.8335250020027161,XGBoost,Prediction,Train
2025-06-06,P007,0.7291090488433838,XGBoost,Prediction,Train
2025-06-07,P007,0.5858346819877625,XGBoost,Prediction,Train
2025-06-08,P007,0.7962686419487,XGBoost,Prediction,Train
2025-06-09,P007,0.8742647767066956,XGBoost,Prediction,Train
2025-06-10,P007,1.291258454322815,XGBoost,Prediction,Train
2025-06-11,P007,0.608355700969696,XGBoost,Prediction,Train
2025-06-12,P007,3.1884632110595703,XGBoost,Prediction,Train
2025-06-13,P007,5.148526668548584,XGBoost,Prediction,Train
2025-06-14,P007,1.3345977067947388,XGBoost,Prediction,Train
2025-06-15,P007,1.2285629510879517,XGBoost,Prediction,Train
2025-06-16,P007,1.1624900102615356,XGBoost,Prediction,Train
2025-06-17,P007,0.7675703763961792,XGBoost,Prediction,Train
2025-06-18,P007,0.841655433177948,XGBoost,Prediction,Train
2025-06-19,P007,2.6450188159942627,XGBoost,Prediction,Train
2025-06-20,P007,0.8817596435546875,XGBoost,Prediction,Train
2025-06-21,P007,2.4773707389831543,XGBoost,Prediction,Train
2025-06-22,P007,0.8136335015296936,XGBoost,Prediction,Train
2025-06-23,P007,1.2511838674545288,XGBoost,Prediction,Train
2025-06-24,P007,1.065330982208252,XGBoost,Prediction,Train
2025-06-25,P007,2.1654999256134033,XGBoost,Prediction,Train
2025-06-26,P007,1.1482760906219482,XGBoost,Prediction,Train
2025-06-27,P007,6.082211971282959,XGBoost,Prediction,Train
2025-06-28,P007,1.1238582134246826,XGBoost,Prediction,Train
2025-06-29,P007,3.369603157043457,XGBoost,Prediction,Train
2025-06-30,P007,5.769540309906006,XGBoost,Prediction,Train
2025-07-01,P007,0.739726722240448,XGBoost,Prediction,Train
2025-07-02,P007,2.6122524738311768,XGBoost,Prediction,Train
2025-07-03,P007,2.1263747215270996,XGBoost,Prediction,Train
2025-07-04,P007,0.6953624486923218,XGBoost,Prediction,Train
2025-07-05,P007,1.986238718032837,XGBoost,Prediction,Train
2025-07-06,P007,2.7229413986206055,XGBoost,Prediction,Train
2025-07-07,P007,4.404688835144043,XGBoost,Prediction,Train
2025-07-08,P007,4.709644317626953,XGBoost,Prediction,Train
2025-07-09,P007,2.613887310028076,XGBoost,Prediction,Train
2025-07-10,P007,2.700343370437622,XGBoost,Prediction,Train
2025-07-11,P007,1.1671675443649292,XGBoost,Prediction,Train
2025-07-12,P007,0.9933843612670898,XGBoost,Prediction,Train
2025-07-13,P007,0.49982357025146484,XGBoost,Prediction,Train
2025-07-14,P007,3.2302653789520264,XGBoost,Prediction,Train
2025-07-15,P007,2.013319253921509,XGBoost,Prediction,Train
2025-07-16,P007,1.284375548362732,XGBoost,Prediction,Train
2025-07-17,P007,0.7555766701698303,XGBoost,Prediction,Train
2025-07-18,P007,1.7864336967468262,XGBoost,Prediction,Train
2025-07-19,P007,1.9300830364227295,XGBoost,Prediction,Train
2025-07-20,P007,0.8029678463935852,XGBoost,Prediction,Train
2025-07-21,P007,1.8587104082107544,XGBoost,Prediction,Train
2025-07-22,P007,3.8512423038482666,XGBoost,Prediction,Train
2025-07-23,P007,3.180367946624756,XGBoost,Prediction,Train
2025-07-24,P007,1.1647443771362305,XGBoost,Prediction,Train
2025-07-25,P007,0.8914062976837158,XGBoost,Prediction,Train
2025-07-26,P007,3.5265705585479736,XGBoost,Prediction,Train
2025-07-27,P007,0.9756287932395935,XGBoost,Prediction,Train
2025-07-28,P007,2.791687488555908,XGBoost,Prediction,Train
2025-07-29,P007,5.8144707679748535,XGBoost,Prediction,Train
2025-07-30,P007,2.7499966621398926,XGBoost,Prediction,Train
2025-07-31,P007,0.8425074219703674,XGBoost,Prediction,Train
2025-08-01,P007,1.1253389120101929,XGBoost,Prediction,Train
2025-08-02,P007,1.8286181688308716,XGBoost,Prediction,Train
2025-08-03,P007,0.700188159942627,XGBoost,Prediction,Train
2025-08-04,P007,2.6522018909454346,XGBoost,Prediction,Train
2025-08-05,P007,6.0875396728515625,XGBoost,Prediction,Train
2025-08-06,P007,1.0982227325439453,XGBoost,Prediction,Train
2025-08-07,P007,1.5965161323547363,XGBoost,Prediction,Train
2025-08-08,P007,0.764442503452301,XGBoost,Prediction,Train
2025-08-09,P007,4.511170387268066,XGBoost,Prediction,Train
2025-08-10,P007,5.519777297973633,XGBoost,Prediction,Train
2025-08-11,P007,3.687129497528076,XGBoost,Prediction,Train
2025-08-12,P007,2.795213222503662,XGBoost,Prediction,Train
2025-08-13,P007,2.7525806427001953,XGBoost,Prediction,Train
2025-08-14,P007,0.9575312733650208,XGBoost,Prediction,Train
2025-08-15,P007,0.9522009491920471,XGBoost,Prediction,Train
2025-08-16,P007,5.104074954986572,XGBoost,Prediction,Train
2025-08-17,P007,0.7956802845001221,XGBoost,Prediction,Train
2025-08-18,P007,3.343789577484131,XGBoost,Prediction,Train
2025-08-19,P007,1.4274119138717651,XGBoost,Prediction,Train
2025-08-20,P007,1.3672304153442383,XGBoost,Prediction,Train
2025-08-21,P007,5.709359645843506,XGBoost,Prediction,Train
2025-08-22,P007,1.943634033203125,XGBoost,Prediction,Train
2025-08-23,P007,2.7587783336639404,XGBoost,Prediction,Train
2025-08-24,P007,4.2724199295043945,XGBoost,Prediction,Train
2025-08-25,P007,3.462193727493286,XGBoost,Prediction,Train
2025-08-26,P007,4.825396537780762,XGBoost,Prediction,Train
2025-08-27,P007,3.503976345062256,XGBoost,Prediction,Train
2025-08-28,P007,2.613682270050049,XGBoost,Prediction,Train
2025-08-29,P007,0.648886501789093,XGBoost,Prediction,Train
2025-08-30,P007,0.9501460790634155,XGBoost,Prediction,Train
2025-08-31,P007,1.5644919872283936,XGBoost,Prediction,Train
2025-09-01,P007,4.538552761077881,XGBoost,Prediction,Train
2025-09-02,P007,2.7518653869628906,XGBoost,Prediction,Train
2025-09-03,P007,1.6323676109313965,XGBoost,Prediction,Train
2025-09-04,P007,2.784468412399292,XGBoost,Prediction,Train
2025-09-05,P007,1.9308637380599976,XGBoost,Prediction,Train
2025-09-06,P007,2.665065288543701,XGBoost,Prediction,Train
2025-09-07,P007,0.6631656289100647,XGBoost,Prediction,Train
2025-09-08,P007,0.9372192025184631,XGBoost,Prediction,Train
2025-09-09,P007,4.582541465759277,XGBoost,Prediction,Train
2025-09-10,P007,1.0920699834823608,XGBoost,Prediction,Train
2025-09-11,P007,2.779273509979248,XGBoost,Prediction,Train
2025-09-12,P007,1.106955647468567,XGBoost,Prediction,Train
2025-09-13,P007,3.9696216583251953,XGBoost,Prediction,Train
2025-09-14,P007,0.9779541492462158,XGBoost,Prediction,Train
2025-01-08,P008,2.0181469917297363,XGBoost,Prediction,Train
2025-01-09,P008,2.73624849319458,XGBoost,Prediction,Train
2025-01-10,P008,0.9123985767364502,XGBoost,Prediction,Train
2025-01-11,P008,0.8245136141777039,XGBoost,Prediction,Train
2025-01-12,P008,1.2061055898666382,XGBoost,Prediction,Train
2025-01-13,P008,1.564299464225769,XGBoost,Prediction,Train
2025-01-14,P008,1.4105685949325562,XGBoost,Prediction,Train
2025-01-15,P008,3.037172794342041,XGBoost,Prediction,Train
2025-01-16,P008,0.43181103467941284,XGBoost,Prediction,Train
2025-01-17,P008,0.8182292580604553,XGBoost,Prediction,Train
2025-01-18,P008,0.7545204758644104,XGBoost,Prediction,Train
2025-01-19,P008,2.6688342094421387,XGBoost,Prediction,Train
2025-01-20,P008,1.0688674449920654,XGBoost,Prediction,Train
2025-01-21,P008,2.082756757736206,XGBoost,Prediction,Train
2025-01-22,P008,2.4152588844299316,XGBoost,Prediction,Train
2025-01-23,P008,1.2316398620605469,XGBoost,Prediction,Train
2025-01-24,P008,2.6720051765441895,XGBoost,Prediction,Train
2025-01-25,P008,0.6176643967628479,XGBoost,Prediction,Train
2025-01-26,P008,2.791487216949463,XGBoost,Prediction,Train
2025-01-27,P008,2.7653234004974365,XGBoost,Prediction,Train
2025-01-28,P008,0.9277254939079285,XGBoost,Prediction,Train
2025-01-29,P008,2.506304979324341,XGBoost,Prediction,Train
2025-01-30,P008,3.635868549346924,XGBoost,Prediction,Train
2025-01-31,P008,0.6837814450263977,XGBoost,Prediction,Train
2025-02-01,P008,4.987990379333496,XGBoost,Prediction,Train
2025-02-02,P008,1.1710762977600098,XGBoost,Prediction,Train
2025-02-03,P008,1.3870512247085571,XGBoost,Prediction,Train
2025-02-04,P008,3.574869394302368,XGBoost,Prediction,Train
2025-02-05,P008,1.008716344833374,XGBoost,Prediction,Train
2025-02-06,P008,0.8876659274101257,XGBoost,Prediction,Train
2025-02-07,P008,1.847883939743042,XGBoost,Prediction,Train
2025-02-08,P008,1.797306776046753,XGBoost,Prediction,Train
2025-02-09,P008,1.3567533493041992,XGBoost,Prediction,Train
2025-02-10,P008,1.833807349205017,XGBoost,Prediction,Train
2025-02-11,P008,0.7998622059822083,XGBoost,Prediction,Train
2025-02-12,P008,0.6881862282752991,XGBoost,Prediction,Train
2025-02-13,P008,2.629840612411499,XGBoost,Prediction,Train
2025-02-14,P008,0.8311018943786621,XGBoost,Prediction,Train
2025-02-15,P008,2.5800929069519043,XGBoost,Prediction,Train
2025-02-16,P008,1.9116156101226807,XGBoost,Prediction,Train
2025-02-17,P008,0.7751432061195374,XGBoost,Prediction,Train
2025-02-18,P008,2.703134059906006,XGBoost,Prediction,Train
2025-02-19,P008,2.5189340114593506,XGBoost,Prediction,Train
2025-02-20,P008,2.481679916381836,XGBoost,Prediction,Train
2025-02-21,P008,0.6498764753341675,XGBoost,Prediction,Train
2025-02-22,P008,3.246554136276245,XGBoost,Prediction,Train
2025-02-23,P008,1.4262559413909912,XGBoost,Prediction,Train
2025-02-24,P008,4.379634380340576,XGBoost,Prediction,Train
2025-02-25,P008,2.7571284770965576,XGBoost,Prediction,Train
2025-02-26,P008,1.9967706203460693,XGBoost,Prediction,Train
2025-02-27,P008,1.2489527463912964,XGBoost,Prediction,Train
2025-02-28,P008,0.9869988560676575,XGBoost,Prediction,Train
2025-03-01,P008,2.6891298294067383,XGBoost,Prediction,Train
2025-03-02,P008,1.9103964567184448,XGBoost,Prediction,Train
2025-03-03,P008,2.681276321411133,XGBoost,Prediction,Train
2025-03-04,P008,3.246403932571411,XGBoost,Prediction,Train
2025-03-05,P008,1.4893306493759155,XGBoost,Prediction,Train
2025-03-06,P008,1.3864004611968994,XGBoost,Prediction,Train
2025-03-07,P008,0.9397130012512207,XGBoost,Prediction,Train
2025-03-08,P008,2.7098283767700195,XGBoost,Prediction,Train
2025-03-09,P008,1.3152403831481934,XGBoost,Prediction,Train
2025-03-10,P008,0.7497171759605408,XGBoost,Prediction,Train
2025-03-11,P008,0.6864230632781982,XGBoost,Prediction,Train
2025-03-12,P008,3.4209141731262207,XGBoost,Prediction,Train
2025-03-13,P008,1.0181039571762085,XGBoost,Prediction,Train
2025-03-14,P008,2.7287752628326416,XGBoost,Prediction,Train
2025-03-15,P008,3.4121463298797607,XGBoost,Prediction,Train
2025-03-16,P008,0.8826214075088501,XGBoost,Prediction,Train
2025-03-17,P008,0.5284693837165833,XGBoost,Prediction,Train
2025-03-18,P008,2.7178966999053955,XGBoost,Prediction,Train
2025-03-19,P008,4.605105876922607,XGBoost,Prediction,Train
2025-03-20,P008,3.156820774078369,XGBoost,Prediction,Train
2025-03-21,P008,0.7552326917648315,XGBoost,Prediction,Train
2025-03-22,P008,0.7075960040092468,XGBoost,Prediction,Train
2025-03-23,P008,1.6738805770874023,XGBoost,Prediction,Train
2025-03-24,P008,5.3940043449401855,XGBoost,Prediction,Train
2025-03-25,P008,2.5114853382110596,XGBoost,Prediction,Train
2025-03-26,P008,0.721434473991394,XGBoost,Prediction,Train
2025-03-27,P008,1.824630618095398,XGBoost,Prediction,Train
2025-03-28,P008,5.552420616149902,XGBoost,Prediction,Train
2025-03-29,P008,2.683220386505127,XGBoost,Prediction,Train
2025-03-30,P008,5.049762725830078,XGBoost,Prediction,Train
2025-03-31,P008,1.9854333400726318,XGBoost,Prediction,Train
2025-04-01,P008,1.1703611612319946,XGBoost,Prediction,Train
2025-04-02,P008,4.138979434967041,XGBoost,Prediction,Train
2025-04-03,P008,1.2747384309768677,XGBoost,Prediction,Train
2025-04-04,P008,2.766263246536255,XGBoost,Prediction,Train
2025-04-05,P008,0.8948367834091187,XGBoost,Prediction,Train
2025-04-06,P008,2.682682514190674,XGBoost,Prediction,Train
2025-04-07,P008,0.9413243532180786,XGBoost,Prediction,Train
2025-04-08,P008,2.462085723876953,XGBoost,Prediction,Train
2025-04-09,P008,2.679051160812378,XGBoost,Prediction,Train
2025-04-10,P008,2.373288154602051,XGBoost,Prediction,Train
2025-04-11,P008,2.0262248516082764,XGBoost,Prediction,Train
2025-04-12,P008,1.953757643699646,XGBoost,Prediction,Train
2025-04-13,P008,0.464042991399765,XGBoost,Prediction,Train
2025-04-14,P008,2.4426238536834717,XGBoost,Prediction,Train
2025-04-15,P008,1.4829795360565186,XGBoost,Prediction,Train
2025-04-16,P008,1.9531885385513306,XGBoost,Prediction,Train
2025-04-17,P008,1.9419969320297241,XGBoost,Prediction,Train
2025-04-18,P008,0.6054863929748535,XGBoost,Prediction,Train
2025-04-19,P008,2.041273355484009,XGBoost,Prediction,Train
2025-04-20,P008,0.8399286270141602,XGBoost,Prediction,Train
2025-04-21,P008,1.2236218452453613,XGBoost,Prediction,Train
2025-04-22,P008,1.3454623222351074,XGBoost,Prediction,Train
2025-04-23,P008,0.8609477877616882,XGBoost,Prediction,Train
2025-04-24,P008,0.8450426459312439,XGBoost,Prediction,Train
2025-04-25,P008,3.845557451248169,XGBoost,Prediction,Train
2025-04-26,P008,2.3390281200408936,XGBoost,Prediction,Train
2025-04-27,P008,1.0583096742630005,XGBoost,Prediction,Train
2025-04-28,P008,1.1997225284576416,XGBoost,Prediction,Train
2025-04-29,P008,3.431942939758301,XGBoost,Prediction,Train
2025-04-30,P008,0.7015155553817749,XGBoost,Prediction,Train
2025-05-01,P008,3.775106906890869,XGBoost,Prediction,Train
2025-05-02,P008,0.7488028407096863,XGBoost,Prediction,Train
2025-05-03,P008,4.4863386154174805,XGBoost,Prediction,Train
2025-05-04,P008,4.370392799377441,XGBoost,Prediction,Train
2025-05-05,P008,1.033485770225525,XGBoost,Prediction,Train
2025-05-06,P008,0.6144195199012756,XGBoost,Prediction,Train
2025-05-07,P008,1.4907480478286743,XGBoost,Prediction,Train
2025-05-08,P008,2.1234257221221924,XGBoost,Prediction,Train
2025-05-09,P008,2.6605725288391113,XGBoost,Prediction,Train
2025-05-10,P008,1.813130259513855,XGBoost,Prediction,Train
2025-05-11,P008,2.542855978012085,XGBoost,Prediction,Train
2025-05-12,P008,0.8806375861167908,XGBoost,Prediction,Train
2025-05-13,P008,3.2951393127441406,XGBoost,Prediction,Train
2025-05-14,P008,0.7523704171180725,XGBoost,Prediction,Train
2025-05-15,P008,0.8900465965270996,XGBoost,Prediction,Train
2025-05-16,P008,4.93194055557251,XGBoost,Prediction,Train
2025-05-17,P008,3.22269606590271,XGBoost,Prediction,Train
2025-05-18,P008,3.6775240898132324,XGBoost,Prediction,Train
2025-05-19,P008,2.305964469909668,XGBoost,Prediction,Train
2025-05-20,P008,1.476959228515625,XGBoost,Prediction,Train
2025-05-21,P008,1.1301438808441162,XGBoost,Prediction,Train
2025-05-22,P008,1.1226692199707031,XGBoost,Prediction,Train
2025-05-23,P008,1.2046144008636475,XGBoost,Prediction,Train
2025-05-24,P008,2.031623601913452,XGBoost,Prediction,Train
2025-05-25,P008,0.8142191171646118,XGBoost,Prediction,Train
2025-05-26,P008,4.144696235656738,XGBoost,Prediction,Train
2025-05-27,P008,3.4379091262817383,XGBoost,Prediction,Train
2025-05-28,P008,1.226420283317566,XGBoost,Prediction,Train
2025-05-29,P008,0.8020177483558655,XGBoost,Prediction,Train
2025-05-30,P008,0.9793205261230469,XGBoost,Prediction,Train
2025-05-31,P008,1.074878215789795,XGBoost,Prediction,Train
2025-06-01,P008,1.2252358198165894,XGBoost,Prediction,Train
2025-06-02,P008,2.610081195831299,XGBoost,Prediction,Train
2025-06-03,P008,1.0512162446975708,XGBoost,Prediction,Train
2025-06-04,P008,0.8443252444267273,XGBoost,Prediction,Train
2025-06-05,P008,1.3541622161865234,XGBoost,Prediction,Train
2025-06-06,P008,0.7690519690513611,XGBoost,Prediction,Train
2025-06-07,P008,1.31124746799469,XGBoost,Prediction,Train
2025-06-08,P008,0.8012592792510986,XGBoost,Prediction,Train
2025-06-09,P008,4.376591682434082,XGBoost,Prediction,Train
2025-06-10,P008,1.2182350158691406,XGBoost,Prediction,Train
2025-06-11,P008,0.7104020118713379,XGBoost,Prediction,Train
2025-06-12,P008,3.2211203575134277,XGBoost,Prediction,Train
2025-06-13,P008,4.023097991943359,XGBoost,Prediction,Train
2025-06-14,P008,0.5047553181648254,XGBoost,Prediction,Train
2025-06-15,P008,3.385603189468384,XGBoost,Prediction,Train
2025-06-16,P008,2.7737343311309814,XGBoost,Prediction,Train
2025-06-17,P008,1.8608320951461792,XGBoost,Prediction,Train
2025-06-18,P008,0.8945906758308411,XGBoost,Prediction,Train
2025-06-19,P008,2.0842716693878174,XGBoost,Prediction,Train
2025-06-20,P008,0.57191401720047,XGBoost,Prediction,Train
2025-06-21,P008,3.224118232727051,XGBoost,Prediction,Train
2025-06-22,P008,2.6088242530822754,XGBoost,Prediction,Train
2025-06-23,P008,0.716798722743988,XGBoost,Prediction,Train
2025-06-24,P008,3.8166143894195557,XGBoost,Prediction,Train
2025-06-25,P008,0.7952128052711487,XGBoost,Prediction,Train
2025-06-26,P008,1.9402345418930054,XGBoost,Prediction,Train
2025-06-27,P008,2.8992180824279785,XGBoost,Prediction,Train
2025-06-28,P008,2.7572875022888184,XGBoost,Prediction,Train
2025-06-29,P008,2.445863723754883,XGBoost,Prediction,Train
2025-06-30,P008,2.727015495300293,XGBoost,Prediction,Train
2025-07-01,P008,0.7434364557266235,XGBoost,Prediction,Train
2025-07-02,P008,1.8674355745315552,XGBoost,Prediction,Train
2025-07-03,P008,1.5002999305725098,XGBoost,Prediction,Train
2025-07-04,P008,0.6699234247207642,XGBoost,Prediction,Train
2025-07-05,P008,0.9622504115104675,XGBoost,Prediction,Train
2025-07-06,P008,4.40668249130249,XGBoost,Prediction,Train
2025-07-07,P008,0.7554186582565308,XGBoost,Prediction,Train
2025-07-08,P008,2.5588483810424805,XGBoost,Prediction,Train
2025-07-09,P008,4.1844000816345215,XGBoost,Prediction,Train
2025-07-10,P008,1.7445902824401855,XGBoost,Prediction,Train
2025-07-11,P008,4.155904293060303,XGBoost,Prediction,Train
2025-07-12,P008,1.9262200593948364,XGBoost,Prediction,Train
2025-07-13,P008,3.08807635307312,XGBoost,Prediction,Train
2025-07-14,P008,3.4172565937042236,XGBoost,Prediction,Train
2025-07-15,P008,1.200168490409851,XGBoost,Prediction,Train
2025-07-16,P008,3.388063907623291,XGBoost,Prediction,Train
2025-07-17,P008,0.7068648338317871,XGBoost,Prediction,Train
2025-07-18,P008,2.0368871688842773,XGBoost,Prediction,Train
2025-07-19,P008,0.8013472557067871,XGBoost,Prediction,Train
2025-07-20,P008,0.640876054763794,XGBoost,Prediction,Train
2025-07-21,P008,0.7405692338943481,XGBoost,Prediction,Train
2025-07-22,P008,4.0245747566223145,XGBoost,Prediction,Train
2025-07-23,P008,1.8818042278289795,XGBoost,Prediction,Train
2025-07-24,P008,0.73021399974823,XGBoost,Prediction,Train
2025-07-25,P008,0.8793380260467529,XGBoost,Prediction,Train
2025-07-26,P008,2.7465078830718994,XGBoost,Prediction,Train
2025-07-27,P008,0.8659858107566833,XGBoost,Prediction,Train
2025-07-28,P008,2.7071173191070557,XGBoost,Prediction,Train
2025-07-29,P008,2.6497440338134766,XGBoost,Prediction,Train
2025-07-30,P008,0.8470032215118408,XGBoost,Prediction,Train
2025-07-31,P008,1.1770349740982056,XGBoost,Prediction,Train
2025-08-01,P008,2.8501033782958984,XGBoost,Prediction,Train
2025-08-02,P008,1.7258027791976929,XGBoost,Prediction,Train
2025-08-03,P008,3.233579397201538,XGBoost,Prediction,Train
2025-08-04,P008,2.7866885662078857,XGBoost,Prediction,Train
2025-08-05,P008,4.492763519287109,XGBoost,Prediction,Train
2025-08-06,P008,0.7440763115882874,XGBoost,Prediction,Train
2025-08-07,P008,0.7557428479194641,XGBoost,Prediction,Train
2025-08-08,P008,4.281032085418701,XGBoost,Prediction,Train
2025-08-09,P008,1.9659450054168701,XGBoost,Prediction,Train
2025-08-10,P008,0.6955379843711853,XGBoost,Prediction,Train
2025-08-11,P008,0.7261227965354919,XGBoost,Prediction,Train
2025-08-12,P008,2.4514923095703125,XGBoost,Prediction,Train
2025-08-13,P008,0.7440453767776489,XGBoost,Prediction,Train
2025-08-14,P008,0.9096817970275879,XGBoost,Prediction,Train
2025-08-15,P008,2.715508460998535,XGBoost,Prediction,Train
2025-08-16,P008,1.1968671083450317,XGBoost,Prediction,Train
2025-08-17,P008,2.6581897735595703,XGBoost,Prediction,Train
2025-08-18,P008,0.947472333908081,XGBoost,Prediction,Train
2025-08-19,P008,1.8780701160430908,XGBoost,Prediction,Train
2025-08-20,P008,5.164200305938721,XGBoost,Prediction,Train
2025-08-21,P008,5.367591857910156,XGBoost,Prediction,Train
2025-08-22,P008,4.066770076751709,XGBoost,Prediction,Train
2025-08-23,P008,2.467005491256714,XGBoost,Prediction,Train
2025-08-24,P008,1.9167894124984741,XGBoost,Prediction,Train
2025-08-25,P008,2.7292850017547607,XGBoost,Prediction,Train
2025-08-26,P008,0.6416466236114502,XGBoost,Prediction,Train
2025-08-27,P008,2.616772413253784,XGBoost,Prediction,Train
2025-08-28,P008,0.7034896016120911,XGBoost,Prediction,Train
2025-08-29,P008,0.9861955046653748,XGBoost,Prediction,Train
2025-08-30,P008,4.593764305114746,XGBoost,Prediction,Train
2025-08-31,P008,4.12946891784668,XGBoost,Prediction,Train
2025-09-01,P008,0.6381977796554565,XGBoost,Prediction,Train
2025-09-02,P008,1.0459465980529785,XGBoost,Prediction,Train
2025-09-03,P008,3.311077833175659,XGBoost,Prediction,Train
2025-09-04,P008,3.4656059741973877,XGBoost,Prediction,Train
2025-09-05,P008,0.5734773278236389,XGBoost,Prediction,Train
2025-09-06,P008,0.9109196066856384,XGBoost,Prediction,Train
2025-09-07,P008,1.5203570127487183,XGBoost,Prediction,Train
2025-09-08,P008,0.642102062702179,XGBoost,Prediction,Train
2025-09-09,P008,0.7655639052391052,XGBoost,Prediction,Train
2025-09-10,P008,4.0532050132751465,XGBoost,Prediction,Train
2025-09-11,P008,1.2181012630462646,XGBoost,Prediction,Train
2025-09-12,P008,0.9147310256958008,XGBoost,Prediction,Train
2025-09-13,P008,4.819818496704102,XGBoost,Prediction,Train
2025-09-14,P008,0.8789880275726318,XGBoost,Prediction,Train
2025-01-08,P009,7.005383491516113,XGBoost,Prediction,Train
2025-01-09,P009,0.45133599638938904,XGBoost,Prediction,Train
2025-01-10,P009,0.7362529039382935,XGBoost,Prediction,Train
2025-01-11,P009,4.231697082519531,XGBoost,Prediction,Train
2025-01-12,P009,1.7355060577392578,XGBoost,Prediction,Train
2025-01-13,P009,0.8837093710899353,XGBoost,Prediction,Train
2025-01-14,P009,0.7728433609008789,XGBoost,Prediction,Train
2025-01-15,P009,4.046284198760986,XGBoost,Prediction,Train
2025-01-16,P009,0.46106112003326416,XGBoost,Prediction,Train
2025-01-17,P009,1.0433521270751953,XGBoost,Prediction,Train
2025-01-18,P009,0.8617942929267883,XGBoost,Prediction,Train
2025-01-19,P009,0.6731154322624207,XGBoost,Prediction,Train
2025-01-20,P009,2.354386329650879,XGBoost,Prediction,Train
2025-01-21,P009,2.724252223968506,XGBoost,Prediction,Train
2025-01-22,P009,0.7544583082199097,XGBoost,Prediction,Train
2025-01-23,P009,1.5698384046554565,XGBoost,Prediction,Train
2025-01-24,P009,4.458935737609863,XGBoost,Prediction,Train
2025-01-25,P009,0.7743489742279053,XGBoost,Prediction,Train
2025-01-26,P009,0.9326949119567871,XGBoost,Prediction,Train
2025-01-27,P009,0.8192744851112366,XGBoost,Prediction,Train
2025-01-28,P009,2.5341575145721436,XGBoost,Prediction,Train
2025-01-29,P009,2.204597234725952,XGBoost,Prediction,Train
2025-01-30,P009,3.9271066188812256,XGBoost,Prediction,Train
2025-01-31,P009,2.8362815380096436,XGBoost,Prediction,Train
2025-02-01,P009,3.8905179500579834,XGBoost,Prediction,Train
2025-02-02,P009,0.7725451588630676,XGBoost,Prediction,Train
2025-02-03,P009,2.6163330078125,XGBoost,Prediction,Train
2025-02-04,P009,5.008682727813721,XGBoost,Prediction,Train
2025-02-05,P009,0.810498833656311,XGBoost,Prediction,Train
2025-02-06,P009,4.721399784088135,XGBoost,Prediction,Train
2025-02-07,P009,0.8882188200950623,XGBoost,Prediction,Train
2025-02-08,P009,1.5084785223007202,XGBoost,Prediction,Train
2025-02-09,P009,2.5431149005889893,XGBoost,Prediction,Train
2025-02-10,P009,1.0907812118530273,XGBoost,Prediction,Train
2025-02-11,P009,0.8383743762969971,XGBoost,Prediction,Train
2025-02-12,P009,0.9736289381980896,XGBoost,Prediction,Train
2025-02-13,P009,0.9892876148223877,XGBoost,Prediction,Train
2025-02-14,P009,4.666029930114746,XGBoost,Prediction,Train
2025-02-15,P009,0.8093605041503906,XGBoost,Prediction,Train
2025-02-16,P009,2.114067316055298,XGBoost,Prediction,Train
2025-02-17,P009,0.9714711904525757,XGBoost,Prediction,Train
2025-02-18,P009,0.44917717576026917,XGBoost,Prediction,Train
2025-02-19,P009,3.860936403274536,XGBoost,Prediction,Train
2025-02-20,P009,3.402803659439087,XGBoost,Prediction,Train
2025-02-21,P009,2.038738250732422,XGBoost,Prediction,Train
2025-02-22,P009,1.14082932472229,XGBoost,Prediction,Train
2025-02-23,P009,0.6996341943740845,XGBoost,Prediction,Train
2025-02-24,P009,0.865342915058136,XGBoost,Prediction,Train
2025-02-25,P009,2.843775987625122,XGBoost,Prediction,Train
2025-02-26,P009,0.7919424772262573,XGBoost,Prediction,Train
2025-02-27,P009,2.6167213916778564,XGBoost,Prediction,Train
2025-02-28,P009,0.8304564952850342,XGBoost,Prediction,Train
2025-03-01,P009,1.9064451456069946,XGBoost,Prediction,Train
2025-03-02,P009,0.8531333208084106,XGBoost,Prediction,Train
2025-03-03,P009,3.4547479152679443,XGBoost,Prediction,Train
2025-03-04,P009,2.519888162612915,XGBoost,Prediction,Train
2025-03-05,P009,1.5229687690734863,XGBoost,Prediction,Train
2025-03-06,P009,0.8926882743835449,XGBoost,Prediction,Train
2025-03-07,P009,0.8474977016448975,XGBoost,Prediction,Train
2025-03-08,P009,1.1824421882629395,XGBoost,Prediction,Train
2025-03-09,P009,5.127578258514404,XGBoost,Prediction,Train
2025-03-10,P009,2.786017417907715,XGBoost,Prediction,Train
2025-03-11,P009,1.2762928009033203,XGBoost,Prediction,Train
2025-03-12,P009,5.362852573394775,XGBoost,Prediction,Train
2025-03-13,P009,2.8045427799224854,XGBoost,Prediction,Train
2025-03-14,P009,1.818204402923584,XGBoost,Prediction,Train
2025-03-15,P009,0.9869051575660706,XGBoost,Prediction,Train
2025-03-16,P009,0.9930110573768616,XGBoost,Prediction,Train
2025-03-17,P009,0.8989124894142151,XGBoost,Prediction,Train
2025-03-18,P009,0.5471728444099426,XGBoost,Prediction,Train
2025-03-19,P009,0.6169279217720032,XGBoost,Prediction,Train
2025-03-20,P009,1.8113081455230713,XGBoost,Prediction,Train
2025-03-21,P009,0.7564387321472168,XGBoost,Prediction,Train
2025-03-22,P009,1.2710685729980469,XGBoost,Prediction,Train
2025-03-23,P009,2.386150360107422,XGBoost,Prediction,Train
2025-03-24,P009,0.5287454128265381,XGBoost,Prediction,Train
2025-03-25,P009,1.492126226425171,XGBoost,Prediction,Train
2025-03-26,P009,2.0508248805999756,XGBoost,Prediction,Train
2025-03-27,P009,3.989253044128418,XGBoost,Prediction,Train
2025-03-28,P009,1.9945834875106812,XGBoost,Prediction,Train
2025-03-29,P009,2.8267550468444824,XGBoost,Prediction,Train
2025-03-30,P009,1.3584914207458496,XGBoost,Prediction,Train
2025-03-31,P009,1.1817963123321533,XGBoost,Prediction,Train
2025-04-01,P009,3.293431520462036,XGBoost,Prediction,Train
2025-04-02,P009,4.5214409828186035,XGBoost,Prediction,Train
2025-04-03,P009,2.5646519660949707,XGBoost,Prediction,Train
2025-04-04,P009,5.463084697723389,XGBoost,Prediction,Train
2025-04-05,P009,3.6041617393493652,XGBoost,Prediction,Train
2025-04-06,P009,2.4133851528167725,XGBoost,Prediction,Train
2025-04-07,P009,1.368109107017517,XGBoost,Prediction,Train
2025-04-08,P009,0.9694389700889587,XGBoost,Prediction,Train
2025-04-09,P009,0.804569661617279,XGBoost,Prediction,Train
2025-04-10,P009,2.4429543018341064,XGBoost,Prediction,Train
2025-04-11,P009,1.874160647392273,XGBoost,Prediction,Train
2025-04-12,P009,1.0157933235168457,XGBoost,Prediction,Train
2025-04-13,P009,2.9948949813842773,XGBoost,Prediction,Train
2025-04-14,P009,1.1500028371810913,XGBoost,Prediction,Train
2025-04-15,P009,0.8063313364982605,XGBoost,Prediction,Train
2025-04-16,P009,3.6577014923095703,XGBoost,Prediction,Train
2025-04-17,P009,1.0118192434310913,XGBoost,Prediction,Train
2025-04-18,P009,3.370945930480957,XGBoost,Prediction,Train
2025-04-19,P009,2.4558866024017334,XGBoost,Prediction,Train
2025-04-20,P009,0.5690937042236328,XGBoost,Prediction,Train
2025-04-21,P009,3.831433057785034,XGBoost,Prediction,Train
2025-04-22,P009,2.7116177082061768,XGBoost,Prediction,Train
2025-04-23,P009,1.8315238952636719,XGBoost,Prediction,Train
2025-04-24,P009,2.619152784347534,XGBoost,Prediction,Train
2025-04-25,P009,0.6451923847198486,XGBoost,Prediction,Train
2025-04-26,P009,3.220329761505127,XGBoost,Prediction,Train
2025-04-27,P009,3.1570379734039307,XGBoost,Prediction,Train
2025-04-28,P009,1.9100875854492188,XGBoost,Prediction,Train
2025-04-29,P009,0.6992664337158203,XGBoost,Prediction,Train
2025-04-30,P009,4.315622806549072,XGBoost,Prediction,Train
2025-05-01,P009,2.6151604652404785,XGBoost,Prediction,Train
2025-05-02,P009,1.9199496507644653,XGBoost,Prediction,Train
2025-05-03,P009,4.0707573890686035,XGBoost,Prediction,Train
2025-05-04,P009,1.8986161947250366,XGBoost,Prediction,Train
2025-05-05,P009,1.4056274890899658,XGBoost,Prediction,Train
2025-05-06,P009,2.162086248397827,XGBoost,Prediction,Train
2025-05-07,P009,1.8767145872116089,XGBoost,Prediction,Train
2025-05-08,P009,1.70976984500885,XGBoost,Prediction,Train
2025-05-09,P009,1.3579659461975098,XGBoost,Prediction,Train
2025-05-10,P009,3.458876132965088,XGBoost,Prediction,Train
2025-05-11,P009,1.3890964984893799,XGBoost,Prediction,Train
2025-05-12,P009,0.8725500702857971,XGBoost,Prediction,Train
2025-05-13,P009,1.8075045347213745,XGBoost,Prediction,Train
2025-05-14,P009,2.1187000274658203,XGBoost,Prediction,Train
2025-05-15,P009,3.175206184387207,XGBoost,Prediction,Train
2025-05-16,P009,2.061203956604004,XGBoost,Prediction,Train
2025-05-17,P009,2.472233772277832,XGBoost,Prediction,Train
2025-05-18,P009,0.8372384905815125,XGBoost,Prediction,Train
2025-05-19,P009,4.160312652587891,XGBoost,Prediction,Train
2025-05-20,P009,1.0002415180206299,XGBoost,Prediction,Train
2025-05-21,P009,0.574674129486084,XGBoost,Prediction,Train
2025-05-22,P009,2.172041893005371,XGBoost,Prediction,Train
2025-05-23,P009,3.4463417530059814,XGBoost,Prediction,Train
2025-05-24,P009,1.4981378316879272,XGBoost,Prediction,Train
2025-05-25,P009,2.279534339904785,XGBoost,Prediction,Train
2025-05-26,P009,0.640414834022522,XGBoost,Prediction,Train
2025-05-27,P009,1.1740761995315552,XGBoost,Prediction,Train
2025-05-28,P009,1.9462611675262451,XGBoost,Prediction,Train
2025-05-29,P009,0.8322677612304688,XGBoost,Prediction,Train
2025-05-30,P009,0.8156571388244629,XGBoost,Prediction,Train
2025-05-31,P009,0.6736143231391907,XGBoost,Prediction,Train
2025-06-01,P009,1.8199796676635742,XGBoost,Prediction,Train
2025-06-02,P009,2.6044678688049316,XGBoost,Prediction,Train
2025-06-03,P009,2.4248993396759033,XGBoost,Prediction,Train
2025-06-04,P009,4.857503414154053,XGBoost,Prediction,Train
2025-06-05,P009,5.534964084625244,XGBoost,Prediction,Train
2025-06-06,P009,4.5386176109313965,XGBoost,Prediction,Train
2025-06-07,P009,2.0221285820007324,XGBoost,Prediction,Train
2025-06-08,P009,1.0391921997070312,XGBoost,Prediction,Train
2025-06-09,P009,0.7075713276863098,XGBoost,Prediction,Train
2025-06-10,P009,1.8471453189849854,XGBoost,Prediction,Train
2025-06-11,P009,4.526843547821045,XGBoost,Prediction,Train
2025-06-12,P009,2.001864433288574,XGBoost,Prediction,Train
2025-06-13,P009,3.4977006912231445,XGBoost,Prediction,Train
2025-06-14,P009,1.989551305770874,XGBoost,Prediction,Train
2025-06-15,P009,2.0042335987091064,XGBoost,Prediction,Train
2025-06-16,P009,2.1560652256011963,XGBoost,Prediction,Train
2025-06-17,P009,4.564990520477295,XGBoost,Prediction,Train
2025-06-18,P009,4.799320697784424,XGBoost,Prediction,Train
2025-06-19,P009,0.675732433795929,XGBoost,Prediction,Train
2025-06-20,P009,1.2966265678405762,XGBoost,Prediction,Train
2025-06-21,P009,0.8472787737846375,XGBoost,Prediction,Train
2025-06-22,P009,1.4639898538589478,XGBoost,Prediction,Train
2025-06-23,P009,0.7433461546897888,XGBoost,Prediction,Train
2025-06-24,P009,2.0644595623016357,XGBoost,Prediction,Train
2025-06-25,P009,2.9151835441589355,XGBoost,Prediction,Train
2025-06-26,P009,3.9632627964019775,XGBoost,Prediction,Train
2025-06-27,P009,3.3824920654296875,XGBoost,Prediction,Train
2025-06-28,P009,0.936555802822113,XGBoost,Prediction,Train
2025-06-29,P009,4.076902866363525,XGBoost,Prediction,Train
2025-06-30,P009,5.281062126159668,XGBoost,Prediction,Train
2025-07-01,P009,0.8051578402519226,XGBoost,Prediction,Train
2025-07-02,P009,0.8895151615142822,XGBoost,Prediction,Train
2025-07-03,P009,0.6483768820762634,XGBoost,Prediction,Train
2025-07-04,P009,0.5859240293502808,XGBoost,Prediction,Train
2025-07-05,P009,1.8025726079940796,XGBoost,Prediction,Train
2025-07-06,P009,4.727896213531494,XGBoost,Prediction,Train
2025-07-07,P009,2.7177507877349854,XGBoost,Prediction,Train
2025-07-08,P009,4.0805463790893555,XGBoost,Prediction,Train
2025-07-09,P009,0.6495440006256104,XGBoost,Prediction,Train
2025-07-10,P009,3.4352223873138428,XGBoost,Prediction,Train
2025-07-11,P009,0.9195743203163147,XGBoost,Prediction,Train
2025-07-12,P009,5.131313323974609,XGBoost,Prediction,Train
2025-07-13,P009,3.6066226959228516,XGBoost,Prediction,Train
2025-07-14,P009,1.3630499839782715,XGBoost,Prediction,Train
2025-07-15,P009,3.2151143550872803,XGBoost,Prediction,Train
2025-07-16,P009,0.9767729043960571,XGBoost,Prediction,Train
2025-07-17,P009,2.3600220680236816,XGBoost,Prediction,Train
2025-07-18,P009,2.669426202774048,XGBoost,Prediction,Train
2025-07-19,P009,3.515841484069824,XGBoost,Prediction,Train
2025-07-20,P009,0.778436005115509,XGBoost,Prediction,Train
2025-07-21,P009,0.9106160998344421,XGBoost,Prediction,Train
2025-07-22,P009,2.6515378952026367,XGBoost,Prediction,Train
2025-07-23,P009,0.7560874819755554,XGBoost,Prediction,Train
2025-07-24,P009,0.844646155834198,XGBoost,Prediction,Train
2025-07-25,P009,0.8758788704872131,XGBoost,Prediction,Train
2025-07-26,P009,2.784228563308716,XGBoost,Prediction,Train
2025-07-27,P009,2.294545888900757,XGBoost,Prediction,Train
2025-07-28,P009,3.4275619983673096,XGBoost,Prediction,Train
2025-07-29,P009,3.958291530609131,XGBoost,Prediction,Train
2025-07-30,P009,0.9968716502189636,XGBoost,Prediction,Train
2025-07-31,P009,1.2385953664779663,XGBoost,Prediction,Train
2025-08-01,P009,1.1949200630187988,XGBoost,Prediction,Train
2025-08-02,P009,0.71366947889328,XGBoost,Prediction,Train
2025-08-03,P009,2.7868738174438477,XGBoost,Prediction,Train
2025-08-04,P009,1.1695895195007324,XGBoost,Prediction,Train
2025-08-05,P009,0.7475364208221436,XGBoost,Prediction,Train
2025-08-06,P009,1.3477784395217896,XGBoost,Prediction,Train
2025-08-07,P009,1.8783211708068848,XGBoost,Prediction,Train
2025-08-08,P009,2.6031928062438965,XGBoost,Prediction,Train
2025-08-09,P009,1.3797107934951782,XGBoost,Prediction,Train
2025-08-10,P009,0.8446202278137207,XGBoost,Prediction,Train
2025-08-11,P009,0.9103395342826843,XGBoost,Prediction,Train
2025-08-12,P009,1.0895061492919922,XGBoost,Prediction,Train
2025-08-13,P009,1.0110887289047241,XGBoost,Prediction,Train
2025-08-14,P009,0.5138787627220154,XGBoost,Prediction,Train
2025-08-15,P009,2.742795467376709,XGBoost,Prediction,Train
2025-08-16,P009,2.0784614086151123,XGBoost,Prediction,Train
2025-08-17,P009,1.851315975189209,XGBoost,Prediction,Train
2025-08-18,P009,1.1087100505828857,XGBoost,Prediction,Train
2025-08-19,P009,2.0582520961761475,XGBoost,Prediction,Train
2025-08-20,P009,1.5948519706726074,XGBoost,Prediction,Train
2025-08-21,P009,3.248889923095703,XGBoost,Prediction,Train
2025-08-22,P009,1.4628677368164062,XGBoost,Prediction,Train
2025-08-23,P009,1.5082520246505737,XGBoost,Prediction,Train
2025-08-24,P009,3.450317859649658,XGBoost,Prediction,Train
2025-08-25,P009,1.2680199146270752,XGBoost,Prediction,Train
2025-08-26,P009,2.175493001937866,XGBoost,Prediction,Train
2025-08-27,P009,0.8667314648628235,XGBoost,Prediction,Train
2025-08-28,P009,2.6240811347961426,XGBoost,Prediction,Train
2025-08-29,P009,2.8685221672058105,XGBoost,Prediction,Train
2025-08-30,P009,5.360958099365234,XGBoost,Prediction,Train
2025-08-31,P009,4.859279155731201,XGBoost,Prediction,Train
2025-09-01,P009,1.1758413314819336,XGBoost,Prediction,Train
2025-09-02,P009,3.4720101356506348,XGBoost,Prediction,Train
2025-09-03,P009,0.863685667514801,XGBoost,Prediction,Train
2025-09-04,P009,0.6007211804389954,XGBoost,Prediction,Train
2025-09-05,P009,0.9124287962913513,XGBoost,Prediction,Train
2025-09-06,P009,1.8695733547210693,XGBoost,Prediction,Train
2025-09-07,P009,0.9085878133773804,XGBoost,Prediction,Train
2025-09-08,P009,0.9119589924812317,XGBoost,Prediction,Train
2025-09-09,P009,3.233180284500122,XGBoost,Prediction,Train
2025-09-10,P009,1.1972088813781738,XGBoost,Prediction,Train
2025-09-11,P009,2.550128936767578,XGBoost,Prediction,Train
2025-09-12,P009,0.7512336373329163,XGBoost,Prediction,Train
2025-09-13,P009,4.50455379486084,XGBoost,Prediction,Train
2025-09-14,P009,1.3795270919799805,XGBoost,Prediction,Train
2025-01-08,P010,2.667079210281372,XGBoost,Prediction,Train
2025-01-09,P010,4.915248394012451,XGBoost,Prediction,Train
2025-01-10,P010,1.1693875789642334,XGBoost,Prediction,Train
2025-01-11,P010,0.5651333928108215,XGBoost,Prediction,Train
2025-01-12,P010,1.0564559698104858,XGBoost,Prediction,Train
2025-01-13,P010,1.2262836694717407,XGBoost,Prediction,Train
2025-01-14,P010,2.823606252670288,XGBoost,Prediction,Train
2025-01-15,P010,0.6124690771102905,XGBoost,Prediction,Train
2025-01-16,P010,0.6513774394989014,XGBoost,Prediction,Train
2025-01-17,P010,2.685258388519287,XGBoost,Prediction,Train
2025-01-18,P010,2.0307860374450684,XGBoost,Prediction,Train
2025-01-19,P010,4.073769569396973,XGBoost,Prediction,Train
2025-01-20,P010,1.8471856117248535,XGBoost,Prediction,Train
2025-01-21,P010,4.040788173675537,XGBoost,Prediction,Train
2025-01-22,P010,0.8380048871040344,XGBoost,Prediction,Train
2025-01-23,P010,5.044529438018799,XGBoost,Prediction,Train
2025-01-24,P010,2.6007587909698486,XGBoost,Prediction,Train
2025-01-25,P010,0.7440795302391052,XGBoost,Prediction,Train
2025-01-26,P010,1.836907148361206,XGBoost,Prediction,Train
2025-01-27,P010,1.2311071157455444,XGBoost,Prediction,Train
2025-01-28,P010,1.3872605562210083,XGBoost,Prediction,Train
2025-01-29,P010,1.2752324342727661,XGBoost,Prediction,Train
2025-01-30,P010,4.640264511108398,XGBoost,Prediction,Train
2025-01-31,P010,0.662412703037262,XGBoost,Prediction,Train
2025-02-01,P010,1.056389331817627,XGBoost,Prediction,Train
2025-02-02,P010,1.9363272190093994,XGBoost,Prediction,Train
2025-02-03,P010,1.8564355373382568,XGBoost,Prediction,Train
2025-02-04,P010,4.2626566886901855,XGBoost,Prediction,Train
2025-02-05,P010,0.673890233039856,XGBoost,Prediction,Train
2025-02-06,P010,2.4265613555908203,XGBoost,Prediction,Train
2025-02-07,P010,0.7663052678108215,XGBoost,Prediction,Train
2025-02-08,P010,2.7044386863708496,XGBoost,Prediction,Train
2025-02-09,P010,2.154216766357422,XGBoost,Prediction,Train
2025-02-10,P010,0.6044921278953552,XGBoost,Prediction,Train
2025-02-11,P010,2.5879645347595215,XGBoost,Prediction,Train
2025-02-12,P010,1.373064398765564,XGBoost,Prediction,Train
2025-02-13,P010,0.7224152684211731,XGBoost,Prediction,Train
2025-02-14,P010,5.513089179992676,XGBoost,Prediction,Train
2025-02-15,P010,0.8901883959770203,XGBoost,Prediction,Train
2025-02-16,P010,2.921795129776001,XGBoost,Prediction,Train
2025-02-17,P010,0.7574156522750854,XGBoost,Prediction,Train
2025-02-18,P010,1.14682936668396,XGBoost,Prediction,Train
2025-02-19,P010,3.7070400714874268,XGBoost,Prediction,Train
2025-02-20,P010,3.4992759227752686,XGBoost,Prediction,Train
2025-02-21,P010,1.0820316076278687,XGBoost,Prediction,Train
2025-02-22,P010,2.6553738117218018,XGBoost,Prediction,Train
2025-02-23,P010,4.13580322265625,XGBoost,Prediction,Train
2025-02-24,P010,1.2323791980743408,XGBoost,Prediction,Train
2025-02-25,P010,1.2175554037094116,XGBoost,Prediction,Train
2025-02-26,P010,3.8102219104766846,XGBoost,Prediction,Train
2025-02-27,P010,1.555543303489685,XGBoost,Prediction,Train
2025-02-28,P010,1.8302072286605835,XGBoost,Prediction,Train
2025-03-01,P010,1.3737354278564453,XGBoost,Prediction,Train
2025-03-02,P010,0.9139629602432251,XGBoost,Prediction,Train
2025-03-03,P010,0.8866783380508423,XGBoost,Prediction,Train
2025-03-04,P010,2.1976661682128906,XGBoost,Prediction,Train
2025-03-05,P010,5.070709228515625,XGBoost,Prediction,Train
2025-03-06,P010,2.9212093353271484,XGBoost,Prediction,Train
2025-03-07,P010,0.7047710418701172,XGBoost,Prediction,Train
2025-03-08,P010,1.7509915828704834,XGBoost,Prediction,Train
2025-03-09,P010,3.7536299228668213,XGBoost,Prediction,Train
2025-03-10,P010,1.8092005252838135,XGBoost,Prediction,Train
2025-03-11,P010,1.1361334323883057,XGBoost,Prediction,Train
2025-03-12,P010,0.6735566258430481,XGBoost,Prediction,Train
2025-03-13,P010,0.709495484828949,XGBoost,Prediction,Train
2025-03-14,P010,0.8223237991333008,XGBoost,Prediction,Train
2025-03-15,P010,2.249269962310791,XGBoost,Prediction,Train
2025-03-16,P010,0.9539185166358948,XGBoost,Prediction,Train
2025-03-17,P010,0.8125536441802979,XGBoost,Prediction,Train
2025-03-18,P010,3.385768175125122,XGBoost,Prediction,Train
2025-03-19,P010,0.7089152932167053,XGBoost,Prediction,Train
2025-03-20,P010,2.527406692504883,XGBoost,Prediction,Train
2025-03-21,P010,6.268187046051025,XGBoost,Prediction,Train
2025-03-22,P010,0.8274820446968079,XGBoost,Prediction,Train
2025-03-23,P010,2.9979512691497803,XGBoost,Prediction,Train
2025-03-24,P010,3.1872024536132812,XGBoost,Prediction,Train
2025-03-25,P010,2.657726287841797,XGBoost,Prediction,Train
2025-03-26,P010,1.873275876045227,XGBoost,Prediction,Train
2025-03-27,P010,3.606957197189331,XGBoost,Prediction,Train
2025-03-28,P010,1.645222544670105,XGBoost,Prediction,Train
2025-03-29,P010,0.7151150107383728,XGBoost,Prediction,Train
2025-03-30,P010,2.7314071655273438,XGBoost,Prediction,Train
2025-03-31,P010,0.5897432565689087,XGBoost,Prediction,Train
2025-04-01,P010,0.8991711735725403,XGBoost,Prediction,Train
2025-04-02,P010,4.518988132476807,XGBoost,Prediction,Train
2025-04-03,P010,4.422990798950195,XGBoost,Prediction,Train
2025-04-04,P010,2.820294141769409,XGBoost,Prediction,Train
2025-04-05,P010,1.08467435836792,XGBoost,Prediction,Train
2025-04-06,P010,1.2403316497802734,XGBoost,Prediction,Train
2025-04-07,P010,0.7843403816223145,XGBoost,Prediction,Train
2025-04-08,P010,1.4038530588150024,XGBoost,Prediction,Train
2025-04-09,P010,2.793833017349243,XGBoost,Prediction,Train
2025-04-10,P010,0.6632146835327148,XGBoost,Prediction,Train
2025-04-11,P010,1.207372784614563,XGBoost,Prediction,Train
2025-04-12,P010,2.650052547454834,XGBoost,Prediction,Train
2025-04-13,P010,3.893756628036499,XGBoost,Prediction,Train
2025-04-14,P010,2.4248061180114746,XGBoost,Prediction,Train
2025-04-15,P010,0.44789883494377136,XGBoost,Prediction,Train
2025-04-16,P010,0.7212994694709778,XGBoost,Prediction,Train
2025-04-17,P010,0.6781812310218811,XGBoost,Prediction,Train
2025-04-18,P010,2.0290839672088623,XGBoost,Prediction,Train
2025-04-19,P010,0.7926018834114075,XGBoost,Prediction,Train
2025-04-20,P010,1.9660216569900513,XGBoost,Prediction,Train
2025-04-21,P010,2.7428009510040283,XGBoost,Prediction,Train
2025-04-22,P010,3.9338626861572266,XGBoost,Prediction,Train
2025-04-23,P010,4.080893516540527,XGBoost,Prediction,Train
2025-04-24,P010,0.7797801494598389,XGBoost,Prediction,Train
2025-04-25,P010,0.7095224261283875,XGBoost,Prediction,Train
2025-04-26,P010,6.156698226928711,XGBoost,Prediction,Train
2025-04-27,P010,1.6456542015075684,XGBoost,Prediction,Train
2025-04-28,P010,3.1202244758605957,XGBoost,Prediction,Train
2025-04-29,P010,1.92817223072052,XGBoost,Prediction,Train
2025-04-30,P010,0.8515309691429138,XGBoost,Prediction,Train
2025-05-01,P010,4.2840375900268555,XGBoost,Prediction,Train
2025-05-02,P010,2.006225109100342,XGBoost,Prediction,Train
2025-05-03,P010,0.7175549864768982,XGBoost,Prediction,Train
2025-05-04,P010,5.081275463104248,XGBoost,Prediction,Train
2025-05-05,P010,1.3138988018035889,XGBoost,Prediction,Train
2025-05-06,P010,1.313730001449585,XGBoost,Prediction,Train
2025-05-07,P010,0.700870931148529,XGBoost,Prediction,Train
2025-05-08,P010,2.281160831451416,XGBoost,Prediction,Train
2025-05-09,P010,2.609257698059082,XGBoost,Prediction,Train
2025-05-10,P010,1.2961933612823486,XGBoost,Prediction,Train
2025-05-11,P010,2.7297780513763428,XGBoost,Prediction,Train
2025-05-12,P010,0.9334717392921448,XGBoost,Prediction,Train
2025-05-13,P010,2.448787212371826,XGBoost,Prediction,Train
2025-05-14,P010,1.8939540386199951,XGBoost,Prediction,Train
2025-05-15,P010,4.77443265914917,XGBoost,Prediction,Train
2025-05-16,P010,2.7863540649414062,XGBoost,Prediction,Train
2025-05-17,P010,2.7501142024993896,XGBoost,Prediction,Train
2025-05-18,P010,3.2146501541137695,XGBoost,Prediction,Train
2025-05-19,P010,1.00814950466156,XGBoost,Prediction,Train
2025-05-20,P010,1.6436371803283691,XGBoost,Prediction,Train
2025-05-21,P010,0.980932891368866,XGBoost,Prediction,Train
2025-05-22,P010,1.1948108673095703,XGBoost,Prediction,Train
2025-05-23,P010,3.3614957332611084,XGBoost,Prediction,Train
2025-05-24,P010,0.8680260181427002,XGBoost,Prediction,Train
2025-05-25,P010,1.0843957662582397,XGBoost,Prediction,Train
2025-05-26,P010,0.6496522426605225,XGBoost,Prediction,Train
2025-05-27,P010,0.4627142548561096,XGBoost,Prediction,Train
2025-05-28,P010,0.6473647952079773,XGBoost,Prediction,Train
2025-05-29,P010,0.6318747401237488,XGBoost,Prediction,Train
2025-05-30,P010,2.733262538909912,XGBoost,Prediction,Train
2025-05-31,P010,4.577810764312744,XGBoost,Prediction,Train
2025-06-01,P010,0.9664598107337952,XGBoost,Prediction,Train
2025-06-02,P010,3.981489896774292,XGBoost,Prediction,Train
2025-06-03,P010,2.769618511199951,XGBoost,Prediction,Train
2025-06-04,P010,4.323672771453857,XGBoost,Prediction,Train
2025-06-05,P010,1.8811556100845337,XGBoost,Prediction,Train
2025-06-06,P010,2.3878414630889893,XGBoost,Prediction,Train
2025-06-07,P010,0.6524282097816467,XGBoost,Prediction,Train
2025-06-08,P010,0.7021780610084534,XGBoost,Prediction,Train
2025-06-09,P010,1.6037646532058716,XGBoost,Prediction,Train
2025-06-10,P010,1.851686716079712,XGBoost,Prediction,Train
2025-06-11,P010,2.544373035430908,XGBoost,Prediction,Train
2025-06-12,P010,0.8904586434364319,XGBoost,Prediction,Train
2025-06-13,P010,2.4609570503234863,XGBoost,Prediction,Train
2025-06-14,P010,0.7216763496398926,XGBoost,Prediction,Train
2025-06-15,P010,0.9720755219459534,XGBoost,Prediction,Train
2025-06-16,P010,0.9400657415390015,XGBoost,Prediction,Train
2025-06-17,P010,1.2300572395324707,XGBoost,Prediction,Train
2025-06-18,P010,1.1487776041030884,XGBoost,Prediction,Train
2025-06-19,P010,1.9353837966918945,XGBoost,Prediction,Train
2025-06-20,P010,3.368690013885498,XGBoost,Prediction,Train
2025-06-21,P010,4.004014015197754,XGBoost,Prediction,Train
2025-06-22,P010,1.2782646417617798,XGBoost,Prediction,Train
2025-06-23,P010,0.7636863589286804,XGBoost,Prediction,Train
2025-06-24,P010,3.6712422370910645,XGBoost,Prediction,Train
2025-06-25,P010,1.8628844022750854,XGBoost,Prediction,Train
2025-06-26,P010,0.9135494828224182,XGBoost,Prediction,Train
2025-06-27,P010,2.380098581314087,XGBoost,Prediction,Train
2025-06-28,P010,4.7901835441589355,XGBoost,Prediction,Train
2025-06-29,P010,3.0968894958496094,XGBoost,Prediction,Train
2025-06-30,P010,1.1608312129974365,XGBoost,Prediction,Train
2025-07-01,P010,0.788392186164856,XGBoost,Prediction,Train
2025-07-02,P010,1.339136004447937,XGBoost,Prediction,Train
2025-07-03,P010,1.2424252033233643,XGBoost,Prediction,Train
2025-07-04,P010,0.7684755325317383,XGBoost,Prediction,Train
2025-07-05,P010,2.5448622703552246,XGBoost,Prediction,Train
2025-07-06,P010,4.370176792144775,XGBoost,Prediction,Train
2025-07-07,P010,1.864296555519104,XGBoost,Prediction,Train
2025-07-08,P010,3.854783296585083,XGBoost,Prediction,Train
2025-07-09,P010,1.2825515270233154,XGBoost,Prediction,Train
2025-07-10,P010,1.7442160844802856,XGBoost,Prediction,Train
2025-07-11,P010,0.7796717286109924,XGBoost,Prediction,Train
2025-07-12,P010,1.9325463771820068,XGBoost,Prediction,Train
2025-07-13,P010,0.7824415564537048,XGBoost,Prediction,Train
2025-07-14,P010,2.610952615737915,XGBoost,Prediction,Train
2025-07-15,P010,0.7905332446098328,XGBoost,Prediction,Train
2025-07-16,P010,0.9428738951683044,XGBoost,Prediction,Train
2025-07-17,P010,0.6675401329994202,XGBoost,Prediction,Train
2025-07-18,P010,2.3178091049194336,XGBoost,Prediction,Train
2025-07-19,P010,2.712324380874634,XGBoost,Prediction,Train
2025-07-20,P010,0.6354875564575195,XGBoost,Prediction,Train
2025-07-21,P010,5.781816005706787,XGBoost,Prediction,Train
2025-07-22,P010,0.9092970490455627,XGBoost,Prediction,Train
2025-07-23,P010,1.0903544425964355,XGBoost,Prediction,Train
2025-07-24,P010,2.7146553993225098,XGBoost,Prediction,Train
2025-07-25,P010,1.1344447135925293,XGBoost,Prediction,Train
2025-07-26,P010,0.8923224210739136,XGBoost,Prediction,Train
2025-07-27,P010,0.8832033276557922,XGBoost,Prediction,Train
2025-07-28,P010,1.1498879194259644,XGBoost,Prediction,Train
2025-07-29,P010,2.4296770095825195,XGBoost,Prediction,Train
2025-07-30,P010,1.0132502317428589,XGBoost,Prediction,Train
2025-07-31,P010,0.7823886275291443,XGBoost,Prediction,Train
2025-08-01,P010,0.7773048281669617,XGBoost,Prediction,Train
2025-08-02,P010,3.1838595867156982,XGBoost,Prediction,Train
2025-08-03,P010,1.506436824798584,XGBoost,Prediction,Train
2025-08-04,P010,1.404802918434143,XGBoost,Prediction,Train
2025-08-05,P010,1.8870089054107666,XGBoost,Prediction,Train
2025-08-06,P010,1.3335732221603394,XGBoost,Prediction,Train
2025-08-07,P010,2.3500213623046875,XGBoost,Prediction,Train
2025-08-08,P010,2.6204237937927246,XGBoost,Prediction,Train
2025-08-09,P010,0.8194209337234497,XGBoost,Prediction,Train
2025-08-10,P010,2.764540195465088,XGBoost,Prediction,Train
2025-08-11,P010,2.1094748973846436,XGBoost,Prediction,Train
2025-08-12,P010,0.8651624917984009,XGBoost,Prediction,Train
2025-08-13,P010,3.4555115699768066,XGBoost,Prediction,Train
2025-08-14,P010,1.2919185161590576,XGBoost,Prediction,Train
2025-08-15,P010,0.7230610847473145,XGBoost,Prediction,Train
2025-08-16,P010,1.8650091886520386,XGBoost,Prediction,Train
2025-08-17,P010,2.6152772903442383,XGBoost,Prediction,Train
2025-08-18,P010,0.6816763877868652,XGBoost,Prediction,Train
2025-08-19,P010,2.3503899574279785,XGBoost,Prediction,Train
2025-08-20,P010,1.7487270832061768,XGBoost,Prediction,Train
2025-08-21,P010,3.2688710689544678,XGBoost,Prediction,Train
2025-08-22,P010,0.7190056443214417,XGBoost,Prediction,Train
2025-08-23,P010,3.5061583518981934,XGBoost,Prediction,Train
2025-08-24,P010,5.470942497253418,XGBoost,Prediction,Train
2025-08-25,P010,3.8890645503997803,XGBoost,Prediction,Train
2025-08-26,P010,6.139102458953857,XGBoost,Prediction,Train
2025-08-27,P010,5.425748348236084,XGBoost,Prediction,Train
2025-08-28,P010,0.8106942176818848,XGBoost,Prediction,Train
2025-08-29,P010,1.0323340892791748,XGBoost,Prediction,Train
2025-08-30,P010,3.534128189086914,XGBoost,Prediction,Train
2025-08-31,P010,1.2475717067718506,XGBoost,Prediction,Train
2025-09-01,P010,2.6164729595184326,XGBoost,Prediction,Train
2025-09-02,P010,0.7263380289077759,XGBoost,Prediction,Train
2025-09-03,P010,0.8360413908958435,XGBoost,Prediction,Train
2025-09-04,P010,1.393153190612793,XGBoost,Prediction,Train
2025-09-05,P010,3.8701584339141846,XGBoost,Prediction,Train
2025-09-06,P010,0.912459135055542,XGBoost,Prediction,Train
2025-09-07,P010,1.04477858543396,XGBoost,Prediction,Train
2025-09-08,P010,1.5319077968597412,XGBoost,Prediction,Train
2025-09-09,P010,0.8445768356323242,XGBoost,Prediction,Train
2025-09-10,P010,0.9448702931404114,XGBoost,Prediction,Train
2025-09-11,P010,2.4749984741210938,XGBoost,Prediction,Train
2025-09-12,P010,1.9660807847976685,XGBoost,Prediction,Train
2025-09-13,P010,1.2943329811096191,XGBoost,Prediction,Train
2025-09-14,P010,0.5140392184257507,XGBoost,Prediction,Train
2025-01-08,P011,1.1706963777542114,XGBoost,Prediction,Train
2025-01-09,P011,2.866236448287964,XGBoost,Prediction,Train
2025-01-10,P011,1.1766986846923828,XGBoost,Prediction,Train
2025-01-11,P011,2.7056403160095215,XGBoost,Prediction,Train
2025-01-12,P011,1.2178282737731934,XGBoost,Prediction,Train
2025-01-13,P011,2.47580885887146,XGBoost,Prediction,Train
2025-01-14,P011,2.628171920776367,XGBoost,Prediction,Train
2025-01-15,P011,1.9975636005401611,XGBoost,Prediction,Train
2025-01-16,P011,0.889167308807373,XGBoost,Prediction,Train
2025-01-17,P011,0.9579503536224365,XGBoost,Prediction,Train
2025-01-18,P011,2.6061594486236572,XGBoost,Prediction,Train
2025-01-19,P011,1.0764285326004028,XGBoost,Prediction,Train
2025-01-20,P011,3.8925745487213135,XGBoost,Prediction,Train
2025-01-21,P011,1.970829963684082,XGBoost,Prediction,Train
2025-01-22,P011,4.953703880310059,XGBoost,Prediction,Train
2025-01-23,P011,1.8403010368347168,XGBoost,Prediction,Train
2025-01-24,P011,1.948420763015747,XGBoost,Prediction,Train
2025-01-25,P011,1.2874549627304077,XGBoost,Prediction,Train
2025-01-26,P011,0.6963392496109009,XGBoost,Prediction,Train
2025-01-27,P011,0.9336285591125488,XGBoost,Prediction,Train
2025-01-28,P011,1.203047752380371,XGBoost,Prediction,Train
2025-01-29,P011,0.9041140675544739,XGBoost,Prediction,Train
2025-01-30,P011,1.9714927673339844,XGBoost,Prediction,Train
2025-01-31,P011,1.5763977766036987,XGBoost,Prediction,Train
2025-02-01,P011,2.361766815185547,XGBoost,Prediction,Train
2025-02-02,P011,1.2300240993499756,XGBoost,Prediction,Train
2025-02-03,P011,0.910430371761322,XGBoost,Prediction,Train
2025-02-04,P011,2.485748529434204,XGBoost,Prediction,Train
2025-02-05,P011,2.601592540740967,XGBoost,Prediction,Train
2025-02-06,P011,0.6655544638633728,XGBoost,Prediction,Train
2025-02-07,P011,1.0278576612472534,XGBoost,Prediction,Train
2025-02-08,P011,1.1281559467315674,XGBoost,Prediction,Train
2025-02-09,P011,0.6983902454376221,XGBoost,Prediction,Train
2025-02-10,P011,1.2283413410186768,XGBoost,Prediction,Train
2025-02-11,P011,4.0167999267578125,XGBoost,Prediction,Train
2025-02-12,P011,1.086301326751709,XGBoost,Prediction,Train
2025-02-13,P011,4.044147491455078,XGBoost,Prediction,Train
2025-02-14,P011,1.1104850769042969,XGBoost,Prediction,Train
2025-02-15,P011,1.0312265157699585,XGBoost,Prediction,Train
2025-02-16,P011,2.6417629718780518,XGBoost,Prediction,Train
2025-02-17,P011,3.128103494644165,XGBoost,Prediction,Train
2025-02-18,P011,0.6076387166976929,XGBoost,Prediction,Train
2025-02-19,P011,2.5555260181427,XGBoost,Prediction,Train
2025-02-20,P011,3.456596612930298,XGBoost,Prediction,Train
2025-02-21,P011,1.4622174501419067,XGBoost,Prediction,Train
2025-02-22,P011,1.996453046798706,XGBoost,Prediction,Train
2025-02-23,P011,1.3667908906936646,XGBoost,Prediction,Train
2025-02-24,P011,5.265591621398926,XGBoost,Prediction,Train
2025-02-25,P011,2.0378353595733643,XGBoost,Prediction,Train
2025-02-26,P011,3.926565170288086,XGBoost,Prediction,Train
2025-02-27,P011,2.82432222366333,XGBoost,Prediction,Train
2025-02-28,P011,2.7367358207702637,XGBoost,Prediction,Train
2025-03-01,P011,2.6389496326446533,XGBoost,Prediction,Train
2025-03-02,P011,2.7727980613708496,XGBoost,Prediction,Train
2025-03-03,P011,4.909529685974121,XGBoost,Prediction,Train
2025-03-04,P011,4.259658336639404,XGBoost,Prediction,Train
2025-03-05,P011,0.9481836557388306,XGBoost,Prediction,Train
2025-03-06,P011,1.4245535135269165,XGBoost,Prediction,Train
2025-03-07,P011,0.8130847215652466,XGBoost,Prediction,Train
2025-03-08,P011,0.8314756751060486,XGBoost,Prediction,Train
2025-03-09,P011,1.0045299530029297,XGBoost,Prediction,Train
2025-03-10,P011,2.6928293704986572,XGBoost,Prediction,Train
2025-03-11,P011,2.629441499710083,XGBoost,Prediction,Train
2025-03-12,P011,1.0940881967544556,XGBoost,Prediction,Train
2025-03-13,P011,1.9249886274337769,XGBoost,Prediction,Train
2025-03-14,P011,0.6054649949073792,XGBoost,Prediction,Train
2025-03-15,P011,1.428742527961731,XGBoost,Prediction,Train
2025-03-16,P011,1.9392116069793701,XGBoost,Prediction,Train
2025-03-17,P011,0.8871386647224426,XGBoost,Prediction,Train
2025-03-18,P011,3.973243236541748,XGBoost,Prediction,Train
2025-03-19,P011,3.9461593627929688,XGBoost,Prediction,Train
2025-03-20,P011,3.903526782989502,XGBoost,Prediction,Train
2025-03-21,P011,1.0156667232513428,XGBoost,Prediction,Train
2025-03-22,P011,1.949786901473999,XGBoost,Prediction,Train
2025-03-23,P011,2.2540361881256104,XGBoost,Prediction,Train
2025-03-24,P011,3.035348892211914,XGBoost,Prediction,Train
2025-03-25,P011,1.416187047958374,XGBoost,Prediction,Train
2025-03-26,P011,2.073690176010132,XGBoost,Prediction,Train
2025-03-27,P011,0.8723783493041992,XGBoost,Prediction,Train
2025-03-28,P011,1.0588102340698242,XGBoost,Prediction,Train
2025-03-29,P011,1.3642020225524902,XGBoost,Prediction,Train
2025-03-30,P011,0.7088519930839539,XGBoost,Prediction,Train
2025-03-31,P011,3.6888415813446045,XGBoost,Prediction,Train
2025-04-01,P011,1.0164158344268799,XGBoost,Prediction,Train
2025-04-02,P011,1.9814554452896118,XGBoost,Prediction,Train
2025-04-03,P011,2.714789390563965,XGBoost,Prediction,Train
2025-04-04,P011,4.346433639526367,XGBoost,Prediction,Train
2025-04-05,P011,0.8677630424499512,XGBoost,Prediction,Train
2025-04-06,P011,2.533442735671997,XGBoost,Prediction,Train
2025-04-07,P011,0.9625338315963745,XGBoost,Prediction,Train
2025-04-08,P011,2.093235969543457,XGBoost,Prediction,Train
2025-04-09,P011,2.019634246826172,XGBoost,Prediction,Train
2025-04-10,P011,1.9986276626586914,XGBoost,Prediction,Train
2025-04-11,P011,2.486933708190918,XGBoost,Prediction,Train
2025-04-12,P011,0.9506418704986572,XGBoost,Prediction,Train
2025-04-13,P011,2.44990873336792,XGBoost,Prediction,Train
2025-04-14,P011,1.0916754007339478,XGBoost,Prediction,Train
2025-04-15,P011,2.5541563034057617,XGBoost,Prediction,Train
2025-04-16,P011,1.1176574230194092,XGBoost,Prediction,Train
2025-04-17,P011,2.4509782791137695,XGBoost,Prediction,Train
2025-04-18,P011,3.6562702655792236,XGBoost,Prediction,Train
2025-04-19,P011,4.52852725982666,XGBoost,Prediction,Train
2025-04-20,P011,2.6413633823394775,XGBoost,Prediction,Train
2025-04-21,P011,4.852754592895508,XGBoost,Prediction,Train
2025-04-22,P011,1.3127623796463013,XGBoost,Prediction,Train
2025-04-23,P011,5.028534412384033,XGBoost,Prediction,Train
2025-04-24,P011,1.3131470680236816,XGBoost,Prediction,Train
2025-04-25,P011,5.2888665199279785,XGBoost,Prediction,Train
2025-04-26,P011,1.2945209741592407,XGBoost,Prediction,Train
2025-04-27,P011,1.8353350162506104,XGBoost,Prediction,Train
2025-04-28,P011,1.36178719997406,XGBoost,Prediction,Train
2025-04-29,P011,3.479952812194824,XGBoost,Prediction,Train
2025-04-30,P011,2.6804943084716797,XGBoost,Prediction,Train
2025-05-01,P011,2.541935920715332,XGBoost,Prediction,Train
2025-05-02,P011,3.2768893241882324,XGBoost,Prediction,Train
2025-05-03,P011,1.6182715892791748,XGBoost,Prediction,Train
2025-05-04,P011,2.7798852920532227,XGBoost,Prediction,Train
2025-05-05,P011,0.9435904622077942,XGBoost,Prediction,Train
2025-05-06,P011,1.1079583168029785,XGBoost,Prediction,Train
2025-05-07,P011,2.6367745399475098,XGBoost,Prediction,Train
2025-05-08,P011,0.902138352394104,XGBoost,Prediction,Train
2025-05-09,P011,0.9197894334793091,XGBoost,Prediction,Train
2025-05-10,P011,0.982132613658905,XGBoost,Prediction,Train
2025-05-11,P011,2.741213083267212,XGBoost,Prediction,Train
2025-05-12,P011,2.0078938007354736,XGBoost,Prediction,Train
2025-05-13,P011,2.525430679321289,XGBoost,Prediction,Train
2025-05-14,P011,2.592471122741699,XGBoost,Prediction,Train
2025-05-15,P011,1.2018578052520752,XGBoost,Prediction,Train
2025-05-16,P011,3.5732152462005615,XGBoost,Prediction,Train
2025-05-17,P011,1.3538930416107178,XGBoost,Prediction,Train
2025-05-18,P011,2.66318416595459,XGBoost,Prediction,Train
2025-05-19,P011,1.1360780000686646,XGBoost,Prediction,Train
2025-05-20,P011,1.4085394144058228,XGBoost,Prediction,Train
2025-05-21,P011,0.6187608242034912,XGBoost,Prediction,Train
2025-05-22,P011,4.753606796264648,XGBoost,Prediction,Train
2025-05-23,P011,4.1517863273620605,XGBoost,Prediction,Train
2025-05-24,P011,1.2936749458312988,XGBoost,Prediction,Train
2025-05-25,P011,2.1399037837982178,XGBoost,Prediction,Train
2025-05-26,P011,3.016752243041992,XGBoost,Prediction,Train
2025-05-27,P011,4.009139537811279,XGBoost,Prediction,Train
2025-05-28,P011,1.861015796661377,XGBoost,Prediction,Train
2025-05-29,P011,0.748576283454895,XGBoost,Prediction,Train
2025-05-30,P011,4.648613452911377,XGBoost,Prediction,Train
2025-05-31,P011,0.9917357563972473,XGBoost,Prediction,Train
2025-06-01,P011,1.4070056676864624,XGBoost,Prediction,Train
2025-06-02,P011,1.1598483324050903,XGBoost,Prediction,Train
2025-06-03,P011,1.8945523500442505,XGBoost,Prediction,Train
2025-06-04,P011,3.917371988296509,XGBoost,Prediction,Train
2025-06-05,P011,3.981924295425415,XGBoost,Prediction,Train
2025-06-06,P011,2.530679941177368,XGBoost,Prediction,Train
2025-06-07,P011,3.249793529510498,XGBoost,Prediction,Train
2025-06-08,P011,1.7564703226089478,XGBoost,Prediction,Train
2025-06-09,P011,0.9432595372200012,XGBoost,Prediction,Train
2025-06-10,P011,3.7157375812530518,XGBoost,Prediction,Train
2025-06-11,P011,2.036315441131592,XGBoost,Prediction,Train
2025-06-12,P011,0.9346602559089661,XGBoost,Prediction,Train
2025-06-13,P011,1.8602514266967773,XGBoost,Prediction,Train
2025-06-14,P011,5.007611274719238,XGBoost,Prediction,Train
2025-06-15,P011,0.7490997910499573,XGBoost,Prediction,Train
2025-06-16,P011,2.7060747146606445,XGBoost,Prediction,Train
2025-06-17,P011,3.8140413761138916,XGBoost,Prediction,Train
2025-06-18,P011,1.5973402261734009,XGBoost,Prediction,Train
2025-06-19,P011,2.4033398628234863,XGBoost,Prediction,Train
2025-06-20,P011,1.4465798139572144,XGBoost,Prediction,Train
2025-06-21,P011,0.6787398457527161,XGBoost,Prediction,Train
2025-06-22,P011,0.636033833026886,XGBoost,Prediction,Train
2025-06-23,P011,2.47328519821167,XGBoost,Prediction,Train
2025-06-24,P011,1.183663010597229,XGBoost,Prediction,Train
2025-06-25,P011,1.234718918800354,XGBoost,Prediction,Train
2025-06-26,P011,1.8592952489852905,XGBoost,Prediction,Train
2025-06-27,P011,0.992377758026123,XGBoost,Prediction,Train
2025-06-28,P011,1.2569501399993896,XGBoost,Prediction,Train
2025-06-29,P011,5.130313873291016,XGBoost,Prediction,Train
2025-06-30,P011,3.7779653072357178,XGBoost,Prediction,Train
2025-07-01,P011,1.4368789196014404,XGBoost,Prediction,Train
2025-07-02,P011,1.0486598014831543,XGBoost,Prediction,Train
2025-07-03,P011,0.9221287369728088,XGBoost,Prediction,Train
2025-07-04,P011,2.7033536434173584,XGBoost,Prediction,Train
2025-07-05,P011,4.026949405670166,XGBoost,Prediction,Train
2025-07-06,P011,1.0398684740066528,XGBoost,Prediction,Train
2025-07-07,P011,3.5189921855926514,XGBoost,Prediction,Train
2025-07-08,P011,0.5995631217956543,XGBoost,Prediction,Train
2025-07-09,P011,0.9438514113426208,XGBoost,Prediction,Train
2025-07-10,P011,2.6628170013427734,XGBoost,Prediction,Train
2025-07-11,P011,1.1080594062805176,XGBoost,Prediction,Train
2025-07-12,P011,2.482133388519287,XGBoost,Prediction,Train
2025-07-13,P011,1.7211567163467407,XGBoost,Prediction,Train
2025-07-14,P011,0.8021659255027771,XGBoost,Prediction,Train
2025-07-15,P011,2.699768304824829,XGBoost,Prediction,Train
2025-07-16,P011,1.8411951065063477,XGBoost,Prediction,Train
2025-07-17,P011,4.469931602478027,XGBoost,Prediction,Train
2025-07-18,P011,2.6692402362823486,XGBoost,Prediction,Train
2025-07-19,P011,4.785446643829346,XGBoost,Prediction,Train
2025-07-20,P011,1.0035433769226074,XGBoost,Prediction,Train
2025-07-21,P011,3.421968936920166,XGBoost,Prediction,Train
2025-07-22,P011,1.9005239009857178,XGBoost,Prediction,Train
2025-07-23,P011,0.8578454256057739,XGBoost,Prediction,Train
2025-07-24,P011,0.8218156099319458,XGBoost,Prediction,Train
2025-07-25,P011,1.9184490442276,XGBoost,Prediction,Train
2025-07-26,P011,0.985675573348999,XGBoost,Prediction,Train
2025-07-27,P011,0.7505979537963867,XGBoost,Prediction,Train
2025-07-28,P011,1.1027463674545288,XGBoost,Prediction,Train
2025-07-29,P011,2.0772252082824707,XGBoost,Prediction,Train
2025-07-30,P011,4.122955799102783,XGBoost,Prediction,Train
2025-07-31,P011,0.993080198764801,XGBoost,Prediction,Train
2025-08-01,P011,1.0829689502716064,XGBoost,Prediction,Train
2025-08-02,P011,1.310877799987793,XGBoost,Prediction,Train
2025-08-03,P011,5.047118663787842,XGBoost,Prediction,Train
2025-08-04,P011,3.1432812213897705,XGBoost,Prediction,Train
2025-08-05,P011,2.5642037391662598,XGBoost,Prediction,Train
2025-08-06,P011,0.8169840574264526,XGBoost,Prediction,Train
2025-08-07,P011,3.158968448638916,XGBoost,Prediction,Train
2025-08-08,P011,4.172004699707031,XGBoost,Prediction,Train
2025-08-09,P011,0.9859049916267395,XGBoost,Prediction,Train
2025-08-10,P011,2.046034336090088,XGBoost,Prediction,Train
2025-08-11,P011,2.6628684997558594,XGBoost,Prediction,Train
2025-08-12,P011,4.1991472244262695,XGBoost,Prediction,Train
2025-08-13,P011,0.9092978835105896,XGBoost,Prediction,Train
2025-08-14,P011,2.6360249519348145,XGBoost,Prediction,Train
2025-08-15,P011,0.7397482991218567,XGBoost,Prediction,Train
2025-08-16,P011,2.569719076156616,XGBoost,Prediction,Train
2025-08-17,P011,1.9625014066696167,XGBoost,Prediction,Train
2025-08-18,P011,1.1736440658569336,XGBoost,Prediction,Train
2025-08-19,P011,1.14155912399292,XGBoost,Prediction,Train
2025-08-20,P011,2.6758525371551514,XGBoost,Prediction,Train
2025-08-21,P011,1.3373398780822754,XGBoost,Prediction,Train
2025-08-22,P011,5.856315612792969,XGBoost,Prediction,Train
2025-08-23,P011,1.015714406967163,XGBoost,Prediction,Train
2025-08-24,P011,5.657092094421387,XGBoost,Prediction,Train
2025-08-25,P011,5.411970138549805,XGBoost,Prediction,Train
2025-08-26,P011,2.036684989929199,XGBoost,Prediction,Train
2025-08-27,P011,2.4888782501220703,XGBoost,Prediction,Train
2025-08-28,P011,2.7678263187408447,XGBoost,Prediction,Train
2025-08-29,P011,1.1361098289489746,XGBoost,Prediction,Train
2025-08-30,P011,0.885877788066864,XGBoost,Prediction,Train
2025-08-31,P011,1.9713239669799805,XGBoost,Prediction,Train
2025-09-01,P011,1.2543736696243286,XGBoost,Prediction,Train
2025-09-02,P011,3.208458423614502,XGBoost,Prediction,Train
2025-09-03,P011,1.3946564197540283,XGBoost,Prediction,Train
2025-09-04,P011,1.0093531608581543,XGBoost,Prediction,Train
2025-09-05,P011,1.8405238389968872,XGBoost,Prediction,Train
2025-09-06,P011,0.876459002494812,XGBoost,Prediction,Train
2025-09-07,P011,1.3836592435836792,XGBoost,Prediction,Train
2025-09-08,P011,1.4927576780319214,XGBoost,Prediction,Train
2025-09-09,P011,2.0122745037078857,XGBoost,Prediction,Train
2025-09-10,P011,0.9884516596794128,XGBoost,Prediction,Train
2025-09-11,P011,0.91043621301651,XGBoost,Prediction,Train
2025-09-12,P011,1.2426927089691162,XGBoost,Prediction,Train
2025-09-13,P011,3.6226401329040527,XGBoost,Prediction,Train
2025-09-14,P011,0.9870911836624146,XGBoost,Prediction,Train
2025-01-08,P012,1.2341647148132324,XGBoost,Prediction,Train
2025-01-09,P012,1.8621480464935303,XGBoost,Prediction,Train
2025-01-10,P012,0.7321683764457703,XGBoost,Prediction,Train
2025-01-11,P012,0.8461951017379761,XGBoost,Prediction,Train
2025-01-12,P012,2.097862958908081,XGBoost,Prediction,Train
2025-01-13,P012,3.362868070602417,XGBoost,Prediction,Train
2025-01-14,P012,0.22984246909618378,XGBoost,Prediction,Train
2025-01-15,P012,4.293211460113525,XGBoost,Prediction,Train
2025-01-16,P012,0.2948753833770752,XGBoost,Prediction,Train
2025-01-17,P012,0.7593268752098083,XGBoost,Prediction,Train
2025-01-18,P012,4.3658599853515625,XGBoost,Prediction,Train
2025-01-19,P012,0.5017943382263184,XGBoost,Prediction,Train
2025-01-20,P012,1.2441223859786987,XGBoost,Prediction,Train
2025-01-21,P012,2.587796688079834,XGBoost,Prediction,Train
2025-01-22,P012,2.4740419387817383,XGBoost,Prediction,Train
2025-01-23,P012,2.661137819290161,XGBoost,Prediction,Train
2025-01-24,P012,2.5208992958068848,XGBoost,Prediction,Train
2025-01-25,P012,0.616292417049408,XGBoost,Prediction,Train
2025-01-26,P012,0.5721207857131958,XGBoost,Prediction,Train
2025-01-27,P012,1.8421672582626343,XGBoost,Prediction,Train
2025-01-28,P012,2.366731882095337,XGBoost,Prediction,Train
2025-01-29,P012,3.7384274005889893,XGBoost,Prediction,Train
2025-01-30,P012,2.7549312114715576,XGBoost,Prediction,Train
2025-01-31,P012,0.6526870727539062,XGBoost,Prediction,Train
2025-02-01,P012,4.629719257354736,XGBoost,Prediction,Train
2025-02-02,P012,0.9506874084472656,XGBoost,Prediction,Train
2025-02-03,P012,0.45478710532188416,XGBoost,Prediction,Train
2025-02-04,P012,0.7851992845535278,XGBoost,Prediction,Train
2025-02-05,P012,3.863288164138794,XGBoost,Prediction,Train
2025-02-06,P012,1.8095072507858276,XGBoost,Prediction,Train
2025-02-07,P012,0.5224732756614685,XGBoost,Prediction,Train
2025-02-08,P012,1.222463607788086,XGBoost,Prediction,Train
2025-02-09,P012,2.7624645233154297,XGBoost,Prediction,Train
2025-02-10,P012,0.6518089175224304,XGBoost,Prediction,Train
2025-02-11,P012,0.6894329786300659,XGBoost,Prediction,Train
2025-02-12,P012,0.5920432806015015,XGBoost,Prediction,Train
2025-02-13,P012,1.6405763626098633,XGBoost,Prediction,Train
2025-02-14,P012,1.0469748973846436,XGBoost,Prediction,Train
2025-02-15,P012,1.161149024963379,XGBoost,Prediction,Train
2025-02-16,P012,3.2274227142333984,XGBoost,Prediction,Train
2025-02-17,P012,1.839422345161438,XGBoost,Prediction,Train
2025-02-18,P012,0.48442742228507996,XGBoost,Prediction,Train
2025-02-19,P012,3.3311312198638916,XGBoost,Prediction,Train
2025-02-20,P012,1.3312915563583374,XGBoost,Prediction,Train
2025-02-21,P012,0.8112586736679077,XGBoost,Prediction,Train
2025-02-22,P012,3.1654253005981445,XGBoost,Prediction,Train
2025-02-23,P012,2.975412607192993,XGBoost,Prediction,Train
2025-02-24,P012,3.1022305488586426,XGBoost,Prediction,Train
2025-02-25,P012,1.6419808864593506,XGBoost,Prediction,Train
2025-02-26,P012,2.7997164726257324,XGBoost,Prediction,Train
2025-02-27,P012,1.256133794784546,XGBoost,Prediction,Train
2025-02-28,P012,0.9204992651939392,XGBoost,Prediction,Train
2025-03-01,P012,3.234346866607666,XGBoost,Prediction,Train
2025-03-02,P012,0.6823710203170776,XGBoost,Prediction,Train
2025-03-03,P012,1.557822585105896,XGBoost,Prediction,Train
2025-03-04,P012,0.9679222702980042,XGBoost,Prediction,Train
2025-03-05,P012,2.9688048362731934,XGBoost,Prediction,Train
2025-03-06,P012,3.810783624649048,XGBoost,Prediction,Train
2025-03-07,P012,0.8239046931266785,XGBoost,Prediction,Train
2025-03-08,P012,4.307075023651123,XGBoost,Prediction,Train
2025-03-09,P012,0.5381325483322144,XGBoost,Prediction,Train
2025-03-10,P012,1.1004207134246826,XGBoost,Prediction,Train
2025-03-11,P012,1.0907864570617676,XGBoost,Prediction,Train
2025-03-12,P012,1.2163112163543701,XGBoost,Prediction,Train
2025-03-13,P012,0.9984728097915649,XGBoost,Prediction,Train
2025-03-14,P012,0.692416787147522,XGBoost,Prediction,Train
2025-03-15,P012,4.673262119293213,XGBoost,Prediction,Train
2025-03-16,P012,0.6291155219078064,XGBoost,Prediction,Train
2025-03-17,P012,1.1320298910140991,XGBoost,Prediction,Train
2025-03-18,P012,0.8043991327285767,XGBoost,Prediction,Train
2025-03-19,P012,0.887369692325592,XGBoost,Prediction,Train
2025-03-20,P012,2.542929172515869,XGBoost,Prediction,Train
2025-03-21,P012,2.038740396499634,XGBoost,Prediction,Train
2025-03-22,P012,0.9895651936531067,XGBoost,Prediction,Train
2025-03-23,P012,0.6433217525482178,XGBoost,Prediction,Train
2025-03-24,P012,4.24398136138916,XGBoost,Prediction,Train
2025-03-25,P012,2.4248108863830566,XGBoost,Prediction,Train
2025-03-26,P012,2.5354161262512207,XGBoost,Prediction,Train
2025-03-27,P012,5.729792594909668,XGBoost,Prediction,Train
2025-03-28,P012,1.6307041645050049,XGBoost,Prediction,Train
2025-03-29,P012,0.5947458148002625,XGBoost,Prediction,Train
2025-03-30,P012,2.7124245166778564,XGBoost,Prediction,Train
2025-03-31,P012,0.7489309310913086,XGBoost,Prediction,Train
2025-04-01,P012,1.8565279245376587,XGBoost,Prediction,Train
2025-04-02,P012,2.554600477218628,XGBoost,Prediction,Train
2025-04-03,P012,2.5555522441864014,XGBoost,Prediction,Train
2025-04-04,P012,0.6170910000801086,XGBoost,Prediction,Train
2025-04-05,P012,1.9299663305282593,XGBoost,Prediction,Train
2025-04-06,P012,0.772724449634552,XGBoost,Prediction,Train
2025-04-07,P012,0.46975597739219666,XGBoost,Prediction,Train
2025-04-08,P012,2.80928897857666,XGBoost,Prediction,Train
2025-04-09,P012,2.9228694438934326,XGBoost,Prediction,Train
2025-04-10,P012,1.0129945278167725,XGBoost,Prediction,Train
2025-04-11,P012,1.918819546699524,XGBoost,Prediction,Train
2025-04-12,P012,1.7482712268829346,XGBoost,Prediction,Train
2025-04-13,P012,2.6955318450927734,XGBoost,Prediction,Train
2025-04-14,P012,0.49027854204177856,XGBoost,Prediction,Train
2025-04-15,P012,2.4130570888519287,XGBoost,Prediction,Train
2025-04-16,P012,0.6716223955154419,XGBoost,Prediction,Train
2025-04-17,P012,0.7555732727050781,XGBoost,Prediction,Train
2025-04-18,P012,4.448343276977539,XGBoost,Prediction,Train
2025-04-19,P012,0.7378592491149902,XGBoost,Prediction,Train
2025-04-20,P012,1.0424059629440308,XGBoost,Prediction,Train
2025-04-21,P012,1.8045451641082764,XGBoost,Prediction,Train
2025-04-22,P012,0.822641909122467,XGBoost,Prediction,Train
2025-04-23,P012,2.7211151123046875,XGBoost,Prediction,Train
2025-04-24,P012,0.6043956875801086,XGBoost,Prediction,Train
2025-04-25,P012,3.4133448600769043,XGBoost,Prediction,Train
2025-04-26,P012,3.8274154663085938,XGBoost,Prediction,Train
2025-04-27,P012,2.611968994140625,XGBoost,Prediction,Train
2025-04-28,P012,1.311805248260498,XGBoost,Prediction,Train
2025-04-29,P012,1.0628104209899902,XGBoost,Prediction,Train
2025-04-30,P012,2.465146541595459,XGBoost,Prediction,Train
2025-05-01,P012,2.3310980796813965,XGBoost,Prediction,Train
2025-05-02,P012,0.6024218797683716,XGBoost,Prediction,Train
2025-05-03,P012,0.6954437494277954,XGBoost,Prediction,Train
2025-05-04,P012,1.928135871887207,XGBoost,Prediction,Train
2025-05-05,P012,1.1232035160064697,XGBoost,Prediction,Train
2025-05-06,P012,1.8000086545944214,XGBoost,Prediction,Train
2025-05-07,P012,0.8604560494422913,XGBoost,Prediction,Train
2025-05-08,P012,2.745039701461792,XGBoost,Prediction,Train
2025-05-09,P012,3.7292098999023438,XGBoost,Prediction,Train
2025-05-10,P012,0.6920035481452942,XGBoost,Prediction,Train
2025-05-11,P012,3.403046131134033,XGBoost,Prediction,Train
2025-05-12,P012,0.6805847883224487,XGBoost,Prediction,Train
2025-05-13,P012,1.8913633823394775,XGBoost,Prediction,Train
2025-05-14,P012,0.5397851467132568,XGBoost,Prediction,Train
2025-05-15,P012,1.7166099548339844,XGBoost,Prediction,Train
2025-05-16,P012,0.9964004755020142,XGBoost,Prediction,Train
2025-05-17,P012,2.8434951305389404,XGBoost,Prediction,Train
2025-05-18,P012,0.4121970534324646,XGBoost,Prediction,Train
2025-05-19,P012,3.6634597778320312,XGBoost,Prediction,Train
2025-05-20,P012,3.5002496242523193,XGBoost,Prediction,Train
2025-05-21,P012,0.590521514415741,XGBoost,Prediction,Train
2025-05-22,P012,3.419145107269287,XGBoost,Prediction,Train
2025-05-23,P012,0.6760838031768799,XGBoost,Prediction,Train
2025-05-24,P012,0.9283397793769836,XGBoost,Prediction,Train
2025-05-25,P012,2.44587779045105,XGBoost,Prediction,Train
2025-05-26,P012,1.53909432888031,XGBoost,Prediction,Train
2025-05-27,P012,4.490891933441162,XGBoost,Prediction,Train
2025-05-28,P012,0.8887991309165955,XGBoost,Prediction,Train
2025-05-29,P012,0.47293731570243835,XGBoost,Prediction,Train
2025-05-30,P012,0.8783962726593018,XGBoost,Prediction,Train
2025-05-31,P012,0.5183218717575073,XGBoost,Prediction,Train
2025-06-01,P012,0.6266383528709412,XGBoost,Prediction,Train
2025-06-02,P012,1.9530377388000488,XGBoost,Prediction,Train
2025-06-03,P012,3.5520970821380615,XGBoost,Prediction,Train
2025-06-04,P012,1.9859105348587036,XGBoost,Prediction,Train
2025-06-05,P012,0.577207088470459,XGBoost,Prediction,Train
2025-06-06,P012,2.6588451862335205,XGBoost,Prediction,Train
2025-06-07,P012,0.7380347847938538,XGBoost,Prediction,Train
2025-06-08,P012,2.3295836448669434,XGBoost,Prediction,Train
2025-06-09,P012,0.6170754432678223,XGBoost,Prediction,Train
2025-06-10,P012,0.6197320818901062,XGBoost,Prediction,Train
2025-06-11,P012,1.6925407648086548,XGBoost,Prediction,Train
2025-06-12,P012,2.6682984828948975,XGBoost,Prediction,Train
2025-06-13,P012,2.597012996673584,XGBoost,Prediction,Train
2025-06-14,P012,0.7007749676704407,XGBoost,Prediction,Train
2025-06-15,P012,4.5055952072143555,XGBoost,Prediction,Train
2025-06-16,P012,4.272772312164307,XGBoost,Prediction,Train
2025-06-17,P012,0.9892429709434509,XGBoost,Prediction,Train
2025-06-18,P012,2.640047788619995,XGBoost,Prediction,Train
2025-06-19,P012,2.5939810276031494,XGBoost,Prediction,Train
2025-06-20,P012,2.354381561279297,XGBoost,Prediction,Train
2025-06-21,P012,1.769244909286499,XGBoost,Prediction,Train
2025-06-22,P012,0.8774842619895935,XGBoost,Prediction,Train
2025-06-23,P012,0.5595874786376953,XGBoost,Prediction,Train
2025-06-24,P012,2.997972249984741,XGBoost,Prediction,Train
2025-06-25,P012,4.532425880432129,XGBoost,Prediction,Train
2025-06-26,P012,0.9189198613166809,XGBoost,Prediction,Train
2025-06-27,P012,4.209427833557129,XGBoost,Prediction,Train
2025-06-28,P012,0.686426043510437,XGBoost,Prediction,Train
2025-06-29,P012,0.6883569955825806,XGBoost,Prediction,Train
2025-06-30,P012,1.2203580141067505,XGBoost,Prediction,Train
2025-07-01,P012,0.6636940836906433,XGBoost,Prediction,Train
2025-07-02,P012,1.1918964385986328,XGBoost,Prediction,Train
2025-07-03,P012,2.5878350734710693,XGBoost,Prediction,Train
2025-07-04,P012,0.5333808660507202,XGBoost,Prediction,Train
2025-07-05,P012,3.986598491668701,XGBoost,Prediction,Train
2025-07-06,P012,1.1616333723068237,XGBoost,Prediction,Train
2025-07-07,P012,0.46032199263572693,XGBoost,Prediction,Train
2025-07-08,P012,2.6351563930511475,XGBoost,Prediction,Train
2025-07-09,P012,5.38818359375,XGBoost,Prediction,Train
2025-07-10,P012,1.0577242374420166,XGBoost,Prediction,Train
2025-07-11,P012,2.6822402477264404,XGBoost,Prediction,Train
2025-07-12,P012,0.5419452786445618,XGBoost,Prediction,Train
2025-07-13,P012,2.7104554176330566,XGBoost,Prediction,Train
2025-07-14,P012,1.8252243995666504,XGBoost,Prediction,Train
2025-07-15,P012,0.7311012148857117,XGBoost,Prediction,Train
2025-07-16,P012,0.5989111661911011,XGBoost,Prediction,Train
2025-07-17,P012,0.909598171710968,XGBoost,Prediction,Train
2025-07-18,P012,0.9682782888412476,XGBoost,Prediction,Train
2025-07-19,P012,2.577068567276001,XGBoost,Prediction,Train
2025-07-20,P012,0.9857779145240784,XGBoost,Prediction,Train
2025-07-21,P012,2.482668876647949,XGBoost,Prediction,Train
2025-07-22,P012,0.8859833478927612,XGBoost,Prediction,Train
2025-07-23,P012,0.5508122444152832,XGBoost,Prediction,Train
2025-07-24,P012,2.7378487586975098,XGBoost,Prediction,Train
2025-07-25,P012,1.846697211265564,XGBoost,Prediction,Train
2025-07-26,P012,0.7262386083602905,XGBoost,Prediction,Train
2025-07-27,P012,0.8906772136688232,XGBoost,Prediction,Train
2025-07-28,P012,3.441594123840332,XGBoost,Prediction,Train
2025-07-29,P012,3.3546175956726074,XGBoost,Prediction,Train
2025-07-30,P012,1.9329496622085571,XGBoost,Prediction,Train
2025-07-31,P012,0.7645909786224365,XGBoost,Prediction,Train
2025-08-01,P012,3.2373526096343994,XGBoost,Prediction,Train
2025-08-02,P012,0.5826779007911682,XGBoost,Prediction,Train
2025-08-03,P012,0.47182410955429077,XGBoost,Prediction,Train
2025-08-04,P012,1.2446577548980713,XGBoost,Prediction,Train
2025-08-05,P012,0.8388168811798096,XGBoost,Prediction,Train
2025-08-06,P012,3.960486888885498,XGBoost,Prediction,Train
2025-08-07,P012,0.3937739133834839,XGBoost,Prediction,Train
2025-08-08,P012,3.515209674835205,XGBoost,Prediction,Train
2025-08-09,P012,3.241743564605713,XGBoost,Prediction,Train
2025-08-10,P012,0.7946580052375793,XGBoost,Prediction,Train
2025-08-11,P012,4.712864398956299,XGBoost,Prediction,Train
2025-08-12,P012,0.4752022624015808,XGBoost,Prediction,Train
2025-08-13,P012,0.977942168712616,XGBoost,Prediction,Train
2025-08-14,P012,0.7047504186630249,XGBoost,Prediction,Train
2025-08-15,P012,0.7346227765083313,XGBoost,Prediction,Train
2025-08-16,P012,3.000392198562622,XGBoost,Prediction,Train
2025-08-17,P012,2.69441556930542,XGBoost,Prediction,Train
2025-08-18,P012,0.7355419397354126,XGBoost,Prediction,Train
2025-08-19,P012,2.773711681365967,XGBoost,Prediction,Train
2025-08-20,P012,0.9036223292350769,XGBoost,Prediction,Train
2025-08-21,P012,1.967549443244934,XGBoost,Prediction,Train
2025-08-22,P012,2.6429412364959717,XGBoost,Prediction,Train
2025-08-23,P012,0.7192538976669312,XGBoost,Prediction,Train
2025-08-24,P012,2.748993396759033,XGBoost,Prediction,Train
2025-08-25,P012,1.620910406112671,XGBoost,Prediction,Train
2025-08-26,P012,5.141796112060547,XGBoost,Prediction,Train
2025-08-27,P012,0.8674641847610474,XGBoost,Prediction,Train
2025-08-28,P012,0.45509231090545654,XGBoost,Prediction,Train
2025-08-29,P012,0.5590034127235413,XGBoost,Prediction,Train
2025-08-30,P012,0.7096515893936157,XGBoost,Prediction,Train
2025-08-31,P012,4.717525959014893,XGBoost,Prediction,Train
2025-09-01,P012,0.6294661164283752,XGBoost,Prediction,Train
2025-09-02,P012,4.524363040924072,XGBoost,Prediction,Train
2025-09-03,P012,2.5381686687469482,XGBoost,Prediction,Train
2025-09-04,P012,0.6181423664093018,XGBoost,Prediction,Train
2025-09-05,P012,2.724628210067749,XGBoost,Prediction,Train
2025-09-06,P012,0.7061364054679871,XGBoost,Prediction,Train
2025-09-07,P012,3.618594169616699,XGBoost,Prediction,Train
2025-09-08,P012,0.6246365308761597,XGBoost,Prediction,Train
2025-09-09,P012,0.7423540353775024,XGBoost,Prediction,Train
2025-09-10,P012,1.7070168256759644,XGBoost,Prediction,Train
2025-09-11,P012,0.740669846534729,XGBoost,Prediction,Train
2025-09-12,P012,0.7612065672874451,XGBoost,Prediction,Train
2025-09-13,P012,3.8013291358947754,XGBoost,Prediction,Train
2025-09-14,P012,2.5670182704925537,XGBoost,Prediction,Train
2025-01-08,P013,1.8973575830459595,XGBoost,Prediction,Train
2025-01-09,P013,4.4070563316345215,XGBoost,Prediction,Train
2025-01-10,P013,1.0248030424118042,XGBoost,Prediction,Train
2025-01-11,P013,2.6203396320343018,XGBoost,Prediction,Train
2025-01-12,P013,1.2208874225616455,XGBoost,Prediction,Train
2025-01-13,P013,1.8109642267227173,XGBoost,Prediction,Train
2025-01-14,P013,1.1615444421768188,XGBoost,Prediction,Train
2025-01-15,P013,2.5544028282165527,XGBoost,Prediction,Train
2025-01-16,P013,0.6764894127845764,XGBoost,Prediction,Train
2025-01-17,P013,0.598646342754364,XGBoost,Prediction,Train
2025-01-18,P013,0.7686077952384949,XGBoost,Prediction,Train
2025-01-19,P013,0.8706543445587158,XGBoost,Prediction,Train
2025-01-20,P013,0.6463555693626404,XGBoost,Prediction,Train
2025-01-21,P013,2.4961307048797607,XGBoost,Prediction,Train
2025-01-22,P013,2.617013454437256,XGBoost,Prediction,Train
2025-01-23,P013,1.3928982019424438,XGBoost,Prediction,Train
2025-01-24,P013,0.696717381477356,XGBoost,Prediction,Train
2025-01-25,P013,1.0056684017181396,XGBoost,Prediction,Train
2025-01-26,P013,1.1713343858718872,XGBoost,Prediction,Train
2025-01-27,P013,0.6871427297592163,XGBoost,Prediction,Train
2025-01-28,P013,0.9369337558746338,XGBoost,Prediction,Train
2025-01-29,P013,3.5265963077545166,XGBoost,Prediction,Train
2025-01-30,P013,3.6306228637695312,XGBoost,Prediction,Train
2025-01-31,P013,0.8038296103477478,XGBoost,Prediction,Train
2025-02-01,P013,0.7157153487205505,XGBoost,Prediction,Train
2025-02-02,P013,2.8311986923217773,XGBoost,Prediction,Train
2025-02-03,P013,3.9184927940368652,XGBoost,Prediction,Train
2025-02-04,P013,0.41200169920921326,XGBoost,Prediction,Train
2025-02-05,P013,0.761538028717041,XGBoost,Prediction,Train
2025-02-06,P013,3.9139952659606934,XGBoost,Prediction,Train
2025-02-07,P013,4.245041847229004,XGBoost,Prediction,Train
2025-02-08,P013,1.7984117269515991,XGBoost,Prediction,Train
2025-02-09,P013,1.9117441177368164,XGBoost,Prediction,Train
2025-02-10,P013,0.9001113176345825,XGBoost,Prediction,Train
2025-02-11,P013,1.1033259630203247,XGBoost,Prediction,Train
2025-02-12,P013,2.88905668258667,XGBoost,Prediction,Train
2025-02-13,P013,3.08585786819458,XGBoost,Prediction,Train
2025-02-14,P013,1.8598012924194336,XGBoost,Prediction,Train
2025-02-15,P013,0.8391783237457275,XGBoost,Prediction,Train
2025-02-16,P013,0.7208746671676636,XGBoost,Prediction,Train
2025-02-17,P013,2.6468234062194824,XGBoost,Prediction,Train
2025-02-18,P013,0.4352343678474426,XGBoost,Prediction,Train
2025-02-19,P013,1.279344916343689,XGBoost,Prediction,Train
2025-02-20,P013,3.7347071170806885,XGBoost,Prediction,Train
2025-02-21,P013,1.2962861061096191,XGBoost,Prediction,Train
2025-02-22,P013,1.9715023040771484,XGBoost,Prediction,Train
2025-02-23,P013,1.9712121486663818,XGBoost,Prediction,Train
2025-02-24,P013,2.1398515701293945,XGBoost,Prediction,Train
2025-02-25,P013,1.936853289604187,XGBoost,Prediction,Train
2025-02-26,P013,1.2881828546524048,XGBoost,Prediction,Train
2025-02-27,P013,1.1554898023605347,XGBoost,Prediction,Train
2025-02-28,P013,0.8773616552352905,XGBoost,Prediction,Train
2025-03-01,P013,2.6688642501831055,XGBoost,Prediction,Train
2025-03-02,P013,0.8416861295700073,XGBoost,Prediction,Train
2025-03-03,P013,2.628434419631958,XGBoost,Prediction,Train
2025-03-04,P013,3.6911606788635254,XGBoost,Prediction,Train
2025-03-05,P013,2.399947166442871,XGBoost,Prediction,Train
2025-03-06,P013,3.301527500152588,XGBoost,Prediction,Train
2025-03-07,P013,0.7386376261711121,XGBoost,Prediction,Train
2025-03-08,P013,2.6640515327453613,XGBoost,Prediction,Train
2025-03-09,P013,2.813714027404785,XGBoost,Prediction,Train
2025-03-10,P013,1.940077781677246,XGBoost,Prediction,Train
2025-03-11,P013,2.7597031593322754,XGBoost,Prediction,Train
2025-03-12,P013,3.6325550079345703,XGBoost,Prediction,Train
2025-03-13,P013,0.8787341117858887,XGBoost,Prediction,Train
2025-03-14,P013,3.7490932941436768,XGBoost,Prediction,Train
2025-03-15,P013,4.451696872711182,XGBoost,Prediction,Train
2025-03-16,P013,1.1422632932662964,XGBoost,Prediction,Train
2025-03-17,P013,1.0695000886917114,XGBoost,Prediction,Train
2025-03-18,P013,1.241331934928894,XGBoost,Prediction,Train
2025-03-19,P013,1.0695666074752808,XGBoost,Prediction,Train
2025-03-20,P013,0.7682574391365051,XGBoost,Prediction,Train
2025-03-21,P013,4.517627716064453,XGBoost,Prediction,Train
2025-03-22,P013,1.0077255964279175,XGBoost,Prediction,Train
2025-03-23,P013,0.3826082944869995,XGBoost,Prediction,Train
2025-03-24,P013,3.3573014736175537,XGBoost,Prediction,Train
2025-03-25,P013,0.5953217148780823,XGBoost,Prediction,Train
2025-03-26,P013,2.736196994781494,XGBoost,Prediction,Train
2025-03-27,P013,2.863210439682007,XGBoost,Prediction,Train
2025-03-28,P013,3.9217212200164795,XGBoost,Prediction,Train
2025-03-29,P013,0.6130593419075012,XGBoost,Prediction,Train
2025-03-30,P013,2.7386109828948975,XGBoost,Prediction,Train
2025-03-31,P013,0.9328573942184448,XGBoost,Prediction,Train
2025-04-01,P013,0.7916341423988342,XGBoost,Prediction,Train
2025-04-02,P013,2.88150954246521,XGBoost,Prediction,Train
2025-04-03,P013,3.281641960144043,XGBoost,Prediction,Train
2025-04-04,P013,3.5986804962158203,XGBoost,Prediction,Train
2025-04-05,P013,1.3400014638900757,XGBoost,Prediction,Train
2025-04-06,P013,1.2810790538787842,XGBoost,Prediction,Train
2025-04-07,P013,2.429769515991211,XGBoost,Prediction,Train
2025-04-08,P013,0.6401154398918152,XGBoost,Prediction,Train
2025-04-09,P013,2.576939821243286,XGBoost,Prediction,Train
2025-04-10,P013,3.1135098934173584,XGBoost,Prediction,Train
2025-04-11,P013,0.7087438702583313,XGBoost,Prediction,Train
2025-04-12,P013,2.01403546333313,XGBoost,Prediction,Train
2025-04-13,P013,1.4082611799240112,XGBoost,Prediction,Train
2025-04-14,P013,0.8722180128097534,XGBoost,Prediction,Train
2025-04-15,P013,3.182466745376587,XGBoost,Prediction,Train
2025-04-16,P013,1.5815269947052002,XGBoost,Prediction,Train
2025-04-17,P013,2.5094759464263916,XGBoost,Prediction,Train
2025-04-18,P013,0.484731525182724,XGBoost,Prediction,Train
2025-04-19,P013,0.9586891531944275,XGBoost,Prediction,Train
2025-04-20,P013,1.9062291383743286,XGBoost,Prediction,Train
2025-04-21,P013,1.3704780340194702,XGBoost,Prediction,Train
2025-04-22,P013,0.8169596195220947,XGBoost,Prediction,Train
2025-04-23,P013,2.425107955932617,XGBoost,Prediction,Train
2025-04-24,P013,1.9458696842193604,XGBoost,Prediction,Train
2025-04-25,P013,0.5432922840118408,XGBoost,Prediction,Train
2025-04-26,P013,1.220436930656433,XGBoost,Prediction,Train
2025-04-27,P013,2.038395643234253,XGBoost,Prediction,Train
2025-04-28,P013,2.758647918701172,XGBoost,Prediction,Train
2025-04-29,P013,3.2862954139709473,XGBoost,Prediction,Train
2025-04-30,P013,0.7716754674911499,XGBoost,Prediction,Train
2025-05-01,P013,0.8184028267860413,XGBoost,Prediction,Train
2025-05-02,P013,2.728637456893921,XGBoost,Prediction,Train
2025-05-03,P013,1.8387755155563354,XGBoost,Prediction,Train
2025-05-04,P013,1.1345584392547607,XGBoost,Prediction,Train
2025-05-05,P013,3.263153076171875,XGBoost,Prediction,Train
2025-05-06,P013,0.8067161440849304,XGBoost,Prediction,Train
2025-05-07,P013,1.0209839344024658,XGBoost,Prediction,Train
2025-05-08,P013,0.6623935699462891,XGBoost,Prediction,Train
2025-05-09,P013,3.4684154987335205,XGBoost,Prediction,Train
2025-05-10,P013,2.679215669631958,XGBoost,Prediction,Train
2025-05-11,P013,0.7324816584587097,XGBoost,Prediction,Train
2025-05-12,P013,1.823978304862976,XGBoost,Prediction,Train
2025-05-13,P013,3.4599404335021973,XGBoost,Prediction,Train
2025-05-14,P013,0.7837813496589661,XGBoost,Prediction,Train
2025-05-15,P013,1.2412891387939453,XGBoost,Prediction,Train
2025-05-16,P013,1.89289128780365,XGBoost,Prediction,Train
2025-05-17,P013,2.830299139022827,XGBoost,Prediction,Train
2025-05-18,P013,0.9840341210365295,XGBoost,Prediction,Train
2025-05-19,P013,0.486757755279541,XGBoost,Prediction,Train
2025-05-20,P013,2.8941619396209717,XGBoost,Prediction,Train
2025-05-21,P013,2.92128849029541,XGBoost,Prediction,Train
2025-05-22,P013,3.931692361831665,XGBoost,Prediction,Train
2025-05-23,P013,0.6992993950843811,XGBoost,Prediction,Train
2025-05-24,P013,3.4949495792388916,XGBoost,Prediction,Train
2025-05-25,P013,1.9429986476898193,XGBoost,Prediction,Train
2025-05-26,P013,2.082746744155884,XGBoost,Prediction,Train
2025-05-27,P013,2.5813441276550293,XGBoost,Prediction,Train
2025-05-28,P013,0.7568225264549255,XGBoost,Prediction,Train
2025-05-29,P013,1.7502968311309814,XGBoost,Prediction,Train
2025-05-30,P013,0.6629573106765747,XGBoost,Prediction,Train
2025-05-31,P013,1.8066792488098145,XGBoost,Prediction,Train
2025-06-01,P013,0.6158758997917175,XGBoost,Prediction,Train
2025-06-02,P013,0.8653888702392578,XGBoost,Prediction,Train
2025-06-03,P013,4.274831295013428,XGBoost,Prediction,Train
2025-06-04,P013,3.487135410308838,XGBoost,Prediction,Train
2025-06-05,P013,3.9030354022979736,XGBoost,Prediction,Train
2025-06-06,P013,5.012872219085693,XGBoost,Prediction,Train
2025-06-07,P013,0.7182114124298096,XGBoost,Prediction,Train
2025-06-08,P013,1.2045916318893433,XGBoost,Prediction,Train
2025-06-09,P013,2.6034233570098877,XGBoost,Prediction,Train
2025-06-10,P013,2.1808173656463623,XGBoost,Prediction,Train
2025-06-11,P013,3.8135297298431396,XGBoost,Prediction,Train
2025-06-12,P013,0.9685006141662598,XGBoost,Prediction,Train
2025-06-13,P013,0.6878741383552551,XGBoost,Prediction,Train
2025-06-14,P013,2.5316574573516846,XGBoost,Prediction,Train
2025-06-15,P013,1.453724980354309,XGBoost,Prediction,Train
2025-06-16,P013,4.056686878204346,XGBoost,Prediction,Train
2025-06-17,P013,3.225407361984253,XGBoost,Prediction,Train
2025-06-18,P013,2.662236213684082,XGBoost,Prediction,Train
2025-06-19,P013,2.6087958812713623,XGBoost,Prediction,Train
2025-06-20,P013,1.1752655506134033,XGBoost,Prediction,Train
2025-06-21,P013,1.8926379680633545,XGBoost,Prediction,Train
2025-06-22,P013,4.358078956604004,XGBoost,Prediction,Train
2025-06-23,P013,2.6928534507751465,XGBoost,Prediction,Train
2025-06-24,P013,4.06789493560791,XGBoost,Prediction,Train
2025-06-25,P013,4.418443202972412,XGBoost,Prediction,Train
2025-06-26,P013,1.5644983053207397,XGBoost,Prediction,Train
2025-06-27,P013,4.211260795593262,XGBoost,Prediction,Train
2025-06-28,P013,0.8341732621192932,XGBoost,Prediction,Train
2025-06-29,P013,4.024309158325195,XGBoost,Prediction,Train
2025-06-30,P013,2.1014513969421387,XGBoost,Prediction,Train
2025-07-01,P013,2.7783899307250977,XGBoost,Prediction,Train
2025-07-02,P013,2.7553551197052,XGBoost,Prediction,Train
2025-07-03,P013,0.8313415050506592,XGBoost,Prediction,Train
2025-07-04,P013,3.7957229614257812,XGBoost,Prediction,Train
2025-07-05,P013,0.701133668422699,XGBoost,Prediction,Train
2025-07-06,P013,0.7616865038871765,XGBoost,Prediction,Train
2025-07-07,P013,3.2619688510894775,XGBoost,Prediction,Train
2025-07-08,P013,0.8182175159454346,XGBoost,Prediction,Train
2025-07-09,P013,2.2464396953582764,XGBoost,Prediction,Train
2025-07-10,P013,2.6726999282836914,XGBoost,Prediction,Train
2025-07-11,P013,2.882547616958618,XGBoost,Prediction,Train
2025-07-12,P013,3.4206879138946533,XGBoost,Prediction,Train
2025-07-13,P013,2.0805368423461914,XGBoost,Prediction,Train
2025-07-14,P013,0.7134662866592407,XGBoost,Prediction,Train
2025-07-15,P013,1.3563971519470215,XGBoost,Prediction,Train
2025-07-16,P013,1.9750876426696777,XGBoost,Prediction,Train
2025-07-17,P013,3.833348512649536,XGBoost,Prediction,Train
2025-07-18,P013,0.5952693819999695,XGBoost,Prediction,Train
2025-07-19,P013,0.8916283249855042,XGBoost,Prediction,Train
2025-07-20,P013,2.5452346801757812,XGBoost,Prediction,Train
2025-07-21,P013,0.6440166234970093,XGBoost,Prediction,Train
2025-07-22,P013,2.4723503589630127,XGBoost,Prediction,Train
2025-07-23,P013,2.4306700229644775,XGBoost,Prediction,Train
2025-07-24,P013,1.4139894247055054,XGBoost,Prediction,Train
2025-07-25,P013,2.3818907737731934,XGBoost,Prediction,Train
2025-07-26,P013,0.4557497203350067,XGBoost,Prediction,Train
2025-07-27,P013,0.539501428604126,XGBoost,Prediction,Train
2025-07-28,P013,1.1112850904464722,XGBoost,Prediction,Train
2025-07-29,P013,4.60556173324585,XGBoost,Prediction,Train
2025-07-30,P013,2.727503776550293,XGBoost,Prediction,Train
2025-07-31,P013,0.7647443413734436,XGBoost,Prediction,Train
2025-08-01,P013,0.56248539686203,XGBoost,Prediction,Train
2025-08-02,P013,3.8311688899993896,XGBoost,Prediction,Train
2025-08-03,P013,0.8265871405601501,XGBoost,Prediction,Train
2025-08-04,P013,1.3774030208587646,XGBoost,Prediction,Train
2025-08-05,P013,0.8576837182044983,XGBoost,Prediction,Train
2025-08-06,P013,0.6795638799667358,XGBoost,Prediction,Train
2025-08-07,P013,2.7239725589752197,XGBoost,Prediction,Train
2025-08-08,P013,0.5119954943656921,XGBoost,Prediction,Train
2025-08-09,P013,2.6788554191589355,XGBoost,Prediction,Train
2025-08-10,P013,0.6111800670623779,XGBoost,Prediction,Train
2025-08-11,P013,0.920512855052948,XGBoost,Prediction,Train
2025-08-12,P013,0.9581975340843201,XGBoost,Prediction,Train
2025-08-13,P013,2.6546568870544434,XGBoost,Prediction,Train
2025-08-14,P013,0.9393624663352966,XGBoost,Prediction,Train
2025-08-15,P013,0.3828693926334381,XGBoost,Prediction,Train
2025-08-16,P013,1.0356186628341675,XGBoost,Prediction,Train
2025-08-17,P013,0.8761876821517944,XGBoost,Prediction,Train
2025-08-18,P013,1.0202903747558594,XGBoost,Prediction,Train
2025-08-19,P013,1.9236433506011963,XGBoost,Prediction,Train
2025-08-20,P013,3.0379438400268555,XGBoost,Prediction,Train
2025-08-21,P013,0.9480225443840027,XGBoost,Prediction,Train
2025-08-22,P013,2.0177900791168213,XGBoost,Prediction,Train
2025-08-23,P013,3.8691883087158203,XGBoost,Prediction,Train
2025-08-24,P013,4.926458358764648,XGBoost,Prediction,Train
2025-08-25,P013,1.8467121124267578,XGBoost,Prediction,Train
2025-08-26,P013,0.8918090462684631,XGBoost,Prediction,Train
2025-08-27,P013,3.8042080402374268,XGBoost,Prediction,Train
2025-08-28,P013,3.413299083709717,XGBoost,Prediction,Train
2025-08-29,P013,0.7863929867744446,XGBoost,Prediction,Train
2025-08-30,P013,1.8888036012649536,XGBoost,Prediction,Train
2025-08-31,P013,1.7759861946105957,XGBoost,Prediction,Train
2025-09-01,P013,1.3792375326156616,XGBoost,Prediction,Train
2025-09-02,P013,0.9804878234863281,XGBoost,Prediction,Train
2025-09-03,P013,3.202340602874756,XGBoost,Prediction,Train
2025-09-04,P013,0.9747173190116882,XGBoost,Prediction,Train
2025-09-05,P013,2.601938486099243,XGBoost,Prediction,Train
2025-09-06,P013,0.8880207538604736,XGBoost,Prediction,Train
2025-09-07,P013,0.7134453654289246,XGBoost,Prediction,Train
2025-09-08,P013,1.9355064630508423,XGBoost,Prediction,Train
2025-09-09,P013,0.7215243577957153,XGBoost,Prediction,Train
2025-09-10,P013,1.4033671617507935,XGBoost,Prediction,Train
2025-09-11,P013,2.695152759552002,XGBoost,Prediction,Train
2025-09-12,P013,0.46152734756469727,XGBoost,Prediction,Train
2025-09-13,P013,3.817314863204956,XGBoost,Prediction,Train
2025-09-14,P013,1.8192449808120728,XGBoost,Prediction,Train
2025-01-08,P014,2.056666612625122,XGBoost,Prediction,Train
2025-01-09,P014,1.1639459133148193,XGBoost,Prediction,Train
2025-01-10,P014,0.8633307218551636,XGBoost,Prediction,Train
2025-01-11,P014,1.7248752117156982,XGBoost,Prediction,Train
2025-01-12,P014,4.281004905700684,XGBoost,Prediction,Train
2025-01-13,P014,1.2948259115219116,XGBoost,Prediction,Train
2025-01-14,P014,0.79442298412323,XGBoost,Prediction,Train
2025-01-15,P014,1.8306370973587036,XGBoost,Prediction,Train
2025-01-16,P014,3.537675142288208,XGBoost,Prediction,Train
2025-01-17,P014,0.8287941813468933,XGBoost,Prediction,Train
2025-01-18,P014,3.2171337604522705,XGBoost,Prediction,Train
2025-01-19,P014,2.1702895164489746,XGBoost,Prediction,Train
2025-01-20,P014,1.927740216255188,XGBoost,Prediction,Train
2025-01-21,P014,4.650866985321045,XGBoost,Prediction,Train
2025-01-22,P014,1.416495442390442,XGBoost,Prediction,Train
2025-01-23,P014,3.460742235183716,XGBoost,Prediction,Train
2025-01-24,P014,1.4351980686187744,XGBoost,Prediction,Train
2025-01-25,P014,0.6472145915031433,XGBoost,Prediction,Train
2025-01-26,P014,0.7492212057113647,XGBoost,Prediction,Train
2025-01-27,P014,0.7621985077857971,XGBoost,Prediction,Train
2025-01-28,P014,1.2239842414855957,XGBoost,Prediction,Train
2025-01-29,P014,0.9555820226669312,XGBoost,Prediction,Train
2025-01-30,P014,3.315103769302368,XGBoost,Prediction,Train
2025-01-31,P014,4.07158899307251,XGBoost,Prediction,Train
2025-02-01,P014,3.3025970458984375,XGBoost,Prediction,Train
2025-02-02,P014,4.028746604919434,XGBoost,Prediction,Train
2025-02-03,P014,2.057511568069458,XGBoost,Prediction,Train
2025-02-04,P014,2.096709966659546,XGBoost,Prediction,Train
2025-02-05,P014,1.2428233623504639,XGBoost,Prediction,Train
2025-02-06,P014,1.3920741081237793,XGBoost,Prediction,Train
2025-02-07,P014,1.8749642372131348,XGBoost,Prediction,Train
2025-02-08,P014,4.954024314880371,XGBoost,Prediction,Train
2025-02-09,P014,1.3613260984420776,XGBoost,Prediction,Train
2025-02-10,P014,3.8665976524353027,XGBoost,Prediction,Train
2025-02-11,P014,1.0936594009399414,XGBoost,Prediction,Train
2025-02-12,P014,0.7626528739929199,XGBoost,Prediction,Train
2025-02-13,P014,3.0117273330688477,XGBoost,Prediction,Train
2025-02-14,P014,1.031601905822754,XGBoost,Prediction,Train
2025-02-15,P014,3.1710071563720703,XGBoost,Prediction,Train
2025-02-16,P014,1.0686166286468506,XGBoost,Prediction,Train
2025-02-17,P014,1.1057944297790527,XGBoost,Prediction,Train
2025-02-18,P014,1.9136760234832764,XGBoost,Prediction,Train
2025-02-19,P014,4.166632175445557,XGBoost,Prediction,Train
2025-02-20,P014,6.291272163391113,XGBoost,Prediction,Train
2025-02-21,P014,0.8200350403785706,XGBoost,Prediction,Train
2025-02-22,P014,1.8075288534164429,XGBoost,Prediction,Train
2025-02-23,P014,3.3870527744293213,XGBoost,Prediction,Train
2025-02-24,P014,2.6565768718719482,XGBoost,Prediction,Train
2025-02-25,P014,2.307661294937134,XGBoost,Prediction,Train
2025-02-26,P014,0.6523861885070801,XGBoost,Prediction,Train
2025-02-27,P014,1.3769961595535278,XGBoost,Prediction,Train
2025-02-28,P014,1.6870273351669312,XGBoost,Prediction,Train
2025-03-01,P014,0.8270168900489807,XGBoost,Prediction,Train
2025-03-02,P014,2.7684311866760254,XGBoost,Prediction,Train
2025-03-03,P014,4.13060998916626,XGBoost,Prediction,Train
2025-03-04,P014,2.0786285400390625,XGBoost,Prediction,Train
2025-03-05,P014,0.9961284399032593,XGBoost,Prediction,Train
2025-03-06,P014,3.3664817810058594,XGBoost,Prediction,Train
2025-03-07,P014,4.9577460289001465,XGBoost,Prediction,Train
2025-03-08,P014,3.313093662261963,XGBoost,Prediction,Train
2025-03-09,P014,4.994958400726318,XGBoost,Prediction,Train
2025-03-10,P014,1.9325636625289917,XGBoost,Prediction,Train
2025-03-11,P014,1.9471337795257568,XGBoost,Prediction,Train
2025-03-12,P014,2.3887290954589844,XGBoost,Prediction,Train
2025-03-13,P014,2.098409652709961,XGBoost,Prediction,Train
2025-03-14,P014,0.711079478263855,XGBoost,Prediction,Train
2025-03-15,P014,0.7118053436279297,XGBoost,Prediction,Train
2025-03-16,P014,2.747070789337158,XGBoost,Prediction,Train
2025-03-17,P014,1.2704848051071167,XGBoost,Prediction,Train
2025-03-18,P014,3.1088030338287354,XGBoost,Prediction,Train
2025-03-19,P014,0.6641553640365601,XGBoost,Prediction,Train
2025-03-20,P014,0.9779857993125916,XGBoost,Prediction,Train
2025-03-21,P014,0.8561273217201233,XGBoost,Prediction,Train
2025-03-22,P014,0.7407894730567932,XGBoost,Prediction,Train
2025-03-23,P014,0.9276917576789856,XGBoost,Prediction,Train
2025-03-24,P014,3.31312894821167,XGBoost,Prediction,Train
2025-03-25,P014,4.858633518218994,XGBoost,Prediction,Train
2025-03-26,P014,4.0641188621521,XGBoost,Prediction,Train
2025-03-27,P014,2.652015209197998,XGBoost,Prediction,Train
2025-03-28,P014,2.017744541168213,XGBoost,Prediction,Train
2025-03-29,P014,1.325869083404541,XGBoost,Prediction,Train
2025-03-30,P014,0.8973768353462219,XGBoost,Prediction,Train
2025-03-31,P014,0.7768128514289856,XGBoost,Prediction,Train
2025-04-01,P014,2.031665325164795,XGBoost,Prediction,Train
2025-04-02,P014,3.85084867477417,XGBoost,Prediction,Train
2025-04-03,P014,1.5382241010665894,XGBoost,Prediction,Train
2025-04-04,P014,2.7767515182495117,XGBoost,Prediction,Train
2025-04-05,P014,5.430415630340576,XGBoost,Prediction,Train
2025-04-06,P014,2.0770843029022217,XGBoost,Prediction,Train
2025-04-07,P014,0.9281426072120667,XGBoost,Prediction,Train
2025-04-08,P014,0.879752516746521,XGBoost,Prediction,Train
2025-04-09,P014,1.48738431930542,XGBoost,Prediction,Train
2025-04-10,P014,1.9708324670791626,XGBoost,Prediction,Train
2025-04-11,P014,0.7680982351303101,XGBoost,Prediction,Train
2025-04-12,P014,1.6796841621398926,XGBoost,Prediction,Train
2025-04-13,P014,2.753218412399292,XGBoost,Prediction,Train
2025-04-14,P014,4.861310005187988,XGBoost,Prediction,Train
2025-04-15,P014,5.531871318817139,XGBoost,Prediction,Train
2025-04-16,P014,3.1826210021972656,XGBoost,Prediction,Train
2025-04-17,P014,3.3418872356414795,XGBoost,Prediction,Train
2025-04-18,P014,0.7989932894706726,XGBoost,Prediction,Train
2025-04-19,P014,1.8764294385910034,XGBoost,Prediction,Train
2025-04-20,P014,2.3547329902648926,XGBoost,Prediction,Train
2025-04-21,P014,3.30787992477417,XGBoost,Prediction,Train
2025-04-22,P014,2.7406702041625977,XGBoost,Prediction,Train
2025-04-23,P014,2.602579355239868,XGBoost,Prediction,Train
2025-04-24,P014,1.8760273456573486,XGBoost,Prediction,Train
2025-04-25,P014,3.4036166667938232,XGBoost,Prediction,Train
2025-04-26,P014,6.3641510009765625,XGBoost,Prediction,Train
2025-04-27,P014,1.3078075647354126,XGBoost,Prediction,Train
2025-04-28,P014,1.8624988794326782,XGBoost,Prediction,Train
2025-04-29,P014,3.7247068881988525,XGBoost,Prediction,Train
2025-04-30,P014,2.0991716384887695,XGBoost,Prediction,Train
2025-05-01,P014,1.366862416267395,XGBoost,Prediction,Train
2025-05-02,P014,0.8771287798881531,XGBoost,Prediction,Train
2025-05-03,P014,2.4099721908569336,XGBoost,Prediction,Train
2025-05-04,P014,4.90416955947876,XGBoost,Prediction,Train
2025-05-05,P014,2.036515951156616,XGBoost,Prediction,Train
2025-05-06,P014,0.7017828226089478,XGBoost,Prediction,Train
2025-05-07,P014,0.8446937203407288,XGBoost,Prediction,Train
2025-05-08,P014,4.909499168395996,XGBoost,Prediction,Train
2025-05-09,P014,1.0099619626998901,XGBoost,Prediction,Train
2025-05-10,P014,1.4366124868392944,XGBoost,Prediction,Train
2025-05-11,P014,0.9684514403343201,XGBoost,Prediction,Train
2025-05-12,P014,1.0516111850738525,XGBoost,Prediction,Train
2025-05-13,P014,2.0924673080444336,XGBoost,Prediction,Train
2025-05-14,P014,4.033531188964844,XGBoost,Prediction,Train
2025-05-15,P014,4.168659210205078,XGBoost,Prediction,Train
2025-05-16,P014,2.564103126525879,XGBoost,Prediction,Train
2025-05-17,P014,2.2922523021698,XGBoost,Prediction,Train
2025-05-18,P014,2.6451759338378906,XGBoost,Prediction,Train
2025-05-19,P014,2.435126781463623,XGBoost,Prediction,Train
2025-05-20,P014,1.126693844795227,XGBoost,Prediction,Train
2025-05-21,P014,0.7255528569221497,XGBoost,Prediction,Train
2025-05-22,P014,2.0487043857574463,XGBoost,Prediction,Train
2025-05-23,P014,1.1591622829437256,XGBoost,Prediction,Train
2025-05-24,P014,1.0168675184249878,XGBoost,Prediction,Train
2025-05-25,P014,0.7910953760147095,XGBoost,Prediction,Train
2025-05-26,P014,1.9482531547546387,XGBoost,Prediction,Train
2025-05-27,P014,0.9372614026069641,XGBoost,Prediction,Train
2025-05-28,P014,3.0613229274749756,XGBoost,Prediction,Train
2025-05-29,P014,1.03287935256958,XGBoost,Prediction,Train
2025-05-30,P014,0.7376429438591003,XGBoost,Prediction,Train
2025-05-31,P014,1.8213880062103271,XGBoost,Prediction,Train
2025-06-01,P014,0.8437526822090149,XGBoost,Prediction,Train
2025-06-02,P014,2.6635825634002686,XGBoost,Prediction,Train
2025-06-03,P014,2.3068277835845947,XGBoost,Prediction,Train
2025-06-04,P014,3.732800006866455,XGBoost,Prediction,Train
2025-06-05,P014,1.7470170259475708,XGBoost,Prediction,Train
2025-06-06,P014,1.3878405094146729,XGBoost,Prediction,Train
2025-06-07,P014,2.079598903656006,XGBoost,Prediction,Train
2025-06-08,P014,0.7751394510269165,XGBoost,Prediction,Train
2025-06-09,P014,1.289790391921997,XGBoost,Prediction,Train
2025-06-10,P014,1.278964638710022,XGBoost,Prediction,Train
2025-06-11,P014,0.8114259839057922,XGBoost,Prediction,Train
2025-06-12,P014,0.7741523385047913,XGBoost,Prediction,Train
2025-06-13,P014,3.5283002853393555,XGBoost,Prediction,Train
2025-06-14,P014,5.3660125732421875,XGBoost,Prediction,Train
2025-06-15,P014,0.8528623580932617,XGBoost,Prediction,Train
2025-06-16,P014,4.046629905700684,XGBoost,Prediction,Train
2025-06-17,P014,4.480933666229248,XGBoost,Prediction,Train
2025-06-18,P014,1.4493244886398315,XGBoost,Prediction,Train
2025-06-19,P014,1.3036764860153198,XGBoost,Prediction,Train
2025-06-20,P014,1.8334696292877197,XGBoost,Prediction,Train
2025-06-21,P014,1.9979228973388672,XGBoost,Prediction,Train
2025-06-22,P014,1.483552098274231,XGBoost,Prediction,Train
2025-06-23,P014,0.8232477307319641,XGBoost,Prediction,Train
2025-06-24,P014,1.723639726638794,XGBoost,Prediction,Train
2025-06-25,P014,4.844369888305664,XGBoost,Prediction,Train
2025-06-26,P014,0.8466073274612427,XGBoost,Prediction,Train
2025-06-27,P014,1.7879071235656738,XGBoost,Prediction,Train
2025-06-28,P014,1.1658164262771606,XGBoost,Prediction,Train
2025-06-29,P014,0.7264726161956787,XGBoost,Prediction,Train
2025-06-30,P014,5.681642532348633,XGBoost,Prediction,Train
2025-07-01,P014,2.7137696743011475,XGBoost,Prediction,Train
2025-07-02,P014,1.8768080472946167,XGBoost,Prediction,Train
2025-07-03,P014,2.7147204875946045,XGBoost,Prediction,Train
2025-07-04,P014,0.6864213943481445,XGBoost,Prediction,Train
2025-07-05,P014,1.7795065641403198,XGBoost,Prediction,Train
2025-07-06,P014,5.283877849578857,XGBoost,Prediction,Train
2025-07-07,P014,1.3234875202178955,XGBoost,Prediction,Train
2025-07-08,P014,1.1051610708236694,XGBoost,Prediction,Train
2025-07-09,P014,2.6904547214508057,XGBoost,Prediction,Train
2025-07-10,P014,4.781482219696045,XGBoost,Prediction,Train
2025-07-11,P014,2.7501156330108643,XGBoost,Prediction,Train
2025-07-12,P014,0.6581341624259949,XGBoost,Prediction,Train
2025-07-13,P014,2.617774724960327,XGBoost,Prediction,Train
2025-07-14,P014,3.8932323455810547,XGBoost,Prediction,Train
2025-07-15,P014,0.6800155639648438,XGBoost,Prediction,Train
2025-07-16,P014,2.1399853229522705,XGBoost,Prediction,Train
2025-07-17,P014,0.9375381469726562,XGBoost,Prediction,Train
2025-07-18,P014,2.719486713409424,XGBoost,Prediction,Train
2025-07-19,P014,1.3163514137268066,XGBoost,Prediction,Train
2025-07-20,P014,1.1930806636810303,XGBoost,Prediction,Train
2025-07-21,P014,3.211996555328369,XGBoost,Prediction,Train
2025-07-22,P014,2.80161452293396,XGBoost,Prediction,Train
2025-07-23,P014,4.393588066101074,XGBoost,Prediction,Train
2025-07-24,P014,2.5015366077423096,XGBoost,Prediction,Train
2025-07-25,P014,1.0864615440368652,XGBoost,Prediction,Train
2025-07-26,P014,0.7103751301765442,XGBoost,Prediction,Train
2025-07-27,P014,3.2846908569335938,XGBoost,Prediction,Train
2025-07-28,P014,0.9025481939315796,XGBoost,Prediction,Train
2025-07-29,P014,2.659067392349243,XGBoost,Prediction,Train
2025-07-30,P014,3.0031869411468506,XGBoost,Prediction,Train
2025-07-31,P014,0.8571237921714783,XGBoost,Prediction,Train
2025-08-01,P014,0.7619383335113525,XGBoost,Prediction,Train
2025-08-02,P014,3.898378610610962,XGBoost,Prediction,Train
2025-08-03,P014,2.583625555038452,XGBoost,Prediction,Train
2025-08-04,P014,3.4589157104492188,XGBoost,Prediction,Train
2025-08-05,P014,0.8875269889831543,XGBoost,Prediction,Train
2025-08-06,P014,2.7004880905151367,XGBoost,Prediction,Train
2025-08-07,P014,2.734501361846924,XGBoost,Prediction,Train
2025-08-08,P014,0.7071532011032104,XGBoost,Prediction,Train
2025-08-09,P014,1.014115810394287,XGBoost,Prediction,Train
2025-08-10,P014,1.1798102855682373,XGBoost,Prediction,Train
2025-08-11,P014,2.2441349029541016,XGBoost,Prediction,Train
2025-08-12,P014,1.1432433128356934,XGBoost,Prediction,Train
2025-08-13,P014,1.877284288406372,XGBoost,Prediction,Train
2025-08-14,P014,0.9281261563301086,XGBoost,Prediction,Train
2025-08-15,P014,2.388361930847168,XGBoost,Prediction,Train
2025-08-16,P014,2.2501766681671143,XGBoost,Prediction,Train
2025-08-17,P014,3.6633481979370117,XGBoost,Prediction,Train
2025-08-18,P014,3.930513620376587,XGBoost,Prediction,Train
2025-08-19,P014,1.2145901918411255,XGBoost,Prediction,Train
2025-08-20,P014,0.869618833065033,XGBoost,Prediction,Train
2025-08-21,P014,1.390613317489624,XGBoost,Prediction,Train
2025-08-22,P014,4.583497524261475,XGBoost,Prediction,Train
2025-08-23,P014,1.1840406656265259,XGBoost,Prediction,Train
2025-08-24,P014,3.359095811843872,XGBoost,Prediction,Train
2025-08-25,P014,1.3085178136825562,XGBoost,Prediction,Train
2025-08-26,P014,1.2815473079681396,XGBoost,Prediction,Train
2025-08-27,P014,1.0341860055923462,XGBoost,Prediction,Train
2025-08-28,P014,2.163177728652954,XGBoost,Prediction,Train
2025-08-29,P014,0.9026423096656799,XGBoost,Prediction,Train
2025-08-30,P014,0.6582645177841187,XGBoost,Prediction,Train
2025-08-31,P014,1.2317298650741577,XGBoost,Prediction,Train
2025-09-01,P014,6.419084548950195,XGBoost,Prediction,Train
2025-09-02,P014,0.967435896396637,XGBoost,Prediction,Train
2025-09-03,P014,1.0249032974243164,XGBoost,Prediction,Train
2025-09-04,P014,0.7944146394729614,XGBoost,Prediction,Train
2025-09-05,P014,0.7827134132385254,XGBoost,Prediction,Train
2025-09-06,P014,0.5423129796981812,XGBoost,Prediction,Train
2025-09-07,P014,4.473360061645508,XGBoost,Prediction,Train
2025-09-08,P014,4.150532245635986,XGBoost,Prediction,Train
2025-09-09,P014,1.3942575454711914,XGBoost,Prediction,Train
2025-09-10,P014,1.029587745666504,XGBoost,Prediction,Train
2025-09-11,P014,0.6824039816856384,XGBoost,Prediction,Train
2025-09-12,P014,1.0175875425338745,XGBoost,Prediction,Train
2025-09-13,P014,2.243943929672241,XGBoost,Prediction,Train
2025-09-14,P014,4.141298294067383,XGBoost,Prediction,Train
2025-01-08,P015,2.9417672157287598,XGBoost,Prediction,Train
2025-01-09,P015,2.733145236968994,XGBoost,Prediction,Train
2025-01-10,P015,1.9943525791168213,XGBoost,Prediction,Train
2025-01-11,P015,1.8505799770355225,XGBoost,Prediction,Train
2025-01-12,P015,1.3223066329956055,XGBoost,Prediction,Train
2025-01-13,P015,2.116081714630127,XGBoost,Prediction,Train
2025-01-14,P015,3.625507116317749,XGBoost,Prediction,Train
2025-01-15,P015,2.5733768939971924,XGBoost,Prediction,Train
2025-01-16,P015,0.8406586647033691,XGBoost,Prediction,Train
2025-01-17,P015,0.8214136958122253,XGBoost,Prediction,Train
2025-01-18,P015,4.714156627655029,XGBoost,Prediction,Train
2025-01-19,P015,2.635594367980957,XGBoost,Prediction,Train
2025-01-20,P015,3.7297556400299072,XGBoost,Prediction,Train
2025-01-21,P015,1.8459978103637695,XGBoost,Prediction,Train
2025-01-22,P015,5.171431541442871,XGBoost,Prediction,Train
2025-01-23,P015,2.7810611724853516,XGBoost,Prediction,Train
2025-01-24,P015,3.4580111503601074,XGBoost,Prediction,Train
2025-01-25,P015,0.9349176287651062,XGBoost,Prediction,Train
2025-01-26,P015,0.7719764709472656,XGBoost,Prediction,Train
2025-01-27,P015,0.9238642454147339,XGBoost,Prediction,Train
2025-01-28,P015,3.0367379188537598,XGBoost,Prediction,Train
2025-01-29,P015,0.9030484557151794,XGBoost,Prediction,Train
2025-01-30,P015,3.890930414199829,XGBoost,Prediction,Train
2025-01-31,P015,2.7491443157196045,XGBoost,Prediction,Train
2025-02-01,P015,1.5527464151382446,XGBoost,Prediction,Train
2025-02-02,P015,3.4934897422790527,XGBoost,Prediction,Train
2025-02-03,P015,1.3118104934692383,XGBoost,Prediction,Train
2025-02-04,P015,2.8962223529815674,XGBoost,Prediction,Train
2025-02-05,P015,0.9043682217597961,XGBoost,Prediction,Train
2025-02-06,P015,3.5091440677642822,XGBoost,Prediction,Train
2025-02-07,P015,3.671116590499878,XGBoost,Prediction,Train
2025-02-08,P015,0.7143151164054871,XGBoost,Prediction,Train
2025-02-09,P015,5.509846210479736,XGBoost,Prediction,Train
2025-02-10,P015,2.7353503704071045,XGBoost,Prediction,Train
2025-02-11,P015,2.71781849861145,XGBoost,Prediction,Train
2025-02-12,P015,1.811665415763855,XGBoost,Prediction,Train
2025-02-13,P015,0.7535287141799927,XGBoost,Prediction,Train
2025-02-14,P015,4.662184238433838,XGBoost,Prediction,Train
2025-02-15,P015,2.0792884826660156,XGBoost,Prediction,Train
2025-02-16,P015,4.534477710723877,XGBoost,Prediction,Train
2025-02-17,P015,4.628818988800049,XGBoost,Prediction,Train
2025-02-18,P015,1.9041519165039062,XGBoost,Prediction,Train
2025-02-19,P015,4.855213165283203,XGBoost,Prediction,Train
2025-02-20,P015,3.9819672107696533,XGBoost,Prediction,Train
2025-02-21,P015,4.389936447143555,XGBoost,Prediction,Train
2025-02-22,P015,0.8555374145507812,XGBoost,Prediction,Train
2025-02-23,P015,0.9311261773109436,XGBoost,Prediction,Train
2025-02-24,P015,0.7893558144569397,XGBoost,Prediction,Train
2025-02-25,P015,3.867450714111328,XGBoost,Prediction,Train
2025-02-26,P015,0.5146946907043457,XGBoost,Prediction,Train
2025-02-27,P015,3.4875388145446777,XGBoost,Prediction,Train
2025-02-28,P015,0.8305398225784302,XGBoost,Prediction,Train
2025-03-01,P015,1.471482276916504,XGBoost,Prediction,Train
2025-03-02,P015,0.6331365704536438,XGBoost,Prediction,Train
2025-03-03,P015,2.0578904151916504,XGBoost,Prediction,Train
2025-03-04,P015,1.9271889925003052,XGBoost,Prediction,Train
2025-03-05,P015,1.2954012155532837,XGBoost,Prediction,Train
2025-03-06,P015,2.6194725036621094,XGBoost,Prediction,Train
2025-03-07,P015,0.9312361478805542,XGBoost,Prediction,Train
2025-03-08,P015,0.9877658486366272,XGBoost,Prediction,Train
2025-03-09,P015,3.3600611686706543,XGBoost,Prediction,Train
2025-03-10,P015,4.008058071136475,XGBoost,Prediction,Train
2025-03-11,P015,2.6799111366271973,XGBoost,Prediction,Train
2025-03-12,P015,0.7662823796272278,XGBoost,Prediction,Train
2025-03-13,P015,0.9298681616783142,XGBoost,Prediction,Train
2025-03-14,P015,3.214198112487793,XGBoost,Prediction,Train
2025-03-15,P015,2.558595657348633,XGBoost,Prediction,Train
2025-03-16,P015,2.8389792442321777,XGBoost,Prediction,Train
2025-03-17,P015,1.1875889301300049,XGBoost,Prediction,Train
2025-03-18,P015,2.508716583251953,XGBoost,Prediction,Train
2025-03-19,P015,0.587544858455658,XGBoost,Prediction,Train
2025-03-20,P015,1.9684754610061646,XGBoost,Prediction,Train
2025-03-21,P015,2.1804628372192383,XGBoost,Prediction,Train
2025-03-22,P015,0.7649810910224915,XGBoost,Prediction,Train
2025-03-23,P015,0.9556970596313477,XGBoost,Prediction,Train
2025-03-24,P015,5.955760955810547,XGBoost,Prediction,Train
2025-03-25,P015,2.6070621013641357,XGBoost,Prediction,Train
2025-03-26,P015,2.0316708087921143,XGBoost,Prediction,Train
2025-03-27,P015,4.78782844543457,XGBoost,Prediction,Train
2025-03-28,P015,5.267317295074463,XGBoost,Prediction,Train
2025-03-29,P015,1.5078237056732178,XGBoost,Prediction,Train
2025-03-30,P015,2.1658153533935547,XGBoost,Prediction,Train
2025-03-31,P015,3.138749837875366,XGBoost,Prediction,Train
2025-04-01,P015,1.1472846269607544,XGBoost,Prediction,Train
2025-04-02,P015,3.658555269241333,XGBoost,Prediction,Train
2025-04-03,P015,3.1653008460998535,XGBoost,Prediction,Train
2025-04-04,P015,1.575154185295105,XGBoost,Prediction,Train
2025-04-05,P015,4.710063457489014,XGBoost,Prediction,Train
2025-04-06,P015,2.7759554386138916,XGBoost,Prediction,Train
2025-04-07,P015,1.395193338394165,XGBoost,Prediction,Train
2025-04-08,P015,2.2098288536071777,XGBoost,Prediction,Train
2025-04-09,P015,1.0267369747161865,XGBoost,Prediction,Train
2025-04-10,P015,0.8624786138534546,XGBoost,Prediction,Train
2025-04-11,P015,2.7235445976257324,XGBoost,Prediction,Train
2025-04-12,P015,1.9038430452346802,XGBoost,Prediction,Train
2025-04-13,P015,1.021214485168457,XGBoost,Prediction,Train
2025-04-14,P015,2.1136724948883057,XGBoost,Prediction,Train
2025-04-15,P015,3.7620058059692383,XGBoost,Prediction,Train
2025-04-16,P015,1.8527635335922241,XGBoost,Prediction,Train
2025-04-17,P015,1.5661393404006958,XGBoost,Prediction,Train
2025-04-18,P015,2.59663462638855,XGBoost,Prediction,Train
2025-04-19,P015,5.1034135818481445,XGBoost,Prediction,Train
2025-04-20,P015,4.412323951721191,XGBoost,Prediction,Train
2025-04-21,P015,1.652852177619934,XGBoost,Prediction,Train
2025-04-22,P015,2.814044713973999,XGBoost,Prediction,Train
2025-04-23,P015,1.3424580097198486,XGBoost,Prediction,Train
2025-04-24,P015,0.834943413734436,XGBoost,Prediction,Train
2025-04-25,P015,1.8805547952651978,XGBoost,Prediction,Train
2025-04-26,P015,1.056793212890625,XGBoost,Prediction,Train
2025-04-27,P015,4.210793495178223,XGBoost,Prediction,Train
2025-04-28,P015,3.4428184032440186,XGBoost,Prediction,Train
2025-04-29,P015,3.2953901290893555,XGBoost,Prediction,Train
2025-04-30,P015,0.6667742729187012,XGBoost,Prediction,Train
2025-05-01,P015,2.012617349624634,XGBoost,Prediction,Train
2025-05-02,P015,1.0223770141601562,XGBoost,Prediction,Train
2025-05-03,P015,0.8608710169792175,XGBoost,Prediction,Train
2025-05-04,P015,5.290703773498535,XGBoost,Prediction,Train
2025-05-05,P015,4.037907123565674,XGBoost,Prediction,Train
2025-05-06,P015,1.0625832080841064,XGBoost,Prediction,Train
2025-05-07,P015,0.7335802316665649,XGBoost,Prediction,Train
2025-05-08,P015,3.860557794570923,XGBoost,Prediction,Train
2025-05-09,P015,4.761435031890869,XGBoost,Prediction,Train
2025-05-10,P015,3.762495994567871,XGBoost,Prediction,Train
2025-05-11,P015,2.924600839614868,XGBoost,Prediction,Train
2025-05-12,P015,2.63578724861145,XGBoost,Prediction,Train
2025-05-13,P015,2.679532766342163,XGBoost,Prediction,Train
2025-05-14,P015,4.187471866607666,XGBoost,Prediction,Train
2025-05-15,P015,0.6643033027648926,XGBoost,Prediction,Train
2025-05-16,P015,2.997455596923828,XGBoost,Prediction,Train
2025-05-17,P015,1.322313666343689,XGBoost,Prediction,Train
2025-05-18,P015,1.999897837638855,XGBoost,Prediction,Train
2025-05-19,P015,0.6669133901596069,XGBoost,Prediction,Train
2025-05-20,P015,0.6577675938606262,XGBoost,Prediction,Train
2025-05-21,P015,2.7631802558898926,XGBoost,Prediction,Train
2025-05-22,P015,0.6577330231666565,XGBoost,Prediction,Train
2025-05-23,P015,2.073758125305176,XGBoost,Prediction,Train
2025-05-24,P015,2.871915340423584,XGBoost,Prediction,Train
2025-05-25,P015,1.1552255153656006,XGBoost,Prediction,Train
2025-05-26,P015,4.029630661010742,XGBoost,Prediction,Train
2025-05-27,P015,1.8129960298538208,XGBoost,Prediction,Train
2025-05-28,P015,0.6680741310119629,XGBoost,Prediction,Train
2025-05-29,P015,0.7014134526252747,XGBoost,Prediction,Train
2025-05-30,P015,0.7768889665603638,XGBoost,Prediction,Train
2025-05-31,P015,2.683222770690918,XGBoost,Prediction,Train
2025-06-01,P015,0.9702122807502747,XGBoost,Prediction,Train
2025-06-02,P015,2.689953565597534,XGBoost,Prediction,Train
2025-06-03,P015,3.709152936935425,XGBoost,Prediction,Train
2025-06-04,P015,3.435899496078491,XGBoost,Prediction,Train
2025-06-05,P015,1.8964403867721558,XGBoost,Prediction,Train
2025-06-06,P015,2.7146503925323486,XGBoost,Prediction,Train
2025-06-07,P015,2.6653568744659424,XGBoost,Prediction,Train
2025-06-08,P015,4.249885082244873,XGBoost,Prediction,Train
2025-06-09,P015,2.6238534450531006,XGBoost,Prediction,Train
2025-06-10,P015,1.2404942512512207,XGBoost,Prediction,Train
2025-06-11,P015,1.7976957559585571,XGBoost,Prediction,Train
2025-06-12,P015,1.0305473804473877,XGBoost,Prediction,Train
2025-06-13,P015,1.9249811172485352,XGBoost,Prediction,Train
2025-06-14,P015,3.3343167304992676,XGBoost,Prediction,Train
2025-06-15,P015,1.4655472040176392,XGBoost,Prediction,Train
2025-06-16,P015,1.1195356845855713,XGBoost,Prediction,Train
2025-06-17,P015,1.9266879558563232,XGBoost,Prediction,Train
2025-06-18,P015,1.0119576454162598,XGBoost,Prediction,Train
2025-06-19,P015,2.8032655715942383,XGBoost,Prediction,Train
2025-06-20,P015,1.8142647743225098,XGBoost,Prediction,Train
2025-06-21,P015,3.3673176765441895,XGBoost,Prediction,Train
2025-06-22,P015,2.793797731399536,XGBoost,Prediction,Train
2025-06-23,P015,0.5669376850128174,XGBoost,Prediction,Train
2025-06-24,P015,1.498242735862732,XGBoost,Prediction,Train
2025-06-25,P015,0.890377402305603,XGBoost,Prediction,Train
2025-06-26,P015,2.9386513233184814,XGBoost,Prediction,Train
2025-06-27,P015,0.7733713388442993,XGBoost,Prediction,Train
2025-06-28,P015,2.228477954864502,XGBoost,Prediction,Train
2025-06-29,P015,1.995901346206665,XGBoost,Prediction,Train
2025-06-30,P015,2.5228028297424316,XGBoost,Prediction,Train
2025-07-01,P015,3.613095998764038,XGBoost,Prediction,Train
2025-07-02,P015,1.4460378885269165,XGBoost,Prediction,Train
2025-07-03,P015,0.8740801811218262,XGBoost,Prediction,Train
2025-07-04,P015,1.3111255168914795,XGBoost,Prediction,Train
2025-07-05,P015,0.8366484045982361,XGBoost,Prediction,Train
2025-07-06,P015,2.854196310043335,XGBoost,Prediction,Train
2025-07-07,P015,1.7452664375305176,XGBoost,Prediction,Train
2025-07-08,P015,2.075512409210205,XGBoost,Prediction,Train
2025-07-09,P015,1.7975554466247559,XGBoost,Prediction,Train
2025-07-10,P015,1.3229806423187256,XGBoost,Prediction,Train
2025-07-11,P015,1.3271751403808594,XGBoost,Prediction,Train
2025-07-12,P015,3.6323657035827637,XGBoost,Prediction,Train
2025-07-13,P015,0.5102578401565552,XGBoost,Prediction,Train
2025-07-14,P015,4.970508098602295,XGBoost,Prediction,Train
2025-07-15,P015,0.8942349553108215,XGBoost,Prediction,Train
2025-07-16,P015,3.9156875610351562,XGBoost,Prediction,Train
2025-07-17,P015,0.9785307049751282,XGBoost,Prediction,Train
2025-07-18,P015,2.02291202545166,XGBoost,Prediction,Train
2025-07-19,P015,3.386014699935913,XGBoost,Prediction,Train
2025-07-20,P015,1.3241595029830933,XGBoost,Prediction,Train
2025-07-21,P015,2.7252025604248047,XGBoost,Prediction,Train
2025-07-22,P015,0.7854962348937988,XGBoost,Prediction,Train
2025-07-23,P015,1.0060358047485352,XGBoost,Prediction,Train
2025-07-24,P015,4.897176742553711,XGBoost,Prediction,Train
2025-07-25,P015,1.1485400199890137,XGBoost,Prediction,Train
2025-07-26,P015,1.2948757410049438,XGBoost,Prediction,Train
2025-07-27,P015,1.1295080184936523,XGBoost,Prediction,Train
2025-07-28,P015,3.5635321140289307,XGBoost,Prediction,Train
2025-07-29,P015,0.9240148067474365,XGBoost,Prediction,Train
2025-07-30,P015,2.9203107357025146,XGBoost,Prediction,Train
2025-07-31,P015,1.9696954488754272,XGBoost,Prediction,Train
2025-08-01,P015,2.0250275135040283,XGBoost,Prediction,Train
2025-08-02,P015,1.1558635234832764,XGBoost,Prediction,Train
2025-08-03,P015,0.8652483820915222,XGBoost,Prediction,Train
2025-08-04,P015,4.77694034576416,XGBoost,Prediction,Train
2025-08-05,P015,0.9527512192726135,XGBoost,Prediction,Train
2025-08-06,P015,3.5129501819610596,XGBoost,Prediction,Train
2025-08-07,P015,2.7460713386535645,XGBoost,Prediction,Train
2025-08-08,P015,0.8658592104911804,XGBoost,Prediction,Train
2025-08-09,P015,1.1025296449661255,XGBoost,Prediction,Train
2025-08-10,P015,2.6890251636505127,XGBoost,Prediction,Train
2025-08-11,P015,1.911059021949768,XGBoost,Prediction,Train
2025-08-12,P015,1.1005243062973022,XGBoost,Prediction,Train
2025-08-13,P015,0.9619412422180176,XGBoost,Prediction,Train
2025-08-14,P015,2.077911376953125,XGBoost,Prediction,Train
2025-08-15,P015,1.8321471214294434,XGBoost,Prediction,Train
2025-08-16,P015,4.167902946472168,XGBoost,Prediction,Train
2025-08-17,P015,1.1476365327835083,XGBoost,Prediction,Train
2025-08-18,P015,2.6751396656036377,XGBoost,Prediction,Train
2025-08-19,P015,3.827522039413452,XGBoost,Prediction,Train
2025-08-20,P015,0.8198400735855103,XGBoost,Prediction,Train
2025-08-21,P015,6.23370361328125,XGBoost,Prediction,Train
2025-08-22,P015,0.6859172582626343,XGBoost,Prediction,Train
2025-08-23,P015,2.8933281898498535,XGBoost,Prediction,Train
2025-08-24,P015,1.2161900997161865,XGBoost,Prediction,Train
2025-08-25,P015,1.922629714012146,XGBoost,Prediction,Train
2025-08-26,P015,0.833615779876709,XGBoost,Prediction,Train
2025-08-27,P015,1.1904475688934326,XGBoost,Prediction,Train
2025-08-28,P015,0.9316350817680359,XGBoost,Prediction,Train
2025-08-29,P015,0.7896061539649963,XGBoost,Prediction,Train
2025-08-30,P015,6.1041483879089355,XGBoost,Prediction,Train
2025-08-31,P015,1.9751453399658203,XGBoost,Prediction,Train
2025-09-01,P015,4.0371479988098145,XGBoost,Prediction,Train
2025-09-02,P015,1.1256049871444702,XGBoost,Prediction,Train
2025-09-03,P015,2.7126965522766113,XGBoost,Prediction,Train
2025-09-04,P015,1.364488959312439,XGBoost,Prediction,Train
2025-09-05,P015,2.6469767093658447,XGBoost,Prediction,Train
2025-09-06,P015,2.7567946910858154,XGBoost,Prediction,Train
2025-09-07,P015,2.2965219020843506,XGBoost,Prediction,Train
2025-09-08,P015,2.338801860809326,XGBoost,Prediction,Train
2025-09-09,P015,3.1217658519744873,XGBoost,Prediction,Train
2025-09-10,P015,1.2995580434799194,XGBoost,Prediction,Train
2025-09-11,P015,0.8355840444564819,XGBoost,Prediction,Train
2025-09-12,P015,1.1841206550598145,XGBoost,Prediction,Train
2025-09-13,P015,4.7305755615234375,XGBoost,Prediction,Train
2025-09-14,P015,1.0863163471221924,XGBoost,Prediction,Train
2025-01-08,P016,1.1639217138290405,XGBoost,Prediction,Train
2025-01-09,P016,5.46483850479126,XGBoost,Prediction,Train
2025-01-10,P016,2.4897453784942627,XGBoost,Prediction,Train
2025-01-11,P016,1.1225346326828003,XGBoost,Prediction,Train
2025-01-12,P016,1.242414951324463,XGBoost,Prediction,Train
2025-01-13,P016,2.411144971847534,XGBoost,Prediction,Train
2025-01-14,P016,4.458352088928223,XGBoost,Prediction,Train
2025-01-15,P016,4.0388360023498535,XGBoost,Prediction,Train
2025-01-16,P016,2.5510427951812744,XGBoost,Prediction,Train
2025-01-17,P016,2.51709246635437,XGBoost,Prediction,Train
2025-01-18,P016,3.2254066467285156,XGBoost,Prediction,Train
2025-01-19,P016,3.1602706909179688,XGBoost,Prediction,Train
2025-01-20,P016,0.9729857444763184,XGBoost,Prediction,Train
2025-01-21,P016,4.1245245933532715,XGBoost,Prediction,Train
2025-01-22,P016,0.8865584135055542,XGBoost,Prediction,Train
2025-01-23,P016,4.626454830169678,XGBoost,Prediction,Train
2025-01-24,P016,4.14165735244751,XGBoost,Prediction,Train
2025-01-25,P016,0.6091442704200745,XGBoost,Prediction,Train
2025-01-26,P016,0.6484160423278809,XGBoost,Prediction,Train
2025-01-27,P016,1.1953855752944946,XGBoost,Prediction,Train
2025-01-28,P016,0.6611822247505188,XGBoost,Prediction,Train
2025-01-29,P016,2.592789649963379,XGBoost,Prediction,Train
2025-01-30,P016,4.263915061950684,XGBoost,Prediction,Train
2025-01-31,P016,0.7776782512664795,XGBoost,Prediction,Train
2025-02-01,P016,0.8333020806312561,XGBoost,Prediction,Train
2025-02-02,P016,0.966393768787384,XGBoost,Prediction,Train
2025-02-03,P016,2.030708074569702,XGBoost,Prediction,Train
2025-02-04,P016,3.4531784057617188,XGBoost,Prediction,Train
2025-02-05,P016,0.881829559803009,XGBoost,Prediction,Train
2025-02-06,P016,2.5734403133392334,XGBoost,Prediction,Train
2025-02-07,P016,2.271299123764038,XGBoost,Prediction,Train
2025-02-08,P016,0.6501315832138062,XGBoost,Prediction,Train
2025-02-09,P016,2.0540971755981445,XGBoost,Prediction,Train
2025-02-10,P016,2.7541987895965576,XGBoost,Prediction,Train
2025-02-11,P016,2.8374085426330566,XGBoost,Prediction,Train
2025-02-12,P016,0.9204313158988953,XGBoost,Prediction,Train
2025-02-13,P016,1.9581853151321411,XGBoost,Prediction,Train
2025-02-14,P016,4.394102096557617,XGBoost,Prediction,Train
2025-02-15,P016,0.9766606092453003,XGBoost,Prediction,Train
2025-02-16,P016,1.00416100025177,XGBoost,Prediction,Train
2025-02-17,P016,0.9045819044113159,XGBoost,Prediction,Train
2025-02-18,P016,0.702914834022522,XGBoost,Prediction,Train
2025-02-19,P016,1.2666693925857544,XGBoost,Prediction,Train
2025-02-20,P016,2.7318997383117676,XGBoost,Prediction,Train
2025-02-21,P016,2.698406934738159,XGBoost,Prediction,Train
2025-02-22,P016,0.8337060809135437,XGBoost,Prediction,Train
2025-02-23,P016,0.7186304926872253,XGBoost,Prediction,Train
2025-02-24,P016,0.8086047172546387,XGBoost,Prediction,Train
2025-02-25,P016,0.8161677718162537,XGBoost,Prediction,Train
2025-02-26,P016,2.7249937057495117,XGBoost,Prediction,Train
2025-02-27,P016,0.926479697227478,XGBoost,Prediction,Train
2025-02-28,P016,2.671558141708374,XGBoost,Prediction,Train
2025-03-01,P016,2.5677270889282227,XGBoost,Prediction,Train
2025-03-02,P016,0.9812765121459961,XGBoost,Prediction,Train
2025-03-03,P016,3.0967600345611572,XGBoost,Prediction,Train
2025-03-04,P016,3.5697622299194336,XGBoost,Prediction,Train
2025-03-05,P016,0.8835300803184509,XGBoost,Prediction,Train
2025-03-06,P016,1.3814408779144287,XGBoost,Prediction,Train
2025-03-07,P016,0.781840443611145,XGBoost,Prediction,Train
2025-03-08,P016,0.7452487945556641,XGBoost,Prediction,Train
2025-03-09,P016,2.473369836807251,XGBoost,Prediction,Train
2025-03-10,P016,1.879608392715454,XGBoost,Prediction,Train
2025-03-11,P016,0.9696085453033447,XGBoost,Prediction,Train
2025-03-12,P016,4.724264144897461,XGBoost,Prediction,Train
2025-03-13,P016,0.6074137687683105,XGBoost,Prediction,Train
2025-03-14,P016,1.1707022190093994,XGBoost,Prediction,Train
2025-03-15,P016,1.006794810295105,XGBoost,Prediction,Train
2025-03-16,P016,2.3470449447631836,XGBoost,Prediction,Train
2025-03-17,P016,0.7978442907333374,XGBoost,Prediction,Train
2025-03-18,P016,2.4466705322265625,XGBoost,Prediction,Train
2025-03-19,P016,1.395632028579712,XGBoost,Prediction,Train
2025-03-20,P016,1.9027293920516968,XGBoost,Prediction,Train
2025-03-21,P016,2.0561013221740723,XGBoost,Prediction,Train
2025-03-22,P016,2.659346580505371,XGBoost,Prediction,Train
2025-03-23,P016,0.7596784830093384,XGBoost,Prediction,Train
2025-03-24,P016,1.53452730178833,XGBoost,Prediction,Train
2025-03-25,P016,1.847198247909546,XGBoost,Prediction,Train
2025-03-26,P016,1.3966034650802612,XGBoost,Prediction,Train
2025-03-27,P016,0.8836332559585571,XGBoost,Prediction,Train
2025-03-28,P016,3.391321897506714,XGBoost,Prediction,Train
2025-03-29,P016,1.4878301620483398,XGBoost,Prediction,Train
2025-03-30,P016,1.7700550556182861,XGBoost,Prediction,Train
2025-03-31,P016,1.699293613433838,XGBoost,Prediction,Train
2025-04-01,P016,0.8344042897224426,XGBoost,Prediction,Train
2025-04-02,P016,0.8900465965270996,XGBoost,Prediction,Train
2025-04-03,P016,2.664078712463379,XGBoost,Prediction,Train
2025-04-04,P016,4.725978851318359,XGBoost,Prediction,Train
2025-04-05,P016,0.6762381792068481,XGBoost,Prediction,Train
2025-04-06,P016,2.61017107963562,XGBoost,Prediction,Train
2025-04-07,P016,3.2501747608184814,XGBoost,Prediction,Train
2025-04-08,P016,3.3765461444854736,XGBoost,Prediction,Train
2025-04-09,P016,1.8547452688217163,XGBoost,Prediction,Train
2025-04-10,P016,0.7944642305374146,XGBoost,Prediction,Train
2025-04-11,P016,3.083148241043091,XGBoost,Prediction,Train
2025-04-12,P016,2.602670192718506,XGBoost,Prediction,Train
2025-04-13,P016,1.999198317527771,XGBoost,Prediction,Train
2025-04-14,P016,0.7575328350067139,XGBoost,Prediction,Train
2025-04-15,P016,0.7578075528144836,XGBoost,Prediction,Train
2025-04-16,P016,1.763087511062622,XGBoost,Prediction,Train
2025-04-17,P016,1.6620275974273682,XGBoost,Prediction,Train
2025-04-18,P016,2.231461524963379,XGBoost,Prediction,Train
2025-04-19,P016,1.3431248664855957,XGBoost,Prediction,Train
2025-04-20,P016,1.2599022388458252,XGBoost,Prediction,Train
2025-04-21,P016,1.9020695686340332,XGBoost,Prediction,Train
2025-04-22,P016,1.8795892000198364,XGBoost,Prediction,Train
2025-04-23,P016,4.777997970581055,XGBoost,Prediction,Train
2025-04-24,P016,0.8779034614562988,XGBoost,Prediction,Train
2025-04-25,P016,1.8057912588119507,XGBoost,Prediction,Train
2025-04-26,P016,3.7049503326416016,XGBoost,Prediction,Train
2025-04-27,P016,1.9592865705490112,XGBoost,Prediction,Train
2025-04-28,P016,1.3228086233139038,XGBoost,Prediction,Train
2025-04-29,P016,2.6355478763580322,XGBoost,Prediction,Train
2025-04-30,P016,2.6437015533447266,XGBoost,Prediction,Train
2025-05-01,P016,0.7607632875442505,XGBoost,Prediction,Train
2025-05-02,P016,0.8354622721672058,XGBoost,Prediction,Train
2025-05-03,P016,2.635911464691162,XGBoost,Prediction,Train
2025-05-04,P016,0.9379978179931641,XGBoost,Prediction,Train
2025-05-05,P016,2.7907121181488037,XGBoost,Prediction,Train
2025-05-06,P016,0.9545104503631592,XGBoost,Prediction,Train
2025-05-07,P016,0.7311412692070007,XGBoost,Prediction,Train
2025-05-08,P016,1.2009868621826172,XGBoost,Prediction,Train
2025-05-09,P016,4.309700012207031,XGBoost,Prediction,Train
2025-05-10,P016,2.087019920349121,XGBoost,Prediction,Train
2025-05-11,P016,2.641514539718628,XGBoost,Prediction,Train
2025-05-12,P016,3.8367364406585693,XGBoost,Prediction,Train
2025-05-13,P016,2.5622217655181885,XGBoost,Prediction,Train
2025-05-14,P016,1.0468237400054932,XGBoost,Prediction,Train
2025-05-15,P016,1.3775849342346191,XGBoost,Prediction,Train
2025-05-16,P016,4.44528341293335,XGBoost,Prediction,Train
2025-05-17,P016,1.2040250301361084,XGBoost,Prediction,Train
2025-05-18,P016,0.6535269021987915,XGBoost,Prediction,Train
2025-05-19,P016,0.6562579274177551,XGBoost,Prediction,Train
2025-05-20,P016,0.8786209225654602,XGBoost,Prediction,Train
2025-05-21,P016,0.7666970491409302,XGBoost,Prediction,Train
2025-05-22,P016,1.3822956085205078,XGBoost,Prediction,Train
2025-05-23,P016,1.4006460905075073,XGBoost,Prediction,Train
2025-05-24,P016,3.220478057861328,XGBoost,Prediction,Train
2025-05-25,P016,0.8423552513122559,XGBoost,Prediction,Train
2025-05-26,P016,1.2013956308364868,XGBoost,Prediction,Train
2025-05-27,P016,0.639631986618042,XGBoost,Prediction,Train
2025-05-28,P016,0.8882071375846863,XGBoost,Prediction,Train
2025-05-29,P016,1.73759925365448,XGBoost,Prediction,Train
2025-05-30,P016,0.9345526695251465,XGBoost,Prediction,Train
2025-05-31,P016,2.5225114822387695,XGBoost,Prediction,Train
2025-06-01,P016,2.560861349105835,XGBoost,Prediction,Train
2025-06-02,P016,1.2656251192092896,XGBoost,Prediction,Train
2025-06-03,P016,1.1317938566207886,XGBoost,Prediction,Train
2025-06-04,P016,6.040741920471191,XGBoost,Prediction,Train
2025-06-05,P016,0.994073748588562,XGBoost,Prediction,Train
2025-06-06,P016,1.7132292985916138,XGBoost,Prediction,Train
2025-06-07,P016,3.441296100616455,XGBoost,Prediction,Train
2025-06-08,P016,0.8941488265991211,XGBoost,Prediction,Train
2025-06-09,P016,0.7956979274749756,XGBoost,Prediction,Train
2025-06-10,P016,2.3491580486297607,XGBoost,Prediction,Train
2025-06-11,P016,1.1279929876327515,XGBoost,Prediction,Train
2025-06-12,P016,1.50482177734375,XGBoost,Prediction,Train
2025-06-13,P016,0.8387187719345093,XGBoost,Prediction,Train
2025-06-14,P016,1.3377492427825928,XGBoost,Prediction,Train
2025-06-15,P016,1.1282747983932495,XGBoost,Prediction,Train
2025-06-16,P016,0.640872061252594,XGBoost,Prediction,Train
2025-06-17,P016,1.863590121269226,XGBoost,Prediction,Train
2025-06-18,P016,1.464501142501831,XGBoost,Prediction,Train
2025-06-19,P016,2.502354860305786,XGBoost,Prediction,Train
2025-06-20,P016,0.7823957204818726,XGBoost,Prediction,Train
2025-06-21,P016,0.6220242381095886,XGBoost,Prediction,Train
2025-06-22,P016,3.3674674034118652,XGBoost,Prediction,Train
2025-06-23,P016,1.9109597206115723,XGBoost,Prediction,Train
2025-06-24,P016,1.5851893424987793,XGBoost,Prediction,Train
2025-06-25,P016,1.1313567161560059,XGBoost,Prediction,Train
2025-06-26,P016,0.663784384727478,XGBoost,Prediction,Train
2025-06-27,P016,6.091982841491699,XGBoost,Prediction,Train
2025-06-28,P016,4.962463855743408,XGBoost,Prediction,Train
2025-06-29,P016,4.301548480987549,XGBoost,Prediction,Train
2025-06-30,P016,2.718371629714966,XGBoost,Prediction,Train
2025-07-01,P016,0.9482173919677734,XGBoost,Prediction,Train
2025-07-02,P016,1.885396957397461,XGBoost,Prediction,Train
2025-07-03,P016,0.9906458258628845,XGBoost,Prediction,Train
2025-07-04,P016,0.8052126169204712,XGBoost,Prediction,Train
2025-07-05,P016,0.9575212001800537,XGBoost,Prediction,Train
2025-07-06,P016,1.355085015296936,XGBoost,Prediction,Train
2025-07-07,P016,2.486595869064331,XGBoost,Prediction,Train
2025-07-08,P016,1.2104812860488892,XGBoost,Prediction,Train
2025-07-09,P016,3.9361047744750977,XGBoost,Prediction,Train
2025-07-10,P016,1.149210810661316,XGBoost,Prediction,Train
2025-07-11,P016,3.160940408706665,XGBoost,Prediction,Train
2025-07-12,P016,0.6990569829940796,XGBoost,Prediction,Train
2025-07-13,P016,4.523571491241455,XGBoost,Prediction,Train
2025-07-14,P016,2.586864948272705,XGBoost,Prediction,Train
2025-07-15,P016,1.2524112462997437,XGBoost,Prediction,Train
2025-07-16,P016,2.61600923538208,XGBoost,Prediction,Train
2025-07-17,P016,0.8460186719894409,XGBoost,Prediction,Train
2025-07-18,P016,2.6857852935791016,XGBoost,Prediction,Train
2025-07-19,P016,2.5218446254730225,XGBoost,Prediction,Train
2025-07-20,P016,3.7151010036468506,XGBoost,Prediction,Train
2025-07-21,P016,0.9062141180038452,XGBoost,Prediction,Train
2025-07-22,P016,3.508603811264038,XGBoost,Prediction,Train
2025-07-23,P016,1.7744815349578857,XGBoost,Prediction,Train
2025-07-24,P016,0.880530834197998,XGBoost,Prediction,Train
2025-07-25,P016,2.6265225410461426,XGBoost,Prediction,Train
2025-07-26,P016,0.6546506285667419,XGBoost,Prediction,Train
2025-07-27,P016,3.646326780319214,XGBoost,Prediction,Train
2025-07-28,P016,1.599220871925354,XGBoost,Prediction,Train
2025-07-29,P016,0.8593595623970032,XGBoost,Prediction,Train
2025-07-30,P016,1.2314348220825195,XGBoost,Prediction,Train
2025-07-31,P016,0.7271789312362671,XGBoost,Prediction,Train
2025-08-01,P016,2.4996328353881836,XGBoost,Prediction,Train
2025-08-02,P016,0.7645700573921204,XGBoost,Prediction,Train
2025-08-03,P016,1.6733640432357788,XGBoost,Prediction,Train
2025-08-04,P016,1.2918368577957153,XGBoost,Prediction,Train
2025-08-05,P016,2.0107452869415283,XGBoost,Prediction,Train
2025-08-06,P016,1.3340718746185303,XGBoost,Prediction,Train
2025-08-07,P016,0.6410391926765442,XGBoost,Prediction,Train
2025-08-08,P016,3.0168166160583496,XGBoost,Prediction,Train
2025-08-09,P016,1.1457045078277588,XGBoost,Prediction,Train
2025-08-10,P016,2.9631404876708984,XGBoost,Prediction,Train
2025-08-11,P016,3.8309781551361084,XGBoost,Prediction,Train
2025-08-12,P016,2.419390916824341,XGBoost,Prediction,Train
2025-08-13,P016,1.5824662446975708,XGBoost,Prediction,Train
2025-08-14,P016,1.1379252672195435,XGBoost,Prediction,Train
2025-08-15,P016,2.9006760120391846,XGBoost,Prediction,Train
2025-08-16,P016,1.1746773719787598,XGBoost,Prediction,Train
2025-08-17,P016,1.288980484008789,XGBoost,Prediction,Train
2025-08-18,P016,0.7812415957450867,XGBoost,Prediction,Train
2025-08-19,P016,0.820530354976654,XGBoost,Prediction,Train
2025-08-20,P016,1.4939683675765991,XGBoost,Prediction,Train
2025-08-21,P016,2.761606454849243,XGBoost,Prediction,Train
2025-08-22,P016,4.044408321380615,XGBoost,Prediction,Train
2025-08-23,P016,1.9057775735855103,XGBoost,Prediction,Train
2025-08-24,P016,1.9781218767166138,XGBoost,Prediction,Train
2025-08-25,P016,1.9106991291046143,XGBoost,Prediction,Train
2025-08-26,P016,3.1936306953430176,XGBoost,Prediction,Train
2025-08-27,P016,2.729360342025757,XGBoost,Prediction,Train
2025-08-28,P016,1.2228362560272217,XGBoost,Prediction,Train
2025-08-29,P016,1.706394910812378,XGBoost,Prediction,Train
2025-08-30,P016,2.4915196895599365,XGBoost,Prediction,Train
2025-08-31,P016,4.927988529205322,XGBoost,Prediction,Train
2025-09-01,P016,4.129693031311035,XGBoost,Prediction,Train
2025-09-02,P016,2.5846517086029053,XGBoost,Prediction,Train
2025-09-03,P016,4.332064628601074,XGBoost,Prediction,Train
2025-09-04,P016,1.7481834888458252,XGBoost,Prediction,Train
2025-09-05,P016,1.9903970956802368,XGBoost,Prediction,Train
2025-09-06,P016,1.3122191429138184,XGBoost,Prediction,Train
2025-09-07,P016,2.9428493976593018,XGBoost,Prediction,Train
2025-09-08,P016,4.564764499664307,XGBoost,Prediction,Train
2025-09-09,P016,0.8402194976806641,XGBoost,Prediction,Train
2025-09-10,P016,2.660595417022705,XGBoost,Prediction,Train
2025-09-11,P016,1.2664538621902466,XGBoost,Prediction,Train
2025-09-12,P016,0.6496641635894775,XGBoost,Prediction,Train
2025-09-13,P016,1.7128636837005615,XGBoost,Prediction,Train
2025-09-14,P016,1.1701421737670898,XGBoost,Prediction,Train
2025-01-08,P017,7.1113996505737305,XGBoost,Prediction,Train
2025-01-09,P017,2.709517240524292,XGBoost,Prediction,Train
2025-01-10,P017,0.6270365715026855,XGBoost,Prediction,Train
2025-01-11,P017,0.4230693578720093,XGBoost,Prediction,Train
2025-01-12,P017,2.8120954036712646,XGBoost,Prediction,Train
2025-01-13,P017,3.8869869709014893,XGBoost,Prediction,Train
2025-01-14,P017,1.872372031211853,XGBoost,Prediction,Train
2025-01-15,P017,3.7369821071624756,XGBoost,Prediction,Train
2025-01-16,P017,4.660178184509277,XGBoost,Prediction,Train
2025-01-17,P017,0.5546814799308777,XGBoost,Prediction,Train
2025-01-18,P017,0.8236865997314453,XGBoost,Prediction,Train
2025-01-19,P017,0.969864547252655,XGBoost,Prediction,Train
2025-01-20,P017,2.6638717651367188,XGBoost,Prediction,Train
2025-01-21,P017,2.234565019607544,XGBoost,Prediction,Train
2025-01-22,P017,1.729509949684143,XGBoost,Prediction,Train
2025-01-23,P017,0.5635296106338501,XGBoost,Prediction,Train
2025-01-24,P017,1.3446171283721924,XGBoost,Prediction,Train
2025-01-25,P017,1.8586704730987549,XGBoost,Prediction,Train
2025-01-26,P017,0.6727913618087769,XGBoost,Prediction,Train
2025-01-27,P017,0.9843953251838684,XGBoost,Prediction,Train
2025-01-28,P017,0.711799144744873,XGBoost,Prediction,Train
2025-01-29,P017,4.893899917602539,XGBoost,Prediction,Train
2025-01-30,P017,0.7602505683898926,XGBoost,Prediction,Train
2025-01-31,P017,2.6875782012939453,XGBoost,Prediction,Train
2025-02-01,P017,1.2592498064041138,XGBoost,Prediction,Train
2025-02-02,P017,0.8811928629875183,XGBoost,Prediction,Train
2025-02-03,P017,0.4640544056892395,XGBoost,Prediction,Train
2025-02-04,P017,1.324058175086975,XGBoost,Prediction,Train
2025-02-05,P017,0.863831102848053,XGBoost,Prediction,Train
2025-02-06,P017,0.688683807849884,XGBoost,Prediction,Train
2025-02-07,P017,0.5455042719841003,XGBoost,Prediction,Train
2025-02-08,P017,0.9685524106025696,XGBoost,Prediction,Train
2025-02-09,P017,2.7200496196746826,XGBoost,Prediction,Train
2025-02-10,P017,0.8717936277389526,XGBoost,Prediction,Train
2025-02-11,P017,1.9125107526779175,XGBoost,Prediction,Train
2025-02-12,P017,4.1763715744018555,XGBoost,Prediction,Train
2025-02-13,P017,3.15788197517395,XGBoost,Prediction,Train
2025-02-14,P017,2.0047035217285156,XGBoost,Prediction,Train
2025-02-15,P017,3.2091076374053955,XGBoost,Prediction,Train
2025-02-16,P017,0.9549515247344971,XGBoost,Prediction,Train
2025-02-17,P017,2.4456076622009277,XGBoost,Prediction,Train
2025-02-18,P017,0.6333733201026917,XGBoost,Prediction,Train
2025-02-19,P017,4.1959710121154785,XGBoost,Prediction,Train
2025-02-20,P017,2.7971415519714355,XGBoost,Prediction,Train
2025-02-21,P017,1.3690847158432007,XGBoost,Prediction,Train
2025-02-22,P017,0.7189911007881165,XGBoost,Prediction,Train
2025-02-23,P017,4.369937896728516,XGBoost,Prediction,Train
2025-02-24,P017,1.1296828985214233,XGBoost,Prediction,Train
2025-02-25,P017,1.2324098348617554,XGBoost,Prediction,Train
2025-02-26,P017,0.901345431804657,XGBoost,Prediction,Train
2025-02-27,P017,1.7846122980117798,XGBoost,Prediction,Train
2025-02-28,P017,2.0298678874969482,XGBoost,Prediction,Train
2025-03-01,P017,4.840020179748535,XGBoost,Prediction,Train
2025-03-02,P017,2.0076630115509033,XGBoost,Prediction,Train
2025-03-03,P017,1.4239046573638916,XGBoost,Prediction,Train
2025-03-04,P017,3.049520969390869,XGBoost,Prediction,Train
2025-03-05,P017,2.389925718307495,XGBoost,Prediction,Train
2025-03-06,P017,1.8127081394195557,XGBoost,Prediction,Train
2025-03-07,P017,3.5161666870117188,XGBoost,Prediction,Train
2025-03-08,P017,1.756508231163025,XGBoost,Prediction,Train
2025-03-09,P017,1.3384495973587036,XGBoost,Prediction,Train
2025-03-10,P017,0.9271554350852966,XGBoost,Prediction,Train
2025-03-11,P017,0.6904646754264832,XGBoost,Prediction,Train
2025-03-12,P017,2.309551477432251,XGBoost,Prediction,Train
2025-03-13,P017,1.7904223203659058,XGBoost,Prediction,Train
2025-03-14,P017,0.7507354617118835,XGBoost,Prediction,Train
2025-03-15,P017,0.7920922040939331,XGBoost,Prediction,Train
2025-03-16,P017,2.5899648666381836,XGBoost,Prediction,Train
2025-03-17,P017,1.0244314670562744,XGBoost,Prediction,Train
2025-03-18,P017,1.7377573251724243,XGBoost,Prediction,Train
2025-03-19,P017,2.4010863304138184,XGBoost,Prediction,Train
2025-03-20,P017,3.332095146179199,XGBoost,Prediction,Train
2025-03-21,P017,1.5568643808364868,XGBoost,Prediction,Train
2025-03-22,P017,0.8253785967826843,XGBoost,Prediction,Train
2025-03-23,P017,1.8346343040466309,XGBoost,Prediction,Train
2025-03-24,P017,3.5753912925720215,XGBoost,Prediction,Train
2025-03-25,P017,2.016944646835327,XGBoost,Prediction,Train
2025-03-26,P017,2.493256092071533,XGBoost,Prediction,Train
2025-03-27,P017,1.746418833732605,XGBoost,Prediction,Train
2025-03-28,P017,0.40550780296325684,XGBoost,Prediction,Train
2025-03-29,P017,0.6914529800415039,XGBoost,Prediction,Train
2025-03-30,P017,0.7007406949996948,XGBoost,Prediction,Train
2025-03-31,P017,2.7775144577026367,XGBoost,Prediction,Train
2025-04-01,P017,2.694251537322998,XGBoost,Prediction,Train
2025-04-02,P017,2.724151372909546,XGBoost,Prediction,Train
2025-04-03,P017,2.552678108215332,XGBoost,Prediction,Train
2025-04-04,P017,2.4152514934539795,XGBoost,Prediction,Train
2025-04-05,P017,1.2008408308029175,XGBoost,Prediction,Train
2025-04-06,P017,0.4148067533969879,XGBoost,Prediction,Train
2025-04-07,P017,1.1725599765777588,XGBoost,Prediction,Train
2025-04-08,P017,1.1713610887527466,XGBoost,Prediction,Train
2025-04-09,P017,3.1519813537597656,XGBoost,Prediction,Train
2025-04-10,P017,1.9629286527633667,XGBoost,Prediction,Train
2025-04-11,P017,2.0028395652770996,XGBoost,Prediction,Train
2025-04-12,P017,1.3135058879852295,XGBoost,Prediction,Train
2025-04-13,P017,1.7440433502197266,XGBoost,Prediction,Train
2025-04-14,P017,0.4985797703266144,XGBoost,Prediction,Train
2025-04-15,P017,0.45294737815856934,XGBoost,Prediction,Train
2025-04-16,P017,0.3475005328655243,XGBoost,Prediction,Train
2025-04-17,P017,1.2983750104904175,XGBoost,Prediction,Train
2025-04-18,P017,2.5682427883148193,XGBoost,Prediction,Train
2025-04-19,P017,0.7970462441444397,XGBoost,Prediction,Train
2025-04-20,P017,0.5232120752334595,XGBoost,Prediction,Train
2025-04-21,P017,2.016751289367676,XGBoost,Prediction,Train
2025-04-22,P017,1.8968170881271362,XGBoost,Prediction,Train
2025-04-23,P017,2.424433946609497,XGBoost,Prediction,Train
2025-04-24,P017,0.5841967463493347,XGBoost,Prediction,Train
2025-04-25,P017,3.5535237789154053,XGBoost,Prediction,Train
2025-04-26,P017,4.873440265655518,XGBoost,Prediction,Train
2025-04-27,P017,1.1891647577285767,XGBoost,Prediction,Train
2025-04-28,P017,0.8790897727012634,XGBoost,Prediction,Train
2025-04-29,P017,0.6800196170806885,XGBoost,Prediction,Train
2025-04-30,P017,0.6284213066101074,XGBoost,Prediction,Train
2025-05-01,P017,0.4382774233818054,XGBoost,Prediction,Train
2025-05-02,P017,0.6937969923019409,XGBoost,Prediction,Train
2025-05-03,P017,0.8351147770881653,XGBoost,Prediction,Train
2025-05-04,P017,2.5547068119049072,XGBoost,Prediction,Train
2025-05-05,P017,1.2561887502670288,XGBoost,Prediction,Train
2025-05-06,P017,0.5833977460861206,XGBoost,Prediction,Train
2025-05-07,P017,0.7371224164962769,XGBoost,Prediction,Train
2025-05-08,P017,4.547356605529785,XGBoost,Prediction,Train
2025-05-09,P017,4.948624134063721,XGBoost,Prediction,Train
2025-05-10,P017,2.838266372680664,XGBoost,Prediction,Train
2025-05-11,P017,5.413168430328369,XGBoost,Prediction,Train
2025-05-12,P017,1.8652825355529785,XGBoost,Prediction,Train
2025-05-13,P017,0.6603550910949707,XGBoost,Prediction,Train
2025-05-14,P017,1.3559430837631226,XGBoost,Prediction,Train
2025-05-15,P017,1.2221237421035767,XGBoost,Prediction,Train
2025-05-16,P017,1.7301714420318604,XGBoost,Prediction,Train
2025-05-17,P017,3.628145694732666,XGBoost,Prediction,Train
2025-05-18,P017,0.5989746451377869,XGBoost,Prediction,Train
2025-05-19,P017,2.7214982509613037,XGBoost,Prediction,Train
2025-05-20,P017,1.1260236501693726,XGBoost,Prediction,Train
2025-05-21,P017,0.7294241786003113,XGBoost,Prediction,Train
2025-05-22,P017,2.5000972747802734,XGBoost,Prediction,Train
2025-05-23,P017,3.9656715393066406,XGBoost,Prediction,Train
2025-05-24,P017,0.8422226905822754,XGBoost,Prediction,Train
2025-05-25,P017,2.617710590362549,XGBoost,Prediction,Train
2025-05-26,P017,0.9224444031715393,XGBoost,Prediction,Train
2025-05-27,P017,0.8412166237831116,XGBoost,Prediction,Train
2025-05-28,P017,0.9877889156341553,XGBoost,Prediction,Train
2025-05-29,P017,2.531012535095215,XGBoost,Prediction,Train
2025-05-30,P017,2.623995780944824,XGBoost,Prediction,Train
2025-05-31,P017,0.7797681093215942,XGBoost,Prediction,Train
2025-06-01,P017,1.0224628448486328,XGBoost,Prediction,Train
2025-06-02,P017,5.020612716674805,XGBoost,Prediction,Train
2025-06-03,P017,3.6654441356658936,XGBoost,Prediction,Train
2025-06-04,P017,3.4126763343811035,XGBoost,Prediction,Train
2025-06-05,P017,0.5901533365249634,XGBoost,Prediction,Train
2025-06-06,P017,0.6862369775772095,XGBoost,Prediction,Train
2025-06-07,P017,0.5826764702796936,XGBoost,Prediction,Train
2025-06-08,P017,1.7409422397613525,XGBoost,Prediction,Train
2025-06-09,P017,2.686873435974121,XGBoost,Prediction,Train
2025-06-10,P017,4.6157379150390625,XGBoost,Prediction,Train
2025-06-11,P017,2.5509841442108154,XGBoost,Prediction,Train
2025-06-12,P017,0.9973414540290833,XGBoost,Prediction,Train
2025-06-13,P017,0.8580380082130432,XGBoost,Prediction,Train
2025-06-14,P017,1.0477910041809082,XGBoost,Prediction,Train
2025-06-15,P017,1.359376311302185,XGBoost,Prediction,Train
2025-06-16,P017,1.1165355443954468,XGBoost,Prediction,Train
2025-06-17,P017,0.9499179720878601,XGBoost,Prediction,Train
2025-06-18,P017,0.9178467392921448,XGBoost,Prediction,Train
2025-06-19,P017,0.9697305560112,XGBoost,Prediction,Train
2025-06-20,P017,3.7535817623138428,XGBoost,Prediction,Train
2025-06-21,P017,0.9155696034431458,XGBoost,Prediction,Train
2025-06-22,P017,2.6570851802825928,XGBoost,Prediction,Train
2025-06-23,P017,0.5041767954826355,XGBoost,Prediction,Train
2025-06-24,P017,1.0929052829742432,XGBoost,Prediction,Train
2025-06-25,P017,1.872839093208313,XGBoost,Prediction,Train
2025-06-26,P017,2.4589767456054688,XGBoost,Prediction,Train
2025-06-27,P017,3.2377164363861084,XGBoost,Prediction,Train
2025-06-28,P017,0.7494421005249023,XGBoost,Prediction,Train
2025-06-29,P017,1.8906469345092773,XGBoost,Prediction,Train
2025-06-30,P017,3.3565917015075684,XGBoost,Prediction,Train
2025-07-01,P017,0.6615232825279236,XGBoost,Prediction,Train
2025-07-02,P017,0.8888738751411438,XGBoost,Prediction,Train
2025-07-03,P017,2.527630090713501,XGBoost,Prediction,Train
2025-07-04,P017,0.8105173707008362,XGBoost,Prediction,Train
2025-07-05,P017,1.2138482332229614,XGBoost,Prediction,Train
2025-07-06,P017,1.3575795888900757,XGBoost,Prediction,Train
2025-07-07,P017,0.979094922542572,XGBoost,Prediction,Train
2025-07-08,P017,4.59100866317749,XGBoost,Prediction,Train
2025-07-09,P017,0.5247728228569031,XGBoost,Prediction,Train
2025-07-10,P017,4.328828811645508,XGBoost,Prediction,Train
2025-07-11,P017,1.568244218826294,XGBoost,Prediction,Train
2025-07-12,P017,0.5279325842857361,XGBoost,Prediction,Train
2025-07-13,P017,2.325925350189209,XGBoost,Prediction,Train
2025-07-14,P017,2.535202741622925,XGBoost,Prediction,Train
2025-07-15,P017,1.2268790006637573,XGBoost,Prediction,Train
2025-07-16,P017,3.150745153427124,XGBoost,Prediction,Train
2025-07-17,P017,3.902040719985962,XGBoost,Prediction,Train
2025-07-18,P017,0.5527856349945068,XGBoost,Prediction,Train
2025-07-19,P017,2.6531522274017334,XGBoost,Prediction,Train
2025-07-20,P017,1.8305037021636963,XGBoost,Prediction,Train
2025-07-21,P017,0.7110878229141235,XGBoost,Prediction,Train
2025-07-22,P017,4.183552265167236,XGBoost,Prediction,Train
2025-07-23,P017,0.9000260233879089,XGBoost,Prediction,Train
2025-07-24,P017,0.8516114354133606,XGBoost,Prediction,Train
2025-07-25,P017,0.6072823405265808,XGBoost,Prediction,Train
2025-07-26,P017,2.5553793907165527,XGBoost,Prediction,Train
2025-07-27,P017,4.275737762451172,XGBoost,Prediction,Train
2025-07-28,P017,1.9962081909179688,XGBoost,Prediction,Train
2025-07-29,P017,1.8069028854370117,XGBoost,Prediction,Train
2025-07-30,P017,0.7205045223236084,XGBoost,Prediction,Train
2025-07-31,P017,0.4124562442302704,XGBoost,Prediction,Train
2025-08-01,P017,1.7061511278152466,XGBoost,Prediction,Train
2025-08-02,P017,1.5482778549194336,XGBoost,Prediction,Train
2025-08-03,P017,0.8299700617790222,XGBoost,Prediction,Train
2025-08-04,P017,3.6283602714538574,XGBoost,Prediction,Train
2025-08-05,P017,1.7766815423965454,XGBoost,Prediction,Train
2025-08-06,P017,3.3638429641723633,XGBoost,Prediction,Train
2025-08-07,P017,0.8842012882232666,XGBoost,Prediction,Train
2025-08-08,P017,0.7688755393028259,XGBoost,Prediction,Train
2025-08-09,P017,0.8243001699447632,XGBoost,Prediction,Train
2025-08-10,P017,4.756365776062012,XGBoost,Prediction,Train
2025-08-11,P017,2.1933324337005615,XGBoost,Prediction,Train
2025-08-12,P017,2.032891273498535,XGBoost,Prediction,Train
2025-08-13,P017,0.8245933055877686,XGBoost,Prediction,Train
2025-08-14,P017,1.2861371040344238,XGBoost,Prediction,Train
2025-08-15,P017,2.3202829360961914,XGBoost,Prediction,Train
2025-08-16,P017,2.087653398513794,XGBoost,Prediction,Train
2025-08-17,P017,2.680881977081299,XGBoost,Prediction,Train
2025-08-18,P017,1.8659441471099854,XGBoost,Prediction,Train
2025-08-19,P017,1.844773530960083,XGBoost,Prediction,Train
2025-08-20,P017,2.295285940170288,XGBoost,Prediction,Train
2025-08-21,P017,5.484003067016602,XGBoost,Prediction,Train
2025-08-22,P017,6.027900695800781,XGBoost,Prediction,Train
2025-08-23,P017,1.0816243886947632,XGBoost,Prediction,Train
2025-08-24,P017,1.7767351865768433,XGBoost,Prediction,Train
2025-08-25,P017,2.398496389389038,XGBoost,Prediction,Train
2025-08-26,P017,2.518510103225708,XGBoost,Prediction,Train
2025-08-27,P017,0.9115504622459412,XGBoost,Prediction,Train
2025-08-28,P017,0.9089505672454834,XGBoost,Prediction,Train
2025-08-29,P017,0.7895206809043884,XGBoost,Prediction,Train
2025-08-30,P017,0.7050310969352722,XGBoost,Prediction,Train
2025-08-31,P017,1.9402188062667847,XGBoost,Prediction,Train
2025-09-01,P017,3.3910601139068604,XGBoost,Prediction,Train
2025-09-02,P017,0.738544762134552,XGBoost,Prediction,Train
2025-09-03,P017,0.4858796298503876,XGBoost,Prediction,Train
2025-09-04,P017,3.3095006942749023,XGBoost,Prediction,Train
2025-09-05,P017,0.8241719007492065,XGBoost,Prediction,Train
2025-09-06,P017,2.6478497982025146,XGBoost,Prediction,Train
2025-09-07,P017,1.1209931373596191,XGBoost,Prediction,Train
2025-09-08,P017,3.4236037731170654,XGBoost,Prediction,Train
2025-09-09,P017,3.2395572662353516,XGBoost,Prediction,Train
2025-09-10,P017,0.7247151136398315,XGBoost,Prediction,Train
2025-09-11,P017,0.6511613726615906,XGBoost,Prediction,Train
2025-09-12,P017,0.7098525166511536,XGBoost,Prediction,Train
2025-09-13,P017,4.208310604095459,XGBoost,Prediction,Train
2025-09-14,P017,1.713707447052002,XGBoost,Prediction,Train
2025-01-08,P018,2.7623300552368164,XGBoost,Prediction,Train
2025-01-09,P018,0.48407989740371704,XGBoost,Prediction,Train
2025-01-10,P018,0.8988847136497498,XGBoost,Prediction,Train
2025-01-11,P018,1.3857144117355347,XGBoost,Prediction,Train
2025-01-12,P018,0.9353666305541992,XGBoost,Prediction,Train
2025-01-13,P018,0.9313075542449951,XGBoost,Prediction,Train
2025-01-14,P018,1.1167668104171753,XGBoost,Prediction,Train
2025-01-15,P018,1.7369122505187988,XGBoost,Prediction,Train
2025-01-16,P018,0.9922884702682495,XGBoost,Prediction,Train
2025-01-17,P018,1.1433879137039185,XGBoost,Prediction,Train
2025-01-18,P018,5.097184658050537,XGBoost,Prediction,Train
2025-01-19,P018,0.9714258313179016,XGBoost,Prediction,Train
2025-01-20,P018,2.6876556873321533,XGBoost,Prediction,Train
2025-01-21,P018,0.8437936902046204,XGBoost,Prediction,Train
2025-01-22,P018,1.5125144720077515,XGBoost,Prediction,Train
2025-01-23,P018,4.332747459411621,XGBoost,Prediction,Train
2025-01-24,P018,3.249464511871338,XGBoost,Prediction,Train
2025-01-25,P018,2.9008705615997314,XGBoost,Prediction,Train
2025-01-26,P018,1.5354719161987305,XGBoost,Prediction,Train
2025-01-27,P018,0.9293143153190613,XGBoost,Prediction,Train
2025-01-28,P018,2.9833288192749023,XGBoost,Prediction,Train
2025-01-29,P018,6.18982458114624,XGBoost,Prediction,Train
2025-01-30,P018,3.955655574798584,XGBoost,Prediction,Train
2025-01-31,P018,0.9708128571510315,XGBoost,Prediction,Train
2025-02-01,P018,1.3433948755264282,XGBoost,Prediction,Train
2025-02-02,P018,0.981704831123352,XGBoost,Prediction,Train
2025-02-03,P018,0.6850302815437317,XGBoost,Prediction,Train
2025-02-04,P018,1.8441089391708374,XGBoost,Prediction,Train
2025-02-05,P018,1.9710838794708252,XGBoost,Prediction,Train
2025-02-06,P018,1.2471221685409546,XGBoost,Prediction,Train
2025-02-07,P018,2.6383259296417236,XGBoost,Prediction,Train
2025-02-08,P018,5.242321491241455,XGBoost,Prediction,Train
2025-02-09,P018,1.09322190284729,XGBoost,Prediction,Train
2025-02-10,P018,1.9393562078475952,XGBoost,Prediction,Train
2025-02-11,P018,1.9568041563034058,XGBoost,Prediction,Train
2025-02-12,P018,0.8658487796783447,XGBoost,Prediction,Train
2025-02-13,P018,1.2714332342147827,XGBoost,Prediction,Train
2025-02-14,P018,4.265218257904053,XGBoost,Prediction,Train
2025-02-15,P018,0.6521217226982117,XGBoost,Prediction,Train
2025-02-16,P018,1.1450726985931396,XGBoost,Prediction,Train
2025-02-17,P018,1.4440926313400269,XGBoost,Prediction,Train
2025-02-18,P018,1.0606310367584229,XGBoost,Prediction,Train
2025-02-19,P018,1.894474744796753,XGBoost,Prediction,Train
2025-02-20,P018,4.664492607116699,XGBoost,Prediction,Train
2025-02-21,P018,0.8242382407188416,XGBoost,Prediction,Train
2025-02-22,P018,1.7408931255340576,XGBoost,Prediction,Train
2025-02-23,P018,1.8319833278656006,XGBoost,Prediction,Train
2025-02-24,P018,2.732513427734375,XGBoost,Prediction,Train
2025-02-25,P018,0.9246872663497925,XGBoost,Prediction,Train
2025-02-26,P018,0.9043644070625305,XGBoost,Prediction,Train
2025-02-27,P018,4.894004821777344,XGBoost,Prediction,Train
2025-02-28,P018,4.310661792755127,XGBoost,Prediction,Train
2025-03-01,P018,1.3674581050872803,XGBoost,Prediction,Train
2025-03-02,P018,0.7941270470619202,XGBoost,Prediction,Train
2025-03-03,P018,4.339242935180664,XGBoost,Prediction,Train
2025-03-04,P018,1.6190004348754883,XGBoost,Prediction,Train
2025-03-05,P018,1.4723447561264038,XGBoost,Prediction,Train
2025-03-06,P018,3.5773234367370605,XGBoost,Prediction,Train
2025-03-07,P018,2.838589668273926,XGBoost,Prediction,Train
2025-03-08,P018,3.560256242752075,XGBoost,Prediction,Train
2025-03-09,P018,3.4949002265930176,XGBoost,Prediction,Train
2025-03-10,P018,1.1370654106140137,XGBoost,Prediction,Train
2025-03-11,P018,0.9401553273200989,XGBoost,Prediction,Train
2025-03-12,P018,2.447705030441284,XGBoost,Prediction,Train
2025-03-13,P018,1.1940295696258545,XGBoost,Prediction,Train
2025-03-14,P018,2.5895707607269287,XGBoost,Prediction,Train
2025-03-15,P018,1.9498488903045654,XGBoost,Prediction,Train
2025-03-16,P018,0.7198882699012756,XGBoost,Prediction,Train
2025-03-17,P018,1.069961428642273,XGBoost,Prediction,Train
2025-03-18,P018,1.0256966352462769,XGBoost,Prediction,Train
2025-03-19,P018,0.6709303855895996,XGBoost,Prediction,Train
2025-03-20,P018,1.1186575889587402,XGBoost,Prediction,Train
2025-03-21,P018,1.0623753070831299,XGBoost,Prediction,Train
2025-03-22,P018,3.2476770877838135,XGBoost,Prediction,Train
2025-03-23,P018,2.816072702407837,XGBoost,Prediction,Train
2025-03-24,P018,0.9880306124687195,XGBoost,Prediction,Train
2025-03-25,P018,3.34966778755188,XGBoost,Prediction,Train
2025-03-26,P018,5.9497246742248535,XGBoost,Prediction,Train
2025-03-27,P018,1.5130865573883057,XGBoost,Prediction,Train
2025-03-28,P018,0.7295520901679993,XGBoost,Prediction,Train
2025-03-29,P018,2.8064563274383545,XGBoost,Prediction,Train
2025-03-30,P018,3.9943583011627197,XGBoost,Prediction,Train
2025-03-31,P018,2.0136735439300537,XGBoost,Prediction,Train
2025-04-01,P018,1.6264375448226929,XGBoost,Prediction,Train
2025-04-02,P018,2.0543010234832764,XGBoost,Prediction,Train
2025-04-03,P018,2.5156054496765137,XGBoost,Prediction,Train
2025-04-04,P018,2.6579816341400146,XGBoost,Prediction,Train
2025-04-05,P018,0.9357510805130005,XGBoost,Prediction,Train
2025-04-06,P018,0.8103677034378052,XGBoost,Prediction,Train
2025-04-07,P018,2.00454044342041,XGBoost,Prediction,Train
2025-04-08,P018,0.9916107058525085,XGBoost,Prediction,Train
2025-04-09,P018,0.843964159488678,XGBoost,Prediction,Train
2025-04-10,P018,1.1373045444488525,XGBoost,Prediction,Train
2025-04-11,P018,4.695141792297363,XGBoost,Prediction,Train
2025-04-12,P018,5.438831806182861,XGBoost,Prediction,Train
2025-04-13,P018,1.479452133178711,XGBoost,Prediction,Train
2025-04-14,P018,2.617380142211914,XGBoost,Prediction,Train
2025-04-15,P018,3.1920711994171143,XGBoost,Prediction,Train
2025-04-16,P018,3.73848557472229,XGBoost,Prediction,Train
2025-04-17,P018,0.9970000386238098,XGBoost,Prediction,Train
2025-04-18,P018,2.5322675704956055,XGBoost,Prediction,Train
2025-04-19,P018,2.3493902683258057,XGBoost,Prediction,Train
2025-04-20,P018,0.7062347531318665,XGBoost,Prediction,Train
2025-04-21,P018,1.8379768133163452,XGBoost,Prediction,Train
2025-04-22,P018,1.582105040550232,XGBoost,Prediction,Train
2025-04-23,P018,1.100841999053955,XGBoost,Prediction,Train
2025-04-24,P018,1.9324508905410767,XGBoost,Prediction,Train
2025-04-25,P018,1.4467099905014038,XGBoost,Prediction,Train
2025-04-26,P018,4.174803733825684,XGBoost,Prediction,Train
2025-04-27,P018,5.538408279418945,XGBoost,Prediction,Train
2025-04-28,P018,2.6815755367279053,XGBoost,Prediction,Train
2025-04-29,P018,0.5506343841552734,XGBoost,Prediction,Train
2025-04-30,P018,1.2379186153411865,XGBoost,Prediction,Train
2025-05-01,P018,2.7233259677886963,XGBoost,Prediction,Train
2025-05-02,P018,2.7565395832061768,XGBoost,Prediction,Train
2025-05-03,P018,0.7601711750030518,XGBoost,Prediction,Train
2025-05-04,P018,2.60224986076355,XGBoost,Prediction,Train
2025-05-05,P018,1.1714165210723877,XGBoost,Prediction,Train
2025-05-06,P018,0.8205035328865051,XGBoost,Prediction,Train
2025-05-07,P018,1.1339483261108398,XGBoost,Prediction,Train
2025-05-08,P018,0.8692432045936584,XGBoost,Prediction,Train
2025-05-09,P018,6.112512588500977,XGBoost,Prediction,Train
2025-05-10,P018,1.3971140384674072,XGBoost,Prediction,Train
2025-05-11,P018,0.6439411044120789,XGBoost,Prediction,Train
2025-05-12,P018,1.9387937784194946,XGBoost,Prediction,Train
2025-05-13,P018,1.4625988006591797,XGBoost,Prediction,Train
2025-05-14,P018,2.1153697967529297,XGBoost,Prediction,Train
2025-05-15,P018,0.8628008365631104,XGBoost,Prediction,Train
2025-05-16,P018,2.3016197681427,XGBoost,Prediction,Train
2025-05-17,P018,2.1204888820648193,XGBoost,Prediction,Train
2025-05-18,P018,0.5794858932495117,XGBoost,Prediction,Train
2025-05-19,P018,3.1067166328430176,XGBoost,Prediction,Train
2025-05-20,P018,3.7161481380462646,XGBoost,Prediction,Train
2025-05-21,P018,2.8192026615142822,XGBoost,Prediction,Train
2025-05-22,P018,1.8493574857711792,XGBoost,Prediction,Train
2025-05-23,P018,2.7291433811187744,XGBoost,Prediction,Train
2025-05-24,P018,1.884447455406189,XGBoost,Prediction,Train
2025-05-25,P018,1.2223645448684692,XGBoost,Prediction,Train
2025-05-26,P018,2.6120617389678955,XGBoost,Prediction,Train
2025-05-27,P018,2.6607625484466553,XGBoost,Prediction,Train
2025-05-28,P018,1.2542411088943481,XGBoost,Prediction,Train
2025-05-29,P018,1.2916673421859741,XGBoost,Prediction,Train
2025-05-30,P018,1.8960959911346436,XGBoost,Prediction,Train
2025-05-31,P018,0.7216588854789734,XGBoost,Prediction,Train
2025-06-01,P018,3.611534833908081,XGBoost,Prediction,Train
2025-06-02,P018,6.42845344543457,XGBoost,Prediction,Train
2025-06-03,P018,2.867497205734253,XGBoost,Prediction,Train
2025-06-04,P018,4.908316135406494,XGBoost,Prediction,Train
2025-06-05,P018,3.6110341548919678,XGBoost,Prediction,Train
2025-06-06,P018,3.993964433670044,XGBoost,Prediction,Train
2025-06-07,P018,3.8279054164886475,XGBoost,Prediction,Train
2025-06-08,P018,2.6483917236328125,XGBoost,Prediction,Train
2025-06-09,P018,2.575833797454834,XGBoost,Prediction,Train
2025-06-10,P018,0.738589882850647,XGBoost,Prediction,Train
2025-06-11,P018,4.264197826385498,XGBoost,Prediction,Train
2025-06-12,P018,1.6352958679199219,XGBoost,Prediction,Train
2025-06-13,P018,1.8370556831359863,XGBoost,Prediction,Train
2025-06-14,P018,4.7761054039001465,XGBoost,Prediction,Train
2025-06-15,P018,4.358062267303467,XGBoost,Prediction,Train
2025-06-16,P018,1.3815383911132812,XGBoost,Prediction,Train
2025-06-17,P018,1.4112694263458252,XGBoost,Prediction,Train
2025-06-18,P018,0.9919014573097229,XGBoost,Prediction,Train
2025-06-19,P018,4.515762805938721,XGBoost,Prediction,Train
2025-06-20,P018,3.384162187576294,XGBoost,Prediction,Train
2025-06-21,P018,1.038020133972168,XGBoost,Prediction,Train
2025-06-22,P018,1.970602035522461,XGBoost,Prediction,Train
2025-06-23,P018,1.9798763990402222,XGBoost,Prediction,Train
2025-06-24,P018,6.505845546722412,XGBoost,Prediction,Train
2025-06-25,P018,1.4523844718933105,XGBoost,Prediction,Train
2025-06-26,P018,2.899782419204712,XGBoost,Prediction,Train
2025-06-27,P018,0.8933427333831787,XGBoost,Prediction,Train
2025-06-28,P018,1.0123107433319092,XGBoost,Prediction,Train
2025-06-29,P018,2.7903900146484375,XGBoost,Prediction,Train
2025-06-30,P018,3.2885313034057617,XGBoost,Prediction,Train
2025-07-01,P018,1.1799980401992798,XGBoost,Prediction,Train
2025-07-02,P018,2.032506227493286,XGBoost,Prediction,Train
2025-07-03,P018,1.938235878944397,XGBoost,Prediction,Train
2025-07-04,P018,1.9361515045166016,XGBoost,Prediction,Train
2025-07-05,P018,0.624846339225769,XGBoost,Prediction,Train
2025-07-06,P018,2.700225591659546,XGBoost,Prediction,Train
2025-07-07,P018,4.750111103057861,XGBoost,Prediction,Train
2025-07-08,P018,2.5137107372283936,XGBoost,Prediction,Train
2025-07-09,P018,2.430955410003662,XGBoost,Prediction,Train
2025-07-10,P018,3.301131010055542,XGBoost,Prediction,Train
2025-07-11,P018,1.5325926542282104,XGBoost,Prediction,Train
2025-07-12,P018,1.897388219833374,XGBoost,Prediction,Train
2025-07-13,P018,0.9069571495056152,XGBoost,Prediction,Train
2025-07-14,P018,4.028700351715088,XGBoost,Prediction,Train
2025-07-15,P018,2.7427263259887695,XGBoost,Prediction,Train
2025-07-16,P018,0.8065210580825806,XGBoost,Prediction,Train
2025-07-17,P018,1.3918840885162354,XGBoost,Prediction,Train
2025-07-18,P018,3.2661805152893066,XGBoost,Prediction,Train
2025-07-19,P018,2.012486696243286,XGBoost,Prediction,Train
2025-07-20,P018,1.3729910850524902,XGBoost,Prediction,Train
2025-07-21,P018,0.6466190218925476,XGBoost,Prediction,Train
2025-07-22,P018,3.494267225265503,XGBoost,Prediction,Train
2025-07-23,P018,0.704607367515564,XGBoost,Prediction,Train
2025-07-24,P018,1.0502032041549683,XGBoost,Prediction,Train
2025-07-25,P018,4.970524311065674,XGBoost,Prediction,Train
2025-07-26,P018,2.08090877532959,XGBoost,Prediction,Train
2025-07-27,P018,1.7445333003997803,XGBoost,Prediction,Train
2025-07-28,P018,3.5123813152313232,XGBoost,Prediction,Train
2025-07-29,P018,4.208306789398193,XGBoost,Prediction,Train
2025-07-30,P018,2.74343204498291,XGBoost,Prediction,Train
2025-07-31,P018,0.7676025629043579,XGBoost,Prediction,Train
2025-08-01,P018,2.553372621536255,XGBoost,Prediction,Train
2025-08-02,P018,0.8617036938667297,XGBoost,Prediction,Train
2025-08-03,P018,0.6368820071220398,XGBoost,Prediction,Train
2025-08-04,P018,2.6896297931671143,XGBoost,Prediction,Train
2025-08-05,P018,2.540010452270508,XGBoost,Prediction,Train
2025-08-06,P018,0.6337979435920715,XGBoost,Prediction,Train
2025-08-07,P018,1.2270649671554565,XGBoost,Prediction,Train
2025-08-08,P018,3.8082780838012695,XGBoost,Prediction,Train
2025-08-09,P018,1.8141463994979858,XGBoost,Prediction,Train
2025-08-10,P018,5.361833572387695,XGBoost,Prediction,Train
2025-08-11,P018,0.9921680092811584,XGBoost,Prediction,Train
2025-08-12,P018,1.5851346254348755,XGBoost,Prediction,Train
2025-08-13,P018,3.279883623123169,XGBoost,Prediction,Train
2025-08-14,P018,0.7983635067939758,XGBoost,Prediction,Train
2025-08-15,P018,1.4453352689743042,XGBoost,Prediction,Train
2025-08-16,P018,2.0254478454589844,XGBoost,Prediction,Train
2025-08-17,P018,1.957715392112732,XGBoost,Prediction,Train
2025-08-18,P018,2.710092544555664,XGBoost,Prediction,Train
2025-08-19,P018,2.3156330585479736,XGBoost,Prediction,Train
2025-08-20,P018,1.1455862522125244,XGBoost,Prediction,Train
2025-08-21,P018,4.530881881713867,XGBoost,Prediction,Train
2025-08-22,P018,0.8559437394142151,XGBoost,Prediction,Train
2025-08-23,P018,3.465569257736206,XGBoost,Prediction,Train
2025-08-24,P018,1.2479078769683838,XGBoost,Prediction,Train
2025-08-25,P018,3.8209261894226074,XGBoost,Prediction,Train
2025-08-26,P018,3.8649635314941406,XGBoost,Prediction,Train
2025-08-27,P018,2.7589709758758545,XGBoost,Prediction,Train
2025-08-28,P018,0.8293848633766174,XGBoost,Prediction,Train
2025-08-29,P018,1.0178216695785522,XGBoost,Prediction,Train
2025-08-30,P018,1.8556697368621826,XGBoost,Prediction,Train
2025-08-31,P018,3.2795188426971436,XGBoost,Prediction,Train
2025-09-01,P018,1.133158564567566,XGBoost,Prediction,Train
2025-09-02,P018,5.455218315124512,XGBoost,Prediction,Train
2025-09-03,P018,1.410949468612671,XGBoost,Prediction,Train
2025-09-04,P018,3.7122273445129395,XGBoost,Prediction,Train
2025-09-05,P018,2.032966136932373,XGBoost,Prediction,Train
2025-09-06,P018,1.0840418338775635,XGBoost,Prediction,Train
2025-09-07,P018,2.604567289352417,XGBoost,Prediction,Train
2025-09-08,P018,0.7297055125236511,XGBoost,Prediction,Train
2025-09-09,P018,4.472198963165283,XGBoost,Prediction,Train
2025-09-10,P018,4.272615432739258,XGBoost,Prediction,Train
2025-09-11,P018,1.0588455200195312,XGBoost,Prediction,Train
2025-09-12,P018,2.6254241466522217,XGBoost,Prediction,Train
2025-09-13,P018,1.4420157670974731,XGBoost,Prediction,Train
2025-09-14,P018,1.111781358718872,XGBoost,Prediction,Train
2025-01-08,P019,2.02312970161438,XGBoost,Prediction,Train
2025-01-09,P019,2.8255462646484375,XGBoost,Prediction,Train
2025-01-10,P019,2.0293831825256348,XGBoost,Prediction,Train
2025-01-11,P019,1.0799556970596313,XGBoost,Prediction,Train
2025-01-12,P019,0.8005688190460205,XGBoost,Prediction,Train
2025-01-13,P019,0.7706074118614197,XGBoost,Prediction,Train
2025-01-14,P019,7.216776371002197,XGBoost,Prediction,Train
2025-01-15,P019,0.4710351526737213,XGBoost,Prediction,Train
2025-01-16,P019,1.1545701026916504,XGBoost,Prediction,Train
2025-01-17,P019,0.4694744944572449,XGBoost,Prediction,Train
2025-01-18,P019,2.659884452819824,XGBoost,Prediction,Train
2025-01-19,P019,1.9705865383148193,XGBoost,Prediction,Train
2025-01-20,P019,0.5294630527496338,XGBoost,Prediction,Train
2025-01-21,P019,1.3377188444137573,XGBoost,Prediction,Train
2025-01-22,P019,1.9012855291366577,XGBoost,Prediction,Train
2025-01-23,P019,2.8044188022613525,XGBoost,Prediction,Train
2025-01-24,P019,1.8863766193389893,XGBoost,Prediction,Train
2025-01-25,P019,0.5668237805366516,XGBoost,Prediction,Train
2025-01-26,P019,1.130211591720581,XGBoost,Prediction,Train
2025-01-27,P019,1.972879409790039,XGBoost,Prediction,Train
2025-01-28,P019,1.997976541519165,XGBoost,Prediction,Train
2025-01-29,P019,2.079986095428467,XGBoost,Prediction,Train
2025-01-30,P019,3.9589226245880127,XGBoost,Prediction,Train
2025-01-31,P019,0.927238404750824,XGBoost,Prediction,Train
2025-02-01,P019,0.5594785213470459,XGBoost,Prediction,Train
2025-02-02,P019,2.1541826725006104,XGBoost,Prediction,Train
2025-02-03,P019,0.6306410431861877,XGBoost,Prediction,Train
2025-02-04,P019,3.2531702518463135,XGBoost,Prediction,Train
2025-02-05,P019,3.569124937057495,XGBoost,Prediction,Train
2025-02-06,P019,2.1624114513397217,XGBoost,Prediction,Train
2025-02-07,P019,0.7905945777893066,XGBoost,Prediction,Train
2025-02-08,P019,1.0942094326019287,XGBoost,Prediction,Train
2025-02-09,P019,3.4739553928375244,XGBoost,Prediction,Train
2025-02-10,P019,2.9296507835388184,XGBoost,Prediction,Train
2025-02-11,P019,1.1700146198272705,XGBoost,Prediction,Train
2025-02-12,P019,0.5569238662719727,XGBoost,Prediction,Train
2025-02-13,P019,1.1502866744995117,XGBoost,Prediction,Train
2025-02-14,P019,1.9912315607070923,XGBoost,Prediction,Train
2025-02-15,P019,1.8882328271865845,XGBoost,Prediction,Train
2025-02-16,P019,0.7886248230934143,XGBoost,Prediction,Train
2025-02-17,P019,1.1001743078231812,XGBoost,Prediction,Train
2025-02-18,P019,1.1420727968215942,XGBoost,Prediction,Train
2025-02-19,P019,4.3227434158325195,XGBoost,Prediction,Train
2025-02-20,P019,5.472332000732422,XGBoost,Prediction,Train
2025-02-21,P019,2.6144535541534424,XGBoost,Prediction,Train
2025-02-22,P019,0.6699942350387573,XGBoost,Prediction,Train
2025-02-23,P019,2.674266815185547,XGBoost,Prediction,Train
2025-02-24,P019,1.315157175064087,XGBoost,Prediction,Train
2025-02-25,P019,2.8863816261291504,XGBoost,Prediction,Train
2025-02-26,P019,0.8444554805755615,XGBoost,Prediction,Train
2025-02-27,P019,5.965585708618164,XGBoost,Prediction,Train
2025-02-28,P019,0.6383275389671326,XGBoost,Prediction,Train
2025-03-01,P019,0.8407536745071411,XGBoost,Prediction,Train
2025-03-02,P019,0.7275880575180054,XGBoost,Prediction,Train
2025-03-03,P019,1.7979793548583984,XGBoost,Prediction,Train
2025-03-04,P019,1.8443557024002075,XGBoost,Prediction,Train
2025-03-05,P019,1.5445743799209595,XGBoost,Prediction,Train
2025-03-06,P019,0.7393929958343506,XGBoost,Prediction,Train
2025-03-07,P019,0.8195470571517944,XGBoost,Prediction,Train
2025-03-08,P019,0.5219994187355042,XGBoost,Prediction,Train
2025-03-09,P019,2.8670830726623535,XGBoost,Prediction,Train
2025-03-10,P019,1.8836599588394165,XGBoost,Prediction,Train
2025-03-11,P019,1.224401831626892,XGBoost,Prediction,Train
2025-03-12,P019,1.863946557044983,XGBoost,Prediction,Train
2025-03-13,P019,1.0480817556381226,XGBoost,Prediction,Train
2025-03-14,P019,4.567377090454102,XGBoost,Prediction,Train
2025-03-15,P019,2.7819371223449707,XGBoost,Prediction,Train
2025-03-16,P019,2.803499937057495,XGBoost,Prediction,Train
2025-03-17,P019,2.0246081352233887,XGBoost,Prediction,Train
2025-03-18,P019,1.0584170818328857,XGBoost,Prediction,Train
2025-03-19,P019,2.7206082344055176,XGBoost,Prediction,Train
2025-03-20,P019,3.15010666847229,XGBoost,Prediction,Train
2025-03-21,P019,2.0213186740875244,XGBoost,Prediction,Train
2025-03-22,P019,1.0424376726150513,XGBoost,Prediction,Train
2025-03-23,P019,0.6454441547393799,XGBoost,Prediction,Train
2025-03-24,P019,2.5129334926605225,XGBoost,Prediction,Train
2025-03-25,P019,2.881723165512085,XGBoost,Prediction,Train
2025-03-26,P019,1.2425596714019775,XGBoost,Prediction,Train
2025-03-27,P019,1.914613127708435,XGBoost,Prediction,Train
2025-03-28,P019,0.7837916612625122,XGBoost,Prediction,Train
2025-03-29,P019,1.0653176307678223,XGBoost,Prediction,Train
2025-03-30,P019,1.8573886156082153,XGBoost,Prediction,Train
2025-03-31,P019,4.700939655303955,XGBoost,Prediction,Train
2025-04-01,P019,1.4010202884674072,XGBoost,Prediction,Train
2025-04-02,P019,1.1193069219589233,XGBoost,Prediction,Train
2025-04-03,P019,1.908190369606018,XGBoost,Prediction,Train
2025-04-04,P019,5.779439926147461,XGBoost,Prediction,Train
2025-04-05,P019,0.6430622935295105,XGBoost,Prediction,Train
2025-04-06,P019,0.49060627818107605,XGBoost,Prediction,Train
2025-04-07,P019,2.0113112926483154,XGBoost,Prediction,Train
2025-04-08,P019,1.933750867843628,XGBoost,Prediction,Train
2025-04-09,P019,2.9538803100585938,XGBoost,Prediction,Train
2025-04-10,P019,2.4482085704803467,XGBoost,Prediction,Train
2025-04-11,P019,1.8748106956481934,XGBoost,Prediction,Train
2025-04-12,P019,4.420677661895752,XGBoost,Prediction,Train
2025-04-13,P019,1.7277964353561401,XGBoost,Prediction,Train
2025-04-14,P019,0.6158596277236938,XGBoost,Prediction,Train
2025-04-15,P019,2.261216402053833,XGBoost,Prediction,Train
2025-04-16,P019,4.164867401123047,XGBoost,Prediction,Train
2025-04-17,P019,0.7938603758811951,XGBoost,Prediction,Train
2025-04-18,P019,5.125539779663086,XGBoost,Prediction,Train
2025-04-19,P019,3.6552743911743164,XGBoost,Prediction,Train
2025-04-20,P019,0.6104395389556885,XGBoost,Prediction,Train
2025-04-21,P019,3.0520424842834473,XGBoost,Prediction,Train
2025-04-22,P019,1.1507632732391357,XGBoost,Prediction,Train
2025-04-23,P019,1.4406627416610718,XGBoost,Prediction,Train
2025-04-24,P019,1.8365094661712646,XGBoost,Prediction,Train
2025-04-25,P019,1.770215392112732,XGBoost,Prediction,Train
2025-04-26,P019,6.298419952392578,XGBoost,Prediction,Train
2025-04-27,P019,2.6531825065612793,XGBoost,Prediction,Train
2025-04-28,P019,0.6185248494148254,XGBoost,Prediction,Train
2025-04-29,P019,0.9125276803970337,XGBoost,Prediction,Train
2025-04-30,P019,2.760301113128662,XGBoost,Prediction,Train
2025-05-01,P019,0.7236671447753906,XGBoost,Prediction,Train
2025-05-02,P019,0.8948078155517578,XGBoost,Prediction,Train
2025-05-03,P019,0.964046835899353,XGBoost,Prediction,Train
2025-05-04,P019,6.491668224334717,XGBoost,Prediction,Train
2025-05-05,P019,1.049321174621582,XGBoost,Prediction,Train
2025-05-06,P019,0.9316302537918091,XGBoost,Prediction,Train
2025-05-07,P019,1.550819754600525,XGBoost,Prediction,Train
2025-05-08,P019,1.1145516633987427,XGBoost,Prediction,Train
2025-05-09,P019,2.1549179553985596,XGBoost,Prediction,Train
2025-05-10,P019,1.208940863609314,XGBoost,Prediction,Train
2025-05-11,P019,0.5398042798042297,XGBoost,Prediction,Train
2025-05-12,P019,2.8194823265075684,XGBoost,Prediction,Train
2025-05-13,P019,1.0195783376693726,XGBoost,Prediction,Train
2025-05-14,P019,1.7343559265136719,XGBoost,Prediction,Train
2025-05-15,P019,0.7332913279533386,XGBoost,Prediction,Train
2025-05-16,P019,4.239826679229736,XGBoost,Prediction,Train
2025-05-17,P019,2.516155242919922,XGBoost,Prediction,Train
2025-05-18,P019,2.538886070251465,XGBoost,Prediction,Train
2025-05-19,P019,5.3381781578063965,XGBoost,Prediction,Train
2025-05-20,P019,0.9014445543289185,XGBoost,Prediction,Train
2025-05-21,P019,2.676258087158203,XGBoost,Prediction,Train
2025-05-22,P019,0.5343323349952698,XGBoost,Prediction,Train
2025-05-23,P019,5.0927414894104,XGBoost,Prediction,Train
2025-05-24,P019,2.534705400466919,XGBoost,Prediction,Train
2025-05-25,P019,2.613675355911255,XGBoost,Prediction,Train
2025-05-26,P019,2.9693875312805176,XGBoost,Prediction,Train
2025-05-27,P019,5.956516265869141,XGBoost,Prediction,Train
2025-05-28,P019,2.039106845855713,XGBoost,Prediction,Train
2025-05-29,P019,1.1375950574874878,XGBoost,Prediction,Train
2025-05-30,P019,0.9865149855613708,XGBoost,Prediction,Train
2025-05-31,P019,0.9131311774253845,XGBoost,Prediction,Train
2025-06-01,P019,0.6298379302024841,XGBoost,Prediction,Train
2025-06-02,P019,0.49440261721611023,XGBoost,Prediction,Train
2025-06-03,P019,0.7796757221221924,XGBoost,Prediction,Train
2025-06-04,P019,6.473621368408203,XGBoost,Prediction,Train
2025-06-05,P019,1.7750893831253052,XGBoost,Prediction,Train
2025-06-06,P019,0.5718223452568054,XGBoost,Prediction,Train
2025-06-07,P019,2.6595146656036377,XGBoost,Prediction,Train
2025-06-08,P019,4.802325248718262,XGBoost,Prediction,Train
2025-06-09,P019,2.8771798610687256,XGBoost,Prediction,Train
2025-06-10,P019,5.432215690612793,XGBoost,Prediction,Train
2025-06-11,P019,0.9043139815330505,XGBoost,Prediction,Train
2025-06-12,P019,0.7526243925094604,XGBoost,Prediction,Train
2025-06-13,P019,3.911470651626587,XGBoost,Prediction,Train
2025-06-14,P019,6.128249168395996,XGBoost,Prediction,Train
2025-06-15,P019,1.2346404790878296,XGBoost,Prediction,Train
2025-06-16,P019,0.8443756103515625,XGBoost,Prediction,Train
2025-06-17,P019,2.063342571258545,XGBoost,Prediction,Train
2025-06-18,P019,1.2412512302398682,XGBoost,Prediction,Train
2025-06-19,P019,1.9634912014007568,XGBoost,Prediction,Train
2025-06-20,P019,2.680436134338379,XGBoost,Prediction,Train
2025-06-21,P019,4.691314220428467,XGBoost,Prediction,Train
2025-06-22,P019,2.070060968399048,XGBoost,Prediction,Train
2025-06-23,P019,1.1206313371658325,XGBoost,Prediction,Train
2025-06-24,P019,3.931366443634033,XGBoost,Prediction,Train
2025-06-25,P019,2.7906391620635986,XGBoost,Prediction,Train
2025-06-26,P019,0.9161540865898132,XGBoost,Prediction,Train
2025-06-27,P019,1.074134349822998,XGBoost,Prediction,Train
2025-06-28,P019,1.446286916732788,XGBoost,Prediction,Train
2025-06-29,P019,0.8952188491821289,XGBoost,Prediction,Train
2025-06-30,P019,2.6131441593170166,XGBoost,Prediction,Train
2025-07-01,P019,0.760478138923645,XGBoost,Prediction,Train
2025-07-02,P019,3.1653878688812256,XGBoost,Prediction,Train
2025-07-03,P019,1.1278795003890991,XGBoost,Prediction,Train
2025-07-04,P019,0.9496834874153137,XGBoost,Prediction,Train
2025-07-05,P019,1.4588345289230347,XGBoost,Prediction,Train
2025-07-06,P019,2.019028663635254,XGBoost,Prediction,Train
2025-07-07,P019,5.455087184906006,XGBoost,Prediction,Train
2025-07-08,P019,0.7921207547187805,XGBoost,Prediction,Train
2025-07-09,P019,2.589503049850464,XGBoost,Prediction,Train
2025-07-10,P019,4.246182441711426,XGBoost,Prediction,Train
2025-07-11,P019,1.2834196090698242,XGBoost,Prediction,Train
2025-07-12,P019,2.0980606079101562,XGBoost,Prediction,Train
2025-07-13,P019,0.5885080695152283,XGBoost,Prediction,Train
2025-07-14,P019,2.1564266681671143,XGBoost,Prediction,Train
2025-07-15,P019,0.760086178779602,XGBoost,Prediction,Train
2025-07-16,P019,1.141435146331787,XGBoost,Prediction,Train
2025-07-17,P019,2.003175735473633,XGBoost,Prediction,Train
2025-07-18,P019,0.5432130694389343,XGBoost,Prediction,Train
2025-07-19,P019,3.989363431930542,XGBoost,Prediction,Train
2025-07-20,P019,1.1826858520507812,XGBoost,Prediction,Train
2025-07-21,P019,1.201314091682434,XGBoost,Prediction,Train
2025-07-22,P019,0.6409686803817749,XGBoost,Prediction,Train
2025-07-23,P019,1.459836721420288,XGBoost,Prediction,Train
2025-07-24,P019,0.78593909740448,XGBoost,Prediction,Train
2025-07-25,P019,2.020573139190674,XGBoost,Prediction,Train
2025-07-26,P019,2.724907159805298,XGBoost,Prediction,Train
2025-07-27,P019,3.5034027099609375,XGBoost,Prediction,Train
2025-07-28,P019,3.1755659580230713,XGBoost,Prediction,Train
2025-07-29,P019,1.112365961074829,XGBoost,Prediction,Train
2025-07-30,P019,0.8545969128608704,XGBoost,Prediction,Train
2025-07-31,P019,1.3082607984542847,XGBoost,Prediction,Train
2025-08-01,P019,0.780925989151001,XGBoost,Prediction,Train
2025-08-02,P019,1.5898417234420776,XGBoost,Prediction,Train
2025-08-03,P019,0.6452714204788208,XGBoost,Prediction,Train
2025-08-04,P019,1.2401087284088135,XGBoost,Prediction,Train
2025-08-05,P019,2.61403751373291,XGBoost,Prediction,Train
2025-08-06,P019,3.5038464069366455,XGBoost,Prediction,Train
2025-08-07,P019,2.6010093688964844,XGBoost,Prediction,Train
2025-08-08,P019,3.0729262828826904,XGBoost,Prediction,Train
2025-08-09,P019,1.0478498935699463,XGBoost,Prediction,Train
2025-08-10,P019,1.9430582523345947,XGBoost,Prediction,Train
2025-08-11,P019,1.9155477285385132,XGBoost,Prediction,Train
2025-08-12,P019,4.240059852600098,XGBoost,Prediction,Train
2025-08-13,P019,0.4345674514770508,XGBoost,Prediction,Train
2025-08-14,P019,0.4606913924217224,XGBoost,Prediction,Train
2025-08-15,P019,1.6644858121871948,XGBoost,Prediction,Train
2025-08-16,P019,1.9570988416671753,XGBoost,Prediction,Train
2025-08-17,P019,3.2078089714050293,XGBoost,Prediction,Train
2025-08-18,P019,0.9732711911201477,XGBoost,Prediction,Train
2025-08-19,P019,2.963057041168213,XGBoost,Prediction,Train
2025-08-20,P019,1.91132390499115,XGBoost,Prediction,Train
2025-08-21,P019,4.366531848907471,XGBoost,Prediction,Train
2025-08-22,P019,1.7801982164382935,XGBoost,Prediction,Train
2025-08-23,P019,0.9078754782676697,XGBoost,Prediction,Train
2025-08-24,P019,1.1798689365386963,XGBoost,Prediction,Train
2025-08-25,P019,1.3791643381118774,XGBoost,Prediction,Train
2025-08-26,P019,2.5001020431518555,XGBoost,Prediction,Train
2025-08-27,P019,1.9905095100402832,XGBoost,Prediction,Train
2025-08-28,P019,0.611457109451294,XGBoost,Prediction,Train
2025-08-29,P019,0.6302514672279358,XGBoost,Prediction,Train
2025-08-30,P019,3.621225595474243,XGBoost,Prediction,Train
2025-08-31,P019,1.4592232704162598,XGBoost,Prediction,Train
2025-09-01,P019,2.1219823360443115,XGBoost,Prediction,Train
2025-09-02,P019,0.946863055229187,XGBoost,Prediction,Train
2025-09-03,P019,1.9393939971923828,XGBoost,Prediction,Train
2025-09-04,P019,2.566859483718872,XGBoost,Prediction,Train
2025-09-05,P019,0.8557629585266113,XGBoost,Prediction,Train
2025-09-06,P019,4.652009010314941,XGBoost,Prediction,Train
2025-09-07,P019,0.6741030812263489,XGBoost,Prediction,Train
2025-09-08,P019,4.622369289398193,XGBoost,Prediction,Train
2025-09-09,P019,0.4148360788822174,XGBoost,Prediction,Train
2025-09-10,P019,0.5760844349861145,XGBoost,Prediction,Train
2025-09-11,P019,0.8932686448097229,XGBoost,Prediction,Train
2025-09-12,P019,1.1960896253585815,XGBoost,Prediction,Train
2025-09-13,P019,4.618364334106445,XGBoost,Prediction,Train
2025-09-14,P019,2.9211602210998535,XGBoost,Prediction,Train
2025-01-08,P020,1.2703839540481567,XGBoost,Prediction,Train
2025-01-09,P020,0.5360049605369568,XGBoost,Prediction,Train
2025-01-10,P020,1.1687901020050049,XGBoost,Prediction,Train
2025-01-11,P020,4.205231189727783,XGBoost,Prediction,Train
2025-01-12,P020,1.066717505455017,XGBoost,Prediction,Train
2025-01-13,P020,0.8622176051139832,XGBoost,Prediction,Train
2025-01-14,P020,1.071133017539978,XGBoost,Prediction,Train
2025-01-15,P020,0.86390221118927,XGBoost,Prediction,Train
2025-01-16,P020,4.919030666351318,XGBoost,Prediction,Train
2025-01-17,P020,0.611836314201355,XGBoost,Prediction,Train
2025-01-18,P020,0.6730807423591614,XGBoost,Prediction,Train
2025-01-19,P020,2.1626455783843994,XGBoost,Prediction,Train
2025-01-20,P020,0.7250003218650818,XGBoost,Prediction,Train
2025-01-21,P020,3.8619234561920166,XGBoost,Prediction,Train
2025-01-22,P020,3.803928852081299,XGBoost,Prediction,Train
2025-01-23,P020,3.2207000255584717,XGBoost,Prediction,Train
2025-01-24,P020,2.630605459213257,XGBoost,Prediction,Train
2025-01-25,P020,0.691256582736969,XGBoost,Prediction,Train
2025-01-26,P020,1.7325564622879028,XGBoost,Prediction,Train
2025-01-27,P020,2.5499417781829834,XGBoost,Prediction,Train
2025-01-28,P020,1.5168309211730957,XGBoost,Prediction,Train
2025-01-29,P020,4.087080001831055,XGBoost,Prediction,Train
2025-01-30,P020,0.799314558506012,XGBoost,Prediction,Train
2025-01-31,P020,2.388993501663208,XGBoost,Prediction,Train
2025-02-01,P020,0.5687045454978943,XGBoost,Prediction,Train
2025-02-02,P020,2.5991835594177246,XGBoost,Prediction,Train
2025-02-03,P020,0.6619585752487183,XGBoost,Prediction,Train
2025-02-04,P020,3.9998366832733154,XGBoost,Prediction,Train
2025-02-05,P020,0.6844879984855652,XGBoost,Prediction,Train
2025-02-06,P020,1.858096718788147,XGBoost,Prediction,Train
2025-02-07,P020,3.1311702728271484,XGBoost,Prediction,Train
2025-02-08,P020,0.7869856953620911,XGBoost,Prediction,Train
2025-02-09,P020,2.937436580657959,XGBoost,Prediction,Train
2025-02-10,P020,0.9564343094825745,XGBoost,Prediction,Train
2025-02-11,P020,1.8239009380340576,XGBoost,Prediction,Train
2025-02-12,P020,2.4998364448547363,XGBoost,Prediction,Train
2025-02-13,P020,3.4708142280578613,XGBoost,Prediction,Train
2025-02-14,P020,1.0528285503387451,XGBoost,Prediction,Train
2025-02-15,P020,0.8675649166107178,XGBoost,Prediction,Train
2025-02-16,P020,1.1082816123962402,XGBoost,Prediction,Train
2025-02-17,P020,2.442891836166382,XGBoost,Prediction,Train
2025-02-18,P020,1.095219373703003,XGBoost,Prediction,Train
2025-02-19,P020,3.777768135070801,XGBoost,Prediction,Train
2025-02-20,P020,1.778201937675476,XGBoost,Prediction,Train
2025-02-21,P020,1.3496991395950317,XGBoost,Prediction,Train
2025-02-22,P020,0.7119817137718201,XGBoost,Prediction,Train
2025-02-23,P020,2.618938684463501,XGBoost,Prediction,Train
2025-02-24,P020,0.7703120112419128,XGBoost,Prediction,Train
2025-02-25,P020,2.9219377040863037,XGBoost,Prediction,Train
2025-02-26,P020,4.888469696044922,XGBoost,Prediction,Train
2025-02-27,P020,3.3568336963653564,XGBoost,Prediction,Train
2025-02-28,P020,0.5132494568824768,XGBoost,Prediction,Train
2025-03-01,P020,3.872840404510498,XGBoost,Prediction,Train
2025-03-02,P020,0.7273213863372803,XGBoost,Prediction,Train
2025-03-03,P020,5.128729343414307,XGBoost,Prediction,Train
2025-03-04,P020,4.547457218170166,XGBoost,Prediction,Train
2025-03-05,P020,5.636476039886475,XGBoost,Prediction,Train
2025-03-06,P020,4.141773700714111,XGBoost,Prediction,Train
2025-03-07,P020,3.491568088531494,XGBoost,Prediction,Train
2025-03-08,P020,2.57824444770813,XGBoost,Prediction,Train
2025-03-09,P020,1.4941291809082031,XGBoost,Prediction,Train
2025-03-10,P020,2.7649974822998047,XGBoost,Prediction,Train
2025-03-11,P020,2.0323588848114014,XGBoost,Prediction,Train
2025-03-12,P020,3.359966516494751,XGBoost,Prediction,Train
2025-03-13,P020,0.7866204380989075,XGBoost,Prediction,Train
2025-03-14,P020,2.6080052852630615,XGBoost,Prediction,Train
2025-03-15,P020,1.3371440172195435,XGBoost,Prediction,Train
2025-03-16,P020,0.7494301795959473,XGBoost,Prediction,Train
2025-03-17,P020,0.6809347867965698,XGBoost,Prediction,Train
2025-03-18,P020,1.1081947088241577,XGBoost,Prediction,Train
2025-03-19,P020,0.5219984650611877,XGBoost,Prediction,Train
2025-03-20,P020,1.0097556114196777,XGBoost,Prediction,Train
2025-03-21,P020,2.3877971172332764,XGBoost,Prediction,Train
2025-03-22,P020,1.0259145498275757,XGBoost,Prediction,Train
2025-03-23,P020,0.8457005023956299,XGBoost,Prediction,Train
2025-03-24,P020,0.6515452265739441,XGBoost,Prediction,Train
2025-03-25,P020,2.8431921005249023,XGBoost,Prediction,Train
2025-03-26,P020,3.7680084705352783,XGBoost,Prediction,Train
2025-03-27,P020,0.8023810982704163,XGBoost,Prediction,Train
2025-03-28,P020,0.9633134603500366,XGBoost,Prediction,Train
2025-03-29,P020,1.0302610397338867,XGBoost,Prediction,Train
2025-03-30,P020,2.7710249423980713,XGBoost,Prediction,Train
2025-03-31,P020,0.5551969408988953,XGBoost,Prediction,Train
2025-04-01,P020,3.9696106910705566,XGBoost,Prediction,Train
2025-04-02,P020,0.906936764717102,XGBoost,Prediction,Train
2025-04-03,P020,0.9245333075523376,XGBoost,Prediction,Train
2025-04-04,P020,2.954977512359619,XGBoost,Prediction,Train
2025-04-05,P020,2.7270803451538086,XGBoost,Prediction,Train
2025-04-06,P020,5.624307632446289,XGBoost,Prediction,Train
2025-04-07,P020,1.0871464014053345,XGBoost,Prediction,Train
2025-04-08,P020,1.1559951305389404,XGBoost,Prediction,Train
2025-04-09,P020,2.193991184234619,XGBoost,Prediction,Train
2025-04-10,P020,1.4064218997955322,XGBoost,Prediction,Train
2025-04-11,P020,2.5145487785339355,XGBoost,Prediction,Train
2025-04-12,P020,0.5465467572212219,XGBoost,Prediction,Train
2025-04-13,P020,0.766889214515686,XGBoost,Prediction,Train
2025-04-14,P020,0.7206963300704956,XGBoost,Prediction,Train
2025-04-15,P020,1.6853834390640259,XGBoost,Prediction,Train
2025-04-16,P020,0.8307795524597168,XGBoost,Prediction,Train
2025-04-17,P020,3.0761020183563232,XGBoost,Prediction,Train
2025-04-18,P020,0.7815995216369629,XGBoost,Prediction,Train
2025-04-19,P020,0.9970714449882507,XGBoost,Prediction,Train
2025-04-20,P020,3.323438882827759,XGBoost,Prediction,Train
2025-04-21,P020,3.08443546295166,XGBoost,Prediction,Train
2025-04-22,P020,2.6251070499420166,XGBoost,Prediction,Train
2025-04-23,P020,1.831234335899353,XGBoost,Prediction,Train
2025-04-24,P020,2.0503642559051514,XGBoost,Prediction,Train
2025-04-25,P020,2.616936683654785,XGBoost,Prediction,Train
2025-04-26,P020,1.3007495403289795,XGBoost,Prediction,Train
2025-04-27,P020,3.476811647415161,XGBoost,Prediction,Train
2025-04-28,P020,0.8062739372253418,XGBoost,Prediction,Train
2025-04-29,P020,1.395684003829956,XGBoost,Prediction,Train
2025-04-30,P020,0.8527081608772278,XGBoost,Prediction,Train
2025-05-01,P020,3.879120349884033,XGBoost,Prediction,Train
2025-05-02,P020,1.5833942890167236,XGBoost,Prediction,Train
2025-05-03,P020,2.606113910675049,XGBoost,Prediction,Train
2025-05-04,P020,1.7729731798171997,XGBoost,Prediction,Train
2025-05-05,P020,1.7946993112564087,XGBoost,Prediction,Train
2025-05-06,P020,1.1521977186203003,XGBoost,Prediction,Train
2025-05-07,P020,2.536008834838867,XGBoost,Prediction,Train
2025-05-08,P020,0.4094190299510956,XGBoost,Prediction,Train
2025-05-09,P020,2.6256580352783203,XGBoost,Prediction,Train
2025-05-10,P020,0.9459100365638733,XGBoost,Prediction,Train
2025-05-11,P020,0.7147995829582214,XGBoost,Prediction,Train
2025-05-12,P020,3.1848533153533936,XGBoost,Prediction,Train
2025-05-13,P020,1.6217961311340332,XGBoost,Prediction,Train
2025-05-14,P020,1.9065604209899902,XGBoost,Prediction,Train
2025-05-15,P020,5.1479339599609375,XGBoost,Prediction,Train
2025-05-16,P020,2.5585663318634033,XGBoost,Prediction,Train
2025-05-17,P020,1.0072911977767944,XGBoost,Prediction,Train
2025-05-18,P020,1.953386664390564,XGBoost,Prediction,Train
2025-05-19,P020,1.0467365980148315,XGBoost,Prediction,Train
2025-05-20,P020,2.6523678302764893,XGBoost,Prediction,Train
2025-05-21,P020,0.7879605889320374,XGBoost,Prediction,Train
2025-05-22,P020,2.4409737586975098,XGBoost,Prediction,Train
2025-05-23,P020,4.5974440574646,XGBoost,Prediction,Train
2025-05-24,P020,1.446104884147644,XGBoost,Prediction,Train
2025-05-25,P020,2.7561194896698,XGBoost,Prediction,Train
2025-05-26,P020,1.4915828704833984,XGBoost,Prediction,Train
2025-05-27,P020,0.5326682925224304,XGBoost,Prediction,Train
2025-05-28,P020,0.9080967307090759,XGBoost,Prediction,Train
2025-05-29,P020,1.0002350807189941,XGBoost,Prediction,Train
2025-05-30,P020,0.5262185335159302,XGBoost,Prediction,Train
2025-05-31,P020,4.813839912414551,XGBoost,Prediction,Train
2025-06-01,P020,3.4201595783233643,XGBoost,Prediction,Train
2025-06-02,P020,3.2298355102539062,XGBoost,Prediction,Train
2025-06-03,P020,1.2318779230117798,XGBoost,Prediction,Train
2025-06-04,P020,1.9219722747802734,XGBoost,Prediction,Train
2025-06-05,P020,2.6904351711273193,XGBoost,Prediction,Train
2025-06-06,P020,4.148474216461182,XGBoost,Prediction,Train
2025-06-07,P020,0.888992965221405,XGBoost,Prediction,Train
2025-06-08,P020,0.6856541037559509,XGBoost,Prediction,Train
2025-06-09,P020,0.8068250417709351,XGBoost,Prediction,Train
2025-06-10,P020,3.4290716648101807,XGBoost,Prediction,Train
2025-06-11,P020,1.2237638235092163,XGBoost,Prediction,Train
2025-06-12,P020,0.8533677458763123,XGBoost,Prediction,Train
2025-06-13,P020,1.1816190481185913,XGBoost,Prediction,Train
2025-06-14,P020,4.515451431274414,XGBoost,Prediction,Train
2025-06-15,P020,2.3997740745544434,XGBoost,Prediction,Train
2025-06-16,P020,3.346888542175293,XGBoost,Prediction,Train
2025-06-17,P020,0.744133710861206,XGBoost,Prediction,Train
2025-06-18,P020,0.7372612357139587,XGBoost,Prediction,Train
2025-06-19,P020,3.6728639602661133,XGBoost,Prediction,Train
2025-06-20,P020,0.7545083165168762,XGBoost,Prediction,Train
2025-06-21,P020,1.0289849042892456,XGBoost,Prediction,Train
2025-06-22,P020,2.4162821769714355,XGBoost,Prediction,Train
2025-06-23,P020,0.7322654724121094,XGBoost,Prediction,Train
2025-06-24,P020,2.7356748580932617,XGBoost,Prediction,Train
2025-06-25,P020,2.503873825073242,XGBoost,Prediction,Train
2025-06-26,P020,2.6635966300964355,XGBoost,Prediction,Train
2025-06-27,P020,5.22462272644043,XGBoost,Prediction,Train
2025-06-28,P020,0.8960954546928406,XGBoost,Prediction,Train
2025-06-29,P020,1.4018604755401611,XGBoost,Prediction,Train
2025-06-30,P020,2.007828950881958,XGBoost,Prediction,Train
2025-07-01,P020,1.4850261211395264,XGBoost,Prediction,Train
2025-07-02,P020,0.9492213129997253,XGBoost,Prediction,Train
2025-07-03,P020,2.683375358581543,XGBoost,Prediction,Train
2025-07-04,P020,2.379305362701416,XGBoost,Prediction,Train
2025-07-05,P020,0.6181387901306152,XGBoost,Prediction,Train
2025-07-06,P020,3.457019329071045,XGBoost,Prediction,Train
2025-07-07,P020,2.6053571701049805,XGBoost,Prediction,Train
2025-07-08,P020,0.6798050403594971,XGBoost,Prediction,Train
2025-07-09,P020,1.9821412563323975,XGBoost,Prediction,Train
2025-07-10,P020,0.5745021104812622,XGBoost,Prediction,Train
2025-07-11,P020,1.124811053276062,XGBoost,Prediction,Train
2025-07-12,P020,6.336490631103516,XGBoost,Prediction,Train
2025-07-13,P020,3.2599387168884277,XGBoost,Prediction,Train
2025-07-14,P020,1.0574406385421753,XGBoost,Prediction,Train
2025-07-15,P020,2.5615358352661133,XGBoost,Prediction,Train
2025-07-16,P020,3.10725474357605,XGBoost,Prediction,Train
2025-07-17,P020,3.217780828475952,XGBoost,Prediction,Train
2025-07-18,P020,0.63450688123703,XGBoost,Prediction,Train
2025-07-19,P020,0.8927351832389832,XGBoost,Prediction,Train
2025-07-20,P020,3.4147346019744873,XGBoost,Prediction,Train
2025-07-21,P020,0.6663997173309326,XGBoost,Prediction,Train
2025-07-22,P020,1.0613785982131958,XGBoost,Prediction,Train
2025-07-23,P020,0.9173113107681274,XGBoost,Prediction,Train
2025-07-24,P020,2.5304927825927734,XGBoost,Prediction,Train
2025-07-25,P020,1.3344210386276245,XGBoost,Prediction,Train
2025-07-26,P020,0.703991711139679,XGBoost,Prediction,Train
2025-07-27,P020,0.714536190032959,XGBoost,Prediction,Train
2025-07-28,P020,4.4265289306640625,XGBoost,Prediction,Train
2025-07-29,P020,1.233195185661316,XGBoost,Prediction,Train
2025-07-30,P020,1.953980565071106,XGBoost,Prediction,Train
2025-07-31,P020,1.0995922088623047,XGBoost,Prediction,Train
2025-08-01,P020,0.6765193939208984,XGBoost,Prediction,Train
2025-08-02,P020,4.13079309463501,XGBoost,Prediction,Train
2025-08-03,P020,1.288373589515686,XGBoost,Prediction,Train
2025-08-04,P020,1.4067044258117676,XGBoost,Prediction,Train
2025-08-05,P020,0.6431447267532349,XGBoost,Prediction,Train
2025-08-06,P020,1.1299638748168945,XGBoost,Prediction,Train
2025-08-07,P020,1.9072864055633545,XGBoost,Prediction,Train
2025-08-08,P020,1.1525310277938843,XGBoost,Prediction,Train
2025-08-09,P020,0.6786907315254211,XGBoost,Prediction,Train
2025-08-10,P020,0.8303085565567017,XGBoost,Prediction,Train
2025-08-11,P020,2.6025638580322266,XGBoost,Prediction,Train
2025-08-12,P020,4.961997032165527,XGBoost,Prediction,Train
2025-08-13,P020,2.7623307704925537,XGBoost,Prediction,Train
2025-08-14,P020,1.900291085243225,XGBoost,Prediction,Train
2025-08-15,P020,1.3302592039108276,XGBoost,Prediction,Train
2025-08-16,P020,0.8078680634498596,XGBoost,Prediction,Train
2025-08-17,P020,3.8182168006896973,XGBoost,Prediction,Train
2025-08-18,P020,1.2179157733917236,XGBoost,Prediction,Train
2025-08-19,P020,1.013875961303711,XGBoost,Prediction,Train
2025-08-20,P020,0.8674576282501221,XGBoost,Prediction,Train
2025-08-21,P020,2.0568273067474365,XGBoost,Prediction,Train
2025-08-22,P020,3.8034420013427734,XGBoost,Prediction,Train
2025-08-23,P020,1.8955185413360596,XGBoost,Prediction,Train
2025-08-24,P020,2.0582187175750732,XGBoost,Prediction,Train
2025-08-25,P020,4.5391998291015625,XGBoost,Prediction,Train
2025-08-26,P020,2.1534337997436523,XGBoost,Prediction,Train
2025-08-27,P020,2.8051810264587402,XGBoost,Prediction,Train
2025-08-28,P020,2.6094298362731934,XGBoost,Prediction,Train
2025-08-29,P020,2.0765981674194336,XGBoost,Prediction,Train
2025-08-30,P020,0.7935361266136169,XGBoost,Prediction,Train
2025-08-31,P020,3.6923201084136963,XGBoost,Prediction,Train
2025-09-01,P020,5.77893590927124,XGBoost,Prediction,Train
2025-09-02,P020,0.8765665888786316,XGBoost,Prediction,Train
2025-09-03,P020,1.2943589687347412,XGBoost,Prediction,Train
2025-09-04,P020,1.6762504577636719,XGBoost,Prediction,Train
2025-09-05,P020,2.744337558746338,XGBoost,Prediction,Train
2025-09-06,P020,0.8120010495185852,XGBoost,Prediction,Train
2025-09-07,P020,3.79502010345459,XGBoost,Prediction,Train
2025-09-08,P020,0.5530375838279724,XGBoost,Prediction,Train
2025-09-09,P020,0.7797690033912659,XGBoost,Prediction,Train
2025-09-10,P020,1.0903829336166382,XGBoost,Prediction,Train
2025-09-11,P020,0.47107359766960144,XGBoost,Prediction,Train
2025-09-12,P020,0.9758539199829102,XGBoost,Prediction,Train
2025-09-13,P020,0.7126592993736267,XGBoost,Prediction,Train
2025-09-14,P020,1.0151951313018799,XGBoost,Prediction,Train
2025-09-15,P001,1.6812751293182373,XGBoost,Prediction,Valid
2025-09-16,P001,2.884019374847412,XGBoost,Prediction,Valid
2025-09-17,P001,2.166524887084961,XGBoost,Prediction,Valid
2025-09-18,P001,1.7933051586151123,XGBoost,Prediction,Valid
2025-09-19,P001,2.335279703140259,XGBoost,Prediction,Valid
2025-09-20,P001,1.7457988262176514,XGBoost,Prediction,Valid
2025-09-21,P001,2.002046585083008,XGBoost,Prediction,Valid
2025-09-22,P001,1.144011378288269,XGBoost,Prediction,Valid
2025-09-23,P001,1.8076086044311523,XGBoost,Prediction,Valid
2025-09-24,P001,1.373751163482666,XGBoost,Prediction,Valid
2025-09-25,P001,1.2805906534194946,XGBoost,Prediction,Valid
2025-09-26,P001,1.0280016660690308,XGBoost,Prediction,Valid
2025-09-27,P001,2.3891944885253906,XGBoost,Prediction,Valid
2025-09-28,P001,2.217287540435791,XGBoost,Prediction,Valid
2025-09-29,P001,2.6632447242736816,XGBoost,Prediction,Valid
2025-09-30,P001,2.0678107738494873,XGBoost,Prediction,Valid
2025-10-01,P001,1.9247347116470337,XGBoost,Prediction,Valid
2025-10-02,P001,1.4008809328079224,XGBoost,Prediction,Valid
2025-10-03,P001,1.374190330505371,XGBoost,Prediction,Valid
2025-10-04,P001,2.0156819820404053,XGBoost,Prediction,Valid
2025-10-05,P001,2.0454628467559814,XGBoost,Prediction,Valid
2025-10-06,P001,1.7333755493164062,XGBoost,Prediction,Valid
2025-10-07,P001,2.1354503631591797,XGBoost,Prediction,Valid
2025-10-08,P001,0.9617858529090881,XGBoost,Prediction,Valid
2025-10-09,P001,1.873199462890625,XGBoost,Prediction,Valid
2025-10-10,P001,2.271914005279541,XGBoost,Prediction,Valid
2025-10-11,P001,1.8512585163116455,XGBoost,Prediction,Valid
2025-10-12,P001,1.9864437580108643,XGBoost,Prediction,Valid
2025-10-13,P001,1.9145375490188599,XGBoost,Prediction,Valid
2025-10-14,P001,1.0054922103881836,XGBoost,Prediction,Valid
2025-10-15,P001,2.47988224029541,XGBoost,Prediction,Valid
2025-10-16,P001,2.4710819721221924,XGBoost,Prediction,Valid
2025-10-17,P001,1.486619472503662,XGBoost,Prediction,Valid
2025-10-18,P001,2.139906167984009,XGBoost,Prediction,Valid
2025-10-19,P001,1.267890453338623,XGBoost,Prediction,Valid
2025-10-20,P001,1.5363353490829468,XGBoost,Prediction,Valid
2025-10-21,P001,1.4129126071929932,XGBoost,Prediction,Valid
2025-10-22,P001,1.9763438701629639,XGBoost,Prediction,Valid
2025-10-23,P001,1.6557590961456299,XGBoost,Prediction,Valid
2025-10-24,P001,1.3146440982818604,XGBoost,Prediction,Valid
2025-10-25,P001,1.7310168743133545,XGBoost,Prediction,Valid
2025-10-26,P001,1.7304246425628662,XGBoost,Prediction,Valid
2025-10-27,P001,1.9830029010772705,XGBoost,Prediction,Valid
2025-10-28,P001,2.6290018558502197,XGBoost,Prediction,Valid
2025-10-29,P001,1.6733982563018799,XGBoost,Prediction,Valid
2025-10-30,P001,3.142580270767212,XGBoost,Prediction,Valid
2025-10-31,P001,2.591830015182495,XGBoost,Prediction,Valid
2025-11-01,P001,1.593111515045166,XGBoost,Prediction,Valid
2025-11-02,P001,1.9188519716262817,XGBoost,Prediction,Valid
2025-11-03,P001,1.5518383979797363,XGBoost,Prediction,Valid
2025-11-04,P001,2.928417921066284,XGBoost,Prediction,Valid
2025-11-05,P001,2.4546597003936768,XGBoost,Prediction,Valid
2025-11-06,P001,2.17006516456604,XGBoost,Prediction,Valid
2025-11-07,P001,1.4451189041137695,XGBoost,Prediction,Valid
2025-11-08,P001,1.972395420074463,XGBoost,Prediction,Valid
2025-11-09,P001,2.02223801612854,XGBoost,Prediction,Valid
2025-11-10,P001,2.030942678451538,XGBoost,Prediction,Valid
2025-11-11,P001,1.8410933017730713,XGBoost,Prediction,Valid
2025-11-12,P001,1.706222414970398,XGBoost,Prediction,Valid
2025-11-13,P001,2.8941049575805664,XGBoost,Prediction,Valid
2025-11-14,P001,1.830223798751831,XGBoost,Prediction,Valid
2025-11-15,P001,1.8727173805236816,XGBoost,Prediction,Valid
2025-11-16,P001,1.8581907749176025,XGBoost,Prediction,Valid
2025-11-17,P001,1.7588545083999634,XGBoost,Prediction,Valid
2025-11-18,P001,1.9479373693466187,XGBoost,Prediction,Valid
2025-11-19,P001,2.3129754066467285,XGBoost,Prediction,Valid
2025-11-20,P001,2.371742010116577,XGBoost,Prediction,Valid
2025-11-21,P001,1.844668984413147,XGBoost,Prediction,Valid
2025-11-22,P001,1.985116958618164,XGBoost,Prediction,Valid
2025-11-23,P001,1.6616578102111816,XGBoost,Prediction,Valid
2025-11-24,P001,1.455973744392395,XGBoost,Prediction,Valid
2025-09-15,P002,2.8328654766082764,XGBoost,Prediction,Valid
2025-09-16,P002,2.122763156890869,XGBoost,Prediction,Valid
2025-09-17,P002,2.3977839946746826,XGBoost,Prediction,Valid
2025-09-18,P002,1.954490065574646,XGBoost,Prediction,Valid
2025-09-19,P002,1.9895272254943848,XGBoost,Prediction,Valid
2025-09-20,P002,1.7950383424758911,XGBoost,Prediction,Valid
2025-09-21,P002,1.7732460498809814,XGBoost,Prediction,Valid
2025-09-22,P002,1.8079553842544556,XGBoost,Prediction,Valid
2025-09-23,P002,2.38352108001709,XGBoost,Prediction,Valid
2025-09-24,P002,2.629179000854492,XGBoost,Prediction,Valid
2025-09-25,P002,1.6820859909057617,XGBoost,Prediction,Valid
2025-09-26,P002,1.9900741577148438,XGBoost,Prediction,Valid
2025-09-27,P002,1.7227154970169067,XGBoost,Prediction,Valid
2025-09-28,P002,1.967767357826233,XGBoost,Prediction,Valid
2025-09-29,P002,1.6549192667007446,XGBoost,Prediction,Valid
2025-09-30,P002,1.1749354600906372,XGBoost,Prediction,Valid
2025-10-01,P002,1.909578800201416,XGBoost,Prediction,Valid
2025-10-02,P002,2.0898118019104004,XGBoost,Prediction,Valid
2025-10-03,P002,1.7655178308486938,XGBoost,Prediction,Valid
2025-10-04,P002,1.8098739385604858,XGBoost,Prediction,Valid
2025-10-05,P002,1.9177579879760742,XGBoost,Prediction,Valid
2025-10-06,P002,1.6957836151123047,XGBoost,Prediction,Valid
2025-10-07,P002,2.393695592880249,XGBoost,Prediction,Valid
2025-10-08,P002,2.228245496749878,XGBoost,Prediction,Valid
2025-10-09,P002,2.424870014190674,XGBoost,Prediction,Valid
2025-10-10,P002,1.55391526222229,XGBoost,Prediction,Valid
2025-10-11,P002,2.994422674179077,XGBoost,Prediction,Valid
2025-10-12,P002,1.2669943571090698,XGBoost,Prediction,Valid
2025-10-13,P002,1.1462078094482422,XGBoost,Prediction,Valid
2025-10-14,P002,2.3001303672790527,XGBoost,Prediction,Valid
2025-10-15,P002,1.911759376525879,XGBoost,Prediction,Valid
2025-10-16,P002,1.8159945011138916,XGBoost,Prediction,Valid
2025-10-17,P002,2.775467872619629,XGBoost,Prediction,Valid
2025-10-18,P002,1.9232593774795532,XGBoost,Prediction,Valid
2025-10-19,P002,1.799083948135376,XGBoost,Prediction,Valid
2025-10-20,P002,1.6908447742462158,XGBoost,Prediction,Valid
2025-10-21,P002,1.7557568550109863,XGBoost,Prediction,Valid
2025-10-22,P002,2.582429885864258,XGBoost,Prediction,Valid
2025-10-23,P002,2.387918472290039,XGBoost,Prediction,Valid
2025-10-24,P002,1.8297884464263916,XGBoost,Prediction,Valid
2025-10-25,P002,2.531369924545288,XGBoost,Prediction,Valid
2025-10-26,P002,2.2632577419281006,XGBoost,Prediction,Valid
2025-10-27,P002,1.572741150856018,XGBoost,Prediction,Valid
2025-10-28,P002,1.3126423358917236,XGBoost,Prediction,Valid
2025-10-29,P002,2.278001546859741,XGBoost,Prediction,Valid
2025-10-30,P002,2.872807264328003,XGBoost,Prediction,Valid
2025-10-31,P002,1.5715811252593994,XGBoost,Prediction,Valid
2025-11-01,P002,2.038259744644165,XGBoost,Prediction,Valid
2025-11-02,P002,1.482213020324707,XGBoost,Prediction,Valid
2025-11-03,P002,1.8744248151779175,XGBoost,Prediction,Valid
2025-11-04,P002,2.255826234817505,XGBoost,Prediction,Valid
2025-11-05,P002,2.4543874263763428,XGBoost,Prediction,Valid
2025-11-06,P002,1.7907459735870361,XGBoost,Prediction,Valid
2025-11-07,P002,1.5509889125823975,XGBoost,Prediction,Valid
2025-11-08,P002,1.7150821685791016,XGBoost,Prediction,Valid
2025-11-09,P002,1.7144232988357544,XGBoost,Prediction,Valid
2025-11-10,P002,1.8480958938598633,XGBoost,Prediction,Valid
2025-11-11,P002,2.119781970977783,XGBoost,Prediction,Valid
2025-11-12,P002,2.2366414070129395,XGBoost,Prediction,Valid
2025-11-13,P002,2.0912442207336426,XGBoost,Prediction,Valid
2025-11-14,P002,2.460017681121826,XGBoost,Prediction,Valid
2025-11-15,P002,2.438570261001587,XGBoost,Prediction,Valid
2025-11-16,P002,2.1426234245300293,XGBoost,Prediction,Valid
2025-11-17,P002,1.9710575342178345,XGBoost,Prediction,Valid
2025-11-18,P002,2.3482203483581543,XGBoost,Prediction,Valid
2025-11-19,P002,2.2598984241485596,XGBoost,Prediction,Valid
2025-11-20,P002,1.997626543045044,XGBoost,Prediction,Valid
2025-11-21,P002,1.7555596828460693,XGBoost,Prediction,Valid
2025-11-22,P002,1.5281497240066528,XGBoost,Prediction,Valid
2025-11-23,P002,2.0008697509765625,XGBoost,Prediction,Valid
2025-11-24,P002,2.5656819343566895,XGBoost,Prediction,Valid
2025-09-15,P003,1.5333377122879028,XGBoost,Prediction,Valid
2025-09-16,P003,1.5148651599884033,XGBoost,Prediction,Valid
2025-09-17,P003,1.3069638013839722,XGBoost,Prediction,Valid
2025-09-18,P003,1.9761433601379395,XGBoost,Prediction,Valid
2025-09-19,P003,2.125261068344116,XGBoost,Prediction,Valid
2025-09-20,P003,2.6087419986724854,XGBoost,Prediction,Valid
2025-09-21,P003,1.6257373094558716,XGBoost,Prediction,Valid
2025-09-22,P003,2.487201452255249,XGBoost,Prediction,Valid
2025-09-23,P003,2.144883394241333,XGBoost,Prediction,Valid
2025-09-24,P003,1.8455599546432495,XGBoost,Prediction,Valid
2025-09-25,P003,1.54743492603302,XGBoost,Prediction,Valid
2025-09-26,P003,1.3555972576141357,XGBoost,Prediction,Valid
2025-09-27,P003,2.6284019947052,XGBoost,Prediction,Valid
2025-09-28,P003,2.2451045513153076,XGBoost,Prediction,Valid
2025-09-29,P003,1.9624252319335938,XGBoost,Prediction,Valid
2025-09-30,P003,2.126702308654785,XGBoost,Prediction,Valid
2025-10-01,P003,1.605402946472168,XGBoost,Prediction,Valid
2025-10-02,P003,2.0644004344940186,XGBoost,Prediction,Valid
2025-10-03,P003,2.2456071376800537,XGBoost,Prediction,Valid
2025-10-04,P003,2.5413501262664795,XGBoost,Prediction,Valid
2025-10-05,P003,2.3353464603424072,XGBoost,Prediction,Valid
2025-10-06,P003,1.8172581195831299,XGBoost,Prediction,Valid
2025-10-07,P003,1.7557803392410278,XGBoost,Prediction,Valid
2025-10-08,P003,1.4470573663711548,XGBoost,Prediction,Valid
2025-10-09,P003,1.6307140588760376,XGBoost,Prediction,Valid
2025-10-10,P003,1.3236641883850098,XGBoost,Prediction,Valid
2025-10-11,P003,3.087346315383911,XGBoost,Prediction,Valid
2025-10-12,P003,2.2261080741882324,XGBoost,Prediction,Valid
2025-10-13,P003,1.8076175451278687,XGBoost,Prediction,Valid
2025-10-14,P003,2.7952353954315186,XGBoost,Prediction,Valid
2025-10-15,P003,1.493906021118164,XGBoost,Prediction,Valid
2025-10-16,P003,1.2248505353927612,XGBoost,Prediction,Valid
2025-10-17,P003,1.972658634185791,XGBoost,Prediction,Valid
2025-10-18,P003,1.5473114252090454,XGBoost,Prediction,Valid
2025-10-19,P003,1.9264849424362183,XGBoost,Prediction,Valid
2025-10-20,P003,2.0210583209991455,XGBoost,Prediction,Valid
2025-10-21,P003,2.150420665740967,XGBoost,Prediction,Valid
2025-10-22,P003,2.179705858230591,XGBoost,Prediction,Valid
2025-10-23,P003,1.995341181755066,XGBoost,Prediction,Valid
2025-10-24,P003,2.114645004272461,XGBoost,Prediction,Valid
2025-10-25,P003,1.338681936264038,XGBoost,Prediction,Valid
2025-10-26,P003,1.41268789768219,XGBoost,Prediction,Valid
2025-10-27,P003,2.5269775390625,XGBoost,Prediction,Valid
2025-10-28,P003,1.1937965154647827,XGBoost,Prediction,Valid
2025-10-29,P003,2.4796297550201416,XGBoost,Prediction,Valid
2025-10-30,P003,2.1672322750091553,XGBoost,Prediction,Valid
2025-10-31,P003,1.7536609172821045,XGBoost,Prediction,Valid
2025-11-01,P003,2.1688954830169678,XGBoost,Prediction,Valid
2025-11-02,P003,2.4863011837005615,XGBoost,Prediction,Valid
2025-11-03,P003,2.6456410884857178,XGBoost,Prediction,Valid
2025-11-04,P003,2.3854079246520996,XGBoost,Prediction,Valid
2025-11-05,P003,2.0966668128967285,XGBoost,Prediction,Valid
2025-11-06,P003,1.7640527486801147,XGBoost,Prediction,Valid
2025-11-07,P003,1.3587127923965454,XGBoost,Prediction,Valid
2025-11-08,P003,1.7110040187835693,XGBoost,Prediction,Valid
2025-11-09,P003,2.8694868087768555,XGBoost,Prediction,Valid
2025-11-10,P003,2.0643463134765625,XGBoost,Prediction,Valid
2025-11-11,P003,2.36027455329895,XGBoost,Prediction,Valid
2025-11-12,P003,2.4356849193573,XGBoost,Prediction,Valid
2025-11-13,P003,1.539515495300293,XGBoost,Prediction,Valid
2025-11-14,P003,2.0034828186035156,XGBoost,Prediction,Valid
2025-11-15,P003,2.171811580657959,XGBoost,Prediction,Valid
2025-11-16,P003,1.7332600355148315,XGBoost,Prediction,Valid
2025-11-17,P003,1.4690377712249756,XGBoost,Prediction,Valid
2025-11-18,P003,1.5427491664886475,XGBoost,Prediction,Valid
2025-11-19,P003,1.2278451919555664,XGBoost,Prediction,Valid
2025-11-20,P003,1.3708909749984741,XGBoost,Prediction,Valid
2025-11-21,P003,1.779365062713623,XGBoost,Prediction,Valid
2025-11-22,P003,1.221555471420288,XGBoost,Prediction,Valid
2025-11-23,P003,1.543013572692871,XGBoost,Prediction,Valid
2025-11-24,P003,2.442440986633301,XGBoost,Prediction,Valid
2025-09-15,P004,2.5652174949645996,XGBoost,Prediction,Valid
2025-09-16,P004,2.879269599914551,XGBoost,Prediction,Valid
2025-09-17,P004,2.137006998062134,XGBoost,Prediction,Valid
2025-09-18,P004,2.768324136734009,XGBoost,Prediction,Valid
2025-09-19,P004,3.0016701221466064,XGBoost,Prediction,Valid
2025-09-20,P004,2.791938543319702,XGBoost,Prediction,Valid
2025-09-21,P004,2.4183173179626465,XGBoost,Prediction,Valid
2025-09-22,P004,2.3263418674468994,XGBoost,Prediction,Valid
2025-09-23,P004,2.8706600666046143,XGBoost,Prediction,Valid
2025-09-24,P004,2.4511983394622803,XGBoost,Prediction,Valid
2025-09-25,P004,1.8017489910125732,XGBoost,Prediction,Valid
2025-09-26,P004,2.333925247192383,XGBoost,Prediction,Valid
2025-09-27,P004,2.057400941848755,XGBoost,Prediction,Valid
2025-09-28,P004,2.3910105228424072,XGBoost,Prediction,Valid
2025-09-29,P004,2.3518381118774414,XGBoost,Prediction,Valid
2025-09-30,P004,2.401885986328125,XGBoost,Prediction,Valid
2025-10-01,P004,1.3934712409973145,XGBoost,Prediction,Valid
2025-10-02,P004,2.7869386672973633,XGBoost,Prediction,Valid
2025-10-03,P004,1.8714290857315063,XGBoost,Prediction,Valid
2025-10-04,P004,1.8584163188934326,XGBoost,Prediction,Valid
2025-10-05,P004,1.9616825580596924,XGBoost,Prediction,Valid
2025-10-06,P004,2.4019665718078613,XGBoost,Prediction,Valid
2025-10-07,P004,1.8603819608688354,XGBoost,Prediction,Valid
2025-10-08,P004,2.1170644760131836,XGBoost,Prediction,Valid
2025-10-09,P004,2.7395217418670654,XGBoost,Prediction,Valid
2025-10-10,P004,2.7674331665039062,XGBoost,Prediction,Valid
2025-10-11,P004,2.412710428237915,XGBoost,Prediction,Valid
2025-10-12,P004,2.388322353363037,XGBoost,Prediction,Valid
2025-10-13,P004,1.9500535726547241,XGBoost,Prediction,Valid
2025-10-14,P004,2.9942679405212402,XGBoost,Prediction,Valid
2025-10-15,P004,1.9496122598648071,XGBoost,Prediction,Valid
2025-10-16,P004,1.5740783214569092,XGBoost,Prediction,Valid
2025-10-17,P004,1.8053971529006958,XGBoost,Prediction,Valid
2025-10-18,P004,2.341585636138916,XGBoost,Prediction,Valid
2025-10-19,P004,2.834214210510254,XGBoost,Prediction,Valid
2025-10-20,P004,2.522085666656494,XGBoost,Prediction,Valid
2025-10-21,P004,1.7010829448699951,XGBoost,Prediction,Valid
2025-10-22,P004,2.295001268386841,XGBoost,Prediction,Valid
2025-10-23,P004,2.0978317260742188,XGBoost,Prediction,Valid
2025-10-24,P004,2.6845998764038086,XGBoost,Prediction,Valid
2025-10-25,P004,2.086672067642212,XGBoost,Prediction,Valid
2025-10-26,P004,2.0868444442749023,XGBoost,Prediction,Valid
2025-10-27,P004,2.585317373275757,XGBoost,Prediction,Valid
2025-10-28,P004,2.299166679382324,XGBoost,Prediction,Valid
2025-10-29,P004,2.0289766788482666,XGBoost,Prediction,Valid
2025-10-30,P004,3.015568733215332,XGBoost,Prediction,Valid
2025-10-31,P004,2.515965700149536,XGBoost,Prediction,Valid
2025-11-01,P004,2.1533093452453613,XGBoost,Prediction,Valid
2025-11-02,P004,3.2989914417266846,XGBoost,Prediction,Valid
2025-11-03,P004,2.3341751098632812,XGBoost,Prediction,Valid
2025-11-04,P004,2.112736940383911,XGBoost,Prediction,Valid
2025-11-05,P004,2.5405588150024414,XGBoost,Prediction,Valid
2025-11-06,P004,2.727353572845459,XGBoost,Prediction,Valid
2025-11-07,P004,1.827749490737915,XGBoost,Prediction,Valid
2025-11-08,P004,1.9979660511016846,XGBoost,Prediction,Valid
2025-11-09,P004,2.1171371936798096,XGBoost,Prediction,Valid
2025-11-10,P004,2.484315872192383,XGBoost,Prediction,Valid
2025-11-11,P004,2.4582951068878174,XGBoost,Prediction,Valid
2025-11-12,P004,2.415950298309326,XGBoost,Prediction,Valid
2025-11-13,P004,1.8941482305526733,XGBoost,Prediction,Valid
2025-11-14,P004,2.518810510635376,XGBoost,Prediction,Valid
2025-11-15,P004,2.4826836585998535,XGBoost,Prediction,Valid
2025-11-16,P004,2.011725425720215,XGBoost,Prediction,Valid
2025-11-17,P004,1.5273149013519287,XGBoost,Prediction,Valid
2025-11-18,P004,2.214951515197754,XGBoost,Prediction,Valid
2025-11-19,P004,2.3967204093933105,XGBoost,Prediction,Valid
2025-11-20,P004,2.4177277088165283,XGBoost,Prediction,Valid
2025-11-21,P004,2.4974517822265625,XGBoost,Prediction,Valid
2025-11-22,P004,2.14935302734375,XGBoost,Prediction,Valid
2025-11-23,P004,2.773129463195801,XGBoost,Prediction,Valid
2025-11-24,P004,2.5843002796173096,XGBoost,Prediction,Valid
2025-09-15,P005,2.0514161586761475,XGBoost,Prediction,Valid
2025-09-16,P005,2.2349414825439453,XGBoost,Prediction,Valid
2025-09-17,P005,1.605790376663208,XGBoost,Prediction,Valid
2025-09-18,P005,2.121204376220703,XGBoost,Prediction,Valid
2025-09-19,P005,2.005012035369873,XGBoost,Prediction,Valid
2025-09-20,P005,2.58347225189209,XGBoost,Prediction,Valid
2025-09-21,P005,2.146177291870117,XGBoost,Prediction,Valid
2025-09-22,P005,1.965348720550537,XGBoost,Prediction,Valid
2025-09-23,P005,2.0107405185699463,XGBoost,Prediction,Valid
2025-09-24,P005,1.4893568754196167,XGBoost,Prediction,Valid
2025-09-25,P005,1.4994460344314575,XGBoost,Prediction,Valid
2025-09-26,P005,1.482869267463684,XGBoost,Prediction,Valid
2025-09-27,P005,1.9126076698303223,XGBoost,Prediction,Valid
2025-09-28,P005,1.9891586303710938,XGBoost,Prediction,Valid
2025-09-29,P005,1.2711384296417236,XGBoost,Prediction,Valid
2025-09-30,P005,1.7875844240188599,XGBoost,Prediction,Valid
2025-10-01,P005,1.3843508958816528,XGBoost,Prediction,Valid
2025-10-02,P005,2.0713367462158203,XGBoost,Prediction,Valid
2025-10-03,P005,1.9215058088302612,XGBoost,Prediction,Valid
2025-10-04,P005,2.396089553833008,XGBoost,Prediction,Valid
2025-10-05,P005,2.154144048690796,XGBoost,Prediction,Valid
2025-10-06,P005,2.5584096908569336,XGBoost,Prediction,Valid
2025-10-07,P005,1.3307446241378784,XGBoost,Prediction,Valid
2025-10-08,P005,1.384387493133545,XGBoost,Prediction,Valid
2025-10-09,P005,2.114194393157959,XGBoost,Prediction,Valid
2025-10-10,P005,2.026432514190674,XGBoost,Prediction,Valid
2025-10-11,P005,1.8269580602645874,XGBoost,Prediction,Valid
2025-10-12,P005,1.968416452407837,XGBoost,Prediction,Valid
2025-10-13,P005,1.6607025861740112,XGBoost,Prediction,Valid
2025-10-14,P005,2.364792823791504,XGBoost,Prediction,Valid
2025-10-15,P005,1.9199413061141968,XGBoost,Prediction,Valid
2025-10-16,P005,1.8918596506118774,XGBoost,Prediction,Valid
2025-10-17,P005,2.6188526153564453,XGBoost,Prediction,Valid
2025-10-18,P005,2.119194507598877,XGBoost,Prediction,Valid
2025-10-19,P005,2.1324658393859863,XGBoost,Prediction,Valid
2025-10-20,P005,1.6662580966949463,XGBoost,Prediction,Valid
2025-10-21,P005,1.3882166147232056,XGBoost,Prediction,Valid
2025-10-22,P005,1.894796371459961,XGBoost,Prediction,Valid
2025-10-23,P005,2.205901622772217,XGBoost,Prediction,Valid
2025-10-24,P005,2.5314693450927734,XGBoost,Prediction,Valid
2025-10-25,P005,2.309645414352417,XGBoost,Prediction,Valid
2025-10-26,P005,1.3890773057937622,XGBoost,Prediction,Valid
2025-10-27,P005,1.2286516427993774,XGBoost,Prediction,Valid
2025-10-28,P005,2.198911190032959,XGBoost,Prediction,Valid
2025-10-29,P005,1.5965441465377808,XGBoost,Prediction,Valid
2025-10-30,P005,2.051607370376587,XGBoost,Prediction,Valid
2025-10-31,P005,1.929135799407959,XGBoost,Prediction,Valid
2025-11-01,P005,1.8084124326705933,XGBoost,Prediction,Valid
2025-11-02,P005,1.5611776113510132,XGBoost,Prediction,Valid
2025-11-03,P005,2.3301360607147217,XGBoost,Prediction,Valid
2025-11-04,P005,2.8059027194976807,XGBoost,Prediction,Valid
2025-11-05,P005,1.835003137588501,XGBoost,Prediction,Valid
2025-11-06,P005,2.136436939239502,XGBoost,Prediction,Valid
2025-11-07,P005,1.711979627609253,XGBoost,Prediction,Valid
2025-11-08,P005,1.7305902242660522,XGBoost,Prediction,Valid
2025-11-09,P005,1.6442954540252686,XGBoost,Prediction,Valid
2025-11-10,P005,2.283762216567993,XGBoost,Prediction,Valid
2025-11-11,P005,2.052488088607788,XGBoost,Prediction,Valid
2025-11-12,P005,1.867347002029419,XGBoost,Prediction,Valid
2025-11-13,P005,2.1076419353485107,XGBoost,Prediction,Valid
2025-11-14,P005,2.4105286598205566,XGBoost,Prediction,Valid
2025-11-15,P005,1.6712827682495117,XGBoost,Prediction,Valid
2025-11-16,P005,2.122966766357422,XGBoost,Prediction,Valid
2025-11-17,P005,1.4051052331924438,XGBoost,Prediction,Valid
2025-11-18,P005,2.4750497341156006,XGBoost,Prediction,Valid
2025-11-19,P005,2.4946725368499756,XGBoost,Prediction,Valid
2025-11-20,P005,1.6726253032684326,XGBoost,Prediction,Valid
2025-11-21,P005,1.3649818897247314,XGBoost,Prediction,Valid
2025-11-22,P005,1.6823183298110962,XGBoost,Prediction,Valid
2025-11-23,P005,1.4488774538040161,XGBoost,Prediction,Valid
2025-11-24,P005,2.1030828952789307,XGBoost,Prediction,Valid
2025-09-15,P006,1.87953782081604,XGBoost,Prediction,Valid
2025-09-16,P006,1.538503885269165,XGBoost,Prediction,Valid
2025-09-17,P006,2.277543783187866,XGBoost,Prediction,Valid
2025-09-18,P006,2.7214138507843018,XGBoost,Prediction,Valid
2025-09-19,P006,2.0443053245544434,XGBoost,Prediction,Valid
2025-09-20,P006,2.5396270751953125,XGBoost,Prediction,Valid
2025-09-21,P006,1.8215619325637817,XGBoost,Prediction,Valid
2025-09-22,P006,1.5239777565002441,XGBoost,Prediction,Valid
2025-09-23,P006,2.6469953060150146,XGBoost,Prediction,Valid
2025-09-24,P006,1.9525505304336548,XGBoost,Prediction,Valid
2025-09-25,P006,1.6610584259033203,XGBoost,Prediction,Valid
2025-09-26,P006,2.32777738571167,XGBoost,Prediction,Valid
2025-09-27,P006,2.026355028152466,XGBoost,Prediction,Valid
2025-09-28,P006,2.2176897525787354,XGBoost,Prediction,Valid
2025-09-29,P006,1.8242536783218384,XGBoost,Prediction,Valid
2025-09-30,P006,1.7809851169586182,XGBoost,Prediction,Valid
2025-10-01,P006,2.904592275619507,XGBoost,Prediction,Valid
2025-10-02,P006,2.560182809829712,XGBoost,Prediction,Valid
2025-10-03,P006,1.2997456789016724,XGBoost,Prediction,Valid
2025-10-04,P006,1.6796613931655884,XGBoost,Prediction,Valid
2025-10-05,P006,1.547207236289978,XGBoost,Prediction,Valid
2025-10-06,P006,1.5230852365493774,XGBoost,Prediction,Valid
2025-10-07,P006,1.4605779647827148,XGBoost,Prediction,Valid
2025-10-08,P006,1.6320583820343018,XGBoost,Prediction,Valid
2025-10-09,P006,1.3590781688690186,XGBoost,Prediction,Valid
2025-10-10,P006,2.4718310832977295,XGBoost,Prediction,Valid
2025-10-11,P006,1.9311383962631226,XGBoost,Prediction,Valid
2025-10-12,P006,1.5904335975646973,XGBoost,Prediction,Valid
2025-10-13,P006,2.037191867828369,XGBoost,Prediction,Valid
2025-10-14,P006,2.3439486026763916,XGBoost,Prediction,Valid
2025-10-15,P006,1.674813151359558,XGBoost,Prediction,Valid
2025-10-16,P006,2.0526933670043945,XGBoost,Prediction,Valid
2025-10-17,P006,2.096020460128784,XGBoost,Prediction,Valid
2025-10-18,P006,1.740620732307434,XGBoost,Prediction,Valid
2025-10-19,P006,1.4403127431869507,XGBoost,Prediction,Valid
2025-10-20,P006,1.8920907974243164,XGBoost,Prediction,Valid
2025-10-21,P006,1.3707091808319092,XGBoost,Prediction,Valid
2025-10-22,P006,1.370215654373169,XGBoost,Prediction,Valid
2025-10-23,P006,2.210304021835327,XGBoost,Prediction,Valid
2025-10-24,P006,2.5265860557556152,XGBoost,Prediction,Valid
2025-10-25,P006,2.3606791496276855,XGBoost,Prediction,Valid
2025-10-26,P006,2.3078901767730713,XGBoost,Prediction,Valid
2025-10-27,P006,2.463777542114258,XGBoost,Prediction,Valid
2025-10-28,P006,1.6813331842422485,XGBoost,Prediction,Valid
2025-10-29,P006,1.4251387119293213,XGBoost,Prediction,Valid
2025-10-30,P006,1.9047199487686157,XGBoost,Prediction,Valid
2025-10-31,P006,2.1426637172698975,XGBoost,Prediction,Valid
2025-11-01,P006,2.7090556621551514,XGBoost,Prediction,Valid
2025-11-02,P006,1.474130630493164,XGBoost,Prediction,Valid
2025-11-03,P006,1.744799256324768,XGBoost,Prediction,Valid
2025-11-04,P006,2.707872152328491,XGBoost,Prediction,Valid
2025-11-05,P006,2.1635255813598633,XGBoost,Prediction,Valid
2025-11-06,P006,2.5622758865356445,XGBoost,Prediction,Valid
2025-11-07,P006,2.115813970565796,XGBoost,Prediction,Valid
2025-11-08,P006,1.644745945930481,XGBoost,Prediction,Valid
2025-11-09,P006,2.4218437671661377,XGBoost,Prediction,Valid
2025-11-10,P006,2.208623170852661,XGBoost,Prediction,Valid
2025-11-11,P006,2.201164722442627,XGBoost,Prediction,Valid
2025-11-12,P006,1.2040979862213135,XGBoost,Prediction,Valid
2025-11-13,P006,2.365504741668701,XGBoost,Prediction,Valid
2025-11-14,P006,2.459192991256714,XGBoost,Prediction,Valid
2025-11-15,P006,1.3111549615859985,XGBoost,Prediction,Valid
2025-11-16,P006,2.0876965522766113,XGBoost,Prediction,Valid
2025-11-17,P006,1.5598350763320923,XGBoost,Prediction,Valid
2025-11-18,P006,2.347625970840454,XGBoost,Prediction,Valid
2025-11-19,P006,2.099968671798706,XGBoost,Prediction,Valid
2025-11-20,P006,2.223604679107666,XGBoost,Prediction,Valid
2025-11-21,P006,1.7269940376281738,XGBoost,Prediction,Valid
2025-11-22,P006,2.591855525970459,XGBoost,Prediction,Valid
2025-11-23,P006,1.8579587936401367,XGBoost,Prediction,Valid
2025-11-24,P006,1.7241946458816528,XGBoost,Prediction,Valid
2025-09-15,P007,2.081620216369629,XGBoost,Prediction,Valid
2025-09-16,P007,3.1670596599578857,XGBoost,Prediction,Valid
2025-09-17,P007,2.714616060256958,XGBoost,Prediction,Valid
2025-09-18,P007,3.1085147857666016,XGBoost,Prediction,Valid
2025-09-19,P007,2.4231574535369873,XGBoost,Prediction,Valid
2025-09-20,P007,2.702202320098877,XGBoost,Prediction,Valid
2025-09-21,P007,2.4561424255371094,XGBoost,Prediction,Valid
2025-09-22,P007,1.69307541847229,XGBoost,Prediction,Valid
2025-09-23,P007,3.0117480754852295,XGBoost,Prediction,Valid
2025-09-24,P007,3.392876625061035,XGBoost,Prediction,Valid
2025-09-25,P007,2.0564019680023193,XGBoost,Prediction,Valid
2025-09-26,P007,2.111309289932251,XGBoost,Prediction,Valid
2025-09-27,P007,2.7182445526123047,XGBoost,Prediction,Valid
2025-09-28,P007,1.7700231075286865,XGBoost,Prediction,Valid
2025-09-29,P007,2.2392280101776123,XGBoost,Prediction,Valid
2025-09-30,P007,2.400784969329834,XGBoost,Prediction,Valid
2025-10-01,P007,2.229257822036743,XGBoost,Prediction,Valid
2025-10-02,P007,2.2043001651763916,XGBoost,Prediction,Valid
2025-10-03,P007,2.517399311065674,XGBoost,Prediction,Valid
2025-10-04,P007,3.1601791381835938,XGBoost,Prediction,Valid
2025-10-05,P007,2.7590184211730957,XGBoost,Prediction,Valid
2025-10-06,P007,2.1994612216949463,XGBoost,Prediction,Valid
2025-10-07,P007,1.8294318914413452,XGBoost,Prediction,Valid
2025-10-08,P007,2.7663934230804443,XGBoost,Prediction,Valid
2025-10-09,P007,2.5949127674102783,XGBoost,Prediction,Valid
2025-10-10,P007,2.5544273853302,XGBoost,Prediction,Valid
2025-10-11,P007,2.7182652950286865,XGBoost,Prediction,Valid
2025-10-12,P007,2.6878299713134766,XGBoost,Prediction,Valid
2025-10-13,P007,2.120060920715332,XGBoost,Prediction,Valid
2025-10-14,P007,2.8533735275268555,XGBoost,Prediction,Valid
2025-10-15,P007,1.983806848526001,XGBoost,Prediction,Valid
2025-10-16,P007,2.5552289485931396,XGBoost,Prediction,Valid
2025-10-17,P007,3.060307264328003,XGBoost,Prediction,Valid
2025-10-18,P007,2.7022714614868164,XGBoost,Prediction,Valid
2025-10-19,P007,1.852432370185852,XGBoost,Prediction,Valid
2025-10-20,P007,2.1506412029266357,XGBoost,Prediction,Valid
2025-10-21,P007,1.9584953784942627,XGBoost,Prediction,Valid
2025-10-22,P007,1.9298971891403198,XGBoost,Prediction,Valid
2025-10-23,P007,2.997176170349121,XGBoost,Prediction,Valid
2025-10-24,P007,1.9279100894927979,XGBoost,Prediction,Valid
2025-10-25,P007,2.2699573040008545,XGBoost,Prediction,Valid
2025-10-26,P007,1.7844164371490479,XGBoost,Prediction,Valid
2025-10-27,P007,2.4915130138397217,XGBoost,Prediction,Valid
2025-10-28,P007,1.6429415941238403,XGBoost,Prediction,Valid
2025-10-29,P007,2.1792030334472656,XGBoost,Prediction,Valid
2025-10-30,P007,2.4050674438476562,XGBoost,Prediction,Valid
2025-10-31,P007,2.5037178993225098,XGBoost,Prediction,Valid
2025-11-01,P007,2.804908514022827,XGBoost,Prediction,Valid
2025-11-02,P007,2.8202097415924072,XGBoost,Prediction,Valid
2025-11-03,P007,1.8756558895111084,XGBoost,Prediction,Valid
2025-11-04,P007,2.7931153774261475,XGBoost,Prediction,Valid
2025-11-05,P007,2.687082529067993,XGBoost,Prediction,Valid
2025-11-06,P007,2.683610439300537,XGBoost,Prediction,Valid
2025-11-07,P007,2.4857726097106934,XGBoost,Prediction,Valid
2025-11-08,P007,2.734417200088501,XGBoost,Prediction,Valid
2025-11-09,P007,2.017970561981201,XGBoost,Prediction,Valid
2025-11-10,P007,1.8345060348510742,XGBoost,Prediction,Valid
2025-11-11,P007,2.495483160018921,XGBoost,Prediction,Valid
2025-11-12,P007,2.67724347114563,XGBoost,Prediction,Valid
2025-11-13,P007,2.0476648807525635,XGBoost,Prediction,Valid
2025-11-14,P007,2.968775510787964,XGBoost,Prediction,Valid
2025-11-15,P007,2.1194474697113037,XGBoost,Prediction,Valid
2025-11-16,P007,2.4994397163391113,XGBoost,Prediction,Valid
2025-11-17,P007,2.852851152420044,XGBoost,Prediction,Valid
2025-11-18,P007,2.6936593055725098,XGBoost,Prediction,Valid
2025-11-19,P007,2.103236675262451,XGBoost,Prediction,Valid
2025-11-20,P007,2.7558677196502686,XGBoost,Prediction,Valid
2025-11-21,P007,2.1866037845611572,XGBoost,Prediction,Valid
2025-11-22,P007,2.9347777366638184,XGBoost,Prediction,Valid
2025-11-23,P007,1.8119088411331177,XGBoost,Prediction,Valid
2025-11-24,P007,2.4318277835845947,XGBoost,Prediction,Valid
2025-09-15,P008,1.8655645847320557,XGBoost,Prediction,Valid
2025-09-16,P008,1.696692943572998,XGBoost,Prediction,Valid
2025-09-17,P008,2.1451029777526855,XGBoost,Prediction,Valid
2025-09-18,P008,2.24478816986084,XGBoost,Prediction,Valid
2025-09-19,P008,2.7095179557800293,XGBoost,Prediction,Valid
2025-09-20,P008,1.9342551231384277,XGBoost,Prediction,Valid
2025-09-21,P008,2.119257688522339,XGBoost,Prediction,Valid
2025-09-22,P008,1.7134242057800293,XGBoost,Prediction,Valid
2025-09-23,P008,1.5522749423980713,XGBoost,Prediction,Valid
2025-09-24,P008,1.891370177268982,XGBoost,Prediction,Valid
2025-09-25,P008,1.2130872011184692,XGBoost,Prediction,Valid
2025-09-26,P008,2.0361149311065674,XGBoost,Prediction,Valid
2025-09-27,P008,2.4177591800689697,XGBoost,Prediction,Valid
2025-09-28,P008,2.303745746612549,XGBoost,Prediction,Valid
2025-09-29,P008,1.6811951398849487,XGBoost,Prediction,Valid
2025-09-30,P008,2.386897563934326,XGBoost,Prediction,Valid
2025-10-01,P008,1.9252970218658447,XGBoost,Prediction,Valid
2025-10-02,P008,1.4171329736709595,XGBoost,Prediction,Valid
2025-10-03,P008,2.267730236053467,XGBoost,Prediction,Valid
2025-10-04,P008,1.9166070222854614,XGBoost,Prediction,Valid
2025-10-05,P008,1.735100507736206,XGBoost,Prediction,Valid
2025-10-06,P008,1.688298225402832,XGBoost,Prediction,Valid
2025-10-07,P008,1.751852035522461,XGBoost,Prediction,Valid
2025-10-08,P008,2.656193733215332,XGBoost,Prediction,Valid
2025-10-09,P008,2.3656349182128906,XGBoost,Prediction,Valid
2025-10-10,P008,1.293739676475525,XGBoost,Prediction,Valid
2025-10-11,P008,2.652523994445801,XGBoost,Prediction,Valid
2025-10-12,P008,1.2925149202346802,XGBoost,Prediction,Valid
2025-10-13,P008,2.0215954780578613,XGBoost,Prediction,Valid
2025-10-14,P008,1.8789480924606323,XGBoost,Prediction,Valid
2025-10-15,P008,1.9914463758468628,XGBoost,Prediction,Valid
2025-10-16,P008,1.609359860420227,XGBoost,Prediction,Valid
2025-10-17,P008,1.4409831762313843,XGBoost,Prediction,Valid
2025-10-18,P008,2.1297719478607178,XGBoost,Prediction,Valid
2025-10-19,P008,2.309230327606201,XGBoost,Prediction,Valid
2025-10-20,P008,1.613824725151062,XGBoost,Prediction,Valid
2025-10-21,P008,2.070056200027466,XGBoost,Prediction,Valid
2025-10-22,P008,1.4521474838256836,XGBoost,Prediction,Valid
2025-10-23,P008,1.6201807260513306,XGBoost,Prediction,Valid
2025-10-24,P008,1.5980507135391235,XGBoost,Prediction,Valid
2025-10-25,P008,1.6240551471710205,XGBoost,Prediction,Valid
2025-10-26,P008,2.191033124923706,XGBoost,Prediction,Valid
2025-10-27,P008,2.3132734298706055,XGBoost,Prediction,Valid
2025-10-28,P008,1.8330012559890747,XGBoost,Prediction,Valid
2025-10-29,P008,2.3473060131073,XGBoost,Prediction,Valid
2025-10-30,P008,1.9479480981826782,XGBoost,Prediction,Valid
2025-10-31,P008,2.506559371948242,XGBoost,Prediction,Valid
2025-11-01,P008,1.8112024068832397,XGBoost,Prediction,Valid
2025-11-02,P008,1.8145744800567627,XGBoost,Prediction,Valid
2025-11-03,P008,2.9902353286743164,XGBoost,Prediction,Valid
2025-11-04,P008,1.5596333742141724,XGBoost,Prediction,Valid
2025-11-05,P008,2.394587278366089,XGBoost,Prediction,Valid
2025-11-06,P008,2.10642147064209,XGBoost,Prediction,Valid
2025-11-07,P008,2.0373902320861816,XGBoost,Prediction,Valid
2025-11-08,P008,2.442385673522949,XGBoost,Prediction,Valid
2025-11-09,P008,2.3931632041931152,XGBoost,Prediction,Valid
2025-11-10,P008,1.8507534265518188,XGBoost,Prediction,Valid
2025-11-11,P008,2.624044179916382,XGBoost,Prediction,Valid
2025-11-12,P008,1.4924297332763672,XGBoost,Prediction,Valid
2025-11-13,P008,2.2348904609680176,XGBoost,Prediction,Valid
2025-11-14,P008,2.2623350620269775,XGBoost,Prediction,Valid
2025-11-15,P008,1.544780969619751,XGBoost,Prediction,Valid
2025-11-16,P008,2.5068044662475586,XGBoost,Prediction,Valid
2025-11-17,P008,2.1003241539001465,XGBoost,Prediction,Valid
2025-11-18,P008,1.8299802541732788,XGBoost,Prediction,Valid
2025-11-19,P008,1.6000168323516846,XGBoost,Prediction,Valid
2025-11-20,P008,2.5416553020477295,XGBoost,Prediction,Valid
2025-11-21,P008,2.5705018043518066,XGBoost,Prediction,Valid
2025-11-22,P008,2.892906427383423,XGBoost,Prediction,Valid
2025-11-23,P008,1.9682878255844116,XGBoost,Prediction,Valid
2025-11-24,P008,2.12634015083313,XGBoost,Prediction,Valid
2025-09-15,P009,2.308897018432617,XGBoost,Prediction,Valid
2025-09-16,P009,2.193063974380493,XGBoost,Prediction,Valid
2025-09-17,P009,1.5060416460037231,XGBoost,Prediction,Valid
2025-09-18,P009,2.2955691814422607,XGBoost,Prediction,Valid
2025-09-19,P009,2.3855783939361572,XGBoost,Prediction,Valid
2025-09-20,P009,2.4198546409606934,XGBoost,Prediction,Valid
2025-09-21,P009,2.596363067626953,XGBoost,Prediction,Valid
2025-09-22,P009,1.7276651859283447,XGBoost,Prediction,Valid
2025-09-23,P009,2.542261838912964,XGBoost,Prediction,Valid
2025-09-24,P009,2.2382376194000244,XGBoost,Prediction,Valid
2025-09-25,P009,1.8663601875305176,XGBoost,Prediction,Valid
2025-09-26,P009,1.8327786922454834,XGBoost,Prediction,Valid
2025-09-27,P009,1.8488423824310303,XGBoost,Prediction,Valid
2025-09-28,P009,2.4659006595611572,XGBoost,Prediction,Valid
2025-09-29,P009,2.376903772354126,XGBoost,Prediction,Valid
2025-09-30,P009,1.7573742866516113,XGBoost,Prediction,Valid
2025-10-01,P009,2.3015806674957275,XGBoost,Prediction,Valid
2025-10-02,P009,2.3233230113983154,XGBoost,Prediction,Valid
2025-10-03,P009,2.5679707527160645,XGBoost,Prediction,Valid
2025-10-04,P009,2.135040044784546,XGBoost,Prediction,Valid
2025-10-05,P009,1.8129099607467651,XGBoost,Prediction,Valid
2025-10-06,P009,2.459758758544922,XGBoost,Prediction,Valid
2025-10-07,P009,1.7841867208480835,XGBoost,Prediction,Valid
2025-10-08,P009,1.5893737077713013,XGBoost,Prediction,Valid
2025-10-09,P009,1.9145690202713013,XGBoost,Prediction,Valid
2025-10-10,P009,2.1998751163482666,XGBoost,Prediction,Valid
2025-10-11,P009,2.346414089202881,XGBoost,Prediction,Valid
2025-10-12,P009,1.7312582731246948,XGBoost,Prediction,Valid
2025-10-13,P009,1.6311273574829102,XGBoost,Prediction,Valid
2025-10-14,P009,1.827082872390747,XGBoost,Prediction,Valid
2025-10-15,P009,2.112279176712036,XGBoost,Prediction,Valid
2025-10-16,P009,2.048243761062622,XGBoost,Prediction,Valid
2025-10-17,P009,2.4736032485961914,XGBoost,Prediction,Valid
2025-10-18,P009,1.7425345182418823,XGBoost,Prediction,Valid
2025-10-19,P009,2.15562105178833,XGBoost,Prediction,Valid
2025-10-20,P009,1.9242140054702759,XGBoost,Prediction,Valid
2025-10-21,P009,2.297650098800659,XGBoost,Prediction,Valid
2025-10-22,P009,1.8427863121032715,XGBoost,Prediction,Valid
2025-10-23,P009,1.50099778175354,XGBoost,Prediction,Valid
2025-10-24,P009,2.003326654434204,XGBoost,Prediction,Valid
2025-10-25,P009,2.278094530105591,XGBoost,Prediction,Valid
2025-10-26,P009,1.697487473487854,XGBoost,Prediction,Valid
2025-10-27,P009,2.399671792984009,XGBoost,Prediction,Valid
2025-10-28,P009,1.7035510540008545,XGBoost,Prediction,Valid
2025-10-29,P009,1.5807679891586304,XGBoost,Prediction,Valid
2025-10-30,P009,2.77278733253479,XGBoost,Prediction,Valid
2025-10-31,P009,3.321903705596924,XGBoost,Prediction,Valid
2025-11-01,P009,2.5014522075653076,XGBoost,Prediction,Valid
2025-11-02,P009,2.1154158115386963,XGBoost,Prediction,Valid
2025-11-03,P009,1.6034822463989258,XGBoost,Prediction,Valid
2025-11-04,P009,2.410491466522217,XGBoost,Prediction,Valid
2025-11-05,P009,1.9621212482452393,XGBoost,Prediction,Valid
2025-11-06,P009,2.889056921005249,XGBoost,Prediction,Valid
2025-11-07,P009,1.5653451681137085,XGBoost,Prediction,Valid
2025-11-08,P009,1.993432641029358,XGBoost,Prediction,Valid
2025-11-09,P009,2.039029359817505,XGBoost,Prediction,Valid
2025-11-10,P009,1.8222943544387817,XGBoost,Prediction,Valid
2025-11-11,P009,2.4263041019439697,XGBoost,Prediction,Valid
2025-11-12,P009,1.3805317878723145,XGBoost,Prediction,Valid
2025-11-13,P009,1.2721247673034668,XGBoost,Prediction,Valid
2025-11-14,P009,3.044696569442749,XGBoost,Prediction,Valid
2025-11-15,P009,1.6257081031799316,XGBoost,Prediction,Valid
2025-11-16,P009,1.2697880268096924,XGBoost,Prediction,Valid
2025-11-17,P009,2.7141120433807373,XGBoost,Prediction,Valid
2025-11-18,P009,1.5751186609268188,XGBoost,Prediction,Valid
2025-11-19,P009,2.2420878410339355,XGBoost,Prediction,Valid
2025-11-20,P009,2.6849870681762695,XGBoost,Prediction,Valid
2025-11-21,P009,1.885979175567627,XGBoost,Prediction,Valid
2025-11-22,P009,2.290011405944824,XGBoost,Prediction,Valid
2025-11-23,P009,2.3435215950012207,XGBoost,Prediction,Valid
2025-11-24,P009,2.7461986541748047,XGBoost,Prediction,Valid
2025-09-15,P010,2.0508370399475098,XGBoost,Prediction,Valid
2025-09-16,P010,1.7511076927185059,XGBoost,Prediction,Valid
2025-09-17,P010,2.001868724822998,XGBoost,Prediction,Valid
2025-09-18,P010,2.561075210571289,XGBoost,Prediction,Valid
2025-09-19,P010,3.251797676086426,XGBoost,Prediction,Valid
2025-09-20,P010,2.9843859672546387,XGBoost,Prediction,Valid
2025-09-21,P010,2.448657512664795,XGBoost,Prediction,Valid
2025-09-22,P010,1.9566861391067505,XGBoost,Prediction,Valid
2025-09-23,P010,1.9161802530288696,XGBoost,Prediction,Valid
2025-09-24,P010,1.5715796947479248,XGBoost,Prediction,Valid
2025-09-25,P010,2.3935022354125977,XGBoost,Prediction,Valid
2025-09-26,P010,1.7503851652145386,XGBoost,Prediction,Valid
2025-09-27,P010,2.326855421066284,XGBoost,Prediction,Valid
2025-09-28,P010,2.4250259399414062,XGBoost,Prediction,Valid
2025-09-29,P010,2.421527624130249,XGBoost,Prediction,Valid
2025-09-30,P010,2.593719959259033,XGBoost,Prediction,Valid
2025-10-01,P010,3.0797722339630127,XGBoost,Prediction,Valid
2025-10-02,P010,2.42873477935791,XGBoost,Prediction,Valid
2025-10-03,P010,2.4426796436309814,XGBoost,Prediction,Valid
2025-10-04,P010,2.508629322052002,XGBoost,Prediction,Valid
2025-10-05,P010,2.319016695022583,XGBoost,Prediction,Valid
2025-10-06,P010,2.387246608734131,XGBoost,Prediction,Valid
2025-10-07,P010,1.0988967418670654,XGBoost,Prediction,Valid
2025-10-08,P010,2.2580654621124268,XGBoost,Prediction,Valid
2025-10-09,P010,1.5949733257293701,XGBoost,Prediction,Valid
2025-10-10,P010,1.4485138654708862,XGBoost,Prediction,Valid
2025-10-11,P010,2.246156930923462,XGBoost,Prediction,Valid
2025-10-12,P010,1.7508726119995117,XGBoost,Prediction,Valid
2025-10-13,P010,1.6742795705795288,XGBoost,Prediction,Valid
2025-10-14,P010,1.9232208728790283,XGBoost,Prediction,Valid
2025-10-15,P010,1.3699886798858643,XGBoost,Prediction,Valid
2025-10-16,P010,1.9356383085250854,XGBoost,Prediction,Valid
2025-10-17,P010,2.569218635559082,XGBoost,Prediction,Valid
2025-10-18,P010,1.2531369924545288,XGBoost,Prediction,Valid
2025-10-19,P010,1.9345771074295044,XGBoost,Prediction,Valid
2025-10-20,P010,2.2549359798431396,XGBoost,Prediction,Valid
2025-10-21,P010,1.6044909954071045,XGBoost,Prediction,Valid
2025-10-22,P010,1.6685466766357422,XGBoost,Prediction,Valid
2025-10-23,P010,2.492706298828125,XGBoost,Prediction,Valid
2025-10-24,P010,1.968139410018921,XGBoost,Prediction,Valid
2025-10-25,P010,2.6489052772521973,XGBoost,Prediction,Valid
2025-10-26,P010,1.923226237297058,XGBoost,Prediction,Valid
2025-10-27,P010,2.1811418533325195,XGBoost,Prediction,Valid
2025-10-28,P010,1.5761538743972778,XGBoost,Prediction,Valid
2025-10-29,P010,1.5519981384277344,XGBoost,Prediction,Valid
2025-10-30,P010,1.8564777374267578,XGBoost,Prediction,Valid
2025-10-31,P010,2.1177735328674316,XGBoost,Prediction,Valid
2025-11-01,P010,2.4933266639709473,XGBoost,Prediction,Valid
2025-11-02,P010,1.1852623224258423,XGBoost,Prediction,Valid
2025-11-03,P010,2.1898763179779053,XGBoost,Prediction,Valid
2025-11-04,P010,1.915403127670288,XGBoost,Prediction,Valid
2025-11-05,P010,2.1934711933135986,XGBoost,Prediction,Valid
2025-11-06,P010,3.3683879375457764,XGBoost,Prediction,Valid
2025-11-07,P010,1.9210271835327148,XGBoost,Prediction,Valid
2025-11-08,P010,2.4657022953033447,XGBoost,Prediction,Valid
2025-11-09,P010,1.5781272649765015,XGBoost,Prediction,Valid
2025-11-10,P010,1.7822519540786743,XGBoost,Prediction,Valid
2025-11-11,P010,1.8295131921768188,XGBoost,Prediction,Valid
2025-11-12,P010,1.6659082174301147,XGBoost,Prediction,Valid
2025-11-13,P010,2.0851023197174072,XGBoost,Prediction,Valid
2025-11-14,P010,2.146615505218506,XGBoost,Prediction,Valid
2025-11-15,P010,1.8867497444152832,XGBoost,Prediction,Valid
2025-11-16,P010,2.1824381351470947,XGBoost,Prediction,Valid
2025-11-17,P010,1.2177150249481201,XGBoost,Prediction,Valid
2025-11-18,P010,1.6333023309707642,XGBoost,Prediction,Valid
2025-11-19,P010,3.0858137607574463,XGBoost,Prediction,Valid
2025-11-20,P010,1.7303780317306519,XGBoost,Prediction,Valid
2025-11-21,P010,1.5021620988845825,XGBoost,Prediction,Valid
2025-11-22,P010,2.065675735473633,XGBoost,Prediction,Valid
2025-11-23,P010,2.557041883468628,XGBoost,Prediction,Valid
2025-11-24,P010,1.9481513500213623,XGBoost,Prediction,Valid
2025-09-15,P011,2.0449905395507812,XGBoost,Prediction,Valid
2025-09-16,P011,2.7466788291931152,XGBoost,Prediction,Valid
2025-09-17,P011,1.6960117816925049,XGBoost,Prediction,Valid
2025-09-18,P011,2.119412422180176,XGBoost,Prediction,Valid
2025-09-19,P011,2.4177188873291016,XGBoost,Prediction,Valid
2025-09-20,P011,2.599301338195801,XGBoost,Prediction,Valid
2025-09-21,P011,1.6520484685897827,XGBoost,Prediction,Valid
2025-09-22,P011,2.926612138748169,XGBoost,Prediction,Valid
2025-09-23,P011,2.542006492614746,XGBoost,Prediction,Valid
2025-09-24,P011,2.0796260833740234,XGBoost,Prediction,Valid
2025-09-25,P011,2.3218793869018555,XGBoost,Prediction,Valid
2025-09-26,P011,1.9815773963928223,XGBoost,Prediction,Valid
2025-09-27,P011,2.502382755279541,XGBoost,Prediction,Valid
2025-09-28,P011,2.3170077800750732,XGBoost,Prediction,Valid
2025-09-29,P011,2.439847469329834,XGBoost,Prediction,Valid
2025-09-30,P011,2.2987961769104004,XGBoost,Prediction,Valid
2025-10-01,P011,2.8723196983337402,XGBoost,Prediction,Valid
2025-10-02,P011,2.3820536136627197,XGBoost,Prediction,Valid
2025-10-03,P011,2.410123825073242,XGBoost,Prediction,Valid
2025-10-04,P011,2.3355202674865723,XGBoost,Prediction,Valid
2025-10-05,P011,2.05657958984375,XGBoost,Prediction,Valid
2025-10-06,P011,1.8435373306274414,XGBoost,Prediction,Valid
2025-10-07,P011,1.9158189296722412,XGBoost,Prediction,Valid
2025-10-08,P011,2.0819623470306396,XGBoost,Prediction,Valid
2025-10-09,P011,2.3557920455932617,XGBoost,Prediction,Valid
2025-10-10,P011,1.8168315887451172,XGBoost,Prediction,Valid
2025-10-11,P011,1.7333606481552124,XGBoost,Prediction,Valid
2025-10-12,P011,2.604250431060791,XGBoost,Prediction,Valid
2025-10-13,P011,1.959527850151062,XGBoost,Prediction,Valid
2025-10-14,P011,1.8098262548446655,XGBoost,Prediction,Valid
2025-10-15,P011,2.1979358196258545,XGBoost,Prediction,Valid
2025-10-16,P011,2.1580491065979004,XGBoost,Prediction,Valid
2025-10-17,P011,1.6941639184951782,XGBoost,Prediction,Valid
2025-10-18,P011,2.0633904933929443,XGBoost,Prediction,Valid
2025-10-19,P011,2.358880043029785,XGBoost,Prediction,Valid
2025-10-20,P011,1.8453781604766846,XGBoost,Prediction,Valid
2025-10-21,P011,1.6649858951568604,XGBoost,Prediction,Valid
2025-10-22,P011,1.7132458686828613,XGBoost,Prediction,Valid
2025-10-23,P011,1.941749930381775,XGBoost,Prediction,Valid
2025-10-24,P011,2.0027406215667725,XGBoost,Prediction,Valid
2025-10-25,P011,1.7436370849609375,XGBoost,Prediction,Valid
2025-10-26,P011,2.121143341064453,XGBoost,Prediction,Valid
2025-10-27,P011,2.222949504852295,XGBoost,Prediction,Valid
2025-10-28,P011,2.577425241470337,XGBoost,Prediction,Valid
2025-10-29,P011,2.8063952922821045,XGBoost,Prediction,Valid
2025-10-30,P011,1.8373136520385742,XGBoost,Prediction,Valid
2025-10-31,P011,2.67974591255188,XGBoost,Prediction,Valid
2025-11-01,P011,1.788078784942627,XGBoost,Prediction,Valid
2025-11-02,P011,3.112159252166748,XGBoost,Prediction,Valid
2025-11-03,P011,1.9403502941131592,XGBoost,Prediction,Valid
2025-11-04,P011,2.7728681564331055,XGBoost,Prediction,Valid
2025-11-05,P011,2.43245005607605,XGBoost,Prediction,Valid
2025-11-06,P011,2.247788667678833,XGBoost,Prediction,Valid
2025-11-07,P011,2.0291755199432373,XGBoost,Prediction,Valid
2025-11-08,P011,2.077432632446289,XGBoost,Prediction,Valid
2025-11-09,P011,2.4318015575408936,XGBoost,Prediction,Valid
2025-11-10,P011,2.2595295906066895,XGBoost,Prediction,Valid
2025-11-11,P011,1.7092124223709106,XGBoost,Prediction,Valid
2025-11-12,P011,1.9560166597366333,XGBoost,Prediction,Valid
2025-11-13,P011,2.43876314163208,XGBoost,Prediction,Valid
2025-11-14,P011,1.7102497816085815,XGBoost,Prediction,Valid
2025-11-15,P011,2.1059601306915283,XGBoost,Prediction,Valid
2025-11-16,P011,2.202194929122925,XGBoost,Prediction,Valid
2025-11-17,P011,1.657895803451538,XGBoost,Prediction,Valid
2025-11-18,P011,1.9042478799819946,XGBoost,Prediction,Valid
2025-11-19,P011,2.2460010051727295,XGBoost,Prediction,Valid
2025-11-20,P011,2.2628228664398193,XGBoost,Prediction,Valid
2025-11-21,P011,1.5790480375289917,XGBoost,Prediction,Valid
2025-11-22,P011,2.3883166313171387,XGBoost,Prediction,Valid
2025-11-23,P011,2.1480250358581543,XGBoost,Prediction,Valid
2025-11-24,P011,2.9992010593414307,XGBoost,Prediction,Valid
2025-09-15,P012,1.2308903932571411,XGBoost,Prediction,Valid
2025-09-16,P012,1.6162971258163452,XGBoost,Prediction,Valid
2025-09-17,P012,1.8444935083389282,XGBoost,Prediction,Valid
2025-09-18,P012,1.350121021270752,XGBoost,Prediction,Valid
2025-09-19,P012,1.9798418283462524,XGBoost,Prediction,Valid
2025-09-20,P012,2.0653488636016846,XGBoost,Prediction,Valid
2025-09-21,P012,2.0713019371032715,XGBoost,Prediction,Valid
2025-09-22,P012,1.1198574304580688,XGBoost,Prediction,Valid
2025-09-23,P012,2.2052199840545654,XGBoost,Prediction,Valid
2025-09-24,P012,2.039835214614868,XGBoost,Prediction,Valid
2025-09-25,P012,2.1043999195098877,XGBoost,Prediction,Valid
2025-09-26,P012,1.636834979057312,XGBoost,Prediction,Valid
2025-09-27,P012,1.2921760082244873,XGBoost,Prediction,Valid
2025-09-28,P012,1.5505268573760986,XGBoost,Prediction,Valid
2025-09-29,P012,2.170443296432495,XGBoost,Prediction,Valid
2025-09-30,P012,2.676189422607422,XGBoost,Prediction,Valid
2025-10-01,P012,1.7708661556243896,XGBoost,Prediction,Valid
2025-10-02,P012,2.0337555408477783,XGBoost,Prediction,Valid
2025-10-03,P012,1.8376080989837646,XGBoost,Prediction,Valid
2025-10-04,P012,2.499732494354248,XGBoost,Prediction,Valid
2025-10-05,P012,1.769425868988037,XGBoost,Prediction,Valid
2025-10-06,P012,2.684580087661743,XGBoost,Prediction,Valid
2025-10-07,P012,2.2049918174743652,XGBoost,Prediction,Valid
2025-10-08,P012,1.7721586227416992,XGBoost,Prediction,Valid
2025-10-09,P012,1.1589730978012085,XGBoost,Prediction,Valid
2025-10-10,P012,1.434840440750122,XGBoost,Prediction,Valid
2025-10-11,P012,2.263806104660034,XGBoost,Prediction,Valid
2025-10-12,P012,1.7778568267822266,XGBoost,Prediction,Valid
2025-10-13,P012,1.632339596748352,XGBoost,Prediction,Valid
2025-10-14,P012,2.647430419921875,XGBoost,Prediction,Valid
2025-10-15,P012,1.2358758449554443,XGBoost,Prediction,Valid
2025-10-16,P012,1.0446763038635254,XGBoost,Prediction,Valid
2025-10-17,P012,1.785381555557251,XGBoost,Prediction,Valid
2025-10-18,P012,2.1219429969787598,XGBoost,Prediction,Valid
2025-10-19,P012,1.9106651544570923,XGBoost,Prediction,Valid
2025-10-20,P012,1.7387773990631104,XGBoost,Prediction,Valid
2025-10-21,P012,1.4053492546081543,XGBoost,Prediction,Valid
2025-10-22,P012,2.568542003631592,XGBoost,Prediction,Valid
2025-10-23,P012,1.529707670211792,XGBoost,Prediction,Valid
2025-10-24,P012,2.4198734760284424,XGBoost,Prediction,Valid
2025-10-25,P012,1.6343621015548706,XGBoost,Prediction,Valid
2025-10-26,P012,1.4655156135559082,XGBoost,Prediction,Valid
2025-10-27,P012,1.9852651357650757,XGBoost,Prediction,Valid
2025-10-28,P012,1.1720664501190186,XGBoost,Prediction,Valid
2025-10-29,P012,1.5583271980285645,XGBoost,Prediction,Valid
2025-10-30,P012,1.3686330318450928,XGBoost,Prediction,Valid
2025-10-31,P012,2.011654853820801,XGBoost,Prediction,Valid
2025-11-01,P012,2.0627686977386475,XGBoost,Prediction,Valid
2025-11-02,P012,1.1951444149017334,XGBoost,Prediction,Valid
2025-11-03,P012,1.8396921157836914,XGBoost,Prediction,Valid
2025-11-04,P012,1.4974632263183594,XGBoost,Prediction,Valid
2025-11-05,P012,1.9708666801452637,XGBoost,Prediction,Valid
2025-11-06,P012,2.0749478340148926,XGBoost,Prediction,Valid
2025-11-07,P012,2.157442808151245,XGBoost,Prediction,Valid
2025-11-08,P012,1.3131963014602661,XGBoost,Prediction,Valid
2025-11-09,P012,1.7314456701278687,XGBoost,Prediction,Valid
2025-11-10,P012,1.6028577089309692,XGBoost,Prediction,Valid
2025-11-11,P012,1.9965221881866455,XGBoost,Prediction,Valid
2025-11-12,P012,1.266530990600586,XGBoost,Prediction,Valid
2025-11-13,P012,1.004418134689331,XGBoost,Prediction,Valid
2025-11-14,P012,2.141861915588379,XGBoost,Prediction,Valid
2025-11-15,P012,1.650541067123413,XGBoost,Prediction,Valid
2025-11-16,P012,1.6281307935714722,XGBoost,Prediction,Valid
2025-11-17,P012,1.892775058746338,XGBoost,Prediction,Valid
2025-11-18,P012,1.3173052072525024,XGBoost,Prediction,Valid
2025-11-19,P012,1.2074730396270752,XGBoost,Prediction,Valid
2025-11-20,P012,1.8833603858947754,XGBoost,Prediction,Valid
2025-11-21,P012,2.5177342891693115,XGBoost,Prediction,Valid
2025-11-22,P012,1.5779999494552612,XGBoost,Prediction,Valid
2025-11-23,P012,1.3034898042678833,XGBoost,Prediction,Valid
2025-11-24,P012,1.489001750946045,XGBoost,Prediction,Valid
2025-09-15,P013,1.7745463848114014,XGBoost,Prediction,Valid
2025-09-16,P013,2.1072633266448975,XGBoost,Prediction,Valid
2025-09-17,P013,1.5329158306121826,XGBoost,Prediction,Valid
2025-09-18,P013,2.8753316402435303,XGBoost,Prediction,Valid
2025-09-19,P013,1.6827257871627808,XGBoost,Prediction,Valid
2025-09-20,P013,1.9229365587234497,XGBoost,Prediction,Valid
2025-09-21,P013,2.0785787105560303,XGBoost,Prediction,Valid
2025-09-22,P013,1.839033603668213,XGBoost,Prediction,Valid
2025-09-23,P013,2.5143871307373047,XGBoost,Prediction,Valid
2025-09-24,P013,2.2073004245758057,XGBoost,Prediction,Valid
2025-09-25,P013,2.2824110984802246,XGBoost,Prediction,Valid
2025-09-26,P013,1.458619475364685,XGBoost,Prediction,Valid
2025-09-27,P013,1.9396005868911743,XGBoost,Prediction,Valid
2025-09-28,P013,2.002446413040161,XGBoost,Prediction,Valid
2025-09-29,P013,1.5543407201766968,XGBoost,Prediction,Valid
2025-09-30,P013,2.1852710247039795,XGBoost,Prediction,Valid
2025-10-01,P013,2.008091449737549,XGBoost,Prediction,Valid
2025-10-02,P013,2.10821533203125,XGBoost,Prediction,Valid
2025-10-03,P013,2.6473708152770996,XGBoost,Prediction,Valid
2025-10-04,P013,2.270510196685791,XGBoost,Prediction,Valid
2025-10-05,P013,1.7625281810760498,XGBoost,Prediction,Valid
2025-10-06,P013,2.0649383068084717,XGBoost,Prediction,Valid
2025-10-07,P013,2.547417163848877,XGBoost,Prediction,Valid
2025-10-08,P013,1.4730658531188965,XGBoost,Prediction,Valid
2025-10-09,P013,2.317323684692383,XGBoost,Prediction,Valid
2025-10-10,P013,1.6386444568634033,XGBoost,Prediction,Valid
2025-10-11,P013,1.704382300376892,XGBoost,Prediction,Valid
2025-10-12,P013,2.30188250541687,XGBoost,Prediction,Valid
2025-10-13,P013,1.2261905670166016,XGBoost,Prediction,Valid
2025-10-14,P013,2.0380160808563232,XGBoost,Prediction,Valid
2025-10-15,P013,2.755077838897705,XGBoost,Prediction,Valid
2025-10-16,P013,1.4327948093414307,XGBoost,Prediction,Valid
2025-10-17,P013,1.7242481708526611,XGBoost,Prediction,Valid
2025-10-18,P013,1.3346267938613892,XGBoost,Prediction,Valid
2025-10-19,P013,1.14327871799469,XGBoost,Prediction,Valid
2025-10-20,P013,2.3781166076660156,XGBoost,Prediction,Valid
2025-10-21,P013,1.3945246934890747,XGBoost,Prediction,Valid
2025-10-22,P013,1.505285382270813,XGBoost,Prediction,Valid
2025-10-23,P013,1.5906931161880493,XGBoost,Prediction,Valid
2025-10-24,P013,2.188009262084961,XGBoost,Prediction,Valid
2025-10-25,P013,2.4337997436523438,XGBoost,Prediction,Valid
2025-10-26,P013,1.7945581674575806,XGBoost,Prediction,Valid
2025-10-27,P013,2.052034616470337,XGBoost,Prediction,Valid
2025-10-28,P013,2.084264039993286,XGBoost,Prediction,Valid
2025-10-29,P013,1.9379465579986572,XGBoost,Prediction,Valid
2025-10-30,P013,2.0969293117523193,XGBoost,Prediction,Valid
2025-10-31,P013,2.4747610092163086,XGBoost,Prediction,Valid
2025-11-01,P013,2.34788179397583,XGBoost,Prediction,Valid
2025-11-02,P013,1.476015567779541,XGBoost,Prediction,Valid
2025-11-03,P013,1.7106512784957886,XGBoost,Prediction,Valid
2025-11-04,P013,2.2828099727630615,XGBoost,Prediction,Valid
2025-11-05,P013,2.0056543350219727,XGBoost,Prediction,Valid
2025-11-06,P013,2.488908529281616,XGBoost,Prediction,Valid
2025-11-07,P013,2.064438819885254,XGBoost,Prediction,Valid
2025-11-08,P013,1.8949027061462402,XGBoost,Prediction,Valid
2025-11-09,P013,1.6522005796432495,XGBoost,Prediction,Valid
2025-11-10,P013,2.311938524246216,XGBoost,Prediction,Valid
2025-11-11,P013,1.9457483291625977,XGBoost,Prediction,Valid
2025-11-12,P013,1.6544796228408813,XGBoost,Prediction,Valid
2025-11-13,P013,1.539513111114502,XGBoost,Prediction,Valid
2025-11-14,P013,1.8584895133972168,XGBoost,Prediction,Valid
2025-11-15,P013,1.808600902557373,XGBoost,Prediction,Valid
2025-11-16,P013,2.288289785385132,XGBoost,Prediction,Valid
2025-11-17,P013,1.8761441707611084,XGBoost,Prediction,Valid
2025-11-18,P013,1.1250437498092651,XGBoost,Prediction,Valid
2025-11-19,P013,1.9131397008895874,XGBoost,Prediction,Valid
2025-11-20,P013,1.7053486108779907,XGBoost,Prediction,Valid
2025-11-21,P013,1.6131614446640015,XGBoost,Prediction,Valid
2025-11-22,P013,2.968367338180542,XGBoost,Prediction,Valid
2025-11-23,P013,1.8336188793182373,XGBoost,Prediction,Valid
2025-11-24,P013,2.5421559810638428,XGBoost,Prediction,Valid
2025-09-15,P014,2.0752971172332764,XGBoost,Prediction,Valid
2025-09-16,P014,1.5961549282073975,XGBoost,Prediction,Valid
2025-09-17,P014,2.155996561050415,XGBoost,Prediction,Valid
2025-09-18,P014,2.162353038787842,XGBoost,Prediction,Valid
2025-09-19,P014,3.0703654289245605,XGBoost,Prediction,Valid
2025-09-20,P014,2.026962995529175,XGBoost,Prediction,Valid
2025-09-21,P014,2.333648443222046,XGBoost,Prediction,Valid
2025-09-22,P014,1.595590591430664,XGBoost,Prediction,Valid
2025-09-23,P014,2.1367621421813965,XGBoost,Prediction,Valid
2025-09-24,P014,2.5557503700256348,XGBoost,Prediction,Valid
2025-09-25,P014,2.43122935295105,XGBoost,Prediction,Valid
2025-09-26,P014,2.0426414012908936,XGBoost,Prediction,Valid
2025-09-27,P014,2.5270824432373047,XGBoost,Prediction,Valid
2025-09-28,P014,2.3833038806915283,XGBoost,Prediction,Valid
2025-09-29,P014,2.4431302547454834,XGBoost,Prediction,Valid
2025-09-30,P014,2.269285202026367,XGBoost,Prediction,Valid
2025-10-01,P014,2.199728012084961,XGBoost,Prediction,Valid
2025-10-02,P014,2.0666606426239014,XGBoost,Prediction,Valid
2025-10-03,P014,2.087671995162964,XGBoost,Prediction,Valid
2025-10-04,P014,1.5272197723388672,XGBoost,Prediction,Valid
2025-10-05,P014,2.479832649230957,XGBoost,Prediction,Valid
2025-10-06,P014,2.786473035812378,XGBoost,Prediction,Valid
2025-10-07,P014,1.2430275678634644,XGBoost,Prediction,Valid
2025-10-08,P014,1.7385362386703491,XGBoost,Prediction,Valid
2025-10-09,P014,2.7727110385894775,XGBoost,Prediction,Valid
2025-10-10,P014,1.7785552740097046,XGBoost,Prediction,Valid
2025-10-11,P014,1.9661325216293335,XGBoost,Prediction,Valid
2025-10-12,P014,2.250796318054199,XGBoost,Prediction,Valid
2025-10-13,P014,1.947906255722046,XGBoost,Prediction,Valid
2025-10-14,P014,1.5832957029342651,XGBoost,Prediction,Valid
2025-10-15,P014,3.6398744583129883,XGBoost,Prediction,Valid
2025-10-16,P014,2.1174514293670654,XGBoost,Prediction,Valid
2025-10-17,P014,2.0136334896087646,XGBoost,Prediction,Valid
2025-10-18,P014,1.9773743152618408,XGBoost,Prediction,Valid
2025-10-19,P014,2.0165810585021973,XGBoost,Prediction,Valid
2025-10-20,P014,3.018599510192871,XGBoost,Prediction,Valid
2025-10-21,P014,1.8689658641815186,XGBoost,Prediction,Valid
2025-10-22,P014,1.6312001943588257,XGBoost,Prediction,Valid
2025-10-23,P014,2.2797605991363525,XGBoost,Prediction,Valid
2025-10-24,P014,2.579193592071533,XGBoost,Prediction,Valid
2025-10-25,P014,3.06640887260437,XGBoost,Prediction,Valid
2025-10-26,P014,2.7007834911346436,XGBoost,Prediction,Valid
2025-10-27,P014,2.272136688232422,XGBoost,Prediction,Valid
2025-10-28,P014,1.8857884407043457,XGBoost,Prediction,Valid
2025-10-29,P014,1.5021169185638428,XGBoost,Prediction,Valid
2025-10-30,P014,2.2069690227508545,XGBoost,Prediction,Valid
2025-10-31,P014,2.6034817695617676,XGBoost,Prediction,Valid
2025-11-01,P014,2.1793408393859863,XGBoost,Prediction,Valid
2025-11-02,P014,1.6818671226501465,XGBoost,Prediction,Valid
2025-11-03,P014,2.214163064956665,XGBoost,Prediction,Valid
2025-11-04,P014,2.208827018737793,XGBoost,Prediction,Valid
2025-11-05,P014,2.2763068675994873,XGBoost,Prediction,Valid
2025-11-06,P014,2.1274235248565674,XGBoost,Prediction,Valid
2025-11-07,P014,1.8404337167739868,XGBoost,Prediction,Valid
2025-11-08,P014,1.7970855236053467,XGBoost,Prediction,Valid
2025-11-09,P014,2.1730399131774902,XGBoost,Prediction,Valid
2025-11-10,P014,2.1437907218933105,XGBoost,Prediction,Valid
2025-11-11,P014,2.4666876792907715,XGBoost,Prediction,Valid
2025-11-12,P014,1.568186640739441,XGBoost,Prediction,Valid
2025-11-13,P014,2.3255255222320557,XGBoost,Prediction,Valid
2025-11-14,P014,2.2562482357025146,XGBoost,Prediction,Valid
2025-11-15,P014,2.089116334915161,XGBoost,Prediction,Valid
2025-11-16,P014,1.6450321674346924,XGBoost,Prediction,Valid
2025-11-17,P014,1.7389030456542969,XGBoost,Prediction,Valid
2025-11-18,P014,2.4385018348693848,XGBoost,Prediction,Valid
2025-11-19,P014,2.9816038608551025,XGBoost,Prediction,Valid
2025-11-20,P014,2.287463665008545,XGBoost,Prediction,Valid
2025-11-21,P014,1.77768075466156,XGBoost,Prediction,Valid
2025-11-22,P014,1.7582206726074219,XGBoost,Prediction,Valid
2025-11-23,P014,2.821645498275757,XGBoost,Prediction,Valid
2025-11-24,P014,2.598783493041992,XGBoost,Prediction,Valid
2025-09-15,P015,2.4414143562316895,XGBoost,Prediction,Valid
2025-09-16,P015,1.817000150680542,XGBoost,Prediction,Valid
2025-09-17,P015,2.1290688514709473,XGBoost,Prediction,Valid
2025-09-18,P015,1.9189743995666504,XGBoost,Prediction,Valid
2025-09-19,P015,1.9831180572509766,XGBoost,Prediction,Valid
2025-09-20,P015,2.739699125289917,XGBoost,Prediction,Valid
2025-09-21,P015,2.2456159591674805,XGBoost,Prediction,Valid
2025-09-22,P015,2.5242040157318115,XGBoost,Prediction,Valid
2025-09-23,P015,1.870041847229004,XGBoost,Prediction,Valid
2025-09-24,P015,2.3362414836883545,XGBoost,Prediction,Valid
2025-09-25,P015,2.214526891708374,XGBoost,Prediction,Valid
2025-09-26,P015,2.4888925552368164,XGBoost,Prediction,Valid
2025-09-27,P015,2.272132396697998,XGBoost,Prediction,Valid
2025-09-28,P015,2.3070342540740967,XGBoost,Prediction,Valid
2025-09-29,P015,2.3627092838287354,XGBoost,Prediction,Valid
2025-09-30,P015,2.442134380340576,XGBoost,Prediction,Valid
2025-10-01,P015,2.154228448867798,XGBoost,Prediction,Valid
2025-10-02,P015,1.9140992164611816,XGBoost,Prediction,Valid
2025-10-03,P015,2.2709009647369385,XGBoost,Prediction,Valid
2025-10-04,P015,1.62873375415802,XGBoost,Prediction,Valid
2025-10-05,P015,2.7131729125976562,XGBoost,Prediction,Valid
2025-10-06,P015,2.1351892948150635,XGBoost,Prediction,Valid
2025-10-07,P015,1.8498116731643677,XGBoost,Prediction,Valid
2025-10-08,P015,1.871729850769043,XGBoost,Prediction,Valid
2025-10-09,P015,2.932202100753784,XGBoost,Prediction,Valid
2025-10-10,P015,2.166485071182251,XGBoost,Prediction,Valid
2025-10-11,P015,1.7386620044708252,XGBoost,Prediction,Valid
2025-10-12,P015,2.129190444946289,XGBoost,Prediction,Valid
2025-10-13,P015,1.756810188293457,XGBoost,Prediction,Valid
2025-10-14,P015,2.687925338745117,XGBoost,Prediction,Valid
2025-10-15,P015,1.4162861108779907,XGBoost,Prediction,Valid
2025-10-16,P015,2.5175516605377197,XGBoost,Prediction,Valid
2025-10-17,P015,2.1330320835113525,XGBoost,Prediction,Valid
2025-10-18,P015,2.3269195556640625,XGBoost,Prediction,Valid
2025-10-19,P015,1.7102510929107666,XGBoost,Prediction,Valid
2025-10-20,P015,2.431830406188965,XGBoost,Prediction,Valid
2025-10-21,P015,2.2505886554718018,XGBoost,Prediction,Valid
2025-10-22,P015,1.9015443325042725,XGBoost,Prediction,Valid
2025-10-23,P015,2.8578333854675293,XGBoost,Prediction,Valid
2025-10-24,P015,2.0625298023223877,XGBoost,Prediction,Valid
2025-10-25,P015,2.0749032497406006,XGBoost,Prediction,Valid
2025-10-26,P015,1.9740900993347168,XGBoost,Prediction,Valid
2025-10-27,P015,3.3749923706054688,XGBoost,Prediction,Valid
2025-10-28,P015,2.0174174308776855,XGBoost,Prediction,Valid
2025-10-29,P015,2.139396905899048,XGBoost,Prediction,Valid
2025-10-30,P015,2.4806506633758545,XGBoost,Prediction,Valid
2025-10-31,P015,2.5871894359588623,XGBoost,Prediction,Valid
2025-11-01,P015,1.8610835075378418,XGBoost,Prediction,Valid
2025-11-02,P015,2.1551520824432373,XGBoost,Prediction,Valid
2025-11-03,P015,1.8358144760131836,XGBoost,Prediction,Valid
2025-11-04,P015,3.076223373413086,XGBoost,Prediction,Valid
2025-11-05,P015,1.8427801132202148,XGBoost,Prediction,Valid
2025-11-06,P015,2.9098405838012695,XGBoost,Prediction,Valid
2025-11-07,P015,2.7198383808135986,XGBoost,Prediction,Valid
2025-11-08,P015,2.016322374343872,XGBoost,Prediction,Valid
2025-11-09,P015,1.9064797163009644,XGBoost,Prediction,Valid
2025-11-10,P015,2.991974353790283,XGBoost,Prediction,Valid
2025-11-11,P015,2.3495032787323,XGBoost,Prediction,Valid
2025-11-12,P015,2.223132371902466,XGBoost,Prediction,Valid
2025-11-13,P015,1.898388147354126,XGBoost,Prediction,Valid
2025-11-14,P015,2.65917706489563,XGBoost,Prediction,Valid
2025-11-15,P015,1.8201364278793335,XGBoost,Prediction,Valid
2025-11-16,P015,2.4557478427886963,XGBoost,Prediction,Valid
2025-11-17,P015,1.5955545902252197,XGBoost,Prediction,Valid
2025-11-18,P015,2.3727588653564453,XGBoost,Prediction,Valid
2025-11-19,P015,2.2243218421936035,XGBoost,Prediction,Valid
2025-11-20,P015,3.5372390747070312,XGBoost,Prediction,Valid
2025-11-21,P015,2.8422434329986572,XGBoost,Prediction,Valid
2025-11-22,P015,2.265359401702881,XGBoost,Prediction,Valid
2025-11-23,P015,1.881985068321228,XGBoost,Prediction,Valid
2025-11-24,P015,2.7940146923065186,XGBoost,Prediction,Valid
2025-09-15,P016,1.8062642812728882,XGBoost,Prediction,Valid
2025-09-16,P016,2.1630680561065674,XGBoost,Prediction,Valid
2025-09-17,P016,2.2109673023223877,XGBoost,Prediction,Valid
2025-09-18,P016,2.1395227909088135,XGBoost,Prediction,Valid
2025-09-19,P016,1.9757448434829712,XGBoost,Prediction,Valid
2025-09-20,P016,1.7065986394882202,XGBoost,Prediction,Valid
2025-09-21,P016,2.048558235168457,XGBoost,Prediction,Valid
2025-09-22,P016,1.9180911779403687,XGBoost,Prediction,Valid
2025-09-23,P016,1.9358298778533936,XGBoost,Prediction,Valid
2025-09-24,P016,2.2599213123321533,XGBoost,Prediction,Valid
2025-09-25,P016,1.9006041288375854,XGBoost,Prediction,Valid
2025-09-26,P016,2.1960291862487793,XGBoost,Prediction,Valid
2025-09-27,P016,2.0795907974243164,XGBoost,Prediction,Valid
2025-09-28,P016,2.9951095581054688,XGBoost,Prediction,Valid
2025-09-29,P016,1.9156700372695923,XGBoost,Prediction,Valid
2025-09-30,P016,2.761216878890991,XGBoost,Prediction,Valid
2025-10-01,P016,1.57100510597229,XGBoost,Prediction,Valid
2025-10-02,P016,1.678915023803711,XGBoost,Prediction,Valid
2025-10-03,P016,2.6179232597351074,XGBoost,Prediction,Valid
2025-10-04,P016,2.0688390731811523,XGBoost,Prediction,Valid
2025-10-05,P016,1.995792031288147,XGBoost,Prediction,Valid
2025-10-06,P016,1.6780142784118652,XGBoost,Prediction,Valid
2025-10-07,P016,1.9117531776428223,XGBoost,Prediction,Valid
2025-10-08,P016,1.8522685766220093,XGBoost,Prediction,Valid
2025-10-09,P016,1.5342814922332764,XGBoost,Prediction,Valid
2025-10-10,P016,1.7724225521087646,XGBoost,Prediction,Valid
2025-10-11,P016,1.5827760696411133,XGBoost,Prediction,Valid
2025-10-12,P016,2.469918727874756,XGBoost,Prediction,Valid
2025-10-13,P016,1.580236792564392,XGBoost,Prediction,Valid
2025-10-14,P016,1.675442099571228,XGBoost,Prediction,Valid
2025-10-15,P016,2.1293723583221436,XGBoost,Prediction,Valid
2025-10-16,P016,1.4000811576843262,XGBoost,Prediction,Valid
2025-10-17,P016,1.7421399354934692,XGBoost,Prediction,Valid
2025-10-18,P016,2.443983554840088,XGBoost,Prediction,Valid
2025-10-19,P016,1.7389928102493286,XGBoost,Prediction,Valid
2025-10-20,P016,2.524296283721924,XGBoost,Prediction,Valid
2025-10-21,P016,1.256935954093933,XGBoost,Prediction,Valid
2025-10-22,P016,1.749906063079834,XGBoost,Prediction,Valid
2025-10-23,P016,2.2275631427764893,XGBoost,Prediction,Valid
2025-10-24,P016,2.559474468231201,XGBoost,Prediction,Valid
2025-10-25,P016,1.2462996244430542,XGBoost,Prediction,Valid
2025-10-26,P016,2.561479091644287,XGBoost,Prediction,Valid
2025-10-27,P016,1.7753397226333618,XGBoost,Prediction,Valid
2025-10-28,P016,1.5936025381088257,XGBoost,Prediction,Valid
2025-10-29,P016,1.5430467128753662,XGBoost,Prediction,Valid
2025-10-30,P016,2.483919858932495,XGBoost,Prediction,Valid
2025-10-31,P016,1.9185221195220947,XGBoost,Prediction,Valid
2025-11-01,P016,2.0876898765563965,XGBoost,Prediction,Valid
2025-11-02,P016,1.9342540502548218,XGBoost,Prediction,Valid
2025-11-03,P016,1.52942955493927,XGBoost,Prediction,Valid
2025-11-04,P016,2.3215994834899902,XGBoost,Prediction,Valid
2025-11-05,P016,2.565319776535034,XGBoost,Prediction,Valid
2025-11-06,P016,2.430661916732788,XGBoost,Prediction,Valid
2025-11-07,P016,2.1987967491149902,XGBoost,Prediction,Valid
2025-11-08,P016,2.134000301361084,XGBoost,Prediction,Valid
2025-11-09,P016,1.2583701610565186,XGBoost,Prediction,Valid
2025-11-10,P016,2.61603045463562,XGBoost,Prediction,Valid
2025-11-11,P016,1.9061139822006226,XGBoost,Prediction,Valid
2025-11-12,P016,1.5725399255752563,XGBoost,Prediction,Valid
2025-11-13,P016,2.4768900871276855,XGBoost,Prediction,Valid
2025-11-14,P016,2.071784496307373,XGBoost,Prediction,Valid
2025-11-15,P016,1.7929474115371704,XGBoost,Prediction,Valid
2025-11-16,P016,1.955953598022461,XGBoost,Prediction,Valid
2025-11-17,P016,1.762430191040039,XGBoost,Prediction,Valid
2025-11-18,P016,1.9455620050430298,XGBoost,Prediction,Valid
2025-11-19,P016,1.4362661838531494,XGBoost,Prediction,Valid
2025-11-20,P016,1.6633211374282837,XGBoost,Prediction,Valid
2025-11-21,P016,1.319382905960083,XGBoost,Prediction,Valid
2025-11-22,P016,2.5971856117248535,XGBoost,Prediction,Valid
2025-11-23,P016,1.8477435111999512,XGBoost,Prediction,Valid
2025-11-24,P016,1.8938381671905518,XGBoost,Prediction,Valid
2025-09-15,P017,1.6582391262054443,XGBoost,Prediction,Valid
2025-09-16,P017,2.445905923843384,XGBoost,Prediction,Valid
2025-09-17,P017,2.0598764419555664,XGBoost,Prediction,Valid
2025-09-18,P017,2.533921241760254,XGBoost,Prediction,Valid
2025-09-19,P017,2.6629767417907715,XGBoost,Prediction,Valid
2025-09-20,P017,1.7990044355392456,XGBoost,Prediction,Valid
2025-09-21,P017,2.0456557273864746,XGBoost,Prediction,Valid
2025-09-22,P017,1.7380398511886597,XGBoost,Prediction,Valid
2025-09-23,P017,1.7225488424301147,XGBoost,Prediction,Valid
2025-09-24,P017,2.0056850910186768,XGBoost,Prediction,Valid
2025-09-25,P017,1.6760326623916626,XGBoost,Prediction,Valid
2025-09-26,P017,1.539949893951416,XGBoost,Prediction,Valid
2025-09-27,P017,1.622543454170227,XGBoost,Prediction,Valid
2025-09-28,P017,2.2116665840148926,XGBoost,Prediction,Valid
2025-09-29,P017,1.6363880634307861,XGBoost,Prediction,Valid
2025-09-30,P017,1.7416229248046875,XGBoost,Prediction,Valid
2025-10-01,P017,1.6464109420776367,XGBoost,Prediction,Valid
2025-10-02,P017,2.6172995567321777,XGBoost,Prediction,Valid
2025-10-03,P017,1.408705234527588,XGBoost,Prediction,Valid
2025-10-04,P017,2.17083477973938,XGBoost,Prediction,Valid
2025-10-05,P017,2.1433517932891846,XGBoost,Prediction,Valid
2025-10-06,P017,2.529872417449951,XGBoost,Prediction,Valid
2025-10-07,P017,1.5684287548065186,XGBoost,Prediction,Valid
2025-10-08,P017,1.2250968217849731,XGBoost,Prediction,Valid
2025-10-09,P017,1.8295049667358398,XGBoost,Prediction,Valid
2025-10-10,P017,2.7951178550720215,XGBoost,Prediction,Valid
2025-10-11,P017,1.754542350769043,XGBoost,Prediction,Valid
2025-10-12,P017,1.906324028968811,XGBoost,Prediction,Valid
2025-10-13,P017,2.0360147953033447,XGBoost,Prediction,Valid
2025-10-14,P017,2.2285966873168945,XGBoost,Prediction,Valid
2025-10-15,P017,1.583266258239746,XGBoost,Prediction,Valid
2025-10-16,P017,1.4019014835357666,XGBoost,Prediction,Valid
2025-10-17,P017,2.1149916648864746,XGBoost,Prediction,Valid
2025-10-18,P017,1.6770902872085571,XGBoost,Prediction,Valid
2025-10-19,P017,1.8940917253494263,XGBoost,Prediction,Valid
2025-10-20,P017,1.6809453964233398,XGBoost,Prediction,Valid
2025-10-21,P017,1.6655693054199219,XGBoost,Prediction,Valid
2025-10-22,P017,2.105719566345215,XGBoost,Prediction,Valid
2025-10-23,P017,1.8210604190826416,XGBoost,Prediction,Valid
2025-10-24,P017,1.6135246753692627,XGBoost,Prediction,Valid
2025-10-25,P017,1.6290993690490723,XGBoost,Prediction,Valid
2025-10-26,P017,1.3294472694396973,XGBoost,Prediction,Valid
2025-10-27,P017,1.6045348644256592,XGBoost,Prediction,Valid
2025-10-28,P017,2.06695294380188,XGBoost,Prediction,Valid
2025-10-29,P017,1.5150400400161743,XGBoost,Prediction,Valid
2025-10-30,P017,3.0162301063537598,XGBoost,Prediction,Valid
2025-10-31,P017,2.347447395324707,XGBoost,Prediction,Valid
2025-11-01,P017,2.1968960762023926,XGBoost,Prediction,Valid
2025-11-02,P017,1.5186800956726074,XGBoost,Prediction,Valid
2025-11-03,P017,2.3360464572906494,XGBoost,Prediction,Valid
2025-11-04,P017,2.0297164916992188,XGBoost,Prediction,Valid
2025-11-05,P017,2.273507595062256,XGBoost,Prediction,Valid
2025-11-06,P017,2.3181092739105225,XGBoost,Prediction,Valid
2025-11-07,P017,1.4369409084320068,XGBoost,Prediction,Valid
2025-11-08,P017,1.3591673374176025,XGBoost,Prediction,Valid
2025-11-09,P017,2.6618361473083496,XGBoost,Prediction,Valid
2025-11-10,P017,2.5069081783294678,XGBoost,Prediction,Valid
2025-11-11,P017,2.305020332336426,XGBoost,Prediction,Valid
2025-11-12,P017,2.022998571395874,XGBoost,Prediction,Valid
2025-11-13,P017,2.2756059169769287,XGBoost,Prediction,Valid
2025-11-14,P017,2.2409329414367676,XGBoost,Prediction,Valid
2025-11-15,P017,1.7521522045135498,XGBoost,Prediction,Valid
2025-11-16,P017,1.871288537979126,XGBoost,Prediction,Valid
2025-11-17,P017,1.875523328781128,XGBoost,Prediction,Valid
2025-11-18,P017,1.896122932434082,XGBoost,Prediction,Valid
2025-11-19,P017,2.9756386280059814,XGBoost,Prediction,Valid
2025-11-20,P017,2.0545923709869385,XGBoost,Prediction,Valid
2025-11-21,P017,2.0243866443634033,XGBoost,Prediction,Valid
2025-11-22,P017,2.7508463859558105,XGBoost,Prediction,Valid
2025-11-23,P017,2.2622549533843994,XGBoost,Prediction,Valid
2025-11-24,P017,2.4337892532348633,XGBoost,Prediction,Valid
2025-09-15,P018,2.420647382736206,XGBoost,Prediction,Valid
2025-09-16,P018,2.5704479217529297,XGBoost,Prediction,Valid
2025-09-17,P018,2.3312125205993652,XGBoost,Prediction,Valid
2025-09-18,P018,2.4930078983306885,XGBoost,Prediction,Valid
2025-09-19,P018,2.2642860412597656,XGBoost,Prediction,Valid
2025-09-20,P018,3.566822052001953,XGBoost,Prediction,Valid
2025-09-21,P018,1.8932154178619385,XGBoost,Prediction,Valid
2025-09-22,P018,1.9456260204315186,XGBoost,Prediction,Valid
2025-09-23,P018,2.9916398525238037,XGBoost,Prediction,Valid
2025-09-24,P018,1.8425129652023315,XGBoost,Prediction,Valid
2025-09-25,P018,2.3825509548187256,XGBoost,Prediction,Valid
2025-09-26,P018,1.7411080598831177,XGBoost,Prediction,Valid
2025-09-27,P018,1.5175886154174805,XGBoost,Prediction,Valid
2025-09-28,P018,2.4200477600097656,XGBoost,Prediction,Valid
2025-09-29,P018,2.7333719730377197,XGBoost,Prediction,Valid
2025-09-30,P018,2.1353001594543457,XGBoost,Prediction,Valid
2025-10-01,P018,2.0625977516174316,XGBoost,Prediction,Valid
2025-10-02,P018,2.687225818634033,XGBoost,Prediction,Valid
2025-10-03,P018,1.9741003513336182,XGBoost,Prediction,Valid
2025-10-04,P018,2.0996615886688232,XGBoost,Prediction,Valid
2025-10-05,P018,2.6381735801696777,XGBoost,Prediction,Valid
2025-10-06,P018,2.0178747177124023,XGBoost,Prediction,Valid
2025-10-07,P018,1.8419080972671509,XGBoost,Prediction,Valid
2025-10-08,P018,1.7601269483566284,XGBoost,Prediction,Valid
2025-10-09,P018,2.260282516479492,XGBoost,Prediction,Valid
2025-10-10,P018,1.9609644412994385,XGBoost,Prediction,Valid
2025-10-11,P018,2.0240445137023926,XGBoost,Prediction,Valid
2025-10-12,P018,2.2028543949127197,XGBoost,Prediction,Valid
2025-10-13,P018,2.1434743404388428,XGBoost,Prediction,Valid
2025-10-14,P018,1.8011285066604614,XGBoost,Prediction,Valid
2025-10-15,P018,2.0428285598754883,XGBoost,Prediction,Valid
2025-10-16,P018,2.3922293186187744,XGBoost,Prediction,Valid
2025-10-17,P018,2.494471788406372,XGBoost,Prediction,Valid
2025-10-18,P018,1.775573968887329,XGBoost,Prediction,Valid
2025-10-19,P018,1.5858449935913086,XGBoost,Prediction,Valid
2025-10-20,P018,1.9093446731567383,XGBoost,Prediction,Valid
2025-10-21,P018,3.028043270111084,XGBoost,Prediction,Valid
2025-10-22,P018,2.450901985168457,XGBoost,Prediction,Valid
2025-10-23,P018,2.4967644214630127,XGBoost,Prediction,Valid
2025-10-24,P018,2.0190412998199463,XGBoost,Prediction,Valid
2025-10-25,P018,2.597456693649292,XGBoost,Prediction,Valid
2025-10-26,P018,2.124138116836548,XGBoost,Prediction,Valid
2025-10-27,P018,1.7495251893997192,XGBoost,Prediction,Valid
2025-10-28,P018,1.6492682695388794,XGBoost,Prediction,Valid
2025-10-29,P018,2.5910887718200684,XGBoost,Prediction,Valid
2025-10-30,P018,2.8216915130615234,XGBoost,Prediction,Valid
2025-10-31,P018,3.473276376724243,XGBoost,Prediction,Valid
2025-11-01,P018,2.449559211730957,XGBoost,Prediction,Valid
2025-11-02,P018,2.5090696811676025,XGBoost,Prediction,Valid
2025-11-03,P018,3.2322540283203125,XGBoost,Prediction,Valid
2025-11-04,P018,2.6402218341827393,XGBoost,Prediction,Valid
2025-11-05,P018,1.6780916452407837,XGBoost,Prediction,Valid
2025-11-06,P018,2.3305728435516357,XGBoost,Prediction,Valid
2025-11-07,P018,2.1804091930389404,XGBoost,Prediction,Valid
2025-11-08,P018,1.869277000427246,XGBoost,Prediction,Valid
2025-11-09,P018,1.4171571731567383,XGBoost,Prediction,Valid
2025-11-10,P018,2.3906469345092773,XGBoost,Prediction,Valid
2025-11-11,P018,2.36950945854187,XGBoost,Prediction,Valid
2025-11-12,P018,1.7505289316177368,XGBoost,Prediction,Valid
2025-11-13,P018,1.5547949075698853,XGBoost,Prediction,Valid
2025-11-14,P018,2.476627826690674,XGBoost,Prediction,Valid
2025-11-15,P018,2.0017054080963135,XGBoost,Prediction,Valid
2025-11-16,P018,2.24967622756958,XGBoost,Prediction,Valid
2025-11-17,P018,1.8862546682357788,XGBoost,Prediction,Valid
2025-11-18,P018,2.147545099258423,XGBoost,Prediction,Valid
2025-11-19,P018,2.547835350036621,XGBoost,Prediction,Valid
2025-11-20,P018,2.2026307582855225,XGBoost,Prediction,Valid
2025-11-21,P018,1.7028021812438965,XGBoost,Prediction,Valid
2025-11-22,P018,1.5893497467041016,XGBoost,Prediction,Valid
2025-11-23,P018,2.907240629196167,XGBoost,Prediction,Valid
2025-11-24,P018,2.4058942794799805,XGBoost,Prediction,Valid
2025-09-15,P019,1.8326971530914307,XGBoost,Prediction,Valid
2025-09-16,P019,3.017252206802368,XGBoost,Prediction,Valid
2025-09-17,P019,1.826076865196228,XGBoost,Prediction,Valid
2025-09-18,P019,2.056877613067627,XGBoost,Prediction,Valid
2025-09-19,P019,2.161309003829956,XGBoost,Prediction,Valid
2025-09-20,P019,2.888169288635254,XGBoost,Prediction,Valid
2025-09-21,P019,2.019388198852539,XGBoost,Prediction,Valid
2025-09-22,P019,1.8212056159973145,XGBoost,Prediction,Valid
2025-09-23,P019,2.384392738342285,XGBoost,Prediction,Valid
2025-09-24,P019,1.1140668392181396,XGBoost,Prediction,Valid
2025-09-25,P019,1.5499098300933838,XGBoost,Prediction,Valid
2025-09-26,P019,1.4510406255722046,XGBoost,Prediction,Valid
2025-09-27,P019,1.2417863607406616,XGBoost,Prediction,Valid
2025-09-28,P019,2.1172215938568115,XGBoost,Prediction,Valid
2025-09-29,P019,2.011519193649292,XGBoost,Prediction,Valid
2025-09-30,P019,2.5053555965423584,XGBoost,Prediction,Valid
2025-10-01,P019,2.0377185344696045,XGBoost,Prediction,Valid
2025-10-02,P019,1.3518508672714233,XGBoost,Prediction,Valid
2025-10-03,P019,2.2005348205566406,XGBoost,Prediction,Valid
2025-10-04,P019,2.7605183124542236,XGBoost,Prediction,Valid
2025-10-05,P019,1.6426457166671753,XGBoost,Prediction,Valid
2025-10-06,P019,1.8951411247253418,XGBoost,Prediction,Valid
2025-10-07,P019,1.5914719104766846,XGBoost,Prediction,Valid
2025-10-08,P019,2.2791035175323486,XGBoost,Prediction,Valid
2025-10-09,P019,2.549222707748413,XGBoost,Prediction,Valid
2025-10-10,P019,1.6066066026687622,XGBoost,Prediction,Valid
2025-10-11,P019,1.9413734674453735,XGBoost,Prediction,Valid
2025-10-12,P019,2.393831491470337,XGBoost,Prediction,Valid
2025-10-13,P019,1.7916736602783203,XGBoost,Prediction,Valid
2025-10-14,P019,2.125798463821411,XGBoost,Prediction,Valid
2025-10-15,P019,1.6646462678909302,XGBoost,Prediction,Valid
2025-10-16,P019,2.133089303970337,XGBoost,Prediction,Valid
2025-10-17,P019,1.9252020120620728,XGBoost,Prediction,Valid
2025-10-18,P019,1.2842851877212524,XGBoost,Prediction,Valid
2025-10-19,P019,1.4890007972717285,XGBoost,Prediction,Valid
2025-10-20,P019,2.464836835861206,XGBoost,Prediction,Valid
2025-10-21,P019,1.4324349164962769,XGBoost,Prediction,Valid
2025-10-22,P019,1.9715641736984253,XGBoost,Prediction,Valid
2025-10-23,P019,2.9144558906555176,XGBoost,Prediction,Valid
2025-10-24,P019,1.0514791011810303,XGBoost,Prediction,Valid
2025-10-25,P019,2.0652315616607666,XGBoost,Prediction,Valid
2025-10-26,P019,1.774317979812622,XGBoost,Prediction,Valid
2025-10-27,P019,1.5995677709579468,XGBoost,Prediction,Valid
2025-10-28,P019,1.7645503282546997,XGBoost,Prediction,Valid
2025-10-29,P019,1.7282353639602661,XGBoost,Prediction,Valid
2025-10-30,P019,1.9937819242477417,XGBoost,Prediction,Valid
2025-10-31,P019,2.021993637084961,XGBoost,Prediction,Valid
2025-11-01,P019,3.1111714839935303,XGBoost,Prediction,Valid
2025-11-02,P019,2.1487667560577393,XGBoost,Prediction,Valid
2025-11-03,P019,1.5536556243896484,XGBoost,Prediction,Valid
2025-11-04,P019,2.5930662155151367,XGBoost,Prediction,Valid
2025-11-05,P019,1.6109189987182617,XGBoost,Prediction,Valid
2025-11-06,P019,3.014976739883423,XGBoost,Prediction,Valid
2025-11-07,P019,1.5689446926116943,XGBoost,Prediction,Valid
2025-11-08,P019,1.8276665210723877,XGBoost,Prediction,Valid
2025-11-09,P019,2.0008742809295654,XGBoost,Prediction,Valid
2025-11-10,P019,2.8765103816986084,XGBoost,Prediction,Valid
2025-11-11,P019,1.794098973274231,XGBoost,Prediction,Valid
2025-11-12,P019,1.821176290512085,XGBoost,Prediction,Valid
2025-11-13,P019,2.141803503036499,XGBoost,Prediction,Valid
2025-11-14,P019,2.3470375537872314,XGBoost,Prediction,Valid
2025-11-15,P019,1.9244977235794067,XGBoost,Prediction,Valid
2025-11-16,P019,1.594017505645752,XGBoost,Prediction,Valid
2025-11-17,P019,1.7780914306640625,XGBoost,Prediction,Valid
2025-11-18,P019,1.816314697265625,XGBoost,Prediction,Valid
2025-11-19,P019,2.6434478759765625,XGBoost,Prediction,Valid
2025-11-20,P019,2.5871808528900146,XGBoost,Prediction,Valid
2025-11-21,P019,1.5011998414993286,XGBoost,Prediction,Valid
2025-11-22,P019,2.3108859062194824,XGBoost,Prediction,Valid
2025-11-23,P019,2.142050266265869,XGBoost,Prediction,Valid
2025-11-24,P019,2.0780253410339355,XGBoost,Prediction,Valid
2025-09-15,P020,2.469820022583008,XGBoost,Prediction,Valid
2025-09-16,P020,1.584162712097168,XGBoost,Prediction,Valid
2025-09-17,P020,1.7635221481323242,XGBoost,Prediction,Valid
2025-09-18,P020,2.043717861175537,XGBoost,Prediction,Valid
2025-09-19,P020,1.892433524131775,XGBoost,Prediction,Valid
2025-09-20,P020,1.9437358379364014,XGBoost,Prediction,Valid
2025-09-21,P020,2.1828513145446777,XGBoost,Prediction,Valid
2025-09-22,P020,2.0715880393981934,XGBoost,Prediction,Valid
2025-09-23,P020,1.9583020210266113,XGBoost,Prediction,Valid
2025-09-24,P020,2.4835941791534424,XGBoost,Prediction,Valid
2025-09-25,P020,2.127420425415039,XGBoost,Prediction,Valid
2025-09-26,P020,1.6186237335205078,XGBoost,Prediction,Valid
2025-09-27,P020,2.820814371109009,XGBoost,Prediction,Valid
2025-09-28,P020,2.3757615089416504,XGBoost,Prediction,Valid
2025-09-29,P020,2.532853841781616,XGBoost,Prediction,Valid
2025-09-30,P020,2.3471882343292236,XGBoost,Prediction,Valid
2025-10-01,P020,2.0546820163726807,XGBoost,Prediction,Valid
2025-10-02,P020,2.407684087753296,XGBoost,Prediction,Valid
2025-10-03,P020,2.7623462677001953,XGBoost,Prediction,Valid
2025-10-04,P020,1.8112016916275024,XGBoost,Prediction,Valid
2025-10-05,P020,2.101914882659912,XGBoost,Prediction,Valid
2025-10-06,P020,2.41280198097229,XGBoost,Prediction,Valid
2025-10-07,P020,1.7103794813156128,XGBoost,Prediction,Valid
2025-10-08,P020,1.1061925888061523,XGBoost,Prediction,Valid
2025-10-09,P020,1.4865890741348267,XGBoost,Prediction,Valid
2025-10-10,P020,2.431366205215454,XGBoost,Prediction,Valid
2025-10-11,P020,1.9464589357376099,XGBoost,Prediction,Valid
2025-10-12,P020,1.5423921346664429,XGBoost,Prediction,Valid
2025-10-13,P020,1.5145385265350342,XGBoost,Prediction,Valid
2025-10-14,P020,2.203265905380249,XGBoost,Prediction,Valid
2025-10-15,P020,2.6951193809509277,XGBoost,Prediction,Valid
2025-10-16,P020,2.1767187118530273,XGBoost,Prediction,Valid
2025-10-17,P020,1.4526726007461548,XGBoost,Prediction,Valid
2025-10-18,P020,1.7614469528198242,XGBoost,Prediction,Valid
2025-10-19,P020,1.5952165126800537,XGBoost,Prediction,Valid
2025-10-20,P020,2.1714415550231934,XGBoost,Prediction,Valid
2025-10-21,P020,1.6675512790679932,XGBoost,Prediction,Valid
2025-10-22,P020,1.4112515449523926,XGBoost,Prediction,Valid
2025-10-23,P020,2.7131187915802,XGBoost,Prediction,Valid
2025-10-24,P020,2.309790849685669,XGBoost,Prediction,Valid
2025-10-25,P020,2.3325705528259277,XGBoost,Prediction,Valid
2025-10-26,P020,1.3118983507156372,XGBoost,Prediction,Valid
2025-10-27,P020,1.9105068445205688,XGBoost,Prediction,Valid
2025-10-28,P020,2.505581855773926,XGBoost,Prediction,Valid
2025-10-29,P020,2.6309332847595215,XGBoost,Prediction,Valid
2025-10-30,P020,2.6010401248931885,XGBoost,Prediction,Valid
2025-10-31,P020,2.6030561923980713,XGBoost,Prediction,Valid
2025-11-01,P020,1.8776919841766357,XGBoost,Prediction,Valid
2025-11-02,P020,1.3215919733047485,XGBoost,Prediction,Valid
2025-11-03,P020,1.6316553354263306,XGBoost,Prediction,Valid
2025-11-04,P020,1.6172055006027222,XGBoost,Prediction,Valid
2025-11-05,P020,2.653797149658203,XGBoost,Prediction,Valid
2025-11-06,P020,2.783785820007324,XGBoost,Prediction,Valid
2025-11-07,P020,1.600837230682373,XGBoost,Prediction,Valid
2025-11-08,P020,2.4811489582061768,XGBoost,Prediction,Valid
2025-11-09,P020,2.4237723350524902,XGBoost,Prediction,Valid
2025-11-10,P020,2.5136687755584717,XGBoost,Prediction,Valid
2025-11-11,P020,2.2349982261657715,XGBoost,Prediction,Valid
2025-11-12,P020,1.387698769569397,XGBoost,Prediction,Valid
2025-11-13,P020,1.6779638528823853,XGBoost,Prediction,Valid
2025-11-14,P020,1.6621215343475342,XGBoost,Prediction,Valid
2025-11-15,P020,1.948294758796692,XGBoost,Prediction,Valid
2025-11-16,P020,2.0648741722106934,XGBoost,Prediction,Valid
2025-11-17,P020,1.2484424114227295,XGBoost,Prediction,Valid
2025-11-18,P020,1.986639380455017,XGBoost,Prediction,Valid
2025-11-19,P020,1.7120260000228882,XGBoost,Prediction,Valid
2025-11-20,P020,2.054654359817505,XGBoost,Prediction,Valid
2025-11-21,P020,1.2225775718688965,XGBoost,Prediction,Valid
2025-11-22,P020,2.6530487537384033,XGBoost,Prediction,Valid
2025-11-23,P020,2.0919535160064697,XGBoost,Prediction,Valid
2025-11-24,P020,1.8731296062469482,XGBoost,Prediction,Valid
2025-11-25,P001,2.108947515487671,XGBoost,Prediction,Test
2025-11-26,P001,1.4893337488174438,XGBoost,Prediction,Test
2025-11-27,P001,1.423210620880127,XGBoost,Prediction,Test
2025-11-28,P001,2.345454692840576,XGBoost,Prediction,Test
2025-11-29,P001,1.6907957792282104,XGBoost,Prediction,Test
2025-11-30,P001,1.7531203031539917,XGBoost,Prediction,Test
2025-12-01,P001,1.816585898399353,XGBoost,Prediction,Test
2025-12-02,P001,2.1857762336730957,XGBoost,Prediction,Test
2025-12-03,P001,1.5975936651229858,XGBoost,Prediction,Test
2025-12-04,P001,1.3206377029418945,XGBoost,Prediction,Test
2025-12-05,P001,1.3667110204696655,XGBoost,Prediction,Test
2025-12-06,P001,1.6802939176559448,XGBoost,Prediction,Test
2025-12-07,P001,2.2358310222625732,XGBoost,Prediction,Test
2025-12-08,P001,2.0577826499938965,XGBoost,Prediction,Test
2025-12-09,P001,1.206587791442871,XGBoost,Prediction,Test
2025-12-10,P001,1.580670714378357,XGBoost,Prediction,Test
2025-12-11,P001,1.5927846431732178,XGBoost,Prediction,Test
2025-12-12,P001,2.0849716663360596,XGBoost,Prediction,Test
2025-12-13,P001,1.9411773681640625,XGBoost,Prediction,Test
2025-12-14,P001,1.7865017652511597,XGBoost,Prediction,Test
2025-12-15,P001,2.0074868202209473,XGBoost,Prediction,Test
2025-12-16,P001,1.7171374559402466,XGBoost,Prediction,Test
2025-12-17,P001,2.1107733249664307,XGBoost,Prediction,Test
2025-12-18,P001,2.778959274291992,XGBoost,Prediction,Test
2025-12-19,P001,1.239872694015503,XGBoost,Prediction,Test
2025-12-20,P001,1.4213337898254395,XGBoost,Prediction,Test
2025-12-21,P001,0.9859833121299744,XGBoost,Prediction,Test
2025-12-22,P001,1.8463125228881836,XGBoost,Prediction,Test
2025-12-23,P001,2.009887218475342,XGBoost,Prediction,Test
2025-12-24,P001,1.2780883312225342,XGBoost,Prediction,Test
2025-12-25,P001,1.8559496402740479,XGBoost,Prediction,Test
2025-12-26,P001,1.2608754634857178,XGBoost,Prediction,Test
2025-12-27,P001,1.7415186166763306,XGBoost,Prediction,Test
2025-12-28,P001,2.238887071609497,XGBoost,Prediction,Test
2025-12-29,P001,1.6326563358306885,XGBoost,Prediction,Test
2025-12-30,P001,2.111114501953125,XGBoost,Prediction,Test
2025-12-31,P001,1.8636231422424316,XGBoost,Prediction,Test
2025-11-25,P002,1.7797315120697021,XGBoost,Prediction,Test
2025-11-26,P002,1.7701469659805298,XGBoost,Prediction,Test
2025-11-27,P002,2.2514405250549316,XGBoost,Prediction,Test
2025-11-28,P002,1.7002811431884766,XGBoost,Prediction,Test
2025-11-29,P002,1.8198951482772827,XGBoost,Prediction,Test
2025-11-30,P002,1.9532755613327026,XGBoost,Prediction,Test
2025-12-01,P002,2.3401360511779785,XGBoost,Prediction,Test
2025-12-02,P002,2.2574493885040283,XGBoost,Prediction,Test
2025-12-03,P002,1.8546594381332397,XGBoost,Prediction,Test
2025-12-04,P002,1.7396143674850464,XGBoost,Prediction,Test
2025-12-05,P002,1.8572585582733154,XGBoost,Prediction,Test
2025-12-06,P002,2.339961528778076,XGBoost,Prediction,Test
2025-12-07,P002,2.0005478858947754,XGBoost,Prediction,Test
2025-12-08,P002,1.8840998411178589,XGBoost,Prediction,Test
2025-12-09,P002,2.386842966079712,XGBoost,Prediction,Test
2025-12-10,P002,1.8235869407653809,XGBoost,Prediction,Test
2025-12-11,P002,2.018160104751587,XGBoost,Prediction,Test
2025-12-12,P002,1.744619369506836,XGBoost,Prediction,Test
2025-12-13,P002,2.1258468627929688,XGBoost,Prediction,Test
2025-12-14,P002,1.7054738998413086,XGBoost,Prediction,Test
2025-12-15,P002,2.4610536098480225,XGBoost,Prediction,Test
2025-12-16,P002,1.8455954790115356,XGBoost,Prediction,Test
2025-12-17,P002,1.6178888082504272,XGBoost,Prediction,Test
2025-12-18,P002,2.090362071990967,XGBoost,Prediction,Test
2025-12-19,P002,2.0604610443115234,XGBoost,Prediction,Test
2025-12-20,P002,1.3893940448760986,XGBoost,Prediction,Test
2025-12-21,P002,1.2072532176971436,XGBoost,Prediction,Test
2025-12-22,P002,1.5550779104232788,XGBoost,Prediction,Test
2025-12-23,P002,2.6225571632385254,XGBoost,Prediction,Test
2025-12-24,P002,1.5123603343963623,XGBoost,Prediction,Test
2025-12-25,P002,2.0543336868286133,XGBoost,Prediction,Test
2025-12-26,P002,1.6583144664764404,XGBoost,Prediction,Test
2025-12-27,P002,1.8015211820602417,XGBoost,Prediction,Test
2025-12-28,P002,1.9749685525894165,XGBoost,Prediction,Test
2025-12-29,P002,2.044412851333618,XGBoost,Prediction,Test
2025-12-30,P002,2.332313060760498,XGBoost,Prediction,Test
2025-12-31,P002,2.432070255279541,XGBoost,Prediction,Test
2025-11-25,P003,1.6354615688323975,XGBoost,Prediction,Test
2025-11-26,P003,1.394188642501831,XGBoost,Prediction,Test
2025-11-27,P003,1.6408495903015137,XGBoost,Prediction,Test
2025-11-28,P003,1.0873368978500366,XGBoost,Prediction,Test
2025-11-29,P003,2.0791287422180176,XGBoost,Prediction,Test
2025-11-30,P003,1.5655616521835327,XGBoost,Prediction,Test
2025-12-01,P003,2.2541964054107666,XGBoost,Prediction,Test
2025-12-02,P003,1.6781915426254272,XGBoost,Prediction,Test
2025-12-03,P003,1.8002711534500122,XGBoost,Prediction,Test
2025-12-04,P003,2.1701712608337402,XGBoost,Prediction,Test
2025-12-05,P003,0.842309832572937,XGBoost,Prediction,Test
2025-12-06,P003,2.343705892562866,XGBoost,Prediction,Test
2025-12-07,P003,1.1928820610046387,XGBoost,Prediction,Test
2025-12-08,P003,1.4419100284576416,XGBoost,Prediction,Test
2025-12-09,P003,1.8474355936050415,XGBoost,Prediction,Test
2025-12-10,P003,1.527424693107605,XGBoost,Prediction,Test
2025-12-11,P003,1.6349384784698486,XGBoost,Prediction,Test
2025-12-12,P003,1.8480091094970703,XGBoost,Prediction,Test
2025-12-13,P003,1.4923598766326904,XGBoost,Prediction,Test
2025-12-14,P003,1.6431924104690552,XGBoost,Prediction,Test
2025-12-15,P003,1.9555069208145142,XGBoost,Prediction,Test
2025-12-16,P003,2.15914249420166,XGBoost,Prediction,Test
2025-12-17,P003,1.7163079977035522,XGBoost,Prediction,Test
2025-12-18,P003,1.7000751495361328,XGBoost,Prediction,Test
2025-12-19,P003,2.218355417251587,XGBoost,Prediction,Test
2025-12-20,P003,2.0181453227996826,XGBoost,Prediction,Test
2025-12-21,P003,1.828942894935608,XGBoost,Prediction,Test
2025-12-22,P003,2.245973587036133,XGBoost,Prediction,Test
2025-12-23,P003,1.5550533533096313,XGBoost,Prediction,Test
2025-12-24,P003,2.2801315784454346,XGBoost,Prediction,Test
2025-12-25,P003,1.2150582075119019,XGBoost,Prediction,Test
2025-12-26,P003,1.4947102069854736,XGBoost,Prediction,Test
2025-12-27,P003,1.757790446281433,XGBoost,Prediction,Test
2025-12-28,P003,1.9663954973220825,XGBoost,Prediction,Test
2025-12-29,P003,2.207554817199707,XGBoost,Prediction,Test
2025-12-30,P003,1.6182363033294678,XGBoost,Prediction,Test
2025-12-31,P003,1.392924427986145,XGBoost,Prediction,Test
2025-11-25,P004,2.3474037647247314,XGBoost,Prediction,Test
2025-11-26,P004,2.4873483180999756,XGBoost,Prediction,Test
2025-11-27,P004,2.0775508880615234,XGBoost,Prediction,Test
2025-11-28,P004,2.7463808059692383,XGBoost,Prediction,Test
2025-11-29,P004,2.330688953399658,XGBoost,Prediction,Test
2025-11-30,P004,1.9778834581375122,XGBoost,Prediction,Test
2025-12-01,P004,2.0458877086639404,XGBoost,Prediction,Test
2025-12-02,P004,2.170417070388794,XGBoost,Prediction,Test
2025-12-03,P004,2.708038091659546,XGBoost,Prediction,Test
2025-12-04,P004,2.3884975910186768,XGBoost,Prediction,Test
2025-12-05,P004,3.5480122566223145,XGBoost,Prediction,Test
2025-12-06,P004,2.450190305709839,XGBoost,Prediction,Test
2025-12-07,P004,1.8676564693450928,XGBoost,Prediction,Test
2025-12-08,P004,2.148811101913452,XGBoost,Prediction,Test
2025-12-09,P004,2.4627959728240967,XGBoost,Prediction,Test
2025-12-10,P004,2.286799192428589,XGBoost,Prediction,Test
2025-12-11,P004,2.450333595275879,XGBoost,Prediction,Test
2025-12-12,P004,2.7945308685302734,XGBoost,Prediction,Test
2025-12-13,P004,1.6292743682861328,XGBoost,Prediction,Test
2025-12-14,P004,2.0771484375,XGBoost,Prediction,Test
2025-12-15,P004,2.545764207839966,XGBoost,Prediction,Test
2025-12-16,P004,2.345752000808716,XGBoost,Prediction,Test
2025-12-17,P004,2.1653287410736084,XGBoost,Prediction,Test
2025-12-18,P004,2.002258777618408,XGBoost,Prediction,Test
2025-12-19,P004,2.464277982711792,XGBoost,Prediction,Test
2025-12-20,P004,2.4596073627471924,XGBoost,Prediction,Test
2025-12-21,P004,2.562225818634033,XGBoost,Prediction,Test
2025-12-22,P004,2.1364781856536865,XGBoost,Prediction,Test
2025-12-23,P004,2.2126402854919434,XGBoost,Prediction,Test
2025-12-24,P004,2.565842390060425,XGBoost,Prediction,Test
2025-12-25,P004,1.9499812126159668,XGBoost,Prediction,Test
2025-12-26,P004,2.7554893493652344,XGBoost,Prediction,Test
2025-12-27,P004,2.1030006408691406,XGBoost,Prediction,Test
2025-12-28,P004,2.5849831104278564,XGBoost,Prediction,Test
2025-12-29,P004,1.8149049282073975,XGBoost,Prediction,Test
2025-12-30,P004,2.7757930755615234,XGBoost,Prediction,Test
2025-12-31,P004,2.5682828426361084,XGBoost,Prediction,Test
2025-11-25,P005,2.167546033859253,XGBoost,Prediction,Test
2025-11-26,P005,2.2876598834991455,XGBoost,Prediction,Test
2025-11-27,P005,1.4899922609329224,XGBoost,Prediction,Test
2025-11-28,P005,1.5446834564208984,XGBoost,Prediction,Test
2025-11-29,P005,1.5528403520584106,XGBoost,Prediction,Test
2025-11-30,P005,2.163408041000366,XGBoost,Prediction,Test
2025-12-01,P005,1.838149070739746,XGBoost,Prediction,Test
2025-12-02,P005,2.0280494689941406,XGBoost,Prediction,Test
2025-12-03,P005,1.4052464962005615,XGBoost,Prediction,Test
2025-12-04,P005,1.84695303440094,XGBoost,Prediction,Test
2025-12-05,P005,1.7187377214431763,XGBoost,Prediction,Test
2025-12-06,P005,1.9473793506622314,XGBoost,Prediction,Test
2025-12-07,P005,2.348355293273926,XGBoost,Prediction,Test
2025-12-08,P005,1.4406193494796753,XGBoost,Prediction,Test
2025-12-09,P005,2.081223964691162,XGBoost,Prediction,Test
2025-12-10,P005,2.0437405109405518,XGBoost,Prediction,Test
2025-12-11,P005,1.8435226678848267,XGBoost,Prediction,Test
2025-12-12,P005,1.7328848838806152,XGBoost,Prediction,Test
2025-12-13,P005,2.054283618927002,XGBoost,Prediction,Test
2025-12-14,P005,2.1988346576690674,XGBoost,Prediction,Test
2025-12-15,P005,1.9107223749160767,XGBoost,Prediction,Test
2025-12-16,P005,1.7809547185897827,XGBoost,Prediction,Test
2025-12-17,P005,2.2823307514190674,XGBoost,Prediction,Test
2025-12-18,P005,1.9670017957687378,XGBoost,Prediction,Test
2025-12-19,P005,1.40831458568573,XGBoost,Prediction,Test
2025-12-20,P005,1.1360747814178467,XGBoost,Prediction,Test
2025-12-21,P005,1.6404482126235962,XGBoost,Prediction,Test
2025-12-22,P005,1.3616238832473755,XGBoost,Prediction,Test
2025-12-23,P005,1.9943331480026245,XGBoost,Prediction,Test
2025-12-24,P005,1.8035460710525513,XGBoost,Prediction,Test
2025-12-25,P005,2.543349266052246,XGBoost,Prediction,Test
2025-12-26,P005,1.451750636100769,XGBoost,Prediction,Test
2025-12-27,P005,1.5959413051605225,XGBoost,Prediction,Test
2025-12-28,P005,1.9884443283081055,XGBoost,Prediction,Test
2025-12-29,P005,2.3602404594421387,XGBoost,Prediction,Test
2025-12-30,P005,2.2171823978424072,XGBoost,Prediction,Test
2025-12-31,P005,1.738026738166809,XGBoost,Prediction,Test
2025-11-25,P006,2.2469582557678223,XGBoost,Prediction,Test
2025-11-26,P006,2.25630521774292,XGBoost,Prediction,Test
2025-11-27,P006,1.8433923721313477,XGBoost,Prediction,Test
2025-11-28,P006,1.831358551979065,XGBoost,Prediction,Test
2025-11-29,P006,1.8085048198699951,XGBoost,Prediction,Test
2025-11-30,P006,1.469423532485962,XGBoost,Prediction,Test
2025-12-01,P006,0.927007257938385,XGBoost,Prediction,Test
2025-12-02,P006,1.7831060886383057,XGBoost,Prediction,Test
2025-12-03,P006,2.3285012245178223,XGBoost,Prediction,Test
2025-12-04,P006,1.4798669815063477,XGBoost,Prediction,Test
2025-12-05,P006,0.9109304547309875,XGBoost,Prediction,Test
2025-12-06,P006,1.498558759689331,XGBoost,Prediction,Test
2025-12-07,P006,1.5208691358566284,XGBoost,Prediction,Test
2025-12-08,P006,2.1988420486450195,XGBoost,Prediction,Test
2025-12-09,P006,1.8669077157974243,XGBoost,Prediction,Test
2025-12-10,P006,2.445935010910034,XGBoost,Prediction,Test
2025-12-11,P006,2.2778401374816895,XGBoost,Prediction,Test
2025-12-12,P006,1.5330902338027954,XGBoost,Prediction,Test
2025-12-13,P006,1.967972755432129,XGBoost,Prediction,Test
2025-12-14,P006,1.977176547050476,XGBoost,Prediction,Test
2025-12-15,P006,1.6052027940750122,XGBoost,Prediction,Test
2025-12-16,P006,1.466546893119812,XGBoost,Prediction,Test
2025-12-17,P006,1.7173494100570679,XGBoost,Prediction,Test
2025-12-18,P006,2.1364858150482178,XGBoost,Prediction,Test
2025-12-19,P006,1.9068663120269775,XGBoost,Prediction,Test
2025-12-20,P006,1.4857417345046997,XGBoost,Prediction,Test
2025-12-21,P006,2.0581064224243164,XGBoost,Prediction,Test
2025-12-22,P006,1.461241602897644,XGBoost,Prediction,Test
2025-12-23,P006,1.1280778646469116,XGBoost,Prediction,Test
2025-12-24,P006,1.7755460739135742,XGBoost,Prediction,Test
2025-12-25,P006,2.616319417953491,XGBoost,Prediction,Test
2025-12-26,P006,2.317106008529663,XGBoost,Prediction,Test
2025-12-27,P006,1.615914225578308,XGBoost,Prediction,Test
2025-12-28,P006,1.8996490240097046,XGBoost,Prediction,Test
2025-12-29,P006,1.7157641649246216,XGBoost,Prediction,Test
2025-12-30,P006,1.6795295476913452,XGBoost,Prediction,Test
2025-12-31,P006,1.7513644695281982,XGBoost,Prediction,Test
2025-11-25,P007,3.5622575283050537,XGBoost,Prediction,Test
2025-11-26,P007,2.52466082572937,XGBoost,Prediction,Test
2025-11-27,P007,2.3902387619018555,XGBoost,Prediction,Test
2025-11-28,P007,2.4011497497558594,XGBoost,Prediction,Test
2025-11-29,P007,2.643455743789673,XGBoost,Prediction,Test
2025-11-30,P007,2.4578564167022705,XGBoost,Prediction,Test
2025-12-01,P007,1.1624425649642944,XGBoost,Prediction,Test
2025-12-02,P007,2.963944911956787,XGBoost,Prediction,Test
2025-12-03,P007,3.2438502311706543,XGBoost,Prediction,Test
2025-12-04,P007,1.833083152770996,XGBoost,Prediction,Test
2025-12-05,P007,2.044926643371582,XGBoost,Prediction,Test
2025-12-06,P007,1.9523863792419434,XGBoost,Prediction,Test
2025-12-07,P007,2.013716220855713,XGBoost,Prediction,Test
2025-12-08,P007,2.1401724815368652,XGBoost,Prediction,Test
2025-12-09,P007,2.2700185775756836,XGBoost,Prediction,Test
2025-12-10,P007,2.439791202545166,XGBoost,Prediction,Test
2025-12-11,P007,2.8432106971740723,XGBoost,Prediction,Test
2025-12-12,P007,2.6446945667266846,XGBoost,Prediction,Test
2025-12-13,P007,3.5422346591949463,XGBoost,Prediction,Test
2025-12-14,P007,2.3457276821136475,XGBoost,Prediction,Test
2025-12-15,P007,2.435128927230835,XGBoost,Prediction,Test
2025-12-16,P007,2.6215598583221436,XGBoost,Prediction,Test
2025-12-17,P007,1.9437862634658813,XGBoost,Prediction,Test
2025-12-18,P007,1.6617895364761353,XGBoost,Prediction,Test
2025-12-19,P007,3.506225109100342,XGBoost,Prediction,Test
2025-12-20,P007,2.099151611328125,XGBoost,Prediction,Test
2025-12-21,P007,2.239687919616699,XGBoost,Prediction,Test
2025-12-22,P007,1.4791302680969238,XGBoost,Prediction,Test
2025-12-23,P007,2.7261152267456055,XGBoost,Prediction,Test
2025-12-24,P007,3.105224370956421,XGBoost,Prediction,Test
2025-12-25,P007,1.7017452716827393,XGBoost,Prediction,Test
2025-12-26,P007,3.032590627670288,XGBoost,Prediction,Test
2025-12-27,P007,2.176398277282715,XGBoost,Prediction,Test
2025-12-28,P007,2.2136595249176025,XGBoost,Prediction,Test
2025-12-29,P007,2.266385316848755,XGBoost,Prediction,Test
2025-12-30,P007,2.2726190090179443,XGBoost,Prediction,Test
2025-12-31,P007,2.613776445388794,XGBoost,Prediction,Test
2025-11-25,P008,1.9880880117416382,XGBoost,Prediction,Test
2025-11-26,P008,1.9910227060317993,XGBoost,Prediction,Test
2025-11-27,P008,2.531118869781494,XGBoost,Prediction,Test
2025-11-28,P008,2.2974512577056885,XGBoost,Prediction,Test
2025-11-29,P008,1.9975835084915161,XGBoost,Prediction,Test
2025-11-30,P008,2.0178041458129883,XGBoost,Prediction,Test
2025-12-01,P008,2.1610777378082275,XGBoost,Prediction,Test
2025-12-02,P008,2.5474154949188232,XGBoost,Prediction,Test
2025-12-03,P008,2.0532147884368896,XGBoost,Prediction,Test
2025-12-04,P008,1.5126038789749146,XGBoost,Prediction,Test
2025-12-05,P008,2.2339160442352295,XGBoost,Prediction,Test
2025-12-06,P008,2.4864909648895264,XGBoost,Prediction,Test
2025-12-07,P008,1.8675955533981323,XGBoost,Prediction,Test
2025-12-08,P008,2.2381253242492676,XGBoost,Prediction,Test
2025-12-09,P008,2.370854616165161,XGBoost,Prediction,Test
2025-12-10,P008,1.8794366121292114,XGBoost,Prediction,Test
2025-12-11,P008,1.9272096157073975,XGBoost,Prediction,Test
2025-12-12,P008,2.762112617492676,XGBoost,Prediction,Test
2025-12-13,P008,1.3982347249984741,XGBoost,Prediction,Test
2025-12-14,P008,1.6444381475448608,XGBoost,Prediction,Test
2025-12-15,P008,2.3951401710510254,XGBoost,Prediction,Test
2025-12-16,P008,2.761557102203369,XGBoost,Prediction,Test
2025-12-17,P008,2.495262861251831,XGBoost,Prediction,Test
2025-12-18,P008,1.9978718757629395,XGBoost,Prediction,Test
2025-12-19,P008,2.4724650382995605,XGBoost,Prediction,Test
2025-12-20,P008,2.4071316719055176,XGBoost,Prediction,Test
2025-12-21,P008,1.7125288248062134,XGBoost,Prediction,Test
2025-12-22,P008,2.0166332721710205,XGBoost,Prediction,Test
2025-12-23,P008,2.2601892948150635,XGBoost,Prediction,Test
2025-12-24,P008,1.911304235458374,XGBoost,Prediction,Test
2025-12-25,P008,1.2517614364624023,XGBoost,Prediction,Test
2025-12-26,P008,2.6433520317077637,XGBoost,Prediction,Test
2025-12-27,P008,2.2509841918945312,XGBoost,Prediction,Test
2025-12-28,P008,1.6365957260131836,XGBoost,Prediction,Test
2025-12-29,P008,2.0561301708221436,XGBoost,Prediction,Test
2025-12-30,P008,2.0327224731445312,XGBoost,Prediction,Test
2025-12-31,P008,2.4658203125,XGBoost,Prediction,Test
2025-11-25,P009,2.7421374320983887,XGBoost,Prediction,Test
2025-11-26,P009,2.0003440380096436,XGBoost,Prediction,Test
2025-11-27,P009,2.0982441902160645,XGBoost,Prediction,Test
2025-11-28,P009,1.722135305404663,XGBoost,Prediction,Test
2025-11-29,P009,1.6951332092285156,XGBoost,Prediction,Test
2025-11-30,P009,1.9195865392684937,XGBoost,Prediction,Test
2025-12-01,P009,1.8369334936141968,XGBoost,Prediction,Test
2025-12-02,P009,1.6690292358398438,XGBoost,Prediction,Test
2025-12-03,P009,2.108191728591919,XGBoost,Prediction,Test
2025-12-04,P009,1.7692787647247314,XGBoost,Prediction,Test
2025-12-05,P009,2.0939230918884277,XGBoost,Prediction,Test
2025-12-06,P009,1.7760436534881592,XGBoost,Prediction,Test
2025-12-07,P009,2.1638412475585938,XGBoost,Prediction,Test
2025-12-08,P009,2.0543439388275146,XGBoost,Prediction,Test
2025-12-09,P009,1.924952745437622,XGBoost,Prediction,Test
2025-12-10,P009,2.212559700012207,XGBoost,Prediction,Test
2025-12-11,P009,2.63675594329834,XGBoost,Prediction,Test
2025-12-12,P009,2.0489234924316406,XGBoost,Prediction,Test
2025-12-13,P009,1.7633427381515503,XGBoost,Prediction,Test
2025-12-14,P009,1.6293329000473022,XGBoost,Prediction,Test
2025-12-15,P009,3.061894416809082,XGBoost,Prediction,Test
2025-12-16,P009,2.336432695388794,XGBoost,Prediction,Test
2025-12-17,P009,1.659368872642517,XGBoost,Prediction,Test
2025-12-18,P009,2.240391969680786,XGBoost,Prediction,Test
2025-12-19,P009,2.268698215484619,XGBoost,Prediction,Test
2025-12-20,P009,1.8914189338684082,XGBoost,Prediction,Test
2025-12-21,P009,2.3172762393951416,XGBoost,Prediction,Test
2025-12-22,P009,1.7755956649780273,XGBoost,Prediction,Test
2025-12-23,P009,1.949073076248169,XGBoost,Prediction,Test
2025-12-24,P009,2.2259533405303955,XGBoost,Prediction,Test
2025-12-25,P009,2.391453266143799,XGBoost,Prediction,Test
2025-12-26,P009,2.091123342514038,XGBoost,Prediction,Test
2025-12-27,P009,1.3357816934585571,XGBoost,Prediction,Test
2025-12-28,P009,2.45198130607605,XGBoost,Prediction,Test
2025-12-29,P009,2.269455909729004,XGBoost,Prediction,Test
2025-12-30,P009,1.9234369993209839,XGBoost,Prediction,Test
2025-12-31,P009,1.920935869216919,XGBoost,Prediction,Test
2025-11-25,P010,1.5902642011642456,XGBoost,Prediction,Test
2025-11-26,P010,1.6752450466156006,XGBoost,Prediction,Test
2025-11-27,P010,1.6970055103302002,XGBoost,Prediction,Test
2025-11-28,P010,2.410987615585327,XGBoost,Prediction,Test
2025-11-29,P010,2.1425323486328125,XGBoost,Prediction,Test
2025-11-30,P010,1.6935420036315918,XGBoost,Prediction,Test
2025-12-01,P010,1.5498671531677246,XGBoost,Prediction,Test
2025-12-02,P010,1.804924726486206,XGBoost,Prediction,Test
2025-12-03,P010,2.0461742877960205,XGBoost,Prediction,Test
2025-12-04,P010,1.7924118041992188,XGBoost,Prediction,Test
2025-12-05,P010,1.471154808998108,XGBoost,Prediction,Test
2025-12-06,P010,2.0949811935424805,XGBoost,Prediction,Test
2025-12-07,P010,2.59661602973938,XGBoost,Prediction,Test
2025-12-08,P010,1.825835943222046,XGBoost,Prediction,Test
2025-12-09,P010,2.023488759994507,XGBoost,Prediction,Test
2025-12-10,P010,2.302579164505005,XGBoost,Prediction,Test
2025-12-11,P010,1.8834514617919922,XGBoost,Prediction,Test
2025-12-12,P010,1.574882984161377,XGBoost,Prediction,Test
2025-12-13,P010,2.5292000770568848,XGBoost,Prediction,Test
2025-12-14,P010,2.9586055278778076,XGBoost,Prediction,Test
2025-12-15,P010,2.428487539291382,XGBoost,Prediction,Test
2025-12-16,P010,1.365786075592041,XGBoost,Prediction,Test
2025-12-17,P010,1.574102520942688,XGBoost,Prediction,Test
2025-12-18,P010,2.26236891746521,XGBoost,Prediction,Test
2025-12-19,P010,1.809948444366455,XGBoost,Prediction,Test
2025-12-20,P010,1.881921410560608,XGBoost,Prediction,Test
2025-12-21,P010,2.041189193725586,XGBoost,Prediction,Test
2025-12-22,P010,1.3028361797332764,XGBoost,Prediction,Test
2025-12-23,P010,1.8453731536865234,XGBoost,Prediction,Test
2025-12-24,P010,1.5339851379394531,XGBoost,Prediction,Test
2025-12-25,P010,1.6501004695892334,XGBoost,Prediction,Test
2025-12-26,P010,1.754987120628357,XGBoost,Prediction,Test
2025-12-27,P010,1.4501432180404663,XGBoost,Prediction,Test
2025-12-28,P010,2.1169729232788086,XGBoost,Prediction,Test
2025-12-29,P010,2.315304756164551,XGBoost,Prediction,Test
2025-12-30,P010,1.696424126625061,XGBoost,Prediction,Test
2025-12-31,P010,2.3528008460998535,XGBoost,Prediction,Test
2025-11-25,P011,2.0182743072509766,XGBoost,Prediction,Test
2025-11-26,P011,2.2103476524353027,XGBoost,Prediction,Test
2025-11-27,P011,1.5377109050750732,XGBoost,Prediction,Test
2025-11-28,P011,2.1940348148345947,XGBoost,Prediction,Test
2025-11-29,P011,2.3634440898895264,XGBoost,Prediction,Test
2025-11-30,P011,1.9823110103607178,XGBoost,Prediction,Test
2025-12-01,P011,1.993003249168396,XGBoost,Prediction,Test
2025-12-02,P011,2.2175211906433105,XGBoost,Prediction,Test
2025-12-03,P011,1.547979712486267,XGBoost,Prediction,Test
2025-12-04,P011,2.6705760955810547,XGBoost,Prediction,Test
2025-12-05,P011,1.4146296977996826,XGBoost,Prediction,Test
2025-12-06,P011,2.215329647064209,XGBoost,Prediction,Test
2025-12-07,P011,1.365767002105713,XGBoost,Prediction,Test
2025-12-08,P011,2.1371052265167236,XGBoost,Prediction,Test
2025-12-09,P011,2.1130638122558594,XGBoost,Prediction,Test
2025-12-10,P011,1.6796432733535767,XGBoost,Prediction,Test
2025-12-11,P011,2.1791343688964844,XGBoost,Prediction,Test
2025-12-12,P011,1.9763926267623901,XGBoost,Prediction,Test
2025-12-13,P011,1.4646074771881104,XGBoost,Prediction,Test
2025-12-14,P011,3.020477533340454,XGBoost,Prediction,Test
2025-12-15,P011,1.7521787881851196,XGBoost,Prediction,Test
2025-12-16,P011,2.1425387859344482,XGBoost,Prediction,Test
2025-12-17,P011,1.8247778415679932,XGBoost,Prediction,Test
2025-12-18,P011,2.083064317703247,XGBoost,Prediction,Test
2025-12-19,P011,1.5740002393722534,XGBoost,Prediction,Test
2025-12-20,P011,1.9776142835617065,XGBoost,Prediction,Test
2025-12-21,P011,1.9665086269378662,XGBoost,Prediction,Test
2025-12-22,P011,1.637019157409668,XGBoost,Prediction,Test
2025-12-23,P011,1.7553049325942993,XGBoost,Prediction,Test
2025-12-24,P011,2.0350630283355713,XGBoost,Prediction,Test
2025-12-25,P011,2.2310597896575928,XGBoost,Prediction,Test
2025-12-26,P011,2.845158815383911,XGBoost,Prediction,Test
2025-12-27,P011,2.037261486053467,XGBoost,Prediction,Test
2025-12-28,P011,2.365144729614258,XGBoost,Prediction,Test
2025-12-29,P011,2.2613632678985596,XGBoost,Prediction,Test
2025-12-30,P011,2.1697027683258057,XGBoost,Prediction,Test
2025-12-31,P011,2.4625134468078613,XGBoost,Prediction,Test
2025-11-25,P012,1.9956958293914795,XGBoost,Prediction,Test
2025-11-26,P012,1.9252794981002808,XGBoost,Prediction,Test
2025-11-27,P012,1.7565900087356567,XGBoost,Prediction,Test
2025-11-28,P012,1.4750699996948242,XGBoost,Prediction,Test
2025-11-29,P012,1.9490125179290771,XGBoost,Prediction,Test
2025-11-30,P012,1.6696717739105225,XGBoost,Prediction,Test
2025-12-01,P012,1.7378724813461304,XGBoost,Prediction,Test
2025-12-02,P012,1.5584319829940796,XGBoost,Prediction,Test
2025-12-03,P012,1.7667028903961182,XGBoost,Prediction,Test
2025-12-04,P012,2.5205013751983643,XGBoost,Prediction,Test
2025-12-05,P012,1.7081313133239746,XGBoost,Prediction,Test
2025-12-06,P012,2.3587396144866943,XGBoost,Prediction,Test
2025-12-07,P012,0.9999582767486572,XGBoost,Prediction,Test
2025-12-08,P012,1.0589778423309326,XGBoost,Prediction,Test
2025-12-09,P012,2.0974957942962646,XGBoost,Prediction,Test
2025-12-10,P012,1.8880174160003662,XGBoost,Prediction,Test
2025-12-11,P012,1.7847952842712402,XGBoost,Prediction,Test
2025-12-12,P012,1.7153340578079224,XGBoost,Prediction,Test
2025-12-13,P012,1.5726605653762817,XGBoost,Prediction,Test
2025-12-14,P012,1.6786552667617798,XGBoost,Prediction,Test
2025-12-15,P012,1.3768324851989746,XGBoost,Prediction,Test
2025-12-16,P012,1.4270492792129517,XGBoost,Prediction,Test
2025-12-17,P012,1.2991653680801392,XGBoost,Prediction,Test
2025-12-18,P012,1.922031044960022,XGBoost,Prediction,Test
2025-12-19,P012,1.8330037593841553,XGBoost,Prediction,Test
2025-12-20,P012,1.3188471794128418,XGBoost,Prediction,Test
2025-12-21,P012,1.3400676250457764,XGBoost,Prediction,Test
2025-12-22,P012,1.5204613208770752,XGBoost,Prediction,Test
2025-12-23,P012,1.5415323972702026,XGBoost,Prediction,Test
2025-12-24,P012,3.228384017944336,XGBoost,Prediction,Test
2025-12-25,P012,1.5668271780014038,XGBoost,Prediction,Test
2025-12-26,P012,2.5742499828338623,XGBoost,Prediction,Test
2025-12-27,P012,1.6958950757980347,XGBoost,Prediction,Test
2025-12-28,P012,1.3152587413787842,XGBoost,Prediction,Test
2025-12-29,P012,2.3979055881500244,XGBoost,Prediction,Test
2025-12-30,P012,1.6832085847854614,XGBoost,Prediction,Test
2025-12-31,P012,1.9033259153366089,XGBoost,Prediction,Test
2025-11-25,P013,2.028695821762085,XGBoost,Prediction,Test
2025-11-26,P013,1.2901707887649536,XGBoost,Prediction,Test
2025-11-27,P013,1.7157868146896362,XGBoost,Prediction,Test
2025-11-28,P013,1.1997432708740234,XGBoost,Prediction,Test
2025-11-29,P013,1.8370355367660522,XGBoost,Prediction,Test
2025-11-30,P013,1.949716329574585,XGBoost,Prediction,Test
2025-12-01,P013,1.7859758138656616,XGBoost,Prediction,Test
2025-12-02,P013,1.6910008192062378,XGBoost,Prediction,Test
2025-12-03,P013,1.286073088645935,XGBoost,Prediction,Test
2025-12-04,P013,2.26894211769104,XGBoost,Prediction,Test
2025-12-05,P013,0.9797418713569641,XGBoost,Prediction,Test
2025-12-06,P013,1.5986343622207642,XGBoost,Prediction,Test
2025-12-07,P013,1.904559850692749,XGBoost,Prediction,Test
2025-12-08,P013,1.5724763870239258,XGBoost,Prediction,Test
2025-12-09,P013,1.7607111930847168,XGBoost,Prediction,Test
2025-12-10,P013,2.7095799446105957,XGBoost,Prediction,Test
2025-12-11,P013,1.8338619470596313,XGBoost,Prediction,Test
2025-12-12,P013,2.055035352706909,XGBoost,Prediction,Test
2025-12-13,P013,2.5323634147644043,XGBoost,Prediction,Test
2025-12-14,P013,2.5520946979522705,XGBoost,Prediction,Test
2025-12-15,P013,1.7881300449371338,XGBoost,Prediction,Test
2025-12-16,P013,1.9532493352890015,XGBoost,Prediction,Test
2025-12-17,P013,2.0567924976348877,XGBoost,Prediction,Test
2025-12-18,P013,1.6457629203796387,XGBoost,Prediction,Test
2025-12-19,P013,1.3209340572357178,XGBoost,Prediction,Test
2025-12-20,P013,1.4458158016204834,XGBoost,Prediction,Test
2025-12-21,P013,2.1996307373046875,XGBoost,Prediction,Test
2025-12-22,P013,1.9528560638427734,XGBoost,Prediction,Test
2025-12-23,P013,2.0408358573913574,XGBoost,Prediction,Test
2025-12-24,P013,1.9358844757080078,XGBoost,Prediction,Test
2025-12-25,P013,2.5323963165283203,XGBoost,Prediction,Test
2025-12-26,P013,2.193585157394409,XGBoost,Prediction,Test
2025-12-27,P013,1.4942758083343506,XGBoost,Prediction,Test
2025-12-28,P013,1.8586105108261108,XGBoost,Prediction,Test
2025-12-29,P013,1.99953293800354,XGBoost,Prediction,Test
2025-12-30,P013,2.2385971546173096,XGBoost,Prediction,Test
2025-12-31,P013,1.6239734888076782,XGBoost,Prediction,Test
2025-11-25,P014,2.2442636489868164,XGBoost,Prediction,Test
2025-11-26,P014,1.4801385402679443,XGBoost,Prediction,Test
2025-11-27,P014,2.0349302291870117,XGBoost,Prediction,Test
2025-11-28,P014,1.9843136072158813,XGBoost,Prediction,Test
2025-11-29,P014,2.148625612258911,XGBoost,Prediction,Test
2025-11-30,P014,2.1044769287109375,XGBoost,Prediction,Test
2025-12-01,P014,2.411930799484253,XGBoost,Prediction,Test
2025-12-02,P014,2.173966646194458,XGBoost,Prediction,Test
2025-12-03,P014,1.9592736959457397,XGBoost,Prediction,Test
2025-12-04,P014,3.00885272026062,XGBoost,Prediction,Test
2025-12-05,P014,1.773163080215454,XGBoost,Prediction,Test
2025-12-06,P014,2.473269462585449,XGBoost,Prediction,Test
2025-12-07,P014,2.4323604106903076,XGBoost,Prediction,Test
2025-12-08,P014,1.481011152267456,XGBoost,Prediction,Test
2025-12-09,P014,2.051630735397339,XGBoost,Prediction,Test
2025-12-10,P014,2.562318801879883,XGBoost,Prediction,Test
2025-12-11,P014,2.699392795562744,XGBoost,Prediction,Test
2025-12-12,P014,2.1081273555755615,XGBoost,Prediction,Test
2025-12-13,P014,1.1069003343582153,XGBoost,Prediction,Test
2025-12-14,P014,2.9470763206481934,XGBoost,Prediction,Test
2025-12-15,P014,2.0771024227142334,XGBoost,Prediction,Test
2025-12-16,P014,2.4063146114349365,XGBoost,Prediction,Test
2025-12-17,P014,1.8182566165924072,XGBoost,Prediction,Test
2025-12-18,P014,2.776291608810425,XGBoost,Prediction,Test
2025-12-19,P014,1.803107738494873,XGBoost,Prediction,Test
2025-12-20,P014,1.6980172395706177,XGBoost,Prediction,Test
2025-12-21,P014,2.0918543338775635,XGBoost,Prediction,Test
2025-12-22,P014,1.6571831703186035,XGBoost,Prediction,Test
2025-12-23,P014,2.302638053894043,XGBoost,Prediction,Test
2025-12-24,P014,1.6322120428085327,XGBoost,Prediction,Test
2025-12-25,P014,2.2369091510772705,XGBoost,Prediction,Test
2025-12-26,P014,1.9734278917312622,XGBoost,Prediction,Test
2025-12-27,P014,2.233985185623169,XGBoost,Prediction,Test
2025-12-28,P014,2.85023832321167,XGBoost,Prediction,Test
2025-12-29,P014,2.267727851867676,XGBoost,Prediction,Test
2025-12-30,P014,1.9105547666549683,XGBoost,Prediction,Test
2025-12-31,P014,2.588101863861084,XGBoost,Prediction,Test
2025-11-25,P015,2.647691011428833,XGBoost,Prediction,Test
2025-11-26,P015,1.7715020179748535,XGBoost,Prediction,Test
2025-11-27,P015,1.549953579902649,XGBoost,Prediction,Test
2025-11-28,P015,2.123823642730713,XGBoost,Prediction,Test
2025-11-29,P015,2.778398036956787,XGBoost,Prediction,Test
2025-11-30,P015,2.3196799755096436,XGBoost,Prediction,Test
2025-12-01,P015,2.031904935836792,XGBoost,Prediction,Test
2025-12-02,P015,1.6602847576141357,XGBoost,Prediction,Test
2025-12-03,P015,2.967094659805298,XGBoost,Prediction,Test
2025-12-04,P015,2.154247522354126,XGBoost,Prediction,Test
2025-12-05,P015,2.31666898727417,XGBoost,Prediction,Test
2025-12-06,P015,2.504976749420166,XGBoost,Prediction,Test
2025-12-07,P015,2.9360857009887695,XGBoost,Prediction,Test
2025-12-08,P015,2.0805723667144775,XGBoost,Prediction,Test
2025-12-09,P015,2.942371368408203,XGBoost,Prediction,Test
2025-12-10,P015,2.8444015979766846,XGBoost,Prediction,Test
2025-12-11,P015,2.0055482387542725,XGBoost,Prediction,Test
2025-12-12,P015,3.2160208225250244,XGBoost,Prediction,Test
2025-12-13,P015,1.750257968902588,XGBoost,Prediction,Test
2025-12-14,P015,1.9878393411636353,XGBoost,Prediction,Test
2025-12-15,P015,2.8456952571868896,XGBoost,Prediction,Test
2025-12-16,P015,1.9612553119659424,XGBoost,Prediction,Test
2025-12-17,P015,2.0091753005981445,XGBoost,Prediction,Test
2025-12-18,P015,2.293085813522339,XGBoost,Prediction,Test
2025-12-19,P015,2.106203079223633,XGBoost,Prediction,Test
2025-12-20,P015,2.255138635635376,XGBoost,Prediction,Test
2025-12-21,P015,2.3717730045318604,XGBoost,Prediction,Test
2025-12-22,P015,1.4463908672332764,XGBoost,Prediction,Test
2025-12-23,P015,2.820065975189209,XGBoost,Prediction,Test
2025-12-24,P015,1.7570439577102661,XGBoost,Prediction,Test
2025-12-25,P015,1.4655125141143799,XGBoost,Prediction,Test
2025-12-26,P015,1.9262042045593262,XGBoost,Prediction,Test
2025-12-27,P015,2.6681063175201416,XGBoost,Prediction,Test
2025-12-28,P015,2.34641432762146,XGBoost,Prediction,Test
2025-12-29,P015,2.798572540283203,XGBoost,Prediction,Test
2025-12-30,P015,2.318828821182251,XGBoost,Prediction,Test
2025-12-31,P015,2.256157398223877,XGBoost,Prediction,Test
2025-11-25,P016,2.480724573135376,XGBoost,Prediction,Test
2025-11-26,P016,1.5920088291168213,XGBoost,Prediction,Test
2025-11-27,P016,2.218106508255005,XGBoost,Prediction,Test
2025-11-28,P016,2.6037917137145996,XGBoost,Prediction,Test
2025-11-29,P016,2.0673511028289795,XGBoost,Prediction,Test
2025-11-30,P016,1.1760996580123901,XGBoost,Prediction,Test
2025-12-01,P016,1.9722212553024292,XGBoost,Prediction,Test
2025-12-02,P016,3.5303714275360107,XGBoost,Prediction,Test
2025-12-03,P016,1.3941197395324707,XGBoost,Prediction,Test
2025-12-04,P016,2.755402088165283,XGBoost,Prediction,Test
2025-12-05,P016,1.6394295692443848,XGBoost,Prediction,Test
2025-12-06,P016,2.52758526802063,XGBoost,Prediction,Test
2025-12-07,P016,1.814993977546692,XGBoost,Prediction,Test
2025-12-08,P016,1.9235508441925049,XGBoost,Prediction,Test
2025-12-09,P016,1.746828317642212,XGBoost,Prediction,Test
2025-12-10,P016,2.3407087326049805,XGBoost,Prediction,Test
2025-12-11,P016,2.019357919692993,XGBoost,Prediction,Test
2025-12-12,P016,1.50632905960083,XGBoost,Prediction,Test
2025-12-13,P016,1.698615312576294,XGBoost,Prediction,Test
2025-12-14,P016,2.3745734691619873,XGBoost,Prediction,Test
2025-12-15,P016,2.5215189456939697,XGBoost,Prediction,Test
2025-12-16,P016,2.0664877891540527,XGBoost,Prediction,Test
2025-12-17,P016,1.5537991523742676,XGBoost,Prediction,Test
2025-12-18,P016,2.3662047386169434,XGBoost,Prediction,Test
2025-12-19,P016,1.9762206077575684,XGBoost,Prediction,Test
2025-12-20,P016,1.5547717809677124,XGBoost,Prediction,Test
2025-12-21,P016,1.5625121593475342,XGBoost,Prediction,Test
2025-12-22,P016,1.1287473440170288,XGBoost,Prediction,Test
2025-12-23,P016,2.1366758346557617,XGBoost,Prediction,Test
2025-12-24,P016,1.7942886352539062,XGBoost,Prediction,Test
2025-12-25,P016,2.192051410675049,XGBoost,Prediction,Test
2025-12-26,P016,1.7173194885253906,XGBoost,Prediction,Test
2025-12-27,P016,2.1812844276428223,XGBoost,Prediction,Test
2025-12-28,P016,1.433120608329773,XGBoost,Prediction,Test
2025-12-29,P016,1.1975722312927246,XGBoost,Prediction,Test
2025-12-30,P016,1.995752215385437,XGBoost,Prediction,Test
2025-12-31,P016,1.923062801361084,XGBoost,Prediction,Test
2025-11-25,P017,2.2381367683410645,XGBoost,Prediction,Test
2025-11-26,P017,1.722178339958191,XGBoost,Prediction,Test
2025-11-27,P017,1.7674896717071533,XGBoost,Prediction,Test
2025-11-28,P017,2.553173542022705,XGBoost,Prediction,Test
2025-11-29,P017,1.4233736991882324,XGBoost,Prediction,Test
2025-11-30,P017,2.3831253051757812,XGBoost,Prediction,Test
2025-12-01,P017,1.6218475103378296,XGBoost,Prediction,Test
2025-12-02,P017,1.9748234748840332,XGBoost,Prediction,Test
2025-12-03,P017,2.558706283569336,XGBoost,Prediction,Test
2025-12-04,P017,2.5892374515533447,XGBoost,Prediction,Test
2025-12-05,P017,2.3635776042938232,XGBoost,Prediction,Test
2025-12-06,P017,1.815840244293213,XGBoost,Prediction,Test
2025-12-07,P017,1.968360424041748,XGBoost,Prediction,Test
2025-12-08,P017,2.2508654594421387,XGBoost,Prediction,Test
2025-12-09,P017,2.467287540435791,XGBoost,Prediction,Test
2025-12-10,P017,2.53296160697937,XGBoost,Prediction,Test
2025-12-11,P017,1.9383084774017334,XGBoost,Prediction,Test
2025-12-12,P017,1.953323245048523,XGBoost,Prediction,Test
2025-12-13,P017,2.1620330810546875,XGBoost,Prediction,Test
2025-12-14,P017,2.0154738426208496,XGBoost,Prediction,Test
2025-12-15,P017,1.8854963779449463,XGBoost,Prediction,Test
2025-12-16,P017,1.8822449445724487,XGBoost,Prediction,Test
2025-12-17,P017,2.3717634677886963,XGBoost,Prediction,Test
2025-12-18,P017,1.8330086469650269,XGBoost,Prediction,Test
2025-12-19,P017,1.2496713399887085,XGBoost,Prediction,Test
2025-12-20,P017,1.7689563035964966,XGBoost,Prediction,Test
2025-12-21,P017,2.427325963973999,XGBoost,Prediction,Test
2025-12-22,P017,2.2917091846466064,XGBoost,Prediction,Test
2025-12-23,P017,2.692302703857422,XGBoost,Prediction,Test
2025-12-24,P017,1.9820741415023804,XGBoost,Prediction,Test
2025-12-25,P017,1.862992286682129,XGBoost,Prediction,Test
2025-12-26,P017,1.8546862602233887,XGBoost,Prediction,Test
2025-12-27,P017,2.058490514755249,XGBoost,Prediction,Test
2025-12-28,P017,2.3105850219726562,XGBoost,Prediction,Test
2025-12-29,P017,2.2070353031158447,XGBoost,Prediction,Test
2025-12-30,P017,1.7498255968093872,XGBoost,Prediction,Test
2025-12-31,P017,1.6974081993103027,XGBoost,Prediction,Test
2025-11-25,P018,2.046480417251587,XGBoost,Prediction,Test
2025-11-26,P018,2.1834232807159424,XGBoost,Prediction,Test
2025-11-27,P018,2.034339666366577,XGBoost,Prediction,Test
2025-11-28,P018,1.8823237419128418,XGBoost,Prediction,Test
2025-11-29,P018,2.6134440898895264,XGBoost,Prediction,Test
2025-11-30,P018,1.7676867246627808,XGBoost,Prediction,Test
2025-12-01,P018,1.0965439081192017,XGBoost,Prediction,Test
2025-12-02,P018,2.6472485065460205,XGBoost,Prediction,Test
2025-12-03,P018,2.447901964187622,XGBoost,Prediction,Test
2025-12-04,P018,1.9366514682769775,XGBoost,Prediction,Test
2025-12-05,P018,1.9511916637420654,XGBoost,Prediction,Test
2025-12-06,P018,2.2620251178741455,XGBoost,Prediction,Test
2025-12-07,P018,1.4920443296432495,XGBoost,Prediction,Test
2025-12-08,P018,2.0553855895996094,XGBoost,Prediction,Test
2025-12-09,P018,1.7783129215240479,XGBoost,Prediction,Test
2025-12-10,P018,1.554640531539917,XGBoost,Prediction,Test
2025-12-11,P018,2.7016541957855225,XGBoost,Prediction,Test
2025-12-12,P018,3.0107622146606445,XGBoost,Prediction,Test
2025-12-13,P018,1.8066176176071167,XGBoost,Prediction,Test
2025-12-14,P018,2.411607265472412,XGBoost,Prediction,Test
2025-12-15,P018,2.291896104812622,XGBoost,Prediction,Test
2025-12-16,P018,2.0962045192718506,XGBoost,Prediction,Test
2025-12-17,P018,1.8812304735183716,XGBoost,Prediction,Test
2025-12-18,P018,2.775350332260132,XGBoost,Prediction,Test
2025-12-19,P018,2.1758434772491455,XGBoost,Prediction,Test
2025-12-20,P018,1.7117775678634644,XGBoost,Prediction,Test
2025-12-21,P018,1.6808602809906006,XGBoost,Prediction,Test
2025-12-22,P018,2.7367043495178223,XGBoost,Prediction,Test
2025-12-23,P018,2.365950345993042,XGBoost,Prediction,Test
2025-12-24,P018,2.2084696292877197,XGBoost,Prediction,Test
2025-12-25,P018,2.169374704360962,XGBoost,Prediction,Test
2025-12-26,P018,1.6742421388626099,XGBoost,Prediction,Test
2025-12-27,P018,1.6676000356674194,XGBoost,Prediction,Test
2025-12-28,P018,1.875020980834961,XGBoost,Prediction,Test
2025-12-29,P018,3.057248830795288,XGBoost,Prediction,Test
2025-12-30,P018,1.728582501411438,XGBoost,Prediction,Test
2025-12-31,P018,2.3892107009887695,XGBoost,Prediction,Test
2025-11-25,P019,2.6141304969787598,XGBoost,Prediction,Test
2025-11-26,P019,1.4143465757369995,XGBoost,Prediction,Test
2025-11-27,P019,1.1578171253204346,XGBoost,Prediction,Test
2025-11-28,P019,2.299532890319824,XGBoost,Prediction,Test
2025-11-29,P019,3.418564558029175,XGBoost,Prediction,Test
2025-11-30,P019,1.720374584197998,XGBoost,Prediction,Test
2025-12-01,P019,1.9018577337265015,XGBoost,Prediction,Test
2025-12-02,P019,3.126464366912842,XGBoost,Prediction,Test
2025-12-03,P019,1.8651520013809204,XGBoost,Prediction,Test
2025-12-04,P019,1.9554121494293213,XGBoost,Prediction,Test
2025-12-05,P019,0.7814983129501343,XGBoost,Prediction,Test
2025-12-06,P019,2.594481945037842,XGBoost,Prediction,Test
2025-12-07,P019,2.12180757522583,XGBoost,Prediction,Test
2025-12-08,P019,2.0171921253204346,XGBoost,Prediction,Test
2025-12-09,P019,1.9181464910507202,XGBoost,Prediction,Test
2025-12-10,P019,2.356961488723755,XGBoost,Prediction,Test
2025-12-11,P019,2.5577423572540283,XGBoost,Prediction,Test
2025-12-12,P019,2.0986595153808594,XGBoost,Prediction,Test
2025-12-13,P019,1.8648946285247803,XGBoost,Prediction,Test
2025-12-14,P019,2.0876243114471436,XGBoost,Prediction,Test
2025-12-15,P019,2.3481454849243164,XGBoost,Prediction,Test
2025-12-16,P019,2.677797317504883,XGBoost,Prediction,Test
2025-12-17,P019,1.5061163902282715,XGBoost,Prediction,Test
2025-12-18,P019,2.879183530807495,XGBoost,Prediction,Test
2025-12-19,P019,1.7600334882736206,XGBoost,Prediction,Test
2025-12-20,P019,2.23225474357605,XGBoost,Prediction,Test
2025-12-21,P019,2.5625040531158447,XGBoost,Prediction,Test
2025-12-22,P019,1.3525422811508179,XGBoost,Prediction,Test
2025-12-23,P019,2.094355344772339,XGBoost,Prediction,Test
2025-12-24,P019,2.390241861343384,XGBoost,Prediction,Test
2025-12-25,P019,1.7850996255874634,XGBoost,Prediction,Test
2025-12-26,P019,1.2733185291290283,XGBoost,Prediction,Test
2025-12-27,P019,1.8013725280761719,XGBoost,Prediction,Test
2025-12-28,P019,2.620419979095459,XGBoost,Prediction,Test
2025-12-29,P019,1.6377671957015991,XGBoost,Prediction,Test
2025-12-30,P019,2.3966541290283203,XGBoost,Prediction,Test
2025-12-31,P019,1.1038552522659302,XGBoost,Prediction,Test
2025-11-25,P020,2.496607780456543,XGBoost,Prediction,Test
2025-11-26,P020,1.6479365825653076,XGBoost,Prediction,Test
2025-11-27,P020,1.1028070449829102,XGBoost,Prediction,Test
2025-11-28,P020,1.9999181032180786,XGBoost,Prediction,Test
2025-11-29,P020,1.2800235748291016,XGBoost,Prediction,Test
2025-11-30,P020,2.5295557975769043,XGBoost,Prediction,Test
2025-12-01,P020,2.143725872039795,XGBoost,Prediction,Test
2025-12-02,P020,1.0047603845596313,XGBoost,Prediction,Test
2025-12-03,P020,1.6149245500564575,XGBoost,Prediction,Test
2025-12-04,P020,2.5484514236450195,XGBoost,Prediction,Test
2025-12-05,P020,1.3035608530044556,XGBoost,Prediction,Test
2025-12-06,P020,1.3001364469528198,XGBoost,Prediction,Test
2025-12-07,P020,1.8319612741470337,XGBoost,Prediction,Test
2025-12-08,P020,1.9243584871292114,XGBoost,Prediction,Test
2025-12-09,P020,1.4067782163619995,XGBoost,Prediction,Test
2025-12-10,P020,2.2374203205108643,XGBoost,Prediction,Test
2025-12-11,P020,1.4096678495407104,XGBoost,Prediction,Test
2025-12-12,P020,1.833106279373169,XGBoost,Prediction,Test
2025-12-13,P020,2.370844602584839,XGBoost,Prediction,Test
2025-12-14,P020,1.91391122341156,XGBoost,Prediction,Test
2025-12-15,P020,1.867064356803894,XGBoost,Prediction,Test
2025-12-16,P020,2.1906557083129883,XGBoost,Prediction,Test
2025-12-17,P020,1.5919312238693237,XGBoost,Prediction,Test
2025-12-18,P020,2.3026673793792725,XGBoost,Prediction,Test
2025-12-19,P020,1.4254913330078125,XGBoost,Prediction,Test
2025-12-20,P020,1.5922770500183105,XGBoost,Prediction,Test
2025-12-21,P020,2.3579204082489014,XGBoost,Prediction,Test
2025-12-22,P020,1.8980004787445068,XGBoost,Prediction,Test
2025-12-23,P020,1.7003275156021118,XGBoost,Prediction,Test
2025-12-24,P020,1.402847170829773,XGBoost,Prediction,Test
2025-12-25,P020,1.6504911184310913,XGBoost,Prediction,Test
2025-12-26,P020,1.0824636220932007,XGBoost,Prediction,Test
2025-12-27,P020,2.224027395248413,XGBoost,Prediction,Test
2025-12-28,P020,1.4091416597366333,XGBoost,Prediction,Test
2025-12-29,P020,2.0008676052093506,XGBoost,Prediction,Test
2025-12-30,P020,1.7222851514816284,XGBoost,Prediction,Test
2025-12-31,P020,2.2717702388763428,XGBoost,Prediction,Test
2026-01-01,P001,2.0,XGBoost,Prediction,Future
2026-01-02,P001,2.0,XGBoost,Prediction,Future
2026-01-03,P001,1.0,XGBoost,Prediction,Future
2026-01-04,P001,2.0,XGBoost,Prediction,Future
2026-01-05,P001,1.0,XGBoost,Prediction,Future
2026-01-06,P001,1.0,XGBoost,Prediction,Future
2026-01-07,P001,2.0,XGBoost,Prediction,Future
2026-01-08,P001,1.0,XGBoost,Prediction,Future
2026-01-09,P001,1.0,XGBoost,Prediction,Future
2026-01-10,P001,1.0,XGBoost,Prediction,Future
2026-01-11,P001,1.0,XGBoost,Prediction,Future
2026-01-12,P001,1.0,XGBoost,Prediction,Future
2026-01-13,P001,1.0,XGBoost,Prediction,Future
2026-01-14,P001,1.0,XGBoost,Prediction,Future
2026-01-15,P001,1.0,XGBoost,Prediction,Future
2026-01-16,P001,1.0,XGBoost,Prediction,Future
2026-01-17,P001,1.0,XGBoost,Prediction,Future
2026-01-18,P001,0.0,XGBoost,Prediction,Future
2026-01-19,P001,1.0,XGBoost,Prediction,Future
2026-01-20,P001,1.0,XGBoost,Prediction,Future
2026-01-21,P001,1.0,XGBoost,Prediction,Future
2026-01-22,P001,1.0,XGBoost,Prediction,Future
2026-01-23,P001,1.0,XGBoost,Prediction,Future
2026-01-24,P001,1.0,XGBoost,Prediction,Future
2026-01-25,P001,1.0,XGBoost,Prediction,Future
2026-01-26,P001,1.0,XGBoost,Prediction,Future
2026-01-27,P001,1.0,XGBoost,Prediction,Future
2026-01-28,P001,1.0,XGBoost,Prediction,Future
2026-01-29,P001,1.0,XGBoost,Prediction,Future
2026-01-30,P001,0.0,XGBoost,Prediction,Future
2026-01-01,P002,1.0,XGBoost,Prediction,Future
2026-01-02,P002,1.0,XGBoost,Prediction,Future
2026-01-03,P002,1.0,XGBoost,Prediction,Future
2026-01-04,P002,1.0,XGBoost,Prediction,Future
2026-01-05,P002,1.0,XGBoost,Prediction,Future
2026-01-06,P002,2.0,XGBoost,Prediction,Future
2026-01-07,P002,0.0,XGBoost,Prediction,Future
2026-01-08,P002,1.0,XGBoost,Prediction,Future
2026-01-09,P002,2.0,XGBoost,Prediction,Future
2026-01-10,P002,1.0,XGBoost,Prediction,Future
2026-01-11,P002,1.0,XGBoost,Prediction,Future
2026-01-12,P002,2.0,XGBoost,Prediction,Future
2026-01-13,P002,2.0,XGBoost,Prediction,Future
2026-01-14,P002,2.0,XGBoost,Prediction,Future
2026-01-15,P002,1.0,XGBoost,Prediction,Future
2026-01-16,P002,1.0,XGBoost,Prediction,Future
2026-01-17,P002,1.0,XGBoost,Prediction,Future
2026-01-18,P002,1.0,XGBoost,Prediction,Future
2026-01-19,P002,1.0,XGBoost,Prediction,Future
2026-01-20,P002,1.0,XGBoost,Prediction,Future
2026-01-21,P002,2.0,XGBoost,Prediction,Future
2026-01-22,P002,1.0,XGBoost,Prediction,Future
2026-01-23,P002,1.0,XGBoost,Prediction,Future
2026-01-24,P002,1.0,XGBoost,Prediction,Future
2026-01-25,P002,1.0,XGBoost,Prediction,Future
2026-01-26,P002,2.0,XGBoost,Prediction,Future
2026-01-27,P002,2.0,XGBoost,Prediction,Future
2026-01-28,P002,2.0,XGBoost,Prediction,Future
2026-01-29,P002,1.0,XGBoost,Prediction,Future
2026-01-30,P002,2.0,XGBoost,Prediction,Future
2026-01-01,P003,2.0,XGBoost,Prediction,Future
2026-01-02,P003,2.0,XGBoost,Prediction,Future
2026-01-03,P003,2.0,XGBoost,Prediction,Future
2026-01-04,P003,1.0,XGBoost,Prediction,Future
2026-01-05,P003,1.0,XGBoost,Prediction,Future
2026-01-06,P003,2.0,XGBoost,Prediction,Future
2026-01-07,P003,1.0,XGBoost,Prediction,Future
2026-01-08,P003,1.0,XGBoost,Prediction,Future
2026-01-09,P003,1.0,XGBoost,Prediction,Future
2026-01-10,P003,0.0,XGBoost,Prediction,Future
2026-01-11,P003,1.0,XGBoost,Prediction,Future
2026-01-12,P003,0.0,XGBoost,Prediction,Future
2026-01-13,P003,1.0,XGBoost,Prediction,Future
2026-01-14,P003,1.0,XGBoost,Prediction,Future
2026-01-15,P003,1.0,XGBoost,Prediction,Future
2026-01-16,P003,1.0,XGBoost,Prediction,Future
2026-01-17,P003,1.0,XGBoost,Prediction,Future
2026-01-18,P003,1.0,XGBoost,Prediction,Future
2026-01-19,P003,1.0,XGBoost,Prediction,Future
2026-01-20,P003,1.0,XGBoost,Prediction,Future
2026-01-21,P003,1.0,XGBoost,Prediction,Future
2026-01-22,P003,1.0,XGBoost,Prediction,Future
2026-01-23,P003,1.0,XGBoost,Prediction,Future
2026-01-24,P003,1.0,XGBoost,Prediction,Future
2026-01-25,P003,1.0,XGBoost,Prediction,Future
2026-01-26,P003,1.0,XGBoost,Prediction,Future
2026-01-27,P003,1.0,XGBoost,Prediction,Future
2026-01-28,P003,1.0,XGBoost,Prediction,Future
2026-01-29,P003,1.0,XGBoost,Prediction,Future
2026-01-30,P003,1.0,XGBoost,Prediction,Future
2026-01-01,P004,2.0,XGBoost,Prediction,Future
2026-01-02,P004,3.0,XGBoost,Prediction,Future
2026-01-03,P004,1.0,XGBoost,Prediction,Future
2026-01-04,P004,2.0,XGBoost,Prediction,Future
2026-01-05,P004,2.0,XGBoost,Prediction,Future
2026-01-06,P004,1.0,XGBoost,Prediction,Future
2026-01-07,P004,2.0,XGBoost,Prediction,Future
2026-01-08,P004,2.0,XGBoost,Prediction,Future
2026-01-09,P004,2.0,XGBoost,Prediction,Future
2026-01-10,P004,2.0,XGBoost,Prediction,Future
2026-01-11,P004,2.0,XGBoost,Prediction,Future
2026-01-12,P004,2.0,XGBoost,Prediction,Future
2026-01-13,P004,2.0,XGBoost,Prediction,Future
2026-01-14,P004,1.0,XGBoost,Prediction,Future
2026-01-15,P004,2.0,XGBoost,Prediction,Future
2026-01-16,P004,1.0,XGBoost,Prediction,Future
2026-01-17,P004,1.0,XGBoost,Prediction,Future
2026-01-18,P004,2.0,XGBoost,Prediction,Future
2026-01-19,P004,2.0,XGBoost,Prediction,Future
2026-01-20,P004,2.0,XGBoost,Prediction,Future
2026-01-21,P004,2.0,XGBoost,Prediction,Future
2026-01-22,P004,2.0,XGBoost,Prediction,Future
2026-01-23,P004,2.0,XGBoost,Prediction,Future
2026-01-24,P004,2.0,XGBoost,Prediction,Future
2026-01-25,P004,2.0,XGBoost,Prediction,Future
2026-01-26,P004,2.0,XGBoost,Prediction,Future
2026-01-27,P004,2.0,XGBoost,Prediction,Future
2026-01-28,P004,2.0,XGBoost,Prediction,Future
2026-01-29,P004,2.0,XGBoost,Prediction,Future
2026-01-30,P004,2.0,XGBoost,Prediction,Future
2026-01-01,P005,1.0,XGBoost,Prediction,Future
2026-01-02,P005,1.0,XGBoost,Prediction,Future
2026-01-03,P005,2.0,XGBoost,Prediction,Future
2026-01-04,P005,2.0,XGBoost,Prediction,Future
2026-01-05,P005,1.0,XGBoost,Prediction,Future
2026-01-06,P005,2.0,XGBoost,Prediction,Future
2026-01-07,P005,2.0,XGBoost,Prediction,Future
2026-01-08,P005,1.0,XGBoost,Prediction,Future
2026-01-09,P005,1.0,XGBoost,Prediction,Future
2026-01-10,P005,1.0,XGBoost,Prediction,Future
2026-01-11,P005,1.0,XGBoost,Prediction,Future
2026-01-12,P005,1.0,XGBoost,Prediction,Future
2026-01-13,P005,1.0,XGBoost,Prediction,Future
2026-01-14,P005,1.0,XGBoost,Prediction,Future
2026-01-15,P005,1.0,XGBoost,Prediction,Future
2026-01-16,P005,1.0,XGBoost,Prediction,Future
2026-01-17,P005,1.0,XGBoost,Prediction,Future
2026-01-18,P005,1.0,XGBoost,Prediction,Future
2026-01-19,P005,1.0,XGBoost,Prediction,Future
2026-01-20,P005,1.0,XGBoost,Prediction,Future
2026-01-21,P005,1.0,XGBoost,Prediction,Future
2026-01-22,P005,1.0,XGBoost,Prediction,Future
2026-01-23,P005,1.0,XGBoost,Prediction,Future
2026-01-24,P005,1.0,XGBoost,Prediction,Future
2026-01-25,P005,2.0,XGBoost,Prediction,Future
2026-01-26,P005,2.0,XGBoost,Prediction,Future
2026-01-27,P005,2.0,XGBoost,Prediction,Future
2026-01-28,P005,1.0,XGBoost,Prediction,Future
2026-01-29,P005,1.0,XGBoost,Prediction,Future
2026-01-30,P005,1.0,XGBoost,Prediction,Future
2026-01-01,P006,1.0,XGBoost,Prediction,Future
2026-01-02,P006,1.0,XGBoost,Prediction,Future
2026-01-03,P006,1.0,XGBoost,Prediction,Future
2026-01-04,P006,1.0,XGBoost,Prediction,Future
2026-01-05,P006,1.0,XGBoost,Prediction,Future
2026-01-06,P006,1.0,XGBoost,Prediction,Future
2026-01-07,P006,1.0,XGBoost,Prediction,Future
2026-01-08,P006,1.0,XGBoost,Prediction,Future
2026-01-09,P006,1.0,XGBoost,Prediction,Future
2026-01-10,P006,1.0,XGBoost,Prediction,Future
2026-01-11,P006,1.0,XGBoost,Prediction,Future
2026-01-12,P006,1.0,XGBoost,Prediction,Future
2026-01-13,P006,1.0,XGBoost,Prediction,Future
2026-01-14,P006,1.0,XGBoost,Prediction,Future
2026-01-15,P006,1.0,XGBoost,Prediction,Future
2026-01-16,P006,1.0,XGBoost,Prediction,Future
2026-01-17,P006,1.0,XGBoost,Prediction,Future
2026-01-18,P006,1.0,XGBoost,Prediction,Future
2026-01-19,P006,1.0,XGBoost,Prediction,Future
2026-01-20,P006,1.0,XGBoost,Prediction,Future
2026-01-21,P006,1.0,XGBoost,Prediction,Future
2026-01-22,P006,1.0,XGBoost,Prediction,Future
2026-01-23,P006,1.0,XGBoost,Prediction,Future
2026-01-24,P006,1.0,XGBoost,Prediction,Future
2026-01-25,P006,1.0,XGBoost,Prediction,Future
2026-01-26,P006,1.0,XGBoost,Prediction,Future
2026-01-27,P006,1.0,XGBoost,Prediction,Future
2026-01-28,P006,1.0,XGBoost,Prediction,Future
2026-01-29,P006,1.0,XGBoost,Prediction,Future
2026-01-30,P006,1.0,XGBoost,Prediction,Future
2026-01-01,P007,1.0,XGBoost,Prediction,Future
2026-01-02,P007,3.0,XGBoost,Prediction,Future
2026-01-03,P007,2.0,XGBoost,Prediction,Future
2026-01-04,P007,2.0,XGBoost,Prediction,Future
2026-01-05,P007,2.0,XGBoost,Prediction,Future
2026-01-06,P007,2.0,XGBoost,Prediction,Future
2026-01-07,P007,2.0,XGBoost,Prediction,Future
2026-01-08,P007,1.0,XGBoost,Prediction,Future
2026-01-09,P007,2.0,XGBoost,Prediction,Future
2026-01-10,P007,1.0,XGBoost,Prediction,Future
2026-01-11,P007,1.0,XGBoost,Prediction,Future
2026-01-12,P007,2.0,XGBoost,Prediction,Future
2026-01-13,P007,1.0,XGBoost,Prediction,Future
2026-01-14,P007,1.0,XGBoost,Prediction,Future
2026-01-15,P007,2.0,XGBoost,Prediction,Future
2026-01-16,P007,2.0,XGBoost,Prediction,Future
2026-01-17,P007,2.0,XGBoost,Prediction,Future
2026-01-18,P007,2.0,XGBoost,Prediction,Future
2026-01-19,P007,2.0,XGBoost,Prediction,Future
2026-01-20,P007,2.0,XGBoost,Prediction,Future
2026-01-21,P007,1.0,XGBoost,Prediction,Future
2026-01-22,P007,2.0,XGBoost,Prediction,Future
2026-01-23,P007,2.0,XGBoost,Prediction,Future
2026-01-24,P007,1.0,XGBoost,Prediction,Future
2026-01-25,P007,2.0,XGBoost,Prediction,Future
2026-01-26,P007,1.0,XGBoost,Prediction,Future
2026-01-27,P007,2.0,XGBoost,Prediction,Future
2026-01-28,P007,1.0,XGBoost,Prediction,Future
2026-01-29,P007,1.0,XGBoost,Prediction,Future
2026-01-30,P007,2.0,XGBoost,Prediction,Future
2026-01-01,P008,2.0,XGBoost,Prediction,Future
2026-01-02,P008,2.0,XGBoost,Prediction,Future
2026-01-03,P008,2.0,XGBoost,Prediction,Future
2026-01-04,P008,1.0,XGBoost,Prediction,Future
2026-01-05,P008,2.0,XGBoost,Prediction,Future
2026-01-06,P008,2.0,XGBoost,Prediction,Future
2026-01-07,P008,1.0,XGBoost,Prediction,Future
2026-01-08,P008,1.0,XGBoost,Prediction,Future
2026-01-09,P008,1.0,XGBoost,Prediction,Future
2026-01-10,P008,1.0,XGBoost,Prediction,Future
2026-01-11,P008,1.0,XGBoost,Prediction,Future
2026-01-12,P008,1.0,XGBoost,Prediction,Future
2026-01-13,P008,1.0,XGBoost,Prediction,Future
2026-01-14,P008,1.0,XGBoost,Prediction,Future
2026-01-15,P008,1.0,XGBoost,Prediction,Future
2026-01-16,P008,1.0,XGBoost,Prediction,Future
2026-01-17,P008,1.0,XGBoost,Prediction,Future
2026-01-18,P008,1.0,XGBoost,Prediction,Future
2026-01-19,P008,1.0,XGBoost,Prediction,Future
2026-01-20,P008,1.0,XGBoost,Prediction,Future
2026-01-21,P008,1.0,XGBoost,Prediction,Future
2026-01-22,P008,1.0,XGBoost,Prediction,Future
2026-01-23,P008,1.0,XGBoost,Prediction,Future
2026-01-24,P008,2.0,XGBoost,Prediction,Future
2026-01-25,P008,1.0,XGBoost,Prediction,Future
2026-01-26,P008,1.0,XGBoost,Prediction,Future
2026-01-27,P008,1.0,XGBoost,Prediction,Future
2026-01-28,P008,1.0,XGBoost,Prediction,Future
2026-01-29,P008,1.0,XGBoost,Prediction,Future
2026-01-30,P008,1.0,XGBoost,Prediction,Future
2026-01-01,P009,2.0,XGBoost,Prediction,Future
2026-01-02,P009,1.0,XGBoost,Prediction,Future
2026-01-03,P009,2.0,XGBoost,Prediction,Future
2026-01-04,P009,2.0,XGBoost,Prediction,Future
2026-01-05,P009,1.0,XGBoost,Prediction,Future
2026-01-06,P009,1.0,XGBoost,Prediction,Future
2026-01-07,P009,1.0,XGBoost,Prediction,Future
2026-01-08,P009,1.0,XGBoost,Prediction,Future
2026-01-09,P009,1.0,XGBoost,Prediction,Future
2026-01-10,P009,0.0,XGBoost,Prediction,Future
2026-01-11,P009,2.0,XGBoost,Prediction,Future
2026-01-12,P009,1.0,XGBoost,Prediction,Future
2026-01-13,P009,1.0,XGBoost,Prediction,Future
2026-01-14,P009,1.0,XGBoost,Prediction,Future
2026-01-15,P009,1.0,XGBoost,Prediction,Future
2026-01-16,P009,1.0,XGBoost,Prediction,Future
2026-01-17,P009,1.0,XGBoost,Prediction,Future
2026-01-18,P009,1.0,XGBoost,Prediction,Future
2026-01-19,P009,1.0,XGBoost,Prediction,Future
2026-01-20,P009,1.0,XGBoost,Prediction,Future
2026-01-21,P009,1.0,XGBoost,Prediction,Future
2026-01-22,P009,1.0,XGBoost,Prediction,Future
2026-01-23,P009,1.0,XGBoost,Prediction,Future
2026-01-24,P009,1.0,XGBoost,Prediction,Future
2026-01-25,P009,1.0,XGBoost,Prediction,Future
2026-01-26,P009,1.0,XGBoost,Prediction,Future
2026-01-27,P009,1.0,XGBoost,Prediction,Future
2026-01-28,P009,1.0,XGBoost,Prediction,Future
2026-01-29,P009,1.0,XGBoost,Prediction,Future
2026-01-30,P009,1.0,XGBoost,Prediction,Future
2026-01-01,P010,2.0,XGBoost,Prediction,Future
2026-01-02,P010,1.0,XGBoost,Prediction,Future
2026-01-03,P010,2.0,XGBoost,Prediction,Future
2026-01-04,P010,1.0,XGBoost,Prediction,Future
2026-01-05,P010,1.0,XGBoost,Prediction,Future
2026-01-06,P010,2.0,XGBoost,Prediction,Future
2026-01-07,P010,2.0,XGBoost,Prediction,Future
2026-01-08,P010,1.0,XGBoost,Prediction,Future
2026-01-09,P010,1.0,XGBoost,Prediction,Future
2026-01-10,P010,1.0,XGBoost,Prediction,Future
2026-01-11,P010,1.0,XGBoost,Prediction,Future
2026-01-12,P010,1.0,XGBoost,Prediction,Future
2026-01-13,P010,1.0,XGBoost,Prediction,Future
2026-01-14,P010,1.0,XGBoost,Prediction,Future
2026-01-15,P010,1.0,XGBoost,Prediction,Future
2026-01-16,P010,1.0,XGBoost,Prediction,Future
2026-01-17,P010,1.0,XGBoost,Prediction,Future
2026-01-18,P010,1.0,XGBoost,Prediction,Future
2026-01-19,P010,1.0,XGBoost,Prediction,Future
2026-01-20,P010,1.0,XGBoost,Prediction,Future
2026-01-21,P010,1.0,XGBoost,Prediction,Future
2026-01-22,P010,1.0,XGBoost,Prediction,Future
2026-01-23,P010,1.0,XGBoost,Prediction,Future
2026-01-24,P010,1.0,XGBoost,Prediction,Future
2026-01-25,P010,1.0,XGBoost,Prediction,Future
2026-01-26,P010,1.0,XGBoost,Prediction,Future
2026-01-27,P010,1.0,XGBoost,Prediction,Future
2026-01-28,P010,1.0,XGBoost,Prediction,Future
2026-01-29,P010,1.0,XGBoost,Prediction,Future
2026-01-30,P010,1.0,XGBoost,Prediction,Future
2026-01-01,P011,1.0,XGBoost,Prediction,Future
2026-01-02,P011,2.0,XGBoost,Prediction,Future
2026-01-03,P011,2.0,XGBoost,Prediction,Future
2026-01-04,P011,2.0,XGBoost,Prediction,Future
2026-01-05,P011,1.0,XGBoost,Prediction,Future
2026-01-06,P011,1.0,XGBoost,Prediction,Future
2026-01-07,P011,1.0,XGBoost,Prediction,Future
2026-01-08,P011,1.0,XGBoost,Prediction,Future
2026-01-09,P011,1.0,XGBoost,Prediction,Future
2026-01-10,P011,1.0,XGBoost,Prediction,Future
2026-01-11,P011,1.0,XGBoost,Prediction,Future
2026-01-12,P011,1.0,XGBoost,Prediction,Future
2026-01-13,P011,1.0,XGBoost,Prediction,Future
2026-01-14,P011,1.0,XGBoost,Prediction,Future
2026-01-15,P011,1.0,XGBoost,Prediction,Future
2026-01-16,P011,1.0,XGBoost,Prediction,Future
2026-01-17,P011,1.0,XGBoost,Prediction,Future
2026-01-18,P011,1.0,XGBoost,Prediction,Future
2026-01-19,P011,1.0,XGBoost,Prediction,Future
2026-01-20,P011,1.0,XGBoost,Prediction,Future
2026-01-21,P011,1.0,XGBoost,Prediction,Future
2026-01-22,P011,1.0,XGBoost,Prediction,Future
2026-01-23,P011,1.0,XGBoost,Prediction,Future
2026-01-24,P011,1.0,XGBoost,Prediction,Future
2026-01-25,P011,1.0,XGBoost,Prediction,Future
2026-01-26,P011,1.0,XGBoost,Prediction,Future
2026-01-27,P011,1.0,XGBoost,Prediction,Future
2026-01-28,P011,1.0,XGBoost,Prediction,Future
2026-01-29,P011,1.0,XGBoost,Prediction,Future
2026-01-30,P011,1.0,XGBoost,Prediction,Future
2026-01-01,P012,1.0,XGBoost,Prediction,Future
2026-01-02,P012,1.0,XGBoost,Prediction,Future
2026-01-03,P012,2.0,XGBoost,Prediction,Future
2026-01-04,P012,1.0,XGBoost,Prediction,Future
2026-01-05,P012,1.0,XGBoost,Prediction,Future
2026-01-06,P012,2.0,XGBoost,Prediction,Future
2026-01-07,P012,1.0,XGBoost,Prediction,Future
2026-01-08,P012,1.0,XGBoost,Prediction,Future
2026-01-09,P012,1.0,XGBoost,Prediction,Future
2026-01-10,P012,1.0,XGBoost,Prediction,Future
2026-01-11,P012,1.0,XGBoost,Prediction,Future
2026-01-12,P012,1.0,XGBoost,Prediction,Future
2026-01-13,P012,2.0,XGBoost,Prediction,Future
2026-01-14,P012,1.0,XGBoost,Prediction,Future
2026-01-15,P012,1.0,XGBoost,Prediction,Future
2026-01-16,P012,1.0,XGBoost,Prediction,Future
2026-01-17,P012,1.0,XGBoost,Prediction,Future
2026-01-18,P012,1.0,XGBoost,Prediction,Future
2026-01-19,P012,1.0,XGBoost,Prediction,Future
2026-01-20,P012,1.0,XGBoost,Prediction,Future
2026-01-21,P012,1.0,XGBoost,Prediction,Future
2026-01-22,P012,1.0,XGBoost,Prediction,Future
2026-01-23,P012,1.0,XGBoost,Prediction,Future
2026-01-24,P012,1.0,XGBoost,Prediction,Future
2026-01-25,P012,1.0,XGBoost,Prediction,Future
2026-01-26,P012,1.0,XGBoost,Prediction,Future
2026-01-27,P012,1.0,XGBoost,Prediction,Future
2026-01-28,P012,1.0,XGBoost,Prediction,Future
2026-01-29,P012,1.0,XGBoost,Prediction,Future
2026-01-30,P012,1.0,XGBoost,Prediction,Future
2026-01-01,P013,2.0,XGBoost,Prediction,Future
2026-01-02,P013,1.0,XGBoost,Prediction,Future
2026-01-03,P013,1.0,XGBoost,Prediction,Future
2026-01-04,P013,1.0,XGBoost,Prediction,Future
2026-01-05,P013,0.0,XGBoost,Prediction,Future
2026-01-06,P013,1.0,XGBoost,Prediction,Future
2026-01-07,P013,1.0,XGBoost,Prediction,Future
2026-01-08,P013,1.0,XGBoost,Prediction,Future
2026-01-09,P013,1.0,XGBoost,Prediction,Future
2026-01-10,P013,1.0,XGBoost,Prediction,Future
2026-01-11,P013,1.0,XGBoost,Prediction,Future
2026-01-12,P013,1.0,XGBoost,Prediction,Future
2026-01-13,P013,1.0,XGBoost,Prediction,Future
2026-01-14,P013,1.0,XGBoost,Prediction,Future
2026-01-15,P013,1.0,XGBoost,Prediction,Future
2026-01-16,P013,1.0,XGBoost,Prediction,Future
2026-01-17,P013,1.0,XGBoost,Prediction,Future
2026-01-18,P013,1.0,XGBoost,Prediction,Future
2026-01-19,P013,1.0,XGBoost,Prediction,Future
2026-01-20,P013,1.0,XGBoost,Prediction,Future
2026-01-21,P013,1.0,XGBoost,Prediction,Future
2026-01-22,P013,1.0,XGBoost,Prediction,Future
2026-01-23,P013,1.0,XGBoost,Prediction,Future
2026-01-24,P013,1.0,XGBoost,Prediction,Future
2026-01-25,P013,1.0,XGBoost,Prediction,Future
2026-01-26,P013,1.0,XGBoost,Prediction,Future
2026-01-27,P013,1.0,XGBoost,Prediction,Future
2026-01-28,P013,1.0,XGBoost,Prediction,Future
2026-01-29,P013,1.0,XGBoost,Prediction,Future
2026-01-30,P013,1.0,XGBoost,Prediction,Future
2026-01-01,P014,1.0,XGBoost,Prediction,Future
2026-01-02,P014,1.0,XGBoost,Prediction,Future
2026-01-03,P014,1.0,XGBoost,Prediction,Future
2026-01-04,P014,1.0,XGBoost,Prediction,Future
2026-01-05,P014,1.0,XGBoost,Prediction,Future
2026-01-06,P014,1.0,XGBoost,Prediction,Future
2026-01-07,P014,2.0,XGBoost,Prediction,Future
2026-01-08,P014,1.0,XGBoost,Prediction,Future
2026-01-09,P014,2.0,XGBoost,Prediction,Future
2026-01-10,P014,2.0,XGBoost,Prediction,Future
2026-01-11,P014,1.0,XGBoost,Prediction,Future
2026-01-12,P014,1.0,XGBoost,Prediction,Future
2026-01-13,P014,1.0,XGBoost,Prediction,Future
2026-01-14,P014,1.0,XGBoost,Prediction,Future
2026-01-15,P014,1.0,XGBoost,Prediction,Future
2026-01-16,P014,1.0,XGBoost,Prediction,Future
2026-01-17,P014,1.0,XGBoost,Prediction,Future
2026-01-18,P014,1.0,XGBoost,Prediction,Future
2026-01-19,P014,1.0,XGBoost,Prediction,Future
2026-01-20,P014,1.0,XGBoost,Prediction,Future
2026-01-21,P014,1.0,XGBoost,Prediction,Future
2026-01-22,P014,1.0,XGBoost,Prediction,Future
2026-01-23,P014,1.0,XGBoost,Prediction,Future
2026-01-24,P014,1.0,XGBoost,Prediction,Future
2026-01-25,P014,1.0,XGBoost,Prediction,Future
2026-01-26,P014,1.0,XGBoost,Prediction,Future
2026-01-27,P014,1.0,XGBoost,Prediction,Future
2026-01-28,P014,1.0,XGBoost,Prediction,Future
2026-01-29,P014,1.0,XGBoost,Prediction,Future
2026-01-30,P014,1.0,XGBoost,Prediction,Future
2026-01-01,P015,2.0,XGBoost,Prediction,Future
2026-01-02,P015,2.0,XGBoost,Prediction,Future
2026-01-03,P015,2.0,XGBoost,Prediction,Future
2026-01-04,P015,2.0,XGBoost,Prediction,Future
2026-01-05,P015,2.0,XGBoost,Prediction,Future
2026-01-06,P015,1.0,XGBoost,Prediction,Future
2026-01-07,P015,2.0,XGBoost,Prediction,Future
2026-01-08,P015,1.0,XGBoost,Prediction,Future
2026-01-09,P015,2.0,XGBoost,Prediction,Future
2026-01-10,P015,1.0,XGBoost,Prediction,Future
2026-01-11,P015,1.0,XGBoost,Prediction,Future
2026-01-12,P015,2.0,XGBoost,Prediction,Future
2026-01-13,P015,2.0,XGBoost,Prediction,Future
2026-01-14,P015,1.0,XGBoost,Prediction,Future
2026-01-15,P015,2.0,XGBoost,Prediction,Future
2026-01-16,P015,2.0,XGBoost,Prediction,Future
2026-01-17,P015,2.0,XGBoost,Prediction,Future
2026-01-18,P015,1.0,XGBoost,Prediction,Future
2026-01-19,P015,1.0,XGBoost,Prediction,Future
2026-01-20,P015,2.0,XGBoost,Prediction,Future
2026-01-21,P015,1.0,XGBoost,Prediction,Future
2026-01-22,P015,1.0,XGBoost,Prediction,Future
2026-01-23,P015,1.0,XGBoost,Prediction,Future
2026-01-24,P015,1.0,XGBoost,Prediction,Future
2026-01-25,P015,1.0,XGBoost,Prediction,Future
2026-01-26,P015,1.0,XGBoost,Prediction,Future
2026-01-27,P015,1.0,XGBoost,Prediction,Future
2026-01-28,P015,1.0,XGBoost,Prediction,Future
2026-01-29,P015,1.0,XGBoost,Prediction,Future
2026-01-30,P015,2.0,XGBoost,Prediction,Future
2026-01-01,P016,2.0,XGBoost,Prediction,Future
2026-01-02,P016,1.0,XGBoost,Prediction,Future
2026-01-03,P016,2.0,XGBoost,Prediction,Future
2026-01-04,P016,1.0,XGBoost,Prediction,Future
2026-01-05,P016,1.0,XGBoost,Prediction,Future
2026-01-06,P016,1.0,XGBoost,Prediction,Future
2026-01-07,P016,1.0,XGBoost,Prediction,Future
2026-01-08,P016,1.0,XGBoost,Prediction,Future
2026-01-09,P016,1.0,XGBoost,Prediction,Future
2026-01-10,P016,1.0,XGBoost,Prediction,Future
2026-01-11,P016,1.0,XGBoost,Prediction,Future
2026-01-12,P016,1.0,XGBoost,Prediction,Future
2026-01-13,P016,1.0,XGBoost,Prediction,Future
2026-01-14,P016,1.0,XGBoost,Prediction,Future
2026-01-15,P016,1.0,XGBoost,Prediction,Future
2026-01-16,P016,2.0,XGBoost,Prediction,Future
2026-01-17,P016,1.0,XGBoost,Prediction,Future
2026-01-18,P016,1.0,XGBoost,Prediction,Future
2026-01-19,P016,1.0,XGBoost,Prediction,Future
2026-01-20,P016,1.0,XGBoost,Prediction,Future
2026-01-21,P016,2.0,XGBoost,Prediction,Future
2026-01-22,P016,1.0,XGBoost,Prediction,Future
2026-01-23,P016,1.0,XGBoost,Prediction,Future
2026-01-24,P016,1.0,XGBoost,Prediction,Future
2026-01-25,P016,1.0,XGBoost,Prediction,Future
2026-01-26,P016,1.0,XGBoost,Prediction,Future
2026-01-27,P016,1.0,XGBoost,Prediction,Future
2026-01-28,P016,1.0,XGBoost,Prediction,Future
2026-01-29,P016,1.0,XGBoost,Prediction,Future
2026-01-30,P016,1.0,XGBoost,Prediction,Future
2026-01-01,P017,2.0,XGBoost,Prediction,Future
2026-01-02,P017,2.0,XGBoost,Prediction,Future
2026-01-03,P017,2.0,XGBoost,Prediction,Future
2026-01-04,P017,3.0,XGBoost,Prediction,Future
2026-01-05,P017,1.0,XGBoost,Prediction,Future
2026-01-06,P017,1.0,XGBoost,Prediction,Future
2026-01-07,P017,2.0,XGBoost,Prediction,Future
2026-01-08,P017,1.0,XGBoost,Prediction,Future
2026-01-09,P017,1.0,XGBoost,Prediction,Future
2026-01-10,P017,1.0,XGBoost,Prediction,Future
2026-01-11,P017,2.0,XGBoost,Prediction,Future
2026-01-12,P017,2.0,XGBoost,Prediction,Future
2026-01-13,P017,2.0,XGBoost,Prediction,Future
2026-01-14,P017,2.0,XGBoost,Prediction,Future
2026-01-15,P017,2.0,XGBoost,Prediction,Future
2026-01-16,P017,3.0,XGBoost,Prediction,Future
2026-01-17,P017,2.0,XGBoost,Prediction,Future
2026-01-18,P017,2.0,XGBoost,Prediction,Future
2026-01-19,P017,2.0,XGBoost,Prediction,Future
2026-01-20,P017,2.0,XGBoost,Prediction,Future
2026-01-21,P017,2.0,XGBoost,Prediction,Future
2026-01-22,P017,2.0,XGBoost,Prediction,Future
2026-01-23,P017,1.0,XGBoost,Prediction,Future
2026-01-24,P017,2.0,XGBoost,Prediction,Future
2026-01-25,P017,2.0,XGBoost,Prediction,Future
2026-01-26,P017,2.0,XGBoost,Prediction,Future
2026-01-27,P017,2.0,XGBoost,Prediction,Future
2026-01-28,P017,1.0,XGBoost,Prediction,Future
2026-01-29,P017,2.0,XGBoost,Prediction,Future
2026-01-30,P017,2.0,XGBoost,Prediction,Future
2026-01-01,P018,1.0,XGBoost,Prediction,Future
2026-01-02,P018,1.0,XGBoost,Prediction,Future
2026-01-03,P018,2.0,XGBoost,Prediction,Future
2026-01-04,P018,1.0,XGBoost,Prediction,Future
2026-01-05,P018,1.0,XGBoost,Prediction,Future
2026-01-06,P018,1.0,XGBoost,Prediction,Future
2026-01-07,P018,0.0,XGBoost,Prediction,Future
2026-01-08,P018,0.0,XGBoost,Prediction,Future
2026-01-09,P018,1.0,XGBoost,Prediction,Future
2026-01-10,P018,1.0,XGBoost,Prediction,Future
2026-01-11,P018,1.0,XGBoost,Prediction,Future
2026-01-12,P018,1.0,XGBoost,Prediction,Future
2026-01-13,P018,1.0,XGBoost,Prediction,Future
2026-01-14,P018,0.0,XGBoost,Prediction,Future
2026-01-15,P018,1.0,XGBoost,Prediction,Future
2026-01-16,P018,1.0,XGBoost,Prediction,Future
2026-01-17,P018,1.0,XGBoost,Prediction,Future
2026-01-18,P018,1.0,XGBoost,Prediction,Future
2026-01-19,P018,0.0,XGBoost,Prediction,Future
2026-01-20,P018,0.0,XGBoost,Prediction,Future
2026-01-21,P018,1.0,XGBoost,Prediction,Future
2026-01-22,P018,1.0,XGBoost,Prediction,Future
2026-01-23,P018,1.0,XGBoost,Prediction,Future
2026-01-24,P018,0.0,XGBoost,Prediction,Future
2026-01-25,P018,1.0,XGBoost,Prediction,Future
2026-01-26,P018,1.0,XGBoost,Prediction,Future
2026-01-27,P018,1.0,XGBoost,Prediction,Future
2026-01-28,P018,1.0,XGBoost,Prediction,Future
2026-01-29,P018,0.0,XGBoost,Prediction,Future
2026-01-30,P018,1.0,XGBoost,Prediction,Future
2026-01-01,P019,2.0,XGBoost,Prediction,Future
2026-01-02,P019,2.0,XGBoost,Prediction,Future
2026-01-03,P019,2.0,XGBoost,Prediction,Future
2026-01-04,P019,2.0,XGBoost,Prediction,Future
2026-01-05,P019,1.0,XGBoost,Prediction,Future
2026-01-06,P019,2.0,XGBoost,Prediction,Future
2026-01-07,P019,1.0,XGBoost,Prediction,Future
2026-01-08,P019,1.0,XGBoost,Prediction,Future
2026-01-09,P019,1.0,XGBoost,Prediction,Future
2026-01-10,P019,1.0,XGBoost,Prediction,Future
2026-01-11,P019,1.0,XGBoost,Prediction,Future
2026-01-12,P019,1.0,XGBoost,Prediction,Future
2026-01-13,P019,1.0,XGBoost,Prediction,Future
2026-01-14,P019,1.0,XGBoost,Prediction,Future
2026-01-15,P019,1.0,XGBoost,Prediction,Future
2026-01-16,P019,1.0,XGBoost,Prediction,Future
2026-01-17,P019,1.0,XGBoost,Prediction,Future
2026-01-18,P019,1.0,XGBoost,Prediction,Future
2026-01-19,P019,1.0,XGBoost,Prediction,Future
2026-01-20,P019,1.0,XGBoost,Prediction,Future
2026-01-21,P019,1.0,XGBoost,Prediction,Future
2026-01-22,P019,1.0,XGBoost,Prediction,Future
2026-01-23,P019,1.0,XGBoost,Prediction,Future
2026-01-24,P019,1.0,XGBoost,Prediction,Future
2026-01-25,P019,1.0,XGBoost,Prediction,Future
2026-01-26,P019,1.0,XGBoost,Prediction,Future
2026-01-27,P019,1.0,XGBoost,Prediction,Future
2026-01-28,P019,1.0,XGBoost,Prediction,Future
2026-01-29,P019,1.0,XGBoost,Prediction,Future
2026-01-30,P019,1.0,XGBoost,Prediction,Future
2026-01-01,P020,2.0,XGBoost,Prediction,Future
2026-01-02,P020,1.0,XGBoost,Prediction,Future
2026-01-03,P020,2.0,XGBoost,Prediction,Future
2026-01-04,P020,1.0,XGBoost,Prediction,Future
2026-01-05,P020,1.0,XGBoost,Prediction,Future
2026-01-06,P020,1.0,XGBoost,Prediction,Future
2026-01-07,P020,1.0,XGBoost,Prediction,Future
2026-01-08,P020,1.0,XGBoost,Prediction,Future
2026-01-09,P020,1.0,XGBoost,Prediction,Future
2026-01-10,P020,1.0,XGBoost,Prediction,Future
2026-01-11,P020,1.0,XGBoost,Prediction,Future
2026-01-12,P020,1.0,XGBoost,Prediction,Future
2026-01-13,P020,1.0,XGBoost,Prediction,Future
2026-01-14,P020,1.0,XGBoost,Prediction,Future
2026-01-15,P020,1.0,XGBoost,Prediction,Future
2026-01-16,P020,1.0,XGBoost,Prediction,Future
2026-01-17,P020,1.0,XGBoost,Prediction,Future
2026-01-18,P020,1.0,XGBoost,Prediction,Future
2026-01-19,P020,1.0,XGBoost,Prediction,Future
2026-01-20,P020,1.0,XGBoost,Prediction,Future
2026-01-21,P020,1.0,XGBoost,Prediction,Future
2026-01-22,P020,1.0,XGBoost,Prediction,Future
2026-01-23,P020,1.0,XGBoost,Prediction,Future
2026-01-24,P020,1.0,XGBoost,Prediction,Future
2026-01-25,P020,1.0,XGBoost,Prediction,Future
2026-01-26,P020,1.0,XGBoost,Prediction,Future
2026-01-27,P020,1.0,XGBoost,Prediction,Future
2026-01-28,P020,1.0,XGBoost,Prediction,Future
2026-01-29,P020,1.0,XGBoost,Prediction,Future
2026-01-30,P020,1.0,XGBoost,Prediction,Future
