detail_id,order_id,product_id,quantity,unit_price,discount_rate,line_total
DTL000079,ORD00021,PRD001,1,39865,0,39865
DTL000090,ORD00024,PRD001,3,39865,0.04234417344173442,114530
DTL000128,ORD00033,PRD001,1,39865,0,39865
DTL000145,ORD00039,PRD001,4,39865,0,159460
DTL000150,ORD00040,PRD001,1,39865,0,39865
DTL000159,ORD00043,PRD001,2,39865,0,79730
DTL000173,ORD00046,PRD001,1,39865,0,39865
DTL000179,ORD00048,PRD001,5,39865,0,199325
DTL000215,ORD00056,PRD001,1,39865,0,39865
DTL000241,ORD00064,PRD001,2,39865,0.05815080441946113,75093
DTL000246,ORD00065,PRD001,3,39865,0,119595
DTL000291,ORD00080,PRD001,1,39865,0,39865
DTL000303,ORD00083,PRD001,3,39865,0,119595
DTL000327,ORD00089,PRD001,1,39865,0,39865
DTL000381,ORD00103,PRD001,1,39865,0.1234821979831241,34942
DTL000382,ORD00103,PRD001,2,39865,0,79730
DTL000419,ORD00111,PRD001,1,39865,0,39865
DTL000468,ORD00124,PRD001,1,39865,0,39865
DTL000472,ORD00125,PRD001,2,39865,0,79730
DTL000493,ORD00131,PRD001,2,39865,0,79730
DTL000497,ORD00132,PRD001,1,39865,0,39865
DTL000502,ORD00134,PRD001,2,39865,0,79730
DTL000536,ORD00141,PRD001,2,39865,0,79730
DTL000564,ORD00149,PRD001,1,39865,0.22426553038797936,30924
DTL000575,ORD00151,PRD001,2,39865,0.10082677959265982,71691
DTL000576,ORD00152,PRD001,3,39865,0.061061244428161444,112292
DTL000638,ORD00167,PRD001,2,39865,0,79730
DTL000641,ORD00168,PRD001,2,39865,0,79730
DTL000690,ORD00180,PRD001,2,39865,0.038030043734550295,76697
DTL000695,ORD00181,PRD001,1,39865,0,39865
DTL000696,ORD00181,PRD001,3,39865,0,119595
DTL000702,ORD00182,PRD001,2,39865,0,79730
DTL000704,ORD00182,PRD001,2,39865,0.05815080441946113,75093
DTL000742,ORD00193,PRD001,5,39865,0,199325
DTL000749,ORD00195,PRD001,5,39865,0,199325
DTL000786,ORD00205,PRD001,4,39865,0,159460
DTL000817,ORD00213,PRD001,1,39865,0,39865
DTL000841,ORD00220,PRD001,1,39865,0.0790670092903736,36712
DTL000877,ORD00230,PRD001,1,39865,0.22426553038797936,30924
DTL000928,ORD00242,PRD001,1,39865,0.0790670092903736,36712
DTL000950,ORD00248,PRD001,3,39865,0,119595
DTL000968,ORD00252,PRD001,1,39865,0,39865
DTL000983,ORD00256,PRD001,2,39865,0,79730
DTL001007,ORD00262,PRD001,4,39865,0.018660197798096658,156484
DTL001027,ORD00268,PRD001,3,39865,0,119595
DTL001041,ORD00271,PRD001,1,39865,0.1234821979831241,34942
DTL001042,ORD00271,PRD001,1,39865,0.22426553038797936,30924
DTL001049,ORD00273,PRD001,1,39865,0,39865
DTL001078,ORD00282,PRD001,3,39865,0,119595
DTL001141,ORD00295,PRD001,1,39865,0,39865
DTL001177,ORD00304,PRD001,3,39865,0,119595
DTL001187,ORD00306,PRD001,2,39865,0,79730
DTL001246,ORD00322,PRD001,2,39865,0,79730
DTL001260,ORD00324,PRD001,3,39865,0,119595
DTL001261,ORD00325,PRD001,2,39865,0,79730
DTL001265,ORD00325,PRD001,1,39865,0,39865
DTL001345,ORD00347,PRD001,1,39865,0,39865
DTL001350,ORD00349,PRD001,3,39865,0.02503598923452463,116600
DTL001357,ORD00351,PRD001,4,39865,0,159460
DTL001379,ORD00358,PRD001,3,39865,0,119595
DTL001384,ORD00358,PRD001,3,39865,0,119595
DTL001386,ORD00359,PRD001,1,39865,0,39865
DTL001388,ORD00359,PRD001,2,39865,0,79730
DTL001393,ORD00360,PRD001,1,39865,0,39865
DTL001478,ORD00384,PRD001,0,39865,0,0
DTL001492,ORD00388,PRD001,1,39865,0,39865
DTL001525,ORD00397,PRD001,2,39865,0.05815080441946113,75093
DTL001537,ORD00400,PRD001,2,39865,0.10082677959265982,71691
DTL001555,ORD00405,PRD001,1,39865,0.038030043734550295,38348
DTL001558,ORD00405,PRD001,1,39865,0,39865
DTL001587,ORD00415,PRD001,1,39865,0,39865
DTL001656,ORD00432,PRD001,1,39865,0,39865
DTL001722,ORD00447,PRD001,2,39865,0,79730
DTL001733,ORD00450,PRD001,5,39865,0,199325
DTL001753,ORD00454,PRD001,4,39865,0.028253908457336597,154954
DTL001755,ORD00455,PRD001,4,39865,0.018660197798096658,156484
DTL001778,ORD00461,PRD001,3,39865,0,119595
DTL001785,ORD00462,PRD001,5,39865,0.014872652909462726,196360
DTL001813,ORD00470,PRD001,1,39865,0,39865
DTL001844,ORD00477,PRD001,1,39865,0,39865
DTL001846,ORD00477,PRD001,4,39865,0,159460
DTL001861,ORD00481,PRD001,1,39865,0,39865
DTL001886,ORD00487,PRD001,2,39865,0,79730
DTL001900,ORD00491,PRD001,5,39865,0,199325
DTL001906,ORD00493,PRD001,1,39865,0,39865
DTL001929,ORD00500,PRD001,1,39865,0,39865
DTL001936,ORD00503,PRD001,3,39865,0,119595
DTL001956,ORD00508,PRD001,1,39865,0,39865
DTL001974,ORD00512,PRD001,2,39865,0,79730
DTL001990,ORD00517,PRD001,4,39865,0,159460
DTL002016,ORD00524,PRD001,2,39865,0.038030043734550295,76697
DTL002088,ORD00542,PRD001,2,39865,0,79730
DTL002140,ORD00557,PRD001,2,39865,0,79730
DTL002157,ORD00561,PRD001,1,39865,0.038030043734550295,38348
DTL002215,ORD00577,PRD001,2,39865,0.05815080441946113,75093
DTL002257,ORD00587,PRD001,1,39865,0,39865
DTL002300,ORD00597,PRD001,1,39865,0.0790670092903736,36712
DTL002305,ORD00598,PRD001,2,39865,0.10170870626525631,71620
DTL002324,ORD00604,PRD001,1,39865,0,39865
DTL002328,ORD00606,PRD001,1,39865,-0.15482272797646696,46037
DTL002346,ORD00610,PRD001,4,39865,0,159460
DTL002352,ORD00613,PRD001,1,39865,0,39865
DTL002356,ORD00614,PRD001,0,39865,0,0
DTL002382,ORD00621,PRD001,2,39865,0,79730
DTL002392,ORD00624,PRD001,1,39865,0,39865
DTL002403,ORD00626,PRD001,1,39865,0.1234821979831241,34942
DTL002410,ORD00628,PRD001,1,39865,0,39865
DTL002429,ORD00633,PRD001,1,39865,0.1234821979831241,34942
DTL002450,ORD00639,PRD001,1,39865,0,39865
DTL002469,ORD00643,PRD001,3,39865,0,119595
DTL002488,ORD00648,PRD001,1,39865,0,39865
DTL002500,ORD00651,PRD001,2,39865,0,79730
DTL002503,ORD00652,PRD001,1,39865,0.22426553038797936,30924
DTL002509,ORD00653,PRD001,1,39865,0.038030043734550295,38348
DTL002633,ORD00685,PRD001,5,39865,0,199325
DTL002635,ORD00686,PRD001,2,39865,0.05815080441946113,75093
DTL002648,ORD00689,PRD001,3,39865,0.038030043734550295,115046
DTL002660,ORD00692,PRD001,1,39865,0,39865
DTL002666,ORD00694,PRD001,0,39865,0,0
DTL002676,ORD00696,PRD001,1,39865,0,39865
DTL002707,ORD00705,PRD001,1,39865,0.1234821979831241,34942
DTL002712,ORD00706,PRD001,2,39865,0,79730
DTL002719,ORD00708,PRD001,1,39865,0.22426553038797936,30924
DTL002739,ORD00713,PRD001,2,39865,0,79730
DTL002754,ORD00716,PRD001,2,39865,0,79730
DTL002794,ORD00726,PRD001,1,39865,0.0790670092903736,36712
DTL002837,ORD00737,PRD001,2,39865,0,79730
DTL002874,ORD00747,PRD001,2,39865,0,79730
DTL002880,ORD00748,PRD001,3,39865,0.02503598923452463,116600
DTL002915,ORD00756,PRD001,3,39865,0,119595
DTL002948,ORD00765,PRD001,2,39865,0.05815080441946113,75093
DTL002972,ORD00772,PRD001,3,39865,0,119595
DTL002977,ORD00774,PRD001,5,39865,0,199325
DTL002985,ORD00776,PRD001,2,39865,0.018660197798096658,78242
DTL003000,ORD00780,PRD001,2,39865,0,79730
DTL003038,ORD00790,PRD001,1,39865,0.1234821979831241,34942
DTL003042,ORD00793,PRD001,1,39865,0.0790670092903736,36712
DTL003063,ORD00798,PRD001,3,39865,0,119595
DTL003107,ORD00811,PRD001,2,39865,0,79730
DTL003108,ORD00811,PRD001,1,39865,0.038030043734550295,38348
DTL003113,ORD00813,PRD001,1,39865,0,39865
DTL003125,ORD00817,PRD001,2,39865,0.018660197798096658,78242
DTL003135,ORD00819,PRD001,5,39865,0,199325
DTL003178,ORD00832,PRD001,1,39865,0.038030043734550295,38348
DTL003184,ORD00833,PRD001,0,39865,0,0
DTL003186,ORD00834,PRD001,3,39865,0,119595
DTL003191,ORD00835,PRD001,1,39865,0,39865
DTL003198,ORD00836,PRD001,2,39865,0.018660197798096658,78242
DTL003203,ORD00838,PRD001,1,39865,0,39865
DTL003212,ORD00840,PRD001,1,39865,0.0790670092903736,36712
DTL003252,ORD00849,PRD001,1,39865,0.22426553038797936,30924
DTL003265,ORD00852,PRD001,1,39865,0,39865
DTL003272,ORD00854,PRD001,1,39865,0.1234821979831241,34942
DTL003274,ORD00855,PRD001,1,39865,0,39865
DTL003282,ORD00856,PRD001,1,39865,0,39865
DTL003307,ORD00863,PRD001,3,39865,0,119595
DTL003316,ORD00865,PRD001,2,39865,0.05815080441946113,75093
DTL003317,ORD00865,PRD001,1,39865,0,39865
DTL003362,ORD00875,PRD001,3,39865,0.06503219093451258,111817
DTL003370,ORD00877,PRD001,2,39865,0,79730
DTL003368,ORD00877,PRD001,1,39865,0,39865
DTL003412,ORD00889,PRD001,1,39865,0,39865
DTL003445,ORD00897,PRD001,1,39865,0,39865
DTL003450,ORD00898,PRD001,1,39865,0.1234821979831241,34942
DTL003468,ORD00904,PRD001,1,39865,0,39865
DTL003506,ORD00915,PRD001,1,39865,0,39865
DTL003528,ORD00920,PRD001,3,39865,0,119595
DTL003548,ORD00925,PRD001,1,39865,0,39865
DTL003581,ORD00933,PRD001,2,39865,0,79730
DTL003583,ORD00933,PRD001,3,39865,0.038030043734550295,115046
DTL003615,ORD00943,PRD001,3,39865,0,119595
DTL003645,ORD00952,PRD001,4,39865,0.04799385678633135,151806
DTL003655,ORD00953,PRD001,2,39865,0,79730
DTL003666,ORD00957,PRD001,3,39865,0.02503598923452463,116600
DTL003668,ORD00957,PRD001,1,39865,0,39865
DTL003682,ORD00960,PRD001,4,39865,0.018660197798096658,156484
DTL003690,ORD00962,PRD001,1,39865,0,39865
DTL003701,ORD00964,PRD001,1,39865,0,39865
DTL003707,ORD00965,PRD001,4,39865,0,159460
DTL003715,ORD00968,PRD001,1,39865,0,39865
DTL003750,ORD00977,PRD001,4,39865,0,159460
DTL003754,ORD00977,PRD001,0,39865,0,0
DTL003809,ORD00990,PRD001,3,39865,0,119595
DTL003818,ORD00992,PRD001,2,39865,0,79730
DTL003826,ORD00994,PRD001,1,39865,0,39865
DTL003840,ORD00998,PRD001,5,39865,0,199325
DTL003835,ORD00997,PRD002,2,30547,0,61094
DTL003792,ORD00986,PRD002,4,30547,0,122188
DTL003794,ORD00987,PRD002,1,30547,0,30547
DTL003761,ORD00979,PRD002,1,30547,0.0338443835245541,29513
DTL003727,ORD00972,PRD002,1,30547,0.10890478091988239,27220
DTL003691,ORD00962,PRD002,2,30547,0.0891360929867722,55648
DTL003695,ORD00963,PRD002,4,30547,0,122188
DTL003675,ORD00959,PRD002,1,30547,0,30547
DTL003663,ORD00956,PRD002,1,30547,0.19571769679414414,24568
DTL003610,ORD00941,PRD002,3,30547,0,91641
DTL003602,ORD00939,PRD002,2,30547,0,61094
DTL003585,ORD00934,PRD002,1,30547,0,30547
DTL003569,ORD00930,PRD002,3,30547,0,91641
DTL003538,ORD00923,PRD002,4,30547,0,122188
DTL003499,ORD00913,PRD002,5,30547,0,152735
DTL003491,ORD00911,PRD002,3,30547,0,91641
DTL003354,ORD00874,PRD002,1,30547,0,30547
DTL003356,ORD00874,PRD002,2,30547,0.0891360929867722,55648
DTL003326,ORD00867,PRD002,3,30547,0,91641
DTL003283,ORD00856,PRD002,3,30547,0,91641
DTL003263,ORD00852,PRD002,3,30547,0,91641
DTL003245,ORD00848,PRD002,2,30547,0,61094
DTL003214,ORD00841,PRD002,0,28918,0,0
DTL003137,ORD00820,PRD002,1,30547,0,30547
DTL003142,ORD00822,PRD002,1,30547,0,30547
DTL003164,ORD00828,PRD002,2,30547,0,61094
DTL003117,ORD00815,PRD002,1,30547,0.0338443835245541,29513
DTL003081,ORD00805,PRD002,2,30547,0.05164044479636451,57939
DTL003082,ORD00805,PRD002,2,30547,0,61094
DTL003093,ORD00808,PRD002,2,30547,0,61094
DTL003053,ORD00796,PRD002,1,30547,0,30547
DTL003055,ORD00797,PRD002,1,30547,0,30547
DTL003041,ORD00792,PRD002,5,30547,0,152735
DTL002992,ORD00778,PRD002,1,30547,0.10890478091988239,27220
DTL002970,ORD00771,PRD002,1,30547,0,30547
DTL002944,ORD00764,PRD002,4,30547,0,122188
DTL002933,ORD00761,PRD002,3,30547,0,91641
DTL002922,ORD00758,PRD002,3,30547,0.0338443835245541,88539
DTL002898,ORD00752,PRD002,3,30547,0,91641
DTL002899,ORD00753,PRD002,1,30547,0,30547
DTL002844,ORD00739,PRD002,2,30547,0.01664059639897494,60077
DTL002821,ORD00732,PRD002,3,30547,0,91641
DTL002798,ORD00727,PRD002,1,30547,0,30547
DTL002803,ORD00728,PRD002,4,30547,0,122188
DTL002778,ORD00722,PRD002,1,30747,0,30747
DTL002782,ORD00723,PRD002,2,30547,0,61094
DTL002717,ORD00707,PRD002,2,30547,0,61094
DTL002727,ORD00710,PRD002,1,30547,0.19571769679414414,24568
DTL002684,ORD00698,PRD002,1,30547,0,30547
DTL002694,ORD00702,PRD002,3,30547,0,91641
DTL002668,ORD00695,PRD002,5,30547,0,152735
DTL002659,ORD00692,PRD002,3,30547,0,91641
DTL002508,ORD00653,PRD002,3,30547,0,91641
DTL002520,ORD00656,PRD002,1,30547,0,30547
DTL002529,ORD00659,PRD002,5,30547,0,152735
DTL002568,ORD00668,PRD002,4,30547,0,122188
DTL002492,ORD00648,PRD002,1,30547,0,30547
DTL002476,ORD00645,PRD002,1,30547,0,30547
DTL002420,ORD00630,PRD002,1,30547,0,30547
DTL002396,ORD00625,PRD002,1,30547,0.10890478091988239,27220
DTL002375,ORD00620,PRD002,5,30547,0,152735
DTL002308,ORD00600,PRD002,2,30547,0,61094
DTL002263,ORD00589,PRD002,1,30547,0,30547
DTL002246,ORD00584,PRD002,4,30547,0,122188
DTL002252,ORD00585,PRD002,1,30547,0,30547
DTL002266,ORD00590,PRD002,2,30547,0,61094
DTL002274,ORD00592,PRD002,3,30547,0,91641
DTL002214,ORD00577,PRD002,1,30547,0.0338443835245541,29513
DTL002234,ORD00581,PRD002,3,30547,0,91641
DTL002150,ORD00560,PRD002,1,30547,0,30547
DTL002156,ORD00561,PRD002,2,30547,0.0338443835245541,59026
DTL002182,ORD00568,PRD002,1,30547,0.0338443835245541,29513
DTL002203,ORD00574,PRD002,3,30547,0,91641
DTL002092,ORD00543,PRD002,2,30547,0,61094
DTL002076,ORD00539,PRD002,3,30547,0.01103253494555444,90629
DTL002119,ORD00551,PRD002,5,30547,0,152735
DTL002124,ORD00552,PRD002,4,30547,0.025170319159646945,119112
DTL002128,ORD00552,PRD002,1,30547,0,30547
DTL002130,ORD00553,PRD002,3,30547,0.0338443835245541,88539
DTL002041,ORD00529,PRD002,2,30547,0,61094
DTL002053,ORD00532,PRD002,4,30547,0,122188
DTL001986,ORD00516,PRD002,1,30547,0,30547
DTL001975,ORD00513,PRD002,3,30547,0,91641
DTL001977,ORD00513,PRD002,1,30547,0.07005990121553929,28406
DTL001960,ORD00509,PRD002,3,30129,0,90387
DTL001948,ORD00506,PRD002,2,30547,0,61094
DTL001937,ORD00503,PRD002,2,30547,0,61094
DTL001927,ORD00499,PRD002,1,30547,0,30547
DTL001907,ORD00494,PRD002,3,30547,0,91641
DTL001904,ORD00493,PRD002,1,30547,0.07005990121553929,28406
DTL001913,ORD00495,PRD002,3,30547,0,91641
DTL001868,ORD00483,PRD002,2,30547,0,61094
DTL001870,ORD00483,PRD002,5,30547,0,152735
DTL001851,ORD00478,PRD002,1,30547,0,30547
DTL001825,ORD00472,PRD002,1,30547,0.10890478091988239,27220
DTL001807,ORD00467,PRD002,1,30547,0,30547
DTL001793,ORD00464,PRD002,2,30547,0.0891360929867722,55648
DTL001763,ORD00456,PRD002,4,30547,0.01664059639897494,120154
DTL001748,ORD00453,PRD002,2,30547,0.0338443835245541,59026
DTL001727,ORD00448,PRD002,1,30547,-0.061449595968906506,32424
DTL001732,ORD00450,PRD002,2,30547,0.05164044479636451,57939
DTL001652,ORD00431,PRD002,1,30547,0,30547
DTL001675,ORD00437,PRD002,1,30547,0.10890478091988239,27220
DTL001700,ORD00442,PRD002,2,30547,0,61094
DTL001602,ORD00419,PRD002,1,30547,0,30547
DTL001571,ORD00410,PRD002,0,30547,0,0
DTL001573,ORD00411,PRD002,2,30547,0,61094
DTL001575,ORD00411,PRD002,1,30547,0.07005990121553929,28406
DTL001612,ORD00421,PRD002,1,29205,0.19080328181644723,23632
DTL001556,ORD00405,PRD002,0,27796,0,0
DTL001536,ORD00400,PRD002,1,30547,0.07005990121553929,28406
DTL001523,ORD00396,PRD002,1,30547,0,30547
DTL001510,ORD00392,PRD002,5,30547,0,152735
DTL001499,ORD00390,PRD002,1,30547,0,30547
DTL001370,ORD00355,PRD002,1,30547,0.19571769679414414,24568
DTL001397,ORD00362,PRD002,1,30547,0.19571769679414414,24568
DTL001410,ORD00366,PRD002,1,30547,0.10890478091988239,27220
DTL001422,ORD00371,PRD002,2,30547,0,61094
DTL001333,ORD00344,PRD002,2,30547,0,61094
DTL001318,ORD00339,PRD002,1,30547,0.19571769679414414,24568
DTL001230,ORD00318,PRD002,1,30547,0,30547
DTL001208,ORD00311,PRD002,2,30547,0.01664059639897494,60077
DTL001217,ORD00316,PRD002,0,31676,0,0
DTL001218,ORD00316,PRD002,3,30547,0,91641
DTL001170,ORD00302,PRD002,1,30547,0,30547
DTL001071,ORD00280,PRD002,1,30547,0.0338443835245541,29513
DTL001038,ORD00270,PRD002,2,30685,0.08869966294128083,55926
DTL001013,ORD00263,PRD002,1,30547,0.0338443835245541,29513
DTL000995,ORD00259,PRD002,0,30547,0,0
DTL000988,ORD00257,PRD002,1,30547,0.0338443835245541,29513
DTL000974,ORD00254,PRD002,2,30547,0,61094
DTL000948,ORD00248,PRD002,3,30547,0,91641
DTL000930,ORD00242,PRD002,4,30547,0,122188
DTL000904,ORD00236,PRD002,4,30547,0,122188
DTL000875,ORD00229,PRD002,1,30547,0.07005990121553929,28406
DTL000834,ORD00218,PRD002,2,30547,0,61094
DTL000836,ORD00218,PRD002,1,30547,0.0338443835245541,29513
DTL000847,ORD00221,PRD002,4,28611,0,114444
DTL000865,ORD00226,PRD002,1,30547,0,30547
DTL000816,ORD00213,PRD002,4,30547,0,122188
DTL000727,ORD00189,PRD002,3,30547,0.01103253494555444,90629
DTL000729,ORD00190,PRD002,2,30547,0,61094
DTL000735,ORD00192,PRD002,4,30547,0,122188
DTL000656,ORD00173,PRD002,1,30547,0,30547
DTL000659,ORD00173,PRD002,2,30547,0.0338443835245541,59026
DTL000666,ORD00175,PRD002,2,30547,0,61094
DTL000622,ORD00162,PRD002,1,30547,0,30547
DTL000628,ORD00164,PRD002,1,30547,0,30547
DTL000580,ORD00152,PRD002,1,30547,0.0338443835245541,29513
DTL000600,ORD00156,PRD002,1,28311,0,28311
DTL000540,ORD00142,PRD002,1,30547,0.10890478091988239,27220
DTL000525,ORD00139,PRD002,5,30547,0,152735
DTL000494,ORD00131,PRD002,2,30547,0.01664059639897494,60077
DTL000490,ORD00129,PRD002,2,30547,0.0891360929867722,55648
DTL000483,ORD00128,PRD002,2,30547,0.0338443835245541,59026
DTL000476,ORD00126,PRD002,1,30547,0,30547
DTL000430,ORD00114,PRD002,1,30547,0.0338443835245541,29513
DTL000456,ORD00121,PRD002,5,30547,0,152735
DTL000397,ORD00107,PRD002,1,30547,0,30547
DTL000408,ORD00108,PRD002,3,30547,0,91641
DTL000354,ORD00096,PRD002,3,30547,0,91641
DTL000294,ORD00081,PRD002,1,30547,0,30547
DTL000298,ORD00082,PRD002,2,30547,0,61094
DTL000301,ORD00082,PRD002,1,28354,-0.03406690740614567,29319
DTL000238,ORD00063,PRD002,4,30547,0,122188
DTL000265,ORD00072,PRD002,1,30547,0,30547
DTL000148,ORD00039,PRD002,1,30547,0.2123412748970145,24060
DTL000183,ORD00049,PRD002,1,30547,0,30547
DTL000195,ORD00052,PRD002,1,30547,0.19571769679414414,24568
DTL000204,ORD00054,PRD002,2,30547,0,61094
DTL000209,ORD00055,PRD002,1,30547,0.10890478091988239,27220
DTL000134,ORD00035,PRD002,1,30547,0,30547
DTL000124,ORD00033,PRD002,5,30547,0,152735
DTL000104,ORD00027,PRD002,1,30547,0.0338443835245541,29513
DTL000014,ORD00004,PRD002,3,30547,0,91641
DTL000053,ORD00014,PRD002,2,30547,0,61094
DTL000046,ORD00012,PRD003,1,26835,0.12586532410320955,23457
DTL000069,ORD00019,PRD003,4,26835,0,107340
DTL000016,ORD00005,PRD003,4,26460,0,105840
DTL000033,ORD00010,PRD003,2,26835,0,53670
DTL000037,ORD00011,PRD003,3,26835,0,80505
DTL000101,ORD00026,PRD003,1,25892,0,25892
DTL000076,ORD00020,PRD003,1,26835,0.12586532410320955,23457
DTL000133,ORD00035,PRD003,3,26835,0,80505
DTL000138,ORD00037,PRD003,1,26835,0,26835
DTL000203,ORD00053,PRD003,2,26835,0.03870718018192375,51592
DTL000201,ORD00053,PRD003,1,26835,0,26835
DTL000193,ORD00052,PRD003,1,26835,0,26835
DTL000144,ORD00039,PRD003,1,26835,0,26835
DTL000170,ORD00046,PRD003,3,26835,0,80505
DTL000252,ORD00068,PRD003,1,26835,0,26835
DTL000274,ORD00075,PRD003,3,26835,0,80505
DTL000287,ORD00079,PRD003,2,26835,0.03870718018192375,51592
DTL000305,ORD00083,PRD003,1,26835,0,26835
DTL000399,ORD00107,PRD003,2,26835,0,53670
DTL000379,ORD00102,PRD003,5,24197,0,120985
DTL000432,ORD00115,PRD003,4,26835,0,107340
DTL000484,ORD00128,PRD003,1,26835,0,26835
DTL000492,ORD00130,PRD003,3,26835,0,80505
DTL000496,ORD00132,PRD003,3,26835,0,80505
DTL000508,ORD00135,PRD003,2,26835,0.10273268954181221,48156
DTL000510,ORD00135,PRD003,2,26835,0.10273268954181221,48156
DTL000535,ORD00141,PRD003,1,26835,0.03870718018192375,25796
DTL000544,ORD00143,PRD003,2,26835,0,53670
DTL000552,ORD00145,PRD003,1,26835,0,26835
DTL000570,ORD00150,PRD003,1,26835,0,26835
DTL000585,ORD00153,PRD003,1,26835,0,26835
DTL000674,ORD00177,PRD003,5,26835,0,134175
DTL000698,ORD00181,PRD003,1,26835,0,26835
DTL000691,ORD00180,PRD003,2,26835,0,53670
DTL000745,ORD00194,PRD003,2,26835,0,53670
DTL000799,ORD00208,PRD003,1,26835,0,26835
DTL000852,ORD00222,PRD003,4,26835,0,107340
DTL000845,ORD00221,PRD003,2,26835,0,53670
DTL000913,ORD00238,PRD003,3,26835,0,80505
DTL000917,ORD00239,PRD003,2,26835,0,53670
DTL000934,ORD00243,PRD003,3,26835,0.02547608432583912,78454
DTL000921,ORD00240,PRD003,2,26835,0,53670
DTL000949,ORD00248,PRD003,4,26835,0,107340
DTL000952,ORD00248,PRD003,1,26835,0,26835
DTL000938,ORD00245,PRD003,1,26835,0.2289901534234028,20690
DTL000943,ORD00246,PRD003,5,26835,0,134175
DTL000959,ORD00250,PRD003,2,26835,0,53670
DTL000978,ORD00255,PRD003,1,26835,0.12586532410320955,23457
DTL001023,ORD00266,PRD003,3,26835,0,80505
DTL001005,ORD00262,PRD003,2,26835,0,53670
DTL001032,ORD00269,PRD003,2,26835,0,53670
DTL001057,ORD00276,PRD003,1,26835,0.2289901534234028,20690
DTL001058,ORD00276,PRD003,1,26835,0,26835
DTL001064,ORD00278,PRD003,1,26835,0,26835
DTL001130,ORD00293,PRD003,1,26835,0.08053150795248641,24673
DTL001121,ORD00291,PRD003,3,26835,0.03870718018192375,77388
DTL001123,ORD00291,PRD003,3,26835,0,80505
DTL001127,ORD00292,PRD003,3,26835,0,80505
DTL001110,ORD00289,PRD003,2,26835,0.05920663114268798,50492
DTL001155,ORD00298,PRD003,1,26835,0,26835
DTL001219,ORD00316,PRD003,1,26835,0,26835
DTL001204,ORD00310,PRD003,1,26835,0,26835
DTL001186,ORD00306,PRD003,2,26835,0,53670
DTL001199,ORD00309,PRD003,0,26835,0,0
DTL001245,ORD00321,PRD003,4,25244,0.052096357422689005,95715
DTL001307,ORD00336,PRD003,3,26835,0,80505
DTL001305,ORD00336,PRD003,1,26835,0.2289901534234028,20690
DTL001323,ORD00341,PRD003,1,26835,0,26835
DTL001426,ORD00372,PRD003,1,26835,0,26835
DTL001427,ORD00372,PRD003,2,26835,0.05920663114268798,50492
DTL001471,ORD00383,PRD003,3,26835,0,80505
DTL001419,ORD00369,PRD003,1,26835,0.08053150795248641,24673
DTL001430,ORD00373,PRD003,0,26835,0,0
DTL001432,ORD00373,PRD003,1,26835,0,26835
DTL001441,ORD00375,PRD003,1,26835,0,26835
DTL001444,ORD00376,PRD003,1,26835,0.2289901534234028,20690
DTL001449,ORD00377,PRD003,3,26835,0.03870718018192375,77388
DTL001507,ORD00392,PRD003,3,26835,0.02547608432583912,78454
DTL001524,ORD00397,PRD003,4,26835,0,107340
DTL001538,ORD00400,PRD003,3,26835,0,80505
DTL001545,ORD00403,PRD003,1,26835,0,26835
DTL001561,ORD00407,PRD003,2,26835,0.10273268954181221,48156
DTL001614,ORD00421,PRD003,1,26835,0,26835
DTL001607,ORD00420,PRD003,4,26835,0.009403799134850479,106330
DTL001627,ORD00425,PRD003,5,26835,0.022870211549456832,131106
DTL001629,ORD00425,PRD003,1,26835,0,26835
DTL001585,ORD00415,PRD003,2,25545,0.019964064683569576,50070
DTL001591,ORD00416,PRD003,2,26835,0.01898614011771407,52651
DTL001670,ORD00436,PRD003,1,26835,0,26835
DTL001663,ORD00433,PRD003,3,26835,0.012577825294006667,79492
DTL001644,ORD00428,PRD003,1,26835,0,26835
DTL001840,ORD00476,PRD003,4,26835,0,107340
DTL001841,ORD00476,PRD003,4,26835,0,107340
DTL001880,ORD00486,PRD003,1,26835,0,26835
DTL001882,ORD00486,PRD003,4,26835,0,107340
DTL001898,ORD00491,PRD003,1,26835,0.12586532410320955,23457
DTL002061,ORD00535,PRD003,2,26835,0,53670
DTL002034,ORD00528,PRD003,1,26835,0.2289901534234028,20690
DTL002017,ORD00524,PRD003,1,26835,0.2289901534234028,20690
DTL002023,ORD00526,PRD003,1,26835,0,26835
DTL001999,ORD00519,PRD003,1,26835,0,26835
DTL002008,ORD00522,PRD003,3,26835,0,80505
DTL002009,ORD00522,PRD003,5,26835,0.007508916838746011,133167
DTL002113,ORD00549,PRD003,1,26835,0.12586532410320955,23457
DTL002077,ORD00539,PRD003,2,26835,0,53670
DTL002072,ORD00537,PRD003,1,26835,0.2289901534234028,20690
DTL002204,ORD00574,PRD003,3,26835,0,80505
DTL002201,ORD00574,PRD003,2,26835,0,53670
DTL002173,ORD00565,PRD003,3,26835,0,80505
DTL002144,ORD00559,PRD003,1,26835,0,26835
DTL002245,ORD00584,PRD003,2,26835,0,53670
DTL002218,ORD00577,PRD003,2,26835,0.01898614011771407,52651
DTL002349,ORD00611,PRD003,1,26835,0.08053150795248641,24673
DTL002336,ORD00608,PRD003,0,26835,0,0
DTL002334,ORD00607,PRD003,1,26835,0,26835
DTL002368,ORD00617,PRD003,3,24930,0,74790
DTL002467,ORD00643,PRD003,2,26835,0,53670
DTL002493,ORD00649,PRD003,4,26835,0.009403799134850479,106330
DTL002496,ORD00650,PRD003,2,26835,0,53670
DTL002458,ORD00641,PRD003,2,26835,0.03870718018192375,51592
DTL002542,ORD00662,PRD003,1,26835,0.2289901534234028,20690
DTL002544,ORD00662,PRD003,1,26835,0,26835
DTL002554,ORD00665,PRD003,3,26835,0,80505
DTL002524,ORD00658,PRD003,1,26835,0.2289901534234028,20690
DTL002645,ORD00689,PRD003,1,26835,0,26835
DTL002695,ORD00702,PRD003,3,26835,0.03870718018192375,77388
DTL002680,ORD00697,PRD003,2,26835,0.01898614011771407,52651
DTL002703,ORD00704,PRD003,3,26835,0,80505
DTL002630,ORD00684,PRD003,1,26835,0,26835
DTL002625,ORD00683,PRD003,3,26835,0,80505
DTL002577,ORD00671,PRD003,1,26835,0,26835
DTL002599,ORD00676,PRD003,2,26835,0,53670
DTL002604,ORD00677,PRD003,3,26835,0,80505
DTL002606,ORD00677,PRD003,1,26835,0.12586532410320955,23457
DTL002775,ORD00722,PRD003,4,26835,0,107340
DTL002777,ORD00722,PRD003,2,26835,0,53670
DTL002789,ORD00725,PRD003,1,26835,0,26835
DTL002829,ORD00735,PRD003,1,26835,0,26835
DTL002845,ORD00739,PRD003,2,26835,0,53670
DTL002842,ORD00739,PRD003,3,26835,0,80505
DTL002852,ORD00741,PRD003,1,26835,0,26835
DTL002893,ORD00751,PRD003,1,26835,0,26835
DTL002905,ORD00754,PRD003,0,26835,0,0
DTL002906,ORD00754,PRD003,3,26835,0,80505
DTL002916,ORD00756,PRD003,1,26835,0.12586532410320955,23457
DTL002884,ORD00749,PRD003,3,26835,0,80505
DTL002934,ORD00761,PRD003,1,26835,0,26835
DTL002965,ORD00770,PRD003,1,26835,0,26835
DTL002986,ORD00776,PRD003,1,26835,0.12586532410320955,23457
DTL002997,ORD00779,PRD003,1,26835,0,26835
DTL003087,ORD00807,PRD003,1,26835,0.12586532410320955,23457
DTL003129,ORD00818,PRD003,1,26835,0,26835
DTL003155,ORD00825,PRD003,1,26835,0,26835
DTL003204,ORD00838,PRD003,1,26835,0,26835
DTL003171,ORD00830,PRD003,3,26835,0,80505
DTL003215,ORD00841,PRD003,3,26835,0.039732468048473614,77306
DTL003207,ORD00839,PRD003,3,26835,0,80505
DTL003208,ORD00840,PRD003,1,26835,0,26835
DTL003232,ORD00844,PRD003,2,26835,0.05920663114268798,50492
DTL003251,ORD00849,PRD003,1,26835,0.2289901534234028,20690
DTL003261,ORD00852,PRD003,1,26835,0,26835
DTL003287,ORD00857,PRD003,1,26835,0,26835
DTL003309,ORD00863,PRD003,2,26835,0,53670
DTL003320,ORD00865,PRD003,1,26835,0,26835
DTL003321,ORD00866,PRD003,3,26835,0,80505
DTL003338,ORD00871,PRD003,1,26835,0.03870718018192375,25796
DTL003365,ORD00876,PRD003,1,26835,0,26835
DTL003405,ORD00887,PRD003,1,26835,0,26835
DTL003397,ORD00885,PRD003,5,24666,0,123330
DTL003402,ORD00886,PRD003,4,26835,0.02875215641173088,104253
DTL003529,ORD00920,PRD003,3,26835,0.02547608432583912,78454
DTL003525,ORD00920,PRD003,0,26835,0,0
DTL003543,ORD00924,PRD003,1,26835,0,26835
DTL003555,ORD00927,PRD003,1,26835,0,26835
DTL003486,ORD00909,PRD003,3,24460,0,73380
DTL003448,ORD00898,PRD003,3,26835,0,80505
DTL003452,ORD00899,PRD003,2,26835,0,53670
DTL003453,ORD00899,PRD003,2,26835,0,53670
DTL003438,ORD00896,PRD003,1,27927,0,27927
DTL003436,ORD00895,PRD003,1,26835,0,26835
DTL003564,ORD00929,PRD003,3,26835,0,80505
DTL003582,ORD00933,PRD003,2,26835,0,53670
DTL003609,ORD00941,PRD003,3,26835,0,80505
DTL003625,ORD00946,PRD003,2,26835,0.10273268954181221,48156
DTL003630,ORD00948,PRD003,2,26835,0,53670
DTL003637,ORD00950,PRD003,1,26835,0,26835
DTL003674,ORD00959,PRD003,1,26835,0,26835
DTL003729,ORD00972,PRD003,1,24784,0,24784
DTL003723,ORD00970,PRD003,2,26835,0,53670
DTL003764,ORD00980,PRD003,2,24388,0,48776
DTL003772,ORD00982,PRD003,2,26835,0,53670
DTL003832,ORD00996,PRD003,1,26835,0,26835
DTL003827,ORD00994,PRD003,2,26835,0,53670
DTL003817,ORD00992,PRD003,4,26835,0,107340
DTL003829,ORD00995,PRD003,1,26835,0.2289901534234028,20690
DTL003822,ORD00993,PRD004,2,25177,0.11024385941703047,44802
DTL003773,ORD00982,PRD004,1,25177,0,25177
DTL003762,ORD00980,PRD004,2,25177,0,50354
DTL003642,ORD00951,PRD004,3,25177,0,75531
DTL003612,ORD00942,PRD004,2,25177,0.11024385941703047,44802
DTL003584,ORD00934,PRD004,1,25177,0.04136162468461761,24135
DTL003588,ORD00935,PRD004,1,25177,0.04136162468461761,24135
DTL003484,ORD00909,PRD004,3,25177,0,75531
DTL003361,ORD00875,PRD004,2,25177,0.11024385941703047,44802
DTL003346,ORD00872,PRD004,4,25177,0,100708
DTL003375,ORD00879,PRD004,1,25177,0,25177
DTL003378,ORD00879,PRD004,2,25177,0,50354
DTL003348,ORD00873,PRD004,1,25177,0.13527528520539298,21771
DTL003293,ORD00859,PRD004,2,25177,0,50354
DTL003237,ORD00846,PRD004,3,25177,0,75531
DTL003200,ORD00837,PRD004,4,25177,0,100708
DTL003153,ORD00825,PRD004,2,25177,0,50354
DTL003144,ORD00823,PRD004,3,25177,0,75531
DTL003128,ORD00817,PRD004,4,25177,0,100708
DTL003134,ORD00819,PRD004,5,25177,0.024413069129674086,122811
DTL003025,ORD00787,PRD004,1,25177,0,25177
DTL003054,ORD00797,PRD004,3,25177,0,75531
DTL002975,ORD00773,PRD004,4,25177,0,100708
DTL002799,ORD00727,PRD004,2,23438,0,46876
DTL002617,ORD00680,PRD004,5,25177,0,125885
DTL002699,ORD00704,PRD004,1,25177,0,25177
DTL002685,ORD00699,PRD004,2,25177,0.06335262068674241,47163
DTL002697,ORD00703,PRD004,1,25177,0,25177
DTL002651,ORD00690,PRD004,0,25177,0,0
DTL002536,ORD00660,PRD004,1,24575,0.2554278416347382,18297
DTL002432,ORD00633,PRD004,4,25177,0,100708
DTL002446,ORD00637,PRD004,2,25177,0,50354
DTL002471,ORD00644,PRD004,2,25177,0.06335262068674241,47163
DTL002391,ORD00624,PRD004,2,25177,0.02026178222636463,49333
DTL002291,ORD00595,PRD004,1,25177,0,25177
DTL002238,ORD00582,PRD004,1,25177,0.0862924450964318,23004
DTL002241,ORD00583,PRD004,5,25177,0,125885
DTL002164,ORD00563,PRD004,1,25177,0,25177
DTL002165,ORD00563,PRD004,1,25177,0,25177
DTL002071,ORD00537,PRD004,2,25177,0,50354
DTL002137,ORD00556,PRD004,4,25177,0,100708
DTL001922,ORD00497,PRD004,4,25177,0,100708
DTL001951,ORD00507,PRD004,1,25177,0,25177
DTL001967,ORD00511,PRD004,1,25177,0,25177
DTL001828,ORD00473,PRD004,2,25177,0,50354
DTL001770,ORD00459,PRD004,2,25177,0.06335262068674241,47163
DTL001665,ORD00434,PRD004,2,25177,0,50354
DTL001693,ORD00440,PRD004,2,25177,0.11024385941703047,44802
DTL001592,ORD00416,PRD004,1,25177,0,25177
DTL001598,ORD00418,PRD004,2,25177,0.02026178222636463,49333
DTL001572,ORD00410,PRD004,3,25177,0,75531
DTL001622,ORD00424,PRD004,4,25177,0,100708
DTL001619,ORD00423,PRD004,3,25177,0,75531
DTL001563,ORD00408,PRD004,5,25177,0,125885
DTL001531,ORD00398,PRD004,1,25177,0,25177
DTL001446,ORD00376,PRD004,2,25177,0,50354
DTL001407,ORD00366,PRD004,2,25177,0,50354
DTL001402,ORD00364,PRD004,3,25177,0,75531
DTL001387,ORD00359,PRD004,2,25177,0,50354
DTL001380,ORD00358,PRD004,2,25177,0,50354
DTL001353,ORD00350,PRD004,1,25177,0,25177
DTL001354,ORD00350,PRD004,3,25177,0,75531
DTL001244,ORD00321,PRD004,1,25177,0,25177
DTL001253,ORD00323,PRD004,2,25177,0,50354
DTL001259,ORD00324,PRD004,4,25177,0.02026178222636463,98667
DTL001202,ORD00310,PRD004,1,25177,0.24780690885661893,18937
DTL001180,ORD00305,PRD004,2,25177,0,50354
DTL001087,ORD00284,PRD004,4,25177,0,100708
DTL001091,ORD00285,PRD004,2,25177,0,50354
DTL001094,ORD00285,PRD004,2,25177,0,50354
DTL001126,ORD00292,PRD004,2,25177,0.11024385941703047,44802
DTL001122,ORD00291,PRD004,1,25177,0,25177
DTL001147,ORD00297,PRD004,2,25177,0,50354
DTL000939,ORD00245,PRD004,4,25177,0,100708
DTL000937,ORD00244,PRD004,2,25177,0.06335262068674241,47163
DTL000893,ORD00234,PRD004,1,25177,0,25177
DTL000746,ORD00195,PRD004,3,25177,0.07089081396832599,70176
DTL000730,ORD00190,PRD004,2,25177,0.06335262068674241,47163
DTL000793,ORD00206,PRD004,1,25177,0,25177
DTL000721,ORD00187,PRD004,1,25177,0,25177
DTL000631,ORD00165,PRD004,2,25177,0.04136162468461761,48271
DTL000567,ORD00149,PRD004,1,25177,0,25177
DTL000388,ORD00104,PRD004,1,25177,0,25177
DTL000308,ORD00084,PRD004,2,25177,0,50354
DTL000299,ORD00082,PRD004,3,25177,0.02719941249269016,73476
DTL000270,ORD00073,PRD004,2,25177,0,50354
DTL000250,ORD00067,PRD004,1,24700,0,24700
DTL000259,ORD00069,PRD004,2,25177,0,50354
DTL000236,ORD00062,PRD004,1,25177,0,25177
DTL000228,ORD00061,PRD004,3,25177,0,75531
DTL000199,ORD00053,PRD004,3,25177,0.01341723578108438,74517
DTL000089,ORD00023,PRD004,1,25177,0,25177
DTL000025,ORD00008,PRD004,2,25177,0.02026178222636463,49333
DTL000058,ORD00016,PRD005,2,21770,0,43540
DTL000052,ORD00014,PRD005,3,21770,0,65310
DTL000132,ORD00035,PRD005,2,21770,0,43540
DTL000213,ORD00056,PRD005,4,21770,0,87080
DTL000230,ORD00061,PRD005,1,21770,0,21770
DTL000317,ORD00087,PRD005,1,21770,0,21770
DTL000413,ORD00109,PRD005,1,21770,0,21770
DTL000437,ORD00116,PRD005,5,21770,0.00927213722763097,107840
DTL000625,ORD00164,PRD005,1,21770,0.04814636494944632,20721
DTL000679,ORD00178,PRD005,2,21770,0.12973533990659056,37891
DTL000772,ORD00202,PRD005,2,21770,0,43540
DTL000759,ORD00198,PRD005,1,21770,0.04814636494944632,20721
DTL001131,ORD00293,PRD005,4,21770,0,87080
DTL001113,ORD00289,PRD005,2,22743,0,45486
DTL001082,ORD00283,PRD005,1,21770,0,21770
DTL001080,ORD00283,PRD005,1,21770,0,21770
DTL001166,ORD00301,PRD005,1,21770,0,21770
DTL001213,ORD00314,PRD005,3,21770,0.015549681231534754,64294
DTL001227,ORD00317,PRD005,1,21770,0,21770
DTL001325,ORD00342,PRD005,2,21770,0.023507287259050307,42516
DTL001312,ORD00338,PRD005,2,21770,0,43540
DTL001404,ORD00364,PRD005,3,21770,0.082904990880451,59895
DTL001475,ORD00384,PRD005,2,21770,0.0740009866798224,40317
DTL001548,ORD00403,PRD005,1,21770,0,21770
DTL001580,ORD00413,PRD005,3,21770,0.015549681231534754,64294
DTL001654,ORD00431,PRD005,2,21770,0.023507287259050307,42516
DTL001636,ORD00427,PRD005,1,21770,0,21770
DTL001649,ORD00430,PRD005,1,21770,0.10116337885685382,19567
DTL001739,ORD00451,PRD005,2,21770,0,43540
DTL002028,ORD00526,PRD005,1,21770,0,21770
DTL002176,ORD00566,PRD005,2,20360,0,40720
DTL002143,ORD00558,PRD005,1,21770,0,21770
DTL002244,ORD00584,PRD005,2,21770,0,43540
DTL002318,ORD00603,PRD005,5,21770,0.018717828731867104,106812
DTL002614,ORD00679,PRD005,2,21770,0,43540
DTL002596,ORD00674,PRD005,1,21770,0,21770
DTL002811,ORD00730,PRD005,1,21770,0,21770
DTL002784,ORD00724,PRD005,1,21770,0,21770
DTL002757,ORD00717,PRD005,2,21770,0,43540
DTL002978,ORD00774,PRD005,2,21770,0.023507287259050307,42516
DTL002947,ORD00765,PRD005,4,21770,0,87080
DTL003047,ORD00794,PRD005,2,21770,0,43540
DTL003004,ORD00781,PRD005,2,21770,0,43540
DTL003149,ORD00824,PRD005,3,21770,0,65310
DTL003332,ORD00869,PRD005,1,21770,0.10116337885685382,19567
DTL003466,ORD00903,PRD005,3,21770,0.082904990880451,59895
DTL003454,ORD00899,PRD005,1,21770,0.15982951518380395,18290
DTL003521,ORD00919,PRD005,3,21770,0,65310
DTL003613,ORD00943,PRD005,4,21770,0.060916179337231965,81775
DTL003779,ORD00983,PRD005,1,21770,0,21770
DTL003784,ORD00985,PRD005,2,21770,0,43540
DTL003745,ORD00976,PRD006,1,23413,0,23413
DTL003709,ORD00966,PRD006,1,23413,0,23413
DTL003847,ORD00999,PRD006,1,23413,0,23413
DTL003664,ORD00956,PRD006,4,23413,0,93652
DTL003558,ORD00927,PRD006,3,23413,0,70239
DTL003325,ORD00867,PRD006,1,23413,0.1469651692548866,19972
DTL003014,ORD00785,PRD006,1,23413,0.09340120487554289,21226
DTL002820,ORD00732,PRD006,2,23413,0,46826
DTL002608,ORD00678,PRD006,3,23413,0,70239
DTL002404,ORD00626,PRD006,3,23413,0,70239
DTL002472,ORD00644,PRD006,3,23413,0.014442727364635538,69224
DTL002478,ORD00645,PRD006,4,23413,0,93652
DTL002270,ORD00591,PRD006,1,23413,0,23413
DTL002056,ORD00533,PRD006,2,23413,0.04461696336947307,44736
DTL001965,ORD00511,PRD006,1,23413,0.2715472763808179,17055
DTL001926,ORD00498,PRD006,2,23413,0,46826
DTL001508,ORD00392,PRD006,2,22556,0.07123860182370821,41898
DTL001063,ORD00278,PRD006,1,23413,0.04461696336947307,22368
DTL001035,ORD00270,PRD006,3,23413,0,70239
DTL001037,ORD00270,PRD006,1,23413,0,23413
DTL000908,ORD00237,PRD006,4,23413,0.03309358866875524,90552
DTL000694,ORD00181,PRD006,1,23413,0.09340120487554289,21226
DTL000685,ORD00179,PRD006,1,23413,0.04461696336947307,22368
DTL000612,ORD00160,PRD006,1,23413,0.04461696336947307,22368
DTL000455,ORD00121,PRD006,0,23413,0,0
DTL000559,ORD00147,PRD006,2,23413,0.04461696336947307,44736
DTL000411,ORD00109,PRD006,1,23413,0,23413
DTL000361,ORD00099,PRD006,2,23413,0.06845251677086661,43620
DTL000286,ORD00079,PRD006,1,22580,0,22580
DTL000247,ORD00066,PRD006,1,23413,0,23413
DTL000184,ORD00049,PRD006,3,23413,0.014442727364635538,69224
DTL000010,ORD00003,PRD006,3,23413,0,70239
DTL000003,ORD00001,PRD007,1,27440,0,27440
DTL000061,ORD00016,PRD007,3,27440,0,82320
DTL000125,ORD00033,PRD007,1,27440,0,27440
DTL000110,ORD00030,PRD007,2,27440,0,54880
DTL000206,ORD00054,PRD007,2,27440,0,54880
DTL000149,ORD00039,PRD007,0,27440,0,0
DTL000222,ORD00059,PRD007,1,27440,0.037821482602118005,26402
DTL000258,ORD00069,PRD007,1,27440,0,27440
DTL000283,ORD00078,PRD007,2,27440,0.05782575173477255,51706
DTL000275,ORD00075,PRD007,2,27440,0,54880
DTL000316,ORD00086,PRD007,4,27440,0,109760
DTL000310,ORD00085,PRD007,4,27440,0.028100412139378046,106675
DTL000364,ORD00099,PRD007,4,27440,0,109760
DTL000380,ORD00103,PRD007,1,26023,0.03996323382488111,24983
DTL000417,ORD00111,PRD007,3,27440,0.012297097884899164,81307
DTL000571,ORD00150,PRD007,1,27440,0,27440
DTL000569,ORD00150,PRD007,1,27440,0,27440
DTL000554,ORD00145,PRD007,2,27440,0.05782575173477255,51706
DTL000453,ORD00120,PRD007,5,27440,0,137200
DTL000445,ORD00117,PRD007,3,27440,0.06466632177961718,76996
DTL000487,ORD00128,PRD007,2,27440,0,54880
DTL000597,ORD00156,PRD007,1,27440,0.22281639928698752,21325
DTL000673,ORD00176,PRD007,2,27440,0,54880
DTL000663,ORD00174,PRD007,3,27440,0.06466632177961718,76996
DTL000848,ORD00221,PRD007,2,27440,0,54880
DTL000839,ORD00219,PRD007,2,27440,0.037821482602118005,52804
DTL000823,ORD00215,PRD007,3,27440,0.012297097884899164,81307
DTL001036,ORD00270,PRD007,4,27440,0,109760
DTL001022,ORD00266,PRD007,1,27440,0.12274959083469722,24071
DTL001055,ORD00276,PRD007,1,26214,0.08259684480052862,24048
DTL001119,ORD00290,PRD007,3,27440,0.024295432458697766,80320
DTL001129,ORD00293,PRD007,1,27440,0,27440
DTL001501,ORD00390,PRD007,2,27440,0,54880
DTL001511,ORD00392,PRD007,1,27440,0,27440
DTL001557,ORD00405,PRD007,2,27440,0.01855976243504083,53861
DTL001497,ORD00389,PRD007,1,27440,0,27440
DTL001490,ORD00387,PRD007,1,27440,0,27440
DTL001687,ORD00439,PRD007,3,27440,0,82320
DTL001682,ORD00438,PRD007,2,27440,0.037821482602118005,52804
DTL001581,ORD00414,PRD007,2,27440,0,54880
DTL001584,ORD00414,PRD007,1,27440,0,27440
DTL001601,ORD00419,PRD007,1,27440,0,27440
DTL001625,ORD00425,PRD007,2,27440,0,54880
DTL001374,ORD00356,PRD007,1,27440,0,27440
DTL001296,ORD00333,PRD007,4,27440,0,109760
DTL001273,ORD00327,PRD007,1,27440,0.12274959083469722,24071
DTL001283,ORD00330,PRD007,0,27440,0,0
DTL001192,ORD00307,PRD007,2,27440,0.01855976243504083,53861
DTL001943,ORD00505,PRD007,2,27440,0.05782575173477255,51706
DTL001991,ORD00518,PRD007,2,27440,0,54880
DTL001903,ORD00493,PRD007,1,27440,0,27440
DTL001887,ORD00487,PRD007,2,27440,0.037821482602118005,52804
DTL001858,ORD00480,PRD007,2,27502,0,55004
DTL001740,ORD00451,PRD007,1,27440,0,27440
DTL001728,ORD00449,PRD007,4,27440,0,109760
DTL001777,ORD00461,PRD007,3,27440,0.0249003984063745,80270
DTL001817,ORD00470,PRD007,1,27440,0,27440
DTL001805,ORD00467,PRD007,2,27440,0,54880
DTL002019,ORD00525,PRD007,1,27440,0,27440
DTL002279,ORD00593,PRD007,3,27440,0,82320
DTL002280,ORD00593,PRD007,1,27440,0.22281639928698752,21325
DTL002248,ORD00584,PRD007,5,27440,0,137200
DTL002229,ORD00580,PRD007,5,27440,0,137200
DTL002451,ORD00639,PRD007,5,27440,0,137200
DTL002516,ORD00655,PRD007,2,27440,0.01855976243504083,53861
DTL002504,ORD00652,PRD007,1,27440,0,27440
DTL002412,ORD00628,PRD007,3,27440,0.012297097884899164,81307
DTL002416,ORD00629,PRD007,2,27440,0,54880
DTL002373,ORD00618,PRD007,3,27440,0,82320
DTL002383,ORD00621,PRD007,2,27440,0,54880
DTL002315,ORD00602,PRD007,2,27440,0,54880
DTL002304,ORD00598,PRD007,2,27440,0,54880
DTL002284,ORD00594,PRD007,3,27440,0.06466632177961718,76996
DTL002289,ORD00594,PRD007,3,27440,0.037821482602118005,79206
DTL002325,ORD00604,PRD007,2,27440,0,54880
DTL002581,ORD00672,PRD007,1,27440,0.12274959083469722,24071
DTL002669,ORD00695,PRD007,1,27440,0.22281639928698752,21325
DTL002664,ORD00693,PRD007,1,27440,0,27440
DTL002687,ORD00700,PRD007,1,27440,0.07861635220125786,25282
DTL002823,ORD00733,PRD007,3,27440,0,82320
DTL002835,ORD00736,PRD007,1,27440,0,27440
DTL002836,ORD00737,PRD007,1,27440,0.037821482602118005,26402
DTL002839,ORD00737,PRD007,4,27440,0,109760
DTL002761,ORD00717,PRD007,3,27440,0,82320
DTL002771,ORD00721,PRD007,5,27440,0,137200
DTL002728,ORD00710,PRD007,2,27440,0.05782575173477255,51706
DTL002731,ORD00711,PRD007,3,27440,0,82320
DTL003009,ORD00782,PRD007,1,27440,0.037821482602118005,26402
DTL003012,ORD00784,PRD007,1,27440,0,27440
DTL002999,ORD00780,PRD007,1,27440,0,27440
DTL003050,ORD00795,PRD007,1,27440,0,27440
DTL002943,ORD00764,PRD007,2,27440,0,54880
DTL002959,ORD00768,PRD007,1,27440,0,27440
DTL002993,ORD00778,PRD007,2,27440,0.01855976243504083,53861
DTL003289,ORD00857,PRD007,1,27440,0.22281639928698752,21325
DTL003399,ORD00885,PRD007,1,27440,0,27440
DTL003383,ORD00881,PRD007,4,27440,0,109760
DTL003384,ORD00881,PRD007,4,27440,0,109760
DTL003140,ORD00821,PRD007,1,27440,0.07861635220125786,25282
DTL003162,ORD00827,PRD007,1,26060,0,26060
DTL003233,ORD00845,PRD007,1,27440,0.2446183953033268,20727
DTL003235,ORD00845,PRD007,1,27440,0,27440
DTL003262,ORD00852,PRD007,1,27440,0,27440
DTL003264,ORD00852,PRD007,1,27440,0.22281639928698752,21325
DTL003269,ORD00853,PRD007,3,27440,0,82320
DTL003509,ORD00916,PRD007,1,27440,0,27440
DTL003500,ORD00913,PRD007,3,27440,0,82320
DTL003633,ORD00948,PRD007,1,27440,0,27440
DTL003696,ORD00963,PRD007,3,27440,0,82320
DTL003624,ORD00946,PRD007,4,27440,0.01855976243504083,107722
DTL003603,ORD00939,PRD007,5,27440,0,137200
DTL003596,ORD00937,PRD007,1,27440,0,27440
DTL003572,ORD00930,PRD007,2,27440,0.037821482602118005,52804
DTL003844,ORD00999,PRD007,2,27440,0.10024057738572574,49378
DTL003708,ORD00965,PRD007,2,27440,0,54880
DTL003725,ORD00971,PRD007,1,27440,0,27440
DTL003757,ORD00978,PRD007,2,27440,0,54880
DTL003808,ORD00989,PRD007,2,27440,0.10024057738572574,49378
DTL003833,ORD00996,PRD007,2,27440,0.037821482602118005,52804
DTL003825,ORD00994,PRD008,2,23804,0.021455544112598694,46586
DTL003780,ORD00983,PRD008,4,23804,0,95216
DTL003706,ORD00965,PRD008,3,23804,0,71412
DTL003649,ORD00952,PRD008,1,23804,0.14420303787733127,20371
DTL003430,ORD00894,PRD008,1,23804,0,23804
DTL003427,ORD00893,PRD008,3,23804,0,71412
DTL003485,ORD00909,PRD008,1,23804,0,23804
DTL003213,ORD00841,PRD008,2,23804,0,47608
DTL003217,ORD00841,PRD008,1,23804,0,23804
DTL003194,ORD00836,PRD008,3,23804,0.04385195579722856,68280
DTL003386,ORD00882,PRD008,3,23804,0.014202124637845821,70397
DTL003394,ORD00884,PRD008,2,23804,0,47608
DTL003416,ORD00891,PRD008,1,23804,0,23804
DTL003260,ORD00851,PRD008,1,23804,0,23804
DTL003304,ORD00862,PRD008,2,23804,0,47608
DTL002935,ORD00761,PRD008,2,23804,0,47608
DTL002861,ORD00743,PRD008,2,23804,0.06725251076040172,44406
DTL002901,ORD00753,PRD008,3,23804,0,71412
DTL003119,ORD00815,PRD008,1,23804,0,23804
DTL002733,ORD00711,PRD008,5,23804,0,119020
DTL002729,ORD00711,PRD008,3,23804,0.028813461649282546,69354
DTL002840,ORD00738,PRD008,5,23804,0.04385195579722856,113800
DTL002808,ORD00728,PRD008,3,23804,0,71412
DTL002587,ORD00673,PRD008,2,23804,0.06725251076040172,44406
DTL002350,ORD00612,PRD008,3,23804,0.014202124637845821,70397
DTL002316,ORD00602,PRD008,5,23804,0,119020
DTL002309,ORD00600,PRD008,3,23804,0,71412
DTL002303,ORD00598,PRD008,3,23804,0.0752875986267542,66035
DTL002550,ORD00664,PRD008,2,23804,0,47608
DTL002230,ORD00580,PRD008,3,23804,0.04385195579722856,68280
DTL002227,ORD00579,PRD008,4,23804,0,95216
DTL002253,ORD00585,PRD008,1,23804,0,23804
DTL002170,ORD00565,PRD008,4,23804,0,95216
DTL002205,ORD00575,PRD008,2,23804,0,47608
DTL002134,ORD00555,PRD008,3,23804,0,71412
DTL002114,ORD00549,PRD008,4,23804,0.021455544112598694,93173
DTL002121,ORD00551,PRD008,5,23804,0,119020
DTL002094,ORD00544,PRD008,1,23804,0,23804
DTL001901,ORD00492,PRD008,5,23804,0,119020
DTL001896,ORD00491,PRD008,1,23804,0,23804
DTL001923,ORD00498,PRD008,2,23804,0.11734885467517837,42021
DTL001924,ORD00498,PRD008,2,23804,0,47608
DTL001249,ORD00322,PRD008,2,23804,0,47608
DTL001311,ORD00338,PRD008,1,23804,0,23804
DTL001340,ORD00345,PRD008,1,23804,0.2659008721548607,17474
DTL001662,ORD00433,PRD008,1,23804,0,23804
DTL001086,ORD00284,PRD008,3,23804,0.0752875986267542,66035
DTL000889,ORD00233,PRD008,1,23804,0.091726288754357,21620
DTL000844,ORD00220,PRD008,2,23804,0,47608
DTL000858,ORD00224,PRD008,3,23804,0,71412
DTL000855,ORD00223,PRD008,2,23804,0,47608
DTL000764,ORD00199,PRD008,4,23804,0,95216
DTL000783,ORD00205,PRD008,1,23804,0,23804
DTL000678,ORD00177,PRD008,2,23804,0,47608
DTL000614,ORD00161,PRD008,2,23804,0,47608
DTL000621,ORD00162,PRD008,1,23804,0.04385195579722856,22760
DTL000562,ORD00148,PRD008,1,23804,0,23804
DTL000418,ORD00111,PRD008,2,23804,0.02192597789861428,46564
DTL000368,ORD00100,PRD008,2,23804,0,47608
DTL000330,ORD00089,PRD008,1,23804,0,23804
DTL000127,ORD00033,PRD008,1,23804,0,23804
DTL000103,ORD00027,PRD009,3,19612,0,58836
DTL000084,ORD00022,PRD009,2,19612,0,39224
DTL000050,ORD00013,PRD009,5,19612,0,98060
DTL000017,ORD00005,PRD009,2,19612,0,39224
DTL000276,ORD00075,PRD009,3,19612,0,58836
DTL000147,ORD00039,PRD009,2,19612,0,39224
DTL000166,ORD00045,PRD009,4,19612,0,78448
DTL000175,ORD00047,PRD009,1,19612,0,19612
DTL000211,ORD00055,PRD009,2,19612,0,39224
DTL000181,ORD00049,PRD009,2,19612,0.08281802120141343,35975
DTL000182,ORD00049,PRD009,1,19612,0.1805923428846617,16070
DTL000296,ORD00081,PRD009,1,19612,0,19612
DTL000377,ORD00102,PRD009,3,19612,0,58836
DTL000384,ORD00104,PRD009,2,19612,0,39224
DTL000530,ORD00140,PRD009,2,19612,0,39224
DTL000486,ORD00128,PRD009,1,19612,0,19612
DTL000480,ORD00127,PRD009,1,19612,0,19612
DTL000782,ORD00204,PRD009,5,19612,0,98060
DTL000854,ORD00223,PRD009,4,19612,0,78448
DTL000864,ORD00225,PRD009,2,19612,0,39224
DTL000830,ORD00217,PRD009,1,19612,0,19612
DTL000803,ORD00209,PRD009,3,19612,0.03518896474065733,56765
DTL000806,ORD00209,PRD009,2,19612,0,39224
DTL000905,ORD00236,PRD009,2,19612,0,39224
DTL001083,ORD00283,PRD009,2,19612,0.05372877713303245,37116
DTL001106,ORD00288,PRD009,5,19612,0,98060
DTL001093,ORD00285,PRD009,1,19612,0.3421845058855735,12901
DTL001020,ORD00265,PRD009,1,19612,0,19612
DTL001016,ORD00264,PRD009,2,19612,0,39224
DTL001599,ORD00418,PRD009,1,19612,0,19612
DTL001567,ORD00409,PRD009,3,19612,0,58836
DTL001487,ORD00387,PRD009,1,19612,0.05372877713303245,18558
DTL001472,ORD00383,PRD009,1,19612,0,19612
DTL001467,ORD00382,PRD009,1,19612,0.1805923428846617,16070
DTL001436,ORD00374,PRD009,1,19612,0,19612
DTL001438,ORD00374,PRD009,3,19612,0,58836
DTL001565,ORD00408,PRD009,3,19612,0.09287465636377146,53371
DTL001341,ORD00346,PRD009,0,19612,0,0
DTL001344,ORD00346,PRD009,1,19612,0,19612
DTL001327,ORD00342,PRD009,3,19612,0.09287465636377146,53371
DTL001335,ORD00344,PRD009,2,19612,0,39224
DTL001298,ORD00334,PRD009,5,19612,0.01030290541932825,97049
DTL001412,ORD00368,PRD009,1,19612,0,19612
DTL001270,ORD00327,PRD009,2,19612,0.146096306685367,33493
DTL001274,ORD00327,PRD009,1,19612,0.3421845058855735,12901
DTL001248,ORD00322,PRD009,2,19612,0,39224
DTL001169,ORD00302,PRD009,3,19612,0.01729026903658621,57818
DTL001153,ORD00298,PRD009,2,19612,0.026161573880284637,38197
DTL001182,ORD00305,PRD009,2,19612,0,39224
DTL001938,ORD00504,PRD009,3,19612,0,58836
DTL001963,ORD00510,PRD009,2,19612,0,39224
DTL001918,ORD00496,PRD009,2,20579,0,41158
DTL001786,ORD00462,PRD009,5,19612,0,98060
DTL001765,ORD00457,PRD009,3,19612,0,58836
DTL001737,ORD00451,PRD009,1,19612,0.3421845058855735,12901
DTL001743,ORD00452,PRD009,2,19612,0.05372877713303245,37116
DTL002075,ORD00539,PRD009,3,19612,0.01729026903658621,57818
DTL002080,ORD00540,PRD009,1,19612,0,19612
DTL002084,ORD00541,PRD009,2,19612,0,39224
DTL002015,ORD00524,PRD009,3,20481,0,61443
DTL002000,ORD00520,PRD009,2,19612,0,39224
DTL002057,ORD00534,PRD009,1,19612,0.11355893708834885,17384
DTL002059,ORD00534,PRD009,1,19612,0,19612
DTL002141,ORD00557,PRD009,1,19612,0,19612
DTL002219,ORD00578,PRD009,3,19612,0.01729026903658621,57818
DTL002572,ORD00669,PRD009,1,19612,0.3421845058855735,12901
DTL002510,ORD00653,PRD009,3,19612,0.03518896474065733,56765
DTL002460,ORD00641,PRD009,3,19612,0,58836
DTL002501,ORD00651,PRD009,2,19612,0.026161573880284637,38197
DTL002419,ORD00630,PRD009,1,19612,0.3421845058855735,12901
DTL002413,ORD00628,PRD009,3,19612,0,58836
DTL002411,ORD00628,PRD009,1,19612,0,19612
DTL002394,ORD00625,PRD009,3,19612,0,58836
DTL002395,ORD00625,PRD009,1,19612,0.3421845058855735,12901
DTL002583,ORD00672,PRD009,3,19612,0,58836
DTL002609,ORD00678,PRD009,2,19612,0.05372877713303245,37116
DTL002624,ORD00683,PRD009,2,19612,0,39224
DTL002815,ORD00730,PRD009,1,19612,0,19612
DTL002802,ORD00727,PRD009,1,19612,0,19612
DTL002723,ORD00709,PRD009,2,19612,0.08281802120141343,35975
DTL002738,ORD00712,PRD009,2,19612,-0.024860779634049323,40199
DTL003115,ORD00814,PRD009,2,19612,0,39224
DTL003017,ORD00785,PRD009,3,19612,0,58836
DTL002920,ORD00757,PRD009,1,19612,0,19612
DTL002950,ORD00765,PRD009,1,19612,0.11355893708834885,17384
DTL003318,ORD00865,PRD009,1,19612,0.3421845058855735,12901
DTL003201,ORD00837,PRD009,5,19612,0,98060
DTL003175,ORD00831,PRD009,2,19612,0.05372877713303245,37116
DTL003157,ORD00826,PRD009,2,19612,0,39224
DTL003219,ORD00842,PRD009,4,19612,0,78448
DTL003478,ORD00907,PRD009,3,19612,0,58836
DTL003460,ORD00902,PRD009,2,19612,0.05372877713303245,37116
DTL003435,ORD00895,PRD009,3,19612,0.01729026903658621,57818
DTL003552,ORD00926,PRD009,1,19612,0,19612
DTL003520,ORD00919,PRD009,1,19612,0,19612
DTL003532,ORD00921,PRD009,2,19612,0.146096306685367,33493
DTL003659,ORD00956,PRD009,0,19612,0,0
DTL003589,ORD00935,PRD009,1,19612,0,19612
DTL003579,ORD00932,PRD009,1,19612,0.3421845058855735,12901
DTL003608,ORD00940,PRD009,2,19612,0.08281802120141343,35975
DTL003765,ORD00981,PRD009,1,19612,0,19612
DTL003824,ORD00993,PRD009,1,19612,0,19612
DTL003838,ORD00997,PRD009,5,19612,0,98060
DTL003810,ORD00990,PRD009,2,19612,0,39224
DTL003787,ORD00985,PRD010,1,21006,0.16661112962345884,17506
DTL003704,ORD00965,PRD010,1,21006,0.16661112962345884,17506
DTL003714,ORD00968,PRD010,1,21006,0.1052299273913501,18795
DTL003843,ORD00999,PRD010,1,21006,0,21006
DTL003518,ORD00918,PRD010,3,21006,0,63018
DTL003439,ORD00896,PRD010,1,20719,0.16930978046165132,17211
DTL003444,ORD00897,PRD010,1,21006,0,21006
DTL003464,ORD00903,PRD010,1,21006,0,21006
DTL003211,ORD00840,PRD010,1,21006,0,21006
DTL003159,ORD00826,PRD010,2,21006,0.049985004498650405,39912
DTL003202,ORD00838,PRD010,5,21006,0,105030
DTL003328,ORD00868,PRD010,4,21006,0,84024
DTL003305,ORD00862,PRD010,2,21006,0,42012
DTL003301,ORD00861,PRD010,1,21006,0.16661112962345884,17506
DTL003410,ORD00888,PRD010,2,21006,0,42012
DTL003395,ORD00884,PRD010,3,21006,0,63018
DTL003398,ORD00885,PRD010,1,21006,0.1052299273913501,18795
DTL003369,ORD00877,PRD010,1,21006,0,21006
DTL003352,ORD00873,PRD010,2,20294,0.07981270618282431,37348
DTL003337,ORD00871,PRD010,3,21006,0.08618015098762453,57587
DTL002932,ORD00760,PRD010,1,21006,0,21006
DTL002862,ORD00743,PRD010,3,21006,0,63018
DTL002855,ORD00741,PRD010,3,21006,0,63018
DTL003046,ORD00794,PRD010,4,21006,0.024383107383204917,81975
DTL003102,ORD00809,PRD010,5,21006,0,105030
DTL003095,ORD00808,PRD010,3,21006,0,63018
DTL003068,ORD00800,PRD010,3,21006,0,63018
DTL002740,ORD00713,PRD010,1,21006,0,21006
DTL002748,ORD00715,PRD010,2,21006,0.13509132173349184,36336
DTL002797,ORD00726,PRD010,2,21006,0,42012
DTL002841,ORD00738,PRD010,2,21006,0,42012
DTL002850,ORD00740,PRD010,1,21006,0,21006
DTL002615,ORD00680,PRD010,1,21006,0,21006
DTL002571,ORD00669,PRD010,1,21006,0,21006
DTL002705,ORD00705,PRD010,1,19582,0.34288849266218624,12867
DTL002663,ORD00693,PRD010,3,21006,0.08618015098762453,57587
DTL002655,ORD00691,PRD010,2,21006,0.07689941556444171,38781
DTL002415,ORD00629,PRD010,2,21006,0,42012
DTL002307,ORD00600,PRD010,1,21006,0,21006
DTL002439,ORD00635,PRD010,1,21006,0.3123828564288392,14444
DTL002507,ORD00652,PRD010,4,21006,0,84024
DTL002530,ORD00659,PRD010,0,21006,0,0
DTL002557,ORD00666,PRD010,1,21006,0,21006
DTL002546,ORD00663,PRD010,1,21006,0.1052299273913501,18795
DTL002260,ORD00588,PRD010,1,21006,0,21006
DTL002282,ORD00593,PRD010,1,21006,0,21006
DTL002163,ORD00562,PRD010,2,21006,0,42012
DTL002047,ORD00530,PRD010,1,21006,0.049985004498650405,19956
DTL001998,ORD00519,PRD010,3,21006,0,63018
DTL001749,ORD00453,PRD010,1,21006,0.3123828564288392,14444
DTL001716,ORD00446,PRD010,3,21006,0,63018
DTL001717,ORD00446,PRD010,2,21006,0,42012
DTL001791,ORD00464,PRD010,4,21006,0.06327191739218466,78707
DTL001798,ORD00465,PRD010,3,21006,0,63018
DTL001831,ORD00474,PRD010,5,21006,0.009612611746611554,104020
DTL001826,ORD00472,PRD010,0,21006,0,0
DTL001843,ORD00476,PRD010,1,21006,0,21006
DTL001866,ORD00482,PRD010,1,21006,0,21006
DTL001863,ORD00481,PRD010,2,21006,0,42012
DTL001980,ORD00514,PRD010,1,21006,0.16661112962345884,17506
DTL001946,ORD00506,PRD010,1,21006,0,21006
DTL001171,ORD00302,PRD010,2,21006,0.049985004498650405,39912
DTL001175,ORD00303,PRD010,3,21006,0.016124350994872458,62001
DTL001193,ORD00307,PRD010,2,21006,0.13509132173349184,36336
DTL001189,ORD00307,PRD010,1,21006,0,21006
DTL001205,ORD00311,PRD010,1,21006,0.16661112962345884,17506
DTL001278,ORD00329,PRD010,1,21006,0,21006
DTL001428,ORD00372,PRD010,1,21006,0,21006
DTL001486,ORD00387,PRD010,1,21006,0.049985004498650405,19956
DTL001521,ORD00395,PRD010,2,21865,0.02340276152586005,42706
DTL001517,ORD00395,PRD010,1,21006,0,21006
DTL001609,ORD00420,PRD010,1,21006,0,21006
DTL001679,ORD00438,PRD010,3,21006,0.03277721328132682,60952
DTL001048,ORD00273,PRD010,3,21006,0.016124350994872458,62001
DTL001140,ORD00295,PRD010,3,21006,0,63018
DTL001108,ORD00288,PRD010,2,21006,0.07689941556444171,38781
DTL000911,ORD00238,PRD010,0,21006,0,0
DTL000896,ORD00234,PRD010,2,21006,0.13509132173349184,36336
DTL000867,ORD00226,PRD010,1,21006,0.11107408641563923,18672
DTL000953,ORD00249,PRD010,3,21006,0,63018
DTL000951,ORD00248,PRD010,4,21006,0.06327191739218466,78707
DTL000961,ORD00250,PRD010,2,21006,0,42012
DTL000965,ORD00251,PRD010,2,21006,0,42012
DTL000966,ORD00251,PRD010,2,21006,0,42012
DTL001003,ORD00261,PRD010,2,21006,0.13509132173349184,36336
DTL000814,ORD00213,PRD010,1,21006,0,21006
DTL000785,ORD00205,PRD010,1,21006,0,21006
DTL000750,ORD00196,PRD010,4,21006,0,84024
DTL000724,ORD00188,PRD010,1,21006,0,21006
DTL000733,ORD00191,PRD010,2,21006,0.049985004498650405,39912
DTL000592,ORD00154,PRD010,0,21006,0,0
DTL000719,ORD00187,PRD010,4,21006,0,84024
DTL000429,ORD00114,PRD010,2,20061,0,40122
DTL000460,ORD00122,PRD010,1,21006,0,21006
DTL000500,ORD00133,PRD010,3,21006,0,63018
DTL000328,ORD00089,PRD010,1,19567,0,19567
DTL000242,ORD00064,PRD010,1,21006,0.1052299273913501,18795
DTL000002,ORD00001,PRD010,1,21006,0.1052299273913501,18795
DTL000083,ORD00022,PRD010,2,21006,0,42012
DTL000115,ORD00031,PRD010,2,21006,0,42012
DTL000086,ORD00023,PRD011,5,19604,0,98020
DTL000021,ORD00006,PRD011,4,19604,0.026172529313232832,76363
DTL000223,ORD00060,PRD011,1,19604,0.3423719528896193,12892
DTL000224,ORD00060,PRD011,1,19604,0,19604
DTL000277,ORD00076,PRD011,5,19604,0,98020
DTL000186,ORD00050,PRD011,2,19604,0.05375188131584605,37100
DTL000196,ORD00052,PRD011,1,19604,0,19604
DTL000197,ORD00052,PRD011,2,19604,0.08285461776403005,35959
DTL000300,ORD00082,PRD011,4,19604,0,78416
DTL000365,ORD00099,PRD011,1,19604,0,19604
DTL000522,ORD00139,PRD011,1,19604,0.05375188131584605,18550
DTL000517,ORD00137,PRD011,1,19604,0,19604
DTL000558,ORD00146,PRD011,1,19604,0,19604
DTL000433,ORD00115,PRD011,2,19604,0,39208
DTL000693,ORD00180,PRD011,5,18008,0,90040
DTL000675,ORD00177,PRD011,1,19604,0.3423719528896193,12892
DTL000672,ORD00176,PRD011,1,19604,0,19604
DTL000669,ORD00176,PRD011,1,19604,0,19604
DTL000602,ORD00157,PRD011,1,19604,0,19604
DTL000603,ORD00157,PRD011,0,19604,0,0
DTL000623,ORD00163,PRD011,1,19604,0,19604
DTL000736,ORD00192,PRD011,4,19604,0,78416
DTL000723,ORD00188,PRD011,3,19604,0,58812
DTL000755,ORD00197,PRD011,1,19604,0,19604
DTL000853,ORD00222,PRD011,1,19604,0,19604
DTL000882,ORD00231,PRD011,3,19604,0.05375188131584605,55650
DTL000884,ORD00231,PRD011,0,19604,0,0
DTL000932,ORD00242,PRD011,1,19604,0,19604
DTL001102,ORD00287,PRD011,2,19604,0,39208
DTL001103,ORD00287,PRD011,1,19604,0,19604
DTL001120,ORD00291,PRD011,3,18269,0,54807
DTL001118,ORD00290,PRD011,3,19604,0.05375188131584605,55650
DTL001074,ORD00281,PRD011,1,19604,0,19604
DTL001671,ORD00436,PRD011,2,19604,0,39208
DTL001590,ORD00416,PRD011,3,19604,0.017297446896838025,57794
DTL001532,ORD00399,PRD011,1,19604,0,19604
DTL001564,ORD00408,PRD011,1,19604,0,19604
DTL001530,ORD00398,PRD011,2,17740,0,35480
DTL001474,ORD00383,PRD011,3,19604,0,58812
DTL001377,ORD00357,PRD011,2,19604,0,39208
DTL001321,ORD00341,PRD011,1,19604,0,19604
DTL001342,ORD00346,PRD011,3,19604,0.035203830176723225,56741
DTL001216,ORD00315,PRD011,1,19604,0,19604
DTL001203,ORD00310,PRD011,1,19604,0,19604
DTL001994,ORD00519,PRD011,1,19604,0,19604
DTL001894,ORD00490,PRD011,4,19604,0,78416
DTL001742,ORD00452,PRD011,4,19604,0,78416
DTL002062,ORD00535,PRD011,2,19604,0,39208
DTL002102,ORD00546,PRD011,5,19604,0,98020
DTL002122,ORD00551,PRD011,0,19604,0,0
DTL002106,ORD00547,PRD011,2,19604,0.08285461776403005,35959
DTL002166,ORD00563,PRD011,1,19604,0,19604
DTL002162,ORD00562,PRD011,3,19604,0,58812
DTL002153,ORD00560,PRD011,3,19604,0.017297446896838025,57794
DTL002155,ORD00561,PRD011,2,19604,0,39208
DTL002194,ORD00572,PRD011,3,19604,0.05375188131584605,55650
DTL002198,ORD00573,PRD011,1,19604,0.11361054305839582,17376
DTL002178,ORD00567,PRD011,2,19604,0,39208
DTL002268,ORD00590,PRD011,1,19604,0.18067935437244037,16061
DTL002533,ORD00659,PRD011,2,19604,0,39208
DTL002434,ORD00634,PRD011,1,19604,0,19604
DTL002317,ORD00602,PRD011,5,19604,0,98020
DTL002388,ORD00623,PRD011,3,19604,0,58812
DTL002367,ORD00617,PRD011,4,19604,0,78416
DTL002647,ORD00689,PRD011,1,19604,0,19604
DTL002710,ORD00706,PRD011,3,19604,0.09291607819817141,53347
DTL002679,ORD00697,PRD011,2,19604,0,39208
DTL002690,ORD00701,PRD011,1,19604,0,19604
DTL002626,ORD00684,PRD011,1,19604,0,19604
DTL002833,ORD00736,PRD011,2,19604,0,39208
DTL002791,ORD00725,PRD011,1,19604,0,19604
DTL002819,ORD00732,PRD011,1,19604,0,19604
DTL002715,ORD00707,PRD011,2,19604,0,39208
DTL003002,ORD00780,PRD011,2,19604,0,39208
DTL002919,ORD00757,PRD011,4,19604,0,78416
DTL003169,ORD00829,PRD011,2,19604,0,39208
DTL003151,ORD00824,PRD011,3,19604,0,58812
DTL003146,ORD00824,PRD011,1,19604,0.11361054305839582,17376
DTL003256,ORD00850,PRD011,2,19604,0,39208
DTL003253,ORD00850,PRD011,1,19604,0.3423719528896193,12892
DTL003523,ORD00919,PRD011,3,19604,0,58812
DTL003514,ORD00917,PRD011,4,19604,0,78416
DTL003527,ORD00920,PRD011,2,19604,0.1461646398503274,33477
DTL003542,ORD00924,PRD011,1,19604,0.3423719528896193,12892
DTL003549,ORD00925,PRD011,5,19604,0,98020
DTL003600,ORD00938,PRD011,1,19604,0.05375188131584605,18550
DTL003621,ORD00945,PRD011,3,19604,0,58812
DTL003611,ORD00942,PRD011,2,19604,0,39208
DTL003578,ORD00932,PRD011,3,19604,0,58812
DTL003587,ORD00935,PRD011,3,19604,0,58812
DTL003576,ORD00931,PRD011,4,19604,0.039779357165588204,75296
DTL003718,ORD00968,PRD011,1,19604,0.18067935437244037,16061
DTL003759,ORD00979,PRD011,1,19604,0,19604
DTL003758,ORD00979,PRD012,0,24658,0,0
DTL003790,ORD00986,PRD012,0,24515,0,0
DTL003828,ORD00995,PRD012,0,24658,0,0
DTL003831,ORD00995,PRD012,3,24658,0.027787812265540335,71918
DTL003620,ORD00945,PRD012,1,24658,0,24658
DTL003598,ORD00938,PRD012,1,24658,0.2543493743005392,18386
DTL003647,ORD00952,PRD012,1,24658,0,24658
DTL003686,ORD00961,PRD012,3,24658,0,73974
DTL003551,ORD00926,PRD012,2,24658,0.11282606733459699,43751
DTL003483,ORD00909,PRD012,1,24658,0,24658
DTL003267,ORD00853,PRD012,1,24658,0,24658
DTL003206,ORD00839,PRD012,2,25382,0,50764
DTL003176,ORD00832,PRD012,1,24658,0,24658
DTL003364,ORD00876,PRD012,1,24658,0.042268999915462,23615
DTL003396,ORD00885,PRD012,1,24658,0,24658
DTL003291,ORD00858,PRD012,2,24658,0,49316
DTL002910,ORD00755,PRD012,2,24658,0,49316
DTL003013,ORD00784,PRD012,1,24658,0,24658
DTL003007,ORD00782,PRD012,2,24658,0.06477243285257794,46121
DTL003019,ORD00786,PRD012,5,24658,0.008177283506419167,122281
DTL003051,ORD00795,PRD012,3,24658,0.0724910835967176,68611
DTL003044,ORD00793,PRD012,1,24658,0,24658
DTL003039,ORD00791,PRD012,3,24658,0,73974
DTL003035,ORD00789,PRD012,1,24658,0.2543493743005392,18386
DTL003090,ORD00807,PRD012,3,24658,0,73974
DTL003091,ORD00807,PRD012,2,24658,0,49316
DTL002753,ORD00716,PRD012,2,24658,0,49316
DTL002788,ORD00724,PRD012,2,24658,0,49316
DTL002830,ORD00735,PRD012,1,24658,0,24658
DTL002657,ORD00692,PRD012,1,24658,0,24658
DTL002673,ORD00696,PRD012,1,24658,0,24658
DTL002285,ORD00594,PRD012,1,24658,0,24658
DTL002301,ORD00597,PRD012,2,24658,0,49316
DTL002339,ORD00608,PRD012,4,24658,0,98632
DTL002342,ORD00609,PRD012,5,24658,0,123290
DTL002333,ORD00606,PRD012,1,24658,0,24658
DTL002491,ORD00648,PRD012,1,24658,0,24658
DTL002531,ORD00659,PRD012,2,24658,0.06477243285257794,46121
DTL002561,ORD00667,PRD012,4,24658,0,98632
DTL002258,ORD00587,PRD012,2,24658,0,49316
DTL002212,ORD00576,PRD012,1,24658,0,24658
DTL002186,ORD00569,PRD012,3,24658,0,73974
DTL002200,ORD00574,PRD012,5,24658,0,123290
DTL002196,ORD00573,PRD012,1,24658,0,24658
DTL002172,ORD00565,PRD012,3,24658,0,73974
DTL002086,ORD00541,PRD012,3,24658,0.042268999915462,70847
DTL002069,ORD00537,PRD012,5,24658,0.01648940555692967,121257
DTL002060,ORD00535,PRD012,2,22319,0.044804874770375015,42638
DTL002055,ORD00533,PRD012,2,24658,0,49316
DTL002012,ORD00523,PRD012,2,24658,0,49316
DTL001800,ORD00466,PRD012,1,24658,0,24658
DTL001809,ORD00468,PRD012,1,24658,0,24658
DTL001810,ORD00469,PRD012,2,24658,0,49316
DTL001856,ORD00479,PRD012,3,24658,0,73974
DTL001964,ORD00510,PRD012,2,24658,0,49316
DTL001162,ORD00300,PRD012,1,24658,0.042268999915462,23615
DTL001251,ORD00323,PRD012,1,24658,0.08826904404625298,22481
DTL001334,ORD00344,PRD012,3,24658,0,73974
DTL001359,ORD00352,PRD012,2,24658,0.042268999915462,47231
DTL001479,ORD00384,PRD012,4,24658,0,98632
DTL001477,ORD00384,PRD012,2,24658,0.020697077572646744,48295
DTL001505,ORD00391,PRD012,2,24658,0.020697077572646744,48295
DTL001582,ORD00414,PRD012,2,24658,0.06477243285257794,46121
DTL001702,ORD00442,PRD012,1,24658,0,24658
DTL001696,ORD00441,PRD012,1,24658,0,24658
DTL001076,ORD00281,PRD012,4,24658,0,98632
DTL001045,ORD00272,PRD012,1,24658,0.2543493743005392,18386
DTL001098,ORD00287,PRD012,5,24658,0,123290
DTL000907,ORD00237,PRD012,1,24658,0,24658
DTL000910,ORD00237,PRD012,1,24658,0,24658
DTL000879,ORD00230,PRD012,3,24658,0,73974
DTL000874,ORD00229,PRD012,1,24658,0.08826904404625298,22481
DTL001004,ORD00262,PRD012,1,24658,0,24658
DTL000993,ORD00259,PRD012,2,24658,0,49316
DTL000866,ORD00226,PRD012,3,24658,0,73974
DTL000811,ORD00211,PRD012,2,24658,0,49316
DTL000824,ORD00215,PRD012,2,24658,0,49316
DTL000820,ORD00214,PRD012,1,24658,0,24658
DTL000822,ORD00214,PRD012,5,24658,0,123290
DTL000734,ORD00191,PRD012,4,24658,0,98632
DTL000615,ORD00161,PRD012,3,24658,0,73974
DTL000593,ORD00154,PRD012,2,24658,0,49316
DTL000680,ORD00178,PRD012,1,24658,0,24658
DTL000466,ORD00124,PRD012,1,24658,0.08826904404625298,22481
DTL000565,ORD00149,PRD012,2,24658,0,49316
DTL000553,ORD00145,PRD012,3,24658,0,73974
DTL000523,ORD00139,PRD012,1,24658,0,24658
DTL000506,ORD00134,PRD012,1,24658,0,24658
DTL000507,ORD00135,PRD012,2,24658,0,49316
DTL000420,ORD00112,PRD012,2,24658,0,49316
DTL000400,ORD00107,PRD012,1,25445,0.0853060354020047,23274
DTL000306,ORD00083,PRD012,1,24658,0,24658
DTL000293,ORD00081,PRD012,2,24658,0,49316
DTL000319,ORD00087,PRD012,4,23000,0.022222222222222223,89955
DTL000198,ORD00052,PRD012,1,24658,0,24658
DTL000192,ORD00051,PRD012,3,24658,0,73974
DTL000180,ORD00048,PRD012,1,24658,0,24658
DTL000267,ORD00072,PRD012,2,24658,0.06477243285257794,46121
DTL000231,ORD00062,PRD012,3,24658,0,73974
DTL000029,ORD00009,PRD012,2,24658,0,49316
DTL000034,ORD00010,PRD012,5,24658,0,123290
DTL000018,ORD00005,PRD012,1,24658,0,24658
DTL000044,ORD00012,PRD012,1,24658,0,24658
DTL000039,ORD00011,PRD012,1,24658,0,24658
DTL000118,ORD00031,PRD012,1,24658,0,24658
DTL000123,ORD00032,PRD013,1,24396,0,24396
DTL000140,ORD00038,PRD013,2,24396,0,48792
DTL000095,ORD00025,PRD013,1,24396,0,24396
DTL000013,ORD00004,PRD013,5,23122,0,115610
DTL000245,ORD00065,PRD013,2,24396,0.020924004017408772,47771
DTL000266,ORD00072,PRD013,1,25034,0.24957572127383448,18786
DTL000256,ORD00069,PRD013,1,24396,0,24396
DTL000177,ORD00047,PRD013,1,24396,0,24396
DTL000153,ORD00041,PRD013,3,24396,0,73188
DTL000172,ORD00046,PRD013,2,24396,0.11417610522469858,43221
DTL000322,ORD00088,PRD013,1,24396,0,24396
DTL000334,ORD00090,PRD013,1,24396,0,24396
DTL000338,ORD00092,PRD013,1,22814,0,22814
DTL000343,ORD00093,PRD013,0,24396,0,0
DTL000289,ORD00080,PRD013,1,24396,0,24396
DTL000395,ORD00106,PRD013,1,24396,0,24396
DTL000406,ORD00108,PRD013,1,24396,0,24396
DTL000531,ORD00140,PRD013,4,24396,0,97584
DTL000470,ORD00125,PRD013,4,24396,0.05400501166508252,92313
DTL000462,ORD00123,PRD013,4,24396,0.05400501166508252,92313
DTL000451,ORD00119,PRD013,3,24396,0,73188
DTL000682,ORD00178,PRD013,3,24396,0.04274234911950761,70059
DTL000713,ORD00186,PRD013,2,24396,0.020924004017408772,47771
DTL000739,ORD00192,PRD013,4,24396,0,97584
DTL000774,ORD00203,PRD013,3,24396,0.028094622689217284,71131
DTL000780,ORD00204,PRD013,2,24396,0,48792
DTL000807,ORD00210,PRD013,1,24396,0,24396
DTL000849,ORD00221,PRD013,1,24396,0.04274234911950761,23353
DTL000963,ORD00251,PRD013,0,24396,0,0
DTL000898,ORD00235,PRD013,5,24396,0,121980
DTL001046,ORD00273,PRD013,1,24396,0,24396
DTL001056,ORD00276,PRD013,1,24396,0.2577851103320272,18107
DTL001030,ORD00269,PRD013,3,24396,0,73188
DTL001699,ORD00442,PRD013,3,24396,0,73188
DTL001673,ORD00436,PRD013,3,24396,0,73188
DTL001655,ORD00431,PRD013,1,24396,0,24396
DTL001610,ORD00420,PRD013,2,24396,0,48792
DTL001616,ORD00422,PRD013,2,22748,0,45496
DTL001503,ORD00391,PRD013,1,24396,0,24396
DTL001495,ORD00388,PRD013,1,23829,0,23829
DTL001470,ORD00383,PRD013,1,24396,0,24396
DTL001464,ORD00381,PRD013,1,24396,0.03521622763769545,23536
DTL001348,ORD00349,PRD013,1,22679,0,22679
DTL001349,ORD00349,PRD013,3,24396,0.04274234911950761,70059
DTL001300,ORD00334,PRD013,1,24396,0,24396
DTL001209,ORD00312,PRD013,1,24396,0.2577851103320272,18107
DTL001953,ORD00508,PRD013,2,24396,0,48792
DTL001862,ORD00481,PRD013,1,24396,0,24396
DTL001814,ORD00470,PRD013,1,24396,0.14021312394840157,20975
DTL001774,ORD00459,PRD013,2,24396,0.020924004017408772,47771
DTL002065,ORD00536,PRD013,3,24396,0,73188
DTL002038,ORD00528,PRD013,3,24396,0,73188
DTL002073,ORD00538,PRD013,1,24396,0,24396
DTL002090,ORD00542,PRD013,3,25025,0.04162330905306972,71950
DTL002136,ORD00555,PRD013,1,24396,0,24396
DTL002129,ORD00553,PRD013,1,24396,0,24396
DTL002211,ORD00576,PRD013,2,24396,0,48792
DTL002276,ORD00592,PRD013,1,24396,0,24396
DTL002483,ORD00647,PRD013,1,24396,0,24396
DTL002401,ORD00626,PRD013,2,24396,0,48792
DTL002407,ORD00627,PRD013,4,24396,0,97584
DTL002637,ORD00687,PRD013,2,24396,0,48792
DTL002847,ORD00740,PRD013,5,24396,0,121980
DTL002737,ORD00712,PRD013,3,24396,0.04274234911950761,70059
DTL003072,ORD00802,PRD013,3,24396,0.04274234911950761,70059
DTL003101,ORD00809,PRD013,3,24396,0,73188
DTL003011,ORD00783,PRD013,4,24396,0.020924004017408772,95542
DTL002883,ORD00749,PRD013,4,24396,0,97584
DTL002895,ORD00752,PRD013,3,24396,0,73188
DTL002872,ORD00746,PRD013,1,24396,0.2577851103320272,18107
DTL002940,ORD00763,PRD013,1,24396,0,24396
DTL003336,ORD00871,PRD013,3,24396,0.07554239439173265,67659
DTL003177,ORD00832,PRD013,1,22307,0,22307
DTL003179,ORD00832,PRD013,1,24396,0,24396
DTL003189,ORD00834,PRD013,1,24396,0.2577851103320272,18107
DTL003230,ORD00844,PRD013,2,24396,0,48792
DTL003270,ORD00854,PRD013,3,24396,0,73188
DTL003470,ORD00904,PRD013,2,24396,0.06551362683438156,45595
DTL003459,ORD00901,PRD013,2,24396,0.04274234911950761,46706
DTL003441,ORD00896,PRD013,1,24396,0,24396
DTL003683,ORD00961,PRD013,4,24396,0,97584
DTL003673,ORD00959,PRD013,4,24396,0,97584
DTL003595,ORD00937,PRD013,1,24396,0.0893016610108948,22217
DTL003627,ORD00947,PRD013,2,23673,0.021576835109826092,46324
DTL003815,ORD00991,PRD013,4,24396,0,97584
DTL003710,ORD00967,PRD013,4,24396,0.03171783811215428,94488
DTL003568,ORD00930,PRD014,1,27105,0,27105
DTL003592,ORD00936,PRD014,1,27105,0,27105
DTL003670,ORD00958,PRD014,1,27105,0,27105
DTL003629,ORD00947,PRD014,2,27105,0,54210
DTL003433,ORD00895,PRD014,2,27105,0,54210
DTL003481,ORD00908,PRD014,1,27105,0.12445550715619166,23731
DTL003271,ORD00854,PRD014,5,27105,0.014978468451600824,133495
DTL003223,ORD00843,PRD014,2,27105,0,54210
DTL003341,ORD00871,PRD014,1,27105,0,27105
DTL003343,ORD00872,PRD014,4,27105,0,108420
DTL003408,ORD00888,PRD014,2,27105,0,54210
DTL002927,ORD00759,PRD014,3,27105,0.03830683777054204,78200
DTL002973,ORD00772,PRD014,3,27105,0.025215911239992436,79264
DTL002866,ORD00745,PRD014,2,27105,0,54210
DTL002864,ORD00745,PRD014,3,27105,0,81315
DTL002923,ORD00758,PRD014,4,27105,0.018793459875963165,106382
DTL003114,ORD00813,PRD014,2,27105,0,54210
DTL003106,ORD00811,PRD014,1,27105,0.2261931689662972,20974
DTL003067,ORD00799,PRD014,1,27105,0,27105
DTL002716,ORD00707,PRD014,1,24612,0.28389734272087214,17624
DTL002828,ORD00735,PRD014,2,27105,0,54210
DTL002807,ORD00728,PRD014,1,27105,0.03830683777054204,26066
DTL002603,ORD00677,PRD014,1,27105,0,27105
DTL002672,ORD00696,PRD014,3,24717,0,74151
DTL002701,ORD00704,PRD014,1,27105,0,27105
DTL002421,ORD00631,PRD014,1,27105,0,27105
DTL002370,ORD00618,PRD014,2,27105,0,54210
DTL002358,ORD00615,PRD014,1,27105,0,27105
DTL002290,ORD00595,PRD014,4,27105,0.04834654805646877,103178
DTL002497,ORD00650,PRD014,2,27105,0.1016053647632595,48701
DTL002473,ORD00644,PRD014,1,27105,0.03830683777054204,26066
DTL002239,ORD00582,PRD014,2,27105,0,54210
DTL002183,ORD00568,PRD014,4,27105,0,108420
DTL002100,ORD00546,PRD014,1,27105,0,27105
DTL002005,ORD00521,PRD014,1,27105,0,27105
DTL002020,ORD00525,PRD014,1,27105,0.03830683777054204,26066
DTL001769,ORD00458,PRD014,1,27105,0,27105
DTL001726,ORD00448,PRD014,2,27105,0,54210
DTL001931,ORD00501,PRD014,3,27105,0,81315
DTL001959,ORD00509,PRD014,3,27105,0,81315
DTL001968,ORD00511,PRD014,4,27105,0.018793459875963165,106382
DTL001981,ORD00514,PRD014,3,27105,0,81315
DTL001228,ORD00317,PRD014,1,27105,0,27105
DTL001231,ORD00318,PRD014,1,27105,0,27105
DTL001285,ORD00331,PRD014,2,27105,0.1016053647632595,48701
DTL001360,ORD00352,PRD014,1,27105,0.07966540529774946,24945
DTL001482,ORD00385,PRD014,1,27105,0.12445550715619166,23731
DTL001434,ORD00373,PRD014,1,27105,0,27105
DTL001544,ORD00402,PRD014,1,27105,0,27105
DTL001620,ORD00423,PRD014,2,27105,0,54210
DTL001626,ORD00425,PRD014,2,27105,0,54210
DTL001680,ORD00438,PRD014,1,27105,0.2261931689662972,20974
DTL001710,ORD00444,PRD014,5,27105,0,135525
DTL001713,ORD00445,PRD014,4,27105,0.028457598178713718,105334
DTL001104,ORD00288,PRD014,3,27105,0,81315
DTL001134,ORD00294,PRD014,1,27105,0,27105
DTL000872,ORD00228,PRD014,3,27105,0.012450974288738094,80302
DTL000997,ORD00260,PRD014,4,27105,0,108420
DTL000999,ORD00260,PRD014,1,27105,0.2261931689662972,20974
DTL000984,ORD00256,PRD014,1,27105,0,27105
DTL000859,ORD00224,PRD014,3,27105,0.03830683777054204,78200
DTL000819,ORD00214,PRD014,2,27105,0.1016053647632595,48701
DTL000770,ORD00202,PRD014,2,27105,0,54210
DTL000590,ORD00154,PRD014,3,27105,0,81315
DTL000626,ORD00164,PRD014,1,27105,0,27105
DTL000642,ORD00168,PRD014,3,27105,0,81315
DTL000509,ORD00135,PRD014,4,27105,0,108420
DTL000359,ORD00098,PRD014,1,27105,0,27105
DTL000346,ORD00094,PRD014,2,27105,0,54210
DTL000269,ORD00073,PRD014,3,27105,0.025215911239992436,79264
DTL000281,ORD00077,PRD014,1,27105,0.07966540529774946,24945
DTL000006,ORD00002,PRD014,2,27105,0,54210
DTL000073,ORD00020,PRD014,1,27105,0.07966540529774946,24945
DTL000093,ORD00025,PRD014,1,24521,0,24521
DTL000094,ORD00025,PRD014,4,27105,0,108420
DTL000141,ORD00038,PRD015,3,30054,0,90162
DTL000057,ORD00015,PRD015,2,29352,0,58704
DTL000012,ORD00004,PRD015,2,30054,0,60108
DTL000254,ORD00068,PRD015,1,30054,0,30054
DTL000239,ORD00063,PRD015,3,30054,0,90162
DTL000225,ORD00060,PRD015,3,30054,0,90162
DTL000188,ORD00050,PRD015,1,30054,0,30054
DTL000320,ORD00087,PRD015,3,30054,0,90162
DTL000273,ORD00075,PRD015,1,30054,0,30054
DTL000297,ORD00081,PRD015,2,30054,0.09073092835885897,54654
DTL000538,ORD00142,PRD015,1,30054,0.03441866868589523,29019
DTL000438,ORD00116,PRD015,0,30054,0,0
DTL000583,ORD00153,PRD015,3,30054,0.05871163194852164,84868
DTL000601,ORD00156,PRD015,1,30054,0.07129108148570613,27911
DTL000608,ORD00159,PRD015,1,30054,0,30054
DTL000653,ORD00171,PRD015,3,30054,0,90162
DTL000773,ORD00202,PRD015,1,30054,0.07129108148570613,27911
DTL000818,ORD00213,PRD015,5,30054,0,150270
DTL000798,ORD00208,PRD015,1,30054,0,30054
DTL000954,ORD00249,PRD015,1,30054,0,30054
DTL001707,ORD00443,PRD015,1,30054,0,30054
DTL001637,ORD00427,PRD015,1,30054,0,30054
DTL001621,ORD00423,PRD015,2,30054,0,60108
DTL001566,ORD00409,PRD015,4,30054,0,120216
DTL001514,ORD00394,PRD015,1,30054,0.11088933244621868,26721
DTL001533,ORD00399,PRD015,2,30054,0,60108
DTL001485,ORD00386,PRD015,1,30054,0,30054
DTL001306,ORD00336,PRD015,2,30054,0,60108
DTL001207,ORD00311,PRD015,3,30054,0,90162
DTL001158,ORD00300,PRD015,1,30054,0,30054
DTL001178,ORD00304,PRD015,2,30054,0.016918183663801854,59091
DTL001995,ORD00519,PRD015,1,30054,0,30054
DTL001971,ORD00512,PRD015,1,30054,0,30054
DTL001890,ORD00489,PRD015,3,30054,0.05871163194852164,84868
DTL001899,ORD00491,PRD015,3,30054,0.011215540252573966,89150
DTL001709,ORD00444,PRD015,3,30054,0,90162
DTL001819,ORD00471,PRD015,3,28489,0.023961565648699487,83419
DTL002089,ORD00542,PRD015,1,30054,0,30054
DTL002105,ORD00547,PRD015,2,30054,0.09073092835885897,54654
DTL002431,ORD00633,PRD015,3,30054,0,90162
DTL002448,ORD00638,PRD015,2,30054,0.05253204454717378,56950
DTL002296,ORD00596,PRD015,3,28373,0.036532349395389616,82009
DTL002319,ORD00603,PRD015,1,30054,0.03441866868589523,29019
DTL002408,ORD00627,PRD015,1,30054,0,30054
DTL002670,ORD00695,PRD015,2,30054,0,60108
DTL002611,ORD00679,PRD015,3,30293,0,90879
DTL002575,ORD00670,PRD015,4,30054,0,120216
DTL002590,ORD00673,PRD015,1,30054,0.19956893110880497,24056
DTL002768,ORD00719,PRD015,2,30054,0.09073092835885897,54654
DTL002867,ORD00745,PRD015,0,30054,0,0
DTL002868,ORD00745,PRD015,1,30054,0,30054
DTL003347,ORD00872,PRD015,1,30054,0,30054
DTL003280,ORD00856,PRD015,1,30054,0,30054
DTL003224,ORD00843,PRD015,4,30054,0,120216
DTL003241,ORD00847,PRD015,1,30054,0.03441866868589523,29019
DTL003170,ORD00829,PRD015,4,30054,0,120216
DTL003505,ORD00914,PRD015,2,27358,0.018616427135304193,53697
DTL003546,ORD00925,PRD015,2,30054,0,60108
DTL003536,ORD00923,PRD015,5,30054,0.020370747606437156,147208
DTL003567,ORD00929,PRD015,1,30054,0.11088933244621868,26721
DTL003560,ORD00928,PRD015,1,30054,0,30054
DTL003617,ORD00944,PRD015,1,30054,0,30054
DTL003597,ORD00938,PRD015,1,30054,0,30054
DTL003606,ORD00940,PRD015,2,30054,0.03441866868589523,58039
DTL003812,ORD00991,PRD015,3,30054,0,90162
DTL003778,ORD00983,PRD015,3,31351,0,94053
DTL003775,ORD00983,PRD016,1,23320,0,23320
DTL003717,ORD00968,PRD016,1,23320,0,23320
DTL003594,ORD00937,PRD016,4,23320,0,93280
DTL003539,ORD00923,PRD016,3,23320,0.0769704433497537,64575
DTL003165,ORD00828,PRD016,1,23320,0,23320
DTL003290,ORD00858,PRD016,2,21075,0,42150
DTL003311,ORD00864,PRD016,2,23320,0.021910604732690624,45618
DTL002894,ORD00751,PRD016,3,23320,0,69960
DTL002984,ORD00776,PRD016,1,23320,0,23320
DTL002942,ORD00764,PRD016,3,23320,0,69960
DTL003016,ORD00785,PRD016,3,23320,0,69960
DTL002744,ORD00714,PRD016,3,23320,0.014501160092807424,68945
DTL002825,ORD00733,PRD016,1,23320,0,23320
DTL002444,ORD00636,PRD016,4,23320,0.03322995126273815,90180
DTL002269,ORD00591,PRD016,3,23320,0,69960
DTL001816,ORD00470,PRD016,1,22418,0,22418
DTL001337,ORD00344,PRD016,3,23320,0,69960
DTL001456,ORD00379,PRD016,2,23320,0,46640
DTL001632,ORD00426,PRD016,5,23320,0,116600
DTL001694,ORD00441,PRD016,5,23320,0,116600
DTL000801,ORD00208,PRD016,1,23320,0,23320
DTL000860,ORD00225,PRD016,2,23320,0,46640
DTL000710,ORD00184,PRD016,5,23320,0.044802867383512544,111375
DTL000617,ORD00161,PRD016,2,23320,0,46640
DTL000353,ORD00096,PRD016,4,23320,0,93280
DTL000403,ORD00108,PRD016,1,23320,0.044802867383512544,22275
DTL000151,ORD00041,PRD016,1,23320,0,23320
DTL000226,ORD00060,PRD016,1,23320,0,23320
DTL000248,ORD00067,PRD016,2,23320,0,46640
DTL000088,ORD00023,PRD016,3,23320,0,69960
DTL000077,ORD00021,PRD017,1,18965,0,18965
DTL000001,ORD00001,PRD017,4,19033,0,76132
DTL000174,ORD00047,PRD017,1,19033,0,19033
DTL000355,ORD00096,PRD017,1,19033,0.3563030000712606,12251
DTL000547,ORD00144,PRD017,1,17242,0,17242
DTL000627,ORD00164,PRD017,1,19614,0,19614
DTL000636,ORD00166,PRD017,1,19033,0,19033
DTL000856,ORD00223,PRD017,1,19033,0.11741912757588212,16798
DTL000826,ORD00216,PRD017,4,19033,0,76132
DTL000725,ORD00189,PRD017,4,19033,0,76132
DTL000758,ORD00198,PRD017,2,19033,0.05545389009038984,35955
DTL000878,ORD00230,PRD017,1,19033,0,19033
DTL001100,ORD00287,PRD017,3,19033,0,57099
DTL001657,ORD00432,PRD017,1,19033,0,19033
DTL001615,ORD00422,PRD017,2,19033,0,38066
DTL001611,ORD00420,PRD017,0,19033,0,0
DTL001604,ORD00419,PRD017,1,19033,0.12474271814382835,16658
DTL001569,ORD00410,PRD017,2,19033,0,38066
DTL001463,ORD00380,PRD017,2,19033,0,38066
DTL001539,ORD00401,PRD017,1,19033,0,19033
DTL001343,ORD00346,PRD017,1,19033,0,19033
DTL001313,ORD00338,PRD017,2,19033,0,38066
DTL001363,ORD00354,PRD017,0,19033,0,0
DTL001365,ORD00354,PRD017,1,17710,0.3933910306845004,10743
DTL001184,ORD00305,PRD017,1,19033,0,19033
DTL001257,ORD00324,PRD017,2,19033,0,38066
DTL001240,ORD00320,PRD017,3,19033,0,57099
DTL001730,ORD00449,PRD017,1,19033,0,19033
DTL001895,ORD00490,PRD017,1,19033,0,19033
DTL001860,ORD00481,PRD017,3,19033,0.036298299424671956,55026
DTL001988,ORD00517,PRD017,2,19033,0.02697890249824637,37039
DTL002232,ORD00580,PRD017,1,19033,0,19033
DTL002195,ORD00572,PRD017,1,19033,0,19033
DTL002152,ORD00560,PRD017,1,19033,0,19033
DTL002024,ORD00526,PRD017,2,19033,0,38066
DTL002048,ORD00530,PRD017,1,19033,0,19033
DTL002564,ORD00667,PRD017,1,19033,0,19033
DTL002527,ORD00658,PRD017,3,19033,0.05545389009038984,53932
DTL002515,ORD00655,PRD017,1,19033,0,19033
DTL002364,ORD00616,PRD017,1,19033,0.11741912757588212,16798
DTL002329,ORD00606,PRD017,1,19033,0.05545389009038984,17977
DTL002806,ORD00728,PRD017,3,19033,0.05545389009038984,53932
DTL002780,ORD00723,PRD017,4,19033,0,76132
DTL002584,ORD00672,PRD017,1,19033,0.18711407721574252,15471
DTL002610,ORD00678,PRD017,1,19033,0.18711407721574252,15471
DTL002941,ORD00763,PRD017,2,19033,0.05545389009038984,35955
DTL002954,ORD00766,PRD017,3,19033,0,57099
DTL002860,ORD00743,PRD017,1,18303,0,18303
DTL002877,ORD00747,PRD017,1,19033,0.18711407721574252,15471
DTL002887,ORD00750,PRD017,2,19033,0.05545389009038984,35955
DTL003292,ORD00859,PRD017,3,19033,0.017825629690368813,56081
DTL003322,ORD00866,PRD017,1,19033,0.18711407721574252,15471
DTL003259,ORD00851,PRD017,1,19033,0,19033
DTL003517,ORD00918,PRD017,5,19033,0.010619656985079383,94154
DTL003458,ORD00901,PRD017,4,19033,0.070291851768543,70780
DTL003426,ORD00893,PRD017,2,19033,0,38066
DTL003428,ORD00894,PRD017,3,19033,0.036298299424671956,55026
DTL003604,ORD00939,PRD017,4,19033,0,76132
DTL003561,ORD00928,PRD017,1,19033,0,19033
DTL003681,ORD00960,PRD017,2,19033,0,38066
DTL003646,ORD00952,PRD018,4,20183,0,80732
DTL003657,ORD00955,PRD018,2,20183,0.08028689182679441,37125
DTL003565,ORD00929,PRD018,1,20183,0,20183
DTL003474,ORD00905,PRD018,2,20183,0,40366
DTL003711,ORD00967,PRD018,2,20183,0,40366
DTL003842,ORD00998,PRD018,3,20183,0,60549
DTL003846,ORD00999,PRD018,1,20183,0,20183
DTL003258,ORD00851,PRD018,1,20183,0.17459116568701624,16659
DTL003225,ORD00843,PRD018,2,20183,0,40366
DTL003234,ORD00845,PRD018,2,20183,0,40366
DTL003314,ORD00864,PRD018,1,19857,0.11200089600716806,17632
DTL003371,ORD00878,PRD018,1,20183,0,20183
DTL002889,ORD00750,PRD018,2,20183,0,40366
DTL002909,ORD00755,PRD018,2,20183,0,40366
DTL002989,ORD00777,PRD018,1,20183,0.0521294896522963,19130
DTL003099,ORD00809,PRD018,3,20183,0.0521294896522963,57392
DTL002826,ORD00734,PRD018,1,20183,0.32931568201277744,13536
DTL002322,ORD00603,PRD018,1,20183,0,20183
DTL002313,ORD00601,PRD018,1,20183,0,20183
DTL002376,ORD00620,PRD018,4,20183,0.012542015752771786,79719
DTL002512,ORD00654,PRD018,2,20183,0,40366
DTL002033,ORD00527,PRD018,2,20183,0,40366
DTL002058,ORD00534,PRD018,2,20183,0,40366
DTL002118,ORD00550,PRD018,2,20183,0,40366
DTL002249,ORD00585,PRD018,1,20183,0,20183
DTL001972,ORD00512,PRD018,3,20183,0,60549
DTL001747,ORD00453,PRD018,2,20325,0,40650
DTL001794,ORD00465,PRD018,2,20183,0,40366
DTL001243,ORD00321,PRD018,4,20183,-0.012235109871286644,81719
DTL001277,ORD00329,PRD018,1,20183,0,20183
DTL001212,ORD00313,PRD018,2,21094,0.024278916189181314,41163
DTL001423,ORD00371,PRD018,2,20183,0,40366
DTL001316,ORD00339,PRD018,1,20183,0,20183
DTL001493,ORD00388,PRD018,2,20183,0,40366
DTL001017,ORD00264,PRD018,1,20183,0,20183
DTL000634,ORD00166,PRD018,1,18339,0,18339
DTL000644,ORD00169,PRD018,3,20183,0.03415942202257938,58480
DTL000661,ORD00174,PRD018,1,20183,0,20183
DTL000187,ORD00050,PRD018,1,20183,0.32931568201277744,13536
DTL000240,ORD00063,PRD018,4,19628,0,78512
DTL000107,ORD00028,PRD018,2,20183,0,40366
DTL000126,ORD00033,PRD018,2,19652,0,39304
DTL000113,ORD00030,PRD018,2,20183,0.0521294896522963,38261
DTL000121,ORD00032,PRD019,1,32762,0,32762
DTL000137,ORD00036,PRD019,2,32762,0,65524
DTL000108,ORD00029,PRD019,1,32762,0,32762
DTL000501,ORD00134,PRD019,1,32762,0.05286809410520751,31029
DTL000457,ORD00121,PRD019,2,32762,0.05286809410520751,62059
DTL000459,ORD00122,PRD019,2,32762,0,65524
DTL000482,ORD00127,PRD019,5,32762,0,163810
DTL000498,ORD00132,PRD019,2,32762,0.07930214115781126,60327
DTL000344,ORD00094,PRD019,2,32762,0,65524
DTL000333,ORD00090,PRD019,1,32762,0,32762
DTL000412,ORD00109,PRD019,2,32762,0.05286809410520751,62059
DTL000424,ORD00112,PRD019,3,32762,0,98286
DTL000372,ORD00101,PRD019,2,32762,0.05286809410520751,62059
DTL000707,ORD00183,PRD019,2,32762,0,65524
DTL000701,ORD00182,PRD019,1,32762,0.3352329869259135,21779
DTL000610,ORD00159,PRD019,3,32762,0,98286
DTL000573,ORD00151,PRD019,4,32762,0.0669702652022502,122271
DTL000731,ORD00190,PRD019,2,32762,0,65524
DTL000775,ORD00203,PRD019,1,32762,0.17735737511084837,26951
DTL001029,ORD00268,PRD019,2,32762,0.1435544071202986,56117
DTL001124,ORD00292,PRD019,5,32762,0,163810
DTL000931,ORD00242,PRD019,5,32762,0,163810
DTL000989,ORD00257,PRD019,4,32762,0,131048
DTL000982,ORD00256,PRD019,1,32762,0,32762
DTL001445,ORD00376,PRD019,0,32762,0,0
DTL001690,ORD00440,PRD019,1,32762,0,32762
DTL001160,ORD00300,PRD019,1,32762,0,32762
DTL001161,ORD00300,PRD019,2,32762,0,65524
DTL001266,ORD00326,PRD019,2,32762,0,65524
DTL001236,ORD00319,PRD019,1,32762,0.3352329869259135,21779
DTL001818,ORD00471,PRD019,2,32762,0.05286809410520751,62059
DTL001827,ORD00472,PRD019,1,32762,0,32762
DTL001855,ORD00479,PRD019,2,32762,0,65524
DTL001891,ORD00489,PRD019,1,32762,0,32762
DTL002210,ORD00576,PRD019,2,32762,0,65524
DTL002177,ORD00566,PRD019,3,32762,0.017022725338326668,96612
DTL002207,ORD00575,PRD019,1,32762,0,32762
DTL002126,ORD00552,PRD019,4,32762,0,131048
DTL002120,ORD00551,PRD019,1,32762,0,32762
DTL002474,ORD00645,PRD019,4,32762,0,131048
DTL002485,ORD00647,PRD019,3,32762,0.05286809410520751,93089
DTL002378,ORD00620,PRD019,1,32762,0,32762
DTL002389,ORD00623,PRD019,3,32762,0,98286
DTL002302,ORD00597,PRD019,2,32762,0.1435544071202986,56117
DTL002278,ORD00592,PRD019,2,32762,0,65524
DTL002335,ORD00607,PRD019,1,32762,0,32762
DTL002854,ORD00741,PRD019,1,32762,0.11163829193413341,29104
DTL002813,ORD00730,PRD019,2,32762,0,65524
DTL002792,ORD00725,PRD019,3,32762,0,98286
DTL002783,ORD00724,PRD019,2,32762,0.05286809410520751,62059
DTL002632,ORD00685,PRD019,3,32762,0,98286
DTL002642,ORD00688,PRD019,2,32762,0,65524
DTL002677,ORD00696,PRD019,2,32762,0,65524
DTL002704,ORD00704,PRD019,3,32762,0,98286
DTL003121,ORD00816,PRD019,1,32762,0,32762
DTL003130,ORD00818,PRD019,2,32762,0,65524
DTL003022,ORD00787,PRD019,1,32762,0,32762
DTL003045,ORD00794,PRD019,1,32762,0.05286809410520751,31029
DTL002885,ORD00749,PRD019,1,32762,0,32762
DTL003387,ORD00882,PRD019,3,32762,0.05286809410520751,93089
DTL003216,ORD00841,PRD019,2,32762,0,65524
DTL003244,ORD00848,PRD019,1,32762,0,32762
DTL003156,ORD00826,PRD019,3,32762,0,98286
DTL003195,ORD00836,PRD019,1,32762,0,32762
DTL003736,ORD00973,PRD019,2,32762,0.05286809410520751,62059
DTL003774,ORD00982,PRD019,1,32762,0,32762
DTL003782,ORD00984,PRD019,2,32762,0.1435544071202986,56117
DTL003473,ORD00905,PRD019,1,32762,0.17735737511084837,26951
DTL003571,ORD00930,PRD019,1,32762,0,32762
DTL003680,ORD00960,PRD019,1,32762,0,32762
DTL003689,ORD00962,PRD020,2,23288,0,46576
DTL003634,ORD00948,PRD020,3,23288,0,69864
DTL003471,ORD00904,PRD020,1,21978,0,21978
DTL003447,ORD00898,PRD020,2,23288,0.06884523590967505,43369
DTL003501,ORD00913,PRD020,3,23288,0.077084361124815,64478
DTL003494,ORD00912,PRD020,1,23288,0,23288
DTL003769,ORD00981,PRD020,1,23288,0,23288
DTL003800,ORD00988,PRD020,1,23288,0,23288
DTL003813,ORD00991,PRD020,1,23288,0,23288
DTL003816,ORD00992,PRD020,3,23288,-0.014111537593136148,70849
DTL003839,ORD00998,PRD020,2,23288,0.04486719310839914,44486
DTL003766,ORD00981,PRD020,5,23288,0.026445698166431594,113360
DTL003726,ORD00971,PRD020,2,23288,0,46576
DTL003227,ORD00843,PRD020,2,23288,0,46576
DTL003390,ORD00883,PRD020,1,23288,0,23288
DTL003414,ORD00890,PRD020,2,23288,0,46576
DTL003296,ORD00859,PRD020,2,23288,0.04486719310839914,44486
DTL002882,ORD00749,PRD020,1,23288,0,23288
DTL002958,ORD00768,PRD020,1,22063,0,22063
DTL003043,ORD00793,PRD020,3,23288,0.02947070611811859,67805
DTL003030,ORD00788,PRD020,1,23288,0,23288
DTL003018,ORD00786,PRD020,5,23288,0.017476406850751487,114405
DTL003116,ORD00815,PRD020,1,23288,0.04486719310839914,22243
DTL002662,ORD00693,PRD020,0,22180,0,0
DTL002634,ORD00686,PRD020,2,23288,0,46576
DTL002764,ORD00718,PRD020,1,23288,0.27340332458442695,16920
DTL002721,ORD00709,PRD020,1,23288,0,23288
DTL002814,ORD00730,PRD020,1,23288,0,23288
DTL002355,ORD00614,PRD020,3,23288,0,69864
DTL002440,ORD00636,PRD020,1,23288,0,23288
DTL002437,ORD00635,PRD020,2,23288,0,46576
DTL002551,ORD00664,PRD020,2,23288,0,46576
DTL002064,ORD00535,PRD020,1,23288,0,23288
DTL002042,ORD00529,PRD020,2,23288,0,46576
DTL002180,ORD00567,PRD020,4,23288,0,93152
DTL002158,ORD00561,PRD020,3,23288,0,69864
DTL002250,ORD00585,PRD020,4,23288,0,93152
DTL001993,ORD00518,PRD020,3,23288,0,69864
DTL001952,ORD00508,PRD020,1,23288,-0.07908889591901297,25129
DTL001801,ORD00466,PRD020,1,23288,0,23288
DTL001224,ORD00317,PRD020,2,23288,0,46576
DTL001268,ORD00326,PRD020,3,23288,0.077084361124815,64478
DTL001281,ORD00330,PRD020,1,23288,0.04486719310839914,22243
DTL001309,ORD00337,PRD020,2,23288,0,46576
DTL001292,ORD00333,PRD020,1,23288,0,23288
DTL001708,ORD00443,PRD020,0,23288,0,0
DTL001704,ORD00443,PRD020,2,23288,0,46576
DTL001692,ORD00440,PRD020,2,23288,0,46576
DTL001483,ORD00386,PRD020,2,23288,0,46576
DTL000885,ORD00231,PRD020,5,23288,0,116440
DTL001115,ORD00289,PRD020,2,22860,0,45720
DTL001099,ORD00287,PRD020,1,23288,0,23288
DTL001011,ORD00263,PRD020,3,23288,0.02947070611811859,67805
DTL000789,ORD00206,PRD020,2,23288,0,46576
DTL000751,ORD00196,PRD020,1,23288,0,23288
DTL000827,ORD00216,PRD020,1,23288,0,23288
DTL000810,ORD00211,PRD020,1,23288,0.14787066246056782,19844
DTL000577,ORD00152,PRD020,1,23288,0,23288
DTL000619,ORD00162,PRD020,5,23288,0,116440
DTL000718,ORD00187,PRD020,1,23288,0,23288
DTL000378,ORD00102,PRD020,2,23288,0,46576
DTL000336,ORD00091,PRD020,2,23288,0,46576
DTL000357,ORD00097,PRD020,4,23288,0,93152
DTL000503,ORD00134,PRD020,3,23288,0,69864
DTL000097,ORD00026,PRD020,2,23288,0.021941372652273125,45554
DTL000154,ORD00042,PRD020,1,23288,0,23288
DTL000161,ORD00044,PRD021,1,22179,0.1564210855623338,18709
DTL000114,ORD00030,PRD021,3,22179,0.015258556235409006,65521
DTL000065,ORD00017,PRD021,1,22103,0,22103
DTL000519,ORD00138,PRD021,1,22179,0,22179
DTL000329,ORD00089,PRD021,2,22179,0,44358
DTL000687,ORD00179,PRD021,5,22179,0,110895
DTL000699,ORD00182,PRD021,2,22179,0,44358
DTL000651,ORD00170,PRD021,2,22179,0.023063794455463815,43334
DTL000800,ORD00208,PRD021,3,22179,0,66537
DTL000843,ORD00220,PRD021,5,22179,0,110895
DTL001012,ORD00263,PRD021,1,22179,0,22179
DTL001142,ORD00296,PRD021,3,22179,0,66537
DTL000926,ORD00241,PRD021,1,22179,0,22179
DTL000912,ORD00238,PRD021,3,22179,0,66537
DTL000987,ORD00257,PRD021,1,22179,0.1564210855623338,18709
DTL000942,ORD00246,PRD021,5,22179,0.018366316176132973,108858
DTL001488,ORD00387,PRD021,1,22179,0,22179
DTL001476,ORD00384,PRD021,1,22179,0,22179
DTL001543,ORD00402,PRD021,4,22179,0.05972573940465383,83417
DTL001653,ORD00431,PRD021,5,22179,0,110895
DTL001297,ORD00333,PRD021,5,22179,0,110895
DTL001417,ORD00369,PRD021,1,22179,0,22179
DTL001395,ORD00361,PRD021,1,21100,0,21100
DTL001263,ORD00325,PRD021,1,22179,0.09911293919421181,19980
DTL001787,ORD00462,PRD021,1,22179,0,22179
DTL001824,ORD00472,PRD021,1,22179,0.1564210855623338,18709
DTL001741,ORD00452,PRD021,3,22179,0,66537
DTL001731,ORD00450,PRD021,3,22179,0,66537
DTL001767,ORD00457,PRD021,1,22179,0,22179
DTL001764,ORD00457,PRD021,1,22179,0.09911293919421181,19980
DTL001760,ORD00456,PRD021,1,22179,0,22179
DTL001941,ORD00504,PRD021,4,22179,0,88716
DTL002206,ORD00575,PRD021,4,22179,0,88716
DTL002197,ORD00573,PRD021,3,22179,0,66537
DTL002107,ORD00547,PRD021,3,22179,0,66537
DTL002133,ORD00555,PRD021,2,22179,0.1270389755577011,38722
DTL002560,ORD00666,PRD021,1,22179,0,22179
DTL002570,ORD00669,PRD021,4,22179,0,88716
DTL002534,ORD00660,PRD021,2,22179,0.04721658246376127,42263
DTL002286,ORD00594,PRD021,1,22179,0.09911293919421181,19980
DTL002293,ORD00595,PRD021,3,22179,0,66537
DTL002834,ORD00736,PRD021,1,22179,0.29105302986204085,15723
DTL002749,ORD00715,PRD021,2,22179,0.1270389755577011,38722
DTL002613,ORD00679,PRD021,2,22179,0,44358
DTL002956,ORD00767,PRD021,2,22179,0,44358
DTL003284,ORD00857,PRD021,2,22179,0,44358
DTL003400,ORD00886,PRD021,4,22179,0,88716
DTL003238,ORD00846,PRD021,2,22179,0,44358
DTL003246,ORD00848,PRD021,1,22179,0,22179
DTL003183,ORD00833,PRD021,2,22179,0.07253735673872044,41140
DTL003147,ORD00824,PRD021,1,22179,0.04721658246376127,21131
DTL003751,ORD00977,PRD021,1,22179,0.29105302986204085,15723
DTL003738,ORD00974,PRD021,2,22179,0.07253735673872044,41140
DTL003732,ORD00972,PRD021,3,22179,0,66537
DTL003746,ORD00976,PRD021,2,22179,0,44358
DTL003741,ORD00974,PRD021,4,22179,0.05972573940465383,83417
DTL003807,ORD00989,PRD021,2,22179,0,44358
DTL003421,ORD00892,PRD021,3,22179,0,66537
DTL003713,ORD00968,PRD022,1,24086,0,24086
DTL003419,ORD00891,PRD022,1,24086,0,24086
DTL003366,ORD00877,PRD022,1,24086,0,24086
DTL003342,ORD00872,PRD022,5,24086,0.02554713446308439,117353
DTL003061,ORD00798,PRD022,2,24086,0,48172
DTL002638,ORD00687,PRD022,2,24086,0.0664128221021872,44972
DTL002578,ORD00671,PRD022,1,24086,0,24086
DTL002750,ORD00716,PRD022,1,24086,0,24086
DTL002827,ORD00734,PRD022,4,24086,0,96344
DTL002338,ORD00608,PRD022,3,24086,0,72258
DTL002354,ORD00614,PRD022,1,24086,0,24086
DTL002390,ORD00624,PRD022,3,24086,0.04331629559040111,69128
DTL002372,ORD00618,PRD022,2,24086,0,48172
DTL002147,ORD00559,PRD022,2,24086,0,48172
DTL002217,ORD00577,PRD022,5,24086,0.04331629559040111,115213
DTL001989,ORD00517,PRD022,1,24086,0.09055510278004165,21904
DTL001905,ORD00493,PRD022,2,22663,0,45326
DTL001766,ORD00457,PRD022,2,24086,0,48172
DTL001234,ORD00319,PRD022,2,24086,0,48172
DTL001459,ORD00379,PRD022,1,24086,0,24086
DTL000990,ORD00257,PRD022,3,24086,0,72258
DTL000998,ORD00260,PRD022,1,24086,0.09055510278004165,21904
DTL000897,ORD00234,PRD022,1,24086,0,24086
DTL000652,ORD00171,PRD022,3,24086,0,72258
DTL000677,ORD00177,PRD022,2,24086,0,48172
DTL000670,ORD00176,PRD022,3,24086,0.07219382598400184,67041
DTL000709,ORD00184,PRD022,2,24086,0,48172
DTL000624,ORD00163,PRD022,2,24086,0,48172
DTL000373,ORD00101,PRD022,1,24086,0,24086
DTL000404,ORD00108,PRD022,3,24086,0,72258
DTL000566,ORD00149,PRD022,3,24086,0,72258
DTL000561,ORD00148,PRD022,3,24086,0,72258
DTL000469,ORD00124,PRD022,2,24086,0,48172
DTL000055,ORD00015,PRD022,1,24086,0,24086
DTL000284,ORD00078,PRD022,2,24086,0,48172
DTL000163,ORD00044,PRD023,3,31062,0,93186
DTL000015,ORD00004,PRD023,5,31062,0,155310
DTL000475,ORD00125,PRD023,3,31062,0.014046522081132712,91877
DTL000481,ORD00127,PRD023,3,31062,0,93186
DTL000520,ORD00138,PRD023,1,31062,0,31062
DTL000526,ORD00139,PRD023,1,31062,0,31062
DTL000367,ORD00100,PRD023,1,31062,0,31062
DTL000304,ORD00083,PRD023,2,31062,0,62124
DTL000684,ORD00178,PRD023,4,31062,0.05479091785745595,117440
DTL000658,ORD00173,PRD023,2,31062,0.07218479307025986,57639
DTL000777,ORD00204,PRD023,1,31062,0,31062
DTL001469,ORD00382,PRD023,1,31062,0,31062
DTL001705,ORD00443,PRD023,1,31062,0.2622744439781788,22915
DTL001287,ORD00331,PRD023,1,31062,0.1424230915305735,26638
DTL001288,ORD00331,PRD023,1,31062,0,31062
DTL001401,ORD00363,PRD023,2,31062,0,62124
DTL001367,ORD00354,PRD023,1,31062,0,31062
DTL001850,ORD00478,PRD023,1,31062,0,31062
DTL001884,ORD00486,PRD023,2,31062,0,62124
DTL002223,ORD00578,PRD023,3,31062,0,93186
DTL002184,ORD00568,PRD023,3,31062,0.043357613596947626,89145
DTL002025,ORD00526,PRD023,4,31062,0,124248
DTL002312,ORD00601,PRD023,1,31062,0,31062
DTL002528,ORD00659,PRD023,1,31062,0.1424230915305735,26638
DTL002537,ORD00660,PRD023,1,31062,0,31062
DTL002573,ORD00669,PRD023,2,31062,0,62124
DTL002456,ORD00640,PRD023,5,31062,0.043357613596947626,148576
DTL002486,ORD00647,PRD023,1,31062,0,31062
DTL002817,ORD00731,PRD023,3,31062,0,93186
DTL002767,ORD00719,PRD023,1,31062,0,31062
DTL002725,ORD00710,PRD023,3,31062,0.014046522081132712,91877
DTL002594,ORD00674,PRD023,4,31062,0.03216951188127305,120251
DTL002671,ORD00695,PRD023,1,31062,0,31062
DTL003086,ORD00807,PRD023,1,31062,0.03989786147462496,29822
DTL002863,ORD00744,PRD023,2,31062,0,62124
DTL003740,ORD00974,PRD023,3,31062,0.014046522081132712,91877
DTL003469,ORD00904,PRD023,1,31062,0,31062
DTL003461,ORD00902,PRD023,2,31062,0,62124
DTL003482,ORD00908,PRD023,3,31062,0,93186
DTL003566,ORD00929,PRD023,3,31062,0,93186
DTL003575,ORD00931,PRD023,1,31062,0,31062
DTL003788,ORD00985,PRD024,4,19114,0,76456
DTL003033,ORD00789,PRD024,2,19114,0,38228
DTL003297,ORD00860,PRD024,1,19114,0,19114
DTL003300,ORD00861,PRD024,2,19114,0.09028530155290719,34776
DTL003312,ORD00864,PRD024,2,19114,0,38228
DTL003188,ORD00834,PRD024,4,19114,0,76456
DTL002700,ORD00704,PRD024,2,19114,0,38228
DTL002696,ORD00702,PRD024,1,19114,0,19114
DTL002746,ORD00714,PRD024,1,19114,0,19114
DTL002769,ORD00719,PRD024,1,19114,0,19114
DTL002457,ORD00641,PRD024,2,19114,0,38228
DTL002452,ORD00640,PRD024,4,19114,0,76456
DTL002428,ORD00633,PRD024,4,19114,0.026861502095197165,74402
DTL002297,ORD00596,PRD024,4,19114,0,76456
DTL001888,ORD00488,PRD024,2,19114,0,38228
DTL001295,ORD00333,PRD024,2,19114,0,38228
DTL001282,ORD00330,PRD024,1,19114,0,19114
DTL001568,ORD00409,PRD024,1,19114,-0.2073484282989135,23077
DTL001465,ORD00381,PRD024,1,19114,0,19114
DTL001460,ORD00380,PRD024,1,19114,0,19114
DTL001458,ORD00379,PRD024,1,19114,0.055205918074417576,18058
DTL001550,ORD00404,PRD024,4,19114,0.0699731303179579,71106
DTL001509,ORD00392,PRD024,2,19114,0,38228
DTL000821,ORD00214,PRD024,1,19114,0.055205918074417576,18058
DTL000906,ORD00236,PRD024,3,19114,0.09552558175079286,51864
DTL000337,ORD00091,PRD024,3,19114,0,57342
DTL000449,ORD00118,PRD024,1,19114,0,19114
DTL000191,ORD00051,PRD024,2,19114,0,38228
DTL000232,ORD00062,PRD025,0,19291,0,0
DTL000030,ORD00009,PRD025,5,19291,0,96455
DTL000488,ORD00128,PRD025,1,19291,0,19291
DTL000465,ORD00124,PRD025,1,19291,0,19291
DTL000909,ORD00237,PRD025,3,19291,0,57873
DTL001084,ORD00284,PRD025,2,19291,0,38582
DTL001089,ORD00285,PRD025,2,19291,0.02810409757742679,37497
DTL000784,ORD00205,PRD025,1,19291,0,19291
DTL000762,ORD00199,PRD025,0,19291,0,0
DTL000645,ORD00169,PRD025,1,19291,0,19291
DTL000637,ORD00167,PRD025,1,19291,0,19291
DTL001613,ORD00421,PRD025,2,19291,0,38582
DTL001668,ORD00435,PRD025,3,19291,0.09456622472717645,52400
DTL001222,ORD00316,PRD025,3,19291,0,57873
DTL001197,ORD00308,PRD025,2,19291,0.1488892859269847,32837
DTL001396,ORD00361,PRD025,2,19291,0,38582
DTL001399,ORD00363,PRD025,5,19291,0.032101011181852226,93358
DTL001416,ORD00368,PRD025,2,19291,0,38582
DTL001947,ORD00506,PRD025,4,19291,0,77164
DTL001950,ORD00507,PRD025,1,19291,0,19291
DTL001771,ORD00459,PRD025,1,19291,0,19291
DTL001822,ORD00471,PRD025,2,19291,0,38582
DTL001799,ORD00466,PRD025,1,19291,0,19291
DTL002021,ORD00525,PRD025,5,19291,0,96455
DTL002045,ORD00530,PRD025,3,19291,0,57873
DTL002185,ORD00568,PRD025,0,19291,0,0
DTL002273,ORD00591,PRD025,1,19291,0,19291
DTL002341,ORD00609,PRD025,1,19291,0.05467169646274124,18236
DTL002417,ORD00630,PRD025,2,17385,0,34770
DTL002477,ORD00645,PRD025,3,19291,0.03579546471462066,55801
DTL002470,ORD00644,PRD025,2,19291,0,38582
DTL002755,ORD00716,PRD025,1,19291,0,19291
DTL002688,ORD00700,PRD025,1,19291,0,19291
DTL002595,ORD00674,PRD025,2,17815,0.028876696505919723,34601
DTL002582,ORD00672,PRD025,1,19291,0.18415075808728745,15738
DTL002591,ORD00674,PRD025,1,19291,0.349870547897278,12541
DTL003173,ORD00831,PRD025,0,19291,0,0
DTL003257,ORD00850,PRD025,4,19291,0.013129562522976734,76150
DTL003250,ORD00849,PRD025,1,19291,0,19291
DTL003294,ORD00859,PRD025,3,19291,0,57873
DTL003066,ORD00799,PRD025,1,19291,0,19291
DTL002886,ORD00750,PRD025,2,19291,0,38582
DTL002878,ORD00748,PRD025,1,19291,0,19291
DTL002967,ORD00770,PRD025,3,19291,0.09456622472717645,52400
DTL002936,ORD00761,PRD025,1,19291,0,19291
DTL003803,ORD00988,PRD025,1,17489,0,17489
DTL003722,ORD00970,PRD025,1,19291,0.349870547897278,12541
DTL003423,ORD00892,PRD025,3,19291,0,57873
DTL003513,ORD00917,PRD025,4,19291,0.02660848278431164,75110
DTL003510,ORD00916,PRD025,1,19291,0,19291
DTL003618,ORD00944,PRD026,2,29180,0.035486160397444996,56289
DTL003692,ORD00962,PRD026,1,29180,0.11459129106187929,25836
DTL003679,ORD00960,PRD026,4,29180,0.017433751743375175,114685
DTL003712,ORD00967,PRD026,2,29180,0.054190751445086706,55197
DTL003811,ORD00991,PRD026,1,29180,0.035486160397444996,28144
DTL002960,ORD00768,PRD026,1,29180,0.20678246484698098,23146
DTL002924,ORD00758,PRD026,3,29180,0,87540
DTL003339,ORD00871,PRD026,2,29180,0,58360
DTL002616,ORD00680,PRD026,2,29180,0,58360
DTL002292,ORD00595,PRD026,2,29180,0,58360
DTL002235,ORD00581,PRD026,1,29180,0.20678246484698098,23146
DTL001811,ORD00469,PRD026,2,29180,-0.03313452617627568,60293
DTL001724,ORD00448,PRD026,5,28025,0.014479638009049774,138096
DTL001736,ORD00451,PRD026,1,29180,0,29180
DTL001917,ORD00496,PRD026,2,29180,0,58360
DTL001252,ORD00323,PRD026,2,29180,0,58360
DTL001577,ORD00411,PRD026,1,29180,0.11459129106187929,25836
DTL001549,ORD00404,PRD026,2,28087,0,56174
DTL001529,ORD00398,PRD026,2,29180,0.017433751743375175,57342
DTL001450,ORD00378,PRD026,2,29180,0.017433751743375175,57342
DTL000717,ORD00186,PRD026,2,29180,0.017433751743375175,57342
DTL000732,ORD00190,PRD026,1,29180,0,29180
DTL000788,ORD00206,PRD026,1,29180,0,29180
DTL000868,ORD00227,PRD026,2,29180,0,58360
DTL000032,ORD00009,PRD026,2,29180,0,58360
DTL000063,ORD00017,PRD026,2,29180,0.035486160397444996,56289
DTL000139,ORD00037,PRD026,1,29180,0.20678246484698098,23146
DTL000099,ORD00026,PRD026,3,29180,0,87540
DTL000100,ORD00026,PRD026,1,29180,0,29180
DTL000216,ORD00057,PRD026,5,29180,0.035486160397444996,140722
DTL000156,ORD00042,PRD026,3,29180,0.0605766900896535,82237
DTL000096,ORD00026,PRD027,1,40342,0.08033849284987414,37100
DTL000117,ORD00031,PRD027,3,39724,0,119172
DTL000478,ORD00126,PRD027,4,39724,0,158896
DTL000452,ORD00119,PRD027,3,38385,0.02674869600106995,112074
DTL000534,ORD00141,PRD027,1,39724,0.0816904476636532,36478
DTL000375,ORD00101,PRD027,2,39724,0,79448
DTL000903,ORD00236,PRD027,3,39724,0.02582377853527528,116094
DTL000994,ORD00259,PRD027,3,39724,0,119172
DTL000767,ORD00201,PRD027,2,39724,0,79448
DTL000668,ORD00175,PRD027,2,39724,0,79448
DTL001453,ORD00378,PRD027,1,39724,0,39724
DTL001714,ORD00445,PRD027,2,39724,0,79448
DTL001264,ORD00325,PRD027,1,39724,0.02582377853527528,38698
DTL001409,ORD00366,PRD027,1,39724,0.05301664722722935,37617
DTL001317,ORD00339,PRD027,3,39724,0.008462241478522831,118163
DTL001879,ORD00485,PRD027,1,39724,0,39724
DTL001954,ORD00508,PRD027,3,39724,0,119172
DTL001754,ORD00454,PRD027,1,39724,0.0816904476636532,36478
DTL001836,ORD00475,PRD027,1,39724,0,39724
DTL002224,ORD00578,PRD027,1,39724,0,39724
DTL002036,ORD00528,PRD027,1,39724,0.04681209624566988,37864
DTL002007,ORD00522,PRD027,4,39724,0,158896
DTL002464,ORD00642,PRD027,1,39724,0,39724
DTL002559,ORD00666,PRD027,1,39724,0.02582377853527528,38698
DTL002517,ORD00656,PRD027,1,39724,0,39724
DTL002605,ORD00677,PRD027,1,39724,0.02582377853527528,38698
DTL002747,ORD00714,PRD027,1,39724,0,39724
DTL002736,ORD00712,PRD027,1,39724,0,39724
DTL003377,ORD00879,PRD027,1,39724,0,39724
DTL003218,ORD00841,PRD027,2,39724,0,79448
DTL003182,ORD00833,PRD027,2,39724,0,79448
DTL002876,ORD00747,PRD027,4,39724,0,158896
DTL003077,ORD00804,PRD027,0,39724,0,0
DTL003049,ORD00795,PRD027,4,39724,0,158896
DTL003027,ORD00787,PRD027,4,39724,0,158896
DTL002991,ORD00778,PRD027,1,39724,0.14399262757746803,34004
DTL003783,ORD00984,PRD027,3,39724,0.02582377853527528,116094
DTL003767,ORD00981,PRD027,3,39724,0.0437935746067337,113953
DTL003677,ORD00959,PRD027,2,39724,0,79448
DTL003632,ORD00948,PRD027,3,39724,0,119172
DTL003591,ORD00936,PRD027,2,39724,0,79448
DTL003431,ORD00894,PRD027,1,39724,0.02582377853527528,38698
DTL003522,ORD00919,PRD028,3,35757,0,107271
DTL003497,ORD00912,PRD028,1,35757,0,35757
DTL003541,ORD00924,PRD028,1,35757,0.1625646194362259,29944
DTL003553,ORD00926,PRD028,2,35757,0,71514
DTL003760,ORD00979,PRD028,1,35757,0.0592469709986077,33638
DTL003806,ORD00989,PRD028,4,35757,0,143028
DTL003076,ORD00804,PRD028,1,35757,0,35757
DTL003084,ORD00806,PRD028,1,35757,0,35757
DTL003111,ORD00812,PRD028,1,35757,0.0592469709986077,33638
DTL003133,ORD00819,PRD028,1,35757,0.1625646194362259,29944
DTL002961,ORD00768,PRD028,2,35757,0,71514
DTL002974,ORD00773,PRD028,4,35757,0,143028
DTL002987,ORD00777,PRD028,1,35757,0.0592469709986077,33638
DTL003358,ORD00874,PRD028,1,35757,0.09158347834050737,32482
DTL003315,ORD00865,PRD028,1,35757,0,35757
DTL003277,ORD00855,PRD028,5,35757,0,178785
DTL002714,ORD00707,PRD028,1,35757,0,35757
DTL002742,ORD00714,PRD028,5,35757,0.00562477149365807,177779
DTL002724,ORD00709,PRD028,1,35757,0.02877118278332422,34728
DTL002765,ORD00719,PRD028,3,35757,0.009409904865861806,106261
DTL002779,ORD00723,PRD028,1,35757,0,35757
DTL002796,ORD00726,PRD028,3,35757,0.018998584605446893,105233
DTL002853,ORD00741,PRD028,2,35757,0.04378667133724494,68382
DTL002598,ORD00675,PRD028,0,35757,0,0
DTL002646,ORD00689,PRD028,2,35757,0.07517214421024146,66138
DTL002525,ORD00658,PRD028,2,35757,0.02877118278332422,69456
DTL002441,ORD00636,PRD028,1,35757,0.02877118278332422,34728
DTL002454,ORD00640,PRD028,2,35757,0,71514
DTL002409,ORD00628,PRD028,2,35757,0.07517214421024146,66138
DTL002384,ORD00622,PRD028,5,35757,0,178785
DTL002363,ORD00616,PRD028,1,35757,0,35757
DTL002359,ORD00615,PRD028,2,35757,0.04378667133724494,68382
DTL002010,ORD00522,PRD028,2,35757,0,71514
DTL002003,ORD00520,PRD028,1,35757,0,35757
DTL002026,ORD00526,PRD028,2,35757,0,71514
DTL002082,ORD00541,PRD028,5,35757,0,178785
DTL002267,ORD00590,PRD028,2,35757,0,71514
DTL002202,ORD00574,PRD028,2,35757,0,71514
DTL001842,ORD00476,PRD028,1,35757,0,35757
DTL001848,ORD00477,PRD028,3,35757,0,107271
DTL001784,ORD00462,PRD028,1,35757,0,35757
DTL001759,ORD00455,PRD028,4,35757,0,143028
DTL001735,ORD00451,PRD028,4,35757,0,143028
DTL001881,ORD00486,PRD028,1,35757,0,35757
DTL001869,ORD00483,PRD028,3,35757,0,107271
DTL001302,ORD00335,PRD028,1,35757,0,35757
DTL001381,ORD00358,PRD028,5,35757,0,178785
DTL001394,ORD00360,PRD028,2,35757,0.014181580962645716,70499
DTL001232,ORD00318,PRD028,1,35757,0.0592469709986077,33638
DTL001711,ORD00444,PRD028,0,35757,0,0
DTL001578,ORD00412,PRD028,1,35757,0,35757
DTL001455,ORD00378,PRD028,1,35757,0,35757
DTL001535,ORD00400,PRD028,3,35757,0,107271
DTL001554,ORD00405,PRD028,1,37263,0.05671667186569492,35149
DTL000708,ORD00183,PRD028,2,35757,0.014181580962645716,70499
DTL000581,ORD00152,PRD028,1,35757,0,35757
DTL000748,ORD00195,PRD028,2,35757,0.02877118278332422,69456
DTL000756,ORD00198,PRD028,1,35757,0,35757
DTL000757,ORD00198,PRD028,2,35757,0,71514
DTL000812,ORD00212,PRD028,4,35757,0.0362245341524908,137846
DTL000941,ORD00245,PRD028,1,35757,0,35757
DTL000927,ORD00241,PRD028,1,35757,0,35757
DTL001136,ORD00294,PRD028,1,35757,0,35757
DTL000428,ORD00114,PRD028,1,35757,0.09158347834050737,32482
DTL000415,ORD00110,PRD028,2,35757,0,71514
DTL000315,ORD00086,PRD028,2,35757,0,71514
DTL000450,ORD00119,PRD028,3,35757,0.009409904865861806,106261
DTL000434,ORD00115,PRD028,1,35757,0.0592469709986077,33638
DTL000167,ORD00045,PRD028,1,35757,0.0592469709986077,33638
DTL000185,ORD00050,PRD029,2,41491,0,82982
DTL000208,ORD00055,PRD029,1,41491,0.13702008714477543,35805
DTL000227,ORD00061,PRD029,1,41491,0,41491
DTL000237,ORD00063,PRD029,1,41491,0,41491
DTL000091,ORD00024,PRD029,4,41491,0.01219779951696714,163939
DTL000060,ORD00016,PRD029,1,41491,0,41491
DTL000461,ORD00122,PRD029,4,41491,0,165964
DTL000473,ORD00125,PRD029,4,41491,0,165964
DTL000529,ORD00140,PRD029,3,41491,0,124473
DTL000314,ORD00086,PRD029,1,41491,0,41491
DTL000312,ORD00085,PRD029,2,39280,0.012893243940175348,77547
DTL000363,ORD00099,PRD029,4,39672,0,158688
DTL000387,ORD00104,PRD029,1,41491,0.13702008714477543,35805
DTL001021,ORD00265,PRD029,2,41491,0,82982
DTL001031,ORD00269,PRD029,2,41491,0,82982
DTL000933,ORD00243,PRD029,2,41491,0.024696846212738634,80932
DTL000851,ORD00222,PRD029,5,41491,0,207455
DTL000765,ORD00200,PRD029,5,41491,0.014673155462082121,204410
DTL000665,ORD00174,PRD029,1,41491,0,41491
DTL000660,ORD00174,PRD029,1,41491,0,41491
DTL001516,ORD00394,PRD029,3,41491,0,124473
DTL001420,ORD00370,PRD029,3,41491,0,124473
DTL001421,ORD00371,PRD029,1,41491,0,41491
DTL001480,ORD00385,PRD029,1,41491,0,41491
DTL001481,ORD00385,PRD029,2,41491,0,82982
DTL001676,ORD00437,PRD029,1,41491,0,41491
DTL001658,ORD00432,PRD029,1,41491,0.05064445063432174,39389
DTL001635,ORD00427,PRD029,1,41491,0,41491
DTL001645,ORD00429,PRD029,3,41491,0,124473
DTL001304,ORD00335,PRD029,4,41491,0.01219779951696714,163939
DTL001933,ORD00502,PRD029,0,37839,0,0
DTL001725,ORD00448,PRD029,2,41491,0.01219779951696714,81969
DTL001789,ORD00463,PRD029,2,41491,0,82982
DTL001852,ORD00478,PRD029,1,41491,0,41491
DTL001839,ORD00475,PRD029,2,41491,0,82982
DTL002192,ORD00571,PRD029,1,41491,0.13702008714477543,35805
DTL002154,ORD00561,PRD029,1,41491,0,41491
DTL002081,ORD00540,PRD029,2,41491,0,82982
DTL002091,ORD00543,PRD029,2,41491,0.037508439398864744,79869
DTL002110,ORD00548,PRD029,2,41491,0,82982
DTL002031,ORD00527,PRD029,1,41491,0,41491
DTL002377,ORD00620,PRD029,1,41491,0,41491
DTL002423,ORD00631,PRD029,2,41491,0,82982
DTL002481,ORD00646,PRD029,2,41491,0.024696846212738634,80932
DTL002658,ORD00692,PRD029,2,41491,0,82982
DTL002689,ORD00701,PRD029,3,41491,0,124473
DTL002636,ORD00687,PRD029,1,41491,0,41491
DTL002849,ORD00740,PRD029,2,41491,0.06411736041650637,77661
DTL002818,ORD00732,PRD029,1,41491,0.07794029773193734,38257
DTL002756,ORD00717,PRD029,5,38521,0,192605
DTL003278,ORD00855,PRD029,2,38972,0,77944
DTL003285,ORD00857,PRD029,0,41491,0,0
DTL003193,ORD00835,PRD029,2,41491,0,82982
DTL002930,ORD00760,PRD029,3,41491,0,124473
DTL002903,ORD00753,PRD029,2,41491,0.037508439398864744,79869
DTL002907,ORD00754,PRD029,2,41491,0,82982
DTL003132,ORD00818,PRD029,1,41491,0,41491
DTL003123,ORD00816,PRD029,3,41491,0,124473
DTL003109,ORD00812,PRD029,4,41491,0,165964
DTL003756,ORD00978,PRD029,4,41491,0.018408973761076065,162908
DTL003744,ORD00975,PRD029,1,41491,0.07794029773193734,38257
DTL003462,ORD00902,PRD029,2,41491,0.01219779951696714,81969
DTL003616,ORD00944,PRD029,1,41491,0.13702008714477543,35805
DTL003628,ORD00947,PRD029,1,41491,0.07794029773193734,38257
DTL003638,ORD00950,PRD029,0,41491,0,0
DTL003619,ORD00944,PRD030,2,43423,0.02357211889776772,84798
DTL003472,ORD00905,PRD030,2,43423,0.02357211889776772,84798
DTL003407,ORD00888,PRD030,2,43423,0.0357798821649214,83738
DTL003823,ORD00993,PRD030,1,43423,0,43423
DTL003820,ORD00992,PRD030,2,43423,0,86846
DTL003849,ORD01000,PRD030,4,43423,0.02963981694449055,168543
DTL003074,ORD00803,PRD030,2,43423,0.02357211889776772,84798
DTL003024,ORD00787,PRD030,1,43423,0.02357211889776772,42399
DTL002896,ORD00752,PRD030,2,43423,0,86846
DTL002925,ORD00758,PRD030,2,43423,0,86846
DTL003222,ORD00843,PRD030,4,43423,0.011648766395638702,171668
DTL003231,ORD00844,PRD030,5,43423,0.02357211889776772,211997
DTL003243,ORD00847,PRD030,1,43423,0.13013039065143273,37772
DTL002805,ORD00728,PRD030,3,43423,0,130269
DTL002786,ORD00724,PRD030,2,39951,0,79902
DTL002619,ORD00681,PRD030,3,43423,0.02357211889776772,127198
DTL002593,ORD00674,PRD030,3,43423,0,130269
DTL002683,ORD00698,PRD030,1,43423,0,43423
DTL002522,ORD00657,PRD030,2,43423,0.06109034039537668,81540
DTL002347,ORD00610,PRD030,1,43423,0,43423
DTL002326,ORD00605,PRD030,2,43423,0,86846
DTL002063,ORD00535,PRD030,4,43423,0.011648766395638702,171668
DTL002138,ORD00556,PRD030,4,43423,0,173692
DTL002103,ORD00547,PRD030,1,43423,0.02357211889776772,42399
DTL002097,ORD00545,PRD030,2,43423,0.06109034039537668,81540
DTL002145,ORD00559,PRD030,4,43423,0,173692
DTL002160,ORD00562,PRD030,4,43423,0.017575516134323812,170639
DTL001838,ORD00475,PRD030,1,43423,0.13013039065143273,37772
DTL001792,ORD00464,PRD030,1,43423,0,43423
DTL001756,ORD00455,PRD030,5,43423,0,217115
DTL001949,ORD00507,PRD030,1,43423,0,43423
DTL001982,ORD00514,PRD030,2,43423,0,86846
DTL001970,ORD00511,PRD030,1,43423,0,43423
DTL001973,ORD00512,PRD030,2,43423,0,86846
DTL001389,ORD00359,PRD030,2,43423,0,86846
DTL001289,ORD00331,PRD030,1,43423,0.13013039065143273,37772
DTL001688,ORD00439,PRD030,3,43423,0,130269
DTL001684,ORD00439,PRD030,2,43423,0,86846
DTL001579,ORD00412,PRD030,2,43423,0,86846
DTL001466,ORD00382,PRD030,3,43423,0.007735806728604693,129261
DTL001496,ORD00388,PRD030,1,43423,0,43423
DTL000574,ORD00151,PRD030,4,43423,0,173692
DTL000791,ORD00206,PRD030,1,43423,0.02357211889776772,42399
DTL000794,ORD00207,PRD030,1,43423,0,43423
DTL000740,ORD00192,PRD030,3,43423,0,130269
DTL000895,ORD00234,PRD030,2,43423,0,86846
DTL000901,ORD00235,PRD030,3,43423,0,130269
DTL001043,ORD00271,PRD030,1,43423,0.048282355213287304,41326
DTL001144,ORD00296,PRD030,5,43423,0,217115
DTL001105,ORD00288,PRD030,2,43423,0,86846
DTL000421,ORD00112,PRD030,1,43423,0.02357211889776772,42399
DTL000340,ORD00093,PRD030,2,43423,0,86846
DTL000533,ORD00141,PRD030,3,43423,0,130269
DTL000505,ORD00134,PRD030,3,43423,0.02357211889776772,127198
DTL000435,ORD00115,PRD030,1,43423,0,43423
DTL000491,ORD00130,PRD031,2,49994,0,99988
DTL000504,ORD00134,PRD031,3,49994,0,149982
DTL000543,ORD00143,PRD031,2,49994,0,99988
DTL000394,ORD00106,PRD031,1,49994,0.11639185257032007,44175
DTL001052,ORD00274,PRD031,2,49994,0.09514747859181731,90474
DTL001079,ORD00282,PRD031,2,49994,0,99988
DTL001066,ORD00279,PRD031,2,49994,0,99988
DTL000899,ORD00235,PRD031,1,49994,0,49994
DTL000924,ORD00241,PRD031,1,49994,0.036003600360036005,48194
DTL000728,ORD00189,PRD031,4,49994,0,199976
DTL000779,ORD00204,PRD031,3,49994,0,149982
DTL000828,ORD00216,PRD031,1,49994,0,49994
DTL000722,ORD00187,PRD031,2,49994,0,99988
DTL001553,ORD00404,PRD031,3,49994,0.06303183107469272,140528
DTL001633,ORD00426,PRD031,5,49994,0,249970
DTL001220,ORD00316,PRD031,2,49994,0.01768346595932803,98219
DTL001382,ORD00358,PRD031,2,49994,0,99988
DTL001966,ORD00511,PRD031,2,49994,0,99988
DTL001720,ORD00447,PRD031,2,49994,0.01768346595932803,98219
DTL002271,ORD00591,PRD031,1,49994,0,49994
DTL002398,ORD00625,PRD031,4,49994,0,199976
DTL002562,ORD00667,PRD031,2,49994,0.09514747859181731,90474
DTL002479,ORD00646,PRD031,1,49994,0.036003600360036005,48194
DTL002770,ORD00720,PRD031,1,49994,0.11639185257032007,44175
DTL002732,ORD00711,PRD031,2,49994,0,99988
DTL003303,ORD00862,PRD031,2,49994,0,99988
DTL002979,ORD00774,PRD031,2,49994,0,99988
DTL003005,ORD00781,PRD031,1,49994,0,49994
DTL003078,ORD00804,PRD031,2,49994,0.036003600360036005,96388
DTL003777,ORD00983,PRD031,1,49994,0,49994
DTL003781,ORD00984,PRD031,4,49994,0,199976
DTL003601,ORD00939,PRD031,1,49994,0,49994
DTL003631,ORD00948,PRD032,1,45812,0.08217827206486605,42047
DTL003636,ORD00950,PRD032,3,45812,0,137436
DTL003650,ORD00953,PRD032,1,45812,0,45812
DTL003676,ORD00959,PRD032,1,45812,0,45812
DTL003687,ORD00961,PRD032,0,45812,0,0
DTL003480,ORD00908,PRD032,3,45812,0,137436
DTL003495,ORD00912,PRD032,0,45812,0,0
DTL003502,ORD00914,PRD032,3,45812,0,137436
DTL003799,ORD00988,PRD032,2,45812,0,91624
DTL003791,ORD00986,PRD032,3,45812,0.01716472991297482,135076
DTL003805,ORD00989,PRD032,3,45812,0.04404587818671929,131382
DTL003834,ORD00996,PRD032,4,45812,0.019351842295386522,179701
DTL003096,ORD00808,PRD032,2,45812,0.012818540737322463,90449
DTL003052,ORD00795,PRD032,1,45812,0,45812
DTL002929,ORD00760,PRD032,1,45812,0,45812
DTL002945,ORD00764,PRD032,2,45812,0,91624
DTL003340,ORD00871,PRD032,2,45812,0,91624
DTL003335,ORD00870,PRD032,5,45812,0,229060
DTL003192,ORD00835,PRD032,2,45812,0,91624
DTL002781,ORD00723,PRD032,1,45812,0,45812
DTL002812,ORD00730,PRD032,1,45812,0,45812
DTL002589,ORD00673,PRD032,1,45812,0,45812
DTL002498,ORD00651,PRD032,2,45812,0,91624
DTL002435,ORD00634,PRD032,2,45812,0,91624
DTL002436,ORD00634,PRD032,1,45812,0,45812
DTL002127,ORD00552,PRD032,1,45812,0,45812
DTL002040,ORD00529,PRD032,3,45812,0.04404587818671929,131382
DTL002004,ORD00521,PRD032,1,45812,0.025969978704617463,44622
DTL002002,ORD00520,PRD032,2,45812,0.039467452507498814,88007
DTL001751,ORD00454,PRD032,1,45812,0.1449023358256535,39173
DTL001768,ORD00457,PRD032,3,45812,0,137436
DTL001847,ORD00477,PRD032,2,45812,0,91624
DTL001832,ORD00474,PRD032,3,45812,0.00850933474021001,136266
DTL001955,ORD00508,PRD032,5,45812,0.005088281687274207,227894
DTL001883,ORD00486,PRD032,1,45812,0.1449023358256535,39173
DTL001322,ORD00341,PRD032,1,45812,0,45812
DTL001294,ORD00333,PRD032,1,45812,0,45812
DTL001185,ORD00305,PRD032,1,45812,0,45812
DTL001272,ORD00327,PRD032,3,45812,0.04404587818671929,131382
DTL001262,ORD00325,PRD032,2,45812,0,91624
DTL001238,ORD00320,PRD032,2,45812,0,91624
DTL001583,ORD00414,PRD032,3,45812,0,137436
DTL001677,ORD00438,PRD032,2,45812,0.039467452507498814,88007
DTL001443,ORD00376,PRD032,3,45812,0,137436
DTL000648,ORD00170,PRD032,4,45812,0.012656305371336,180928
DTL000629,ORD00164,PRD032,1,45812,0,45812
DTL000837,ORD00219,PRD032,1,45812,0.025969978704617463,44622
DTL000796,ORD00207,PRD032,1,45812,0,45812
DTL001008,ORD00262,PRD032,1,45812,0,45812
DTL001047,ORD00273,PRD032,1,45812,0.025969978704617463,44622
DTL001039,ORD00271,PRD032,3,45812,0.00850933474021001,136266
DTL001034,ORD00270,PRD032,2,45812,0,91624
DTL001096,ORD00286,PRD032,2,45812,0,91624
DTL000402,ORD00107,PRD032,1,45812,0,45812
DTL000325,ORD00088,PRD032,1,45812,0.053324801365114916,43369
DTL000545,ORD00143,PRD032,3,45812,0.025969978704617463,133866
DTL000444,ORD00117,PRD032,2,45812,0,91624
DTL000119,ORD00031,PRD032,1,45812,0,45812
DTL000106,ORD00028,PRD032,3,45812,0,137436
DTL000271,ORD00074,PRD032,1,45812,0.053324801365114916,43369
DTL000279,ORD00077,PRD033,4,31779,0.015985165766168995,125084
DTL000064,ORD00017,PRD033,2,31779,0.015985165766168995,62542
DTL000448,ORD00118,PRD033,4,31779,0.015985165766168995,125084
DTL000436,ORD00115,PRD033,1,31779,0.0671614224789281,29644
DTL000479,ORD00127,PRD033,4,31779,0.015985165766168995,125084
DTL000539,ORD00142,PRD033,2,31779,0.08395177809866013,58222
DTL000515,ORD00137,PRD033,1,31779,0.10424267695194413,28466
DTL000528,ORD00140,PRD033,2,31779,-0.015489947024381176,64542
DTL000295,ORD00081,PRD033,3,31779,0,95337
DTL000390,ORD00105,PRD033,1,31779,0.18671346950969042,25845
DTL000956,ORD00249,PRD033,1,31779,0,31779
DTL000891,ORD00233,PRD033,3,31779,0.010600294688192331,94326
DTL000769,ORD00201,PRD033,2,31779,0,63558
DTL000763,ORD00199,PRD033,2,31779,0,63558
DTL000833,ORD00218,PRD033,2,31779,0.049539284652729616,60409
DTL000618,ORD00162,PRD033,4,31779,0,127116
DTL000632,ORD00165,PRD033,1,31779,0.18671346950969042,25845
DTL000700,ORD00182,PRD033,1,31779,0,31779
DTL001648,ORD00429,PRD033,4,31779,0,127116
DTL001241,ORD00321,PRD033,5,29825,0,149125
DTL001406,ORD00365,PRD033,5,31779,0.019493810715097957,155797
DTL001893,ORD00490,PRD033,4,31779,0,127116
DTL001942,ORD00505,PRD033,1,31779,0,31779
DTL001783,ORD00462,PRD033,2,31779,0,63558
DTL002251,ORD00585,PRD033,1,32427,0,32427
DTL002468,ORD00643,PRD033,2,31779,0,63558
DTL002506,ORD00652,PRD033,1,31779,0,31779
DTL002427,ORD00632,PRD033,3,31779,0,95337
DTL002374,ORD00619,PRD033,2,31779,0.015985165766168995,62542
DTL002592,ORD00674,PRD033,3,31779,0,95337
DTL002618,ORD00681,PRD033,1,31779,0,31779
DTL002639,ORD00687,PRD033,3,31779,0.010600294688192331,94326
DTL002682,ORD00698,PRD033,2,31779,0.03248968452516326,61493
DTL002776,ORD00722,PRD033,2,31779,0.03248968452516326,61493
DTL003148,ORD00824,PRD033,2,31779,0,63558
DTL003143,ORD00822,PRD033,2,31779,0,63558
DTL003163,ORD00827,PRD033,4,31779,0,127116
DTL003239,ORD00846,PRD033,3,31779,0,95337
DTL003367,ORD00877,PRD033,1,31779,0,31779
DTL003355,ORD00874,PRD033,3,31779,0,95337
DTL002928,ORD00759,PRD033,1,31779,0,31779
DTL002911,ORD00755,PRD033,4,31779,0,127116
DTL002917,ORD00756,PRD033,3,31779,0,95337
DTL002891,ORD00751,PRD033,3,31779,0,95337
DTL002859,ORD00743,PRD033,1,31779,0,31779
DTL002856,ORD00742,PRD033,2,31779,0,63558
DTL002871,ORD00746,PRD033,5,31779,0,158895
DTL003034,ORD00789,PRD033,2,31779,0,63558
DTL003793,ORD00986,PRD033,3,31779,0.021427729624907594,93294
DTL003716,ORD00968,PRD033,2,31779,0.03248968452516326,61493
DTL003508,ORD00916,PRD033,1,31779,0.10424267695194413,28466
DTL003534,ORD00923,PRD033,1,31779,0,31779
DTL003479,ORD00907,PRD033,2,31779,0,63558
DTL003671,ORD00958,PRD033,2,31779,0,63558
DTL003661,ORD00956,PRD033,2,31779,0,63558
DTL003699,ORD00963,PRD034,1,42239,0,42239
DTL003734,ORD00973,PRD034,3,42239,0,126717
DTL003771,ORD00982,PRD034,1,40826,0,40826
DTL003064,ORD00798,PRD034,4,42239,0,168956
DTL003085,ORD00806,PRD034,0,42239,0,0
DTL003420,ORD00891,PRD034,3,42239,0,126717
DTL003248,ORD00848,PRD034,4,42239,0,168956
DTL002686,ORD00699,PRD034,1,42239,0,42239
DTL002402,ORD00626,PRD034,1,42239,0,42239
DTL002327,ORD00605,PRD034,1,42239,0,42239
DTL002321,ORD00603,PRD034,1,42239,0,42239
DTL002552,ORD00664,PRD034,4,42239,0.018077080671985345,165901
DTL002490,ORD00648,PRD034,1,42239,0,42239
DTL002275,ORD00592,PRD034,4,42239,0,168956
DTL002240,ORD00583,PRD034,4,42239,0,168956
DTL001723,ORD00447,PRD034,2,42239,0,84478
DTL001885,ORD00487,PRD034,4,42239,0.011979204101679485,166932
DTL001859,ORD00480,PRD034,1,42239,0,42239
DTL001356,ORD00350,PRD034,1,38123,0,38123
DTL001358,ORD00351,PRD034,3,42239,0,126717
DTL001331,ORD00343,PRD034,1,38778,0,38778
DTL001659,ORD00433,PRD034,2,42239,0.0629104909534714,79163
DTL000714,ORD00186,PRD034,2,42239,0,84478
DTL000850,ORD00222,PRD034,2,42239,0,84478
DTL001067,ORD00280,PRD034,2,42239,0,84478
DTL000563,ORD00149,PRD034,2,42239,0,84478
DTL000439,ORD00116,PRD034,1,42239,0,42239
DTL000142,ORD00038,PRD034,3,42239,0,126717
DTL000082,ORD00022,PRD035,2,34228,0,68456
DTL000268,ORD00073,PRD035,3,34228,0,102684
DTL000257,ORD00069,PRD035,2,34228,0.014824478178368121,67441
DTL000263,ORD00071,PRD035,1,34228,0,34228
DTL000202,ORD00053,PRD035,1,34228,0,34228
DTL000447,ORD00118,PRD035,2,34228,0,68456
DTL000551,ORD00144,PRD035,2,34228,0,68456
DTL000518,ORD00138,PRD035,1,34228,0.09606763161265532,30939
DTL000360,ORD00099,PRD035,3,34228,0,102684
DTL000416,ORD00110,PRD035,1,31199,0,31199
DTL000349,ORD00095,PRD035,1,34228,0.062057837904927395,32103
DTL001062,ORD00278,PRD035,3,34228,0.019864129355210362,100644
DTL001051,ORD00274,PRD035,2,34228,0,68456
DTL001139,ORD00295,PRD035,1,34228,0.17106883810045162,28372
DTL000902,ORD00235,PRD035,1,34228,0.09606763161265532,30939
DTL000947,ORD00247,PRD035,3,34228,0,102684
DTL001574,ORD00411,PRD035,1,34228,0.03009510051763573,33197
DTL001628,ORD00425,PRD035,2,34228,0,68456
DTL001433,ORD00373,PRD035,1,34228,0,34228
DTL001551,ORD00404,PRD035,2,34228,0.03009510051763573,66395
DTL001541,ORD00401,PRD035,2,34228,0,68456
DTL001303,ORD00335,PRD035,0,34228,0,0
DTL001308,ORD00337,PRD035,1,34228,0,34228
DTL001411,ORD00367,PRD035,1,34228,0,34228
DTL001242,ORD00321,PRD035,5,34228,0,171140
DTL001229,ORD00318,PRD035,2,34228,0,68456
DTL001275,ORD00328,PRD035,1,34228,0,34228
DTL001284,ORD00330,PRD035,1,34228,0,34228
DTL001179,ORD00304,PRD035,1,34228,0.062057837904927395,32103
DTL001173,ORD00303,PRD035,1,34228,0,34228
DTL001159,ORD00300,PRD035,1,34228,0.17106883810045162,28372
DTL001211,ORD00312,PRD035,3,34228,0,102684
DTL001788,ORD00463,PRD035,1,34228,0.03009510051763573,33197
DTL002262,ORD00588,PRD035,2,32985,0,65970
DTL002259,ORD00588,PRD035,1,34228,0,34228
DTL002175,ORD00566,PRD035,4,34228,0,136912
DTL002079,ORD00540,PRD035,2,34228,0.014824478178368121,67441
DTL002475,ORD00645,PRD035,3,34228,0.019864129355210362,100644
DTL002480,ORD00646,PRD035,2,34228,0,68456
DTL002540,ORD00661,PRD035,4,34228,0,136912
DTL002565,ORD00667,PRD035,1,34228,0.03009510051763573,33197
DTL002774,ORD00721,PRD035,2,34228,0,68456
DTL003266,ORD00853,PRD035,4,34228,0,136912
DTL003168,ORD00829,PRD035,1,34228,0,34228
DTL003138,ORD00821,PRD035,2,34228,0,68456
DTL003415,ORD00890,PRD035,3,34228,0,102684
DTL003374,ORD00878,PRD035,2,34228,0.03009510051763573,66395
DTL003349,ORD00873,PRD035,4,34228,0.014824478178368121,134882
DTL003040,ORD00791,PRD035,3,34228,0.03009510051763573,99593
DTL003010,ORD00783,PRD035,2,34228,0,68456
DTL002957,ORD00767,PRD035,4,34228,0,136912
DTL003656,ORD00954,PRD035,4,34228,0,136912
DTL003641,ORD00951,PRD035,5,34228,0.011824524062906468,169116
DTL003463,ORD00902,PRD035,2,34228,0.045832314837448054,65318
DTL003524,ORD00920,PRD035,3,34228,0,102684
DTL003545,ORD00925,PRD036,2,39934,0,79868
DTL003434,ORD00895,PRD036,2,39934,0,79868
DTL003700,ORD00964,PRD036,3,39934,0,119802
DTL003577,ORD00931,PRD036,1,37006,0,37006
DTL003841,ORD00998,PRD036,2,39934,0.03902794400790966,76750
DTL003752,ORD00977,PRD036,3,39934,0,119802
DTL002931,ORD00760,PRD036,2,39934,0,79868
DTL003062,ORD00798,PRD036,3,39934,0,119802
DTL003069,ORD00800,PRD036,1,39934,0,39934
DTL003105,ORD00811,PRD036,2,39934,0,79868
DTL003344,ORD00872,PRD036,2,39934,0,79868
DTL002843,ORD00739,PRD036,3,39934,0.0169776404475306,117768
DTL002846,ORD00740,PRD036,2,39934,0,79868
DTL002702,ORD00704,PRD036,2,39934,0,79868
DTL002675,ORD00696,PRD036,1,39934,0,39934
DTL002445,ORD00636,PRD036,1,39934,0,39934
DTL002332,ORD00606,PRD036,1,39934,0.14312703956031372,34218
DTL002306,ORD00599,PRD036,1,39934,0,39934
DTL002366,ORD00617,PRD036,2,39934,0,79868
DTL002037,ORD00528,PRD036,1,39934,0,39934
DTL001744,ORD00453,PRD036,1,38347,0.026775912389214663,37320
DTL001383,ORD00358,PRD036,3,39934,0.008417366710998131,118793
DTL001437,ORD00374,PRD036,3,39934,0.008417366710998131,118793
DTL001639,ORD00427,PRD036,3,39934,0,119802
DTL001594,ORD00417,PRD036,1,39934,0.14312703956031372,34218
DTL001672,ORD00436,PRD036,3,39934,0,119802
DTL000962,ORD00250,PRD036,1,36761,0,36761
DTL000992,ORD00258,PRD036,2,37906,0,75812
DTL000976,ORD00255,PRD036,2,39934,0,79868
DTL000925,ORD00241,PRD036,2,39934,0,79868
DTL000922,ORD00241,PRD036,1,39934,0.05272315073548795,37828
DTL000929,ORD00242,PRD036,1,39934,0,39934
DTL001128,ORD00293,PRD036,1,39934,0,39934
DTL001092,ORD00285,PRD036,1,39934,0.02568449170390918,38908
DTL001075,ORD00281,PRD036,1,39934,0.02568449170390918,38908
DTL000605,ORD00158,PRD036,5,39934,0.005033472592741732,198664
DTL000278,ORD00076,PRD036,5,39934,0,199670
DTL000235,ORD00062,PRD036,3,39934,0,119802
DTL000031,ORD00009,PRD036,1,39934,0.05272315073548795,37828
DTL000040,ORD00011,PRD037,1,44617,0,44617
DTL000112,ORD00030,PRD037,4,44617,0.011333499557993518,176445
DTL000396,ORD00106,PRD037,1,44617,0.12620844586919758,38985
DTL000549,ORD00144,PRD037,2,44617,0,89234
DTL000458,ORD00121,PRD037,3,44617,0,133851
DTL000640,ORD00167,PRD037,1,44617,0,44617
DTL000787,ORD00205,PRD037,1,44617,0,44617
DTL001006,ORD00262,PRD037,1,44617,0,44617
DTL001111,ORD00289,PRD037,3,44617,0.022926840452117295,130782
DTL001135,ORD00294,PRD037,3,44617,0,133851
DTL000890,ORD00233,PRD037,1,44617,0,44617
DTL000977,ORD00255,PRD037,2,44617,0.011333499557993518,88222
DTL000979,ORD00255,PRD037,1,44617,0,44617
DTL001001,ORD00261,PRD037,4,44617,0,178468
DTL000944,ORD00246,PRD037,3,44617,0,133851
DTL001678,ORD00438,PRD037,2,44617,0,89234
DTL001640,ORD00428,PRD037,1,44617,0.12620844586919758,38985
DTL001606,ORD00420,PRD037,1,44617,0,44617
DTL001519,ORD00395,PRD037,2,44617,0.011333499557993518,88222
DTL001403,ORD00364,PRD037,3,44617,0,133851
DTL001326,ORD00342,PRD037,3,42148,0.007971684576384681,125436
DTL001183,ORD00305,PRD037,0,44617,0,0
DTL001745,ORD00453,PRD037,1,44617,0.04692962902128259,42523
DTL001721,ORD00447,PRD037,1,44617,0.12620844586919758,38985
DTL001873,ORD00484,PRD037,1,44617,0,44617
DTL001875,ORD00484,PRD037,1,44617,0.022926840452117295,43594
DTL002083,ORD00541,PRD037,2,44617,0,89234
DTL002111,ORD00548,PRD037,1,44617,0.12620844586919758,38985
DTL002099,ORD00546,PRD037,1,44617,0,44617
DTL002371,ORD00618,PRD037,1,41502,0,41502
DTL002330,ORD00606,PRD037,2,44617,0,89234
DTL002489,ORD00648,PRD037,2,44617,0.03478906231880697,86129
DTL002487,ORD00648,PRD037,1,44617,0,44617
DTL002641,ORD00688,PRD037,2,44617,0,89234
DTL002851,ORD00740,PRD037,0,44617,0,0
DTL002793,ORD00725,PRD037,0,44617,0,0
DTL002741,ORD00713,PRD037,5,44617,0,223085
DTL002720,ORD00708,PRD037,3,44617,0,133851
DTL003323,ORD00867,PRD037,3,44617,-0.014722011615667165,135821
DTL003279,ORD00856,PRD037,4,44617,0,178468
DTL003281,ORD00856,PRD037,1,44617,0,44617
DTL003393,ORD00884,PRD037,3,44617,0,133851
DTL003152,ORD00825,PRD037,4,44617,0,178468
DTL003167,ORD00828,PRD037,1,44617,0,44617
DTL003196,ORD00836,PRD037,1,44617,0,44617
DTL003028,ORD00788,PRD037,3,44617,0,133851
DTL002955,ORD00767,PRD037,3,44617,0.00752722975363377,132843
DTL002870,ORD00746,PRD037,1,44617,0,44617
DTL003845,ORD00999,PRD037,4,44617,0,178468
DTL003669,ORD00958,PRD037,3,44617,0,133851
DTL003488,ORD00910,PRD037,3,44617,0,133851
DTL003526,ORD00920,PRD037,2,44617,0,89234
DTL003516,ORD00918,PRD038,2,28888,0,57776
DTL003644,ORD00951,PRD038,4,28888,0,115552
DTL003648,ORD00952,PRD038,0,28888,0,0
DTL003599,ORD00938,PRD038,2,28888,0,57776
DTL003607,ORD00940,PRD038,4,28888,0.045227585208770536,110325
DTL003785,ORD00985,PRD038,3,28888,0.03585771658060815,83556
DTL002879,ORD00748,PRD038,1,28888,0,28888
DTL002902,ORD00753,PRD038,5,28888,0,144440
DTL002988,ORD00777,PRD038,3,28888,0,86664
DTL002964,ORD00769,PRD038,3,28888,0,86664
DTL002983,ORD00776,PRD038,1,28888,0,28888
DTL003008,ORD00782,PRD038,1,28888,0.03585771658060815,27852
DTL003003,ORD00780,PRD038,3,28888,0,86664
DTL003060,ORD00798,PRD038,1,28888,0,28888
DTL003037,ORD00789,PRD038,0,28888,0,0
DTL003141,ORD00822,PRD038,4,28888,0,115552
DTL003417,ORD00891,PRD038,1,28888,0,28888
DTL003359,ORD00874,PRD038,3,28888,0,86664
DTL002773,ORD00721,PRD038,1,28888,0,28888
DTL002809,ORD00729,PRD038,1,28888,0,28888
DTL002831,ORD00735,PRD038,2,28888,0,57776
DTL002832,ORD00736,PRD038,4,28888,0.017613075947583486,113516
DTL002665,ORD00693,PRD038,2,28888,0,57776
DTL002649,ORD00689,PRD038,4,28888,0,115552
DTL002465,ORD00643,PRD038,2,28888,0,57776
DTL002442,ORD00636,PRD038,4,28888,0,115552
DTL002433,ORD00634,PRD038,2,28888,0,57776
DTL002541,ORD00662,PRD038,1,28888,0.20931011386470194,22841
DTL002535,ORD00660,PRD038,3,28888,0,86664
DTL002345,ORD00610,PRD038,2,28888,0,57776
DTL002360,ORD00615,PRD038,2,28888,0,57776
DTL002399,ORD00625,PRD038,1,28888,0,28888
DTL002095,ORD00544,PRD038,2,28888,0,57776
DTL002035,ORD00528,PRD038,4,28888,0.026654346435425403,112472
DTL002231,ORD00580,PRD038,4,28888,0,115552
DTL001939,ORD00504,PRD038,1,28888,0,28888
DTL001987,ORD00517,PRD038,0,28888,0,0
DTL001773,ORD00459,PRD038,2,28888,0,57776
DTL001762,ORD00456,PRD038,3,28888,0,86664
DTL001149,ORD00297,PRD038,2,28888,0,57776
DTL001194,ORD00308,PRD038,2,28888,0,57776
DTL001330,ORD00343,PRD038,1,28888,0.20931011386470194,22841
DTL001320,ORD00340,PRD038,1,28888,0,28888
DTL001280,ORD00330,PRD038,1,28888,0.03585771658060815,27852
DTL001391,ORD00360,PRD038,3,26779,0,80337
DTL001522,ORD00396,PRD038,4,28888,0,115552
DTL001660,ORD00433,PRD038,2,28888,0,57776
DTL001715,ORD00445,PRD038,1,28888,0,28888
DTL001137,ORD00295,PRD038,5,28888,0,144440
DTL001117,ORD00290,PRD038,2,28888,0,57776
DTL001014,ORD00264,PRD038,1,28888,0,28888
DTL001054,ORD00275,PRD038,0,28888,0,0
DTL001059,ORD00276,PRD038,2,28888,0,57776
DTL000835,ORD00218,PRD038,4,28888,0,115552
DTL000633,ORD00165,PRD038,2,28888,0,57776
DTL000589,ORD00154,PRD038,4,26645,0,106580
DTL000446,ORD00117,PRD038,2,28888,0,57776
DTL000557,ORD00146,PRD038,1,28888,0.07438262421898245,26739
DTL000423,ORD00112,PRD038,2,28888,0,57776
DTL000385,ORD00104,PRD038,2,28888,0.05476851175697386,54611
DTL000356,ORD00097,PRD038,1,28888,0,28888
DTL000105,ORD00028,PRD038,3,28888,0,86664
DTL000071,ORD00019,PRD038,3,28888,0,86664
DTL000155,ORD00042,PRD038,4,28888,0.00872965989245059,114543
DTL000049,ORD00013,PRD039,1,26978,0,26978
DTL000028,ORD00009,PRD039,3,26978,0,80934
DTL000081,ORD00021,PRD039,2,26978,0,53956
DTL000831,ORD00217,PRD039,1,26978,0,26978
DTL001138,ORD00295,PRD039,3,26978,0.06584665630679275,75604
DTL001000,ORD00261,PRD039,1,26978,0.08007046200656578,24817
DTL001351,ORD00349,PRD039,3,26978,0,80934
DTL002149,ORD00560,PRD039,3,26978,0.025337623837636505,78883
DTL003319,ORD00865,PRD039,2,26978,0,53956
DTL003098,ORD00809,PRD039,2,26978,0,53956
DTL002888,ORD00750,PRD039,2,26978,0,53956
DTL003537,ORD00923,PRD039,3,26978,0.025337623837636505,78883
DTL003487,ORD00909,PRD040,4,29244,0,116976
DTL003476,ORD00907,PRD040,5,29244,0.03540574989378275,141042
DTL003456,ORD00900,PRD040,1,29244,0,29244
DTL003570,ORD00930,PRD040,2,29244,0,58488
DTL003672,ORD00958,PRD040,2,29244,0.05406574394463668,55325
DTL003694,ORD00962,PRD040,2,29244,0,58488
DTL003724,ORD00970,PRD040,2,29244,0.017394934595045923,57470
DTL003848,ORD01000,PRD040,2,29244,0.017394934595045923,57470
DTL003100,ORD00809,PRD040,1,29244,0,29244
DTL003070,ORD00801,PRD040,2,29244,0,58488
DTL003048,ORD00794,PRD040,0,29244,0,0
DTL003026,ORD00787,PRD040,1,29244,0.2062365946213496,23212
DTL003404,ORD00887,PRD040,2,29244,0,58488
DTL003411,ORD00888,PRD040,1,29244,0,29244
DTL003385,ORD00881,PRD040,1,29244,0.07341065922771986,27097
DTL003154,ORD00825,PRD040,3,29244,0,87732
DTL003240,ORD00847,PRD040,1,29244,0,29244
DTL002495,ORD00649,PRD040,1,29244,-0.06401229035974908,31115
DTL002521,ORD00657,PRD040,3,29244,0,87732
DTL002824,ORD00733,PRD040,5,29244,0,146220
DTL002804,ORD00728,PRD040,1,29244,0,29244
DTL002787,ORD00724,PRD040,1,29244,0,29244
DTL002801,ORD00727,PRD040,1,29244,0.11431184270690443,25901
DTL002745,ORD00714,PRD040,1,29244,0,29244
DTL002051,ORD00531,PRD040,1,29244,0,29244
DTL002030,ORD00527,PRD040,1,29244,0,29244
DTL002087,ORD00542,PRD040,2,29244,0.017394934595045923,57470
DTL001796,ORD00465,PRD040,1,29244,0.11884012042465536,25768
DTL001803,ORD00467,PRD040,2,29244,0.03540574989378275,56417
DTL001864,ORD00481,PRD040,1,29244,0,29244
DTL001912,ORD00495,PRD040,2,27636,0,55272
DTL001339,ORD00345,PRD040,2,29244,0,58488
DTL001398,ORD00363,PRD040,1,29244,0.03540574989378275,28208
DTL001152,ORD00298,PRD040,1,29244,0.2062365946213496,23212
DTL001597,ORD00418,PRD040,1,29244,0.2062365946213496,23212
DTL000969,ORD00252,PRD040,3,29244,0,87732
DTL000887,ORD00232,PRD040,2,29244,0,58488
DTL000873,ORD00229,PRD040,2,29244,0.03540574989378275,56417
DTL000880,ORD00230,PRD040,3,29244,0,87732
DTL000935,ORD00243,PRD040,1,29244,0.07341065922771986,27097
DTL001148,ORD00297,PRD040,3,29244,0.06043610694773485,82429
DTL001095,ORD00286,PRD040,1,30262,0,30262
DTL000813,ORD00212,PRD040,2,29244,0.05406574394463668,55325
DTL000766,ORD00200,PRD040,2,29244,0.09347891115764284,53020
DTL000752,ORD00196,PRD040,0,29244,0,0
DTL000639,ORD00167,PRD040,3,29244,0,87732
DTL000026,ORD00008,PRD040,3,29244,0,87732
DTL000229,ORD00061,PRD040,3,29244,0,87732
DTL000280,ORD00077,PRD040,1,27326,0.12332483762229714,23956
DTL000290,ORD00080,PRD040,1,29244,0.03540574989378275,28208
DTL000292,ORD00080,PRD040,3,29244,0.06043610694773485,82429
DTL000541,ORD00143,PRD040,4,29244,0.044652425519754235,111752
DTL000516,ORD00137,PRD042,1,24414,0,24414
DTL000376,ORD00101,PRD042,1,24414,0,24414
DTL000414,ORD00110,PRD042,1,24414,0,24414
DTL000171,ORD00046,PRD042,2,24414,0,48828
DTL000047,ORD00012,PRD042,2,24414,0.04270949004868882,46742
DTL000072,ORD00020,PRD042,4,24414,0,97656
DTL000068,ORD00019,PRD042,2,24414,0,48828
DTL000635,ORD00166,PRD042,1,24414,0,24414
DTL000594,ORD00155,PRD042,1,24414,0,24414
DTL000688,ORD00179,PRD042,1,24414,0,24414
DTL000655,ORD00172,PRD042,4,24414,0.05396304610602659,92386
DTL000857,ORD00224,PRD042,0,24414,0,0
DTL001069,ORD00280,PRD042,2,24414,0,48828
DTL000916,ORD00239,PRD042,1,24414,0.046698421593350144,23273
DTL000876,ORD00229,PRD042,2,24414,0,48828
DTL000958,ORD00249,PRD042,1,24414,0.04270949004868882,23371
DTL000986,ORD00257,PRD042,2,24414,0.11408232180341334,43257
DTL001603,ORD00419,PRD042,1,24414,0,24414
DTL001593,ORD00417,PRD042,5,24414,0,122070
DTL001624,ORD00424,PRD042,3,24414,0,73242
DTL001518,ORD00395,PRD042,5,24414,0,122070
DTL001447,ORD00377,PRD042,4,24414,0,97656
DTL001491,ORD00388,PRD042,3,24414,0,73242
DTL001225,ORD00317,PRD042,3,24414,0,73242
DTL001315,ORD00339,PRD042,2,24414,0,48828
DTL001969,ORD00511,PRD042,2,24414,0,48828
DTL001978,ORD00513,PRD042,4,24414,0,97656
DTL001752,ORD00454,PRD042,1,24414,0,24414
DTL002115,ORD00550,PRD042,1,24414,0,24414
DTL002032,ORD00527,PRD042,2,24414,0,48828
DTL002222,ORD00578,PRD042,1,24414,0,24414
DTL002726,ORD00710,PRD042,3,24414,0,73242
DTL002751,ORD00716,PRD042,1,24414,0,24414
DTL002763,ORD00718,PRD042,4,24414,0.05396304610602659,92386
DTL002848,ORD00740,PRD042,1,25052,0,25052
DTL002566,ORD00668,PRD042,1,23902,0,23902
DTL002567,ORD00668,PRD042,1,24414,0.04270949004868882,23371
DTL002361,ORD00615,PRD042,2,24414,0,48828
DTL002331,ORD00606,PRD042,3,24414,0,73242
DTL003254,ORD00850,PRD042,1,24414,0,24414
DTL003174,ORD00831,PRD042,1,24414,0.14009526478005044,20993
DTL003382,ORD00881,PRD042,3,24414,0.07326866152809121,67875
DTL003299,ORD00861,PRD042,1,24414,0.0892299455697332,22235
DTL002982,ORD00775,PRD042,3,24414,0,73242
DTL002952,ORD00766,PRD042,2,24414,0,48828
DTL002938,ORD00762,PRD042,0,24414,0,0
DTL003705,ORD00965,PRD042,1,24414,0,24414
DTL003798,ORD00987,PRD042,2,25167,0.041378739603591674,48251
DTL003643,ORD00951,PRD042,4,24414,0,97656
DTL003639,ORD00950,PRD042,1,24414,0,24414
DTL003446,ORD00897,PRD042,2,24414,0,48828
DTL003449,ORD00898,PRD042,1,24414,0,24414
DTL003544,ORD00925,PRD042,1,24414,0,24414
DTL003559,ORD00928,PRD043,1,33409,0.03085562652349656,32378
DTL003796,ORD00987,PRD043,2,33409,0.015193412136497615,65802
DTL002966,ORD00770,PRD043,2,33409,0,66818
DTL002980,ORD00774,PRD043,4,33409,0.038869367828601634,128441
DTL003059,ORD00797,PRD043,1,33409,0,33409
DTL003324,ORD00867,PRD043,3,33409,0,100227
DTL003403,ORD00886,PRD043,1,33409,0.09865500345292512,30113
DTL003172,ORD00830,PRD043,1,33409,0,33409
DTL003166,ORD00828,PRD043,2,33409,0.03085562652349656,64756
DTL003209,ORD00840,PRD043,5,33409,0,167045
DTL002548,ORD00664,PRD043,5,33409,0,167045
DTL002513,ORD00654,PRD043,4,33409,0,133636
DTL002822,ORD00732,PRD043,3,33409,0,100227
DTL002661,ORD00692,PRD043,1,33409,0.17600056320180224,27528
DTL002620,ORD00682,PRD043,2,33409,0,66818
DTL001734,ORD00450,PRD043,2,33409,0,66818
DTL001958,ORD00509,PRD043,1,33409,0,33409
DTL001892,ORD00490,PRD043,1,33409,0.17600056320180224,27528
DTL001877,ORD00485,PRD043,4,33409,0,133636
DTL001293,ORD00333,PRD043,1,33409,0,33409
DTL001328,ORD00343,PRD043,3,33409,0.020361000539566514,98186
DTL001267,ORD00326,PRD043,2,33409,0,66818
DTL001174,ORD00303,PRD043,4,33409,0.015193412136497615,131605
DTL001176,ORD00304,PRD043,3,33409,0,100227
DTL001439,ORD00375,PRD043,2,33409,0,66818
DTL001431,ORD00373,PRD043,4,33409,0,133636
DTL001686,ORD00439,PRD043,2,33409,0.047008680936412924,63676
DTL001651,ORD00431,PRD043,1,33409,0,33409
DTL001002,ORD00261,PRD043,1,33409,0.17600056320180224,27528
DTL001081,ORD00283,PRD043,1,33409,0,33409
DTL000832,ORD00217,PRD043,1,33132,0.09956192751891677,29833
DTL000797,ORD00208,PRD043,3,33409,0,100227
DTL000647,ORD00169,PRD043,4,33409,0,133636
DTL000692,ORD00180,PRD043,2,33409,0,66818
DTL000606,ORD00158,PRD043,1,33409,0,33409
DTL000143,ORD00038,PRD043,1,33409,0,33409
DTL000062,ORD00016,PRD043,5,33409,0.012117907237420098,165020
DTL000054,ORD00015,PRD043,1,33409,0.09865500345292512,30113
DTL000426,ORD00113,PRD043,3,33409,0.020361000539566514,98186
DTL000370,ORD00100,PRD043,1,33409,0.03085562652349656,32378
DTL000391,ORD00105,PRD044,2,36097,0,72194
DTL000389,ORD00105,PRD044,2,36097,0,72194
DTL000431,ORD00114,PRD044,1,36097,0.028492463743339885,35068
DTL000441,ORD00117,PRD044,1,36097,0,36097
DTL000135,ORD00036,PRD044,2,36097,0,72194
DTL000075,ORD00020,PRD044,2,36097,0.028492463743339885,70137
DTL000753,ORD00196,PRD044,2,36097,0,72194
DTL000970,ORD00253,PRD044,1,36097,0.0906426564341179,32825
DTL000886,ORD00232,PRD044,4,36097,0,144388
DTL001701,ORD00442,PRD044,0,36097,0,0
DTL001504,ORD00391,PRD044,4,36097,0,144388
DTL001560,ORD00406,PRD044,2,36097,0.074411405780278,66821
DTL001269,ORD00327,PRD044,3,36097,0,108291
DTL001226,ORD00317,PRD044,2,36097,0.074411405780278,66821
DTL001338,ORD00344,PRD044,2,36097,0,72194
DTL001920,ORD00497,PRD044,3,36097,0,108291
DTL001719,ORD00446,PRD044,1,36097,0.0906426564341179,32825
DTL001833,ORD00474,PRD044,2,36097,0.04335636037806746,69063
DTL001845,ORD00477,PRD044,2,36097,0.014046127482653032,71179
DTL002187,ORD00569,PRD044,1,36097,0.05865618676129865,33979
DTL002018,ORD00525,PRD044,2,36097,0,72194
DTL002022,ORD00525,PRD044,2,36097,0,72194
DTL002693,ORD00702,PRD044,3,36097,0,108291
DTL002563,ORD00667,PRD044,3,36097,0.028492463743339885,105205
DTL002449,ORD00638,PRD044,2,36097,0,72194
DTL003226,ORD00843,PRD044,2,36097,0,72194
DTL003197,ORD00836,PRD044,0,36097,0,0
DTL003381,ORD00880,PRD044,3,36097,0,108291
DTL003350,ORD00873,PRD044,3,36097,-0.009149884253964187,109281
DTL002990,ORD00777,PRD044,2,36097,0,72194
DTL002995,ORD00779,PRD044,0,36097,0,0
DTL002926,ORD00759,PRD044,4,36097,0,144388
DTL003519,ORD00918,PRD044,2,36097,0,72194
DTL003490,ORD00911,PRD044,1,36097,0,36097
DTL003475,ORD00906,PRD044,1,36097,0,36097
DTL003580,ORD00932,PRD044,1,36097,0,36097
DTL003622,ORD00945,PRD044,2,36097,0,72194
DTL002963,ORD00769,PRD045,1,22822,0.2805521265851195,16419
DTL003145,ORD00823,PRD045,3,23312,0.013525210993291495,68990
DTL002482,ORD00646,PRD045,3,22822,0.045825313903400236,65328
DTL002538,ORD00661,PRD045,2,22822,0.12301938785552603,40028
DTL002730,ORD00711,PRD045,1,22822,0,22822
DTL002179,ORD00567,PRD045,3,22822,0,68466
DTL002209,ORD00576,PRD045,5,22822,0.027000270002700028,111028
DTL001985,ORD00516,PRD045,2,22822,0,45644
DTL001250,ORD00322,PRD045,1,22822,0,22822
DTL001168,ORD00302,PRD045,1,22822,0.2805521265851195,16419
DTL000960,ORD00250,PRD045,1,23734,0,23734
DTL001050,ORD00274,PRD045,2,22822,0.045825313903400236,43552
DTL000815,ORD00213,PRD045,1,22822,0,22822
DTL000838,ORD00219,PRD045,1,22822,0.09605225242531937,20629
DTL000599,ORD00156,PRD045,4,22822,0,91288
DTL000234,ORD00062,PRD045,1,22822,0,22822
DTL000467,ORD00124,PRD045,2,22822,0.02239942657467969,44621
DTL000324,ORD00088,PRD045,2,22822,0,45644
DTL000331,ORD00089,PRD046,1,31755,0,31755
DTL000350,ORD00095,PRD046,2,31755,0.08545547769612032,58082
DTL000311,ORD00085,PRD046,5,31755,0,158775
DTL000366,ORD00100,PRD046,2,31755,0.0495785820525533,60361
DTL000474,ORD00125,PRD046,0,31755,0,0
DTL000131,ORD00035,PRD046,1,31755,0,31755
DTL000048,ORD00013,PRD046,2,31755,0.08545547769612032,58082
DTL000620,ORD00162,PRD046,2,31755,0,63510
DTL001053,ORD00275,PRD046,1,31755,0.06721559401781213,29620
DTL001072,ORD00280,PRD046,3,31755,0,95265
DTL001559,ORD00406,PRD046,4,31755,0,127020
DTL001498,ORD00389,PRD046,1,31755,0.18688095683049896,25820
DTL001646,ORD00429,PRD046,1,31755,0,31755
DTL001790,ORD00463,PRD046,1,31755,0,31755
DTL001738,ORD00451,PRD046,3,31755,0,95265
DTL001779,ORD00461,PRD046,3,31755,0,95265
DTL002066,ORD00536,PRD046,3,31755,0,95265
DTL002098,ORD00546,PRD046,2,31755,0,63510
DTL002104,ORD00547,PRD046,2,31755,0.03251503820516989,61444
DTL002070,ORD00537,PRD046,1,29829,0,29829
DTL002379,ORD00621,PRD046,3,31755,0.010608391237468838,94254
DTL002422,ORD00631,PRD046,4,31755,0.0409768890345845,121815
DTL003150,ORD00824,PRD046,4,31755,0,127020
DTL003158,ORD00826,PRD046,1,31755,0.03251503820516989,30722
DTL002976,ORD00773,PRD046,2,31755,0,63510
DTL003020,ORD00786,PRD046,1,31755,0,31755
DTL003089,ORD00807,PRD046,3,31755,0,95265
DTL003126,ORD00817,PRD046,4,31755,0,127020
DTL003678,ORD00960,PRD046,3,31755,0,95265
DTL003511,ORD00916,PRD046,1,31755,0,31755
DTL003776,ORD00983,PRD046,2,31755,0,63510
DTL003720,ORD00969,PRD046,4,31755,0,127020
DTL003733,ORD00973,PRD046,1,31755,0.10432968179447052,28442
DTL003748,ORD00976,PRD047,1,36857,0,36857
DTL003104,ORD00810,PRD047,2,33937,0.07952412762032,62476
DTL003079,ORD00804,PRD047,1,36857,0,36857
DTL003057,ORD00797,PRD047,4,36857,0,147428
DTL003058,ORD00797,PRD047,3,36857,0,110571
DTL003032,ORD00789,PRD047,1,36857,0,36857
DTL002353,ORD00613,PRD047,1,36857,0.08860796880999498,33591
DTL002549,ORD00664,PRD047,4,36857,0,147428
DTL002576,ORD00671,PRD047,2,36857,0,73714
DTL001795,ORD00465,PRD047,2,36857,0,73714
DTL001997,ORD00519,PRD047,1,36857,0.02788855732492958,35829
DTL001418,ORD00369,PRD047,3,36857,0,110571
DTL000894,ORD00234,PRD047,2,36857,0.07276537532380592,68350
DTL000587,ORD00153,PRD047,1,36857,0.08860796880999498,33591
DTL000041,ORD00011,PRD047,1,36857,0,36857
DTL000007,ORD00002,PRD047,1,36857,0,36857
DTL000116,ORD00031,PRD047,4,36857,0.03510545679220378,142252
DTL000362,ORD00099,PRD047,4,36857,0,147428
DTL000358,ORD00097,PRD047,2,33710,-0.014615609470914937,68405
DTL000341,ORD00093,PRD048,3,25447,0.026903054841877296,74287
DTL000321,ORD00087,PRD048,4,25447,0.0516592966070174,96529
DTL000392,ORD00106,PRD048,2,25447,0,50894
DTL000489,ORD00129,PRD048,2,25447,0,50894
DTL000443,ORD00117,PRD048,0,25447,0,0
DTL000511,ORD00136,PRD048,3,25447,0,76341
DTL000521,ORD00138,PRD048,5,25447,0.040904814496666254,122030
DTL000546,ORD00143,PRD048,1,25447,0.24453465055998436,19224
DTL000556,ORD00145,PRD048,1,25447,0.08529875890305796,23276
DTL000560,ORD00148,PRD048,2,25447,0,50894
DTL000572,ORD00151,PRD048,1,25447,0.08529875890305796,23276
DTL000024,ORD00007,PRD048,5,25447,0,127235
DTL000217,ORD00058,PRD048,1,25447,0,25447
DTL000251,ORD00067,PRD048,5,25447,0.007921733275240622,126227
DTL000165,ORD00044,PRD048,5,25447,0,127235
DTL000595,ORD00155,PRD048,3,25447,0,76341
DTL000616,ORD00161,PRD048,1,25447,0,25447
DTL000705,ORD00183,PRD048,1,25447,0,25447
DTL000881,ORD00231,PRD048,1,25447,0.08529875890305796,23276
DTL000920,ORD00240,PRD048,4,25447,0.0516592966070174,96529
DTL001033,ORD00269,PRD048,2,25447,0,50894
DTL001026,ORD00267,PRD048,2,25447,0.020042490078967412,49873
DTL001088,ORD00284,PRD048,2,25447,0.10894670327275896,45349
DTL001097,ORD00286,PRD048,2,25447,0,50894
DTL001400,ORD00363,PRD048,4,25447,0.030368060898084786,98696
DTL001361,ORD00352,PRD048,1,25447,0,25447
DTL001163,ORD00301,PRD048,2,25447,0,50894
DTL001258,ORD00324,PRD048,1,25447,0,25447
DTL001647,ORD00429,PRD048,4,25447,0.0516592966070174,96529
DTL001685,ORD00439,PRD048,3,25447,0.040904814496666254,73218
DTL001489,ORD00387,PRD048,3,24636,0.07362902750780467,68466
DTL001448,ORD00377,PRD048,1,25447,0.08529875890305796,23276
DTL001534,ORD00399,PRD048,3,25447,0,76341
DTL001961,ORD00509,PRD048,2,25447,0,50894
DTL001957,ORD00509,PRD048,2,25447,0,50894
DTL001872,ORD00483,PRD048,3,25447,0.013272985492626857,75327
DTL001830,ORD00473,PRD048,2,25447,0.06263832630392116,47706
DTL001821,ORD00471,PRD048,3,25447,0,76341
DTL002068,ORD00536,PRD048,2,25447,0.040904814496666254,48812
DTL002043,ORD00529,PRD048,2,25447,0.040904814496666254,48812
DTL002014,ORD00524,PRD048,2,25447,0,50894
DTL002283,ORD00593,PRD048,2,25447,0.040904814496666254,48812
DTL002281,ORD00593,PRD048,1,25447,0.040904814496666254,24406
DTL002580,ORD00671,PRD048,2,25447,0,50894
DTL002586,ORD00672,PRD048,2,25447,0,50894
DTL002600,ORD00676,PRD048,5,25447,0,127235
DTL002681,ORD00697,PRD048,3,25447,0.013272985492626857,75327
DTL002758,ORD00717,PRD048,2,25447,0,50894
DTL002553,ORD00665,PRD048,2,25447,0,50894
DTL002484,ORD00647,PRD048,1,25447,0.040904814496666254,24406
DTL002348,ORD00611,PRD048,2,25447,0,50894
DTL002340,ORD00609,PRD048,1,25447,0,25447
DTL002406,ORD00627,PRD048,1,25447,0,25447
DTL002381,ORD00621,PRD048,5,26339,0,131695
DTL003073,ORD00802,PRD048,1,25447,0,25447
DTL003088,ORD00807,PRD048,1,25447,0,25447
DTL003110,ORD00812,PRD048,5,25447,0.040904814496666254,122030
DTL003334,ORD00870,PRD048,2,25447,0,50894
DTL003380,ORD00880,PRD048,1,25447,0,25447
DTL003409,ORD00888,PRD048,3,25447,0,76341
DTL003768,ORD00981,PRD048,1,25447,0,25447
DTL003821,ORD00993,PRD048,3,25447,0,76341
DTL003512,ORD00917,PRD048,3,25447,0,76341
DTL003697,ORD00963,PRD048,2,25447,0,50894
DTL003665,ORD00957,PRD048,1,25447,0,25447
DTL003614,ORD00943,PRD048,1,25447,0,25447
DTL003562,ORD00928,PRD049,2,18841,0.15298941313261122,31917
DTL003533,ORD00922,PRD049,2,17741,0,35482
DTL003819,ORD00992,PRD049,2,18841,0,37682
DTL003742,ORD00975,PRD049,2,18841,0,37682
DTL003737,ORD00974,PRD049,2,18841,0,37682
DTL003418,ORD00891,PRD049,1,18841,0,18841
DTL003388,ORD00882,PRD049,4,18841,0.0276380520700901,73281
DTL003389,ORD00882,PRD049,5,18841,0,94205
DTL003331,ORD00868,PRD049,4,18841,0,75364
DTL003065,ORD00799,PRD049,1,18841,0,18841
DTL002949,ORD00765,PRD049,1,18841,0,18841
DTL002466,ORD00643,PRD049,2,18841,0,37682
DTL002443,ORD00636,PRD049,2,18841,0,37682
DTL002545,ORD00663,PRD049,2,18841,0,37682
DTL002585,ORD00672,PRD049,1,18841,0,18841
DTL002256,ORD00586,PRD049,1,18841,0,18841
DTL002213,ORD00577,PRD049,2,18841,0,37682
DTL002123,ORD00551,PRD049,3,18841,0,56523
DTL001837,ORD00475,PRD049,1,18841,0,18841
DTL001914,ORD00496,PRD049,1,18841,0,18841
DTL001909,ORD00494,PRD049,2,18841,0,37682
DTL001902,ORD00493,PRD049,1,18841,0,18841
DTL001547,ORD00403,PRD049,1,18841,0.11875779348019713,16603
DTL001494,ORD00388,PRD049,3,18841,0,56523
DTL001703,ORD00443,PRD049,1,18841,0.11875779348019713,16603
DTL001706,ORD00443,PRD049,4,18841,0.027261327081402324,73309
DTL001631,ORD00426,PRD049,1,18841,0,18841
DTL001617,ORD00422,PRD049,1,18841,0,18841
DTL001595,ORD00417,PRD049,2,18841,0.08650020183380427,34422
DTL001156,ORD00299,PRD049,2,18841,0,37682
DTL001366,ORD00354,PRD049,1,18841,0,18841
DTL001329,ORD00343,PRD049,4,18841,0.013447367005540315,74350
DTL001310,ORD00337,PRD049,3,18841,0,56523
DTL001068,ORD00280,PRD049,3,18841,0,56523
DTL000918,ORD00239,PRD049,1,18841,0.1893819834606401,15272
DTL000869,ORD00227,PRD049,1,18841,0,18841
DTL000703,ORD00182,PRD049,4,18841,0,75364
DTL000697,ORD00181,PRD049,3,18841,0,56523
DTL000676,ORD00177,PRD049,5,18841,0,94205
DTL000771,ORD00202,PRD049,2,18841,0,37682
DTL000776,ORD00203,PRD049,4,18841,0,75364
DTL000160,ORD00044,PRD049,2,18841,0.027261327081402324,36654
DTL000200,ORD00053,PRD049,1,18841,0,18841
DTL000255,ORD00068,PRD049,3,18841,0,56523
DTL000004,ORD00001,PRD049,3,18841,0,56523
DTL000087,ORD00023,PRD049,1,18841,0,18841
DTL000109,ORD00030,PRD049,2,18841,0.15298941313261122,31917
DTL000409,ORD00109,PRD049,1,18841,0,18841
DTL000347,ORD00094,PRD050,2,26369,0.06031605613414291,49557
DTL000285,ORD00078,PRD050,3,26369,0,79107
DTL000233,ORD00062,PRD050,3,26369,0,79107
DTL000778,ORD00204,PRD050,2,26369,0,52738
DTL000863,ORD00225,PRD050,1,26369,0,26369
DTL000649,ORD00170,PRD050,1,26369,0.03941818755173637,25329
DTL000598,ORD00156,PRD050,1,26369,0,26369
DTL000609,ORD00159,PRD050,3,26369,0,79107
DTL000936,ORD00243,PRD050,1,26369,0,26369
DTL001125,ORD00292,PRD050,0,26369,0,0
DTL001291,ORD00332,PRD050,1,26369,0,26369
DTL001355,ORD00350,PRD050,3,26369,0,79107
DTL001373,ORD00355,PRD050,4,26369,0.01932815338822529,103437
DTL001154,ORD00298,PRD050,1,26369,0,26369
DTL001198,ORD00309,PRD050,2,26369,0,52738
DTL001237,ORD00319,PRD050,1,26369,0,26369
DTL001589,ORD00415,PRD050,1,26369,0.0820714842627929,24204
DTL001623,ORD00424,PRD050,2,24862,0,49724
DTL001650,ORD00430,PRD050,2,26369,0,52738
DTL001468,ORD00382,PRD050,2,27128,0,54256
DTL001435,ORD00374,PRD050,2,26369,0.06031605613414291,49557
DTL001542,ORD00401,PRD050,4,26369,0.029275147351575003,102388
DTL001528,ORD00398,PRD050,2,26369,0,52738
DTL001916,ORD00496,PRD050,1,26369,0,26369
DTL001925,ORD00498,PRD050,2,23995,0,47990
DTL001992,ORD00518,PRD050,4,26369,0,105476
DTL002093,ORD00543,PRD050,1,26369,0,26369
DTL002044,ORD00530,PRD050,0,26369,0,0
DTL002216,ORD00577,PRD050,1,26369,0,26369
DTL002208,ORD00575,PRD050,2,26369,0,52738
DTL002167,ORD00563,PRD050,3,26369,0,79107
DTL002612,ORD00679,PRD050,2,26369,0,52738
DTL002711,ORD00706,PRD050,3,25843,0,77529
DTL002426,ORD00632,PRD050,1,26369,0.12837519791176344,22983
DTL002310,ORD00601,PRD050,2,27181,0,54362
DTL002939,ORD00762,PRD050,2,26369,0.03865630677645058,50699
DTL002921,ORD00757,PRD050,2,26369,0,52738
DTL003295,ORD00859,PRD050,1,26369,0,26369
DTL003310,ORD00863,PRD050,1,26369,0,26369
DTL003391,ORD00883,PRD050,1,24247,0.2597807450511768,17948
DTL003255,ORD00850,PRD050,1,26369,0,26369
DTL003703,ORD00965,PRD050,1,26369,0.0820714842627929,24204
DTL003770,ORD00981,PRD050,1,26369,0,26369
DTL003797,ORD00987,PRD050,1,26369,0,26369
DTL003557,ORD00927,PRD050,2,24698,0,49396
DTL003507,ORD00915,PRD050,1,26369,0,26369
DTL003457,ORD00901,PRD050,1,26369,0.03941818755173637,25329
DTL003437,ORD00896,PRD050,3,26369,0,79107
DTL003425,ORD00893,PRD050,2,24399,0,48798
DTL003662,ORD00956,PRD050,2,26369,0.10473836356780762,47214
DTL003652,ORD00953,PRD050,1,26369,0,26369
DTL003640,ORD00951,PRD050,2,26369,0.10473836356780762,47214
DTL003635,ORD00949,PRD050,1,26369,0,26369
DTL003574,ORD00931,PRD052,1,20763,0,20763
DTL003432,ORD00894,PRD052,2,20763,0,41526
DTL003735,ORD00973,PRD052,1,20763,0,20763
DTL003180,ORD00832,PRD052,2,20763,0,41526
DTL003306,ORD00862,PRD052,2,20763,0,41526
DTL002892,ORD00751,PRD052,5,20763,0,103815
DTL002299,ORD00597,PRD052,3,20763,0,62289
DTL002414,ORD00629,PRD052,1,20763,0.10659276235143633,18549
DTL002519,ORD00656,PRD052,1,20763,0,20763
DTL002459,ORD00641,PRD052,1,20763,0,20763
DTL002667,ORD00694,PRD052,5,20763,0,103815
DTL002190,ORD00570,PRD052,2,20763,0,41526
DTL002006,ORD00522,PRD052,1,20763,0.05059960532307848,19712
DTL002029,ORD00527,PRD052,2,20763,0,41526
DTL002096,ORD00545,PRD052,2,20566,0,41132
DTL002074,ORD00539,PRD052,3,20763,0,62289
DTL002132,ORD00555,PRD052,2,20763,0,41526
DTL001944,ORD00505,PRD052,2,20763,0,41526
DTL001908,ORD00494,PRD052,3,20763,0.03317354741329264,60222
DTL001527,ORD00397,PRD052,2,20763,0.05059960532307848,39424
DTL001712,ORD00445,PRD052,0,20763,0,0
DTL001618,ORD00423,PRD052,1,20763,0,20763
DTL001588,ORD00415,PRD052,2,19452,0.026382439848037148,37877
DTL001375,ORD00356,PRD052,1,20763,0,20763
DTL001413,ORD00368,PRD052,1,20763,0,20763
DTL000919,ORD00239,PRD052,1,20763,0.10659276235143633,18549
DTL000264,ORD00072,PRD052,2,20763,0,41526
DTL000152,ORD00041,PRD052,2,20763,0,41526
DTL000019,ORD00006,PRD052,1,20763,0,20763
DTL000035,ORD00010,PRD052,1,20763,0.05059960532307848,19712
DTL000351,ORD00095,PRD052,1,20763,0,20763
DTL000454,ORD00120,PRD052,4,20763,0,83052
DTL000342,ORD00093,PRD053,1,27036,0.07988496564946478,24876
DTL000401,ORD00107,PRD053,3,27036,0,81108
DTL000042,ORD00012,PRD053,2,27036,0,54072
DTL000176,ORD00047,PRD053,4,27036,0,108144
DTL000272,ORD00075,PRD053,3,27036,0.03840835765862652,77992
DTL000883,ORD00231,PRD053,1,27036,0.07988496564946478,24876
DTL001065,ORD00279,PRD053,1,27036,0,27036
DTL000578,ORD00152,PRD053,2,27036,0,54072
DTL000781,ORD00204,PRD053,2,27036,0,54072
DTL000743,ORD00193,PRD053,2,27036,0,54072
DTL001414,ORD00368,PRD053,4,27036,0.009333233778839692,107134
DTL001362,ORD00353,PRD053,1,27055,0,27055
DTL001235,ORD00319,PRD053,1,27036,0.03566842630903125,26071
DTL001271,ORD00327,PRD053,2,27036,0.0587406015037594,50895
DTL001206,ORD00311,PRD053,2,27036,0,54072
DTL001451,ORD00378,PRD053,4,27036,0,108144
DTL001867,ORD00482,PRD053,2,27036,0.018842327404280976,53053
DTL002108,ORD00547,PRD053,2,27036,0,54072
DTL002101,ORD00546,PRD053,2,27036,0,54072
DTL002027,ORD00526,PRD053,1,27036,0,27036
DTL002228,ORD00579,PRD053,5,27036,0,135180
DTL002652,ORD00690,PRD053,3,27036,0,81108
DTL002597,ORD00675,PRD053,2,27036,0,54072
DTL002795,ORD00726,PRD053,3,27036,0,81108
DTL002424,ORD00631,PRD053,2,27036,0,54072
DTL002343,ORD00609,PRD053,1,27036,0.03840835765862652,25997
DTL002873,ORD00746,PRD053,3,27036,0.06569611604561938,75779
DTL002962,ORD00768,PRD053,2,27036,0,54072
DTL003056,ORD00797,PRD053,1,27036,0,27036
DTL003136,ORD00819,PRD053,3,27036,0.03840835765862652,77992
DTL003749,ORD00976,PRD053,1,27036,0.07988496564946478,24876
DTL003763,ORD00980,PRD053,2,27036,0.018842327404280976,53053
DTL003503,ORD00914,PRD053,3,27036,0,81108
DTL003573,ORD00930,PRD053,5,27036,0.0074526755105082726,134172
DTL003667,ORD00957,PRD053,2,26387,0,52774
DTL003554,ORD00927,PRD054,1,20507,0,20507
DTL003743,ORD00975,PRD054,1,20507,0.10806721780947749,18290
DTL003728,ORD00972,PRD054,4,20507,0,82028
DTL003247,ORD00848,PRD054,5,20507,0,102535
DTL003288,ORD00857,PRD054,3,20507,0,61521
DTL003333,ORD00869,PRD054,2,20507,0,41014
DTL002971,ORD00772,PRD054,1,20507,0,20507
DTL002918,ORD00757,PRD054,4,20507,0,82028
DTL002357,ORD00614,PRD054,4,20507,0,82028
DTL002558,ORD00666,PRD054,5,19011,0,95055
DTL002816,ORD00731,PRD054,2,20507,0,41014
DTL002643,ORD00688,PRD054,1,20810,0,20810
DTL002116,ORD00550,PRD054,3,20507,0,61521
DTL001874,ORD00484,PRD054,2,20507,0,41014
DTL001746,ORD00453,PRD054,2,20507,0.13883489753984563,35319
DTL001215,ORD00314,PRD054,2,20507,0,41014
DTL001190,ORD00307,PRD054,4,20507,0,82028
DTL001181,ORD00305,PRD054,4,20507,0.012341412844942489,81015
DTL001372,ORD00355,PRD054,5,20507,0,102535
DTL001392,ORD00360,PRD054,2,20507,0.07891829326037776,37777
DTL001352,ORD00349,PRD054,3,20507,0.051263648946532014,58367
DTL001044,ORD00272,PRD054,2,20507,0,41014
DTL001015,ORD00264,PRD054,2,20507,0,41014
DTL001025,ORD00267,PRD054,2,20507,0.051263648946532014,38911
DTL001133,ORD00294,PRD054,1,20507,0,20507
DTL000975,ORD00254,PRD054,4,20507,0,82028
DTL000282,ORD00077,PRD054,2,20507,0,41014
DTL000220,ORD00059,PRD054,2,20507,0,41014
DTL000207,ORD00054,PRD054,2,20507,0,41014
DTL000111,ORD00030,PRD054,4,20507,0,82028
DTL000066,ORD00018,PRD055,3,23751,0,71253
DTL000067,ORD00018,PRD055,2,23751,0,47502
DTL000178,ORD00047,PRD055,2,23751,0,47502
DTL000946,ORD00247,PRD055,5,23751,0.008492208398794106,117746
DTL000985,ORD00256,PRD055,3,23751,0,71253
DTL001145,ORD00296,PRD055,1,23751,0,23751
DTL000584,ORD00153,PRD055,1,23751,0,23751
DTL000664,ORD00174,PRD055,1,23751,0.14457134595923088,20317
DTL001276,ORD00329,PRD055,1,23751,0.14457134595923088,20317
DTL001462,ORD00380,PRD055,3,22535,0,67605
DTL001683,ORD00439,PRD055,1,23751,0,23751
DTL001780,ORD00461,PRD055,1,23751,0,23751
DTL001772,ORD00459,PRD055,3,23751,0,71253
DTL002125,ORD00552,PRD055,3,23751,0,71253
DTL002193,ORD00571,PRD055,3,23751,0,71253
DTL002709,ORD00705,PRD055,1,23751,0,23751
DTL002380,ORD00621,PRD055,1,23751,0,23751
DTL002405,ORD00627,PRD055,2,23751,0.021504451421444238,46480
DTL002904,ORD00754,PRD055,3,23751,0,71253
DTL002951,ORD00766,PRD055,0,23751,0,0
DTL003360,ORD00875,PRD055,2,23751,0.1176415227518705,41913
DTL003249,ORD00848,PRD055,3,23751,0.01423426757576189,70238
DTL003702,ORD00964,PRD055,2,23751,0,47502
DTL003753,ORD00977,PRD055,3,23751,0,71253
DTL003429,ORD00894,PRD055,2,23751,0,47502
DTL003477,ORD00907,PRD055,2,23751,0,47502
DTL003424,ORD00892,PRD056,1,21211,0,21211
DTL003698,ORD00963,PRD056,1,21211,0,21211
DTL003273,ORD00854,PRD056,2,21211,0,42422
DTL003392,ORD00884,PRD056,1,21211,0,21211
DTL003413,ORD00890,PRD056,3,21211,0,63633
DTL002937,ORD00762,PRD056,3,21211,0,63633
DTL002994,ORD00778,PRD056,1,21211,0,21211
DTL002913,ORD00756,PRD056,3,21211,0,63633
DTL002869,ORD00746,PRD056,2,21211,0,42422
DTL003112,ORD00812,PRD056,3,21211,0.049478007025877,60484
DTL003092,ORD00808,PRD056,5,21211,0.009518823473418685,105045
DTL002386,ORD00622,PRD056,4,21211,0.061847508782346246,79596
DTL002438,ORD00635,PRD056,1,21211,0,21211
DTL002499,ORD00651,PRD056,4,21211,0,84844
DTL002159,ORD00561,PRD056,2,19557,0,39114
DTL001853,ORD00479,PRD056,3,21211,0,63633
DTL001930,ORD00501,PRD056,2,21211,0,42422
DTL001932,ORD00501,PRD056,1,21211,0.16473559936302234,17716
DTL001661,ORD00433,PRD056,2,21211,0,42422
DTL001576,ORD00411,PRD056,3,21211,0.0324501484594292,61568
DTL001562,ORD00407,PRD056,3,21211,0,63633
DTL000840,ORD00220,PRD056,2,21211,0.07609963979503831,39193
DTL001018,ORD00265,PRD056,2,21211,0,42422
DTL001070,ORD00280,PRD056,1,21211,0.30843254580223306,14668
DTL001040,ORD00271,PRD056,1,21211,0,21211
DTL000971,ORD00253,PRD056,2,21211,0,42422
DTL000957,ORD00249,PRD056,2,21211,0.13361124472235583,36753
DTL000923,ORD00241,PRD056,2,21211,0,42422
DTL000070,ORD00019,PRD056,2,21211,0,42422
DTL000059,ORD00016,PRD056,5,21211,0.029110669060210568,102967
DTL000386,ORD00104,PRD056,3,21211,0,63633
DTL000485,ORD00128,PRD056,1,21211,0,21211
DTL000495,ORD00132,PRD056,3,21211,0,63633
DTL000499,ORD00133,PRD057,2,21906,0,43812
DTL000532,ORD00141,PRD057,2,21906,0,43812
DTL000410,ORD00109,PRD057,1,21906,0,21906
DTL000345,ORD00094,PRD057,3,21906,0,65718
DTL000352,ORD00095,PRD057,2,21906,0.04783315794508754,41716
DTL000056,ORD00015,PRD057,5,21906,0,109530
DTL000009,ORD00002,PRD057,1,21906,0,21906
DTL000130,ORD00034,PRD057,1,21906,0,21906
DTL000871,ORD00228,PRD057,2,21906,0.07350779182593355,40591
DTL001073,ORD00281,PRD057,4,21906,0,87624
DTL001028,ORD00268,PRD057,1,21906,0,21906
DTL000842,ORD00220,PRD057,1,21906,0,21906
DTL001461,ORD00380,PRD057,2,21906,0,43812
DTL001457,ORD00379,PRD057,3,21906,0,65718
DTL001500,ORD00390,PRD057,3,21906,0,65718
DTL001600,ORD00419,PRD057,3,21906,0.0313883047176622,63655
DTL001638,ORD00427,PRD057,2,21906,0.1288261362465217,38167
DTL001664,ORD00434,PRD057,3,21906,0.04635495534472635,62671
DTL001681,ORD00438,PRD057,3,21906,0,65718
DTL001667,ORD00435,PRD057,3,21906,0.04783315794508754,62574
DTL001223,ORD00317,PRD057,1,21906,0.04783315794508754,20858
DTL001255,ORD00323,PRD057,4,21906,0,87624
DTL001376,ORD00357,PRD057,2,21906,0,43812
DTL001424,ORD00371,PRD057,1,21906,0,21906
DTL001915,ORD00496,PRD057,1,21906,0,21906
DTL001919,ORD00496,PRD057,1,21906,0,21906
DTL002191,ORD00571,PRD057,4,21906,0,87624
DTL002387,ORD00623,PRD057,2,21906,0,43812
DTL002369,ORD00618,PRD057,4,20849,0,83396
DTL002311,ORD00601,PRD057,2,21906,0,43812
DTL002692,ORD00701,PRD057,4,21906,0,87624
DTL002766,ORD00719,PRD057,3,20561,0,61683
DTL002900,ORD00753,PRD057,2,21906,0,43812
DTL003298,ORD00860,PRD057,4,21906,0,87624
DTL003688,ORD00961,PRD057,5,21906,0,109530
DTL003755,ORD00978,PRD057,4,21906,0,87624
DTL003786,ORD00985,PRD057,2,21906,0,43812
DTL003801,ORD00988,PRD058,1,25678,0.1322867977775818,22281
DTL003721,ORD00969,PRD058,2,25678,0,51356
DTL003850,ORD01000,PRD058,2,25678,0,51356
DTL003658,ORD00955,PRD058,1,25678,0,25678
DTL003440,ORD00896,PRD058,1,25678,0.08446659346228566,23509
DTL003329,ORD00868,PRD058,2,25678,0.019858606720152515,50336
DTL003228,ORD00844,PRD058,1,25678,0,25678
DTL003210,ORD00840,PRD058,2,25678,0,51356
DTL002897,ORD00752,PRD058,2,25678,0.040521922359996757,49274
DTL003023,ORD00787,PRD058,1,25678,0.1322867977775818,22281
DTL002734,ORD00712,PRD058,3,25678,0.06846126461648,71760
DTL002653,ORD00690,PRD058,2,25678,0,51356
DTL002629,ORD00684,PRD058,1,25678,0.1322867977775818,22281
DTL002569,ORD00668,PRD058,2,25678,0,51356
DTL002146,ORD00559,PRD058,1,25678,0,25678
DTL002221,ORD00578,PRD058,2,25678,0,51356
DTL002277,ORD00592,PRD058,0,25678,0,0
DTL002117,ORD00550,PRD058,2,25678,0,51356
DTL002078,ORD00539,PRD058,1,25678,0.08446659346228566,23509
DTL002052,ORD00531,PRD058,2,25678,0,51356
DTL001911,ORD00495,PRD058,5,25678,0,128390
DTL001996,ORD00519,PRD058,3,25678,0,77034
DTL001802,ORD00467,PRD058,2,25678,0,51356
DTL001815,ORD00470,PRD058,1,25678,0,25678
DTL001425,ORD00372,PRD058,2,25678,0,51356
DTL000761,ORD00199,PRD058,1,25678,0.2418028822903569,19468
DTL000671,ORD00176,PRD058,2,25678,0,51356
DTL001060,ORD00277,PRD058,1,25678,0,25678
DTL000870,ORD00227,PRD058,2,25678,0,51356
DTL000036,ORD00011,PRD058,4,25678,0,102712
DTL000022,ORD00007,PRD058,1,25678,0.04409559925919393,24545
DTL000023,ORD00007,PRD058,3,25678,0,77034
DTL000045,ORD00012,PRD058,1,25678,0,25678
DTL000169,ORD00045,PRD058,3,25678,0.040521922359996757,73912
DTL000157,ORD00043,PRD058,3,25678,0,77034
DTL000212,ORD00055,PRD058,2,25678,0,51356
DTL000214,ORD00056,PRD058,2,25678,0,51356
DTL000405,ORD00108,PRD058,1,25678,0,25678
DTL000422,ORD00112,PRD058,4,25678,0,102712
DTL000407,ORD00108,PRD060,2,25451,0,50902
DTL000514,ORD00136,PRD060,1,27254,0.12369093757730684,23882
DTL000158,ORD00043,PRD060,2,27254,0,54508
DTL000915,ORD00239,PRD060,3,27254,0.0651363956124124,76436
DTL000945,ORD00246,PRD060,2,27254,0.03808943399101089,52431
DTL001009,ORD00263,PRD060,1,27254,0.22467870944549295,21130
DTL000657,ORD00173,PRD060,1,27254,0,27254
DTL000650,ORD00170,PRD060,1,27254,0,27254
DTL000611,ORD00160,PRD060,1,27254,0,27254
DTL000795,ORD00207,PRD060,4,27254,0,109016
DTL000792,ORD00206,PRD060,4,27254,0,109016
DTL000802,ORD00208,PRD060,4,27254,0,109016
DTL001256,ORD00323,PRD060,2,27254,0.01868879419899828,53489
DTL001279,ORD00329,PRD060,1,27254,0,27254
DTL001689,ORD00440,PRD060,3,27254,0,81762
DTL001697,ORD00441,PRD060,1,27254,0.12369093757730684,23882
DTL001641,ORD00428,PRD060,2,27254,0,54508
DTL001442,ORD00376,PRD060,2,27254,0.0582433796691776,51333
DTL002054,ORD00533,PRD060,1,27254,0,27254
DTL002013,ORD00523,PRD060,2,24700,0,49400
DTL002085,ORD00541,PRD060,2,27254,0,54508
DTL002539,ORD00661,PRD060,2,27254,0,54508
DTL002344,ORD00610,PRD060,2,27254,0.03808943399101089,52431
DTL002418,ORD00630,PRD060,2,27254,0.10099377878322695,49003
DTL002640,ORD00688,PRD060,4,27254,0,109016
DTL002650,ORD00690,PRD060,1,27254,0.22467870944549295,21130
DTL003242,ORD00847,PRD060,1,27254,0,27254
DTL003330,ORD00868,PRD060,4,27254,0,109016
DTL003531,ORD00921,PRD060,1,25331,0,25331
DTL003493,ORD00912,PRD060,1,27254,0,27254
DTL003719,ORD00969,PRD060,1,27254,0.22467870944549295,21130
DTL003731,ORD00972,PRD060,2,27254,0.03808943399101089,52431
DTL003836,ORD00997,PRD060,1,27254,0,27254
DTL003451,ORD00899,PRD061,2,29433,0.09282293097686853,53401
DTL003685,ORD00961,PRD061,1,29433,0.03517040059086273,28397
DTL003593,ORD00937,PRD061,4,29433,0,117732
DTL003623,ORD00946,PRD061,1,29433,0,29433
DTL003071,ORD00801,PRD061,1,29433,0,29433
DTL002857,ORD00742,PRD061,2,29433,0,58866
DTL002875,ORD00747,PRD061,1,26949,0.03853713052526109,25910
DTL002881,ORD00749,PRD061,1,29433,0,29433
DTL002678,ORD00697,PRD061,1,29433,0,29433
DTL002762,ORD00718,PRD061,1,29433,0,29433
DTL002174,ORD00566,PRD061,4,29433,0,117732
DTL002188,ORD00569,PRD061,2,29433,0,58866
DTL001806,ORD00467,PRD061,2,29433,0,58866
DTL001440,ORD00375,PRD061,1,29433,0,29433
DTL001502,ORD00390,PRD061,1,29433,0,29433
DTL001247,ORD00322,PRD061,2,29433,0.09282293097686853,53401
DTL001167,ORD00302,PRD061,4,29433,0,117732
DTL001429,ORD00373,PRD061,4,29230,0,116920
DTL001405,ORD00364,PRD061,1,29433,0,29433
DTL000051,ORD00013,PRD061,2,29433,0,58866
DTL000020,ORD00006,PRD061,1,29433,0.11349449551696743,26092
DTL000074,ORD00020,PRD062,1,30276,0,30276
DTL000098,ORD00026,PRD062,3,31476,0,94428
DTL000078,ORD00021,PRD062,1,30276,0.07073136228603763,28134
DTL000189,ORD00051,PRD062,4,30276,0,121104
DTL000221,ORD00059,PRD062,1,30276,0.10998680158380994,26946
DTL000262,ORD00070,PRD062,4,30276,0,121104
DTL000548,ORD00144,PRD062,2,30276,0,60552
DTL000326,ORD00089,PRD062,3,30276,0,90828
DTL000313,ORD00085,PRD062,2,30276,0,60552
DTL000288,ORD00079,PRD062,2,30276,0,60552
DTL000630,ORD00165,PRD062,1,30276,0,30276
DTL000579,ORD00152,PRD062,4,30276,0,121104
DTL000662,ORD00174,PRD062,3,30276,0.022515423064799388,88782
DTL000711,ORD00184,PRD062,1,30276,0,30276
DTL000940,ORD00245,PRD062,2,30276,0.03415767181308922,58483
DTL001019,ORD00265,PRD062,2,30276,0.034751181540172364,58447
DTL001346,ORD00347,PRD062,1,30276,0.07073136228603763,28134
DTL001239,ORD00320,PRD062,3,30276,0.03415767181308922,87725
DTL001546,ORD00403,PRD062,2,30276,0,60552
DTL001698,ORD00441,PRD062,2,30276,0,60552
DTL001804,ORD00467,PRD062,0,28711,0,0
DTL001808,ORD00468,PRD062,1,30276,0,30276
DTL001835,ORD00474,PRD062,5,30276,0,151380
DTL001983,ORD00515,PRD062,3,30276,0.022515423064799388,88782
DTL001976,ORD00513,PRD062,2,30276,0.05212677231025855,57395
DTL001940,ORD00504,PRD062,1,30276,0,30276
DTL002171,ORD00565,PRD062,1,27287,0.07909202356942302,25128
DTL002706,ORD00705,PRD062,2,30276,0,60552
DTL002351,ORD00612,PRD062,4,30276,0,121104
DTL002526,ORD00658,PRD062,1,30276,0.19781611014401013,24286
DTL002511,ORD00653,PRD062,3,30276,-0.010889924641721479,91817
DTL002574,ORD00670,PRD062,0,30276,0,0
DTL002453,ORD00640,PRD062,4,30276,0,121104
DTL003075,ORD00803,PRD062,1,28565,0.11734793663211422,25212
DTL003094,ORD00808,PRD062,3,30276,0,90828
DTL003302,ORD00861,PRD062,1,30276,0.07073136228603763,28134
DTL003313,ORD00864,PRD062,5,29014,0,145070
DTL003286,ORD00857,PRD062,1,30276,0.19781611014401013,24286
DTL003363,ORD00876,PRD062,3,30276,0,90828
DTL003236,ORD00846,PRD062,2,30276,0.05212677231025855,57395
DTL003160,ORD00826,PRD062,1,30276,0,30276
DTL003185,ORD00833,PRD062,1,30276,0,30276
DTL003492,ORD00911,PRD062,1,30276,0,30276
DTL003422,ORD00892,PRD063,3,32822,0,98466
DTL003626,ORD00947,PRD063,2,32822,0,65644
DTL003181,ORD00833,PRD063,2,32822,0.015469339768578677,64628
DTL003161,ORD00827,PRD063,3,32822,0,98466
DTL003357,ORD00874,PRD063,1,32822,0,32822
DTL003372,ORD00878,PRD063,3,32822,0,98466
DTL003276,ORD00855,PRD063,4,32822,0.007675303942036105,130280
DTL003029,ORD00788,PRD063,1,32822,0,32822
DTL002996,ORD00779,PRD063,1,32822,0,32822
DTL002968,ORD00770,PRD063,1,32822,0,32822
DTL002461,ORD00641,PRD063,2,32822,0.08244838730954422,60231
DTL002502,ORD00652,PRD063,4,32822,0.03959204358292158,126090
DTL002556,ORD00665,PRD063,2,32822,0,65644
DTL002298,ORD00596,PRD063,1,32822,0,32822
DTL002627,ORD00684,PRD063,1,32822,0,32822
DTL002800,ORD00727,PRD063,4,30030,0,120120
DTL002838,ORD00737,PRD063,3,32822,0.031424800452517124,95371
DTL002046,ORD00530,PRD063,1,32822,0,32822
DTL002067,ORD00536,PRD063,2,32822,0.047889662218249154,62500
DTL002049,ORD00530,PRD063,1,32822,0,32822
DTL002050,ORD00531,PRD063,1,31494,0.06781040211568455,29358
DTL001782,ORD00462,PRD063,1,32822,0,32822
DTL001642,ORD00428,PRD063,1,32822,0.1797138954783984,26923
DTL001332,ORD00343,PRD063,1,32822,0,32822
DTL001368,ORD00355,PRD063,5,32822,0.01862081807460741,161054
DTL001143,ORD00296,PRD063,1,32822,0.031424800452517124,31790
DTL001109,ORD00288,PRD063,1,32822,0.10059687479042317,29520
DTL001010,ORD00263,PRD063,3,32822,0.010259988098413806,97455
DTL000900,ORD00235,PRD063,3,32822,0,98466
DTL000712,ORD00185,PRD063,1,32822,0.10059687479042317,29520
DTL000706,ORD00183,PRD063,3,32822,0,98466
DTL000686,ORD00179,PRD063,1,32822,0.031424800452517124,31790
DTL000808,ORD00210,PRD063,3,32822,0.053495388697494275,93198
DTL000398,ORD00107,PRD063,1,32822,0,32822
DTL000374,ORD00101,PRD063,3,32822,0,98466
DTL000550,ORD00144,PRD063,1,32822,0,32822
DTL000008,ORD00002,PRD063,4,32822,0.023384884010975306,128217
DTL000005,ORD00002,PRD064,4,27102,0,108408
DTL000219,ORD00058,PRD064,1,25314,0,25314
DTL000190,ORD00051,PRD064,1,27102,0.12447099825740603,23728
DTL000205,ORD00054,PRD064,2,27102,0,54204
DTL000555,ORD00145,PRD064,0,27102,0,0
DTL000527,ORD00140,PRD064,4,27102,0,108408
DTL000302,ORD00083,PRD064,2,27102,0.10161775465409316,48695
DTL000339,ORD00093,PRD064,4,27102,0,108408
DTL000741,ORD00193,PRD064,3,27102,0,81306
DTL000582,ORD00153,PRD064,1,27102,0,27102
DTL000646,ORD00169,PRD064,1,27102,0.12447099825740603,23728
DTL000981,ORD00256,PRD064,5,27102,0,135510
DTL001112,ORD00289,PRD064,2,27102,0.03831124051796797,52127
DTL001090,ORD00285,PRD064,1,27102,0,27102
DTL001024,ORD00266,PRD064,4,27102,0,108408
DTL001369,ORD00355,PRD064,3,27102,0,81306
DTL001157,ORD00299,PRD064,3,27102,0,81306
DTL001172,ORD00303,PRD064,2,27102,0,54204
DTL001188,ORD00306,PRD064,1,27102,0,27102
DTL001634,ORD00426,PRD064,2,27102,0,54204
DTL001506,ORD00392,PRD064,2,27102,0,54204
DTL001776,ORD00461,PRD064,1,27102,0,27102
DTL001934,ORD00503,PRD064,1,27102,0,27102
DTL001857,ORD00480,PRD064,1,27102,0.226223871142883,20970
DTL002039,ORD00529,PRD064,4,27102,0,108408
DTL002112,ORD00548,PRD064,4,27102,0,108408
DTL002168,ORD00564,PRD064,1,27546,0,27546
DTL002255,ORD00586,PRD064,1,27102,0,27102
DTL002261,ORD00588,PRD064,3,27102,0,81306
DTL002264,ORD00589,PRD064,1,27102,0,27102
DTL002247,ORD00584,PRD064,1,27102,0.12447099825740603,23728
DTL002237,ORD00582,PRD064,2,27102,0,54204
DTL002772,ORD00721,PRD064,1,27102,0,27102
DTL002622,ORD00682,PRD064,1,27102,0,27102
DTL002644,ORD00689,PRD064,4,27102,0,108408
DTL002656,ORD00691,PRD064,1,27102,0,27102
DTL002294,ORD00596,PRD064,1,27806,0,27806
DTL002320,ORD00603,PRD064,1,27102,0,27102
DTL002400,ORD00626,PRD064,1,27102,0.226223871142883,20970
DTL002518,ORD00656,PRD064,1,24524,0,24524
DTL002523,ORD00658,PRD064,4,27102,0,108408
DTL002462,ORD00642,PRD064,3,26599,0.025707932182474903,77745
DTL003031,ORD00788,PRD064,5,27102,0,135510
DTL003015,ORD00785,PRD064,1,27102,0,27102
DTL003006,ORD00782,PRD064,2,27102,0,54204
DTL003127,ORD00817,PRD064,3,27102,0,81306
DTL003345,ORD00872,PRD064,2,27102,0,54204
DTL003376,ORD00879,PRD064,5,27102,0.014980151299528125,133480
DTL003401,ORD00886,PRD064,2,27102,0.10161775465409316,48695
DTL003221,ORD00842,PRD064,0,27102,0,0
DTL003651,ORD00953,PRD064,1,27102,0,27102
DTL003498,ORD00912,PRD064,3,27102,0.0252187728545129,79255
DTL003730,ORD00972,PRD064,1,27102,0,27102
DTL003550,ORD00926,PRD065,2,30657,0,61314
DTL003653,ORD00953,PRD065,1,30657,0,30657
DTL003139,ORD00821,PRD065,1,30657,0,30657
DTL003379,ORD00880,PRD065,3,30657,0,91971
DTL002969,ORD00771,PRD065,4,30657,0,122628
DTL002981,ORD00775,PRD065,4,30657,0,122628
DTL002865,ORD00745,PRD065,4,30657,0.01657989853102099,120594
DTL002514,ORD00655,PRD065,1,30657,0,30657
DTL002654,ORD00691,PRD065,2,30657,0.03371885221027076,59246
DTL002708,ORD00705,PRD065,3,30657,0,91971
DTL002243,ORD00583,PRD065,1,30657,0.10847163466753444,27331
DTL002236,ORD00581,PRD065,3,30657,0,91971
DTL002001,ORD00520,PRD065,1,30657,0,30657
DTL001910,ORD00495,PRD065,1,30657,0,30657
DTL001979,ORD00514,PRD065,3,30657,0,91971
DTL001757,ORD00455,PRD065,2,30657,0.01657989853102099,60297
DTL001820,ORD00471,PRD065,1,30657,0,30657
DTL001643,ORD00428,PRD065,3,30657,0.010992514097899331,90960
DTL001605,ORD00419,PRD065,2,29786,0,59572
DTL001196,ORD00308,PRD065,3,30657,0,91971
DTL001290,ORD00332,PRD065,1,30657,0,30657
DTL001299,ORD00334,PRD065,1,30657,0.06979097602679973,28517
DTL001085,ORD00284,PRD065,1,30657,0,30657
DTL001107,ORD00288,PRD065,0,30657,0,0
DTL000892,ORD00233,PRD065,1,30657,0,30657
DTL000332,ORD00090,PRD065,1,30657,0,30657
DTL000318,ORD00087,PRD065,3,30657,0,91971
DTL000471,ORD00125,PRD065,1,30657,0,30657
DTL000261,ORD00070,PRD065,1,30657,0,30657
DTL000129,ORD00034,PRD065,2,29832,0.0914678764817796,54206
DTL000122,ORD00032,PRD065,2,30657,0,61314
DTL000136,ORD00036,PRD066,1,33954,0,33954
DTL000464,ORD00123,PRD066,1,33954,0,33954
DTL000442,ORD00117,PRD066,1,33954,0.09691800736576855,30663
DTL000524,ORD00139,PRD066,1,33954,0.09691800736576855,30663
DTL000307,ORD00084,PRD066,1,33954,0,33954
DTL000914,ORD00239,PRD066,1,33954,0,33954
DTL000991,ORD00258,PRD066,4,33954,0,135816
DTL001132,ORD00293,PRD066,2,33954,0,67908
DTL000715,ORD00186,PRD066,1,33954,0.09691800736576855,30663
DTL001314,ORD00338,PRD066,1,33954,0,33954
DTL001221,ORD00316,PRD066,1,34418,0,34418
DTL001674,ORD00436,PRD066,3,33954,0,101862
DTL001515,ORD00394,PRD066,4,33954,0.007417517208639924,134808
DTL001935,ORD00503,PRD066,1,33954,0.03034532985373551,32923
DTL001878,ORD00485,PRD066,4,33954,0,135816
DTL002588,ORD00673,PRD066,1,33954,0,33954
DTL002494,ORD00649,PRD066,1,33954,0,33954
DTL002397,ORD00625,PRD066,4,33954,0.014945895856997668,133786
DTL003120,ORD00815,PRD066,1,33954,0,33954
DTL003406,ORD00887,PRD066,1,33954,0,33954
DTL003190,ORD00835,PRD066,2,33954,0,67908
DTL003199,ORD00836,PRD067,2,30947,0.016421979176930404,60877
DTL003220,ORD00842,PRD067,2,30947,0,61894
DTL003275,ORD00855,PRD067,1,30947,0,30947
DTL003351,ORD00873,PRD067,2,30947,0,61894
DTL003327,ORD00867,PRD067,1,27864,0.21868439468159553,21770
DTL003124,ORD00816,PRD067,3,30947,0,92841
DTL003131,ORD00818,PRD067,1,30947,0,30947
DTL003097,ORD00809,PRD067,2,30947,0,61894
DTL003083,ORD00806,PRD067,2,30947,0,61894
DTL002912,ORD00756,PRD067,1,30947,0,30947
DTL002385,ORD00622,PRD067,1,30947,0,30947
DTL002295,ORD00596,PRD067,3,30947,0,92841
DTL002288,ORD00594,PRD067,2,30947,0,61894
DTL002323,ORD00604,PRD067,1,30947,0.10734604787633735,27624
DTL002455,ORD00640,PRD067,0,28324,0,0
DTL002447,ORD00638,PRD067,2,30947,0,61894
DTL002547,ORD00664,PRD067,4,30947,0.00814411831775092,122779
DTL002601,ORD00676,PRD067,1,30947,0,30947
DTL002607,ORD00678,PRD067,1,30947,0,30947
DTL002621,ORD00682,PRD067,3,30947,0,92841
DTL003605,ORD00940,PRD067,1,30947,0.0690917884409438,28808
DTL003590,ORD00936,PRD067,3,30947,0,92841
DTL003530,ORD00921,PRD067,1,30947,0.03339232644338331,29913
DTL003804,ORD00988,PRD067,1,30947,0.03339232644338331,29913
DTL001871,ORD00483,PRD067,1,30947,0,30947
DTL001775,ORD00460,PRD067,1,30947,0.10734604787633735,27624
DTL001718,ORD00446,PRD067,2,30947,0,61894
DTL002011,ORD00523,PRD067,1,30947,0,30947
DTL002109,ORD00548,PRD067,1,30947,0,30947
DTL002135,ORD00555,PRD067,2,30947,0,61894
DTL002233,ORD00580,PRD067,1,30947,0,30947
DTL002220,ORD00578,PRD067,5,31397,0.012904474626576765,154959
DTL002254,ORD00586,PRD067,1,30947,0.0690917884409438,28808
DTL002142,ORD00557,PRD067,1,30947,0.0690917884409438,28808
DTL002189,ORD00570,PRD067,3,30947,0,92841
DTL001540,ORD00401,PRD067,3,29499,0,88497
DTL001452,ORD00378,PRD067,2,30947,0,61894
DTL001596,ORD00417,PRD067,1,30947,0.10734604787633735,27624
DTL001164,ORD00301,PRD067,1,30947,0,30947
DTL001371,ORD00355,PRD067,2,30947,0,61894
DTL001390,ORD00359,PRD067,1,30947,0.03339232644338331,29913
DTL000681,ORD00178,PRD067,1,30947,0,30947
DTL000586,ORD00153,PRD067,3,30947,0,92841
DTL000591,ORD00154,PRD067,2,30947,0,61894
DTL000596,ORD00155,PRD067,2,30947,0,61894
DTL000967,ORD00251,PRD067,2,30947,0,61894
DTL000427,ORD00114,PRD067,2,30947,0,61894
DTL000542,ORD00143,PRD067,5,30947,0,154735
DTL000463,ORD00123,PRD067,1,30947,0,30947
DTL000260,ORD00069,PRD067,3,30947,0.03339232644338331,89740
DTL000218,ORD00058,PRD067,2,30947,0.03339232644338331,59827
DTL000249,ORD00067,PRD068,1,33071,0,33071
DTL000085,ORD00023,PRD068,1,33071,0,33071
DTL000027,ORD00008,PRD068,3,33071,0,99213
DTL000043,ORD00012,PRD068,4,33071,0.015351079180866416,130253
DTL000348,ORD00095,PRD068,1,33071,0.03118081756103645,32039
DTL000955,ORD00249,PRD068,1,33071,0.06436870393614624,30942
DTL001116,ORD00290,PRD068,1,33071,0,33071
DTL000588,ORD00154,PRD068,1,33071,0,33071
DTL000613,ORD00160,PRD068,4,33071,0,132284
DTL000738,ORD00192,PRD068,1,33071,0,33071
DTL001364,ORD00354,PRD068,3,33071,0.053071232207869405,93947
DTL001165,ORD00301,PRD068,2,33071,0.03118081756103645,64079
DTL001608,ORD00420,PRD068,1,33071,0,33071
DTL001552,ORD00404,PRD068,3,33071,0,99213
DTL001512,ORD00393,PRD068,1,33071,0,33071
DTL002139,ORD00556,PRD068,3,33071,0,99213
DTL001761,ORD00456,PRD068,3,33071,0,99213
DTL001829,ORD00473,PRD068,1,33071,0,33071
DTL001834,ORD00474,PRD068,2,33071,0,66142
DTL001812,ORD00470,PRD068,3,33071,0.01018195147281928,98202
DTL001984,ORD00515,PRD068,4,33071,0.023204727576498253,129214
DTL003739,ORD00974,PRD068,1,33071,0.09976389212197799,29771
DTL003556,ORD00927,PRD068,3,33071,0,99213
DTL002623,ORD00682,PRD068,5,33071,0,165355
DTL002631,ORD00685,PRD068,3,33071,0.01018195147281928,98202
DTL002602,ORD00676,PRD068,3,33071,0.01018195147281928,98202
DTL002760,ORD00717,PRD068,5,33071,0,165355
DTL002752,ORD00716,PRD068,2,33071,0,66142
DTL002735,ORD00712,PRD068,2,33071,0.08177684733898138,60733
DTL002743,ORD00714,PRD068,2,33071,0,66142
DTL002543,ORD00662,PRD068,3,33071,0,99213
DTL002532,ORD00659,PRD068,2,33071,0,66142
DTL002463,ORD00642,PRD068,1,33071,0.03118081756103645,32039
DTL002337,ORD00608,PRD068,1,33071,0.03118081756103645,32039
DTL002287,ORD00594,PRD068,1,33071,0.06436870393614624,30942
DTL002393,ORD00624,PRD068,5,33071,0,165355
DTL002908,ORD00755,PRD068,4,32082,0,128328
DTL002953,ORD00766,PRD068,1,33071,0,33071
DTL003229,ORD00844,PRD068,1,33071,0,33071
DTL003187,ORD00834,PRD068,4,33071,0.023204727576498253,129214
DTL003353,ORD00873,PRD069,4,28464,0,113856
DTL003118,ORD00815,PRD069,2,27928,0,55856
DTL002365,ORD00617,PRD069,1,28464,0,28464
DTL002722,ORD00709,PRD069,1,28464,0,28464
DTL002691,ORD00701,PRD069,3,28464,0,85392
DTL003547,ORD00925,PRD069,1,28464,0.2130923968632799,22398
DTL003489,ORD00911,PRD069,5,28464,0,142320
DTL003465,ORD00903,PRD069,3,28464,0,85392
DTL001962,ORD00509,PRD069,2,28464,0,56928
DTL001865,ORD00482,PRD069,5,28464,0,142320
DTL001889,ORD00488,PRD069,2,28464,0,56928
DTL001729,ORD00449,PRD069,1,28464,0,28464
DTL001454,ORD00378,PRD069,1,28464,0.117813383600377,25110
DTL001473,ORD00383,PRD069,3,28464,0,85392
DTL001695,ORD00441,PRD069,2,28464,0,56928
DTL001378,ORD00357,PRD069,1,28464,0,28464
DTL001301,ORD00335,PRD069,1,28464,0,28464
DTL000744,ORD00194,PRD069,4,28464,0,113856
DTL000846,ORD00221,PRD069,0,28464,0,0
DTL000862,ORD00225,PRD069,3,28464,0,85392
DTL000323,ORD00088,PRD069,1,28464,0.117813383600377,25110
DTL000425,ORD00112,PRD069,1,28464,0,28464
DTL000038,ORD00011,PRD069,2,28464,0,56928
DTL000244,ORD00064,PRD069,2,28464,0,56928
DTL000194,ORD00052,PRD069,1,28464,0,28464
DTL000210,ORD00055,PRD070,1,31314,0,31314
DTL000243,ORD00064,PRD070,1,31314,0,31314
DTL000011,ORD00003,PRD070,4,31314,0.008047901107391193,124247
DTL000080,ORD00021,PRD070,2,31314,0,62628
DTL000371,ORD00101,PRD070,1,31314,0,31314
DTL000335,ORD00090,PRD070,1,31314,0,31314
DTL000805,ORD00209,PRD070,3,31314,0,93942
DTL000747,ORD00195,PRD070,1,31314,0,31314
DTL000720,ORD00187,PRD070,4,31314,0,125256
DTL001077,ORD00282,PRD070,5,31314,0,156570
DTL001385,ORD00359,PRD070,3,31314,0,93942
DTL001254,ORD00323,PRD070,5,31314,0,156570
DTL002131,ORD00554,PRD070,3,31314,0,93942
DTL002199,ORD00574,PRD070,2,31314,0,62628
DTL002265,ORD00590,PRD070,3,31314,0,93942
DTL002272,ORD00591,PRD070,1,31314,0.19001292087861973,25363
DTL003455,ORD00900,PRD070,2,31314,0.032988058322887114,60562
DTL003802,ORD00988,PRD070,2,31314,0.08676337891302839,57194
DTL003795,ORD00987,PRD070,2,31314,0.015967298971705946,61628
DTL003837,ORD00997,PRD070,1,31314,0.10595465140919687,27996
DTL002362,ORD00616,PRD070,3,31314,0.010759398334445138,92931
DTL002425,ORD00632,PRD070,5,31314,0.012939121433654655,154544
DTL002505,ORD00652,PRD070,1,31314,0,31314
DTL002890,ORD00751,PRD070,3,31314,0,93942
DTL003080,ORD00805,PRD071,2,26334,0.039472645456698506,50589
DTL002555,ORD00665,PRD071,5,26334,0,131670
DTL002713,ORD00706,PRD071,1,26334,0.23436767601012468,20162
DTL002674,ORD00696,PRD071,1,26334,0.23436767601012468,20162
DTL003467,ORD00903,PRD071,0,26334,0,0
DTL003540,ORD00924,PRD071,3,26334,0,79002
DTL003563,ORD00929,PRD071,2,26334,0,52668
DTL002226,ORD00579,PRD071,1,26334,0.08218952905399853,24169
DTL001897,ORD00491,PRD071,3,26334,0.012820184097843645,77989
DTL001201,ORD00309,PRD071,4,26334,0.02931519699812383,102248
DTL001195,ORD00308,PRD071,1,26334,0,26334
DTL001408,ORD00366,PRD071,5,26334,0,131670
DTL001324,ORD00342,PRD071,1,26334,0.08218952905399853,24169
DTL001347,ORD00348,PRD071,1,26334,0,26334
DTL001691,ORD00440,PRD071,0,26334,0,0
DTL001484,ORD00386,PRD071,3,26334,0.039472645456698506,75883
DTL001061,ORD00278,PRD071,1,26334,0,26334
DTL000716,ORD00186,PRD071,0,26334,0,0
DTL000654,ORD00172,PRD071,5,26334,0,131670
DTL000737,ORD00192,PRD071,2,26334,0,52668
DTL000804,ORD00209,PRD071,1,26334,0,26334
DTL000809,ORD00210,PRD071,2,26334,0,52668
DTL000309,ORD00085,PRD071,1,26334,0,26334
DTL000537,ORD00142,PRD071,3,26334,0.012820184097843645,77989
DTL000512,ORD00136,PRD071,2,26334,0,52668
DTL000513,ORD00136,PRD073,4,20169,0,80676
DTL000440,ORD00116,PRD073,1,20169,0,20169
DTL000477,ORD00126,PRD073,1,20169,0.17473353136466888,16644
DTL000369,ORD00100,PRD073,1,20169,0,20169
DTL000790,ORD00206,PRD073,2,20169,0,40338
DTL000667,ORD00175,PRD073,2,20169,0,40338
DTL001114,ORD00289,PRD073,1,20169,0,20169
DTL000996,ORD00260,PRD073,3,20169,0,60507
DTL001586,ORD00415,PRD073,3,20169,0,60507
DTL001876,ORD00485,PRD073,1,20169,0,20169
DTL001945,ORD00505,PRD073,3,20169,0.016804745660174432,59490
DTL001758,ORD00455,PRD073,2,20169,0,40338
DTL001781,ORD00461,PRD073,1,20348,0,20348
DTL001849,ORD00478,PRD073,3,20169,0,60507
DTL002242,ORD00583,PRD073,1,20169,0,20169
DTL003693,ORD00962,PRD073,1,20169,0,20169
DTL003535,ORD00923,PRD073,2,20169,0,40338
DTL003442,ORD00897,PRD073,1,20169,0,20169
DTL003747,ORD00976,PRD073,4,20169,0,80676
DTL002628,ORD00684,PRD073,2,20169,0,40338
DTL002810,ORD00730,PRD073,2,20169,0.052167562209817935,38233
DTL003021,ORD00786,PRD073,3,20169,0,60507
DTL003268,ORD00853,PRD073,1,20169,0,20169
DTL002790,ORD00725,PRD075,1,15231,0,15231
DTL002314,ORD00602,PRD075,3,15231,0,45693
DTL003789,ORD00986,PRD075,2,15231,0.19637106276019164,24480
DTL003496,ORD00912,PRD075,3,15231,0,45693
DTL003515,ORD00917,PRD075,3,15231,0,45693
DTL003684,ORD00961,PRD075,3,15231,0,45693
DTL002225,ORD00579,PRD075,2,15231,0,30462
DTL002169,ORD00564,PRD075,1,15231,0.2452783909737552,11495
DTL001666,ORD00434,PRD075,1,15231,0,15231
DTL001513,ORD00393,PRD075,2,15231,0,30462
DTL001200,ORD00309,PRD075,1,15231,0.48871078095982795,7787
DTL000972,ORD00253,PRD075,2,15231,0,30462
DTL000973,ORD00253,PRD075,1,15231,0,15231
DTL000607,ORD00158,PRD075,0,15231,0,0
DTL000760,ORD00198,PRD075,1,15616,0,15616
DTL000825,ORD00215,PRD075,1,15231,0.2452783909737552,11495
DTL000861,ORD00225,PRD075,2,15231,0,30462
DTL000383,ORD00103,PRD075,1,15231,0.2452783909737552,11495
DTL000393,ORD00106,PRD075,3,15231,0.04577392259629689,43601
DTL000092,ORD00024,PRD075,2,15231,0,30462
DTL000102,ORD00027,PRD076,1,17068,0.21324992891669037,13428
DTL000253,ORD00068,PRD076,3,17068,0,51204
DTL000829,ORD00216,PRD076,4,17068,0,68272
DTL000604,ORD00157,PRD076,0,17068,0,0
DTL000643,ORD00168,PRD076,2,17068,0,34136
DTL000689,ORD00179,PRD076,3,17068,0.10821573889706519,45662
DTL000980,ORD00256,PRD076,1,17068,0,17068
DTL001210,ORD00312,PRD076,4,17068,0.03017865765330758,66211
DTL001150,ORD00297,PRD076,3,15953,0,47859
DTL001415,ORD00368,PRD076,3,17068,0.019918731575173293,50184
DTL001669,ORD00436,PRD076,1,17068,0,17068
DTL001750,ORD00454,PRD076,1,17068,0.13273161667109104,14802
DTL001921,ORD00497,PRD076,0,17068,0,0
DTL003654,ORD00953,PRD076,2,17068,0,34136
DTL003660,ORD00956,PRD076,1,17068,0,17068
DTL003443,ORD00897,PRD076,1,17068,0,17068
DTL003814,ORD00991,PRD076,1,17068,0,17068
DTL002698,ORD00703,PRD076,1,17068,0,17068
DTL003373,ORD00878,PRD076,3,17068,0.019918731575173293,50184
DTL003036,ORD00789,PRD076,5,17068,0,85340
DTL003122,ORD00816,PRD078,2,26246,0.019420492503689893,51472
DTL003205,ORD00839,PRD078,2,26246,0,52492
DTL002759,ORD00717,PRD078,1,26246,0.08248783304462592,24081
DTL002785,ORD00724,PRD078,2,26246,0,52492
DTL002430,ORD00633,PRD078,2,26246,0,52492
DTL003830,ORD00995,PRD078,1,26246,0,26246
DTL003504,ORD00914,PRD078,2,26246,0.06061585710821951,49310
DTL001823,ORD00472,PRD078,1,26246,0,26246
DTL001570,ORD00410,PRD078,1,26246,0,26246
DTL001630,ORD00426,PRD078,1,26246,0.24696236293588858,19764
DTL001336,ORD00344,PRD078,2,26246,0,52492
DTL001319,ORD00340,PRD078,3,26246,0,78738
DTL001151,ORD00298,PRD078,1,26246,0.03961023528479759,25206
DTL001214,ORD00314,PRD078,4,26246,0.050008001280204835,99733
DTL000888,ORD00232,PRD078,3,26246,0,78738
DTL001101,ORD00287,PRD078,1,26246,0.03961023528479759,25206
DTL000683,ORD00178,PRD078,2,26246,0,52492
DTL000162,ORD00044,PRD078,2,26246,0,52492
DTL000164,ORD00044,PRD078,2,26246,0,52492
DTL000568,ORD00150,PRD078,2,26246,0,52492
DTL000168,ORD00045,PRD080,2,20003,0,40006
DTL000146,ORD00039,PRD080,2,20003,0.0810679349294709,36762
DTL000120,ORD00032,PRD080,3,20003,0.09089421730989475,54554
DTL000754,ORD00196,PRD080,2,20003,0,40006
DTL000726,ORD00189,PRD080,4,20003,0,80012
DTL000768,ORD00201,PRD080,1,20003,0.3332666799973339,13336
DTL001146,ORD00297,PRD080,1,20003,0,20003
DTL000964,ORD00251,PRD080,3,20003,0.03447740867796376,57940
DTL001191,ORD00307,PRD080,1,20003,0,20003
DTL001233,ORD00319,PRD080,3,20003,0,60009
DTL001286,ORD00331,PRD080,5,20003,0,100015
DTL001526,ORD00397,PRD080,3,20003,0.016946567472758394,58992
DTL001520,ORD00395,PRD080,3,20003,0.03447740867796376,57940
DTL001854,ORD00479,PRD080,1,20003,0,20003
DTL001797,ORD00465,PRD080,3,20003,0.03447740867796376,57940
DTL001928,ORD00500,PRD080,2,20003,0,40006
DTL002161,ORD00562,PRD080,4,20003,0,80012
DTL002148,ORD00560,PRD080,3,20003,0.03447740867796376,57940
DTL002151,ORD00560,PRD080,5,20003,0.03092305313611297,96922
DTL002181,ORD00567,PRD080,2,20003,0,40006
DTL003586,ORD00934,PRD080,1,20003,0,20003
DTL002718,ORD00707,PRD080,2,20003,0,40006
DTL002579,ORD00671,PRD080,1,20003,0,20003
DTL003308,ORD00863,PRD080,3,20003,0,60009
DTL003103,ORD00810,PRD080,2,20003,0.14283265725875563,34291
DTL003001,ORD00780,PRD080,2,20003,0.025637081474644927,38980
DTL002998,ORD00779,PRD080,1,20003,0.11109259567849802,17780
DTL002858,ORD00742,PRD080,2,20003,0,40006
DTL002914,ORD00756,PRD080,1,20003,0,20003
DTL002946,ORD00765,PRD080,1,18817,0.11892727597074389,16579
