order_id,customer_id,branch_name,cashier_name,order_date,order_time,payment_method,promotion,subtotal,discount,tax,tax_rate,grandtotal
ORD00001,CUST0012,FnB Jakarta Selatan,Tuti Wijaya,2023-10-14,12:48:49,QRIS,NULL,178890,0,17910,9.999944165582,196778
ORD00002,CUST0192,FnB Bandung,Tuti Wijaya,2023-08-07,17:12:19,qris,NULL,349598,0,35167,10.000028435830,384557
ORD00003,CUST0097,FnB Jakarta Pusat,Yusuf Handayani,2024-10-08,20:47:12,Credit Card,MEMBER DISC,194486,13477,18102,9.307180133165,212587
ORD00004,CUST0173,FnB Bandung,Reza Puspita,2023-07-31,17:50:34,Cash,-,422669,0,38768,10.000025794536,464936
ORD00005,CUST0162,FnB Surabaya,Bagus Lestari,2024-12-11,11:21:50,credit card,BUY1GET1,169722,0,16972,9.999882160238,186693
ORD00006,CUST0132,FnB Jakarta Selatan,Gilang Anggraini,2023-10-03,20:55:34,Cash,NULL,123218,0,12361,9.999838203410,135539
ORD00007,CUST0162,FnB Palembang,Rian Suryani,2024-12-15,17:30:58,CASH,NULL,228814,5186,22176,9.771444434163,251172
ORD00008,CUST0173,FnB Denpasar,Gilang Anggraini,2023-08-25,13:03:57,Credit Card,-,236278,19698,21660,9.166352798784,257936
ORD00009,CUST0097,FnB Semarang,Fajar Yulianto,2024-10-25,08:52:52,QRIS,PROMO20,322893,41437,28156,8.717054851563,351039
ORD00010,CUST0078,FnB Surabaya,Fajar Yulianto,2024-01-24,11:27:21,Tunai,WEEKEND SPECIAL,196672,19368,17736,9.015722615047,214403
ORD00011,CUST0156,FnB Makassar,Joko Kusumo,2024-12-28,13:36:34,gopay,MEMBER DISC,346277,0,34628,10.000086635843,380904
ORD00012,CUST0162,FnB Jakarta Pusat,Rian Suryani,2023-07-01,11:17:09,qris,NONE,304860,0,30536,10.000163743839,335346
ORD00013,CUST0162,FnB Yogyakarta,Siti Pratama,2024-02-16,17:08:06,GoPay,-,241986,0,24241,9.999834993028,266184
ORD00014,CUST0162,FnB Jakarta Pusat,Joko Kusumo,2024-12-14,12:05:00,gopay,WEEKEND SPECIAL,126404,23454,10395,8.159084487143,136717
ORD00015,CUST0105,FnB Yogyakarta,Gilang Anggraini,2024-01-20,20:44:08,Cash,-,222433,21348,20138,9.041480902801,242544
ORD00016,CUST0162,FnB Jakarta Selatan,Bagus Lestari,2024-04-18,11:39:44,Qris,BUY1GET1,435338,0,43645,9.999977087920,478871
ORD00017,CUST0028,FnB Makassar,Sinta Santoso,2024-06-06,19:22:26,CASH,-,140934,0,14102,9.999929088575,155027
ORD00018,CUST0130,FnB Denpasar,Hadi Handayani,2023-12-06,18:29:49,CASH,NULL,118755,0,11876,10.000421034903,130630
ORD00019,CUST0004,FnB Jakarta Pusat,Fajar Wahyuni,2024-07-24,17:54:58,credit card,NULL,285254,0,28325,9.999858783988,313778
ORD00020,CUST0077,FnB Bandung,Lina Pratama,2024-03-13,12:18:13,qris,NULL,246471,0,24707,10.000161900059,271118
ORD00021,CUST0088,FnB Palembang,Fajar Kurniawan,2024-11-01,13:03:59,Qris,WEEKEND SPECIAL,203548,0,19112,10.000000000000,223902
ORD00022,CUST0094,FnB Bandung,Wati Suryani,2023-02-07,17:57:15,debit card,NONE,149692,0,14969,9.999866392325,164660
ORD00023,CUST0162,FnB Makassar,Fitri Prasetyo,2023-08-04,13:57:20,gopay,WEEKEND SPECIAL,245069,37923,21215,8.483658510251,265859
ORD00024,CUST0093,FnB Surabaya,Siti Wahyuni,2024-12-03,12:55:12,QRIS,NULL,308931,0,26527,9.999849212512,339823
ORD00025,CUST0109,FnB Jakarta Barat,Sinta Santoso,2024-10-24,12:09:13,qris,NULL,157337,0,15834,10.000189469296,173070
ORD00026,CUST0061,FnB Jakarta Barat,Joko Kusumo,2023-12-07,13:12:40,ovo,NULL,319694,0,31796,10.000062901389,351663
ORD00027,CUST0088,FnB Jakarta Selatan,Fitri Prasetyo,2024-04-11,13:03:17,Qris,NULL,101777,0,10245,9.999902392363,111954
ORD00028,CUST0059,FnB Yogyakarta,Eko Puspita,2023-08-01,10:56:18,Tunai,PROMO20,264466,0,24555,10.000081450469,290912
ORD00029,CUST0018,FnB Bandung,Tuti Wijaya,2024-05-05,13:31:55,CASH,WEEKEND SPECIAL,32762,3797,1612,8.094401205121,35413
ORD00030,CUST0137,FnB Surabaya,Wati Suryani,2024-06-02,18:15:20,Kartu Debit,NULL,449052,0,44996,9.999977775851,493957
ORD00031,CUST0156,FnB Bandung,Agus Permata,2023-09-27,17:02:30,qris,WEEKEND SPECIAL,373906,62447,30533,8.302064300008,404947
ORD00032,CUST0143,FnB Surabaya,Eko Puspita,2024-03-12,17:28:31,gopay,NULL,173026,0,16063,9.999750986715,190328
ORD00033,CUST0112,FnB Makassar,Zahra Hidayat,2023-03-08,09:22:18,QRIS,-,283148,0,27058,10.000073915839,311463
ORD00034,CUST0091,FnB Palembang,Sinta Santoso,2024-12-17,12:54:36,QRIS,NULL,76112,0,7657,10.000000000000,83723
ORD00035,CUST0172,FnB Bandung,Bagus Lestari,2024-12-24,13:11:50,GoPay,PROMO20,186347,7447,17890,9.600369203689,204236
ORD00036,CUST0121,FnB Yogyakarta,Yusuf Handayani,2024-06-08,08:24:57,Ovo,PROMO20,171672,0,14598,10.000137006946,188839
ORD00037,CUST0115,FnB Yogyakarta,Agus Wahyuni,2024-01-30,18:39:34,Kartu Kredit,NULL,49981,0,5102,10.000980103891,54979
ORD00038,CUST0008,FnB Surabaya,Fajar Yulianto,2024-11-20,17:32:58,gopay,NULL,299080,0,29908,10.000000000000,328988
ORD00039,CUST0078,FnB Palembang,Joko Kusumo,2024-08-27,17:23:23,Credit Card,NULL,286341,0,23579,9.999915179480,314974
ORD00040,CUST0091,FnB Jakarta Selatan,Yusuf Handayani,2024-05-29,12:15:34,Cash,BUY1GET1,39865,1542,2575,9.433962264150,43625
ORD00041,CUST0095,FnB Jakarta Pusat,Fajar Kurniawan,2023-05-13,19:14:20,Tunai,-,138034,0,13803,9.999710216323,151836
ORD00042,CUST0132,FnB Makassar,Lina Pratama,2024-11-08,11:23:22,Qris,BUY1GET1,220068,0,22038,10.000000000000,242074
ORD00043,CUST0128,FnB Bandung,Yusuf Handayani,2024-09-03,19:51:43,QRIS,PROMO20,211272,31294,15484,8.318827498764,228847
ORD00044,CUST0138,FnB Makassar,Bagus Lestari,2024-12-03,11:18:04,OVO,NULL,380768,15501,34477,9.569713993871,417206
ORD00045,CUST0162,FnB Denpasar,Yusuf Handayani,2024-06-26,18:33:40,cash,NULL,226004,21546,20470,9.047713761630,246452
ORD00046,CUST0162,FnB Jakarta Pusat,Tuti Wijaya,2024-04-06,20:28:47,Tunai,MEMBER DISC,212419,0,20042,10.000000000000,233660
ORD00047,CUST0162,FnB Makassar,Maya Handayani,2023-11-13,10:53:33,credit card,NULL,218687,0,21869,10.000137182365,240555
ORD00048,CUST0187,FnB Bandung,Fitri Prasetyo,2024-11-22,20:29:19,credit card,WEEKEND SPECIAL,223983,8150,15298,9.494020467564,245247
ORD00049,CUST0007,FnB Surabaya,Maya Permata,2024-10-06,19:49:54,Debit,NULL,151816,0,15262,9.999868957293,166997
ORD00050,CUST0049,FnB Medan,Intan Pratama,2023-07-21,19:11:11,cash,PROMO20,163672,13489,15194,9.184715916990,178704
ORD00051,CUST0005,FnB Denpasar,Agus Permata,2023-12-05,11:20:36,gopay,NONE,257034,0,25741,10.000077697662,282737
ORD00052,CUST0153,FnB Jakarta Pusat,Fajar Wahyuni,2024-05-11,19:09:23,Qris,NULL,160088,0,16132,10.000247960524,176097
ORD00053,CUST0173,FnB Bandung,Agus Wahyuni,2024-08-25,13:59:31,qris,BUY1GET1,206013,0,20610,9.999757405206,226613
ORD00054,CUST0065,FnB Medan,Agus Permata,2024-12-24,15:32:21,Gopay,NULL,211192,19765,19143,9.064263797871,230334
ORD00055,CUST0182,FnB Semarang,Fajar Kurniawan,2024-05-23,18:58:59,Gopay,NULL,184919,0,18793,9.999893578528,203410
ORD00056,CUST0017,FnB Semarang,Sinta Santoso,2024-03-21,13:07:19,QRIS,-,178301,11630,15410,9.298200095335,194879
ORD00057,CUST0185,FnB Jakarta Pusat,Siti Pratama,2024-05-05,13:41:12,qris,PROMO20,140722,0,14090,10.000000000000,154794
ORD00058,CUST0081,FnB Jakarta Barat,Fajar Kurniawan,2024-12-15,11:34:54,debit card,NONE,110588,0,11066,10.000451854864,121647
ORD00059,CUST0024,FnB Jakarta Barat,Joko Kusumo,2024-09-18,17:58:42,QRIS,BUY1GET1,94362,0,9473,10.000000000000,103798
ORD00060,CUST0117,FnB Yogyakarta,Eko Puspita,2024-09-15,11:18:22,qris,-,145978,9901,13779,9.329677026203,159597
ORD00061,CUST0066,FnB Jakarta Selatan,Maya Handayani,2024-07-15,20:47:26,QR Code,BUY1GET1,226524,44471,18205,8.036676025498,244728
ORD00062,CUST0071,FnB Jakarta Selatan,Zahra Hidayat,2023-11-11,20:08:53,Gopay,NULL,320882,0,32088,9.999937671792,352969
ORD00063,CUST0075,FnB Palembang,Fajar Wahyuni,2023-07-29,19:04:59,Debit Card,NULL,332353,0,33235,9.999909734529,365587
ORD00064,CUST0162,FnB Jakarta Pusat,Wati Suryani,2023-07-27,19:26:11,Kartu Debit,NULL,182130,0,15884,10.000125914453,200343
ORD00065,CUST0130,FnB Palembang,Intan Pratama,2024-10-05,12:02:52,debit card,NULL,167366,0,12968,10.000231344031,184102
ORD00066,CUST0075,FnB Medan,Sinta Santoso,2024-08-27,11:09:16,gopay,NULL,23413,0,2341,9.998718660573,25753
ORD00067,CUST0139,FnB Yogyakarta,Gilang Anggraini,2024-12-31,20:58:44,QR Code,NULL,230638,0,23065,10.000173425942,253702
ORD00068,CUST0162,FnB Jakarta Barat,Fajar Kurniawan,2024-12-29,17:38:47,Credit Card,NULL,164616,0,16362,10.000244474867,181078
ORD00069,CUST0067,FnB Jakarta Pusat,Eko Puspita,2024-02-17,20:44:52,QR Code,WEEKEND SPECIAL,259371,0,25949,10.000115612728,285308
ORD00070,CUST0098,FnB Semarang,Intan Pratama,2024-07-26,12:56:44,Cash,NULL,151761,0,15176,9.999934106918,166936
ORD00071,CUST0028,FnB Makassar,Maya Permata,2024-11-30,19:03:18,CASH,NULL,34228,0,3423,10.000584316933,37650
ORD00072,CUST0044,FnB Semarang,Fajar Wahyuni,2024-09-24,16:48:10,QRIS,BUY1GET1,136980,13432,12499,9.029568785534,149348
ORD00073,CUST0161,FnB Jakarta Pusat,Agus Wahyuni,2023-07-11,19:06:34,Debit,MEMBER DISC,232302,0,23235,9.999870886108,255531
ORD00074,CUST0044,FnB Semarang,Agus Permata,2023-12-04,12:26:21,debit card,NULL,43369,0,3751,10.001066496027,47706
ORD00075,CUST0125,FnB Yogyakarta,Fajar Wahyuni,2023-04-18,18:50:57,OVO,NULL,302267,0,30238,9.999900788073,332493
ORD00076,CUST0162,FnB Medan,Bagus Lestari,2024-12-06,11:59:01,Debit Card,PROMO10,297690,55658,24203,8.130269743693,321892
ORD00077,CUST0024,FnB Yogyakarta,Siti Pratama,2024-03-31,21:38:33,Qris,-,214999,17860,19770,9.171417835322,234717
ORD00078,CUST0132,FnB Makassar,Agus Wahyuni,2023-10-04,17:14:08,ShopeePay,-,178985,0,17916,10.000055816341,196883
ORD00079,CUST0066,FnB Medan,Agus Wahyuni,2024-07-31,11:27:44,Kartu Kredit,NULL,134724,0,13480,9.999851634248,148196
ORD00080,CUST0188,FnB Jakarta Pusat,Wati Suryani,2024-04-09,07:12:06,GoPay,NULL,174898,0,16267,10.000184425851,192388
ORD00081,CUST0116,FnB Bandung,Hadi Handayani,2023-10-01,12:42:00,Cash,PROMO20,249466,34310,22061,8.654087556880,271055
ORD00082,CUST0162,FnB Jakarta Pusat,Fajar Wahyuni,2023-07-21,12:01:05,Cash,WEEKEND SPECIAL,242305,38748,20365,8.401575940097,262662
ORD00083,CUST0131,FnB Bandung,Siti Pratama,2024-05-19,13:49:46,cash,WEEKEND SPECIAL,281907,24280,20643,8.947596549781,307130
ORD00084,CUST0012,FnB Bandung,Maya Handayani,2024-01-18,19:00:33,Kartu Kredit,WEEKEND SPECIAL,84308,10345,7396,8.772595720453,91703
ORD00085,CUST0147,FnB Jakarta Pusat,Intan Pratama,2024-07-28,08:59:13,qris,NULL,429883,40787,38919,9.051330175054,468793
ORD00086,CUST0187,FnB Jakarta Barat,Siti Pratama,2024-01-17,17:11:53,Ovo,PROMO20,222765,0,22276,9.999775548223,245040
ORD00087,CUST0137,FnB Jakarta Pusat,Fajar Wahyuni,2024-09-26,19:07:29,QR Code,PROMO10,390387,32467,35822,9.168882825557,426181
ORD00088,CUST0162,FnB Yogyakarta,Fajar Kurniawan,2024-02-14,17:05:20,CASH,PROMO20,138519,0,13301,10.000000000000,152370
ORD00089,CUST0173,FnB Denpasar,Bagus Lestari,2024-02-22,20:14:35,Kartu Debit,NULL,250177,0,23517,9.999872434335,275194
ORD00090,CUST0059,FnB Jakarta Pusat,Maya Handayani,2024-10-14,12:11:00,QR Code,NULL,119129,0,10568,10.000473148805,131042
ORD00091,CUST0058,FnB Palembang,Hadi Handayani,2023-11-03,17:07:09,Shopeepay,MEMBER DISC,103918,14644,8927,8.590427067495,112844
ORD00092,CUST0139,FnB Surabaya,Intan Pratama,2023-04-22,11:21:12,QRIS,-,22814,1764,2105,9.226790567195,24918
ORD00093,CUST0098,FnB Jakarta Barat,Siti Wahyuni,2023-01-24,19:48:45,Kartu Debit,NULL,294417,0,29463,9.999966059240,323858
ORD00094,CUST0164,FnB Jakarta Pusat,Gilang Anggraini,2024-12-07,13:38:25,Debit,NONE,235009,0,20667,10.000096773569,258510
ORD00095,CUST0173,FnB Surabaya,Agus Permata,2024-04-11,12:31:31,shopeepay,NULL,184703,0,19038,9.999789898310,203172
ORD00096,CUST0082,FnB Yogyakarta,Hadi Handayani,2024-06-11,14:43:01,qris,NULL,197172,0,19895,9.999798948500,216888
ORD00097,CUST0061,FnB Semarang,Lina Pratama,2023-06-18,13:39:06,Shopeepay,WEEKEND SPECIAL,190445,36202,15426,8.099338443767,205869
ORD00098,CUST0162,FnB Jakarta Pusat,Bagus Lestari,2023-07-21,12:31:32,Tunai,NONE,27105,0,2710,9.998155321896,29814
ORD00099,CUST0067,FnB Jakarta Pusat,Rian Suryani,2023-10-11,08:24:28,Debit Card,NONE,581784,55912,52608,9.039330572690,634373
ORD00100,CUST0162,FnB Bandung,Bagus Lestari,2023-09-25,13:42:55,QR Code,PROMO20,191578,0,18476,10.000000000000,210735
ORD00101,CUST0102,FnB Jakarta Barat,Sinta Santoso,2024-03-17,13:24:31,gopay,NULL,319787,0,29556,10.000067668613,351765
ORD00102,CUST0156,FnB Jakarta Selatan,Sinta Santoso,2023-10-26,18:32:03,gopay,MEMBER DISC,226397,42878,18352,8.106114480315,244748
ORD00103,CUST0022,FnB Jakarta Barat,Joko Kusumo,2023-11-26,11:20:03,QR Code,WEEKEND SPECIAL,151150,10787,10112,9.036236093114,164808
ORD00104,CUST0144,FnB Yogyakarta,Siti Pratama,2024-11-03,16:01:48,Cash,NULL,218450,0,21930,9.999954400572,240294
ORD00105,CUST0109,FnB Denpasar,Eko Puspita,2024-03-18,13:22:03,credit card,NULL,170233,7901,16327,9.538637704697,186470
ORD00106,CUST0133,FnB Bandung,Agus Wahyuni,2024-02-09,08:55:19,qris,MEMBER DISC,202051,13787,17059,9.252338983050,220745
ORD00107,CUST0040,FnB Denpasar,Tuti Wijaya,2024-08-05,13:55:27,CASH,NULL,267233,0,26110,10.000076599590,293956
ORD00108,CUST0162,FnB Jakarta Barat,Wati Suryani,2023-10-29,19:24:36,Kartu Debit,NULL,287150,24290,26290,9.154059088772,313435
ORD00109,CUST0172,FnB Bandung,Sinta Santoso,2024-04-12,18:21:31,QRIS,NONE,147989,0,12376,10.000000000000,162787
ORD00110,CUST0059,FnB Jakarta Selatan,Fajar Yulianto,2024-10-04,12:12:31,Debit,NULL,127127,0,12713,10.000235984487,139839
ORD00111,CUST0022,FnB Medan,Fajar Wahyuni,2024-12-03,12:36:25,Credit Card,BUY1GET1,167736,0,15422,9.999805476485,184509
ORD00112,CUST0007,FnB Palembang,Maya Handayani,2023-05-02,19:04:36,gopay,-,378953,0,34144,10.000117152262,416848
ORD00113,CUST0151,FnB Surabaya,Fajar Wahyuni,2024-11-18,17:52:19,Gopay,PROMO10,98186,7517,9071,9.234731794720,107253
ORD00114,CUST0138,FnB Jakarta Barat,Tuti Wijaya,2024-06-29,12:16:39,Gopay,MEMBER DISC,199079,17491,18193,9.123093818480,217241
ORD00115,CUST0130,FnB Medan,Gilang Anggraini,2023-07-19,18:42:52,debit card,NULL,253253,0,25351,10.000118339927,278578
ORD00116,CUST0060,FnB Jakarta Pusat,Tuti Wijaya,2024-08-07,18:40:03,ovo,MEMBER DISC,170248,27127,14313,8.406653431850,184560
ORD00117,CUST0094,FnB Makassar,Agus Permata,2024-12-21,13:48:19,Debit,PROMO20,293156,0,28116,10.000035567063,322471
ORD00118,CUST0134,FnB Surabaya,Gilang Anggraini,2024-10-09,11:52:18,Qris,NULL,212654,0,21269,10.000188070676,233919
ORD00119,CUST0119,FnB Bandung,Fajar Yulianto,2023-09-09,17:09:12,credit card,MEMBER DISC,291523,56386,23523,8.066485148175,315038
ORD00120,CUST0196,FnB Surabaya,Sinta Santoso,2024-04-21,17:12:10,cash,PROMO20,220252,43121,17713,8.042151717124,237964
ORD00121,CUST0033,FnB Medan,Maya Permata,2023-07-06,17:46:31,QRIS,NULL,348645,0,32542,10.000122919586,383509
ORD00122,CUST0162,FnB Jakarta Pusat,Fajar Yulianto,2023-07-22,21:26:57,Cash,NULL,252494,0,22680,10.000000000000,277743
ORD00123,CUST0097,FnB Medan,Zahra Hidayat,2023-04-18,13:47:32,QRIS,PROMO10,157214,20161,13732,8.719560593072,170922
ORD00124,CUST0103,FnB Jakarta Selatan,Maya Handayani,2024-11-24,19:21:53,cash,PROMO20,174430,10210,15185,9.369986424780,190774
ORD00125,CUST0162,FnB Semarang,Siti Wahyuni,2023-07-15,11:11:13,gopay,-,460541,0,41499,10.000072291421,506595
ORD00126,CUST0162,FnB Yogyakarta,Rian Suryani,2023-07-05,17:20:34,Qris,WEEKEND SPECIAL,206087,37257,16936,8.197006950225,222979
ORD00127,CUST0196,FnB Yogyakarta,Agus Permata,2024-04-27,19:52:19,qris,NULL,401692,20998,29550,9.336640389263,439196
ORD00128,CUST0029,FnB Surabaya,Zahra Hidayat,2024-02-10,18:16:35,Kartu Kredit,NULL,200855,0,20092,9.999850689069,220940
ORD00129,CUST0024,FnB Surabaya,Lina Pratama,2023-09-22,18:54:28,Qris,NONE,106542,0,10699,10.000186936852,117196
ORD00130,CUST0162,FnB Jakarta Pusat,Agus Wahyuni,2024-10-29,19:15:19,QR Code,NULL,180493,0,13706,10.000364817044,198542
ORD00131,CUST0132,FnB Yogyakarta,Gilang Anggraini,2023-12-17,19:41:26,qris,PROMO20,139807,19618,9507,8.289735272575,151396
ORD00132,CUST0067,FnB Jakarta Selatan,Fajar Kurniawan,2024-05-17,20:59:53,Gopay,NULL,244330,20233,19403,9.055693236816,266455
ORD00133,CUST0018,FnB Bandung,Yusuf Handayani,2024-04-26,19:26:38,GoPay,NULL,106830,0,10683,10.000000000000,117513
ORD00134,CUST0020,FnB Jakarta Barat,Bagus Lestari,2024-05-29,17:41:11,gopay,NULL,482461,0,38162,9.999973795991,530706
ORD00135,CUST0173,FnB Jakarta Pusat,Joko Kusumo,2023-08-16,19:36:05,qris,NULL,254048,8201,24688,9.678684000062,278636
ORD00136,CUST0048,FnB Medan,Yusuf Handayani,2023-05-18,17:26:50,CASH,BUY1GET1,233567,0,23394,10.000042746185,256923
ORD00137,CUST0077,FnB Jakarta Pusat,Zahra Hidayat,2023-08-02,13:37:52,ovo,PROMO20,72484,1844,7095,9.746280753327,79548
ORD00138,CUST0059,FnB Semarang,Maya Handayani,2023-05-24,12:56:24,Qris,NULL,206210,6678,19303,9.665708591629,226141
ORD00139,CUST0082,FnB Jakarta Barat,Wati Suryani,2023-03-17,17:39:40,Ovo,NULL,257668,0,25102,10.000199191283,283435
ORD00140,CUST0018,FnB Jakarta Pusat,Maya Permata,2024-04-23,13:27:38,ovo,NULL,434231,37909,39934,9.133052942615,473889
ORD00141,CUST0121,FnB Surabaya,Intan Pratama,2023-12-10,13:27:49,QRIS,NULL,316085,25796,26783,9.121343187004,344916
ORD00142,CUST0018,FnB Jakarta Pusat,Hadi Handayani,2024-05-15,18:55:52,Ovo,PROMO20,192450,28219,16594,8.546515520624,208897
ORD00143,CUST0162,FnB Jakarta Selatan,Sinta Santoso,2023-10-06,11:38:13,Gopay,-,573235,0,51390,10.000077836760,630558
ORD00144,CUST0060,FnB Semarang,Intan Pratama,2024-08-10,07:18:16,qris,PROMO10,268306,39127,22918,8.541739655468,291223
ORD00145,CUST0130,FnB Jakarta Pusat,Siti Pratama,2024-06-02,12:08:55,QR Code,NULL,175791,0,17614,10.000227097243,193370
ORD00146,CUST0173,FnB Makassar,Fajar Wahyuni,2023-08-06,19:04:06,Shopeepay,MEMBER DISC,46343,0,4649,9.999569818463,50977
ORD00147,CUST0154,FnB Jakarta Pusat,Siti Wahyuni,2024-08-17,16:42:51,Debit Card,NULL,44736,0,4483,10.000892339267,49209
ORD00148,CUST0128,FnB Jakarta Selatan,Maya Permata,2024-09-05,12:42:23,GoPay,NULL,146956,14592,13236,9.006777538855,160191
ORD00149,CUST0077,FnB Semarang,Reza Puspita,2023-07-25,13:31:59,shopeepay,NULL,262153,0,25352,9.999842224010,288367
ORD00150,CUST0078,FnB Jakarta Barat,Maya Handayani,2024-10-12,20:09:16,QR Code,NULL,134207,0,13421,10.000223535285,147627
ORD00151,CUST0157,FnB Jakarta Pusat,Sinta Santoso,2024-11-14,20:18:57,Cash,NULL,390930,0,32139,10.000031114941,430023
ORD00152,CUST0198,FnB Jakarta Barat,Fitri Prasetyo,2024-12-16,12:47:31,Qris,BUY1GET1,376026,54381,29127,8.426659106097,407712
ORD00153,CUST0156,FnB Jakarta Selatan,Lina Pratama,2023-08-01,11:03:14,GoPay,BUY1GET1,288988,0,28955,10.000069073176,317886
ORD00154,CUST0132,FnB Makassar,Intan Pratama,2024-08-22,20:02:28,QR Code,NULL,332176,7525,32465,9.773433360628,364640
ORD00155,CUST0162,FnB Jakarta Barat,Sinta Santoso,2024-07-11,20:09:07,QR Code,PROMO20,162649,0,16265,10.000061482087,178913
ORD00156,CUST0112,FnB Yogyakarta,Intan Pratama,2023-05-29,19:36:57,qris,NULL,195204,0,19646,9.999898199142,214724
ORD00157,CUST0017,FnB Denpasar,Fajar Kurniawan,2023-11-23,17:15:49,Debit Card,BUY1GET1,19604,2824,1678,8.559477657620,21281
ORD00158,CUST0132,FnB Bandung,Wati Suryani,2023-10-10,17:25:23,Debit Card,NULL,232073,0,23208,10.000043088775,255280
ORD00159,CUST0187,FnB Denpasar,Agus Permata,2023-12-23,13:42:30,Debit Card,NULL,207447,0,16891,10.000236818111,228192
ORD00160,CUST0042,FnB Jakarta Barat,Lina Pratama,2024-10-23,11:41:39,credit card,WEEKEND SPECIAL,181906,32600,14935,8.208253870547,196837
ORD00161,CUST0162,FnB Palembang,Zahra Hidayat,2023-10-09,11:51:41,Shopeepay,-,193669,5052,18862,9.739297461132,212530
ORD00162,CUST0051,FnB Jakarta Pusat,Maya Handayani,2023-12-10,12:11:15,QRIS,-,360373,0,36042,10.000083236917,396410
ORD00163,CUST0129,FnB Medan,Wati Suryani,2024-07-11,12:18:41,Shopeepay,NULL,67776,2156,6562,9.681893295561,74337
ORD00164,CUST0023,FnB Bandung,Hadi Handayani,2023-01-30,20:47:51,gopay,NULL,143799,3980,13356,9.710488432624,157762
ORD00165,CUST0109,FnB Bandung,Lina Pratama,2024-03-19,15:12:31,qris,NULL,162168,0,16118,9.999689797437,178384
ORD00166,CUST0162,FnB Medan,Maya Permata,2024-06-17,12:51:23,QR Code,PROMO20,61786,3145,5864,9.490823163823,67649
ORD00167,CUST0079,FnB Semarang,Eko Puspita,2024-10-28,12:29:43,credit card,MEMBER DISC,231370,0,20623,10.000000000000,254507
ORD00168,CUST0156,FnB Jakarta Pusat,Siti Kusuma,2024-01-11,12:05:58,qris,PROMO20,195181,11383,15866,9.330690833387,213392
ORD00169,CUST0162,FnB Jakarta Selatan,Agus Permata,2024-01-27,15:27:18,Gopay,NULL,235135,0,23558,10.000084897571,258648
ORD00170,CUST0182,FnB Semarang,Siti Kusuma,2024-05-21,20:06:29,Cash,NULL,276845,17228,23678,9.321863742839,302652
ORD00171,CUST0061,FnB Medan,Siti Pratama,2023-12-02,17:07:47,Kartu Kredit,NULL,162420,0,16242,10.000000000000,178662
ORD00172,CUST0096,FnB Palembang,Intan Pratama,2024-01-28,12:56:45,Credit Card,NONE,224056,7525,21680,9.664506120556,245709
ORD00173,CUST0036,FnB Yogyakarta,Lina Pratama,2023-07-08,19:21:58,QR Code,NONE,174466,3686,15477,9.767441860465,191506
ORD00174,CUST0197,FnB Palembang,Maya Handayani,2024-12-01,08:27:34,GoPay,NULL,289260,0,29006,9.999862099398,318185
ORD00175,CUST0182,FnB Semarang,Intan Pratama,2024-05-03,20:55:42,Cash,NULL,180880,0,18088,10.000000000000,198968
ORD00176,CUST0130,FnB Jakarta Barat,Sinta Santoso,2023-01-17,19:44:43,shopeepay,-,212485,0,21470,9.999906847630,233733
ORD00177,CUST0164,FnB Jakarta Pusat,Agus Wahyuni,2024-12-13,11:12:07,credit card,NONE,337052,0,33876,9.999881923699,370756
ORD00178,CUST0122,FnB Yogyakarta,Wati Suryani,2023-06-17,18:41:15,gopay,NULL,333487,0,30808,9.999967541003,366835
ORD00179,CUST0144,FnB Medan,Maya Handayani,2024-08-03,09:30:27,gopay,NULL,235129,11179,22457,9.525849636052,257527
ORD00180,CUST0020,FnB Jakarta Pusat,Yusuf Handayani,2024-05-06,14:01:55,CASH,-,287225,10724,25239,9.592274188767,314776
ORD00181,CUST0162,FnB Jakarta Barat,Agus Wahyuni,2024-10-25,11:06:40,qris,NULL,264044,0,21395,9.999953260325,290448
ORD00182,CUST0029,FnB Palembang,Sinta Santoso,2024-03-21,12:31:32,Gopay,PROMO10,328103,0,27260,10.000146737296,360913
ORD00183,CUST0162,FnB Surabaya,Yusuf Handayani,2024-05-25,20:36:20,Kartu Debit,NULL,259936,0,23426,10.000128064476,285929
ORD00184,CUST0162,FnB Bandung,Eko Puspita,2024-08-10,13:41:22,Debit,MEMBER DISC,189823,10000,19005,10.000105236571,208805
ORD00185,CUST0162,FnB Bandung,Intan Pratama,2023-12-31,20:22:28,QR Code,NULL,29520,0,2982,9.999329354168,32471
ORD00186,CUST0009,FnB Jakarta Selatan,Yusuf Handayani,2024-04-16,12:46:45,Debit,WEEKEND SPECIAL,220254,38518,18207,8.253998476770,238433
ORD00187,CUST0073,FnB Jakarta Barat,Gilang Anggraini,2024-01-31,19:54:10,QR Code,MEMBER DISC,357733,49717,26558,8.423222696205,387865
ORD00188,CUST0066,FnB Jakarta Barat,Sinta Santoso,2024-07-23,11:38:31,QRIS,MEMBER DISC,79818,9433,7038,8.817559948883,86855
ORD00189,CUST0086,FnB Jakarta Pusat,Agus Wahyuni,2024-07-09,11:01:22,Tunai,PROMO20,446749,12663,34922,9.650026942260,489860
ORD00190,CUST0020,FnB Yogyakarta,Siti Kusuma,2024-06-03,12:27:07,qris,NULL,202961,3704,17375,9.791049149657,222833
ORD00191,CUST0185,FnB Bandung,Maya Permata,2024-05-24,19:02:49,qris,PROMO20,138544,10952,12769,9.209918929055,151303
ORD00192,CUST0132,FnB Yogyakarta,Siti Kusuma,2023-10-08,20:51:29,debit card,-,514196,0,51420,10.000077791348,565615
ORD00193,CUST0073,FnB Makassar,Fajar Yulianto,2023-10-05,07:32:06,ShopeePay,NULL,334703,6078,26578,9.776607210514,367425
ORD00194,CUST0094,FnB Jakarta Selatan,Siti Pratama,2024-05-01,20:48:32,Cash,NULL,167526,12389,15514,9.260652077886,183039
ORD00195,CUST0109,FnB Medan,Gilang Anggraini,2024-03-02,11:07:54,Debit Card,NULL,370271,0,30783,9.999870059837,407297
ORD00196,CUST0137,FnB Bandung,Fajar Kurniawan,2024-06-02,12:21:18,QR Code,NONE,219512,0,22451,9.999910917901,241463
ORD00197,CUST0120,FnB Makassar,Siti Pratama,2024-12-24,13:15:09,Debit Card,NULL,19604,0,1960,9.997959600081,21563
ORD00198,CUST0178,FnB Jakarta Selatan,Siti Wahyuni,2024-03-31,13:58:26,gopay,PROMO10,179563,0,17972,9.999833076456,197519
ORD00199,CUST0119,FnB Medan,Lina Pratama,2023-07-04,14:09:49,Ovo,NONE,178242,0,17945,9.999888549584,196066
ORD00200,CUST0197,FnB Surabaya,Maya Handayani,2024-11-04,11:27:03,gopay,NULL,257430,23612,23433,9.084565194636,280816
ORD00201,CUST0166,FnB Jakarta Barat,Gilang Anggraini,2023-05-06,07:40:45,QRIS,MEMBER DISC,156342,25399,13261,8.392559917473,169463
ORD00202,CUST0057,FnB Jakarta Pusat,Eko Puspita,2023-07-10,18:35:55,gopay,NULL,163343,12225,15126,9.252168381390,178455
ORD00203,CUST0182,FnB Medan,Wati Suryani,2024-05-12,16:58:09,Gopay,NULL,173446,0,16347,10.000183523279,190790
ORD00204,CUST0028,FnB Semarang,Fajar Wahyuni,2023-05-31,20:49:12,Gopay,MEMBER DISC,434706,0,36405,9.999972531321,478176
ORD00205,CUST0162,FnB Jakarta Barat,Tuti Wijaya,2023-08-07,13:47:56,OVO,NULL,268178,0,21790,10.000091786065,294996
ORD00206,CUST0091,FnB Medan,Maya Handayani,2024-03-25,18:01:01,Debit,NULL,292686,0,29271,10.000000000000,321954
ORD00207,CUST0173,FnB Bandung,Maya Permata,2024-10-29,11:46:27,Ovo,WEEKEND SPECIAL,198251,21577,17037,8.875980098465,215847
ORD00208,CUST0173,FnB Semarang,Maya Permata,2023-08-12,13:07:28,Cash,NULL,355989,23196,33279,9.348322560528,389267
ORD00209,CUST0162,FnB Jakarta Selatan,Fitri Prasetyo,2024-01-21,16:36:45,QRIS,PROMO20,216265,5000,21634,10.000184897566,237891
ORD00210,CUST0162,FnB Denpasar,Tuti Wijaya,2023-11-08,12:42:50,Ovo,MEMBER DISC,170262,16365,15416,9.040051603823,185653
ORD00211,CUST0073,FnB Jakarta Barat,Agus Permata,2024-12-22,18:06:20,gopay,MEMBER DISC,69160,0,6960,9.999425320383,76075
ORD00212,CUST0019,FnB Jakarta Barat,Hadi Handayani,2023-06-14,20:05:05,Debit,PROMO20,193171,0,19352,10.000206701254,212488
ORD00213,CUST0097,FnB Jakarta Pusat,Fajar Wahyuni,2023-10-30,13:33:25,CASH,PROMO20,356151,53460,29012,8.444005925822,386224
ORD00214,CUST0042,FnB Jakarta Pusat,Reza Puspita,2024-12-14,20:44:59,Kartu Debit,NULL,214707,0,21527,9.999907094280,236177
ORD00215,CUST0162,FnB Surabaya,Intan Pratama,2024-10-06,20:45:29,Ovo,PROMO10,142118,14057,12881,9.016077890625,154931
ORD00216,CUST0078,FnB Jakarta Selatan,Fajar Wahyuni,2024-08-30,18:35:23,Cash,-,217686,0,19647,10.000152697399,239454
ORD00217,CUST0192,FnB Makassar,Eko Puspita,2023-07-18,13:18:02,OVO,WEEKEND SPECIAL,76423,11774,6495,8.465629154610,82892
ORD00218,CUST0151,FnB Jakarta Pusat,Siti Pratama,2024-09-19,11:50:09,cash,NULL,266568,0,26675,9.999962511855,293224
ORD00219,CUST0162,FnB Jakarta Barat,Agus Wahyuni,2024-05-18,13:31:00,Tunai,NULL,118055,0,11221,10.000178240410,129860
ORD00220,CUST0031,FnB Jakarta Barat,Rian Suryani,2024-11-20,19:36:28,cash,NULL,256314,16819,22831,9.313985460538,280187
ORD00221,CUST0171,FnB Jakarta Pusat,Zahra Hidayat,2024-02-18,15:40:29,ovo,PROMO20,246347,0,24639,10.000000000000,270981
ORD00222,CUST0179,FnB Jakarta Pusat,Agus Permata,2024-03-03,13:42:39,gopay,PROMO20,418877,77564,34131,8.148215347226,453007
ORD00223,CUST0117,FnB Bandung,Fitri Prasetyo,2023-08-03,21:28:47,qris,PROMO10,142854,22198,12589,8.500969011877,154997
ORD00224,CUST0138,FnB Bandung,Yusuf Handayani,2024-07-26,19:35:41,QRIS,NULL,149612,0,14973,10.000200364663,164573
ORD00225,CUST0162,FnB Bandung,Fajar Yulianto,2023-06-30,15:12:48,Credit Card,NULL,228087,7031,22106,9.691915804057,250192
ORD00226,CUST0042,FnB Surabaya,Lina Pratama,2024-10-24,11:50:13,Debit Card,NULL,123193,9536,11299,9.221640944444,134553
ORD00227,CUST0120,FnB Surabaya,Tuti Wijaya,2023-11-18,17:31:55,QR Code,NULL,128557,5037,12352,9.608189363473,140908
ORD00228,CUST0095,FnB Jakarta Pusat,Intan Pratama,2024-01-07,13:20:24,ovo,PROMO10,120893,14305,10682,8.818843032519,131554
ORD00229,CUST0035,FnB Bandung,Tuti Wijaya,2023-07-08,11:16:49,QRIS,NULL,156132,0,15452,9.999935283877,171745
ORD00230,CUST0088,FnB Palembang,Intan Pratama,2023-06-12,19:11:01,Tunai,MEMBER DISC,211663,17299,18574,9.148221480146,231026
ORD00231,CUST0018,FnB Surabaya,Fitri Prasetyo,2024-05-08,19:16:24,Tunai,NULL,220242,0,22074,10.000226515958,242266
ORD00232,CUST0008,FnB Medan,Fajar Wahyuni,2024-12-02,16:15:31,GoPay,NULL,281614,0,28161,9.999857961607,309774
ORD00233,CUST0033,FnB Jakarta Barat,Maya Permata,2024-03-10,13:26:04,Kartu Debit,NULL,191220,7965,18345,9.583888409999,209546
ORD00234,CUST0188,FnB Yogyakarta,Siti Wahyuni,2023-05-07,13:43:06,Kartu Debit,MEMBER DISC,240795,25673,21616,8.938325717948,262318
ORD00235,CUST0131,FnB Yogyakarta,Reza Puspita,2023-12-21,18:50:09,qris,NULL,431648,0,41072,10.000048695211,474813
ORD00236,CUST0189,FnB Surabaya,Siti Wahyuni,2024-01-28,15:28:02,qris,NONE,329370,0,32993,10.000121239308,362307
ORD00237,CUST0104,FnB Palembang,Gilang Anggraini,2024-08-15,12:17:38,gopay,NULL,197741,0,19784,9.999949454359,217515
ORD00238,CUST0075,FnB Jakarta Pusat,Gilang Anggraini,2023-09-15,19:02:10,QR Code,NULL,147042,8345,13870,9.432679098488,160911
ORD00239,CUST0120,FnB Jakarta Pusat,Agus Wahyuni,2023-04-22,11:53:08,gopay,NULL,221154,0,22040,9.999818515090,243268
ORD00240,CUST0107,FnB Yogyakarta,Fajar Wahyuni,2023-02-24,12:40:16,Gopay,PROMO10,150199,0,15046,10.000132927461,165219
ORD00241,CUST0024,FnB Yogyakarta,Maya Permata,2024-12-26,19:21:13,shopeepay,PROMO20,266248,6990,23894,9.715575253623,292115
ORD00242,CUST0151,FnB Jakarta Pusat,Yusuf Handayani,2024-09-17,17:38:30,Shopeepay,NULL,382248,30454,27614,9.006640660673,416675
ORD00243,CUST0059,FnB Jakarta Selatan,Intan Pratama,2024-08-25,20:48:25,Cash,MEMBER DISC,212852,36641,17646,8.280619427498,230477
ORD00244,CUST0143,FnB Jakarta Pusat,Wati Suryani,2023-07-16,19:52:24,Debit Card,BUY1GET1,47163,8450,3890,8.214723149047,51037
ORD00245,CUST0154,FnB Jakarta Barat,Intan Pratama,2024-05-27,12:59:12,Gopay,PROMO10,215638,40093,17676,8.151181450943,233215
ORD00246,CUST0036,FnB Yogyakarta,Wati Suryani,2024-07-20,19:12:05,qris,-,429315,39846,38958,9.072046834284,468262
ORD00247,CUST0017,FnB Surabaya,Yusuf Handayani,2024-03-23,12:23:02,gopay,NULL,220430,0,22044,10.000045364023,242473
ORD00248,CUST0162,FnB Jakarta Barat,Fajar Wahyuni,2023-12-16,12:36:32,qris,NULL,424118,25884,36084,9.330661322645,463691
ORD00249,CUST0110,FnB Jakarta Barat,Zahra Hidayat,2023-11-09,11:47:04,debit card,MEMBER DISC,215917,25174,19158,8.838428108766,235000
ORD00250,CUST0016,FnB Jakarta Pusat,Zahra Hidayat,2023-09-24,13:01:44,CASH,BUY1GET1,156177,0,15618,10.000192089744,171794
ORD00251,CUST0198,FnB Jakarta Barat,Lina Pratama,2024-11-20,12:41:43,Kartu Kredit,NULL,203858,0,20393,10.000147111466,224244
ORD00252,CUST0014,FnB Medan,Eko Puspita,2024-09-09,13:33:29,OVO,NULL,127597,0,11503,10.000260808331,140357
ORD00253,CUST0162,FnB Palembang,Siti Wahyuni,2024-12-12,12:34:28,Debit Card,-,120940,12041,11017,9.014663044545,131842
ORD00254,CUST0195,FnB Makassar,Fitri Prasetyo,2023-04-15,19:01:47,QR Code,NULL,143122,6045,13708,9.577842679671,156829
ORD00255,CUST0062,FnB Jakarta Pusat,Siti Wahyuni,2024-06-29,12:04:40,QR Code,NULL,236164,0,23655,9.999830905416,259780
ORD00256,CUST0035,FnB Denpasar,Eko Puspita,2024-11-26,19:53:16,Credit Card,PROMO20,363428,38998,28644,8.801595373662,395415
ORD00257,CUST0028,FnB Yogyakarta,Fitri Prasetyo,2023-05-27,15:50:15,QR Code,NULL,294785,0,24447,9.999918191040,324263
ORD00258,CUST0073,FnB Yogyakarta,Hadi Handayani,2023-06-16,17:03:58,Tunai,NONE,211628,0,21163,10.000094505452,232790
ORD00259,CUST0024,FnB Bandung,Maya Handayani,2024-07-06,12:03:19,cash,-,168488,6753,16174,9.599496700061,184661
ORD00260,CUST0162,FnB Bandung,Hadi Handayani,2024-03-05,19:54:24,credit card,NULL,211805,12419,20070,9.417318105462,231751
ORD00261,CUST0017,FnB Jakarta Barat,Fajar Yulianto,2024-09-18,20:50:27,QR Code,NULL,267149,0,26887,10.000111579331,293864
ORD00262,CUST0120,FnB Jakarta Pusat,Fitri Prasetyo,2023-04-26,19:37:12,Ovo,NULL,325241,23037,24659,9.145461760702,354985
ORD00263,CUST0199,FnB Jakarta Selatan,Yusuf Handayani,2024-08-14,18:57:36,Cash,WEEKEND SPECIAL,238082,27249,21206,8.861309598428,259179
ORD00264,CUST0162,FnB Jakarta Selatan,Eko Puspita,2023-07-01,20:11:15,credit card,NULL,129309,2860,12645,9.778901700577,141953
ORD00265,CUST0140,FnB Bandung,Agus Wahyuni,2023-09-22,19:19:37,GoPay,NULL,203463,0,20357,10.000098247268,223809
ORD00266,CUST0074,FnB Semarang,Sinta Santoso,2023-05-14,19:23:00,OVO,NULL,212984,0,21335,9.999859387962,234282
ORD00267,CUST0144,FnB Bandung,Siti Wahyuni,2024-08-28,18:12:40,debit card,NULL,88784,0,8891,10.000224951635,97662
ORD00268,CUST0126,FnB Jakarta Pusat,Fajar Wahyuni,2024-05-15,20:38:44,OVO,NULL,197618,0,13862,9.999927860858,217379
ORD00269,CUST0102,FnB Palembang,Agus Wahyuni,2024-01-20,11:29:56,Qris,WEEKEND SPECIAL,260734,12268,24847,9.529635567283,285580
ORD00270,CUST0030,FnB Denpasar,Wati Suryani,2024-09-18,20:39:13,ovo,NULL,350962,9040,32975,9.733053123727,385121
ORD00271,CUST0173,FnB Yogyakarta,Zahra Hidayat,2024-10-14,11:52:00,Qris,NONE,264669,0,22674,9.999911794021,291135
ORD00272,CUST0109,FnB Palembang,Tuti Wijaya,2024-03-01,12:12:40,cash,NULL,59400,6023,5465,9.007449894514,64750
ORD00273,CUST0049,FnB Surabaya,Wati Suryani,2024-08-30,11:14:56,Debit,NULL,170884,0,15222,10.000328482738,187972
ORD00274,CUST0088,FnB Palembang,Tuti Wijaya,2023-11-27,11:11:53,qris,NULL,202482,16239,14841,9.013665350744,220733
ORD00275,CUST0099,FnB Jakarta Pusat,Lina Pratama,2023-10-15,11:21:59,QRIS,NULL,29620,0,2976,10.001680389850,32582
ORD00276,CUST0162,FnB Jakarta Barat,Siti Pratama,2023-12-11,20:56:45,QR Code,NULL,147456,0,15006,10.000266567148,162201
ORD00277,CUST0162,FnB Jakarta Selatan,Fajar Wahyuni,2023-08-19,19:20:38,CASH,NULL,25678,868,2481,9.661967442947,28158
ORD00278,CUST0162,FnB Jakarta Selatan,Fajar Kurniawan,2024-07-11,11:50:09,qris,NULL,176181,13425,16284,9.238310281052,192457
ORD00279,CUST0006,FnB Jakarta Pusat,Maya Permata,2024-01-03,16:56:31,QRIS,MEMBER DISC,127024,2000,8459,10.000472891495,139727
ORD00280,CUST0101,FnB Medan,Sinta Santoso,2023-07-01,12:48:56,QRIS,NONE,329275,0,33085,9.999939550010,362202
ORD00281,CUST0115,FnB Yogyakarta,Sinta Santoso,2024-10-31,13:23:33,Kartu Kredit,NULL,244768,0,24279,9.999835251282,269244
ORD00282,CUST0007,FnB Surabaya,Sinta Santoso,2023-10-20,17:13:14,Kartu Kredit,PROMO20,376153,55777,23823,8.102923419669,406632
ORD00283,CUST0066,FnB Jakarta Pusat,Fajar Wahyuni,2024-08-01,20:36:10,qris,PROMO10,114065,10418,10476,9.095881847307,124440
ORD00284,CUST0162,FnB Yogyakarta,Tuti Wijaya,2024-11-05,11:18:28,ovo,NULL,281331,0,28225,9.999893712378,309463
ORD00285,CUST0034,FnB Medan,Siti Kusuma,2024-12-04,20:27:26,QRIS,PROMO20,217116,33806,18313,8.441582387594,235444
ORD00286,CUST0128,FnB Bandung,Joko Kusumo,2024-08-28,11:16:41,Gopay,NULL,172780,0,16017,10.000124868887,190058
ORD00287,CUST0059,FnB Medan,Siti Kusuma,2024-11-27,21:14:06,Cash,NULL,287695,0,28774,10.000173771004,316464
ORD00288,CUST0006,FnB Jakarta Selatan,Tuti Wijaya,2024-04-17,13:21:16,cash,NULL,334522,0,33506,10.000149229231,367974
ORD00289,CUST0064,FnB Jakarta Barat,Yusuf Handayani,2023-09-13,19:45:47,Qris,NULL,344776,0,34510,10.000000000000,379253
ORD00290,CUST0192,FnB Denpasar,Fajar Kurniawan,2023-04-26,12:50:25,Debit,NULL,226817,18383,21060,9.197349975325,247678
ORD00291,CUST0162,FnB Jakarta Barat,Gilang Anggraini,2024-08-13,18:55:25,Ovo,NONE,237877,0,23799,9.999831928536,261664
ORD00292,CUST0187,FnB Bandung,Siti Wahyuni,2024-04-11,20:21:50,qris,PROMO20,289117,0,22543,9.999822564475,318028
ORD00293,CUST0117,FnB Denpasar,Fajar Kurniawan,2024-01-28,12:54:35,CASH,PROMO10,247035,42795,20440,8.268708762646,267461
ORD00294,CUST0024,FnB Semarang,Agus Permata,2024-10-27,07:31:51,CASH,WEEKEND SPECIAL,217220,25081,19014,8.834680791747,236410
ORD00295,CUST0130,FnB Jakarta Pusat,Siti Wahyuni,2024-08-09,20:48:49,credit card,NULL,351299,16832,32308,9.504729123457,384689
ORD00296,CUST0109,FnB Jakarta Pusat,Wati Suryani,2024-03-12,09:21:36,Debit,WEEKEND SPECIAL,339193,22221,31700,9.344830127496,370890
ORD00297,CUST0165,FnB Jakarta Pusat,Reza Puspita,2023-08-26,10:25:04,Kartu Kredit,WEEKEND SPECIAL,258421,15097,24363,9.416598382832,282755
ORD00298,CUST0023,FnB Medan,Hadi Handayani,2023-07-12,20:40:57,debit card,PROMO20,139819,7583,13334,9.462240451894,153049
ORD00299,CUST0117,FnB Bandung,Lina Pratama,2024-07-08,13:38:31,qris,NULL,118988,0,11899,10.000168084176,130886
ORD00300,CUST0035,FnB Jakarta Pusat,Joko Kusumo,2023-01-28,12:42:33,CASH,NULL,180327,0,14268,9.999649577741,198359
ORD00301,CUST0077,FnB Palembang,Siti Kusuma,2024-03-01,12:25:10,Cash,NULL,167690,0,16775,9.999821165642,184458
ORD00302,CUST0162,FnB Surabaya,Eko Puspita,2024-07-21,20:57:55,ShopeePay,BUY1GET1,262428,0,26395,10.000037886106,288670
ORD00303,CUST0115,FnB Jakarta Selatan,Eko Puspita,2024-10-14,13:19:37,qris,NULL,282038,9510,27258,9.663010571244,309291
ORD00304,CUST0088,FnB Surabaya,Fajar Wahyuni,2023-09-18,14:04:52,QR Code,NULL,311016,0,27345,10.000073140048,342117
ORD00305,CUST0094,FnB Medan,Fitri Prasetyo,2024-09-02,17:47:05,qris,BUY1GET1,235438,6485,22266,9.716991424643,258315
ORD00306,CUST0110,FnB Jakarta Pusat,Yusuf Handayani,2023-04-04,11:26:15,QR Code,NULL,160502,0,13536,9.999852248045,176551
ORD00307,CUST0162,FnB Jakarta Selatan,Joko Kusumo,2024-09-22,17:25:44,Tunai,PROMO20,213234,0,21393,10.000046744480,234557
ORD00308,CUST0173,FnB Yogyakarta,Gilang Anggraini,2023-08-26,17:44:46,CASH,NULL,208918,6835,20283,9.674096049374,229128
ORD00309,CUST0187,FnB Bandung,Eko Puspita,2023-10-30,08:48:06,GoPay,PROMO20,162773,0,16530,9.999697528810,179049
ORD00310,CUST0162,FnB Surabaya,Bagus Lestari,2024-08-16,13:02:29,Debit,PROMO10,65376,0,6662,10.000600456346,71913
ORD00311,CUST0075,FnB Bandung,Fitri Prasetyo,2023-07-11,13:02:00,Tunai,PROMO10,221817,36932,18540,8.338805580792,240313
ORD00312,CUST0162,FnB Jakarta Pusat,Lina Pratama,2023-06-29,17:05:35,qris,NULL,187002,0,18835,9.999893815834,205702
ORD00313,CUST0107,FnB Jakarta Selatan,Agus Permata,2024-06-23,20:10:10,Kartu Kredit,PROMO20,41163,0,4119,10.000485578323,45279
ORD00314,CUST0066,FnB Bandung,Agus Wahyuni,2024-07-30,20:10:04,Cash,NULL,205041,0,20531,10.000097414616,225545
ORD00315,CUST0164,FnB Jakarta Selatan,Agus Permata,2024-12-04,11:45:02,gopay,NULL,19604,0,1960,9.997959600081,21563
ORD00316,CUST0010,FnB Jakarta Pusat,Bagus Lestari,2024-06-04,19:33:41,Ovo,NULL,308986,0,26732,10.000112226308,339884
ORD00317,CUST0173,FnB Makassar,Joko Kusumo,2024-02-05,17:03:49,Kartu Kredit,NULL,256372,0,25679,9.999883174385,282008
ORD00318,CUST0111,FnB Palembang,Siti Pratama,2023-07-14,11:26:01,qris,NULL,159746,0,15986,9.999687236105,175720
ORD00319,CUST0150,FnB Yogyakarta,Lina Pratama,2024-04-17,11:51:53,qris,MEMBER DISC,182400,13076,16442,9.263046405372,199295
ORD00320,CUST0155,FnB Makassar,Intan Pratama,2023-05-27,17:52:20,GoPay,-,236448,0,22394,10.000044655017,260092
ORD00321,CUST0173,FnB Jakarta Selatan,Fajar Wahyuni,2024-11-06,08:14:13,qris,WEEKEND SPECIAL,522876,0,52315,10.000000000000,575163
ORD00322,CUST0150,FnB Palembang,Joko Kusumo,2024-04-20,11:29:14,qris,NULL,242785,0,21811,10.000000000000,267063
ORD00323,CUST0140,FnB Jakarta Selatan,Fajar Yulianto,2023-11-01,11:26:19,cash,MEMBER DISC,428878,77487,35059,8.189939122675,464002
ORD00324,CUST0018,FnB Palembang,Tuti Wijaya,2024-05-10,11:38:20,Debit Card,-,281775,6058,23805,9.751911055033,309253
ORD00325,CUST0121,FnB Palembang,Lina Pratama,2024-12-01,13:48:56,shopeepay,PROMO10,269897,25420,19438,8.843494085532,293765
ORD00326,CUST0035,FnB Semarang,Maya Handayani,2023-05-07,13:28:24,Kartu Kredit,PROMO20,196820,26957,14456,8.428564765147,213409
ORD00327,CUST0162,FnB Palembang,Reza Puspita,2024-03-15,13:48:57,debit card,BUY1GET1,361033,55721,29044,8.390412442908,391325
ORD00328,CUST0120,FnB Surabaya,Eko Puspita,2024-01-06,17:08:23,CASH,-,34228,0,3423,10.000584316933,37650
ORD00329,CUST0161,FnB Jakarta Selatan,Joko Kusumo,2024-04-04,18:59:46,debit card,NULL,88760,0,8919,9.999551539341,97635
ORD00330,CUST0011,FnB Bandung,Fitri Prasetyo,2023-01-15,13:50:48,Kartu Debit,-,103437,0,10352,10.000193203114,113780
ORD00331,CUST0020,FnB Surabaya,Agus Wahyuni,2024-10-11,13:21:21,Tunai,MEMBER DISC,244188,33113,19966,8.577344743444,265132
ORD00332,CUST0162,FnB Jakarta Pusat,Siti Wahyuni,2024-11-22,20:33:20,QRIS,MEMBER DISC,57026,0,5703,10.000701434433,62728
ORD00333,CUST0018,FnB Medan,Sinta Santoso,2024-04-21,07:40:09,QRIS,NULL,361392,18404,33668,9.481646699672,395657
ORD00334,CUST0018,FnB Palembang,Intan Pratama,2024-06-07,11:27:46,OVO,NULL,149962,0,15011,9.999800150553,164957
ORD00335,CUST0006,FnB Jakarta Selatan,Fajar Wahyuni,2024-11-16,18:19:18,qris,-,228160,0,22818,9.999780879549,250975
ORD00336,CUST0187,FnB Yogyakarta,Sinta Santoso,2024-06-14,12:25:24,debit card,NULL,161303,0,16245,10.000123116320,177433
ORD00337,CUST0162,FnB Denpasar,Fajar Yulianto,2023-07-02,20:50:30,QR Code,BUY1GET1,137327,5147,13218,9.625201162189,150544
ORD00338,CUST0082,FnB Denpasar,Maya Handayani,2024-03-07,18:35:46,Tunai,PROMO10,139364,0,13936,9.999712981831,153299
ORD00339,CUST0072,FnB Palembang,Agus Wahyuni,2024-03-31,13:38:30,Tunai,PROMO20,211742,8428,20430,9.603723029191,232077
ORD00340,CUST0080,FnB Surabaya,Agus Permata,2024-08-26,13:46:46,QR Code,NULL,107626,0,10763,10.000371657406,118388
ORD00341,CUST0162,FnB Palembang,Joko Kusumo,2024-07-03,12:41:37,QR Code,PROMO10,92251,12678,7327,8.525219617197,100115
ORD00342,CUST0156,FnB Semarang,Joko Kusumo,2024-11-23,12:16:49,Cash,NULL,245492,0,24615,9.999837500101,270040
ORD00343,CUST0044,FnB Jakarta Selatan,Siti Kusuma,2024-11-17,19:44:03,Ovo,NULL,266977,0,26808,10.000037302436,293674
ORD00344,CUST0042,FnB Bandung,Siti Wahyuni,2024-10-29,19:40:45,QR Code,-,368938,0,36794,10.000054356984,405832
ORD00345,CUST0023,FnB Semarang,Gilang Anggraini,2023-04-06,12:43:09,Kartu Kredit,MEMBER DISC,75962,5700,7159,9.262278114164,82997
ORD00346,CUST0155,FnB Jakarta Selatan,Hadi Handayani,2024-12-23,20:25:45,qris,NULL,95386,0,9546,10.000314277632,104924
ORD00347,CUST0162,FnB Medan,Fajar Wahyuni,2024-09-15,12:16:44,Debit Card,BUY1GET1,67999,0,5557,9.999820050026,74798
ORD00348,CUST0066,FnB Medan,Agus Wahyuni,2024-07-13,21:46:55,Kartu Debit,WEEKEND SPECIAL,26334,0,2633,9.998481051112,28966
ORD00349,CUST0007,FnB Jakarta Selatan,Maya Permata,2024-11-14,13:44:19,cash,NULL,348639,0,31221,10.000096090094,383503
ORD00350,CUST0019,FnB Surabaya,Wati Suryani,2024-10-09,13:26:33,CASH,PROMO20,217938,31083,18686,8.573998109554,236623
ORD00351,CUST0190,FnB Yogyakarta,Eko Puspita,2024-01-16,11:45:08,Qris,-,286177,0,23590,10.000127174148,314795
ORD00352,CUST0072,FnB Bandung,Hadi Handayani,2024-03-19,18:11:12,qris,BUY1GET1,97623,7859,9001,9.197081783626,106601
ORD00353,CUST0162,FnB Jakarta Pusat,Fajar Kurniawan,2023-10-31,12:28:40,CASH,NONE,27055,650,2640,9.757900572907,29694
ORD00354,CUST0144,FnB Jakarta Pusat,Maya Handayani,2024-08-19,11:17:04,Kartu Kredit,NULL,154593,0,14983,10.000133486397,170052
ORD00355,CUST0091,FnB Jakarta Barat,Sinta Santoso,2024-03-31,12:48:00,CASH,PROMO20,534794,85598,45027,8.402629005650,579730
ORD00356,CUST0053,FnB Denpasar,Fajar Wahyuni,2024-08-19,13:48:17,Credit Card,NULL,48203,4613,4359,9.043005622056,52561
ORD00357,CUST0028,FnB Jakarta Selatan,Fitri Prasetyo,2023-01-04,13:56:21,ovo,NONE,111484,0,10948,9.999634649811,122631
ORD00358,CUST0140,FnB Medan,Joko Kusumo,2023-09-28,19:55:21,Gopay,MEMBER DISC,687110,95533,47373,8.321841826508,744290
ORD00359,CUST0162,FnB Jakarta Selatan,Yusuf Handayani,2023-10-30,18:01:38,GoPay,PROMO20,380650,0,34297,9.999883373083,418714
ORD00360,CUST0151,FnB Jakarta Barat,Fajar Kurniawan,2024-09-06,13:43:42,ovo,-,228478,0,21416,10.000000000000,251325
ORD00361,CUST0128,FnB Makassar,Lina Pratama,2024-11-14,13:52:20,Ovo,PROMO10,59682,3934,5575,9.341174893602,65256
ORD00362,CUST0011,FnB Semarang,Zahra Hidayat,2023-09-22,18:38:31,cash,NULL,24568,0,2555,10.001174306180,27025
ORD00363,CUST0190,FnB Jakarta Pusat,Eko Puspita,2023-09-23,20:44:57,QRIS,NULL,282386,0,26862,10.000186140014,310625
ORD00364,CUST0162,FnB Bandung,Fajar Yulianto,2024-07-04,17:08:31,Tunai,NULL,298710,0,29912,9.999832845800,328580
ORD00365,CUST0072,FnB Jakarta Pusat,Bagus Lestari,2024-01-11,18:15:13,Tunai,NULL,155797,0,15390,10.000324896845,171377
ORD00366,CUST0194,FnB Bandung,Eko Puspita,2023-06-25,12:57:24,Cash,NULL,246861,0,24730,10.000202187670,271547
ORD00367,CUST0137,FnB Medan,Sinta Santoso,2024-06-20,20:05:50,Qris,MEMBER DISC,34228,0,3423,10.000584316933,37650
ORD00368,CUST0132,FnB Jakarta Pusat,Fajar Kurniawan,2023-10-02,20:58:45,qris,WEEKEND SPECIAL,236275,0,23630,9.999788409047,259902
ORD00369,CUST0162,FnB Jakarta Barat,Gilang Anggraini,2023-07-20,10:16:07,Gopay,MEMBER DISC,157423,0,16258,9.999692468554,173164
ORD00370,CUST0162,FnB Bandung,Fitri Prasetyo,2023-12-31,17:36:23,QRIS,NULL,124473,0,12447,9.999758983876,136919
ORD00371,CUST0155,FnB Denpasar,Reza Puspita,2023-11-13,13:34:12,cash,PROMO10,164857,26555,13830,8.389088725380,178686
ORD00372,CUST0029,FnB Palembang,Fajar Kurniawan,2024-11-10,21:50:08,Gopay,NULL,149689,0,14987,10.000200177490,164658
ORD00373,CUST0078,FnB Jakarta Pusat,Joko Kusumo,2023-10-04,20:20:09,debit card,NULL,338724,21448,31528,9.363157957258,370439
ORD00374,CUST0182,FnB Yogyakarta,Lina Pratama,2024-05-29,12:09:47,OVO,PROMO20,246798,0,24699,10.000080975593,271477
ORD00375,CUST0059,FnB Jakarta Barat,Fajar Yulianto,2024-04-20,13:07:17,Kartu Kredit,NULL,123086,0,12309,10.000324976033,135394
ORD00376,CUST0088,FnB Bandung,Fajar Wahyuni,2023-07-07,12:03:51,Gopay,MEMBER DISC,259813,0,24222,10.000206428173,285794
ORD00377,CUST0104,FnB Semarang,Siti Wahyuni,2024-08-25,19:11:54,CASH,-,198320,0,19861,10.000100700878,218152
ORD00378,CUST0107,FnB Denpasar,Lina Pratama,2023-05-25,15:25:21,Kartu Debit,NULL,327971,0,32834,9.999908632131,360767
ORD00379,CUST0139,FnB Palembang,Fajar Kurniawan,2024-12-09,13:46:18,QR Code,NULL,154502,0,15456,10.000129401260,169952
ORD00380,CUST0187,FnB Surabaya,Tuti Wijaya,2023-05-03,12:48:50,qris,-,168597,0,16860,10.000177939109,185456
ORD00381,CUST0064,FnB Jakarta Barat,Agus Wahyuni,2023-11-11,18:28:44,Debit Card,-,42650,0,4751,10.000000000000,46915
ORD00382,CUST0028,FnB Yogyakarta,Fajar Wahyuni,2023-03-14,17:23:46,debit card,NULL,230649,0,22280,10.000179536436,253714
ORD00383,CUST0049,FnB Jakarta Selatan,Agus Permata,2024-12-30,13:43:53,GoPay,MEMBER DISC,268717,48625,22009,8.190401053896,290725
ORD00384,CUST0173,FnB Surabaya,Siti Pratama,2024-01-03,11:07:32,Cash,NULL,209423,0,20967,10.000143084033,230365
ORD00385,CUST0153,FnB Jakarta Barat,Gilang Anggraini,2024-05-27,11:15:25,QR Code,NULL,148204,0,14858,10.000134609430,163024
ORD00386,CUST0071,FnB Medan,Zahra Hidayat,2023-02-27,19:42:42,debit card,MEMBER DISC,152513,5000,15263,9.999868965878,167764
ORD00387,CUST0162,FnB Jakarta Selatan,Joko Kusumo,2024-07-13,20:23:00,Tunai,MEMBER DISC,156599,23910,13224,8.469051202408,169861
ORD00388,CUST0171,FnB Jakarta Selatan,Sinta Santoso,2023-06-16,13:36:30,Cash,NULL,277248,0,26468,10.000075563514,304973
ORD00389,CUST0165,FnB Denpasar,Reza Puspita,2024-10-30,13:44:27,QRIS,NONE,53260,0,5420,10.000922594335,58586
ORD00390,CUST0178,FnB Jakarta Pusat,Fitri Prasetyo,2023-06-12,18:25:52,qris,NULL,180578,0,18058,10.000110755463,198635
ORD00391,CUST0066,FnB Surabaya,Siti Kusuma,2024-07-26,10:42:57,Tunai,NULL,217079,0,21710,10.000000000000,238786
ORD00392,CUST0162,FnB Jakarta Selatan,Tuti Wijaya,2023-06-30,08:02:08,qris,NULL,392959,11897,38133,9.697526091998,431066
ORD00393,CUST0110,FnB Jakarta Pusat,Tuti Wijaya,2023-12-16,07:05:07,debit card,NULL,63533,0,6353,9.999527804448,69885
ORD00394,CUST0164,FnB Jakarta Pusat,Lina Pratama,2024-11-29,11:33:57,qris,PROMO10,286002,35087,25126,8.774791072245,311098
ORD00395,CUST0162,FnB Jakarta Selatan,Reza Puspita,2023-07-22,19:38:34,QR Code,NULL,331944,0,33205,10.000030116037,365138
ORD00396,CUST0162,FnB Makassar,Rian Suryani,2024-07-30,11:19:54,Debit Card,MEMBER DISC,146099,12744,13336,9.128057002443,159434
ORD00397,CUST0155,FnB Jakarta Barat,Tuti Wijaya,2023-12-05,19:08:46,GoPay,WEEKEND SPECIAL,280849,41704,21576,8.380168178198,304384
ORD00398,CUST0043,FnB Palembang,Maya Permata,2024-01-21,11:25:29,Credit Card,BUY1GET1,170737,0,17576,10.000284486927,187811
ORD00399,CUST0130,FnB Surabaya,Eko Puspita,2023-11-28,17:40:46,cash,MEMBER DISC,156053,0,15705,9.999808981681,171658
ORD00400,CUST0195,FnB Bandung,Siti Pratama,2023-11-01,18:20:50,qris,-,287873,0,26591,9.999887181145,316659
ORD00401,CUST0185,FnB Surabaya,Maya Permata,2024-05-18,20:04:21,qris,NULL,278374,0,27846,9.999928176914,306211
ORD00402,CUST0012,FnB Surabaya,Fajar Kurniawan,2023-05-08,11:17:00,credit card,NULL,110522,0,11082,9.999909764394,121574
ORD00403,CUST0040,FnB Semarang,Hadi Handayani,2023-05-28,13:56:19,CASH,PROMO10,125760,0,12600,10.000158732678,138336
ORD00404,CUST0031,FnB Jakarta Barat,Siti Kusuma,2024-10-03,19:35:17,Kartu Debit,NULL,433416,0,37262,9.999892653183,476757
ORD00405,CUST0162,FnB Jakarta Barat,Fitri Prasetyo,2024-12-01,13:43:50,Credit Card,NULL,167223,0,14273,9.999789817351,183944
ORD00406,CUST0162,FnB Denpasar,Reza Puspita,2023-10-12,13:32:45,Kartu Debit,PROMO20,193841,0,19421,9.999794041624,213224
ORD00407,CUST0058,FnB Denpasar,Joko Kusumo,2023-07-28,13:40:23,CASH,NULL,111789,0,11730,9.999744252065,122967
ORD00408,CUST0120,FnB Denpasar,Fajar Yulianto,2024-04-29,18:28:22,GoPay,MEMBER DISC,198860,0,19932,9.999749153392,218745
ORD00409,CUST0164,FnB Bandung,Eko Puspita,2024-12-08,11:19:26,Qris,NULL,202129,0,20317,10.000196883336,222342
ORD00410,CUST0162,FnB Yogyakarta,Maya Handayani,2023-07-21,17:10:36,QRIS,MEMBER DISC,139843,12016,12783,9.140965225288,152625
ORD00411,CUST0130,FnB Bandung,Sinta Santoso,2023-05-08,13:43:32,cash,BUY1GET1,210101,30735,17995,8.541308702214,228046
ORD00412,CUST0133,FnB Bandung,Sinta Santoso,2024-06-19,18:58:53,OVO,PROMO20,122603,18923,10368,8.456563053106,132970
ORD00413,CUST0120,FnB Jakarta Selatan,Yusuf Handayani,2024-05-10,13:42:58,gopay,PROMO10,64294,8878,5543,8.619188306639,69835
ORD00414,CUST0072,FnB Surabaya,Fajar Yulianto,2024-01-12,18:43:59,shopeepay,MEMBER DISC,265877,0,24715,9.999838157585,292464
ORD00415,CUST0132,FnB Jakarta Selatan,Maya Handayani,2023-10-08,15:22:03,GoPay,NULL,212523,0,20016,9.999750206079,233774
ORD00416,CUST0162,FnB Jakarta Barat,Siti Pratama,2023-06-30,13:15:53,QR Code,NULL,135622,0,13566,10.000073714239,149184
ORD00417,CUST0173,FnB Makassar,Agus Wahyuni,2024-05-20,11:00:47,Debit Card,NULL,218334,0,22163,9.999864641095,240167
ORD00418,CUST0150,FnB Jakarta Selatan,Gilang Anggraini,2024-05-07,21:39:54,debit card,NULL,92157,0,9321,10.000000000000,101372
ORD00419,CUST0162,FnB Jakarta Pusat,Bagus Lestari,2023-07-12,11:00:22,Cash,WEEKEND SPECIAL,222286,39007,18272,8.240876044090,240604
ORD00420,CUST0039,FnB Jakarta Pusat,Siti Pratama,2024-08-17,12:12:05,OVO,PROMO10,253816,24272,22955,9.043596794654,276770
ORD00421,CUST0111,FnB Denpasar,Hadi Handayani,2023-05-25,13:16:14,debit card,PROMO10,89049,12917,7870,8.589640042784,96697
ORD00422,CUST0006,FnB Surabaya,Siti Pratama,2024-05-05,15:51:17,Qris,NULL,102403,0,10240,9.999707039832,112642
ORD00423,CUST0066,FnB Bandung,Intan Pratama,2024-07-07,12:00:22,shopeepay,PROMO20,210612,15650,19496,9.256832469185,230107
ORD00424,CUST0162,FnB Yogyakarta,Fajar Wahyuni,2023-07-25,12:26:47,OVO,NULL,223674,14686,20899,9.343508856639,244572
ORD00425,CUST0196,FnB Makassar,Lina Pratama,2023-07-08,17:17:07,QRIS,NULL,335487,0,33756,10.000118498856,369036
ORD00426,CUST0023,FnB Jakarta Barat,Lina Pratama,2024-06-23,12:32:46,QR Code,NONE,459379,0,35377,10.000113069090,505317
ORD00427,CUST0096,FnB Semarang,Hadi Handayani,2024-09-29,09:09:22,ovo,NULL,251284,10000,25193,10.000039693723,276412
ORD00428,CUST0162,FnB Yogyakarta,Lina Pratama,2024-09-09,17:27:30,debit card,NULL,238211,0,23975,9.999874871221,262031
ORD00429,CUST0052,FnB Medan,Eko Puspita,2024-02-05,18:15:17,QRIS,NONE,379873,0,38013,9.999947386697,417860
ORD00430,CUST0132,FnB Jakarta Selatan,Siti Wahyuni,2024-05-17,13:50:51,Gopay,-,72305,0,7251,10.000275831632,79535
ORD00431,CUST0162,FnB Makassar,Intan Pratama,2023-06-30,16:40:40,gopay,WEEKEND SPECIAL,241763,0,24179,10.000124076149,265939
ORD00432,CUST0140,FnB Surabaya,Rian Suryani,2023-09-22,21:09:27,qris,PROMO10,98287,17115,6870,8.005220289213,106155
ORD00433,CUST0046,FnB Jakarta Barat,Rian Suryani,2024-10-29,19:44:40,CASH,NULL,282657,0,28298,9.999823312189,310922
ORD00434,CUST0083,FnB Bandung,Rian Suryani,2024-11-02,19:07:17,QR Code,PROMO20,128256,21919,10838,8.317536818031,138923
ORD00435,CUST0162,FnB Jakarta Pusat,Eko Puspita,2023-07-08,11:11:02,Qris,-,114974,0,11559,9.999913488074,126471
ORD00436,CUST0132,FnB Jakarta Pusat,Agus Wahyuni,2023-09-10,13:06:27,cash,NULL,377963,29841,34812,9.210425359095,412774
ORD00437,CUST0004,FnB Yogyakarta,Fitri Prasetyo,2024-07-09,13:00:43,QR Code,NULL,68711,0,6904,10.000289695529,75582
ORD00438,CUST0162,FnB Jakarta Pusat,Siti Pratama,2023-07-14,19:15:41,GoPay,NULL,377689,0,36697,10.000081751220,415458
ORD00439,CUST0008,FnB Bandung,Hadi Handayani,2024-11-10,17:02:37,QR Code,NULL,460080,0,46034,9.999891385808,506087
ORD00440,CUST0162,FnB Surabaya,Fajar Wahyuni,2023-11-15,08:34:39,shopeepay,NULL,205902,0,19361,10.000154953075,226492
ORD00441,CUST0052,FnB Jakarta Pusat,Fajar Wahyuni,2024-10-26,11:26:35,QR Code,NONE,282620,0,28499,9.999929822591,310881
ORD00442,CUST0187,FnB Palembang,Siti Pratama,2024-08-30,17:58:27,gopay,NULL,158940,0,15894,10.000000000000,174834
ORD00443,CUST0088,FnB Jakarta Selatan,Siti Kusuma,2023-09-18,12:44:08,Tunai,BUY1GET1,189457,30682,15522,8.349695264632,205276
ORD00444,CUST0078,FnB Jakarta Barat,Yusuf Handayani,2023-07-20,20:31:43,QRIS,NONE,225687,0,22569,10.000132927461,248255
ORD00445,CUST0035,FnB Jakarta Barat,Bagus Lestari,2023-10-17,20:25:38,Debit Card,NULL,213670,0,21376,10.000187129250,235037
ORD00446,CUST0073,FnB Jakarta Selatan,Intan Pratama,2024-03-18,17:56:59,qris,NULL,199749,0,20002,9.999950005249,219723
ORD00447,CUST0173,FnB Jakarta Pusat,Siti Wahyuni,2023-08-21,17:10:14,Debit,NULL,301412,0,23524,10.000212553404,331553
ORD00448,CUST0198,FnB Semarang,Gilang Anggraini,2024-11-19,11:59:08,Debit,NULL,306699,29836,27703,9.027777777777,334387
ORD00449,CUST0088,FnB Palembang,Siti Wahyuni,2023-11-07,17:41:22,QRIS,MEMBER DISC,157257,17989,13927,8.856203539429,171183
ORD00450,CUST0109,FnB Jakarta Selatan,Maya Handayani,2024-03-10,20:57:39,credit card,NULL,390619,0,32792,9.999878020516,429680
ORD00451,CUST0162,FnB Medan,Wati Suryani,2023-11-25,12:11:16,QRIS,MEMBER DISC,351354,0,35306,9.999858383017,386488
ORD00452,CUST0173,FnB Semarang,Fajar Kurniawan,2023-08-13,20:41:16,shopeepay,MEMBER DISC,182069,0,18218,10.000164675013,200276
ORD00453,CUST0134,FnB Makassar,Tuti Wijaya,2024-12-02,10:20:17,Ovo,WEEKEND SPECIAL,229282,15166,21656,9.345439480770,250709
ORD00454,CUST0094,FnB Bandung,Bagus Lestari,2024-07-22,20:23:09,QR Code,NULL,269821,0,21689,9.999907788207,296802
ORD00455,CUST0098,FnB Jakarta Barat,Intan Pratama,2023-04-27,11:12:36,OVO,PROMO20,617262,54037,51394,9.048637704124,673115
ORD00456,CUST0162,FnB Jakarta Barat,Agus Wahyuni,2024-10-08,11:52:25,debit card,MEMBER DISC,328210,35727,29252,8.911663274880,357458
ORD00457,CUST0001,FnB Semarang,Maya Handayani,2024-10-07,13:25:06,Credit Card,NULL,286603,0,26788,9.999850681638,315262
ORD00458,CUST0143,FnB Yogyakarta,Fajar Kurniawan,2024-10-27,20:24:01,GoPay,-,27105,2606,2450,9.038922707987,29554
ORD00459,CUST0083,FnB Jakarta Selatan,Agus Permata,2024-10-29,11:09:40,gopay,NULL,243254,0,24347,10.000164293987,267579
ORD00460,CUST0162,FnB Jakarta Barat,Hadi Handayani,2023-11-18,08:12:08,Debit Card,NONE,27624,0,2795,10.001073460478,30386
ORD00461,CUST0021,FnB Denpasar,Agus Wahyuni,2023-01-19,18:03:34,Kartu Debit,NULL,366331,0,32867,9.999969574437,402963
ORD00462,CUST0133,FnB Yogyakarta,Rian Suryani,2024-02-10,17:32:56,QRIS,NULL,448736,0,38685,9.999974150254,493609
ORD00463,CUST0115,FnB Palembang,Siti Wahyuni,2024-02-04,12:09:22,GoPay,NULL,147934,0,14696,9.999659782941,162726
ORD00464,CUST0151,FnB Semarang,Yusuf Handayani,2024-09-23,17:14:06,QR Code,MEMBER DISC,177778,14307,16423,9.198447415439,194130
ORD00465,CUST0017,FnB Bandung,Fajar Yulianto,2023-12-02,11:57:02,Shopeepay,NULL,260806,19563,24079,9.248668144159,284927
ORD00466,CUST0132,FnB Surabaya,Fitri Prasetyo,2023-09-29,18:57:42,Tunai,BUY1GET1,67237,4352,6288,9.351993693948,73524
ORD00467,CUST0132,FnB Medan,Siti Pratama,2024-09-13,12:42:23,Kartu Kredit,NULL,252066,0,25214,10.000118982933,277272
ORD00468,CUST0132,FnB Jakarta Pusat,Maya Handayani,2024-12-22,09:49:41,Ovo,NONE,54934,2721,5221,9.504132231404,60154
ORD00469,CUST0137,FnB Surabaya,Zahra Hidayat,2024-05-31,08:36:27,QR Code,PROMO20,109609,6587,10309,9.399503993581,119911
ORD00470,CUST0160,FnB Semarang,Maya Handayani,2023-05-20,09:49:24,Shopeepay,NULL,234578,0,22244,10.000000000000,258035
ORD00471,CUST0162,FnB Jakarta Selatan,Sinta Santoso,2023-07-29,19:08:51,QR Code,PROMO10,291058,35033,23184,8.687148012005,316342
ORD00472,CUST0066,FnB Yogyakarta,Eko Puspita,2024-08-03,20:34:34,Credit Card,PROMO10,104937,0,9289,10.000322973074,115431
ORD00473,CUST0162,FnB Surabaya,Reza Puspita,2024-11-10,18:44:05,Gopay,NULL,131131,0,13132,10.000076150442,144244
ORD00474,CUST0119,FnB Palembang,Wati Suryani,2023-04-09,18:58:07,QRIS,NULL,526871,15077,49319,9.703421843766,577995
ORD00475,CUST0018,FnB Jakarta Pusat,Agus Permata,2024-04-17,20:15:13,ovo,NONE,179319,0,17997,10.000000000000,197250
ORD00476,CUST0016,FnB Jakarta Selatan,Agus Permata,2023-07-30,18:09:24,GoPay,-,271443,0,27144,9.999889479559,298586
ORD00477,CUST0078,FnB Surabaya,Siti Pratama,2024-02-16,17:30:53,gopay,PROMO10,469399,39962,35199,8.980436379964,511553
ORD00478,CUST0162,FnB Jakarta Barat,Agus Permata,2024-05-05,11:04:00,debit card,NULL,163607,0,15661,10.000063853290,179967
ORD00479,CUST0162,FnB Semarang,Fajar Kurniawan,2024-09-08,18:47:33,Kartu Debit,NULL,223134,0,19744,10.000000000000,245447
ORD00480,CUST0162,FnB Semarang,Zahra Hidayat,2023-07-19,17:18:07,ovo,PROMO10,118213,18649,10070,8.437722569022,128187
ORD00481,CUST0120,FnB Jakarta Pusat,Fajar Kurniawan,2023-01-09,17:25:53,Cash,WEEKEND SPECIAL,190543,0,17805,10.000224661042,209597
ORD00482,CUST0108,FnB Surabaya,Yusuf Handayani,2023-04-24,15:19:45,QR Code,BUY1GET1,216379,36096,18030,8.331869980314,234407
ORD00483,CUST0035,FnB Surabaya,Maya Handayani,2024-11-01,09:47:13,qris,NULL,427374,0,42739,10.000046795885,470111
ORD00484,CUST0078,FnB Jakarta Barat,Joko Kusumo,2024-10-12,15:38:53,QRIS,NULL,129225,0,12925,10.000154741272,142147
ORD00485,CUST0104,FnB Denpasar,Fitri Prasetyo,2024-08-17,09:03:51,Gopay,PROMO20,329345,52127,27722,8.417313151862,357066
ORD00486,CUST0020,FnB Yogyakarta,Hadi Handayani,2024-05-17,13:49:54,Credit Card,NULL,271229,0,25257,10.000158374444,298352
ORD00487,CUST0059,FnB Semarang,Intan Pratama,2024-05-15,13:00:48,qris,NULL,299466,0,27443,10.000145758783,329413
ORD00488,CUST0136,FnB Semarang,Fajar Wahyuni,2023-05-23,11:36:36,OVO,BUY1GET1,95156,0,9516,10.000420362352,104671
ORD00489,CUST0162,FnB Bandung,Rian Suryani,2024-11-10,12:00:22,Tunai,NULL,117630,0,10508,10.000285504915,129393
ORD00490,CUST0199,FnB Denpasar,Fajar Wahyuni,2024-04-09,18:22:08,QR Code,BUY1GET1,252093,48549,20442,8.080672322056,272463
ORD00491,CUST0183,FnB Semarang,Eko Puspita,2023-10-20,18:01:37,GoPay,NULL,413725,0,35128,10.000056934963,455097
ORD00492,CUST0151,FnB Semarang,Intan Pratama,2024-09-28,17:56:40,QRIS,NULL,119020,0,12102,10.000000000000,130922
ORD00493,CUST0101,FnB Makassar,Lina Pratama,2023-02-09,09:32:33,CASH,NULL,159878,4329,14312,9.706406961050,175396
ORD00494,CUST0150,FnB Jakarta Selatan,Fitri Prasetyo,2024-05-10,12:18:23,Kartu Kredit,NONE,189545,0,18961,9.999894521443,208499
ORD00495,CUST0162,FnB Yogyakarta,Yusuf Handayani,2024-07-04,13:38:04,credit card,NULL,305960,0,30596,10.000000000000,336556
ORD00496,CUST0028,FnB Jakarta Selatan,Sinta Santoso,2023-03-12,09:49:55,shopeepay,MEMBER DISC,188540,15924,17262,9.155616845231,205801
ORD00497,CUST0098,FnB Jakarta Barat,Hadi Handayani,2024-03-29,12:10:04,QRIS,PROMO20,208999,39795,16920,8.095732515466,225918
ORD00498,CUST0164,FnB Jakarta Barat,Maya Handayani,2024-11-21,20:16:30,Debit,NULL,184445,16400,16863,9.113558735786,201254
ORD00499,CUST0091,FnB Palembang,Agus Permata,2024-03-29,14:02:23,Gopay,MEMBER DISC,30547,5834,2471,8.089174059645,33017
ORD00500,CUST0132,FnB Makassar,Lina Pratama,2023-10-07,19:23:05,QR Code,WEEKEND SPECIAL,79871,5000,6730,9.999851413797,87857
ORD00501,CUST0133,FnB Semarang,Lina Pratama,2024-02-09,17:47:50,QR Code,NULL,141453,0,14195,10.000140896666,155598
ORD00502,CUST0044,FnB Semarang,Hadi Handayani,2024-06-22,13:25:54,QRIS,NULL,0,0,0,0.000000000000,0
ORD00503,CUST0086,FnB Surabaya,Lina Pratama,2023-08-16,12:41:34,Tunai,PROMO20,240714,0,20304,10.000246262959,264785
ORD00504,CUST0078,FnB Denpasar,Maya Handayani,2024-02-27,20:49:27,ovo,NULL,206716,7835,19888,9.620929197546,226603
ORD00505,CUST0008,FnB Bandung,Fitri Prasetyo,2024-11-08,13:30:07,QRIS,NULL,184501,0,18469,9.999891711606,202950
ORD00506,CUST0007,FnB Bandung,Agus Permata,2024-05-14,11:20:36,QRIS,BUY1GET1,159264,0,15926,9.999748844685,175189
ORD00507,CUST0163,FnB Jakarta Selatan,Siti Pratama,2024-11-25,10:03:13,Tunai,NULL,87891,0,8789,9.999886222707,96679
ORD00508,CUST0067,FnB Yogyakarta,Maya Permata,2024-06-30,17:09:04,Ovo,PROMO10,460852,38623,37645,9.069401580911,502648
ORD00509,CUST0121,FnB Semarang,Yusuf Handayani,2023-06-19,15:13:42,QRIS,NULL,363827,0,36383,10.000082456772,400209
ORD00510,CUST0072,FnB Bandung,Eko Puspita,2024-01-14,11:10:12,QRIS,NULL,88540,0,8854,10.000000000000,97394
ORD00511,CUST0186,FnB Jakarta Pusat,Sinta Santoso,2023-07-22,13:22:58,QR Code,PROMO20,340853,18281,27953,9.386154305918,372845
ORD00512,CUST0066,FnB Makassar,Fajar Yulianto,2024-07-26,13:37:39,Debit Card,BUY1GET1,257179,37452,19459,8.386090269308,278746
ORD00513,CUST0103,FnB Jakarta Pusat,Agus Permata,2024-10-30,14:55:20,Qris,NULL,275098,0,27540,10.000145245392,302608
ORD00514,CUST0173,FnB Semarang,Siti Kusuma,2023-12-30,20:54:08,Tunai,NULL,277638,0,28014,10.000071393384,305401
ORD00515,CUST0164,FnB Palembang,Fajar Wahyuni,2024-12-03,18:38:24,QRIS,NULL,217996,0,21811,9.999908303990,239795
ORD00516,CUST0045,FnB Bandung,Lina Pratama,2023-09-13,12:01:19,qris,NULL,76191,0,7619,9.999868750902,83809
ORD00517,CUST0162,FnB Jakarta Selatan,Yusuf Handayani,2024-07-27,20:26:26,Ovo,NULL,218403,0,16833,9.999881187177,240243
ORD00518,CUST0110,FnB Semarang,Fajar Kurniawan,2023-04-01,11:29:27,QR Code,BUY1GET1,230220,0,23022,10.000000000000,253242
ORD00519,CUST0115,FnB Yogyakarta,Eko Puspita,2023-03-06,13:44:43,qris,BUY1GET1,252374,0,25240,9.999920761325,277611
ORD00520,CUST0031,FnB Surabaya,Hadi Handayani,2024-08-14,08:05:41,Kartu Kredit,WEEKEND SPECIAL,193645,35906,14574,8.023121387283,209181
ORD00521,CUST0018,FnB Palembang,Sinta Santoso,2024-04-16,17:42:18,credit card,NULL,71727,0,6561,9.999847586532,78899
ORD00522,CUST0162,FnB Jakarta Pusat,Fajar Kurniawan,2024-06-01,17:12:54,GoPay,NULL,463794,0,46385,9.999935324337,510173
ORD00523,CUST0119,FnB Surabaya,Bagus Lestari,2023-11-24,17:45:50,QRIS,NULL,129663,0,12966,9.999768630989,142628
ORD00524,CUST0107,FnB Semarang,Siti Wahyuni,2023-07-10,13:16:19,GoPay,NULL,209724,0,18676,9.999892911834,230696
ORD00525,CUST0162,FnB Makassar,Siti Wahyuni,2024-08-31,13:02:00,Gopay,MEMBER DISC,294349,0,29439,10.000067937551,323784
ORD00526,CUST0162,FnB Jakarta Selatan,Zahra Hidayat,2024-08-17,13:27:15,cash,BUY1GET1,309469,51608,22987,8.166564230825,334741
ORD00527,CUST0039,FnB Yogyakarta,Fajar Yulianto,2024-06-05,19:59:36,Kartu Debit,NULL,201455,0,20146,10.000248194385,221600
ORD00528,CUST0139,FnB Surabaya,Intan Pratama,2023-07-29,15:10:27,QR Code,-,284148,0,29023,9.999896634772,312562
ORD00529,CUST0033,FnB Bandung,Hadi Handayani,2024-03-18,17:58:16,qris,BUY1GET1,396272,32778,34571,9.133926920129,432467
ORD00530,CUST0162,FnB Jakarta Pusat,Fajar Wahyuni,2023-10-03,12:00:40,GoPay,NULL,162506,0,16256,10.000246069046,178756
ORD00531,CUST0155,FnB Makassar,Fajar Yulianto,2023-03-19,17:47:46,GoPay,NULL,109958,0,11009,9.999636674114,120953
ORD00532,CUST0187,FnB Jakarta Selatan,Gilang Anggraini,2024-11-12,13:57:14,Tunai,MEMBER DISC,122188,0,12219,10.000163682194,134406
ORD00533,CUST0018,FnB Jakarta Barat,Fajar Kurniawan,2024-04-25,17:03:17,qris,-,121306,0,12140,10.000329500148,133436
ORD00534,CUST0014,FnB Jakarta Barat,Wati Suryani,2024-12-03,13:07:06,CASH,MEMBER DISC,77362,0,7759,10.000000000000,85098
ORD00535,CUST0069,FnB Makassar,Maya Handayani,2024-08-18,21:53:13,qris,NULL,330472,0,33050,10.000121030209,363519
ORD00536,CUST0066,FnB Medan,Maya Handayani,2024-07-16,08:13:43,Cash,PROMO10,279765,41731,23826,8.509559235832,303571
ORD00537,CUST0066,FnB Yogyakarta,Bagus Lestari,2024-07-17,11:57:11,Qris,MEMBER DISC,222130,0,22331,10.000089562398,244343
ORD00538,CUST0175,FnB Jakarta Selatan,Rian Suryani,2024-10-12,12:30:39,Kartu Kredit,WEEKEND SPECIAL,24396,1373,2302,9.435973110345,26697
ORD00539,CUST0066,FnB Medan,Zahra Hidayat,2024-07-23,10:38:01,debit card,BUY1GET1,287915,12534,27558,9.564963868468,315453
ORD00540,CUST0066,FnB Surabaya,Siti Pratama,2024-08-22,07:20:08,debit card,NULL,170035,0,17005,10.000000000000,187038
ORD00541,CUST0162,FnB Makassar,Maya Permata,2024-05-10,11:22:45,qris,NULL,432598,0,43272,9.999884453174,475857
ORD00542,CUST0109,FnB Denpasar,Zahra Hidayat,2024-06-03,20:59:12,Debit,PROMO20,239204,0,21421,10.000140051445,263124
ORD00543,CUST0162,FnB Jakarta Pusat,Yusuf Handayani,2024-09-24,08:37:50,qris,MEMBER DISC,167332,22383,14506,8.663143121622,181828
ORD00544,CUST0018,FnB Medan,Fajar Wahyuni,2024-05-10,20:27:38,debit card,NONE,81580,0,8158,10.000000000000,89738
ORD00545,CUST0117,FnB Jakarta Pusat,Hadi Handayani,2023-12-26,19:23:57,Gopay,WEEKEND SPECIAL,122672,0,12298,10.000162630714,134939
ORD00546,CUST0008,FnB Surabaya,Rian Suryani,2024-11-22,19:38:52,Gopay,NULL,287324,0,28732,9.999860784341,316055
ORD00547,CUST0017,FnB Jakarta Barat,Joko Kusumo,2024-12-25,12:27:50,Ovo,NULL,315065,11422,30444,9.638508443667,345432
ORD00548,CUST0175,FnB Jakarta Barat,Fajar Wahyuni,2024-11-30,12:07:00,qris,NULL,261322,0,26195,9.999847301434,287453
ORD00549,CUST0034,FnB Jakarta Barat,Fajar Wahyuni,2024-11-28,19:57:14,Kartu Kredit,NULL,116630,0,11705,9.999914567154,128292
ORD00550,CUST0128,FnB Medan,Fajar Wahyuni,2024-09-03,12:45:38,cash,WEEKEND SPECIAL,177657,27529,15013,8.450553594848,192669
ORD00551,CUST0098,FnB Jakarta Barat,Reza Puspita,2024-11-17,20:20:52,Ovo,NULL,361040,0,34819,9.999913840887,397143
ORD00552,CUST0079,FnB Semarang,Sinta Santoso,2023-05-27,12:26:07,qris,NULL,397772,0,34015,9.999882406204,437548
ORD00553,CUST0173,FnB Bandung,Fitri Prasetyo,2024-02-29,11:18:01,CASH,WEEKEND SPECIAL,112935,20447,9259,8.191123260525,122185
ORD00554,CUST0007,FnB Jakarta Pusat,Bagus Lestari,2024-11-10,12:02:57,Kartu Kredit,NULL,93942,7531,8641,9.198228694300,102582
ORD00555,CUST0156,FnB Yogyakarta,Gilang Anggraini,2023-01-28,11:53:51,Debit Card,NULL,237950,10000,23859,10.000167654430,261745
ORD00556,CUST0188,FnB Jakarta Barat,Fitri Prasetyo,2024-06-07,19:31:39,Qris,NULL,373613,0,37361,9.999919703008,410973
ORD00557,CUST0132,FnB Bandung,Gilang Anggraini,2023-09-11,16:06:01,QR Code,PROMO20,128150,17921,8523,8.262804292819,138738
ORD00558,CUST0185,FnB Medan,Hadi Handayani,2024-11-17,18:27:14,QRIS,NULL,21770,0,2177,10.000000000000,23947
ORD00559,CUST0012,FnB Jakarta Barat,Siti Pratama,2024-12-15,20:03:16,CASH,-,274377,0,27938,10.000107381781,301814
ORD00560,CUST0101,FnB Jakarta Pusat,Rian Suryani,2024-11-30,12:44:39,OVO,NULL,341119,0,34135,10.000000000000,375230
ORD00561,CUST0066,FnB Jakarta Barat,Intan Pratama,2024-07-29,17:08:20,Gopay,-,287051,0,27507,10.000145419644,315756
ORD00562,CUST0162,FnB Denpasar,Gilang Anggraini,2024-10-04,18:36:30,Ovo,PROMO10,351475,19336,33219,9.449887348945,384688
ORD00563,CUST0194,FnB Medan,Fajar Kurniawan,2024-09-20,12:49:18,credit card,NULL,149065,0,14906,9.999664575856,163970
ORD00564,CUST0066,FnB Medan,Gilang Anggraini,2024-07-26,17:31:03,CASH,MEMBER DISC,39041,1933,3784,9.513035171078,42754
ORD00565,CUST0155,FnB Medan,Joko Kusumo,2024-09-08,19:13:52,qris,PROMO20,274823,48230,22675,8.245994283262,297484
ORD00566,CUST0049,FnB Jakarta Selatan,Fajar Kurniawan,2023-08-07,18:54:32,gopay,NULL,391976,0,35411,10.000028239892,431173
ORD00567,CUST0132,FnB Bandung,Siti Pratama,2024-03-23,20:39:32,CASH,NULL,240832,22064,22377,9.102557844381,262753
ORD00568,CUST0112,FnB Semarang,Maya Handayani,2023-06-29,19:55:36,QR Code,NULL,227078,0,20716,10.000048272100,249785
ORD00569,CUST0192,FnB Jakarta Pusat,Hadi Handayani,2023-04-11,12:11:17,Credit Card,PROMO20,166819,30394,13654,8.179133445551,180463
ORD00570,CUST0138,FnB Jakarta Selatan,Maya Permata,2024-06-13,08:22:27,QR Code,NULL,134367,0,13437,10.000223269106,147803
ORD00571,CUST0080,FnB Jakarta Selatan,Fitri Prasetyo,2024-08-30,19:06:03,Tunai,BUY1GET1,194682,30117,16525,8.458396462061,211148
ORD00572,CUST0025,FnB Bandung,Agus Wahyuni,2023-12-30,19:33:38,QR Code,NULL,74683,0,7484,9.999331952702,82150
ORD00573,CUST0035,FnB Palembang,Lina Pratama,2024-06-25,17:14:07,Kartu Debit,NULL,108571,0,10880,10.000091912609,119428
ORD00574,CUST0059,FnB Jakarta Pusat,Maya Permata,2023-02-26,11:17:14,Cash,WEEKEND SPECIAL,483248,0,48525,10.000041216037,531572
ORD00575,CUST0066,FnB Surabaya,Joko Kusumo,2024-08-01,13:52:56,Kartu Kredit,PROMO10,221824,23591,18539,8.871311196925,241502
ORD00576,CUST0166,FnB Jakarta Selatan,Intan Pratama,2024-02-03,12:45:38,credit card,NULL,250002,0,22439,10.000000000000,275002
ORD00577,CUST0132,FnB Palembang,Intan Pratama,2024-08-11,18:10:20,QRIS,NULL,336521,0,31329,10.000063839023,370173
ORD00578,CUST0125,FnB Jakarta Pusat,Fitri Prasetyo,2023-09-01,11:42:30,Credit Card,NULL,421457,0,40051,10.000074905057,463603
ORD00579,CUST0028,FnB Bandung,Maya Permata,2024-04-15,11:38:22,QRIS,NULL,285027,0,28519,9.999929871805,313529
ORD00580,CUST0170,FnB Semarang,Sinta Santoso,2024-10-21,17:52:01,shopeepay,NULL,371012,0,37114,9.999892225120,408112
ORD00581,CUST0162,FnB Semarang,Siti Kusuma,2024-04-07,19:06:06,Debit,NULL,206758,0,20779,9.999903749903,227433
ORD00582,CUST0018,FnB Bandung,Sinta Santoso,2024-04-25,11:42:31,Gopay,PROMO20,131418,0,13159,9.999924006960,144559
ORD00583,CUST0162,FnB Jakarta Barat,Agus Wahyuni,2023-07-05,19:42:54,QRIS,NULL,342341,0,34167,10.000087804792,376575
ORD00584,CUST0130,FnB Bandung,Hadi Handayani,2024-10-09,17:09:26,Ovo,PROMO20,380326,0,38070,10.000000000000,418358
ORD00585,CUST0019,FnB Jakarta Selatan,Sinta Santoso,2023-06-25,13:44:27,qris,NULL,200113,13334,18678,9.333726444558,218790
ORD00586,CUST0110,FnB Jakarta Selatan,Joko Kusumo,2024-10-13,21:40:43,QRIS,NULL,74751,6048,6884,9.192148484443,81622
ORD00587,CUST0117,FnB Bandung,Intan Pratama,2024-01-25,12:56:21,Kartu Debit,BUY1GET1,89181,14423,6219,8.117633238046,96420
ORD00588,CUST0040,FnB Jakarta Selatan,Agus Wahyuni,2024-11-26,13:44:21,QR Code,NULL,202510,0,20251,10.000000000000,222761
ORD00589,CUST0187,FnB Jakarta Barat,Bagus Lestari,2024-08-17,11:31:59,GoPay,PROMO10,57649,7556,5009,8.688789050980,62657
ORD00590,CUST0165,FnB Medan,Agus Permata,2024-12-30,18:19:31,credit card,MEMBER DISC,242611,0,24315,9.999835495200,266871
ORD00591,CUST0157,FnB Palembang,Bagus Lestari,2023-09-25,13:07:03,Qris,NULL,188021,4521,16823,9.738181102498,206330
ORD00592,CUST0112,FnB Surabaya,Siti Pratama,2024-07-25,11:22:56,Debit Card,PROMO10,350517,0,32482,9.999907642008,385568
ORD00593,CUST0098,FnB Jakarta Pusat,Yusuf Handayani,2023-11-02,13:12:27,qris,NULL,197869,0,19911,10.000150672753,217656
ORD00594,CUST0154,FnB Jakarta Pusat,Siti Wahyuni,2023-12-21,19:15:51,Debit Card,NULL,293676,0,29444,9.999932074907,323043
ORD00595,CUST0130,FnB Palembang,Joko Kusumo,2024-04-16,21:19:38,credit card,PROMO10,253252,0,25349,9.999842205338,278576
ORD00596,CUST0017,FnB Jakarta Barat,Fitri Prasetyo,2024-10-12,18:16:08,QR Code,MEMBER DISC,311934,33273,27877,8.933676020048,339801
ORD00597,CUST0120,FnB Jakarta Pusat,Agus Wahyuni,2024-12-22,13:29:34,qris,NULL,204434,0,17173,10.000000000000,224877
ORD00598,CUST0162,FnB Surabaya,Agus Permata,2024-07-25,19:29:22,QR Code,NULL,192535,0,17045,9.999882664914,211788
ORD00599,CUST0110,FnB Medan,Bagus Lestari,2023-11-12,07:49:26,QR Code,PROMO10,39934,6404,3353,8.396353984073,43286
ORD00600,CUST0012,FnB Medan,Agus Wahyuni,2023-11-15,19:08:39,CASH,WEEKEND SPECIAL,153512,28222,12529,8.161576945124,166040
ORD00601,CUST0162,FnB Jakarta Selatan,Fajar Kurniawan,2024-07-04,13:00:29,Debit,NULL,149419,9189,13323,9.354659776297,163396
ORD00602,CUST0052,FnB Jakarta Pusat,Rian Suryani,2024-02-21,13:06:21,gopay,PROMO20,317613,37029,28058,8.834021277466,345670
ORD00603,CUST0066,FnB Palembang,Sinta Santoso,2024-07-23,08:47:37,cash,WEEKEND SPECIAL,225355,0,22543,10.000088720123,247890
ORD00604,CUST0040,FnB Jakarta Selatan,Rian Suryani,2023-09-28,20:08:14,Kartu Kredit,-,122369,0,11012,9.999818383247,134605
ORD00605,CUST0078,FnB Medan,Agus Wahyuni,2023-08-08,17:51:31,Ovo,NULL,129085,10057,11903,9.221055893403,140987
ORD00606,CUST0162,FnB Semarang,Maya Handayani,2023-08-15,11:33:06,Credit Card,NULL,285366,0,27340,10.000146307919,313903
ORD00607,CUST0121,FnB Medan,Wati Suryani,2023-07-01,11:19:25,QRIS,PROMO20,59597,0,4675,10.000000000000,65556
ORD00608,CUST0053,FnB Jakarta Barat,Maya Permata,2024-01-29,16:07:27,ShopeePay,BUY1GET1,202929,38736,16422,8.091209641261,219348
ORD00609,CUST0173,FnB Jakarta Selatan,Zahra Hidayat,2023-07-31,13:44:34,Credit Card,NULL,192970,0,19306,9.999792814817,212266
ORD00610,CUST0173,FnB Surabaya,Agus Wahyuni,2024-12-25,14:23:42,QR Code,NULL,313090,0,26289,10.000114117472,344399
ORD00611,CUST0173,FnB Makassar,Hadi Handayani,2023-11-19,20:09:01,QR Code,-,75567,0,7573,10.000132049809,83123
ORD00612,CUST0062,FnB Denpasar,Joko Kusumo,2023-10-21,17:41:41,QRIS,WEEKEND SPECIAL,191501,18720,17280,9.022744835940,208779
ORD00613,CUST0109,FnB Jakarta Pusat,Rian Suryani,2024-05-25,14:56:46,Ovo,PROMO20,73456,4970,5618,9.186944008372,80204
ORD00614,CUST0195,FnB Jakarta Selatan,Siti Pratama,2023-06-21,13:33:24,QRIS,NULL,175978,6378,16960,9.637568332405,192937
ORD00615,CUST0162,FnB Denpasar,Agus Permata,2024-12-03,19:29:45,debit card,MEMBER DISC,202091,15898,18632,9.213590936738,220710
ORD00616,CUST0008,FnB Semarang,Fajar Kurniawan,2024-11-29,08:58:53,Gopay,NONE,145486,14385,13135,9.013119973650,158598
ORD00617,CUST0018,FnB Makassar,Lina Pratama,2024-05-06,19:08:44,Kartu Debit,WEEKEND SPECIAL,261538,0,26154,10.000076470723,287691
ORD00618,CUST0112,FnB Jakarta Selatan,Fajar Yulianto,2023-11-12,11:54:46,Qris,WEEKEND SPECIAL,309600,48628,26097,8.429263565891,335696
ORD00619,CUST0178,FnB Surabaya,Hadi Handayani,2024-10-16,14:20:48,Cash,MEMBER DISC,62542,0,6256,10.000319703315,68796
ORD00620,CUST0130,FnB Semarang,Intan Pratama,2024-11-30,13:59:04,qris,NULL,306707,0,29387,9.999897915085,337377
ORD00621,CUST0119,FnB Medan,Rian Suryani,2023-12-13,19:38:40,cash,NULL,384310,0,35918,9.999972158883,422740
ORD00622,CUST0024,FnB Bandung,Hadi Handayani,2024-04-06,13:36:35,GoPay,NULL,289328,0,29058,10.000137657617,318261
ORD00623,CUST0155,FnB Jakarta Pusat,Bagus Lestari,2023-05-17,13:10:27,Qris,PROMO20,200910,17534,14484,8.920422001736,218832
ORD00624,CUST0162,FnB Surabaya,Reza Puspita,2024-12-27,17:13:02,GoPay,NULL,323681,0,31126,9.999935745449,356048
ORD00625,CUST0091,FnB Jakarta Selatan,Fajar Kurniawan,2024-04-15,17:21:11,Cash,NULL,461607,0,37880,10.000026399224,507767
ORD00626,CUST0162,FnB Bandung,Siti Kusuma,2024-11-29,11:36:52,Kartu Kredit,MEMBER DISC,217182,29011,17866,8.603196463569,235866
ORD00627,CUST0188,FnB Palembang,Fajar Yulianto,2024-05-04,14:27:40,Qris,NULL,199565,0,19959,10.000150310390,219521
ORD00628,CUST0052,FnB Bandung,Maya Handayani,2024-04-01,11:06:07,QRIS,WEEKEND SPECIAL,265758,27765,22581,8.904987439712,289423
ORD00629,CUST0125,FnB Makassar,Tuti Wijaya,2024-01-11,12:59:53,Debit Card,WEEKEND SPECIAL,115441,6509,10915,9.437551338031,126335
ORD00630,CUST0071,FnB Jakarta Selatan,Intan Pratama,2023-06-30,13:15:54,Qris,NULL,127221,0,12944,10.000231772986,139943
ORD00631,CUST0162,FnB Medan,Joko Kusumo,2023-07-13,17:37:30,Ovo,NULL,285974,10474,27570,9.633830574570,313524
ORD00632,CUST0132,FnB Palembang,Wati Suryani,2023-10-09,12:12:21,ovo,MEMBER DISC,272864,47497,22578,8.261976902472,295407
ORD00633,CUST0149,FnB Jakarta Pusat,Tuti Wijaya,2023-10-24,17:58:56,GoPay,NULL,352706,0,34211,9.999912309675,387976
ORD00634,CUST0162,FnB Jakarta Pusat,Reza Puspita,2024-08-03,11:26:38,Tunai,NULL,214816,0,19590,10.000102093946,236297
ORD00635,CUST0094,FnB Bandung,Sinta Santoso,2023-09-25,11:06:02,GoPay,BUY1GET1,82231,6987,7681,9.166636831238,89768
ORD00636,CUST0178,FnB Jakarta Pusat,Siti Pratama,2023-02-19,18:01:59,debit card,MEMBER DISC,341364,0,34149,9.999912150468,375500
ORD00637,CUST0128,FnB Semarang,Fajar Yulianto,2024-12-14,17:35:30,CASH,BUY1GET1,50354,0,5035,9.999205624180,55388
ORD00638,CUST0039,FnB Denpasar,Agus Permata,2024-10-19,18:07:28,Tunai,-,191038,0,19120,10.000209209397,210142
ORD00639,CUST0162,FnB Bandung,Fajar Wahyuni,2024-11-19,17:15:14,cash,NULL,177065,0,16450,10.000303960606,194772
ORD00640,CUST0162,FnB Jakarta Selatan,Eko Puspita,2024-12-29,07:55:46,Cash,NULL,417650,0,38439,9.999895940103,459414
ORD00641,CUST0075,FnB Bandung,Agus Permata,2023-07-18,11:20:22,GoPay,NULL,229650,18814,21633,9.200011907748,250777
ORD00642,CUST0169,FnB Semarang,Agus Permata,2024-03-13,17:42:04,Credit Card,NULL,149508,0,14959,9.999866303010,164458
ORD00643,CUST0175,FnB Jakarta Pusat,Yusuf Handayani,2024-07-18,20:14:28,CASH,PROMO20,332281,54278,24029,8.157286358806,359386
ORD00644,CUST0068,FnB Surabaya,Tuti Wijaya,2024-06-06,10:33:57,Gopay,NONE,181035,3652,17763,9.798654015887,198773
ORD00645,CUST0195,FnB Medan,Siti Pratama,2023-05-07,20:17:05,QRIS,NULL,411692,28289,33213,9.215184675486,449630
ORD00646,CUST0034,FnB Medan,Agus Wahyuni,2024-11-24,13:52:50,Ovo,NULL,262910,0,24268,10.000041206696,289201
ORD00647,CUST0052,FnB Jakarta Selatan,Bagus Lestari,2024-01-31,07:31:53,CASH,-,172953,0,12965,9.999845740906,190248
ORD00648,CUST0044,FnB Semarang,Joko Kusumo,2023-06-25,08:03:17,cash,WEEKEND SPECIAL,268055,0,25559,10.000000000000,294860
ORD00649,CUST0173,FnB Jakarta Pusat,Wati Suryani,2024-01-31,11:14:13,Gopay,PROMO20,171399,0,17154,10.000116592241,188539
ORD00650,CUST0155,FnB Jakarta Selatan,Rian Suryani,2024-03-20,12:59:01,QR Code,BUY1GET1,102371,8219,9466,9.201010886469,111790
ORD00651,CUST0036,FnB Makassar,Fajar Kurniawan,2024-03-10,12:46:53,ovo,NULL,294395,0,25667,10.000000000000,323834
ORD00652,CUST0108,FnB Semarang,Zahra Hidayat,2023-03-19,15:24:46,credit card,NONE,331571,14580,30956,9.550194360461,363236
ORD00653,CUST0140,FnB Jakarta Pusat,Bagus Lestari,2024-10-15,19:10:24,ovo,BUY1GET1,278571,0,26660,10.000000000000,306428
ORD00654,CUST0020,FnB Jakarta Selatan,Wati Suryani,2024-05-20,11:05:15,GoPay,NULL,174002,0,17400,9.999885058792,191401
ORD00655,CUST0173,FnB Jakarta Selatan,Joko Kusumo,2023-08-20,19:17:42,Debit,WEEKEND SPECIAL,103551,0,10357,10.000000000000,113906
ORD00656,CUST0162,FnB Jakarta Selatan,Agus Wahyuni,2024-10-23,20:11:28,QRIS,NULL,115558,0,11556,10.000173073261,127113
ORD00657,CUST0120,FnB Jakarta Selatan,Bagus Lestari,2024-12-07,14:40:54,QR Code,NULL,169272,0,16958,10.000117939827,186199
ORD00658,CUST0190,FnB Jakarta Pusat,Reza Puspita,2024-10-04,13:35:20,Kartu Debit,NULL,276772,0,27913,9.999928349311,304449
ORD00659,CUST0101,FnB Bandung,Maya Permata,2024-08-24,12:08:14,Shopeepay,NULL,330844,0,32546,9.999846373650,363927
ORD00660,CUST0195,FnB Semarang,Gilang Anggraini,2024-05-07,13:02:11,Credit Card,WEEKEND SPECIAL,178286,0,17266,9.999942083041,196114
ORD00661,CUST0156,FnB Surabaya,Fitri Prasetyo,2024-02-13,18:03:45,credit card,WEEKEND SPECIAL,231448,0,23206,9.999827633756,254592
ORD00662,CUST0149,FnB Medan,Siti Pratama,2023-10-04,19:06:04,ShopeePay,MEMBER DISC,169579,0,17177,9.999941782955,186536
ORD00663,CUST0040,FnB Jakarta Pusat,Maya Handayani,2023-11-06,13:23:53,Debit Card,BUY1GET1,56477,0,5669,10.000352808354,62124
ORD00664,CUST0173,FnB Palembang,Gilang Anggraini,2023-10-12,09:01:20,Gopay,NULL,697337,0,69740,9.999985661047,767070
ORD00665,CUST0103,FnB Makassar,Gilang Anggraini,2024-11-14,19:39:01,Gopay,PROMO10,328713,37423,29129,8.861529662654,357841
ORD00666,CUST0039,FnB Yogyakarta,Agus Permata,2024-06-24,11:51:20,Cash,NULL,176938,0,17696,9.999773965326,194631
ORD00667,CUST0006,FnB Yogyakarta,Joko Kusumo,2023-12-30,18:24:48,Debit,NULL,346541,0,30873,9.999870438630,381194
ORD00668,CUST0132,FnB Denpasar,Reza Puspita,2023-09-30,17:54:56,Cash,NULL,220817,0,22086,10.000000000000,242898
ORD00669,CUST0126,FnB Surabaya,Lina Pratama,2023-12-29,11:53:36,gopay,PROMO20,184747,27651,14481,8.396632301608,200259
ORD00670,CUST0162,FnB Jakarta Selatan,Siti Wahyuni,2024-05-28,12:47:07,qris,NULL,120216,0,12022,10.000332734411,132237
ORD00671,CUST0173,FnB Medan,Maya Handayani,2023-08-18,17:58:23,QR Code,NULL,195532,0,19553,9.999897714952,215084
ORD00672,CUST0018,FnB Semarang,Bagus Lestari,2024-09-25,11:59:34,Kartu Kredit,NULL,183851,0,18534,10.000269781746,202236
ORD00673,CUST0162,FnB Semarang,Reza Puspita,2023-12-29,19:21:20,QR Code,MEMBER DISC,148228,18939,12418,8.676513743519,161089
ORD00674,CUST0046,FnB Surabaya,Siti Kusuma,2023-12-21,18:57:11,Tunai,PROMO10,414769,53749,33580,8.620136412760,450522
ORD00675,CUST0170,FnB Jakarta Pusat,Eko Puspita,2024-10-05,18:59:30,qris,NULL,54072,2987,5108,9.446663707649,59179
ORD00676,CUST0162,FnB Jakarta Barat,Eko Puspita,2024-09-05,17:08:32,GoPay,NULL,310054,0,31006,9.999838743489,341058
ORD00677,CUST0130,FnB Denpasar,Siti Pratama,2023-09-23,18:45:18,ovo,PROMO10,169765,0,17017,10.000058765109,186741
ORD00678,CUST0162,FnB Surabaya,Fajar Yulianto,2024-05-25,07:04:47,cash,WEEKEND SPECIAL,153773,0,15444,9.999805753578,169150
ORD00679,CUST0075,FnB Surabaya,Gilang Anggraini,2024-02-26,20:18:48,ovo,PROMO10,231515,0,23152,10.000215968727,254666
ORD00680,CUST0114,FnB Jakarta Selatan,Zahra Hidayat,2023-11-01,11:37:37,gopay,NULL,205251,19179,18607,9.065485673638,223857
ORD00681,CUST0162,FnB Jakarta Barat,Fitri Prasetyo,2024-10-16,13:37:17,QR Code,PROMO10,158977,27476,13157,8.272345455459,172128
ORD00682,CUST0110,FnB Denpasar,Agus Wahyuni,2024-08-16,13:33:57,OVO,NULL,352116,5000,35212,10.000113598927,387327
ORD00683,CUST0084,FnB Medan,Fitri Prasetyo,2024-05-10,11:09:02,Kartu Debit,NULL,119729,0,11973,10.000083521953,131701
ORD00684,CUST0118,FnB Yogyakarta,Fajar Wahyuni,2024-09-25,19:06:22,gopay,-,141880,5467,13681,9.615749558958,155522
ORD00685,CUST0162,FnB Bandung,Maya Permata,2024-10-07,18:18:58,QRIS,NULL,395813,0,29543,10.000067698390,435394
ORD00686,CUST0078,FnB Medan,Lina Pratama,2024-06-14,11:35:53,QRIS,NULL,121669,0,9817,10.000407473055,133836
ORD00687,CUST0042,FnB Jakarta Selatan,Rian Suryani,2024-10-25,11:23:13,GoPay,WEEKEND SPECIAL,229581,18745,21105,9.184392842222,250666
ORD00688,CUST0162,FnB Semarang,Bagus Lestari,2024-06-07,11:58:07,QR Code,-,284584,0,25889,10.000000000000,313042
ORD00689,CUST0162,FnB Bandung,Eko Puspita,2024-05-26,11:17:46,GoPay,PROMO20,451583,32707,38309,9.213368029668,493189
ORD00690,CUST0024,FnB Bandung,Maya Handayani,2024-04-09,19:10:32,credit card,NONE,153594,0,15472,10.000129267441,168953
ORD00691,CUST0062,FnB Medan,Zahra Hidayat,2024-07-14,19:57:59,QR Code,MEMBER DISC,125129,10896,11453,9.131134993781,136554
ORD00692,CUST0035,FnB Denpasar,Siti Kusuma,2023-05-10,13:42:53,Cash,-,266674,0,25498,9.999803910033,293340
ORD00693,CUST0079,FnB Jakarta Pusat,Gilang Anggraini,2024-10-17,13:24:55,OVO,MEMBER DISC,142803,24992,11824,8.255023248670,154591
ORD00694,CUST0109,FnB Yogyakarta,Maya Permata,2024-10-11,11:46:31,Ovo,NULL,103815,0,10382,10.000481625969,114196
ORD00695,CUST0162,FnB Jakarta Barat,Zahra Hidayat,2023-07-06,11:31:35,Cash,BUY1GET1,265230,7786,25156,9.699745900280,290956
ORD00696,CUST0154,FnB Bandung,Rian Suryani,2024-09-06,20:40:37,Kartu Kredit,NULL,264294,15709,21149,9.308456791753,288895
ORD00697,CUST0144,FnB Jakarta Pusat,Lina Pratama,2024-07-28,20:14:56,credit card,BUY1GET1,196619,30212,16644,8.463682037304,213260
ORD00698,CUST0081,FnB Jakarta Barat,Gilang Anggraini,2023-09-13,20:18:06,QR Code,PROMO20,135463,16624,11890,8.773094858626,147347
ORD00699,CUST0164,FnB Surabaya,Bagus Lestari,2024-11-20,12:07:11,cash,PROMO10,89402,14022,7557,8.434810755304,96942
ORD00700,CUST0114,FnB Jakarta Pusat,Siti Pratama,2023-10-31,20:53:51,shopeepay,NULL,44573,0,4473,9.999776441394,49030
ORD00701,CUST0194,FnB Bandung,Lina Pratama,2024-08-31,12:32:13,Ovo,PROMO10,317093,31728,28736,9.005525035021,345648
ORD00702,CUST0147,FnB Denpasar,Tuti Wijaya,2024-09-10,12:26:25,ovo,NULL,296434,0,29655,9.999966278987,326077
ORD00703,CUST0029,FnB Jakarta Pusat,Rian Suryani,2024-03-06,18:21:40,QR Code,NULL,42245,0,4224,9.998816427979,46468
ORD00704,CUST0160,FnB Yogyakarta,Eko Puspita,2023-01-06,18:34:13,Gopay,PROMO20,349169,33165,27746,8.932227616312,380357
ORD00705,CUST0077,FnB Bandung,Fajar Yulianto,2023-08-08,13:01:46,GoPay,WEEKEND SPECIAL,224083,6818,20733,9.681486427800,245777
ORD00706,CUST0162,FnB Medan,Fajar Kurniawan,2024-04-08,19:49:35,Tunai,NULL,230768,12714,19455,9.386534147106,252429
ORD00707,CUST0018,FnB Jakarta Selatan,Fajar Wahyuni,2024-12-21,18:53:34,Cash,BUY1GET1,193689,34598,15908,8.213675346065,209597
ORD00708,CUST0042,FnB Jakarta Selatan,Intan Pratama,2024-10-21,11:35:46,GoPay,NULL,164775,0,15615,10.000256170507,181252
ORD00709,CUST0169,FnB Jakarta Selatan,Fajar Kurniawan,2024-03-01,20:02:10,OVO,NULL,122455,0,12273,9.999755566962,134700
ORD00710,CUST0059,FnB Jakarta Pusat,Gilang Anggraini,2024-04-21,13:07:52,QRIS,NULL,241393,2000,22186,9.999954926733,265532
ORD00711,CUST0164,FnB Jakarta Selatan,Zahra Hidayat,2024-12-08,08:04:32,QR Code,NULL,393504,0,35112,9.999886080131,432853
ORD00712,CUST0068,FnB Medan,Wati Suryani,2024-08-03,18:06:47,gopay,PROMO10,282475,53367,23094,8.122766538169,305419
ORD00713,CUST0151,FnB Makassar,Agus Wahyuni,2024-09-21,17:19:17,GoPay,WEEKEND SPECIAL,323821,17233,28145,9.423096882627,354334
ORD00714,CUST0162,FnB Yogyakarta,Gilang Anggraini,2024-07-20,12:05:14,QRIS,NULL,400948,0,40097,10.000024939583,441042
ORD00715,CUST0120,FnB Medan,Sinta Santoso,2024-02-04,15:32:15,shopeepay,NULL,75058,3453,7292,9.548251931386,82224
ORD00716,CUST0073,FnB Jakarta Pusat,Joko Kusumo,2024-12-11,18:06:28,QR Code,-,262979,11019,22311,9.529524826481,288039
ORD00717,CUST0058,FnB Jakarta Barat,Fajar Kurniawan,2023-09-18,20:36:06,QRIS,PROMO10,558795,97361,46060,8.255072048175,604923
ORD00718,CUST0008,FnB Jakarta Barat,Gilang Anggraini,2024-11-22,11:13:55,qris,NONE,138739,0,14038,10.000213710223,152613
ORD00719,CUST0073,FnB Jakarta Selatan,Maya Handayani,2024-11-22,20:33:46,Ovo,NULL,272774,0,26624,10.000000000000,300051
ORD00720,CUST0154,FnB Surabaya,Fajar Kurniawan,2023-03-28,12:47:21,GoPay,NULL,44175,0,2578,10.001939864209,48593
ORD00721,CUST0186,FnB Surabaya,Yusuf Handayani,2024-11-25,11:44:13,GoPay,NULL,261646,18911,24274,9.277420637043,285919
ORD00722,CUST0173,FnB Jakarta Barat,Sinta Santoso,2024-06-01,10:20:29,Gopay,BUY1GET1,253250,0,25332,10.000197382705,278575
ORD00723,CUST0162,FnB Jakarta Barat,Eko Puspita,2023-07-19,11:10:33,Debit Card,NULL,218795,0,21249,10.000047061259,240674
ORD00724,CUST0162,FnB Yogyakarta,Bagus Lestari,2023-08-19,12:31:10,GoPay,NULL,294783,7231,26332,9.732622692697,323473
ORD00725,CUST0156,FnB Yogyakarta,Agus Permata,2024-06-14,12:07:27,Kartu Kredit,PROMO20,159956,0,12142,10.000411810731,175952
ORD00726,CUST0066,FnB Jakarta Barat,Siti Kusuma,2024-07-13,19:36:41,gopay,NULL,265065,0,25369,10.000157675236,291571
ORD00727,CUST0175,FnB Denpasar,Lina Pratama,2024-03-11,18:23:33,cash,BUY1GET1,243056,19683,22372,9.191492158965,265396
ORD00728,CUST0159,FnB Palembang,Fajar Wahyuni,2023-09-22,18:54:59,credit card,PROMO20,433111,0,43332,10.000069233378,476422
ORD00729,CUST0132,FnB Jakarta Barat,Fitri Prasetyo,2024-04-11,12:04:00,Tunai,NULL,28888,1294,2759,9.550678482414,31646
ORD00730,CUST0024,FnB Jakarta Barat,Hadi Handayani,2023-07-24,11:39:29,GoPay,-,214239,0,18234,9.999780634405,235662
ORD00731,CUST0109,FnB Surabaya,Gilang Anggraini,2024-10-11,11:59:12,Debit Card,NULL,134200,5750,10746,9.492429729872,146938
ORD00732,CUST0110,FnB Denpasar,Zahra Hidayat,2024-12-16,12:59:16,QR Code,WEEKEND SPECIAL,296555,0,29679,10.000033693971,326210
ORD00733,CUST0172,FnB Makassar,Reza Puspita,2024-12-14,11:17:11,debit card,NULL,251860,14510,23735,9.423886286031,275594
ORD00734,CUST0130,FnB Jakarta Pusat,Siti Kusuma,2024-07-13,13:38:17,QRIS,NULL,109880,0,11153,10.000268993158,120868
ORD00735,CUST0091,FnB Bandung,Sinta Santoso,2024-04-20,11:13:05,gopay,MEMBER DISC,163479,10000,16348,10.000061169936,179826
ORD00736,CUST0192,FnB Surabaya,Agus Permata,2024-07-18,17:20:04,Ovo,NULL,195887,0,19738,10.000050663951,215475
ORD00737,CUST0024,FnB Surabaya,Bagus Lestari,2023-08-12,19:19:32,ShopeePay,BUY1GET1,311263,52256,23400,8.174501145827,336707
ORD00738,CUST0101,FnB Jakarta Selatan,Joko Kusumo,2023-01-19,18:30:22,GoPay,BUY1GET1,155812,13799,14223,9.115437858900,170014
ORD00739,CUST0011,FnB Makassar,Maya Handayani,2023-09-04,17:53:17,Qris,BUY1GET1,312020,0,31207,9.999967956010,343221
ORD00740,CUST0162,FnB Medan,Bagus Lestari,2023-12-25,19:43:07,Gopay,BUY1GET1,325567,19636,30625,9.397400333857,356161
ORD00741,CUST0178,FnB Makassar,Siti Pratama,2024-07-27,12:54:29,Kartu Debit,MEMBER DISC,187339,11416,16387,9.348934859255,204853
ORD00742,CUST0068,FnB Makassar,Eko Puspita,2024-05-28,18:24:23,Gopay,-,162430,6461,15597,9.602290217324,178026
ORD00743,CUST0170,FnB Semarang,Bagus Lestari,2024-09-12,17:37:19,OVO,NULL,157506,0,15771,10.000126816648,173256
ORD00744,CUST0072,FnB Bandung,Siti Kusuma,2023-12-27,17:41:17,cash,NULL,62124,0,4813,10.000415558510,68336
ORD00745,CUST0178,FnB Medan,Yusuf Handayani,2024-12-30,11:36:52,credit card,NULL,286173,0,28621,10.000104819239,314790
ORD00746,CUST0162,FnB Jakarta Selatan,Gilang Anggraini,2023-11-18,20:47:55,Tunai,WEEKEND SPECIAL,339820,58517,28292,8.286131010608,367977
ORD00747,CUST0162,FnB Medan,Hadi Handayani,2023-12-04,13:57:45,Kartu Kredit,NONE,280007,24909,23056,9.025005088699,305277
ORD00748,CUST0007,FnB Jakarta Selatan,Maya Handayani,2023-05-14,08:03:28,CASH,NULL,164779,11264,11680,9.120439780109,179807
ORD00749,CUST0188,FnB Semarang,Hadi Handayani,2024-08-13,10:41:39,Credit Card,NULL,263572,0,25072,9.999800578322,289928
ORD00750,CUST0162,FnB Jakarta Selatan,Fitri Prasetyo,2024-06-04,16:46:23,Gopay,MEMBER DISC,168859,23084,14589,8.634077055098,183438
ORD00751,CUST0073,FnB Jakarta Pusat,Lina Pratama,2023-06-23,13:09:46,Kartu Debit,PROMO10,389889,0,38989,10.000025648325,428877
ORD00752,CUST0162,FnB Jakarta Selatan,Maya Permata,2023-07-05,20:11:40,Tunai,NULL,300949,0,30103,9.999966780829,331043
ORD00753,CUST0069,FnB Jakarta Pusat,Maya Permata,2024-09-06,12:36:53,GoPay,NULL,370080,0,37019,9.999918961190,407087
ORD00754,CUST0173,FnB Semarang,Maya Handayani,2024-05-07,09:46:05,Kartu Kredit,PROMO20,234740,23523,21122,8.998040385106,255861
ORD00755,CUST0025,FnB Semarang,Intan Pratama,2023-12-15,12:29:05,QRIS,NONE,345126,26400,31873,9.235177877065,376998
ORD00756,CUST0162,FnB Surabaya,Lina Pratama,2024-12-04,18:19:03,OVO,NULL,352972,0,31564,10.000000000000,388269
ORD00757,CUST0130,FnB Jakarta Selatan,Maya Permata,2023-05-05,20:14:53,Qris,NULL,232794,0,23279,9.999828174265,256072
ORD00758,CUST0023,FnB Jakarta Pusat,Agus Wahyuni,2023-11-22,19:05:31,qris,NULL,369307,0,36945,10.000081202445,406237
ORD00759,CUST0064,FnB Jakarta Pusat,Fajar Kurniawan,2024-11-30,17:53:10,Qris,NULL,254367,0,25448,9.999921408979,279803
ORD00760,CUST0006,FnB Jakarta Selatan,Tuti Wijaya,2023-11-14,13:22:41,Tunai,NULL,271159,0,26985,9.999888828362,298274
ORD00761,CUST0113,FnB Denpasar,Fitri Prasetyo,2024-05-26,11:16:13,credit card,NULL,185375,4584,18079,9.752663519892,203453
ORD00762,CUST0073,FnB Jakarta Selatan,Siti Kusuma,2023-10-30,20:37:20,QRIS,NULL,114332,0,11537,9.999913323105,125765
ORD00763,CUST0136,FnB Jakarta Barat,Reza Puspita,2023-07-30,11:40:22,QR Code,MEMBER DISC,60351,10045,5042,8.339122093215,65383
ORD00764,CUST0072,FnB Jakarta Pusat,Eko Puspita,2024-12-22,13:57:06,OVO,NULL,338652,0,32604,10.000000000000,372517
ORD00765,CUST0072,FnB Jakarta Selatan,Bagus Lestari,2023-12-22,14:51:39,ovo,NULL,214977,15643,17630,9.185162029800,234722
ORD00766,CUST0162,FnB Surabaya,Joko Kusumo,2024-10-27,11:46:23,QR Code,-,138998,0,13900,10.000143886962,152897
ORD00767,CUST0012,FnB Surabaya,Joko Kusumo,2023-06-29,11:48:59,credit card,MEMBER DISC,314113,42178,27194,8.657173509571,341306
ORD00768,CUST0175,FnB Jakarta Selatan,Eko Puspita,2023-06-18,16:25:37,Ovo,NULL,198235,0,19927,10.000050183420,218058
ORD00769,CUST0166,FnB Jakarta Pusat,Fajar Yulianto,2023-01-26,16:48:08,CASH,NULL,103083,0,10449,10.000382826407,113391
ORD00770,CUST0156,FnB Bandung,Rian Suryani,2024-05-05,11:51:22,cash,NONE,178875,0,18435,10.000108490463,196762
ORD00771,CUST0134,FnB Jakarta Selatan,Lina Pratama,2024-09-26,11:19:19,QR Code,NULL,153175,0,15318,10.000326424024,168492
ORD00772,CUST0173,FnB Jakarta Selatan,Eko Puspita,2024-10-05,18:43:35,CASH,NULL,219366,0,18171,10.000165100959,241302
ORD00773,CUST0044,FnB Palembang,Sinta Santoso,2023-12-17,12:35:43,Gopay,NULL,307246,0,30725,10.000130188838,337970
ORD00774,CUST0018,FnB Medan,Lina Pratama,2024-12-14,18:15:48,qris,PROMO20,470270,33372,33183,9.086229227192,512999
ORD00775,CUST0062,FnB Surabaya,Fajar Kurniawan,2023-07-07,12:57:18,CASH,NULL,195870,0,19587,10.000000000000,215457
ORD00776,CUST0162,FnB Bandung,Fajar Yulianto,2024-10-08,19:31:42,gopay,PROMO10,153907,0,12963,9.999768577445,169297
ORD00777,CUST0008,FnB Bandung,Fajar Yulianto,2024-11-25,12:23:21,ShopeePay,NULL,211626,0,21180,10.000094429598,232788
ORD00778,CUST0132,FnB Surabaya,Fajar Yulianto,2024-07-27,17:14:08,Debit Card,WEEKEND SPECIAL,136296,26935,11043,8.039341302543,147253
ORD00779,CUST0198,FnB Semarang,Eko Puspita,2024-12-03,13:11:27,qris,NULL,77437,0,7766,10.000000000000,85180
ORD00780,CUST0169,FnB Semarang,Lina Pratama,2024-07-20,12:11:10,cash,PROMO10,272022,0,24691,10.000081001830,299224
ORD00781,CUST0124,FnB Jakarta Selatan,Maya Handayani,2024-12-02,17:41:55,Credit Card,PROMO20,93534,0,7232,10.000691419484,102888
ORD00782,CUST0017,FnB Surabaya,Fitri Prasetyo,2023-11-14,20:43:29,GoPay,NULL,154579,10965,14388,9.291692498450,168942
ORD00783,CUST0163,FnB Bandung,Fajar Kurniawan,2023-01-27,12:47:40,Tunai,PROMO10,163998,15919,14812,9.029504998780,178806
ORD00784,CUST0136,FnB Makassar,Siti Pratama,2024-11-14,19:07:50,Tunai,BUY1GET1,52098,1546,5055,9.702867672463,57152
ORD00785,CUST0028,FnB Medan,Fajar Kurniawan,2024-04-08,08:09:00,Tunai,BUY1GET1,177124,22010,15530,8.758621856512,192637
ORD00786,CUST0021,FnB Surabaya,Siti Kusuma,2024-08-15,20:18:02,Qris,NULL,328948,0,32899,9.999939208248,361842
ORD00787,CUST0178,FnB Jakarta Pusat,Siti Pratama,2023-12-22,17:23:16,Tunai,PROMO20,304727,0,29333,9.999897727156,335199
ORD00788,CUST0157,FnB Surabaya,Wati Suryani,2023-04-09,12:26:01,Qris,NONE,325471,17705,30777,9.456142021869,356247
ORD00789,CUST0162,FnB Jakarta Pusat,Hadi Handayani,2023-07-11,20:15:11,QRIS,WEEKEND SPECIAL,242369,41300,20234,8.304841960097,262497
ORD00790,CUST0173,FnB Jakarta Barat,Zahra Hidayat,2024-05-30,20:57:17,Cash,NULL,34942,0,2430,10.002058036633,38436
ORD00791,CUST0132,FnB Jakarta Pusat,Fajar Yulianto,2023-11-21,21:53:59,QR Code,-,173567,7559,16610,9.564776745096,190168
ORD00792,CUST0120,FnB Semarang,Bagus Lestari,2023-06-10,12:02:09,gopay,WEEKEND SPECIAL,152735,24116,12862,8.421121550397,165596
ORD00793,CUST0103,FnB Jakarta Selatan,Hadi Handayani,2024-11-14,17:21:59,shopeepay,NONE,129175,0,11782,10.000254632183,142092
ORD00794,CUST0075,FnB Bandung,Wati Suryani,2023-07-31,11:46:41,Gopay,PROMO10,156544,10341,13414,9.284394271831,171078
ORD00795,CUST0105,FnB Denpasar,Hadi Handayani,2024-03-11,19:39:32,GoPay,PROMO10,300759,42766,25005,8.539492377465,326442
ORD00796,CUST0162,FnB Jakarta Selatan,Rian Suryani,2023-07-26,18:48:59,debit card,-,30547,0,3055,10.000982093167,33601
ORD00797,CUST0137,FnB Surabaya,Siti Kusuma,2024-08-16,18:43:18,qris,NULL,424522,0,42452,9.999952888189,466973
ORD00798,CUST0173,FnB Bandung,Wati Suryani,2023-08-26,19:17:29,QR Code,NULL,485413,0,44770,9.999932991291,533953
ORD00799,CUST0109,FnB Jakarta Pusat,Hadi Handayani,2024-03-09,13:20:14,gopay,NULL,65237,0,6524,10.000459861734,71760
ORD00800,CUST0138,FnB Yogyakarta,Fajar Yulianto,2024-06-15,19:34:24,Kartu Kredit,-,102952,0,10295,9.999805734711,113246
ORD00801,CUST0147,FnB Jakarta Pusat,Fitri Prasetyo,2023-03-04,12:09:29,QRIS,NULL,87921,0,8792,9.999886261530,96712
ORD00802,CUST0133,FnB Bandung,Yusuf Handayani,2024-02-15,19:25:02,GoPay,BUY1GET1,95506,0,9564,10.000522821142,105057
ORD00803,CUST0162,FnB Surabaya,Gilang Anggraini,2023-12-21,19:05:13,Kartu Kredit,NULL,110010,9391,10102,9.149450688790,120075
ORD00804,CUST0061,FnB Medan,Agus Wahyuni,2024-03-26,14:43:29,gopay,NULL,169002,0,12816,9.999687899878,185901
ORD00805,CUST0120,FnB Medan,Siti Pratama,2023-08-12,17:48:18,CASH,WEEKEND SPECIAL,169622,0,17486,10.000228759665,186584
ORD00806,CUST0024,FnB Jakarta Selatan,Joko Kusumo,2024-06-05,11:06:25,Kartu Debit,NULL,97651,0,9765,9.999897594494,107415
ORD00807,CUST0091,FnB Jakarta Pusat,Agus Wahyuni,2024-10-02,19:49:47,QRIS,WEEKEND SPECIAL,297281,0,29490,9.999966090315,327008
ORD00808,CUST0117,FnB Semarang,Siti Pratama,2024-08-03,19:20:49,shopeepay,PROMO10,410434,8096,38991,9.796561367011,450642
ORD00809,CUST0154,FnB Surabaya,Lina Pratama,2023-02-02,20:14:54,QRIS,MEMBER DISC,380704,54875,32599,8.559290659847,413289
ORD00810,CUST0187,FnB Makassar,Bagus Lestari,2023-12-21,09:25:18,QR Code,NULL,96767,0,9788,10.000000000000,106443
ORD00811,CUST0137,FnB Yogyakarta,Bagus Lestari,2024-05-27,17:24:37,Debit,NONE,218920,6095,17676,9.666517188200,240081
ORD00812,CUST0162,FnB Makassar,Fajar Wahyuni,2023-07-08,18:39:39,credit card,PROMO10,382116,0,38259,10.000026137709,420327
ORD00813,CUST0120,FnB Bandung,Reza Puspita,2024-12-24,12:39:15,Debit Card,WEEKEND SPECIAL,94075,7935,7357,9.026440095699,102566
ORD00814,CUST0147,FnB Jakarta Barat,Maya Handayani,2023-04-29,13:56:50,Tunai,MEMBER DISC,39224,3277,3595,9.165306954925,42818
ORD00815,CUST0018,FnB Yogyakarta,Bagus Lestari,2024-05-06,18:11:30,qris,NULL,165370,0,16545,10.000060441586,181907
ORD00816,CUST0066,FnB Bandung,Agus Permata,2024-08-02,11:13:36,GoPay,NULL,301548,0,28872,9.999965364486,331702
ORD00817,CUST0086,FnB Jakarta Selatan,Fajar Yulianto,2024-06-10,19:11:29,qris,MEMBER DISC,387276,24126,33850,9.334737910342,423427
ORD00818,CUST0114,FnB Makassar,Fajar Yulianto,2024-02-21,21:10:15,Debit Card,NONE,164797,0,13910,9.999784332473,181276
ORD00819,CUST0012,FnB Makassar,Zahra Hidayat,2023-01-08,20:55:33,QRIS,NULL,430072,0,36822,9.999864213456,473078
ORD00820,CUST0034,FnB Bandung,Eko Puspita,2024-12-03,15:07:45,OVO,NONE,30547,0,3055,10.000982093167,33601
ORD00821,CUST0068,FnB Jakarta Pusat,Yusuf Handayani,2024-01-15,17:18:51,gopay,BUY1GET1,124395,22846,10171,8.166001621799,134553
ORD00822,CUST0192,FnB Bandung,Joko Kusumo,2023-03-17,17:06:09,QRIS,NULL,209657,0,20966,10.000143090857,230622
ORD00823,CUST0078,FnB Yogyakarta,Hadi Handayani,2023-09-25,13:21:09,gopay,NONE,144521,0,14947,10.000200713200,158973
ORD00824,CUST0115,FnB Denpasar,Maya Permata,2023-01-28,13:04:29,ovo,NULL,353207,0,35348,9.999915130289,388527
ORD00825,CUST0049,FnB Jakarta Selatan,Maya Permata,2023-08-17,12:21:50,GoPay,NONE,343389,0,34339,10.000029121491,377727
ORD00826,CUST0139,FnB Jakarta Pusat,Maya Permata,2023-10-29,09:33:18,Qris,WEEKEND SPECIAL,238420,21976,17804,8.901465912045,259642
ORD00827,CUST0069,FnB Makassar,Siti Pratama,2024-08-14,13:10:36,Qris,WEEKEND SPECIAL,251642,0,25164,9.999920522011,276805
ORD00828,CUST0055,FnB Bandung,Bagus Lestari,2024-02-28,13:08:09,credit card,-,193787,0,19385,10.000051586544,213165
ORD00829,CUST0120,FnB Surabaya,Gilang Anggraini,2024-06-02,11:37:19,credit card,NULL,193652,0,19365,9.999896721954,213016
ORD00830,CUST0004,FnB Palembang,Siti Pratama,2024-08-18,18:22:41,Cash,NULL,113914,0,11391,9.999648857910,125304
ORD00831,CUST0005,FnB Jakarta Pusat,Siti Pratama,2023-11-13,14:41:10,Debit,BUY1GET1,58109,3917,5472,9.331832600020,63531
ORD00832,CUST0059,FnB Medan,Sinta Santoso,2023-05-17,11:21:14,ovo,NULL,151235,0,13918,9.999856303257,166358
ORD00833,CUST0009,FnB Jakarta Pusat,Fajar Yulianto,2024-04-18,19:31:29,qris,NULL,215492,18166,19756,9.157913278881,235226
ORD00834,CUST0024,FnB Jakarta Barat,Siti Kusuma,2024-04-23,19:42:02,Debit Card,-,343372,0,30702,9.999967428938,377709
ORD00835,CUST0078,FnB Yogyakarta,Siti Kusuma,2024-06-13,13:54:47,QRIS,NULL,282379,0,25782,9.999922427100,310616
ORD00836,CUST0162,FnB Bandung,Reza Puspita,2023-07-14,13:11:44,OVO,PROMO20,284778,16528,23090,9.332007695167,311353
ORD00837,CUST0132,FnB Palembang,Yusuf Handayani,2024-11-24,13:17:35,OVO,NULL,198768,8384,19038,9.578000482975,217805
ORD00838,CUST0120,FnB Surabaya,Maya Handayani,2023-02-13,17:13:14,qris,-,171730,0,15916,10.000000000000,188903
ORD00839,CUST0072,FnB Jakarta Barat,Hadi Handayani,2024-02-04,13:04:12,QR Code,PROMO20,183761,13355,17041,9.273458459629,200801
ORD00840,CUST0182,FnB Jakarta Selatan,Sinta Santoso,2024-06-15,13:13:38,QR Code,NULL,302954,0,29154,10.000102902890,333249
ORD00841,CUST0094,FnB Jakarta Barat,Eko Puspita,2024-10-10,20:49:41,Debit Card,WEEKEND SPECIAL,293690,40322,22587,8.485133079133,318609
ORD00842,CUST0020,FnB Jakarta Barat,Maya Permata,2024-06-18,20:40:11,QR Code,NULL,140342,8735,13161,9.377805646207,153502
ORD00843,CUST0141,FnB Jakarta Pusat,Agus Wahyuni,2024-08-18,13:15:21,QR Code,BUY1GET1,505230,71904,43335,8.576874205844,548562
ORD00844,CUST0025,FnB Jakarta Barat,Gilang Anggraini,2023-12-18,11:31:00,Kartu Kredit,NULL,370030,0,37033,10.000108012939,407033
ORD00845,CUST0078,FnB Bandung,Intan Pratama,2024-08-28,12:43:19,QR Code,PROMO20,88533,4924,8332,9.441787729755,96892
ORD00846,CUST0120,FnB Semarang,Gilang Anggraini,2023-03-10,11:48:14,Tunai,NULL,272621,0,27278,10.000073319695,299883
ORD00847,CUST0173,FnB Medan,Fajar Kurniawan,2024-10-27,12:59:39,Qris,NULL,123289,0,12398,10.000403307118,135618
ORD00848,CUST0118,FnB Semarang,Intan Pratama,2024-02-10,19:10:54,qris,NULL,457764,0,44493,9.999955049310,503540
ORD00849,CUST0162,FnB Jakarta Pusat,Siti Kusuma,2024-08-30,20:49:46,CASH,NULL,70905,0,6242,9.999839797504,77995
ORD00850,CUST0197,FnB Jakarta Selatan,Agus Wahyuni,2024-11-12,12:46:22,Qris,PROMO20,179033,9529,17123,9.472833994434,195992
ORD00851,CUST0031,FnB Medan,Eko Puspita,2024-08-27,07:48:25,Gopay,NULL,59496,0,6002,10.000000000000,65445
ORD00852,CUST0067,FnB Bandung,Gilang Anggraini,2024-01-22,19:17:01,Tunai,NULL,207106,0,19565,9.999948888582,227816
ORD00853,CUST0094,FnB Jakarta Pusat,Lina Pratama,2024-06-30,12:01:20,GoPay,NULL,264059,11251,25281,9.573996720429,289339
ORD00854,CUST0101,FnB Yogyakarta,Tuti Wijaya,2023-03-11,16:32:28,QR Code,NULL,284047,23818,24961,9.128844676882,309977
ORD00855,CUST0098,FnB Yogyakarta,Siti Wahyuni,2023-02-21,12:46:37,GoPay,NULL,457821,22322,42294,9.498741182098,501308
ORD00856,CUST0175,FnB Surabaya,Lina Pratama,2023-07-11,20:15:17,QRIS,NONE,384645,0,37208,10.000134381509,423110
ORD00857,CUST0162,FnB Jakarta Pusat,Rian Suryani,2023-07-16,12:28:59,Debit Card,NULL,178325,0,18043,10.000000000000,196157
ORD00858,CUST0138,FnB Yogyakarta,Zahra Hidayat,2024-10-11,13:26:52,QR Code,NULL,91466,0,9147,10.000437320971,100612
ORD00859,CUST0075,FnB Surabaya,Reza Puspita,2023-07-15,20:15:20,Ovo,NULL,235163,0,23527,9.999957495823,258679
ORD00860,CUST0162,FnB Yogyakarta,Siti Kusuma,2024-12-18,18:49:49,Debit,BUY1GET1,106738,12030,9471,8.873128595251,116208
ORD00861,CUST0187,FnB Semarang,Fajar Kurniawan,2023-09-15,18:11:20,cash,NULL,102651,9480,9244,9.069502766767,111960
ORD00862,CUST0162,FnB Yogyakarta,Fajar Wahyuni,2023-07-11,13:59:01,Qris,NULL,231134,0,18870,10.000211981176,254247
ORD00863,CUST0001,FnB Surabaya,Joko Kusumo,2024-09-20,20:33:03,Tunai,PROMO10,259643,14917,20702,9.328040444638,283862
ORD00864,CUST0150,FnB Jakarta Pusat,Wati Suryani,2024-05-10,15:55:51,Ovo,NULL,246548,0,24680,10.000202597297,271203
ORD00865,CUST0012,FnB Medan,Reza Puspita,2023-12-31,17:36:05,QR Code,NULL,244407,0,21004,9.999761955771,268847
ORD00866,CUST0066,FnB Medan,Siti Kusuma,2024-07-21,20:39:41,gopay,NULL,95976,0,9654,10.000207172305,105573
ORD00867,CUST0017,FnB Semarang,Lina Pratama,2024-06-22,14:28:56,ShopeePay,NONE,369431,0,37100,10.000107817874,406374
ORD00868,CUST0137,FnB Jakarta Selatan,Fitri Prasetyo,2024-06-24,13:21:29,ShopeePay,MEMBER DISC,318740,48941,26982,8.464675618019,345720
ORD00869,CUST0162,FnB Jakarta Selatan,Joko Kusumo,2024-12-29,12:01:00,Kartu Debit,NULL,60581,0,6078,9.999341932087,66638
ORD00870,CUST0027,FnB Denpasar,Maya Permata,2024-12-17,19:34:29,QR Code,NULL,279954,0,24842,9.999838984961,307948
ORD00871,CUST0091,FnB Semarang,Reza Puspita,2024-05-04,18:55:36,Credit Card,NONE,328131,0,31452,10.000063589365,360944
ORD00872,CUST0109,FnB Denpasar,Agus Wahyuni,2024-02-23,13:38:54,qris,NULL,490607,26801,46388,9.453742123240,536987
ORD00873,CUST0088,FnB Semarang,Siti Pratama,2024-05-26,12:59:14,CASH,BUY1GET1,479032,88856,39086,8.147703442439,518062
ORD00874,CUST0028,FnB Surabaya,Intan Pratama,2023-03-04,10:59:58,Credit Card,NULL,333500,0,33622,9.999970257657,366849
ORD00875,CUST0101,FnB Medan,Agus Permata,2023-01-26,12:01:28,Qris,NULL,198532,0,16474,9.999939298656,218385
ORD00876,CUST0162,FnB Makassar,Joko Kusumo,2023-07-18,20:12:13,Ovo,NULL,141278,0,14132,9.999929239108,155405
ORD00877,CUST0018,FnB Surabaya,Intan Pratama,2024-05-10,11:07:31,QRIS,NULL,196466,0,15876,10.000251958981,216113
ORD00878,CUST0018,FnB Medan,Fitri Prasetyo,2024-10-08,11:51:32,Gopay,-,235228,0,23531,10.000042497312,258750
ORD00879,CUST0082,FnB Jakarta Selatan,Hadi Handayani,2024-06-27,12:51:26,Qris,BUY1GET1,248735,25562,22320,8.972323276988,271052
ORD00880,CUST0187,FnB Bandung,Siti Pratama,2024-07-07,13:54:41,QRIS,NULL,225709,0,22771,10.000043915699,248279
ORD00881,CUST0156,FnB Semarang,Gilang Anggraini,2023-11-18,07:17:46,QRIS,MEMBER DISC,314492,28670,28634,9.089985587576,343079
ORD00882,CUST0160,FnB Jakarta Selatan,Agus Permata,2023-09-22,11:08:33,credit card,NULL,330972,29382,26534,9.002938322374,360769
ORD00883,CUST0086,FnB Jakarta Selatan,Rian Suryani,2023-10-10,18:55:47,Tunai,NONE,41236,0,4254,10.001175502527,45360
ORD00884,CUST0134,FnB Jakarta Barat,Eko Puspita,2024-12-25,18:59:33,credit card,WEEKEND SPECIAL,265688,49824,21586,8.124567161482,287273
ORD00885,CUST0006,FnB Jakarta Selatan,Lina Pratama,2023-02-03,11:50:10,shopeepay,NONE,194223,0,19443,9.999794274663,213644
ORD00886,CUST0150,FnB Jakarta Selatan,Joko Kusumo,2024-10-07,11:39:20,CASH,NULL,271777,0,27267,10.000036674502,298954
ORD00887,CUST0178,FnB Bandung,Wati Suryani,2024-03-09,11:58:26,Cash,NULL,119277,0,11928,10.000251515380,131204
ORD00888,CUST0139,FnB Denpasar,Fajar Yulianto,2023-11-26,11:22:57,Tunai,NONE,285545,0,28565,9.999894977472,314099
ORD00889,CUST0173,FnB Surabaya,Hadi Handayani,2024-06-25,20:54:57,QR Code,NULL,39865,2477,2482,9.093240520241,43490
ORD00890,CUST0162,FnB Jakarta Selatan,Gilang Anggraini,2023-12-24,12:57:57,debit card,WEEKEND SPECIAL,212893,40200,17269,8.111586571658,230161
ORD00891,CUST0028,FnB Jakarta Pusat,Tuti Wijaya,2024-10-12,17:45:06,Qris,MEMBER DISC,222336,28806,19353,8.704393350604,241688
ORD00892,CUST0174,FnB Semarang,Siti Wahyuni,2024-11-01,09:14:42,qris,NULL,244087,8240,23585,9.662538357225,267671
ORD00893,CUST0018,FnB Bandung,Agus Wahyuni,2024-04-18,12:11:46,gopay,PROMO10,158276,12571,14570,9.205438600924,172845
ORD00894,CUST0128,FnB Yogyakarta,Reza Puspita,2024-09-07,09:20:27,QR Code,MEMBER DISC,206556,14737,19192,9.286975877670,225738
ORD00895,CUST0035,FnB Medan,Zahra Hidayat,2024-03-20,20:40:03,qris,WEEKEND SPECIAL,218731,24532,19422,8.878669159630,238151
ORD00896,CUST0006,FnB Yogyakarta,Agus Permata,2024-11-09,10:10:25,GoPay,NULL,172150,0,17283,10.000173583988,189365
ORD00897,CUST0101,FnB Jakarta Selatan,Siti Pratama,2023-06-16,20:28:13,QR Code,PROMO20,146936,19074,11529,8.580295610496,159543
ORD00898,CUST0072,FnB Semarang,Bagus Lestari,2024-04-13,19:21:57,Qris,BUY1GET1,183230,17431,15536,8.991261068348,199704
ORD00899,CUST0117,FnB Jakarta Selatan,Sinta Santoso,2024-04-20,19:48:33,Qris,NONE,179031,0,17998,10.000222251855,196934
ORD00900,CUST0132,FnB Denpasar,Gilang Anggraini,2024-06-30,09:06:14,Qris,PROMO10,89806,0,8987,9.999777461278,98786
ORD00901,CUST0012,FnB Medan,Tuti Wijaya,2023-04-20,12:19:28,ShopeePay,NULL,142815,0,14329,9.999790638761,157096
ORD00902,CUST0028,FnB Jakarta Barat,Intan Pratama,2024-06-19,21:32:12,QRIS,BUY1GET1,246527,41701,19109,8.208685940117,266763
ORD00903,CUST0132,FnB Jakarta Selatan,Wati Suryani,2024-11-06,19:33:38,CASH,NONE,166293,5067,16164,9.695995393142,182416
ORD00904,CUST0078,FnB Jakarta Selatan,Siti Kusuma,2023-05-26,12:34:14,gopay,BUY1GET1,138500,19339,9979,8.376633733179,150101
ORD00905,CUST0162,FnB Semarang,Siti Pratama,2023-07-04,11:40:40,Kartu Kredit,NULL,152115,5380,13675,9.621676388019,166751
ORD00906,CUST0154,FnB Jakarta Selatan,Yusuf Handayani,2024-12-15,20:54:12,GoPay,NONE,36097,3264,3283,9.094938637559,39379
ORD00907,CUST0165,FnB Surabaya,Joko Kusumo,2023-05-27,14:20:08,QR Code,NULL,310938,0,31112,10.000128569408,342032
ORD00908,CUST0162,FnB Jakarta Selatan,Maya Handayani,2024-09-28,19:13:59,Gopay,NULL,254353,0,20565,10.000145881048,279788
ORD00909,CUST0103,FnB Medan,Fajar Kurniawan,2024-11-18,12:52:10,Credit Card,NULL,314349,0,31435,10.000031811776,345783
ORD00910,CUST0159,FnB Yogyakarta,Intan Pratama,2023-07-11,11:15:53,GoPay,PROMO10,133851,16102,11775,8.797095277584,145625
ORD00911,CUST0067,FnB Yogyakarta,Agus Permata,2024-10-10,13:37:43,qris,NULL,300334,0,30033,9.999866814946,330366
ORD00912,CUST0074,FnB Yogyakarta,Lina Pratama,2023-12-01,07:40:07,Tunai,NULL,211247,0,21130,10.000094653049,232371
ORD00913,CUST0162,FnB Jakarta Selatan,Gilang Anggraini,2024-01-13,12:19:52,Debit Card,NONE,299533,0,29992,10.000033342335,329486
ORD00914,CUST0109,FnB Jakarta Pusat,Maya Handayani,2024-02-22,07:24:53,Kartu Debit,NULL,321551,22092,28074,9.270425381562,351360
ORD00915,CUST0162,FnB Semarang,Bagus Lestari,2024-03-20,20:48:18,OVO,MEMBER DISC,66234,4671,4899,9.129025044722,72280
ORD00916,CUST0162,FnB Jakarta Barat,Fajar Yulianto,2023-07-04,13:31:53,Debit Card,-,106952,0,10726,9.999533864727,117646
ORD00917,CUST0169,FnB Bandung,Gilang Anggraini,2024-03-16,11:53:46,Shopeepay,NULL,275560,0,27561,9.999854869491,303115
ORD00918,CUST0178,FnB Jakarta Pusat,Siti Kusuma,2024-12-14,19:22:05,Gopay,MEMBER DISC,287142,0,28715,9.999895526078,315855
ORD00919,CUST0104,FnB Jakarta Selatan,Reza Puspita,2024-08-15,12:42:17,Tunai,NULL,251005,0,25300,9.999802375447,276105
ORD00920,CUST0077,FnB Jakarta Pusat,Fajar Yulianto,2024-05-09,20:02:38,Tunai,BUY1GET1,423444,73893,31262,8.088151590102,457692
ORD00921,CUST0132,FnB Makassar,Hadi Handayani,2023-09-13,10:23:37,Debit Card,WEEKEND SPECIAL,88737,14734,7477,8.354003262496,96150
ORD00922,CUST0088,FnB Jakarta Selatan,Joko Kusumo,2024-07-29,12:54:29,Kartu Kredit,PROMO10,35482,3117,3236,9.120117242545,38717
ORD00923,CUST0137,FnB Surabaya,Gilang Anggraini,2024-06-14,17:13:36,OVO,PROMO10,484971,32040,45343,9.340040249737,530267
ORD00924,CUST0162,FnB Jakarta Pusat,Agus Wahyuni,2024-12-14,18:29:54,Qris,NULL,148673,0,15120,10.000132276881,163540
ORD00925,CUST0162,FnB Medan,Siti Pratama,2023-12-06,10:17:28,ovo,MEMBER DISC,324673,30174,28300,9.036654330409,354012
ORD00926,CUST0088,FnB Jakarta Barat,Yusuf Handayani,2023-07-03,09:13:35,Gopay,PROMO20,196191,25517,17124,8.703165341844,213265
ORD00927,CUST0040,FnB Denpasar,Zahra Hidayat,2023-05-06,19:52:11,Ovo,NULL,266190,0,26619,10.000000000000,292809
ORD00928,CUST0103,FnB Makassar,Siti Pratama,2024-11-22,12:06:58,Debit Card,NULL,113382,0,11418,10.000175165093,124720
ORD00929,CUST0035,FnB Jakarta Barat,Fitri Prasetyo,2024-01-17,20:12:16,gopay,PROMO10,273263,0,25260,9.999920824063,300589
ORD00930,CUST0173,FnB Denpasar,Fitri Prasetyo,2023-09-15,19:10:10,Gopay,NULL,396972,0,38421,10.000026027500,436669
ORD00931,CUST0078,FnB Palembang,Reza Puspita,2024-09-08,18:41:35,QRIS,NULL,164127,0,15725,10.000063593409,180539
ORD00932,CUST0036,FnB Yogyakarta,Fajar Yulianto,2023-11-21,11:45:38,qris,PROMO10,107810,12821,9670,8.829356926982,117328
ORD00933,CUST0008,FnB Makassar,Agus Permata,2024-12-01,20:08:58,ovo,NULL,248446,0,18714,9.999732827486,273289
ORD00934,CUST0153,FnB Jakarta Selatan,Reza Puspita,2024-05-19,11:28:52,cash,WEEKEND SPECIAL,74685,5728,6900,9.233610341643,81581
ORD00935,CUST0150,FnB Surabaya,Maya Permata,2024-06-13,18:15:56,CASH,MEMBER DISC,102559,0,10260,9.999902535063,112814
ORD00936,CUST0078,FnB Jakarta Pusat,Wati Suryani,2023-05-17,11:54:39,qris,NULL,199394,0,19939,9.999799392158,219332
ORD00937,CUST0018,FnB Jakarta Pusat,Tuti Wijaya,2024-05-01,20:40:36,Gopay,BUY1GET1,260669,46030,21282,8.221813573989,282100
ORD00938,CUST0098,FnB Palembang,Maya Permata,2023-01-30,11:27:23,ovo,-,124766,0,12609,9.999841385654,137242
ORD00939,CUST0075,FnB Jakarta Barat,Tuti Wijaya,2024-07-03,13:08:20,qris,NULL,324420,0,30320,9.999967018578,356861
ORD00940,CUST0160,FnB Semarang,Tuti Wijaya,2024-05-14,13:45:30,gopay,NULL,233147,0,23383,9.999957234070,256461
ORD00941,CUST0138,FnB Yogyakarta,Siti Pratama,2024-06-30,17:29:39,qris,-,172146,0,17215,10.000232360902,189360
ORD00942,CUST0088,FnB Makassar,Intan Pratama,2024-09-20,17:57:22,QR Code,NULL,84010,0,8456,9.999763487145,92410
ORD00943,CUST0059,FnB Palembang,Lina Pratama,2024-08-22,13:17:36,qris,NULL,226817,0,18941,9.999894410069,249498
ORD00944,CUST0196,FnB Jakarta Selatan,Fajar Yulianto,2024-03-14,18:25:13,QRIS,-,206946,0,20775,9.999951865454,227640
ORD00945,CUST0109,FnB Jakarta Pusat,Yusuf Handayani,2024-10-08,13:51:56,credit card,BUY1GET1,155664,11984,14368,9.230136704697,170031
ORD00946,CUST0162,FnB Bandung,Tuti Wijaya,2023-07-13,16:03:45,OVO,NONE,185311,13123,17274,9.293942312348,202533
ORD00947,CUST0034,FnB Jakarta Pusat,Maya Handayani,2024-12-12,18:46:12,QRIS,NONE,204435,0,20469,9.999951145873,224878
ORD00948,CUST0117,FnB Jakarta Pusat,Wati Suryani,2023-07-27,19:05:06,qris,NULL,312193,0,30665,9.999934779489,343412
ORD00949,CUST0008,FnB Jakarta Barat,Eko Puspita,2024-12-02,18:54:21,QR Code,NONE,26369,0,2637,10.000379233190,29005
ORD00950,CUST0120,FnB Yogyakarta,Intan Pratama,2024-01-27,14:05:11,Qris,NULL,188685,0,16522,10.000242107301,207553
ORD00951,CUST0188,FnB Surabaya,Siti Pratama,2024-11-25,11:33:16,qris,NULL,505069,48941,45668,9.032133017679,550687
ORD00952,CUST0091,FnB Jakarta Barat,Rian Suryani,2024-03-21,11:33:00,OVO,BUY1GET1,277567,31222,19915,8.644638717910,301561
ORD00953,CUST0011,FnB Medan,Wati Suryani,2023-04-13,09:12:40,Tunai,NULL,243806,0,21236,10.000000000000,268186
ORD00954,CUST0008,FnB Jakarta Selatan,Hadi Handayani,2024-11-21,18:57:28,debit card,NULL,136912,8700,12721,9.359732768261,149726
ORD00955,CUST0093,FnB Jakarta Pusat,Agus Permata,2024-11-23,11:59:34,GoPay,BUY1GET1,62803,10000,6504,9.999385031670,69082
ORD00956,CUST0039,FnB Yogyakarta,Agus Wahyuni,2023-08-30,13:11:37,OVO,NONE,246060,0,24756,9.999878818724,270665
ORD00957,CUST0007,FnB Medan,Fajar Wahyuni,2024-01-07,21:21:29,Debit Card,PROMO20,234686,14337,17106,9.226487451523,256339
ORD00958,CUST0162,FnB Yogyakarta,Bagus Lestari,2023-07-26,17:21:15,credit card,NONE,279839,0,28000,9.999928571938,307822
ORD00959,CUST0110,FnB Jakarta Pusat,Fajar Wahyuni,2023-05-03,11:58:58,qris,PROMO20,280226,0,27392,10.000000000000,308248
ORD00960,CUST0071,FnB Makassar,Maya Handayani,2024-12-24,16:36:44,Debit Card,BUY1GET1,437262,57995,31715,8.454041893022,474228
ORD00961,CUST0173,FnB Medan,Tuti Wijaya,2024-12-12,11:28:48,Kartu Debit,NONE,355178,0,35521,9.999887391825,390695
ORD00962,CUST0028,FnB Surabaya,Eko Puspita,2023-01-05,11:31:06,QR Code,PROMO10,246582,0,23480,9.999914821849,271239
ORD00963,CUST0187,FnB Medan,Joko Kusumo,2024-12-04,19:49:43,QR Code,WEEKEND SPECIAL,318852,0,32385,9.999938243395,350737
ORD00964,CUST0075,FnB Makassar,Fajar Wahyuni,2024-04-26,13:47:57,Kartu Kredit,NULL,207169,0,19560,10.000051125005,227886
ORD00965,CUST0173,FnB Surabaya,Fitri Prasetyo,2024-10-08,17:19:24,debit card,MEMBER DISC,351876,57254,23428,8.036250252976,380153
ORD00966,CUST0137,FnB Surabaya,Eko Puspita,2024-06-02,17:58:13,QRIS,MEMBER DISC,23413,3642,1977,8.444026822705,25389
ORD00967,CUST0162,FnB Palembang,Yusuf Handayani,2024-01-14,11:31:13,CASH,NULL,190051,0,19031,10.000000000000,209056
ORD00968,CUST0195,FnB Semarang,Joko Kusumo,2023-12-25,08:59:18,Debit Card,NULL,183620,0,17187,10.000058183849,201982
ORD00969,CUST0071,FnB Bandung,Fitri Prasetyo,2024-05-16,20:14:23,CASH,MEMBER DISC,199506,20019,18061,9.002143248766,217465
ORD00970,CUST0188,FnB Semarang,Agus Permata,2023-04-26,19:56:59,ovo,NULL,123681,0,12545,10.000079713668,136049
ORD00971,CUST0094,FnB Bandung,Gilang Anggraini,2023-01-25,17:26:52,Qris,NULL,74016,0,7402,10.000540423692,81417
ORD00972,CUST0093,FnB Jakarta Selatan,Fajar Kurniawan,2023-08-24,11:40:44,Qris,NULL,280102,0,28051,10.000142599445,308112
ORD00973,CUST0078,FnB Surabaya,Lina Pratama,2024-06-12,11:07:10,QR Code,NULL,237981,19749,19432,9.077616611776,259584
ORD00974,CUST0130,FnB Denpasar,Intan Pratama,2023-06-10,13:16:43,ovo,NULL,283887,0,26402,10.000037876061,312275
ORD00975,CUST0036,FnB Denpasar,Agus Wahyuni,2024-05-21,13:16:06,gopay,PROMO10,94229,11581,8310,8.776932826362,102499
ORD00976,CUST0132,FnB Jakarta Barat,Maya Handayani,2024-12-15,13:02:30,Gopay,NULL,210180,0,20834,10.000000000000,231198
ORD00977,CUST0130,FnB Surabaya,Rian Suryani,2023-03-21,13:51:04,QRIS,NULL,366238,0,31741,9.999873981613,402861
ORD00978,CUST0162,FnB Jakarta Selatan,Zahra Hidayat,2024-05-20,17:42:59,Qris,PROMO20,305412,0,30547,10.000065473306,335953
ORD00979,CUST0163,FnB Palembang,Fajar Wahyuni,2023-11-30,11:09:21,debit card,NONE,82755,0,8291,10.000241231244,91030
ORD00980,CUST0108,FnB Palembang,Siti Pratama,2024-10-08,13:03:25,Gopay,NULL,152183,0,15420,9.999870299996,167401
ORD00981,CUST0073,FnB Medan,Maya Handayani,2023-05-24,11:21:42,Qris,BUY1GET1,322029,0,32333,10.000061856690,354232
ORD00982,CUST0066,FnB Yogyakarta,Siti Wahyuni,2024-07-27,18:35:20,QR Code,NULL,152435,12199,12739,9.126142648365,166346
ORD00983,CUST0049,FnB Semarang,Siti Kusuma,2024-09-15,18:46:59,Cash,PROMO10,347863,0,32664,9.999877542523,382648
ORD00984,CUST0014,FnB Surabaya,Hadi Handayani,2024-11-30,11:36:03,QRIS,NULL,372187,8548,25755,9.678619476742,408209
ORD00985,CUST0078,FnB Jakarta Pusat,Siti Wahyuni,2024-05-28,17:01:41,gopay,NULL,264870,7852,25763,9.704382284031,290573
ORD00986,CUST0066,FnB Bandung,Joko Kusumo,2024-07-30,20:28:58,Ovo,MEMBER DISC,375038,38792,31871,8.914840351883,408472
ORD00987,CUST0190,FnB Medan,Fajar Yulianto,2024-04-09,13:29:30,gopay,PROMO20,232597,0,23870,10.000167577169,255857
ORD00988,CUST0132,FnB Medan,Tuti Wijaya,2024-10-08,12:40:46,OVO,PROMO20,241789,43601,18644,8.104606984811,261385
ORD00989,CUST0079,FnB Jakarta Barat,Intan Pratama,2024-03-02,20:51:19,Tunai,NULL,368146,0,35078,9.999885969713,404960
ORD00990,CUST0132,FnB Denpasar,Tuti Wijaya,2023-09-14,09:53:40,Tunai,-,158819,0,12111,10.000082570246,174701
ORD00991,CUST0034,FnB Jakarta Selatan,Eko Puspita,2024-11-21,20:24:29,QR Code,PROMO10,256246,40850,21543,8.405974668529,277785
ORD00992,CUST0109,FnB Surabaya,Joko Kusumo,2024-06-02,18:15:13,Qris,MEMBER DISC,382447,20835,33649,9.416996434588,418462
ORD00993,CUST0144,FnB Semarang,Lina Pratama,2024-08-12,15:55:48,qris,-,184178,12493,17224,9.323878092350,201350
ORD00994,CUST0117,FnB Semarang,Agus Wahyuni,2023-06-19,12:06:34,Gopay,MEMBER DISC,140121,20272,10730,8.410870638771,151906
ORD00995,CUST0096,FnB Medan,Fajar Yulianto,2024-05-10,11:21:35,credit card,NONE,118854,8931,11112,9.255757777685,129854
ORD00996,CUST0198,FnB Jakarta Selatan,Eko Puspita,2024-12-16,07:44:13,Tunai,BUY1GET1,259340,33127,20161,8.588687861838,281613
ORD00997,CUST0173,FnB Jakarta Selatan,Zahra Hidayat,2024-05-05,18:09:26,qris,NULL,214404,17537,19718,9.183036670671,234092
ORD00998,CUST0144,FnB Medan,Sinta Santoso,2024-07-31,17:43:06,qris,NONE,381110,0,31847,10.000062800658,419221
ORD00999,CUST0132,FnB Surabaya,Wati Suryani,2024-05-10,11:20:59,GoPay,NULL,292448,19454,27350,9.336064174773,319751
ORD01000,CUST0144,FnB Jakarta Selatan,Agus Permata,2024-12-31,11:23:39,OVO,-,277369,18987,25855,9.315908566816,303208
