sales_detail_id,order_id,product_id,quantity,unit_price,discount,line_total
D0000001,O000001,P014,3,6500,0,19500
D0000002,O000001,P010,3,5500,10,14850
D0000003,O000002,P007,3,18000,5,51300
D0000004,O000002,P017,1,4500,10,4050
D0000005,O000002,P011,1,11500,0,11500
D0000006,O000003,P005,1,8500,10,7650
D0000007,O000004,P018,2,12000,5,22800
D0000008,O000004,P020,3,29500,10,79650
D0000009,O000004,P007,3,18000,0,54000
D0000010,O000005,P019,3,17000,0,51000
D0000011,O000005,P011,3,11500,0,34500
D0000012,O000006,P014,3,6500,0,19500
D0000013,O000006,P010,2,5500,5,10450
D0000014,O000007,P020,3,29500,5,84075
D0000015,O000007,P005,3,8500,0,25500
D0000016,O000007,P017,2,4500,10,8100
D0000017,O000007,P003,1,5500,0,5500
D0000018,O000008,P010,1,5500,5,5225
D0000019,O000008,P015,2,3000,0,6000
D0000020,O000008,P008,2,24500,10,44100
D0000021,O000008,P003,2,5500,0,11000
D0000022,O000009,P011,2,11500,0,23000
D0000023,O000009,P019,2,17000,5,32300
D0000024,O000010,P008,3,24500,0,73500
D0000025,O000010,P018,3,12000,0,36000
D0000026,O000011,P016,1,15500,0,15500
D0000027,O000011,P006,3,10500,5,29925
D0000028,O000011,P013,2,8500,10,15300
D0000029,O000012,P009,2,15000,0,30000
D0000030,O000013,P003,1,5500,5,5225
D0000031,O000013,P009,1,15000,10,13500
D0000032,O000014,P013,1,8500,5,8075
D0000033,O000015,P019,1,17000,5,16150
D0000034,O000015,P016,1,15500,0,15500
D0000035,O000015,P010,3,5500,0,16500
D0000036,O000016,P011,2,11500,10,20700
D0000037,O000016,P007,2,18000,10,32400
D0000038,O000016,P013,3,8500,0,25500
D0000039,O000016,P010,1,5500,5,5225
D0000040,O000017,P020,1,29500,0,29500
D0000041,O000017,P011,2,11500,0,23000
D0000042,O000017,P003,2,5500,0,11000
D0000043,O000017,P008,1,24500,0,24500
D0000044,O000018,P009,1,15000,0,15000
D0000045,O000018,P005,1,8500,0,8500
D0000046,O000018,P003,2,5500,0,11000
D0000047,O000018,P004,1,2500,10,2250
D0000048,O000019,P006,1,10500,0,10500
D0000049,O000019,P002,2,3500,0,7000
D0000050,O000019,P003,2,5500,5,10450
D0000051,O000020,P004,1,2500,0,2500
D0000052,O000020,P015,1,3000,0,3000
D0000053,O000020,P018,1,12000,0,12000
D0000054,O000021,P011,1,11500,5,10925
D0000055,O000021,P003,1,5500,10,4950
D0000056,O000022,P018,1,12000,5,11400
D0000057,O000022,P009,3,15000,10,40500
D0000058,O000022,P006,2,10500,0,21000
D0000059,O000022,P003,1,5500,5,5225
D0000060,O000023,P017,1,4500,5,4275
D0000061,O000023,P011,3,11500,0,34500
D0000062,O000023,P004,2,2500,0,5000
D0000063,O000023,P002,1,3500,0,3500
D0000064,O000024,P009,2,15000,0,30000
D0000065,O000025,P003,1,5500,10,4950
D0000066,O000025,P008,1,24500,0,24500
D0000067,O000025,P019,2,17000,0,34000
D0000068,O000025,P001,2,3500,0,7000
D0000069,O000026,P016,2,15500,0,31000
D0000070,O000027,P003,3,5500,10,14850
D0000071,O000027,P007,3,18000,0,54000
D0000072,O000027,P014,3,6500,0,19500
D0000073,O000027,P018,1,12000,10,10800
D0000074,O000028,P018,1,12000,5,11400
D0000075,O000028,P006,3,10500,5,29925
D0000076,O000029,P015,1,3000,5,2850
D0000077,O000030,P019,2,17000,5,32300
D0000078,O000030,P010,3,5500,10,14850
D0000079,O000030,P015,1,3000,0,3000
D0000080,O000031,P003,3,5500,5,15675
D0000081,O000031,P002,1,3500,5,3325
D0000082,O000031,P015,1,3000,10,2700
D0000083,O000031,P006,3,10500,5,29925
D0000084,O000032,P014,3,6500,0,19500
D0000085,O000033,P017,3,4500,5,12825
D0000086,O000033,P018,2,12000,5,22800
D0000087,O000034,P018,3,12000,10,32400
D0000088,O000034,P010,3,5500,10,14850
D0000089,O000035,P012,2,39500,5,75050
D0000090,O000035,P008,2,24500,0,49000
D0000091,O000035,P010,2,5500,5,10450
D0000092,O000036,P015,3,3000,5,8550
D0000093,O000036,P017,1,4500,10,4050
D0000094,O000036,P006,2,10500,0,21000
D0000095,O000037,P010,1,5500,10,4950
D0000096,O000038,P018,3,12000,5,34200
D0000097,O000038,P016,1,15500,10,13950
D0000098,O000038,P011,1,11500,0,11500
D0000099,O000038,P009,2,15000,0,30000
D0000100,O000039,P019,1,17000,0,17000
D0000101,O000040,P008,2,24500,0,49000
D0000102,O000040,P014,1,6500,10,5850
D0000103,O000041,P009,2,15000,0,30000
D0000104,O000041,P003,2,5500,10,9900
D0000105,O000042,P007,1,18000,10,16200
D0000106,O000042,P016,3,15500,0,46500
D0000107,O000042,P011,1,11500,0,11500
D0000108,O000042,P014,3,6500,10,17550
D0000109,O000043,P019,3,17000,5,48450
D0000110,O000043,P006,3,10500,0,31500
D0000111,O000044,P009,1,15000,5,14250
D0000112,O000044,P004,1,2500,10,2250
D0000113,O000044,P007,1,18000,10,16200
D0000114,O000045,P019,1,17000,10,15300
D0000115,O000045,P001,3,3500,5,9975
D0000116,O000046,P017,3,4500,0,13500
D0000117,O000047,P004,2,2500,0,5000
D0000118,O000047,P005,1,8500,10,7650
D0000119,O000048,P006,1,10500,0,10500
D0000120,O000048,P007,3,18000,0,54000
D0000121,O000049,P004,3,2500,5,7125
D0000122,O000050,P019,1,17000,0,17000
D0000123,O000051,P003,3,5500,0,16500
D0000124,O000051,P016,3,15500,0,46500
D0000125,O000051,P012,2,39500,10,71100
D0000126,O000051,P001,1,3500,10,3150
D0000127,O000052,P002,1,3500,5,3325
D0000128,O000052,P011,1,11500,0,11500
D0000129,O000052,P019,2,17000,10,30600
D0000130,O000052,P018,3,12000,0,36000
D0000131,O000053,P010,3,5500,0,16500
D0000132,O000053,P007,1,18000,0,18000
D0000133,O000053,P017,1,4500,10,4050
D0000134,O000054,P003,3,5500,0,16500
D0000135,O000054,P020,2,29500,0,59000
D0000136,O000054,P008,1,24500,5,23275
D0000137,O000055,P008,2,24500,5,46550
D0000138,O000055,P015,1,3000,0,3000
D0000139,O000056,P006,3,10500,10,28350
D0000140,O000056,P020,3,29500,5,84075
D0000141,O000056,P016,2,15500,0,31000
D0000142,O000056,P001,1,3500,10,3150
D0000143,O000057,P008,2,24500,0,49000
D0000144,O000057,P003,3,5500,0,16500
D0000145,O000058,P015,1,3000,0,3000
D0000146,O000058,P018,2,12000,5,22800
D0000147,O000058,P001,2,3500,10,6300
D0000148,O000058,P007,3,18000,0,54000
D0000149,O000059,P019,2,17000,0,34000
D0000150,O000059,P008,3,24500,5,69825
D0000151,O000059,P014,3,6500,0,19500
D0000152,O000059,P009,2,15000,0,30000
D0000153,O000060,P003,1,5500,5,5225
D0000154,O000060,P005,1,8500,5,8075
D0000155,O000061,P006,2,10500,0,21000
D0000156,O000061,P015,1,3000,0,3000
D0000157,O000062,P008,1,24500,0,24500
D0000158,O000062,P001,2,3500,0,7000
D0000159,O000062,P003,2,5500,10,9900
D0000160,O000062,P002,2,3500,10,6300
D0000161,O000063,P018,2,12000,0,24000
D0000162,O000063,P013,2,8500,10,15300
D0000163,O000064,P018,3,12000,5,34200
D0000164,O000064,P005,1,8500,0,8500
D0000165,O000064,P013,2,8500,0,17000
D0000166,O000065,P017,2,4500,0,9000
D0000167,O000066,P019,1,17000,0,17000
D0000168,O000066,P010,3,5500,0,16500
D0000169,O000066,P006,3,10500,0,31500
D0000170,O000066,P002,2,3500,5,6650
D0000171,O000067,P016,3,15500,0,46500
D0000172,O000068,P001,2,3500,0,7000
D0000173,O000069,P006,3,10500,5,29925
D0000174,O000069,P001,1,3500,0,3500
D0000175,O000069,P010,1,5500,0,5500
D0000176,O000069,P009,1,15000,5,14250
D0000177,O000070,P009,1,15000,10,13500
D0000178,O000070,P020,1,29500,5,28025
D0000179,O000070,P019,1,17000,5,16150
D0000180,O000070,P008,1,24500,5,23275
D0000181,O000071,P009,2,15000,10,27000
D0000182,O000071,P017,1,4500,0,4500
D0000183,O000071,P004,2,2500,0,5000
D0000184,O000072,P010,3,5500,5,15675
D0000185,O000072,P017,2,4500,5,8550
D0000186,O000072,P012,1,39500,0,39500
D0000187,O000073,P017,3,4500,10,12150
D0000188,O000074,P018,1,12000,5,11400
D0000189,O000074,P015,3,3000,5,8550
D0000190,O000075,P016,1,15500,5,14725
D0000191,O000075,P017,2,4500,5,8550
D0000192,O000076,P017,3,4500,10,12150
D0000193,O000076,P006,1,10500,5,9975
D0000194,O000077,P010,3,5500,5,15675
D0000195,O000077,P014,2,6500,10,11700
D0000196,O000078,P018,3,12000,10,32400
D0000197,O000078,P019,3,17000,0,51000
D0000198,O000079,P001,3,3500,10,9450
D0000199,O000080,P008,1,24500,0,24500
D0000200,O000080,P006,1,10500,10,9450
D0000201,O000080,P014,2,6500,0,13000
D0000202,O000080,P015,3,3000,0,9000
D0000203,O000081,P003,3,5500,5,15675
D0000204,O000081,P007,2,18000,10,32400
D0000205,O000082,P020,3,29500,0,88500
D0000206,O000082,P017,2,4500,5,8550
D0000207,O000082,P014,1,6500,0,6500
D0000208,O000082,P003,3,5500,0,16500
D0000209,O000083,P002,1,3500,0,3500
D0000210,O000083,P015,2,3000,10,5400
D0000211,O000083,P006,3,10500,10,28350
D0000212,O000084,P016,3,15500,0,46500
D0000213,O000085,P001,1,3500,0,3500
D0000214,O000086,P011,2,11500,0,23000
D0000215,O000086,P010,2,5500,0,11000
D0000216,O000087,P002,3,3500,10,9450
D0000217,O000087,P015,3,3000,0,9000
D0000218,O000087,P010,2,5500,0,11000
D0000219,O000087,P005,3,8500,0,25500
D0000220,O000088,P003,1,5500,0,5500
D0000221,O000088,P020,3,29500,10,79650
D0000222,O000088,P018,2,12000,0,24000
D0000223,O000089,P007,1,18000,5,17100
D0000224,O000089,P014,2,6500,10,11700
D0000225,O000089,P016,3,15500,5,44175
D0000226,O000089,P008,1,24500,10,22050
D0000227,O000090,P006,1,10500,0,10500
D0000228,O000090,P017,3,4500,10,12150
D0000229,O000090,P018,2,12000,5,22800
D0000230,O000091,P016,1,15500,0,15500
D0000231,O000091,P018,1,12000,0,12000
D0000232,O000091,P011,3,11500,0,34500
D0000233,O000091,P020,3,29500,0,88500
D0000234,O000092,P003,3,5500,0,16500
D0000235,O000092,P019,2,17000,5,32300
D0000236,O000093,P006,1,10500,5,9975
D0000237,O000094,P016,1,15500,5,14725
D0000238,O000094,P001,2,3500,5,6650
D0000239,O000094,P007,2,18000,10,32400
D0000240,O000094,P004,2,2500,5,4750
D0000241,O000095,P019,1,17000,0,17000
D0000242,O000095,P017,2,4500,10,8100
D0000243,O000096,P006,2,10500,5,19950
D0000244,O000096,P007,1,18000,10,16200
D0000245,O000097,P014,3,6500,10,17550
D0000246,O000097,P017,1,4500,0,4500
D0000247,O000097,P016,1,15500,5,14725
D0000248,O000097,P011,3,11500,10,31050
D0000249,O000098,P002,3,3500,10,9450
D0000250,O000098,P019,3,17000,0,51000
D0000251,O000099,P007,1,18000,5,17100
D0000252,O000099,P003,2,5500,10,9900
D0000253,O000099,P012,1,39500,5,37525
D0000254,O000100,P018,2,12000,10,21600
D0000255,O000100,P020,1,29500,0,29500
D0000256,O000101,P012,3,39500,0,118500
D0000257,O000101,P001,2,3500,0,7000
D0000258,O000101,P007,3,18000,0,54000
D0000259,O000101,P013,2,8500,0,17000
D0000260,O000102,P014,3,6500,0,19500
D0000261,O000103,P017,3,4500,5,12825
D0000262,O000104,P013,3,8500,10,22950
D0000263,O000105,P008,3,24500,5,69825
D0000264,O000105,P007,2,18000,5,34200
D0000265,O000106,P001,2,3500,5,6650
D0000266,O000106,P016,2,15500,0,31000
D0000267,O000107,P020,1,29500,0,29500
D0000268,O000107,P017,2,4500,5,8550
D0000269,O000107,P016,3,15500,0,46500
D0000270,O000108,P018,1,12000,0,12000
D0000271,O000108,P005,1,8500,5,8075
D0000272,O000109,P017,2,4500,10,8100
D0000273,O000110,P014,3,6500,0,19500
D0000274,O000111,P005,1,8500,0,8500
D0000275,O000111,P015,3,3000,5,8550
D0000276,O000111,P012,3,39500,5,112575
D0000277,O000112,P005,3,8500,5,24225
D0000278,O000112,P008,1,24500,0,24500
D0000279,O000112,P011,2,11500,0,23000
D0000280,O000113,P013,3,8500,0,25500
D0000281,O000114,P020,3,29500,5,84075
D0000282,O000114,P015,3,3000,0,9000
D0000283,O000115,P010,1,5500,5,5225
D0000284,O000116,P017,2,4500,0,9000
D0000285,O000116,P007,3,18000,0,54000
D0000286,O000117,P015,3,3000,0,9000
D0000287,O000117,P020,3,29500,5,84075
D0000288,O000117,P004,3,2500,5,7125
D0000289,O000117,P016,3,15500,5,44175
D0000290,O000118,P010,1,5500,5,5225
D0000291,O000118,P019,1,17000,0,17000
D0000292,O000118,P001,1,3500,0,3500
D0000293,O000119,P016,1,15500,5,14725
D0000294,O000119,P018,1,12000,0,12000
D0000295,O000120,P015,1,3000,5,2850
D0000296,O000120,P006,2,10500,10,18900
D0000297,O000121,P014,2,6500,5,12350
D0000298,O000121,P015,1,3000,5,2850
D0000299,O000121,P020,2,29500,0,59000
D0000300,O000122,P008,1,24500,10,22050
D0000301,O000123,P005,2,8500,0,17000
D0000302,O000123,P017,3,4500,5,12825
D0000303,O000124,P007,2,18000,10,32400
D0000304,O000124,P016,2,15500,10,27900
D0000305,O000124,P008,1,24500,5,23275
D0000306,O000124,P003,3,5500,0,16500
D0000307,O000125,P015,1,3000,10,2700
D0000308,O000125,P018,1,12000,10,10800
D0000309,O000126,P019,3,17000,0,51000
D0000310,O000126,P001,1,3500,0,3500
D0000311,O000126,P004,3,2500,5,7125
D0000312,O000126,P014,1,6500,10,5850
D0000313,O000127,P010,3,5500,0,16500
D0000314,O000127,P017,1,4500,0,4500
D0000315,O000128,P013,3,8500,0,25500
D0000316,O000128,P001,2,3500,5,6650
D0000317,O000129,P019,3,17000,5,48450
D0000318,O000129,P007,3,18000,10,48600
D0000319,O000129,P003,1,5500,0,5500
D0000320,O000129,P017,2,4500,0,9000
D0000321,O000130,P012,3,39500,0,118500
D0000322,O000130,P006,3,10500,5,29925
D0000323,O000131,P015,3,3000,10,8100
D0000324,O000131,P007,2,18000,0,36000
D0000325,O000132,P014,2,6500,10,11700
D0000326,O000132,P016,1,15500,0,15500
D0000327,O000133,P008,2,24500,0,49000
D0000328,O000133,P002,2,3500,5,6650
D0000329,O000133,P018,2,12000,5,22800
D0000330,O000133,P020,3,29500,0,88500
D0000331,O000134,P003,2,5500,0,11000
D0000332,O000134,P007,3,18000,0,54000
D0000333,O000134,P009,2,15000,0,30000
D0000334,O000134,P005,1,8500,10,7650
D0000335,O000135,P017,1,4500,0,4500
D0000336,O000135,P003,3,5500,10,14850
D0000337,O000136,P010,2,5500,10,9900
D0000338,O000136,P005,3,8500,0,25500
D0000339,O000136,P004,1,2500,0,2500
D0000340,O000136,P020,3,29500,10,79650
D0000341,O000137,P016,1,15500,0,15500
D0000342,O000137,P013,1,8500,10,7650
D0000343,O000137,P008,2,24500,0,49000
D0000344,O000137,P018,2,12000,10,21600
D0000345,O000138,P008,1,24500,5,23275
D0000346,O000138,P005,3,8500,10,22950
D0000347,O000139,P003,1,5500,5,5225
D0000348,O000139,P004,1,2500,0,2500
D0000349,O000140,P013,3,8500,0,25500
D0000350,O000140,P020,3,29500,0,88500
D0000351,O000140,P004,3,2500,0,7500
D0000352,O000140,P015,2,3000,0,6000
D0000353,O000141,P001,2,3500,0,7000
D0000354,O000141,P018,3,12000,10,32400
D0000355,O000141,P014,2,6500,0,13000
D0000356,O000142,P013,3,8500,10,22950
D0000357,O000142,P017,1,4500,5,4275
D0000358,O000142,P002,3,3500,0,10500
D0000359,O000143,P003,2,5500,0,11000
D0000360,O000143,P018,3,12000,5,34200
D0000361,O000144,P002,1,3500,0,3500
D0000362,O000145,P017,3,4500,0,13500
D0000363,O000145,P012,3,39500,10,106650
D0000364,O000145,P008,1,24500,0,24500
D0000365,O000146,P008,3,24500,5,69825
D0000366,O000146,P001,3,3500,0,10500
D0000367,O000146,P010,3,5500,0,16500
D0000368,O000147,P017,1,4500,0,4500
D0000369,O000148,P014,3,6500,10,17550
D0000370,O000148,P009,3,15000,0,45000
D0000371,O000149,P001,1,3500,10,3150
D0000372,O000149,P007,3,18000,0,54000
D0000373,O000149,P015,3,3000,10,8100
D0000374,O000149,P012,2,39500,0,79000
D0000375,O000150,P010,1,5500,10,4950
D0000376,O000150,P020,3,29500,0,88500
D0000377,O000150,P016,3,15500,5,44175
D0000378,O000150,P014,1,6500,0,6500
D0000379,O000151,P007,1,18000,10,16200
D0000380,O000151,P012,3,39500,0,118500
D0000381,O000151,P002,3,3500,0,10500
D0000382,O000152,P004,1,2500,10,2250
D0000383,O000152,P013,3,8500,5,24225
D0000384,O000152,P010,3,5500,0,16500
D0000385,O000153,P010,3,5500,0,16500
D0000386,O000153,P019,2,17000,0,34000
D0000387,O000153,P009,1,15000,0,15000
D0000388,O000154,P005,2,8500,10,15300
D0000389,O000154,P002,2,3500,0,7000
D0000390,O000154,P009,2,15000,5,28500
D0000391,O000154,P001,1,3500,5,3325
D0000392,O000155,P007,1,18000,0,18000
D0000393,O000155,P011,3,11500,0,34500
D0000394,O000155,P009,1,15000,10,13500
D0000395,O000156,P016,1,15500,10,13950
D0000396,O000156,P010,2,5500,0,11000
D0000397,O000157,P018,2,12000,0,24000
D0000398,O000157,P004,2,2500,5,4750
D0000399,O000158,P007,3,18000,5,51300
D0000400,O000158,P002,3,3500,5,9975
D0000401,O000158,P001,1,3500,5,3325
D0000402,O000158,P011,3,11500,5,32775
D0000403,O000159,P015,3,3000,0,9000
D0000404,O000159,P003,2,5500,0,11000
D0000405,O000160,P005,3,8500,10,22950
D0000406,O000160,P009,3,15000,0,45000
D0000407,O000160,P010,3,5500,0,16500
D0000408,O000160,P007,2,18000,0,36000
D0000409,O000161,P004,2,2500,10,4500
D0000410,O000161,P005,3,8500,10,22950
D0000411,O000161,P018,3,12000,0,36000
D0000412,O000162,P006,1,10500,10,9450
D0000413,O000162,P005,2,8500,10,15300
D0000414,O000162,P016,1,15500,10,13950
D0000415,O000163,P012,3,39500,0,118500
D0000416,O000164,P020,1,29500,0,29500
D0000417,O000164,P010,1,5500,0,5500
D0000418,O000164,P019,1,17000,0,17000
D0000419,O000164,P009,2,15000,10,27000
D0000420,O000165,P009,2,15000,10,27000
D0000421,O000165,P004,1,2500,5,2375
D0000422,O000165,P015,1,3000,5,2850
D0000423,O000166,P007,3,18000,10,48600
D0000424,O000167,P006,2,10500,10,18900
D0000425,O000167,P012,2,39500,0,79000
D0000426,O000168,P018,1,12000,10,10800
D0000427,O000168,P017,2,4500,0,9000
D0000428,O000168,P006,2,10500,5,19950
D0000429,O000169,P007,2,18000,0,36000
D0000430,O000169,P013,3,8500,0,25500
D0000431,O000169,P017,1,4500,10,4050
D0000432,O000170,P017,3,4500,5,12825
D0000433,O000170,P011,1,11500,10,10350
D0000434,O000171,P007,1,18000,0,18000
D0000435,O000172,P003,1,5500,0,5500
D0000436,O000172,P006,3,10500,5,29925
D0000437,O000172,P008,1,24500,5,23275
D0000438,O000172,P009,3,15000,10,40500
D0000439,O000173,P020,1,29500,10,26550
D0000440,O000173,P005,3,8500,0,25500
D0000441,O000173,P004,2,2500,10,4500
D0000442,O000174,P003,3,5500,10,14850
D0000443,O000174,P009,3,15000,10,40500
D0000444,O000174,P018,3,12000,5,34200
D0000445,O000174,P008,1,24500,0,24500
D0000446,O000175,P010,1,5500,5,5225
D0000447,O000175,P007,3,18000,0,54000
D0000448,O000176,P010,1,5500,0,5500
D0000449,O000176,P017,3,4500,0,13500
D0000450,O000176,P011,2,11500,0,23000
D0000451,O000176,P014,3,6500,5,18525
D0000452,O000177,P001,2,3500,5,6650
D0000453,O000177,P003,1,5500,10,4950
D0000454,O000178,P010,1,5500,5,5225
D0000455,O000179,P017,2,4500,10,8100
D0000456,O000179,P005,1,8500,10,7650
D0000457,O000179,P019,1,17000,5,16150
D0000458,O000179,P004,3,2500,0,7500
D0000459,O000180,P017,2,4500,10,8100
D0000460,O000180,P006,3,10500,5,29925
D0000461,O000181,P001,1,3500,5,3325
D0000462,O000181,P011,2,11500,0,23000
D0000463,O000181,P002,3,3500,10,9450
D0000464,O000182,P017,2,4500,5,8550
D0000465,O000182,P003,3,5500,5,15675
D0000466,O000182,P004,3,2500,5,7125
D0000467,O000182,P014,1,6500,10,5850
D0000468,O000183,P013,3,8500,10,22950
D0000469,O000183,P008,1,24500,0,24500
D0000470,O000183,P014,2,6500,0,13000
D0000471,O000183,P005,2,8500,5,16150
D0000472,O000184,P011,1,11500,10,10350
D0000473,O000185,P006,2,10500,5,19950
D0000474,O000185,P002,3,3500,0,10500
D0000475,O000186,P009,1,15000,0,15000
D0000476,O000186,P003,1,5500,5,5225
D0000477,O000187,P004,2,2500,5,4750
D0000478,O000187,P010,2,5500,0,11000
D0000479,O000187,P009,3,15000,5,42750
D0000480,O000188,P004,3,2500,10,6750
D0000481,O000188,P015,1,3000,0,3000
D0000482,O000188,P020,1,29500,10,26550
D0000483,O000188,P001,3,3500,0,10500
D0000484,O000189,P016,1,15500,0,15500
D0000485,O000189,P006,1,10500,0,10500
D0000486,O000190,P012,1,39500,5,37525
D0000487,O000191,P015,1,3000,0,3000
D0000488,O000191,P019,1,17000,5,16150
D0000489,O000192,P018,2,12000,5,22800
D0000490,O000192,P001,3,3500,0,10500
D0000491,O000192,P010,3,5500,0,16500
D0000492,O000193,P011,1,11500,5,10925
D0000493,O000193,P001,2,3500,5,6650
D0000494,O000193,P006,3,10500,5,29925
D0000495,O000194,P011,3,11500,0,34500
D0000496,O000194,P004,1,2500,0,2500
D0000497,O000195,P013,1,8500,0,8500
D0000498,O000195,P014,2,6500,0,13000
D0000499,O000195,P020,3,29500,5,84075
D0000500,O000195,P008,1,24500,5,23275
D0000501,O000196,P003,1,5500,5,5225
D0000502,O000196,P011,3,11500,10,31050
D0000503,O000197,P020,3,29500,5,84075
D0000504,O000197,P017,1,4500,5,4275
D0000505,O000198,P008,3,24500,0,73500
D0000506,O000199,P013,3,8500,0,25500
D0000507,O000200,P015,1,3000,0,3000
D0000508,O000200,P008,3,24500,10,66150
D0000509,O000200,P001,3,3500,5,9975
D0000510,O000200,P004,1,2500,10,2250
D0000511,O000201,P011,3,11500,10,31050
D0000512,O000201,P005,3,8500,0,25500
D0000513,O000201,P013,3,8500,0,25500
D0000514,O000201,P010,3,5500,0,16500
D0000515,O000202,P007,2,18000,5,34200
D0000516,O000202,P016,3,15500,5,44175
D0000517,O000202,P006,1,10500,5,9975
D0000518,O000202,P015,1,3000,0,3000
D0000519,O000203,P010,3,5500,0,16500
D0000520,O000203,P018,1,12000,5,11400
D0000521,O000203,P001,2,3500,5,6650
D0000522,O000203,P007,1,18000,0,18000
D0000523,O000204,P007,3,18000,0,54000
D0000524,O000204,P009,2,15000,0,30000
D0000525,O000204,P011,1,11500,5,10925
D0000526,O000205,P014,1,6500,0,6500
D0000527,O000206,P016,2,15500,0,31000
D0000528,O000206,P004,1,2500,5,2375
D0000529,O000206,P017,2,4500,0,9000
D0000530,O000206,P013,3,8500,5,24225
D0000531,O000207,P007,3,18000,10,48600
D0000532,O000208,P013,1,8500,5,8075
D0000533,O000208,P010,3,5500,5,15675
D0000534,O000209,P008,1,24500,0,24500
D0000535,O000209,P007,2,18000,10,32400
D0000536,O000210,P011,1,11500,5,10925
D0000537,O000211,P006,3,10500,0,31500
D0000538,O000212,P015,3,3000,0,9000
D0000539,O000212,P018,1,12000,10,10800
D0000540,O000213,P014,1,6500,5,6175
D0000541,O000214,P019,2,17000,0,34000
D0000542,O000214,P017,2,4500,0,9000
D0000543,O000214,P001,2,3500,0,7000
D0000544,O000215,P010,2,5500,5,10450
D0000545,O000216,P011,3,11500,0,34500
D0000546,O000217,P019,3,17000,5,48450
D0000547,O000217,P002,2,3500,10,6300
D0000548,O000217,P011,2,11500,0,23000
D0000549,O000217,P018,1,12000,10,10800
D0000550,O000218,P018,1,12000,0,12000
D0000551,O000218,P003,2,5500,0,11000
D0000552,O000218,P012,1,39500,0,39500
D0000553,O000218,P006,2,10500,5,19950
D0000554,O000219,P017,3,4500,0,13500
D0000555,O000219,P004,1,2500,0,2500
D0000556,O000219,P005,3,8500,0,25500
D0000557,O000219,P018,1,12000,10,10800
D0000558,O000220,P020,1,29500,0,29500
D0000559,O000220,P019,2,17000,0,34000
D0000560,O000220,P008,2,24500,10,44100
D0000561,O000221,P018,3,12000,10,32400
D0000562,O000221,P003,3,5500,10,14850
D0000563,O000221,P007,1,18000,0,18000
D0000564,O000222,P007,3,18000,0,54000
D0000565,O000222,P008,2,24500,5,46550
D0000566,O000222,P020,2,29500,5,56050
D0000567,O000223,P014,2,6500,5,12350
D0000568,O000224,P013,3,8500,0,25500
D0000569,O000225,P009,2,15000,0,30000
D0000570,O000225,P016,1,15500,0,15500
D0000571,O000225,P012,3,39500,0,118500
D0000572,O000226,P018,3,12000,0,36000
D0000573,O000226,P015,3,3000,5,8550
D0000574,O000226,P011,1,11500,0,11500
D0000575,O000226,P016,1,15500,0,15500
D0000576,O000227,P017,3,4500,5,12825
D0000577,O000228,P007,3,18000,0,54000
D0000578,O000228,P017,1,4500,0,4500
D0000579,O000228,P010,3,5500,0,16500
D0000580,O000229,P015,3,3000,10,8100
D0000581,O000230,P013,1,8500,0,8500
D0000582,O000230,P010,3,5500,0,16500
D0000583,O000230,P001,2,3500,0,7000
D0000584,O000230,P018,2,12000,5,22800
D0000585,O000231,P012,2,39500,0,79000
D0000586,O000231,P005,3,8500,0,25500
D0000587,O000231,P011,3,11500,5,32775
D0000588,O000232,P004,3,2500,0,7500
D0000589,O000233,P001,1,3500,10,3150
D0000590,O000234,P010,1,5500,5,5225
D0000591,O000234,P016,2,15500,0,31000
D0000592,O000235,P012,3,39500,0,118500
D0000593,O000236,P005,1,8500,0,8500
D0000594,O000236,P001,1,3500,0,3500
D0000595,O000236,P009,2,15000,10,27000
D0000596,O000237,P019,3,17000,10,45900
D0000597,O000238,P012,1,39500,0,39500
D0000598,O000238,P013,2,8500,10,15300
D0000599,O000238,P006,3,10500,5,29925
D0000600,O000239,P009,2,15000,0,30000
D0000601,O000239,P019,2,17000,0,34000
D0000602,O000239,P018,2,12000,10,21600
D0000603,O000240,P019,1,17000,0,17000
D0000604,O000241,P008,2,24500,0,49000
D0000605,O000241,P009,3,15000,0,45000
D0000606,O000241,P002,1,3500,0,3500
D0000607,O000242,P012,2,39500,0,79000
D0000608,O000242,P005,1,8500,5,8075
D0000609,O000242,P002,2,3500,0,7000
D0000610,O000242,P013,3,8500,10,22950
D0000611,O000243,P001,1,3500,0,3500
D0000612,O000244,P020,3,29500,0,88500
D0000613,O000244,P009,2,15000,0,30000
D0000614,O000244,P015,2,3000,0,6000
D0000615,O000245,P011,2,11500,0,23000
D0000616,O000245,P002,1,3500,0,3500
D0000617,O000245,P004,2,2500,10,4500
D0000618,O000246,P011,3,11500,0,34500
D0000619,O000247,P020,1,29500,0,29500
D0000620,O000247,P012,1,39500,5,37525
D0000621,O000247,P005,3,8500,0,25500
D0000622,O000247,P011,1,11500,0,11500
D0000623,O000248,P020,1,29500,0,29500
D0000624,O000248,P017,2,4500,0,9000
D0000625,O000248,P018,3,12000,10,32400
D0000626,O000249,P004,2,2500,0,5000
D0000627,O000249,P001,3,3500,0,10500
D0000628,O000250,P010,3,5500,0,16500
D0000629,O000250,P016,3,15500,0,46500
D0000630,O000250,P011,1,11500,0,11500
D0000631,O000251,P011,2,11500,5,21850
D0000632,O000251,P005,2,8500,5,16150
D0000633,O000252,P002,3,3500,0,10500
D0000634,O000252,P013,2,8500,5,16150
D0000635,O000252,P006,2,10500,5,19950
D0000636,O000252,P009,3,15000,0,45000
D0000637,O000253,P018,2,12000,0,24000
D0000638,O000254,P011,2,11500,5,21850
D0000639,O000254,P015,1,3000,0,3000
D0000640,O000254,P007,2,18000,10,32400
D0000641,O000254,P019,2,17000,5,32300
D0000642,O000255,P015,3,3000,10,8100
D0000643,O000255,P013,3,8500,10,22950
D0000644,O000255,P010,2,5500,5,10450
D0000645,O000256,P003,1,5500,0,5500
D0000646,O000256,P013,3,8500,10,22950
D0000647,O000257,P019,3,17000,0,51000
D0000648,O000257,P008,3,24500,0,73500
D0000649,O000257,P010,1,5500,0,5500
D0000650,O000257,P016,2,15500,0,31000
D0000651,O000258,P011,3,11500,0,34500
D0000652,O000258,P003,3,5500,10,14850
D0000653,O000258,P008,3,24500,10,66150
D0000654,O000258,P015,1,3000,0,3000
D0000655,O000259,P011,2,11500,0,23000
D0000656,O000259,P015,1,3000,10,2700
D0000657,O000259,P001,2,3500,5,6650
D0000658,O000259,P013,3,8500,0,25500
D0000659,O000260,P007,1,18000,0,18000
D0000660,O000260,P001,1,3500,0,3500
D0000661,O000261,P013,1,8500,0,8500
D0000662,O000262,P012,1,39500,0,39500
D0000663,O000263,P018,3,12000,0,36000
D0000664,O000263,P016,3,15500,0,46500
D0000665,O000264,P014,1,6500,0,6500
D0000666,O000264,P005,1,8500,5,8075
D0000667,O000264,P008,3,24500,0,73500
D0000668,O000265,P015,1,3000,0,3000
D0000669,O000266,P002,1,3500,10,3150
D0000670,O000266,P004,2,2500,0,5000
D0000671,O000266,P006,3,10500,5,29925
D0000672,O000266,P015,2,3000,0,6000
D0000673,O000267,P014,2,6500,10,11700
D0000674,O000267,P001,1,3500,10,3150
D0000675,O000268,P012,2,39500,5,75050
D0000676,O000268,P019,1,17000,10,15300
D0000677,O000268,P003,3,5500,5,15675
D0000678,O000269,P020,2,29500,10,53100
D0000679,O000269,P007,3,18000,10,48600
D0000680,O000270,P017,3,4500,5,12825
D0000681,O000271,P008,3,24500,0,73500
D0000682,O000271,P014,1,6500,0,6500
D0000683,O000271,P005,2,8500,0,17000
D0000684,O000272,P013,1,8500,0,8500
D0000685,O000272,P015,2,3000,5,5700
D0000686,O000273,P005,1,8500,0,8500
D0000687,O000273,P009,1,15000,0,15000
D0000688,O000273,P004,1,2500,10,2250
D0000689,O000274,P007,2,18000,0,36000
D0000690,O000274,P008,1,24500,5,23275
D0000691,O000274,P018,3,12000,0,36000
D0000692,O000274,P001,2,3500,0,7000
D0000693,O000275,P004,3,2500,0,7500
D0000694,O000276,P002,1,3500,5,3325
D0000695,O000277,P007,1,18000,5,17100
D0000696,O000278,P020,3,29500,10,79650
D0000697,O000278,P010,1,5500,10,4950
D0000698,O000278,P014,3,6500,5,18525
D0000699,O000278,P018,2,12000,5,22800
D0000700,O000279,P002,2,3500,0,7000
D0000701,O000279,P008,2,24500,5,46550
D0000702,O000280,P008,1,24500,0,24500
D0000703,O000280,P007,2,18000,10,32400
D0000704,O000280,P009,2,15000,10,27000
D0000705,O000281,P004,3,2500,0,7500
D0000706,O000282,P019,2,17000,0,34000
D0000707,O000282,P014,3,6500,5,18525
D0000708,O000282,P009,2,15000,5,28500
D0000709,O000282,P004,3,2500,5,7125
D0000710,O000283,P015,1,3000,0,3000
D0000711,O000283,P009,2,15000,0,30000
D0000712,O000283,P011,3,11500,0,34500
D0000713,O000284,P018,2,12000,0,24000
D0000714,O000285,P004,1,2500,0,2500
D0000715,O000285,P002,1,3500,0,3500
D0000716,O000285,P014,3,6500,10,17550
D0000717,O000286,P011,3,11500,0,34500
D0000718,O000287,P006,2,10500,0,21000
D0000719,O000287,P010,3,5500,0,16500
D0000720,O000287,P005,3,8500,5,24225
D0000721,O000288,P014,1,6500,10,5850
D0000722,O000288,P011,1,11500,10,10350
D0000723,O000288,P009,1,15000,0,15000
D0000724,O000288,P020,3,29500,10,79650
D0000725,O000289,P016,1,15500,0,15500
D0000726,O000289,P004,1,2500,5,2375
D0000727,O000290,P017,1,4500,10,4050
D0000728,O000291,P001,2,3500,5,6650
D0000729,O000292,P008,3,24500,5,69825
D0000730,O000292,P003,1,5500,0,5500
D0000731,O000293,P015,1,3000,0,3000
D0000732,O000293,P009,1,15000,10,13500
D0000733,O000293,P005,1,8500,0,8500
D0000734,O000294,P011,3,11500,0,34500
D0000735,O000295,P004,1,2500,10,2250
D0000736,O000295,P001,3,3500,5,9975
D0000737,O000296,P017,1,4500,0,4500
D0000738,O000296,P013,2,8500,0,17000
D0000739,O000296,P007,1,18000,10,16200
D0000740,O000296,P003,2,5500,0,11000
D0000741,O000297,P019,2,17000,0,34000
D0000742,O000297,P007,3,18000,0,54000
D0000743,O000297,P013,2,8500,0,17000
D0000744,O000298,P012,3,39500,0,118500
D0000745,O000299,P002,1,3500,0,3500
D0000746,O000299,P014,1,6500,5,6175
D0000747,O000299,P010,2,5500,0,11000
D0000748,O000299,P001,1,3500,0,3500
D0000749,O000300,P020,2,29500,0,59000
D0000750,O000301,P002,2,3500,5,6650
D0000751,O000301,P001,3,3500,10,9450
D0000752,O000301,P019,1,17000,5,16150
D0000753,O000301,P011,1,11500,10,10350
D0000754,O000302,P013,1,8500,0,8500
D0000755,O000303,P010,2,5500,0,11000
D0000756,O000303,P014,1,6500,0,6500
D0000757,O000303,P002,3,3500,0,10500
D0000758,O000304,P020,3,29500,5,84075
D0000759,O000304,P006,3,10500,0,31500
D0000760,O000305,P014,2,6500,10,11700
D0000761,O000306,P006,3,10500,0,31500
D0000762,O000306,P012,3,39500,0,118500
D0000763,O000306,P010,3,5500,5,15675
D0000764,O000306,P007,3,18000,0,54000
D0000765,O000307,P017,1,4500,0,4500
D0000766,O000307,P010,3,5500,0,16500
D0000767,O000307,P004,2,2500,0,5000
D0000768,O000307,P012,1,39500,10,35550
D0000769,O000308,P011,3,11500,0,34500
D0000770,O000309,P010,3,5500,10,14850
D0000771,O000309,P019,3,17000,0,51000
D0000772,O000309,P008,1,24500,5,23275
D0000773,O000309,P007,1,18000,0,18000
D0000774,O000310,P017,3,4500,5,12825
D0000775,O000311,P006,3,10500,0,31500
D0000776,O000311,P002,1,3500,0,3500
D0000777,O000311,P010,3,5500,0,16500
D0000778,O000311,P018,1,12000,0,12000
D0000779,O000312,P002,3,3500,0,10500
D0000780,O000312,P007,1,18000,0,18000
D0000781,O000312,P008,2,24500,10,44100
D0000782,O000313,P014,3,6500,0,19500
D0000783,O000313,P008,1,24500,10,22050
D0000784,O000313,P012,2,39500,0,79000
D0000785,O000314,P004,1,2500,0,2500
D0000786,O000314,P013,3,8500,5,24225
D0000787,O000314,P020,2,29500,10,53100
D0000788,O000315,P012,1,39500,0,39500
D0000789,O000315,P004,2,2500,10,4500
D0000790,O000316,P016,3,15500,5,44175
D0000791,O000316,P005,1,8500,5,8075
D0000792,O000316,P014,3,6500,10,17550
D0000793,O000316,P003,2,5500,5,10450
D0000794,O000317,P017,2,4500,0,9000
D0000795,O000318,P013,2,8500,0,17000
D0000796,O000318,P005,3,8500,0,25500
D0000797,O000318,P001,3,3500,10,9450
D0000798,O000319,P017,1,4500,5,4275
D0000799,O000319,P008,1,24500,10,22050
D0000800,O000319,P019,3,17000,0,51000
D0000801,O000320,P009,1,15000,5,14250
D0000802,O000321,P006,1,10500,0,10500
D0000803,O000321,P011,1,11500,0,11500
D0000804,O000321,P003,3,5500,10,14850
D0000805,O000321,P004,1,2500,10,2250
D0000806,O000322,P012,2,39500,10,71100
D0000807,O000322,P015,1,3000,0,3000
D0000808,O000322,P006,2,10500,0,21000
D0000809,O000322,P004,3,2500,5,7125
D0000810,O000323,P004,3,2500,0,7500
D0000811,O000324,P013,2,8500,0,17000
D0000812,O000324,P005,3,8500,5,24225
D0000813,O000324,P001,2,3500,5,6650
D0000814,O000325,P004,3,2500,5,7125
D0000815,O000325,P017,1,4500,0,4500
D0000816,O000325,P006,3,10500,0,31500
D0000817,O000325,P019,1,17000,10,15300
D0000818,O000326,P013,1,8500,10,7650
D0000819,O000326,P003,1,5500,0,5500
D0000820,O000326,P011,2,11500,5,21850
D0000821,O000326,P014,3,6500,10,17550
D0000822,O000327,P014,2,6500,5,12350
D0000823,O000327,P012,2,39500,5,75050
D0000824,O000327,P001,2,3500,0,7000
D0000825,O000328,P015,2,3000,0,6000
D0000826,O000328,P014,1,6500,5,6175
D0000827,O000328,P018,2,12000,0,24000
D0000828,O000329,P005,3,8500,5,24225
D0000829,O000330,P008,2,24500,5,46550
D0000830,O000330,P016,1,15500,0,15500
D0000831,O000331,P006,1,10500,0,10500
D0000832,O000332,P017,3,4500,5,12825
D0000833,O000332,P012,3,39500,0,118500
D0000834,O000332,P011,3,11500,10,31050
D0000835,O000333,P019,2,17000,10,30600
D0000836,O000333,P013,1,8500,0,8500
D0000837,O000334,P017,2,4500,5,8550
D0000838,O000334,P007,3,18000,0,54000
D0000839,O000334,P001,2,3500,0,7000
D0000840,O000334,P004,1,2500,5,2375
D0000841,O000335,P011,3,11500,5,32775
D0000842,O000335,P017,1,4500,10,4050
D0000843,O000336,P015,3,3000,0,9000
D0000844,O000336,P020,2,29500,0,59000
D0000845,O000337,P014,2,6500,0,13000
D0000846,O000338,P004,1,2500,0,2500
D0000847,O000338,P008,2,24500,5,46550
D0000848,O000338,P011,1,11500,0,11500
D0000849,O000339,P012,2,39500,0,79000
D0000850,O000339,P016,1,15500,10,13950
D0000851,O000339,P014,2,6500,5,12350
D0000852,O000340,P019,3,17000,5,48450
D0000853,O000341,P020,1,29500,0,29500
D0000854,O000342,P011,1,11500,5,10925
D0000855,O000343,P018,3,12000,0,36000
D0000856,O000344,P006,2,10500,0,21000
D0000857,O000345,P020,3,29500,10,79650
D0000858,O000346,P019,3,17000,10,45900
D0000859,O000346,P008,1,24500,10,22050
D0000860,O000346,P020,1,29500,0,29500
D0000861,O000346,P006,3,10500,0,31500
D0000862,O000347,P019,1,17000,10,15300
D0000863,O000348,P009,1,15000,10,13500
D0000864,O000348,P014,1,6500,10,5850
D0000865,O000348,P008,2,24500,10,44100
D0000866,O000349,P015,2,3000,0,6000
D0000867,O000349,P011,3,11500,0,34500
D0000868,O000349,P002,1,3500,0,3500
D0000869,O000350,P008,3,24500,5,69825
D0000870,O000351,P004,1,2500,0,2500
D0000871,O000351,P012,3,39500,10,106650
D0000872,O000352,P013,1,8500,10,7650
D0000873,O000353,P002,1,3500,0,3500
D0000874,O000353,P017,3,4500,0,13500
D0000875,O000353,P003,2,5500,0,11000
D0000876,O000353,P013,2,8500,0,17000
D0000877,O000354,P017,3,4500,10,12150
D0000878,O000355,P007,3,18000,0,54000
D0000879,O000356,P011,3,11500,0,34500
D0000880,O000356,P015,3,3000,5,8550
D0000881,O000356,P004,3,2500,0,7500
D0000882,O000356,P012,2,39500,10,71100
D0000883,O000357,P016,3,15500,5,44175
D0000884,O000357,P017,1,4500,10,4050
D0000885,O000357,P007,2,18000,0,36000
D0000886,O000357,P001,3,3500,5,9975
D0000887,O000358,P015,2,3000,0,6000
D0000888,O000359,P005,3,8500,0,25500
D0000889,O000360,P018,1,12000,0,12000
D0000890,O000360,P007,3,18000,0,54000
D0000891,O000360,P017,1,4500,5,4275
D0000892,O000360,P001,3,3500,0,10500
D0000893,O000361,P011,2,11500,10,20700
D0000894,O000362,P006,1,10500,5,9975
D0000895,O000363,P004,3,2500,0,7500
D0000896,O000363,P019,1,17000,10,15300
D0000897,O000364,P015,3,3000,10,8100
D0000898,O000365,P005,3,8500,0,25500
D0000899,O000366,P001,1,3500,0,3500
D0000900,O000366,P002,3,3500,0,10500
D0000901,O000366,P003,3,5500,0,16500
D0000902,O000366,P014,1,6500,10,5850
D0000903,O000367,P006,3,10500,5,29925
D0000904,O000368,P005,1,8500,0,8500
D0000905,O000368,P013,1,8500,5,8075
D0000906,O000368,P009,1,15000,0,15000
D0000907,O000368,P019,1,17000,10,15300
D0000908,O000369,P019,3,17000,10,45900
D0000909,O000369,P006,2,10500,0,21000
D0000910,O000370,P018,3,12000,10,32400
D0000911,O000371,P015,3,3000,10,8100
D0000912,O000371,P017,1,4500,10,4050
D0000913,O000372,P014,3,6500,0,19500
D0000914,O000373,P006,3,10500,0,31500
D0000915,O000373,P013,2,8500,0,17000
D0000916,O000373,P015,3,3000,5,8550
D0000917,O000373,P007,1,18000,10,16200
D0000918,O000374,P003,1,5500,10,4950
D0000919,O000374,P004,2,2500,0,5000
D0000920,O000374,P012,2,39500,0,79000
D0000921,O000374,P001,3,3500,0,10500
D0000922,O000375,P015,1,3000,5,2850
D0000923,O000375,P002,2,3500,0,7000
D0000924,O000375,P004,1,2500,10,2250
D0000925,O000376,P017,3,4500,0,13500
D0000926,O000376,P016,2,15500,10,27900
D0000927,O000377,P014,3,6500,0,19500
D0000928,O000378,P006,2,10500,5,19950
D0000929,O000378,P014,3,6500,10,17550
D0000930,O000378,P019,1,17000,10,15300
D0000931,O000378,P018,2,12000,0,24000
D0000932,O000379,P017,1,4500,0,4500
D0000933,O000380,P020,1,29500,5,28025
D0000934,O000380,P009,1,15000,0,15000
D0000935,O000380,P002,2,3500,10,6300
D0000936,O000380,P005,3,8500,0,25500
D0000937,O000381,P009,3,15000,0,45000
D0000938,O000381,P016,3,15500,5,44175
D0000939,O000381,P013,2,8500,10,15300
D0000940,O000382,P020,3,29500,0,88500
D0000941,O000382,P013,2,8500,0,17000
D0000942,O000383,P015,3,3000,0,9000
D0000943,O000383,P011,1,11500,10,10350
D0000944,O000383,P013,3,8500,0,25500
D0000945,O000383,P002,1,3500,5,3325
D0000946,O000384,P003,3,5500,10,14850
D0000947,O000385,P003,2,5500,10,9900
D0000948,O000385,P009,1,15000,10,13500
D0000949,O000386,P006,3,10500,0,31500
D0000950,O000386,P017,2,4500,5,8550
D0000951,O000387,P005,1,8500,0,8500
D0000952,O000387,P017,2,4500,0,9000
D0000953,O000387,P011,1,11500,10,10350
D0000954,O000387,P016,1,15500,0,15500
D0000955,O000388,P013,2,8500,0,17000
D0000956,O000388,P007,3,18000,5,51300
D0000957,O000389,P008,2,24500,0,49000
D0000958,O000389,P003,3,5500,0,16500
D0000959,O000389,P014,1,6500,10,5850
D0000960,O000390,P018,1,12000,0,12000
D0000961,O000390,P004,3,2500,0,7500
D0000962,O000390,P002,2,3500,5,6650
D0000963,O000391,P012,2,39500,0,79000
D0000964,O000391,P004,2,2500,0,5000
D0000965,O000392,P004,2,2500,0,5000
D0000966,O000392,P005,2,8500,0,17000
D0000967,O000392,P017,2,4500,0,9000
D0000968,O000393,P013,1,8500,5,8075
D0000969,O000393,P020,3,29500,0,88500
D0000970,O000393,P011,3,11500,0,34500
D0000971,O000394,P015,2,3000,10,5400
D0000972,O000394,P004,3,2500,10,6750
D0000973,O000395,P018,2,12000,0,24000
D0000974,O000395,P004,2,2500,10,4500
D0000975,O000396,P016,1,15500,0,15500
D0000976,O000396,P011,2,11500,0,23000
D0000977,O000397,P007,2,18000,10,32400
D0000978,O000397,P011,3,11500,0,34500
D0000979,O000397,P013,2,8500,10,15300
D0000980,O000398,P011,2,11500,0,23000
D0000981,O000398,P005,1,8500,0,8500
D0000982,O000398,P015,1,3000,0,3000
D0000983,O000399,P008,1,24500,0,24500
D0000984,O000399,P019,3,17000,0,51000
D0000985,O000399,P009,1,15000,10,13500
D0000986,O000399,P018,3,12000,0,36000
D0000987,O000400,P003,2,5500,10,9900
D0000988,O000400,P006,3,10500,5,29925
D0000989,O000400,P008,1,24500,0,24500
D0000990,O000401,P017,2,4500,0,9000
D0000991,O000401,P004,2,2500,0,5000
D0000992,O000401,P019,2,17000,0,34000
D0000993,O000402,P016,2,15500,10,27900
D0000994,O000402,P002,2,3500,5,6650
D0000995,O000403,P002,3,3500,0,10500
D0000996,O000403,P010,2,5500,0,11000
D0000997,O000403,P018,3,12000,5,34200
D0000998,O000404,P017,2,4500,0,9000
D0000999,O000405,P001,1,3500,10,3150
D0001000,O000405,P012,1,39500,0,39500
D0001001,O000405,P008,1,24500,0,24500
D0001002,O000405,P003,2,5500,0,11000
D0001003,O000406,P009,3,15000,10,40500
D0001004,O000406,P008,1,24500,0,24500
D0001005,O000406,P006,3,10500,0,31500
D0001006,O000407,P013,2,8500,5,16150
D0001007,O000407,P012,1,39500,10,35550
D0001008,O000407,P002,1,3500,0,3500
D0001009,O000408,P018,1,12000,0,12000
D0001010,O000408,P014,2,6500,0,13000
D0001011,O000409,P015,2,3000,0,6000
D0001012,O000410,P013,1,8500,0,8500
D0001013,O000410,P009,3,15000,5,42750
D0001014,O000410,P008,1,24500,5,23275
D0001015,O000410,P012,2,39500,5,75050
D0001016,O000411,P002,3,3500,0,10500
D0001017,O000411,P003,1,5500,0,5500
D0001018,O000411,P019,3,17000,0,51000
D0001019,O000412,P011,2,11500,10,20700
D0001020,O000412,P010,3,5500,5,15675
D0001021,O000413,P006,1,10500,5,9975
D0001022,O000414,P015,1,3000,0,3000
D0001023,O000414,P010,1,5500,0,5500
D0001024,O000414,P009,2,15000,5,28500
D0001025,O000415,P018,1,12000,5,11400
D0001026,O000415,P011,2,11500,5,21850
D0001027,O000416,P003,3,5500,0,16500
D0001028,O000417,P007,2,18000,0,36000
D0001029,O000417,P012,1,39500,5,37525
D0001030,O000418,P011,2,11500,5,21850
D0001031,O000418,P009,2,15000,5,28500
D0001032,O000418,P003,1,5500,0,5500
D0001033,O000418,P007,1,18000,0,18000
D0001034,O000419,P003,3,5500,10,14850
D0001035,O000419,P013,2,8500,10,15300
D0001036,O000419,P018,1,12000,0,12000
D0001037,O000420,P007,1,18000,0,18000
D0001038,O000420,P010,3,5500,5,15675
D0001039,O000420,P009,2,15000,0,30000
D0001040,O000421,P002,2,3500,0,7000
D0001041,O000421,P015,2,3000,10,5400
D0001042,O000422,P018,2,12000,10,21600
D0001043,O000422,P012,2,39500,0,79000
D0001044,O000422,P006,2,10500,0,21000
D0001045,O000423,P001,2,3500,0,7000
D0001046,O000423,P011,2,11500,0,23000
D0001047,O000423,P008,1,24500,5,23275
D0001048,O000423,P006,1,10500,10,9450
D0001049,O000424,P018,3,12000,5,34200
D0001050,O000424,P016,1,15500,5,14725
D0001051,O000425,P014,1,6500,0,6500
D0001052,O000426,P013,2,8500,5,16150
D0001053,O000426,P018,2,12000,0,24000
D0001054,O000426,P010,2,5500,10,9900
D0001055,O000427,P007,2,18000,0,36000
D0001056,O000427,P020,2,29500,0,59000
D0001057,O000427,P016,2,15500,0,31000
D0001058,O000428,P017,3,4500,10,12150
D0001059,O000428,P011,3,11500,0,34500
D0001060,O000429,P008,1,24500,5,23275
D0001061,O000429,P005,1,8500,5,8075
D0001062,O000429,P004,3,2500,10,6750
D0001063,O000429,P012,1,39500,10,35550
D0001064,O000430,P016,3,15500,5,44175
D0001065,O000430,P015,3,3000,0,9000
D0001066,O000430,P019,2,17000,0,34000
D0001067,O000431,P009,2,15000,0,30000
D0001068,O000431,P008,2,24500,10,44100
D0001069,O000432,P005,2,8500,0,17000
D0001070,O000432,P018,3,12000,0,36000
D0001071,O000433,P011,3,11500,0,34500
D0001072,O000434,P012,1,39500,0,39500
D0001073,O000434,P020,2,29500,0,59000
D0001074,O000434,P004,1,2500,0,2500
D0001075,O000434,P018,3,12000,0,36000
D0001076,O000435,P012,2,39500,10,71100
D0001077,O000435,P018,1,12000,0,12000
D0001078,O000435,P004,2,2500,10,4500
D0001079,O000435,P015,3,3000,5,8550
D0001080,O000436,P020,1,29500,10,26550
D0001081,O000436,P001,3,3500,10,9450
D0001082,O000437,P004,1,2500,0,2500
D0001083,O000438,P004,1,2500,0,2500
D0001084,O000438,P014,3,6500,0,19500
D0001085,O000438,P001,1,3500,10,3150
D0001086,O000438,P017,2,4500,5,8550
D0001087,O000439,P011,3,11500,10,31050
D0001088,O000440,P001,1,3500,0,3500
D0001089,O000440,P014,2,6500,0,13000
D0001090,O000440,P011,2,11500,0,23000
D0001091,O000441,P011,3,11500,5,32775
D0001092,O000441,P014,3,6500,0,19500
D0001093,O000441,P018,3,12000,0,36000
D0001094,O000441,P002,2,3500,0,7000
D0001095,O000442,P019,1,17000,0,17000
D0001096,O000442,P006,2,10500,5,19950
D0001097,O000442,P017,2,4500,0,9000
D0001098,O000443,P006,1,10500,10,9450
D0001099,O000443,P012,3,39500,0,118500
D0001100,O000444,P018,3,12000,0,36000
D0001101,O000444,P007,1,18000,0,18000
D0001102,O000445,P015,2,3000,5,5700
D0001103,O000445,P010,3,5500,10,14850
D0001104,O000445,P008,1,24500,0,24500
D0001105,O000445,P004,2,2500,0,5000
D0001106,O000446,P001,1,3500,0,3500
D0001107,O000446,P016,1,15500,0,15500
D0001108,O000446,P011,2,11500,5,21850
D0001109,O000447,P018,1,12000,5,11400
D0001110,O000447,P014,3,6500,0,19500
D0001111,O000448,P015,2,3000,5,5700
D0001112,O000448,P012,2,39500,5,75050
D0001113,O000448,P007,3,18000,0,54000
D0001114,O000448,P001,2,3500,0,7000
D0001115,O000449,P020,3,29500,10,79650
D0001116,O000450,P016,1,15500,5,14725
D0001117,O000450,P017,3,4500,10,12150
D0001118,O000450,P006,2,10500,0,21000
D0001119,O000451,P016,1,15500,10,13950
D0001120,O000451,P004,3,2500,0,7500
D0001121,O000451,P018,1,12000,5,11400
D0001122,O000451,P014,2,6500,10,11700
D0001123,O000452,P011,3,11500,0,34500
D0001124,O000452,P014,1,6500,5,6175
D0001125,O000452,P015,1,3000,0,3000
D0001126,O000452,P002,1,3500,0,3500
D0001127,O000453,P020,2,29500,0,59000
D0001128,O000453,P002,3,3500,10,9450
D0001129,O000453,P001,3,3500,0,10500
D0001130,O000454,P009,3,15000,0,45000
D0001131,O000454,P018,1,12000,10,10800
D0001132,O000454,P003,1,5500,5,5225
D0001133,O000455,P004,1,2500,0,2500
D0001134,O000455,P020,1,29500,10,26550
D0001135,O000456,P003,1,5500,5,5225
D0001136,O000457,P006,3,10500,5,29925
D0001137,O000457,P011,1,11500,0,11500
D0001138,O000458,P018,3,12000,0,36000
D0001139,O000459,P002,1,3500,10,3150
D0001140,O000459,P005,2,8500,5,16150
D0001141,O000459,P017,1,4500,0,4500
D0001142,O000459,P003,3,5500,0,16500
D0001143,O000460,P016,2,15500,5,29450
D0001144,O000460,P010,3,5500,0,16500
D0001145,O000460,P002,1,3500,0,3500
D0001146,O000460,P005,1,8500,5,8075
D0001147,O000461,P014,3,6500,0,19500
D0001148,O000461,P013,3,8500,0,25500
D0001149,O000461,P003,3,5500,5,15675
D0001150,O000461,P007,2,18000,5,34200
D0001151,O000462,P019,2,17000,0,34000
D0001152,O000462,P012,1,39500,5,37525
D0001153,O000462,P020,3,29500,5,84075
D0001154,O000462,P015,2,3000,10,5400
D0001155,O000463,P017,2,4500,5,8550
D0001156,O000463,P001,3,3500,5,9975
D0001157,O000463,P009,2,15000,10,27000
D0001158,O000464,P019,1,17000,5,16150
D0001159,O000465,P010,3,5500,0,16500
D0001160,O000466,P016,2,15500,5,29450
D0001161,O000466,P009,2,15000,0,30000
D0001162,O000467,P010,1,5500,0,5500
D0001163,O000467,P016,2,15500,10,27900
D0001164,O000467,P020,3,29500,5,84075
D0001165,O000468,P015,1,3000,0,3000
D0001166,O000468,P008,2,24500,5,46550
D0001167,O000469,P019,2,17000,0,34000
D0001168,O000470,P005,1,8500,5,8075
D0001169,O000470,P006,3,10500,5,29925
D0001170,O000470,P003,2,5500,0,11000
D0001171,O000470,P013,3,8500,10,22950
D0001172,O000471,P005,3,8500,10,22950
D0001173,O000471,P003,2,5500,0,11000
D0001174,O000471,P017,1,4500,10,4050
D0001175,O000472,P017,1,4500,10,4050
D0001176,O000472,P001,1,3500,0,3500
D0001177,O000473,P018,3,12000,5,34200
D0001178,O000473,P017,1,4500,0,4500
D0001179,O000473,P015,3,3000,0,9000
D0001180,O000473,P004,3,2500,0,7500
D0001181,O000474,P008,2,24500,5,46550
D0001182,O000474,P020,3,29500,5,84075
D0001183,O000475,P017,2,4500,0,9000
D0001184,O000475,P013,2,8500,10,15300
D0001185,O000476,P012,3,39500,5,112575
D0001186,O000476,P007,3,18000,0,54000
D0001187,O000477,P009,3,15000,5,42750
D0001188,O000478,P018,3,12000,10,32400
D0001189,O000478,P010,1,5500,10,4950
D0001190,O000478,P001,1,3500,5,3325
D0001191,O000479,P017,3,4500,0,13500
D0001192,O000479,P001,2,3500,10,6300
D0001193,O000479,P016,3,15500,5,44175
D0001194,O000480,P017,2,4500,10,8100
D0001195,O000481,P012,3,39500,0,118500
D0001196,O000481,P006,1,10500,5,9975
D0001197,O000482,P015,2,3000,5,5700
D0001198,O000482,P001,2,3500,0,7000
D0001199,O000482,P011,1,11500,0,11500
D0001200,O000482,P008,1,24500,0,24500
D0001201,O000483,P013,2,8500,0,17000
D0001202,O000484,P019,2,17000,10,30600
D0001203,O000484,P020,1,29500,10,26550
D0001204,O000484,P010,2,5500,0,11000
D0001205,O000485,P013,2,8500,0,17000
D0001206,O000486,P019,1,17000,0,17000
D0001207,O000486,P002,3,3500,5,9975
D0001208,O000486,P018,3,12000,0,36000
D0001209,O000487,P017,2,4500,10,8100
D0001210,O000487,P006,3,10500,0,31500
D0001211,O000487,P014,1,6500,0,6500
D0001212,O000487,P020,3,29500,0,88500
D0001213,O000488,P002,2,3500,5,6650
D0001214,O000488,P011,1,11500,0,11500
D0001215,O000488,P006,1,10500,5,9975
D0001216,O000488,P016,2,15500,10,27900
D0001217,O000489,P010,3,5500,0,16500
D0001218,O000490,P008,2,24500,0,49000
D0001219,O000490,P001,2,3500,0,7000
D0001220,O000490,P013,3,8500,10,22950
D0001221,O000490,P003,1,5500,0,5500
D0001222,O000491,P012,3,39500,5,112575
D0001223,O000491,P016,2,15500,0,31000
D0001224,O000491,P010,3,5500,5,15675
D0001225,O000492,P002,3,3500,0,10500
D0001226,O000492,P012,3,39500,0,118500
D0001227,O000492,P009,2,15000,0,30000
D0001228,O000493,P018,3,12000,10,32400
D0001229,O000493,P011,2,11500,5,21850
D0001230,O000493,P006,3,10500,5,29925
D0001231,O000493,P020,2,29500,5,56050
D0001232,O000494,P005,2,8500,0,17000
D0001233,O000494,P020,3,29500,10,79650
D0001234,O000495,P020,3,29500,0,88500
D0001235,O000495,P018,3,12000,5,34200
D0001236,O000495,P010,2,5500,0,11000
D0001237,O000496,P002,3,3500,10,9450
D0001238,O000496,P017,1,4500,5,4275
D0001239,O000497,P009,2,15000,10,27000
D0001240,O000497,P003,2,5500,0,11000
D0001241,O000497,P004,2,2500,0,5000
D0001242,O000498,P014,3,6500,0,19500
D0001243,O000498,P004,1,2500,0,2500
D0001244,O000498,P012,1,39500,0,39500
D0001245,O000499,P014,2,6500,0,13000
D0001246,O000499,P018,2,12000,10,21600
D0001247,O000499,P007,1,18000,0,18000
D0001248,O000499,P019,2,17000,0,34000
D0001249,O000500,P015,1,3000,10,2700
D0001250,O000500,P001,1,3500,0,3500
D0001251,O000500,P005,2,8500,5,16150
D0001252,O000501,P015,1,3000,5,2850
D0001253,O000502,P002,3,3500,10,9450
D0001254,O000502,P020,2,29500,0,59000
D0001255,O000502,P001,1,3500,0,3500
D0001256,O000503,P001,1,3500,10,3150
D0001257,O000504,P004,1,2500,10,2250
D0001258,O000505,P013,2,8500,5,16150
D0001259,O000506,P001,1,3500,10,3150
D0001260,O000507,P003,3,5500,10,14850
D0001261,O000508,P015,3,3000,10,8100
D0001262,O000508,P011,2,11500,5,21850
D0001263,O000509,P013,1,8500,0,8500
D0001264,O000510,P018,1,12000,0,12000
D0001265,O000510,P011,1,11500,10,10350
D0001266,O000511,P016,3,15500,5,44175
D0001267,O000512,P015,1,3000,10,2700
D0001268,O000512,P020,1,29500,5,28025
D0001269,O000512,P014,2,6500,5,12350
D0001270,O000512,P011,3,11500,10,31050
D0001271,O000513,P003,2,5500,5,10450
D0001272,O000514,P011,3,11500,5,32775
D0001273,O000515,P012,2,39500,0,79000
D0001274,O000515,P003,1,5500,5,5225
D0001275,O000515,P011,3,11500,0,34500
D0001276,O000515,P002,3,3500,0,10500
D0001277,O000516,P001,2,3500,0,7000
D0001278,O000516,P004,1,2500,10,2250
D0001279,O000516,P009,2,15000,10,27000
D0001280,O000517,P007,2,18000,0,36000
D0001281,O000517,P018,1,12000,0,12000
D0001282,O000518,P002,1,3500,0,3500
D0001283,O000518,P011,2,11500,10,20700
D0001284,O000519,P011,2,11500,5,21850
D0001285,O000520,P018,1,12000,0,12000
D0001286,O000520,P011,3,11500,5,32775
D0001287,O000521,P001,1,3500,0,3500
D0001288,O000521,P006,1,10500,0,10500
D0001289,O000521,P012,3,39500,10,106650
D0001290,O000522,P007,1,18000,0,18000
D0001291,O000523,P015,2,3000,10,5400
D0001292,O000524,P004,1,2500,0,2500
D0001293,O000524,P001,3,3500,10,9450
D0001294,O000525,P012,2,39500,10,71100
D0001295,O000525,P004,3,2500,10,6750
D0001296,O000526,P013,2,8500,5,16150
D0001297,O000526,P003,1,5500,5,5225
D0001298,O000526,P015,1,3000,0,3000
D0001299,O000527,P005,2,8500,5,16150
D0001300,O000528,P002,1,3500,0,3500
D0001301,O000528,P016,2,15500,10,27900
D0001302,O000528,P001,2,3500,10,6300
D0001303,O000529,P013,3,8500,10,22950
D0001304,O000529,P015,3,3000,0,9000
D0001305,O000530,P018,1,12000,0,12000
D0001306,O000531,P002,1,3500,0,3500
D0001307,O000532,P002,2,3500,10,6300
D0001308,O000533,P008,1,24500,5,23275
D0001309,O000533,P012,3,39500,0,118500
D0001310,O000533,P013,3,8500,0,25500
D0001311,O000534,P008,1,24500,10,22050
D0001312,O000535,P012,3,39500,10,106650
D0001313,O000535,P004,1,2500,10,2250
D0001314,O000536,P002,2,3500,5,6650
D0001315,O000537,P017,2,4500,5,8550
D0001316,O000538,P011,1,11500,0,11500
D0001317,O000538,P008,3,24500,5,69825
D0001318,O000539,P005,1,8500,5,8075
D0001319,O000539,P008,2,24500,0,49000
D0001320,O000539,P011,1,11500,5,10925
D0001321,O000540,P020,1,29500,5,28025
D0001322,O000540,P016,3,15500,0,46500
D0001323,O000541,P020,2,29500,0,59000
D0001324,O000541,P016,3,15500,0,46500
D0001325,O000542,P005,3,8500,10,22950
D0001326,O000542,P004,2,2500,5,4750
D0001327,O000542,P014,1,6500,0,6500
D0001328,O000542,P016,2,15500,10,27900
D0001329,O000543,P019,2,17000,10,30600
D0001330,O000543,P002,1,3500,0,3500
D0001331,O000543,P012,3,39500,10,106650
D0001332,O000543,P008,1,24500,0,24500
D0001333,O000544,P010,3,5500,0,16500
D0001334,O000544,P004,2,2500,10,4500
D0001335,O000544,P017,2,4500,0,9000
D0001336,O000544,P019,2,17000,0,34000
D0001337,O000545,P009,2,15000,0,30000
D0001338,O000545,P011,2,11500,0,23000
D0001339,O000545,P019,1,17000,0,17000
D0001340,O000545,P003,1,5500,0,5500
D0001341,O000546,P006,3,10500,5,29925
D0001342,O000546,P018,1,12000,0,12000
D0001343,O000546,P008,2,24500,5,46550
D0001344,O000547,P011,2,11500,0,23000
D0001345,O000547,P016,1,15500,5,14725
D0001346,O000547,P008,2,24500,5,46550
D0001347,O000548,P010,3,5500,5,15675
D0001348,O000549,P008,1,24500,10,22050
D0001349,O000549,P017,2,4500,10,8100
D0001350,O000549,P006,2,10500,0,21000
D0001351,O000550,P018,2,12000,0,24000
D0001352,O000550,P006,2,10500,10,18900
D0001353,O000550,P016,1,15500,5,14725
D0001354,O000550,P005,1,8500,5,8075
D0001355,O000551,P019,2,17000,0,34000
D0001356,O000552,P007,1,18000,5,17100
D0001357,O000552,P004,2,2500,10,4500
D0001358,O000552,P017,3,4500,0,13500
D0001359,O000552,P016,2,15500,10,27900
D0001360,O000553,P001,2,3500,0,7000
D0001361,O000553,P014,2,6500,10,11700
D0001362,O000554,P013,1,8500,0,8500
D0001363,O000554,P018,1,12000,0,12000
D0001364,O000554,P006,3,10500,0,31500
D0001365,O000554,P020,3,29500,0,88500
D0001366,O000555,P017,2,4500,0,9000
D0001367,O000556,P009,2,15000,0,30000
D0001368,O000556,P008,2,24500,10,44100
D0001369,O000556,P010,3,5500,0,16500
D0001370,O000556,P017,3,4500,10,12150
D0001371,O000557,P008,2,24500,5,46550
D0001372,O000557,P006,1,10500,10,9450
D0001373,O000558,P004,3,2500,0,7500
D0001374,O000558,P009,3,15000,10,40500
D0001375,O000558,P007,3,18000,0,54000
D0001376,O000559,P006,2,10500,0,21000
D0001377,O000559,P001,2,3500,5,6650
D0001378,O000560,P020,2,29500,10,53100
D0001379,O000560,P010,3,5500,10,14850
D0001380,O000560,P018,2,12000,5,22800
D0001381,O000561,P019,3,17000,10,45900
D0001382,O000561,P018,2,12000,0,24000
D0001383,O000561,P016,3,15500,5,44175
D0001384,O000561,P015,1,3000,0,3000
D0001385,O000562,P005,1,8500,5,8075
D0001386,O000563,P006,1,10500,0,10500
D0001387,O000564,P009,2,15000,0,30000
D0001388,O000564,P012,2,39500,0,79000
D0001389,O000564,P013,2,8500,0,17000
D0001390,O000565,P020,3,29500,0,88500
D0001391,O000565,P004,3,2500,5,7125
D0001392,O000565,P017,1,4500,5,4275
D0001393,O000565,P010,2,5500,10,9900
D0001394,O000566,P014,3,6500,0,19500
D0001395,O000566,P009,3,15000,5,42750
D0001396,O000566,P010,1,5500,5,5225
D0001397,O000567,P008,2,24500,0,49000
D0001398,O000567,P010,1,5500,10,4950
D0001399,O000567,P009,3,15000,5,42750
D0001400,O000567,P012,1,39500,0,39500
D0001401,O000568,P008,1,24500,10,22050
D0001402,O000569,P015,2,3000,10,5400
D0001403,O000569,P011,1,11500,5,10925
D0001404,O000570,P009,2,15000,5,28500
D0001405,O000570,P016,3,15500,5,44175
D0001406,O000571,P007,2,18000,5,34200
D0001407,O000571,P013,2,8500,10,15300
D0001408,O000572,P017,3,4500,10,12150
D0001409,O000573,P016,2,15500,0,31000
D0001410,O000573,P018,2,12000,0,24000
D0001411,O000573,P015,2,3000,0,6000
D0001412,O000574,P015,1,3000,0,3000
D0001413,O000575,P017,3,4500,10,12150
D0001414,O000576,P002,1,3500,5,3325
D0001415,O000576,P006,2,10500,10,18900
D0001416,O000576,P007,3,18000,0,54000
D0001417,O000576,P016,1,15500,0,15500
D0001418,O000577,P009,3,15000,0,45000
D0001419,O000578,P007,3,18000,10,48600
D0001420,O000578,P003,3,5500,10,14850
D0001421,O000579,P020,2,29500,0,59000
D0001422,O000579,P012,1,39500,0,39500
D0001423,O000580,P010,2,5500,5,10450
D0001424,O000580,P020,2,29500,0,59000
D0001425,O000580,P015,3,3000,10,8100
D0001426,O000581,P006,2,10500,5,19950
D0001427,O000581,P012,1,39500,10,35550
D0001428,O000581,P007,2,18000,0,36000
D0001429,O000582,P004,2,2500,0,5000
D0001430,O000583,P018,1,12000,10,10800
D0001431,O000583,P011,2,11500,10,20700
D0001432,O000584,P016,3,15500,0,46500
D0001433,O000584,P018,3,12000,5,34200
D0001434,O000584,P015,1,3000,0,3000
D0001435,O000585,P019,2,17000,10,30600
D0001436,O000586,P015,2,3000,0,6000
D0001437,O000586,P011,2,11500,10,20700
D0001438,O000587,P018,1,12000,0,12000
D0001439,O000587,P019,2,17000,0,34000
D0001440,O000587,P003,2,5500,5,10450
D0001441,O000588,P006,1,10500,0,10500
D0001442,O000588,P003,3,5500,10,14850
D0001443,O000588,P016,3,15500,0,46500
D0001444,O000588,P001,3,3500,10,9450
D0001445,O000589,P010,3,5500,0,16500
D0001446,O000589,P003,2,5500,0,11000
D0001447,O000589,P019,3,17000,0,51000
D0001448,O000589,P005,1,8500,5,8075
D0001449,O000590,P004,1,2500,0,2500
D0001450,O000590,P003,2,5500,5,10450
D0001451,O000590,P002,1,3500,0,3500
D0001452,O000591,P017,1,4500,5,4275
D0001453,O000591,P018,2,12000,5,22800
D0001454,O000592,P007,1,18000,5,17100
D0001455,O000592,P017,2,4500,10,8100
D0001456,O000592,P013,1,8500,0,8500
D0001457,O000593,P016,2,15500,0,31000
D0001458,O000593,P009,1,15000,10,13500
D0001459,O000593,P006,1,10500,5,9975
D0001460,O000593,P018,1,12000,0,12000
D0001461,O000594,P008,3,24500,10,66150
D0001462,O000594,P002,1,3500,0,3500
D0001463,O000594,P009,2,15000,0,30000
D0001464,O000594,P003,3,5500,10,14850
D0001465,O000595,P012,2,39500,10,71100
D0001466,O000595,P010,2,5500,0,11000
D0001467,O000595,P005,2,8500,10,15300
D0001468,O000596,P008,2,24500,0,49000
D0001469,O000596,P016,2,15500,0,31000
D0001470,O000596,P014,3,6500,0,19500
D0001471,O000596,P006,3,10500,0,31500
D0001472,O000597,P009,1,15000,0,15000
D0001473,O000597,P015,2,3000,5,5700
D0001474,O000598,P007,1,18000,0,18000
D0001475,O000598,P013,3,8500,0,25500
D0001476,O000598,P004,2,2500,0,5000
D0001477,O000598,P017,2,4500,5,8550
D0001478,O000599,P012,1,39500,0,39500
D0001479,O000599,P001,1,3500,0,3500
D0001480,O000599,P016,3,15500,0,46500
D0001481,O000599,P017,2,4500,0,9000
D0001482,O000600,P006,1,10500,0,10500
D0001483,O000600,P007,3,18000,5,51300
D0001484,O000601,P007,2,18000,0,36000
D0001485,O000601,P019,3,17000,10,45900
D0001486,O000601,P016,2,15500,10,27900
D0001487,O000602,P015,2,3000,10,5400
D0001488,O000602,P013,2,8500,10,15300
D0001489,O000603,P014,1,6500,0,6500
D0001490,O000604,P002,2,3500,5,6650
D0001491,O000604,P006,3,10500,10,28350
D0001492,O000605,P001,1,3500,0,3500
D0001493,O000606,P002,1,3500,5,3325
D0001494,O000607,P019,2,17000,10,30600
D0001495,O000607,P015,2,3000,0,6000
D0001496,O000607,P007,2,18000,5,34200
D0001497,O000608,P004,1,2500,10,2250
D0001498,O000609,P004,1,2500,0,2500
D0001499,O000610,P001,3,3500,10,9450
D0001500,O000610,P002,3,3500,0,10500
D0001501,O000610,P003,1,5500,5,5225
D0001502,O000611,P020,1,29500,10,26550
D0001503,O000611,P001,3,3500,5,9975
D0001504,O000611,P009,1,15000,0,15000
D0001505,O000611,P014,2,6500,5,12350
D0001506,O000612,P004,1,2500,0,2500
D0001507,O000613,P016,2,15500,0,31000
D0001508,O000614,P007,2,18000,10,32400
D0001509,O000614,P016,2,15500,0,31000
D0001510,O000614,P002,1,3500,0,3500
D0001511,O000615,P003,1,5500,0,5500
D0001512,O000615,P009,1,15000,10,13500
D0001513,O000615,P020,1,29500,5,28025
D0001514,O000616,P010,3,5500,10,14850
D0001515,O000616,P005,2,8500,0,17000
D0001516,O000616,P013,1,8500,0,8500
D0001517,O000616,P001,3,3500,5,9975
D0001518,O000617,P020,1,29500,5,28025
D0001519,O000617,P002,3,3500,0,10500
D0001520,O000618,P005,3,8500,10,22950
D0001521,O000618,P016,1,15500,5,14725
D0001522,O000618,P014,1,6500,5,6175
D0001523,O000618,P013,3,8500,0,25500
D0001524,O000619,P015,3,3000,10,8100
D0001525,O000619,P006,2,10500,5,19950
D0001526,O000620,P002,2,3500,5,6650
D0001527,O000621,P006,2,10500,0,21000
D0001528,O000621,P011,3,11500,0,34500
D0001529,O000621,P004,1,2500,0,2500
D0001530,O000622,P016,2,15500,0,31000
D0001531,O000622,P002,3,3500,0,10500
D0001532,O000623,P004,3,2500,0,7500
D0001533,O000623,P003,2,5500,5,10450
D0001534,O000624,P003,3,5500,0,16500
D0001535,O000625,P006,2,10500,0,21000
D0001536,O000625,P003,2,5500,10,9900
D0001537,O000625,P014,1,6500,0,6500
D0001538,O000626,P020,2,29500,0,59000
D0001539,O000626,P016,2,15500,10,27900
D0001540,O000627,P004,2,2500,0,5000
D0001541,O000627,P013,1,8500,5,8075
D0001542,O000628,P003,3,5500,10,14850
D0001543,O000629,P018,2,12000,0,24000
D0001544,O000629,P010,1,5500,5,5225
D0001545,O000630,P020,1,29500,0,29500
D0001546,O000631,P002,2,3500,10,6300
D0001547,O000632,P007,2,18000,0,36000
D0001548,O000632,P009,3,15000,5,42750
D0001549,O000632,P003,3,5500,0,16500
D0001550,O000633,P013,1,8500,0,8500
D0001551,O000633,P009,1,15000,10,13500
D0001552,O000633,P001,3,3500,0,10500
D0001553,O000634,P006,1,10500,0,10500
D0001554,O000634,P018,1,12000,10,10800
D0001555,O000634,P015,2,3000,0,6000
D0001556,O000634,P013,2,8500,10,15300
D0001557,O000635,P011,3,11500,5,32775
D0001558,O000635,P005,2,8500,0,17000
D0001559,O000635,P019,3,17000,10,45900
D0001560,O000635,P013,3,8500,5,24225
D0001561,O000636,P002,3,3500,0,10500
D0001562,O000636,P013,1,8500,0,8500
D0001563,O000637,P015,1,3000,5,2850
D0001564,O000637,P004,3,2500,5,7125
D0001565,O000638,P016,3,15500,5,44175
D0001566,O000638,P011,3,11500,5,32775
D0001567,O000638,P004,3,2500,10,6750
D0001568,O000639,P014,3,6500,5,18525
D0001569,O000639,P008,3,24500,0,73500
D0001570,O000640,P018,3,12000,0,36000
D0001571,O000641,P013,2,8500,5,16150
D0001572,O000642,P014,2,6500,5,12350
D0001573,O000642,P017,2,4500,0,9000
D0001574,O000642,P007,3,18000,5,51300
D0001575,O000643,P012,2,39500,0,79000
D0001576,O000644,P001,3,3500,10,9450
D0001577,O000645,P010,3,5500,0,16500
D0001578,O000645,P005,3,8500,5,24225
D0001579,O000645,P001,1,3500,5,3325
D0001580,O000645,P007,2,18000,0,36000
D0001581,O000646,P015,2,3000,0,6000
D0001582,O000646,P012,2,39500,0,79000
D0001583,O000647,P016,2,15500,5,29450
D0001584,O000647,P015,1,3000,0,3000
D0001585,O000648,P007,3,18000,10,48600
D0001586,O000648,P006,1,10500,0,10500
D0001587,O000648,P010,2,5500,5,10450
D0001588,O000648,P016,1,15500,10,13950
D0001589,O000649,P005,2,8500,5,16150
D0001590,O000649,P012,3,39500,10,106650
D0001591,O000649,P010,2,5500,0,11000
D0001592,O000649,P007,2,18000,10,32400
D0001593,O000650,P003,2,5500,0,11000
D0001594,O000650,P005,1,8500,5,8075
D0001595,O000650,P017,2,4500,0,9000
D0001596,O000650,P018,1,12000,10,10800
D0001597,O000651,P002,2,3500,0,7000
D0001598,O000651,P011,2,11500,10,20700
D0001599,O000651,P013,1,8500,5,8075
D0001600,O000651,P005,3,8500,5,24225
D0001601,O000652,P008,3,24500,10,66150
D0001602,O000652,P005,2,8500,5,16150
D0001603,O000652,P012,1,39500,5,37525
D0001604,O000652,P004,3,2500,0,7500
D0001605,O000653,P005,3,8500,10,22950
D0001606,O000654,P016,3,15500,10,41850
D0001607,O000654,P013,2,8500,0,17000
D0001608,O000654,P009,3,15000,0,45000
D0001609,O000654,P007,3,18000,5,51300
D0001610,O000655,P007,1,18000,0,18000
D0001611,O000656,P002,3,3500,5,9975
D0001612,O000656,P005,2,8500,0,17000
D0001613,O000656,P016,1,15500,5,14725
D0001614,O000657,P010,3,5500,10,14850
D0001615,O000657,P013,1,8500,0,8500
D0001616,O000657,P016,3,15500,5,44175
D0001617,O000658,P020,1,29500,0,29500
D0001618,O000659,P010,3,5500,5,15675
D0001619,O000659,P006,3,10500,5,29925
D0001620,O000659,P014,1,6500,0,6500
D0001621,O000660,P009,2,15000,10,27000
D0001622,O000660,P006,2,10500,0,21000
D0001623,O000661,P014,1,6500,0,6500
D0001624,O000662,P014,2,6500,0,13000
D0001625,O000663,P002,1,3500,5,3325
D0001626,O000663,P016,3,15500,0,46500
D0001627,O000663,P013,3,8500,10,22950
D0001628,O000664,P006,2,10500,0,21000
D0001629,O000664,P007,3,18000,0,54000
D0001630,O000664,P012,1,39500,0,39500
D0001631,O000664,P003,3,5500,10,14850
D0001632,O000665,P006,1,10500,5,9975
D0001633,O000665,P013,1,8500,0,8500
D0001634,O000665,P005,3,8500,0,25500
D0001635,O000666,P004,3,2500,5,7125
D0001636,O000666,P014,2,6500,10,11700
D0001637,O000667,P011,2,11500,10,20700
D0001638,O000667,P016,2,15500,10,27900
D0001639,O000667,P005,1,8500,5,8075
D0001640,O000668,P018,3,12000,0,36000
D0001641,O000668,P019,1,17000,5,16150
D0001642,O000669,P008,2,24500,5,46550
D0001643,O000670,P019,2,17000,10,30600
D0001644,O000670,P016,1,15500,0,15500
D0001645,O000670,P018,3,12000,0,36000
D0001646,O000670,P015,3,3000,0,9000
D0001647,O000671,P017,2,4500,5,8550
D0001648,O000672,P002,2,3500,10,6300
D0001649,O000672,P007,2,18000,0,36000
D0001650,O000672,P006,2,10500,0,21000
D0001651,O000673,P012,2,39500,0,79000
D0001652,O000673,P011,2,11500,0,23000
D0001653,O000673,P019,1,17000,0,17000
D0001654,O000674,P015,1,3000,10,2700
D0001655,O000674,P009,1,15000,10,13500
D0001656,O000675,P005,2,8500,5,16150
D0001657,O000675,P002,3,3500,5,9975
D0001658,O000675,P015,3,3000,0,9000
D0001659,O000676,P002,1,3500,0,3500
D0001660,O000676,P017,3,4500,0,13500
D0001661,O000677,P012,2,39500,0,79000
D0001662,O000677,P019,1,17000,10,15300
D0001663,O000677,P010,2,5500,5,10450
D0001664,O000678,P014,3,6500,10,17550
D0001665,O000678,P006,3,10500,0,31500
D0001666,O000678,P009,2,15000,5,28500
D0001667,O000678,P003,1,5500,0,5500
D0001668,O000679,P012,1,39500,5,37525
D0001669,O000679,P013,2,8500,5,16150
D0001670,O000680,P019,3,17000,0,51000
D0001671,O000680,P003,1,5500,5,5225
D0001672,O000680,P018,2,12000,10,21600
D0001673,O000680,P008,1,24500,0,24500
D0001674,O000681,P017,2,4500,0,9000
D0001675,O000681,P012,1,39500,0,39500
D0001676,O000681,P015,2,3000,0,6000
D0001677,O000682,P020,3,29500,10,79650
D0001678,O000683,P017,3,4500,5,12825
D0001679,O000683,P011,1,11500,0,11500
D0001680,O000683,P016,3,15500,10,41850
D0001681,O000684,P003,1,5500,10,4950
D0001682,O000685,P006,3,10500,0,31500
D0001683,O000686,P004,2,2500,0,5000
D0001684,O000686,P014,2,6500,0,13000
D0001685,O000686,P001,1,3500,10,3150
D0001686,O000687,P009,3,15000,10,40500
D0001687,O000687,P011,2,11500,10,20700
D0001688,O000687,P010,1,5500,0,5500
D0001689,O000687,P006,2,10500,0,21000
D0001690,O000688,P014,2,6500,10,11700
D0001691,O000688,P012,2,39500,10,71100
D0001692,O000689,P018,1,12000,0,12000
D0001693,O000690,P019,2,17000,10,30600
D0001694,O000691,P010,3,5500,10,14850
D0001695,O000691,P002,1,3500,0,3500
D0001696,O000691,P015,2,3000,5,5700
D0001697,O000691,P006,1,10500,0,10500
D0001698,O000692,P018,3,12000,0,36000
D0001699,O000692,P012,2,39500,5,75050
D0001700,O000692,P007,1,18000,5,17100
D0001701,O000693,P012,2,39500,5,75050
D0001702,O000693,P005,1,8500,5,8075
D0001703,O000694,P005,2,8500,10,15300
D0001704,O000694,P011,3,11500,0,34500
D0001705,O000695,P002,3,3500,0,10500
D0001706,O000695,P005,1,8500,5,8075
D0001707,O000695,P009,1,15000,0,15000
D0001708,O000695,P007,2,18000,10,32400
D0001709,O000696,P001,2,3500,0,7000
D0001710,O000696,P011,3,11500,5,32775
D0001711,O000696,P012,1,39500,0,39500
D0001712,O000697,P016,1,15500,5,14725
D0001713,O000697,P012,1,39500,0,39500
D0001714,O000697,P010,1,5500,10,4950
D0001715,O000698,P003,3,5500,5,15675
D0001716,O000699,P002,2,3500,0,7000
D0001717,O000699,P017,3,4500,10,12150
D0001718,O000699,P019,3,17000,0,51000
D0001719,O000700,P005,1,8500,0,8500
D0001720,O000700,P018,1,12000,5,11400
D0001721,O000700,P009,3,15000,0,45000
D0001722,O000700,P007,2,18000,0,36000
D0001723,O000701,P018,2,12000,10,21600
D0001724,O000701,P009,1,15000,0,15000
D0001725,O000701,P019,1,17000,10,15300
D0001726,O000701,P008,2,24500,5,46550
D0001727,O000702,P019,3,17000,0,51000
D0001728,O000702,P018,2,12000,5,22800
D0001729,O000702,P005,2,8500,5,16150
D0001730,O000703,P006,2,10500,5,19950
D0001731,O000704,P020,2,29500,5,56050
D0001732,O000705,P018,1,12000,0,12000
D0001733,O000705,P020,2,29500,0,59000
D0001734,O000705,P015,2,3000,10,5400
D0001735,O000705,P017,2,4500,0,9000
D0001736,O000706,P011,3,11500,0,34500
D0001737,O000706,P013,3,8500,5,24225
D0001738,O000706,P003,3,5500,0,16500
D0001739,O000706,P016,1,15500,0,15500
D0001740,O000707,P019,3,17000,0,51000
D0001741,O000707,P020,1,29500,5,28025
D0001742,O000707,P017,1,4500,0,4500
D0001743,O000708,P002,1,3500,10,3150
D0001744,O000708,P007,1,18000,0,18000
D0001745,O000708,P014,3,6500,10,17550
D0001746,O000709,P001,2,3500,5,6650
D0001747,O000710,P010,1,5500,10,4950
D0001748,O000710,P001,2,3500,10,6300
D0001749,O000710,P007,3,18000,5,51300
D0001750,O000710,P015,3,3000,0,9000
D0001751,O000711,P017,3,4500,0,13500
D0001752,O000711,P018,2,12000,0,24000
D0001753,O000711,P009,3,15000,0,45000
D0001754,O000711,P002,3,3500,10,9450
D0001755,O000712,P006,1,10500,10,9450
D0001756,O000712,P009,3,15000,5,42750
D0001757,O000712,P007,1,18000,0,18000
D0001758,O000713,P016,1,15500,5,14725
D0001759,O000713,P002,2,3500,5,6650
D0001760,O000714,P013,3,8500,5,24225
D0001761,O000714,P018,3,12000,5,34200
D0001762,O000714,P016,2,15500,5,29450
D0001763,O000715,P015,1,3000,10,2700
D0001764,O000716,P010,1,5500,5,5225
D0001765,O000716,P002,3,3500,10,9450
D0001766,O000716,P017,2,4500,0,9000
D0001767,O000717,P018,3,12000,0,36000
D0001768,O000717,P013,1,8500,5,8075
D0001769,O000717,P017,3,4500,10,12150
D0001770,O000718,P006,2,10500,0,21000
D0001771,O000719,P020,2,29500,10,53100
D0001772,O000719,P008,2,24500,10,44100
D0001773,O000720,P017,1,4500,0,4500
D0001774,O000721,P011,1,11500,5,10925
D0001775,O000722,P008,2,24500,10,44100
D0001776,O000723,P003,2,5500,5,10450
D0001777,O000723,P015,2,3000,5,5700
D0001778,O000723,P005,2,8500,0,17000
D0001779,O000723,P019,2,17000,5,32300
D0001780,O000724,P014,2,6500,0,13000
D0001781,O000724,P017,3,4500,5,12825
D0001782,O000725,P012,2,39500,10,71100
D0001783,O000725,P010,2,5500,0,11000
D0001784,O000725,P019,2,17000,0,34000
D0001785,O000725,P009,2,15000,0,30000
D0001786,O000726,P015,2,3000,5,5700
D0001787,O000726,P016,3,15500,5,44175
D0001788,O000726,P017,3,4500,0,13500
D0001789,O000726,P011,3,11500,10,31050
D0001790,O000727,P014,3,6500,0,19500
D0001791,O000727,P016,2,15500,0,31000
D0001792,O000727,P007,3,18000,0,54000
D0001793,O000728,P001,2,3500,5,6650
D0001794,O000728,P012,3,39500,0,118500
D0001795,O000728,P002,3,3500,10,9450
D0001796,O000728,P009,1,15000,10,13500
D0001797,O000729,P005,3,8500,0,25500
D0001798,O000729,P014,1,6500,5,6175
D0001799,O000729,P011,2,11500,0,23000
D0001800,O000729,P016,1,15500,5,14725
D0001801,O000730,P004,1,2500,5,2375
D0001802,O000730,P018,3,12000,0,36000
D0001803,O000730,P003,1,5500,10,4950
D0001804,O000730,P013,3,8500,0,25500
D0001805,O000731,P015,3,3000,0,9000
D0001806,O000732,P010,3,5500,10,14850
D0001807,O000733,P009,3,15000,5,42750
D0001808,O000733,P004,3,2500,10,6750
D0001809,O000734,P020,3,29500,5,84075
D0001810,O000734,P009,1,15000,10,13500
D0001811,O000734,P017,2,4500,5,8550
D0001812,O000735,P004,2,2500,5,4750
D0001813,O000736,P020,1,29500,0,29500
D0001814,O000736,P007,3,18000,5,51300
D0001815,O000737,P009,1,15000,0,15000
D0001816,O000737,P010,1,5500,0,5500
D0001817,O000737,P013,3,8500,10,22950
D0001818,O000737,P001,2,3500,10,6300
D0001819,O000738,P004,2,2500,10,4500
D0001820,O000738,P011,1,11500,5,10925
D0001821,O000738,P013,2,8500,5,16150
D0001822,O000739,P018,2,12000,10,21600
D0001823,O000739,P015,1,3000,0,3000
D0001824,O000739,P010,3,5500,0,16500
D0001825,O000739,P001,3,3500,5,9975
D0001826,O000740,P017,2,4500,10,8100
D0001827,O000740,P012,2,39500,5,75050
D0001828,O000741,P002,3,3500,0,10500
D0001829,O000741,P017,1,4500,5,4275
D0001830,O000742,P007,1,18000,0,18000
D0001831,O000742,P011,1,11500,10,10350
D0001832,O000743,P002,3,3500,5,9975
D0001833,O000743,P008,1,24500,0,24500
D0001834,O000744,P012,1,39500,0,39500
D0001835,O000745,P018,1,12000,5,11400
D0001836,O000745,P020,1,29500,0,29500
D0001837,O000745,P016,2,15500,5,29450
D0001838,O000745,P011,2,11500,0,23000
D0001839,O000746,P016,3,15500,0,46500
D0001840,O000746,P012,3,39500,0,118500
D0001841,O000746,P010,3,5500,10,14850
D0001842,O000746,P014,1,6500,5,6175
D0001843,O000747,P009,2,15000,5,28500
D0001844,O000747,P017,2,4500,5,8550
D0001845,O000747,P007,3,18000,5,51300
D0001846,O000748,P007,2,18000,0,36000
D0001847,O000748,P011,1,11500,10,10350
D0001848,O000748,P014,1,6500,5,6175
D0001849,O000748,P001,2,3500,5,6650
D0001850,O000749,P005,3,8500,5,24225
D0001851,O000749,P009,2,15000,0,30000
D0001852,O000749,P008,1,24500,0,24500
D0001853,O000749,P010,3,5500,10,14850
D0001854,O000750,P019,1,17000,10,15300
D0001855,O000751,P004,2,2500,10,4500
D0001856,O000751,P003,2,5500,0,11000
D0001857,O000751,P010,2,5500,10,9900
D0001858,O000752,P020,3,29500,5,84075
D0001859,O000752,P010,1,5500,10,4950
D0001860,O000752,P019,1,17000,0,17000
D0001861,O000753,P019,2,17000,5,32300
D0001862,O000753,P017,3,4500,0,13500
D0001863,O000753,P014,1,6500,10,5850
D0001864,O000753,P013,3,8500,10,22950
D0001865,O000754,P006,1,10500,5,9975
D0001866,O000754,P014,1,6500,0,6500
D0001867,O000754,P019,3,17000,0,51000
D0001868,O000755,P020,3,29500,0,88500
D0001869,O000755,P003,2,5500,10,9900
D0001870,O000756,P012,3,39500,0,118500
D0001871,O000756,P014,2,6500,0,13000
D0001872,O000757,P018,1,12000,5,11400
D0001873,O000758,P019,1,17000,5,16150
D0001874,O000758,P012,1,39500,0,39500
D0001875,O000758,P006,2,10500,0,21000
D0001876,O000758,P002,1,3500,0,3500
D0001877,O000759,P020,1,29500,0,29500
D0001878,O000760,P015,2,3000,10,5400
D0001879,O000760,P020,2,29500,10,53100
D0001880,O000761,P016,3,15500,0,46500
D0001881,O000762,P005,3,8500,10,22950
D0001882,O000762,P018,1,12000,0,12000
D0001883,O000762,P013,3,8500,0,25500
D0001884,O000762,P012,3,39500,5,112575
D0001885,O000763,P020,2,29500,0,59000
D0001886,O000763,P002,3,3500,0,10500
D0001887,O000763,P004,1,2500,0,2500
D0001888,O000764,P010,2,5500,5,10450
D0001889,O000764,P007,2,18000,5,34200
D0001890,O000764,P001,2,3500,5,6650
D0001891,O000764,P008,1,24500,10,22050
D0001892,O000765,P012,3,39500,0,118500
D0001893,O000765,P001,1,3500,0,3500
D0001894,O000766,P001,3,3500,5,9975
D0001895,O000766,P003,2,5500,5,10450
D0001896,O000766,P002,2,3500,10,6300
D0001897,O000767,P005,3,8500,0,25500
D0001898,O000767,P015,2,3000,5,5700
D0001899,O000767,P017,1,4500,5,4275
D0001900,O000767,P009,2,15000,0,30000
D0001901,O000768,P019,3,17000,0,51000
D0001902,O000768,P020,2,29500,0,59000
D0001903,O000768,P006,3,10500,0,31500
D0001904,O000769,P004,1,2500,5,2375
D0001905,O000770,P001,3,3500,10,9450
D0001906,O000770,P014,3,6500,5,18525
D0001907,O000770,P004,1,2500,0,2500
D0001908,O000770,P005,1,8500,10,7650
D0001909,O000771,P017,3,4500,10,12150
D0001910,O000771,P019,3,17000,0,51000
D0001911,O000771,P012,3,39500,0,118500
D0001912,O000772,P003,1,5500,10,4950
D0001913,O000772,P004,2,2500,5,4750
D0001914,O000773,P001,2,3500,5,6650
D0001915,O000773,P004,2,2500,0,5000
D0001916,O000773,P016,1,15500,0,15500
D0001917,O000774,P011,1,11500,5,10925
D0001918,O000774,P017,3,4500,10,12150
D0001919,O000774,P012,1,39500,0,39500
D0001920,O000775,P020,3,29500,0,88500
D0001921,O000776,P010,2,5500,10,9900
D0001922,O000776,P017,1,4500,10,4050
D0001923,O000776,P009,3,15000,5,42750
D0001924,O000776,P014,1,6500,0,6500
D0001925,O000777,P009,3,15000,0,45000
D0001926,O000777,P008,3,24500,10,66150
D0001927,O000778,P014,3,6500,0,19500
D0001928,O000778,P008,1,24500,0,24500
D0001929,O000778,P020,2,29500,0,59000
D0001930,O000779,P011,3,11500,0,34500
D0001931,O000779,P012,1,39500,5,37525
D0001932,O000780,P015,1,3000,0,3000
D0001933,O000781,P010,1,5500,0,5500
D0001934,O000781,P019,2,17000,0,34000
D0001935,O000781,P001,1,3500,0,3500
D0001936,O000781,P007,2,18000,0,36000
D0001937,O000782,P020,2,29500,0,59000
D0001938,O000782,P004,2,2500,10,4500
D0001939,O000782,P006,3,10500,0,31500
D0001940,O000783,P005,3,8500,5,24225
D0001941,O000783,P011,2,11500,0,23000
D0001942,O000784,P003,2,5500,10,9900
D0001943,O000784,P007,2,18000,0,36000
D0001944,O000784,P015,2,3000,0,6000
D0001945,O000784,P018,1,12000,5,11400
D0001946,O000785,P018,1,12000,0,12000
D0001947,O000785,P009,2,15000,5,28500
D0001948,O000786,P001,3,3500,0,10500
D0001949,O000786,P005,2,8500,10,15300
D0001950,O000786,P009,1,15000,10,13500
D0001951,O000786,P020,1,29500,0,29500
D0001952,O000787,P001,1,3500,10,3150
D0001953,O000787,P020,3,29500,0,88500
D0001954,O000788,P014,3,6500,0,19500
D0001955,O000788,P012,3,39500,0,118500
D0001956,O000788,P007,1,18000,10,16200
D0001957,O000788,P003,3,5500,10,14850
D0001958,O000789,P009,1,15000,10,13500
D0001959,O000790,P014,1,6500,0,6500
D0001960,O000790,P017,1,4500,5,4275
D0001961,O000791,P004,2,2500,10,4500
D0001962,O000791,P018,1,12000,0,12000
D0001963,O000792,P019,2,17000,10,30600
D0001964,O000792,P001,2,3500,10,6300
D0001965,O000793,P009,3,15000,0,45000
D0001966,O000793,P015,3,3000,0,9000
D0001967,O000793,P019,3,17000,10,45900
D0001968,O000793,P005,3,8500,0,25500
D0001969,O000794,P007,3,18000,5,51300
D0001970,O000795,P020,1,29500,0,29500
D0001971,O000795,P010,2,5500,0,11000
D0001972,O000795,P006,2,10500,5,19950
D0001973,O000796,P002,3,3500,0,10500
D0001974,O000796,P010,3,5500,10,14850
D0001975,O000796,P005,3,8500,10,22950
D0001976,O000797,P004,2,2500,0,5000
D0001977,O000797,P015,3,3000,5,8550
D0001978,O000797,P003,2,5500,10,9900
D0001979,O000798,P011,3,11500,10,31050
D0001980,O000798,P015,2,3000,0,6000
D0001981,O000799,P003,3,5500,0,16500
D0001982,O000799,P016,2,15500,0,31000
D0001983,O000799,P008,2,24500,10,44100
D0001984,O000800,P017,2,4500,5,8550
D0001985,O000800,P014,1,6500,0,6500
D0001986,O000800,P013,3,8500,0,25500
D0001987,O000800,P019,1,17000,0,17000
D0001988,O000801,P002,3,3500,10,9450
D0001989,O000802,P011,3,11500,0,34500
D0001990,O000802,P003,3,5500,5,15675
D0001991,O000802,P016,2,15500,5,29450
D0001992,O000803,P006,2,10500,0,21000
D0001993,O000803,P017,3,4500,5,12825
D0001994,O000803,P005,2,8500,0,17000
D0001995,O000803,P010,2,5500,0,11000
D0001996,O000804,P003,1,5500,5,5225
D0001997,O000805,P004,2,2500,10,4500
D0001998,O000806,P020,1,29500,5,28025
D0001999,O000806,P012,2,39500,0,79000
D0002000,O000806,P010,1,5500,5,5225
D0002001,O000807,P006,1,10500,0,10500
D0002002,O000808,P016,1,15500,0,15500
D0002003,O000809,P011,3,11500,10,31050
D0002004,O000810,P010,1,5500,0,5500
D0002005,O000810,P003,1,5500,10,4950
D0002006,O000811,P006,2,10500,0,21000
D0002007,O000812,P017,1,4500,0,4500
D0002008,O000812,P018,3,12000,0,36000
D0002009,O000812,P020,3,29500,0,88500
D0002010,O000812,P001,1,3500,10,3150
D0002011,O000813,P016,2,15500,5,29450
D0002012,O000813,P003,1,5500,0,5500
D0002013,O000813,P002,3,3500,5,9975
D0002014,O000813,P017,3,4500,10,12150
D0002015,O000814,P016,2,15500,0,31000
D0002016,O000814,P011,2,11500,0,23000
D0002017,O000814,P015,1,3000,0,3000
D0002018,O000815,P016,3,15500,0,46500
D0002019,O000815,P003,3,5500,0,16500
D0002020,O000815,P017,2,4500,0,9000
D0002021,O000815,P006,2,10500,0,21000
D0002022,O000816,P004,1,2500,10,2250
D0002023,O000816,P012,3,39500,0,118500
D0002024,O000816,P016,1,15500,0,15500
D0002025,O000817,P006,2,10500,10,18900
D0002026,O000817,P007,2,18000,0,36000
D0002027,O000818,P001,2,3500,5,6650
D0002028,O000818,P003,3,5500,5,15675
D0002029,O000818,P011,1,11500,0,11500
D0002030,O000818,P006,3,10500,10,28350
D0002031,O000819,P006,3,10500,0,31500
D0002032,O000820,P013,2,8500,10,15300
D0002033,O000820,P011,1,11500,0,11500
D0002034,O000820,P020,3,29500,10,79650
D0002035,O000821,P010,1,5500,5,5225
D0002036,O000821,P013,3,8500,0,25500
D0002037,O000821,P001,1,3500,5,3325
D0002038,O000822,P004,2,2500,0,5000
D0002039,O000823,P009,3,15000,10,40500
D0002040,O000823,P015,1,3000,10,2700
D0002041,O000823,P013,1,8500,10,7650
D0002042,O000823,P018,3,12000,0,36000
D0002043,O000824,P013,2,8500,5,16150
D0002044,O000824,P016,1,15500,0,15500
D0002045,O000825,P001,1,3500,10,3150
D0002046,O000825,P010,2,5500,5,10450
D0002047,O000826,P018,2,12000,5,22800
D0002048,O000826,P014,2,6500,5,12350
D0002049,O000827,P018,1,12000,0,12000
D0002050,O000827,P013,1,8500,0,8500
D0002051,O000827,P006,3,10500,0,31500
D0002052,O000827,P014,2,6500,5,12350
D0002053,O000828,P013,2,8500,0,17000
D0002054,O000828,P007,1,18000,5,17100
D0002055,O000829,P013,1,8500,5,8075
D0002056,O000829,P016,1,15500,5,14725
D0002057,O000829,P003,2,5500,10,9900
D0002058,O000829,P001,3,3500,0,10500
D0002059,O000830,P020,3,29500,10,79650
D0002060,O000830,P014,2,6500,0,13000
D0002061,O000831,P001,2,3500,5,6650
D0002062,O000831,P003,3,5500,10,14850
D0002063,O000831,P018,2,12000,5,22800
D0002064,O000831,P019,3,17000,10,45900
D0002065,O000832,P013,3,8500,0,25500
D0002066,O000833,P011,2,11500,0,23000
D0002067,O000833,P006,2,10500,0,21000
D0002068,O000833,P020,1,29500,5,28025
D0002069,O000833,P009,1,15000,5,14250
D0002070,O000834,P005,2,8500,0,17000
D0002071,O000834,P016,3,15500,10,41850
D0002072,O000834,P017,1,4500,0,4500
D0002073,O000835,P005,1,8500,5,8075
D0002074,O000835,P009,3,15000,0,45000
D0002075,O000836,P016,3,15500,10,41850
D0002076,O000836,P015,2,3000,0,6000
D0002077,O000836,P014,2,6500,0,13000
D0002078,O000837,P015,2,3000,0,6000
D0002079,O000837,P005,3,8500,5,24225
D0002080,O000837,P006,2,10500,5,19950
D0002081,O000838,P010,3,5500,10,14850
D0002082,O000838,P012,1,39500,5,37525
D0002083,O000838,P020,3,29500,5,84075
D0002084,O000838,P016,2,15500,0,31000
D0002085,O000839,P014,3,6500,10,17550
D0002086,O000839,P010,1,5500,0,5500
D0002087,O000839,P020,1,29500,0,29500
D0002088,O000840,P004,3,2500,10,6750
D0002089,O000840,P015,3,3000,10,8100
D0002090,O000840,P007,2,18000,5,34200
D0002091,O000841,P001,2,3500,10,6300
D0002092,O000841,P006,2,10500,0,21000
D0002093,O000841,P016,1,15500,10,13950
D0002094,O000842,P001,1,3500,0,3500
D0002095,O000842,P012,2,39500,0,79000
D0002096,O000842,P016,3,15500,10,41850
D0002097,O000842,P009,2,15000,0,30000
D0002098,O000843,P002,3,3500,5,9975
D0002099,O000843,P003,2,5500,0,11000
D0002100,O000843,P007,2,18000,0,36000
D0002101,O000844,P012,1,39500,0,39500
D0002102,O000845,P012,1,39500,0,39500
D0002103,O000845,P013,1,8500,5,8075
D0002104,O000846,P001,3,3500,10,9450
D0002105,O000846,P010,1,5500,5,5225
D0002106,O000846,P020,3,29500,0,88500
D0002107,O000846,P008,2,24500,10,44100
D0002108,O000847,P006,1,10500,0,10500
D0002109,O000847,P010,1,5500,0,5500
D0002110,O000847,P005,1,8500,5,8075
D0002111,O000847,P015,2,3000,0,6000
D0002112,O000848,P009,3,15000,5,42750
D0002113,O000848,P008,2,24500,10,44100
D0002114,O000849,P018,1,12000,5,11400
D0002115,O000850,P007,1,18000,10,16200
D0002116,O000851,P005,1,8500,0,8500
D0002117,O000851,P020,3,29500,0,88500
D0002118,O000852,P010,1,5500,10,4950
D0002119,O000853,P013,1,8500,10,7650
D0002120,O000853,P016,1,15500,5,14725
D0002121,O000854,P012,3,39500,0,118500
D0002122,O000855,P008,2,24500,5,46550
D0002123,O000855,P016,3,15500,5,44175
D0002124,O000855,P011,3,11500,0,34500
D0002125,O000855,P018,2,12000,5,22800
D0002126,O000856,P011,1,11500,5,10925
D0002127,O000856,P019,1,17000,10,15300
D0002128,O000856,P005,3,8500,0,25500
D0002129,O000856,P013,1,8500,0,8500
D0002130,O000857,P020,1,29500,5,28025
D0002131,O000857,P005,3,8500,10,22950
D0002132,O000857,P019,2,17000,5,32300
D0002133,O000858,P008,2,24500,10,44100
D0002134,O000858,P017,3,4500,0,13500
D0002135,O000858,P020,2,29500,5,56050
D0002136,O000858,P010,1,5500,5,5225
D0002137,O000859,P002,1,3500,0,3500
D0002138,O000859,P020,3,29500,5,84075
D0002139,O000859,P013,2,8500,0,17000
D0002140,O000860,P011,2,11500,10,20700
D0002141,O000860,P018,1,12000,10,10800
D0002142,O000860,P006,3,10500,0,31500
D0002143,O000860,P005,2,8500,10,15300
D0002144,O000861,P019,1,17000,0,17000
D0002145,O000861,P020,2,29500,0,59000
D0002146,O000862,P003,1,5500,0,5500
D0002147,O000862,P009,3,15000,5,42750
D0002148,O000863,P002,3,3500,10,9450
D0002149,O000863,P017,1,4500,5,4275
D0002150,O000863,P015,2,3000,0,6000
D0002151,O000864,P012,2,39500,10,71100
D0002152,O000864,P015,1,3000,0,3000
D0002153,O000864,P009,2,15000,0,30000
D0002154,O000865,P018,3,12000,10,32400
D0002155,O000865,P006,1,10500,0,10500
D0002156,O000865,P013,2,8500,0,17000
D0002157,O000866,P009,1,15000,10,13500
D0002158,O000866,P020,1,29500,0,29500
D0002159,O000866,P017,2,4500,0,9000
D0002160,O000866,P006,1,10500,5,9975
D0002161,O000867,P017,1,4500,0,4500
D0002162,O000867,P006,1,10500,10,9450
D0002163,O000867,P007,1,18000,10,16200
D0002164,O000868,P009,3,15000,5,42750
D0002165,O000868,P012,1,39500,5,37525
D0002166,O000868,P011,3,11500,0,34500
D0002167,O000868,P020,1,29500,10,26550
D0002168,O000869,P015,1,3000,0,3000
D0002169,O000869,P014,1,6500,0,6500
D0002170,O000869,P013,2,8500,0,17000
D0002171,O000869,P007,3,18000,10,48600
D0002172,O000870,P009,3,15000,5,42750
D0002173,O000870,P020,3,29500,10,79650
D0002174,O000871,P016,3,15500,5,44175
D0002175,O000871,P018,2,12000,10,21600
D0002176,O000872,P002,3,3500,0,10500
D0002177,O000872,P009,2,15000,0,30000
D0002178,O000872,P017,3,4500,5,12825
D0002179,O000872,P010,3,5500,0,16500
D0002180,O000873,P011,1,11500,10,10350
D0002181,O000873,P012,2,39500,0,79000
D0002182,O000873,P017,2,4500,5,8550
D0002183,O000873,P003,2,5500,0,11000
D0002184,O000874,P005,2,8500,0,17000
D0002185,O000875,P020,1,29500,5,28025
D0002186,O000875,P008,1,24500,5,23275
D0002187,O000875,P018,1,12000,0,12000
D0002188,O000876,P016,2,15500,5,29450
D0002189,O000876,P009,3,15000,0,45000
D0002190,O000876,P005,3,8500,10,22950
D0002191,O000876,P003,3,5500,10,14850
D0002192,O000877,P009,3,15000,10,40500
D0002193,O000878,P009,2,15000,5,28500
D0002194,O000879,P003,3,5500,0,16500
D0002195,O000880,P013,1,8500,0,8500
D0002196,O000881,P018,2,12000,10,21600
D0002197,O000882,P004,3,2500,5,7125
D0002198,O000882,P008,1,24500,0,24500
D0002199,O000883,P018,2,12000,0,24000
D0002200,O000883,P011,3,11500,5,32775
D0002201,O000883,P015,1,3000,0,3000
D0002202,O000883,P013,1,8500,10,7650
D0002203,O000884,P015,2,3000,0,6000
D0002204,O000884,P011,1,11500,0,11500
D0002205,O000885,P004,3,2500,0,7500
D0002206,O000886,P003,3,5500,5,15675
D0002207,O000886,P010,2,5500,0,11000
D0002208,O000886,P005,1,8500,10,7650
D0002209,O000886,P004,2,2500,5,4750
D0002210,O000887,P020,3,29500,0,88500
D0002211,O000887,P014,2,6500,5,12350
D0002212,O000887,P017,3,4500,0,13500
D0002213,O000887,P010,2,5500,0,11000
D0002214,O000888,P001,2,3500,10,6300
D0002215,O000888,P014,1,6500,10,5850
D0002216,O000889,P016,1,15500,0,15500
D0002217,O000889,P020,2,29500,10,53100
D0002218,O000889,P005,1,8500,10,7650
D0002219,O000890,P005,2,8500,0,17000
D0002220,O000890,P019,1,17000,0,17000
D0002221,O000890,P015,2,3000,5,5700
D0002222,O000890,P003,3,5500,0,16500
D0002223,O000891,P009,1,15000,0,15000
D0002224,O000891,P006,2,10500,5,19950
D0002225,O000891,P008,1,24500,5,23275
D0002226,O000891,P007,3,18000,5,51300
D0002227,O000892,P009,2,15000,0,30000
D0002228,O000892,P019,2,17000,0,34000
D0002229,O000892,P006,2,10500,10,18900
D0002230,O000892,P015,1,3000,0,3000
D0002231,O000893,P009,1,15000,0,15000
D0002232,O000893,P003,1,5500,0,5500
D0002233,O000893,P010,3,5500,10,14850
D0002234,O000894,P011,3,11500,0,34500
D0002235,O000894,P002,3,3500,0,10500
D0002236,O000894,P018,1,12000,0,12000
D0002237,O000894,P004,2,2500,5,4750
D0002238,O000895,P013,1,8500,0,8500
D0002239,O000895,P007,3,18000,5,51300
D0002240,O000895,P018,2,12000,0,24000
D0002241,O000896,P011,3,11500,0,34500
D0002242,O000896,P004,1,2500,10,2250
D0002243,O000897,P014,1,6500,0,6500
D0002244,O000897,P005,1,8500,0,8500
D0002245,O000897,P009,2,15000,5,28500
D0002246,O000897,P004,3,2500,0,7500
D0002247,O000898,P013,2,8500,5,16150
D0002248,O000898,P005,1,8500,0,8500
D0002249,O000899,P010,1,5500,0,5500
D0002250,O000899,P020,1,29500,0,29500
D0002251,O000899,P012,2,39500,5,75050
D0002252,O000900,P017,3,4500,0,13500
D0002253,O000900,P003,2,5500,10,9900
D0002254,O000900,P012,2,39500,5,75050
D0002255,O000900,P009,3,15000,0,45000
D0002256,O000901,P020,1,29500,0,29500
D0002257,O000901,P002,3,3500,10,9450
D0002258,O000901,P019,3,17000,0,51000
D0002259,O000902,P001,3,3500,0,10500
D0002260,O000902,P011,1,11500,0,11500
D0002261,O000902,P015,2,3000,0,6000
D0002262,O000903,P015,2,3000,0,6000
D0002263,O000903,P005,2,8500,0,17000
D0002264,O000903,P010,1,5500,5,5225
D0002265,O000904,P003,1,5500,0,5500
D0002266,O000904,P018,3,12000,10,32400
D0002267,O000904,P001,1,3500,5,3325
D0002268,O000904,P006,2,10500,5,19950
D0002269,O000905,P017,3,4500,5,12825
D0002270,O000905,P018,3,12000,0,36000
D0002271,O000905,P012,2,39500,5,75050
D0002272,O000906,P009,2,15000,0,30000
D0002273,O000906,P011,1,11500,10,10350
D0002274,O000906,P018,1,12000,10,10800
D0002275,O000906,P004,1,2500,5,2375
D0002276,O000907,P016,3,15500,5,44175
D0002277,O000908,P017,3,4500,0,13500
D0002278,O000908,P008,2,24500,5,46550
D0002279,O000908,P020,1,29500,0,29500
D0002280,O000909,P011,3,11500,10,31050
D0002281,O000909,P019,1,17000,5,16150
D0002282,O000909,P003,2,5500,10,9900
D0002283,O000910,P017,3,4500,0,13500
D0002284,O000911,P006,3,10500,0,31500
D0002285,O000911,P010,2,5500,5,10450
D0002286,O000911,P009,2,15000,10,27000
D0002287,O000912,P008,1,24500,10,22050
D0002288,O000913,P007,1,18000,0,18000
D0002289,O000914,P001,2,3500,5,6650
D0002290,O000914,P012,3,39500,10,106650
D0002291,O000914,P017,2,4500,10,8100
D0002292,O000914,P002,1,3500,0,3500
D0002293,O000915,P005,1,8500,5,8075
D0002294,O000915,P018,3,12000,0,36000
D0002295,O000915,P002,1,3500,10,3150
D0002296,O000915,P008,2,24500,5,46550
D0002297,O000916,P014,2,6500,10,11700
D0002298,O000916,P005,3,8500,0,25500
D0002299,O000917,P003,1,5500,0,5500
D0002300,O000917,P001,1,3500,0,3500
D0002301,O000917,P006,2,10500,0,21000
D0002302,O000917,P020,2,29500,0,59000
D0002303,O000918,P001,1,3500,0,3500
D0002304,O000919,P020,3,29500,10,79650
D0002305,O000919,P009,2,15000,0,30000
D0002306,O000919,P001,2,3500,0,7000
D0002307,O000920,P011,1,11500,0,11500
D0002308,O000920,P016,2,15500,10,27900
D0002309,O000921,P005,1,8500,5,8075
D0002310,O000922,P004,2,2500,5,4750
D0002311,O000922,P015,2,3000,10,5400
D0002312,O000922,P005,2,8500,10,15300
D0002313,O000922,P014,3,6500,10,17550
D0002314,O000923,P007,3,18000,0,54000
D0002315,O000924,P017,3,4500,0,13500
D0002316,O000924,P009,1,15000,0,15000
D0002317,O000925,P010,3,5500,0,16500
D0002318,O000925,P014,3,6500,0,19500
D0002319,O000925,P008,1,24500,5,23275
D0002320,O000926,P001,3,3500,0,10500
D0002321,O000926,P014,2,6500,5,12350
D0002322,O000926,P018,1,12000,0,12000
D0002323,O000926,P007,1,18000,5,17100
D0002324,O000927,P018,2,12000,0,24000
D0002325,O000927,P019,2,17000,5,32300
D0002326,O000928,P004,3,2500,0,7500
D0002327,O000928,P020,3,29500,0,88500
D0002328,O000929,P003,2,5500,0,11000
D0002329,O000929,P018,3,12000,5,34200
D0002330,O000929,P007,3,18000,0,54000
D0002331,O000929,P015,1,3000,0,3000
D0002332,O000930,P016,1,15500,5,14725
D0002333,O000930,P013,1,8500,10,7650
D0002334,O000930,P002,1,3500,10,3150
D0002335,O000931,P014,2,6500,0,13000
D0002336,O000931,P013,1,8500,10,7650
D0002337,O000931,P017,1,4500,0,4500
D0002338,O000931,P019,3,17000,10,45900
D0002339,O000932,P010,3,5500,5,15675
D0002340,O000932,P004,1,2500,0,2500
D0002341,O000932,P016,2,15500,0,31000
D0002342,O000933,P011,1,11500,10,10350
D0002343,O000933,P005,3,8500,10,22950
D0002344,O000934,P011,1,11500,5,10925
D0002345,O000935,P013,1,8500,5,8075
D0002346,O000935,P002,3,3500,0,10500
D0002347,O000935,P004,1,2500,0,2500
D0002348,O000935,P017,2,4500,5,8550
D0002349,O000936,P002,3,3500,5,9975
D0002350,O000936,P019,3,17000,5,48450
D0002351,O000936,P003,2,5500,5,10450
D0002352,O000936,P010,2,5500,10,9900
D0002353,O000937,P017,3,4500,5,12825
D0002354,O000937,P016,1,15500,0,15500
D0002355,O000938,P007,1,18000,10,16200
D0002356,O000938,P006,2,10500,5,19950
D0002357,O000939,P008,2,24500,5,46550
D0002358,O000939,P011,1,11500,10,10350
D0002359,O000940,P020,1,29500,10,26550
D0002360,O000940,P012,2,39500,0,79000
D0002361,O000941,P004,1,2500,0,2500
D0002362,O000941,P014,3,6500,0,19500
D0002363,O000941,P015,2,3000,10,5400
D0002364,O000942,P001,2,3500,10,6300
D0002365,O000942,P018,3,12000,5,34200
D0002366,O000942,P004,2,2500,0,5000
D0002367,O000943,P010,1,5500,0,5500
D0002368,O000944,P020,1,29500,10,26550
D0002369,O000944,P016,3,15500,0,46500
D0002370,O000944,P003,2,5500,0,11000
D0002371,O000944,P006,2,10500,0,21000
D0002372,O000945,P019,1,17000,0,17000
D0002373,O000945,P018,2,12000,0,24000
D0002374,O000946,P005,1,8500,0,8500
D0002375,O000946,P003,3,5500,0,16500
D0002376,O000947,P020,1,29500,5,28025
D0002377,O000947,P010,1,5500,10,4950
D0002378,O000947,P008,2,24500,0,49000
D0002379,O000947,P006,3,10500,0,31500
D0002380,O000948,P015,1,3000,5,2850
D0002381,O000948,P017,1,4500,0,4500
D0002382,O000948,P012,3,39500,0,118500
D0002383,O000949,P019,1,17000,10,15300
D0002384,O000950,P008,1,24500,0,24500
D0002385,O000950,P001,1,3500,0,3500
D0002386,O000950,P004,3,2500,10,6750
D0002387,O000950,P014,1,6500,10,5850
D0002388,O000951,P007,2,18000,10,32400
D0002389,O000951,P009,1,15000,5,14250
D0002390,O000952,P015,2,3000,5,5700
D0002391,O000952,P004,3,2500,10,6750
D0002392,O000952,P013,3,8500,5,24225
D0002393,O000953,P002,1,3500,5,3325
D0002394,O000953,P018,3,12000,5,34200
D0002395,O000954,P016,2,15500,0,31000
D0002396,O000954,P015,1,3000,0,3000
D0002397,O000954,P013,3,8500,5,24225
D0002398,O000955,P010,1,5500,5,5225
D0002399,O000956,P003,2,5500,0,11000
D0002400,O000956,P008,2,24500,0,49000
D0002401,O000956,P002,2,3500,0,7000
D0002402,O000957,P004,2,2500,0,5000
D0002403,O000957,P008,1,24500,0,24500
D0002404,O000957,P014,1,6500,5,6175
D0002405,O000958,P013,3,8500,0,25500
D0002406,O000958,P004,1,2500,0,2500
D0002407,O000958,P007,3,18000,10,48600
D0002408,O000959,P003,2,5500,0,11000
D0002409,O000960,P012,1,39500,5,37525
D0002410,O000960,P009,2,15000,0,30000
D0002411,O000961,P006,2,10500,10,18900
D0002412,O000961,P018,3,12000,0,36000
D0002413,O000962,P011,2,11500,5,21850
D0002414,O000963,P017,3,4500,0,13500
D0002415,O000964,P010,2,5500,10,9900
D0002416,O000964,P012,3,39500,0,118500
D0002417,O000965,P018,1,12000,5,11400
D0002418,O000966,P005,3,8500,0,25500
D0002419,O000966,P003,3,5500,5,15675
D0002420,O000966,P012,3,39500,0,118500
D0002421,O000966,P019,1,17000,5,16150
D0002422,O000967,P012,1,39500,10,35550
D0002423,O000967,P005,3,8500,5,24225
D0002424,O000967,P001,3,3500,0,10500
D0002425,O000968,P004,1,2500,10,2250
D0002426,O000968,P015,2,3000,10,5400
D0002427,O000968,P017,3,4500,0,13500
D0002428,O000969,P011,2,11500,10,20700
D0002429,O000969,P013,1,8500,5,8075
D0002430,O000969,P018,3,12000,0,36000
D0002431,O000970,P009,3,15000,0,45000
D0002432,O000970,P017,2,4500,5,8550
D0002433,O000970,P002,1,3500,0,3500
D0002434,O000970,P013,3,8500,0,25500
D0002435,O000971,P020,1,29500,5,28025
D0002436,O000971,P001,1,3500,5,3325
D0002437,O000971,P002,2,3500,0,7000
D0002438,O000972,P002,2,3500,0,7000
D0002439,O000972,P001,1,3500,0,3500
D0002440,O000972,P016,1,15500,0,15500
D0002441,O000972,P017,2,4500,0,9000
D0002442,O000973,P014,1,6500,5,6175
D0002443,O000974,P015,2,3000,0,6000
D0002444,O000975,P016,1,15500,0,15500
D0002445,O000975,P012,2,39500,0,79000
D0002446,O000975,P004,3,2500,0,7500
D0002447,O000975,P001,1,3500,0,3500
D0002448,O000976,P004,1,2500,10,2250
D0002449,O000976,P020,3,29500,10,79650
D0002450,O000976,P009,1,15000,0,15000
D0002451,O000977,P012,2,39500,0,79000
D0002452,O000977,P015,1,3000,0,3000
D0002453,O000977,P003,3,5500,10,14850
D0002454,O000977,P020,2,29500,0,59000
D0002455,O000978,P007,1,18000,10,16200
D0002456,O000978,P012,2,39500,0,79000
D0002457,O000979,P019,1,17000,10,15300
D0002458,O000979,P002,2,3500,5,6650
D0002459,O000979,P012,3,39500,5,112575
D0002460,O000979,P007,2,18000,5,34200
D0002461,O000980,P020,1,29500,10,26550
D0002462,O000981,P008,3,24500,10,66150
D0002463,O000981,P017,2,4500,5,8550
D0002464,O000981,P005,2,8500,0,17000
D0002465,O000981,P001,1,3500,5,3325
D0002466,O000982,P017,1,4500,10,4050
D0002467,O000982,P012,3,39500,0,118500
D0002468,O000983,P006,2,10500,0,21000
D0002469,O000983,P018,1,12000,5,11400
D0002470,O000983,P017,3,4500,5,12825
D0002471,O000984,P011,1,11500,5,10925
D0002472,O000985,P009,1,15000,0,15000
D0002473,O000986,P007,3,18000,10,48600
D0002474,O000986,P009,2,15000,5,28500
D0002475,O000986,P011,2,11500,0,23000
D0002476,O000986,P008,1,24500,0,24500
D0002477,O000987,P017,2,4500,10,8100
D0002478,O000987,P012,2,39500,0,79000
D0002479,O000988,P005,2,8500,0,17000
D0002480,O000988,P009,3,15000,5,42750
D0002481,O000988,P008,1,24500,5,23275
D0002482,O000989,P004,1,2500,5,2375
D0002483,O000989,P016,2,15500,5,29450
D0002484,O000989,P013,2,8500,5,16150
D0002485,O000990,P001,1,3500,0,3500
D0002486,O000990,P014,3,6500,5,18525
D0002487,O000991,P008,1,24500,5,23275
D0002488,O000992,P008,3,24500,0,73500
D0002489,O000992,P019,3,17000,0,51000
D0002490,O000992,P015,2,3000,0,6000
D0002491,O000993,P011,2,11500,5,21850
D0002492,O000993,P012,3,39500,10,106650
D0002493,O000993,P006,3,10500,0,31500
D0002494,O000993,P016,3,15500,5,44175
D0002495,O000994,P010,1,5500,10,4950
D0002496,O000994,P004,1,2500,5,2375
D0002497,O000995,P020,2,29500,0,59000
D0002498,O000995,P019,2,17000,10,30600
D0002499,O000995,P013,3,8500,0,25500
D0002500,O000996,P010,3,5500,0,16500
D0002501,O000996,P008,3,24500,10,66150
D0002502,O000996,P016,3,15500,0,46500
D0002503,O000997,P015,2,3000,5,5700
D0002504,O000998,P020,2,29500,5,56050
D0002505,O000998,P019,3,17000,10,45900
D0002506,O000999,P016,1,15500,5,14725
D0002507,O000999,P020,2,29500,10,53100
D0002508,O001000,P007,1,18000,10,16200
D0002509,O001001,P013,1,8500,0,8500
D0002510,O001001,P009,2,15000,0,30000
D0002511,O001001,P003,1,5500,0,5500
D0002512,O001002,P011,1,11500,5,10925
D0002513,O001002,P017,3,4500,5,12825
D0002514,O001002,P014,2,6500,5,12350
D0002515,O001002,P006,3,10500,5,29925
D0002516,O001003,P020,2,29500,0,59000
D0002517,O001003,P013,2,8500,5,16150
D0002518,O001003,P007,2,18000,10,32400
D0002519,O001003,P010,1,5500,0,5500
D0002520,O001004,P002,2,3500,0,7000
D0002521,O001004,P015,1,3000,0,3000
D0002522,O001005,P002,3,3500,10,9450
D0002523,O001006,P016,3,15500,5,44175
D0002524,O001007,P003,1,5500,5,5225
D0002525,O001007,P006,3,10500,0,31500
D0002526,O001007,P002,1,3500,0,3500
D0002527,O001007,P015,1,3000,10,2700
D0002528,O001008,P013,1,8500,0,8500
D0002529,O001008,P017,1,4500,0,4500
D0002530,O001008,P008,1,24500,0,24500
D0002531,O001009,P011,2,11500,0,23000
D0002532,O001009,P002,3,3500,0,10500
D0002533,O001010,P005,3,8500,0,25500
D0002534,O001010,P009,3,15000,0,45000
D0002535,O001010,P003,3,5500,0,16500
D0002536,O001010,P013,1,8500,0,8500
D0002537,O001011,P006,3,10500,0,31500
D0002538,O001011,P019,3,17000,10,45900
D0002539,O001011,P012,1,39500,0,39500
D0002540,O001011,P020,2,29500,0,59000
D0002541,O001012,P013,1,8500,0,8500
D0002542,O001012,P016,2,15500,10,27900
D0002543,O001012,P010,3,5500,5,15675
D0002544,O001012,P011,2,11500,0,23000
D0002545,O001013,P005,2,8500,0,17000
D0002546,O001013,P018,3,12000,0,36000
D0002547,O001013,P002,1,3500,5,3325
D0002548,O001013,P008,3,24500,0,73500
D0002549,O001014,P019,1,17000,10,15300
D0002550,O001014,P004,1,2500,5,2375
D0002551,O001014,P006,1,10500,10,9450
D0002552,O001014,P011,1,11500,0,11500
D0002553,O001015,P011,2,11500,0,23000
D0002554,O001016,P014,3,6500,0,19500
D0002555,O001016,P016,2,15500,10,27900
D0002556,O001016,P002,3,3500,0,10500
D0002557,O001016,P017,3,4500,0,13500
D0002558,O001017,P002,3,3500,10,9450
D0002559,O001017,P006,1,10500,5,9975
D0002560,O001018,P019,1,17000,0,17000
D0002561,O001018,P018,2,12000,5,22800
D0002562,O001018,P007,2,18000,10,32400
D0002563,O001018,P008,3,24500,10,66150
D0002564,O001019,P003,1,5500,10,4950
D0002565,O001019,P002,2,3500,0,7000
D0002566,O001019,P018,2,12000,0,24000
D0002567,O001019,P020,3,29500,0,88500
D0002568,O001020,P018,1,12000,0,12000
D0002569,O001021,P013,3,8500,10,22950
D0002570,O001022,P006,1,10500,0,10500
D0002571,O001022,P007,3,18000,0,54000
D0002572,O001022,P011,1,11500,0,11500
D0002573,O001023,P017,3,4500,0,13500
D0002574,O001023,P001,1,3500,0,3500
D0002575,O001023,P002,2,3500,5,6650
D0002576,O001023,P006,1,10500,10,9450
D0002577,O001024,P013,2,8500,0,17000
D0002578,O001024,P010,2,5500,10,9900
D0002579,O001025,P018,3,12000,5,34200
D0002580,O001025,P016,3,15500,5,44175
D0002581,O001026,P018,2,12000,0,24000
D0002582,O001026,P019,2,17000,10,30600
D0002583,O001026,P014,2,6500,0,13000
D0002584,O001027,P001,3,3500,0,10500
D0002585,O001027,P004,1,2500,5,2375
D0002586,O001027,P020,3,29500,5,84075
D0002587,O001028,P008,2,24500,10,44100
D0002588,O001028,P005,1,8500,10,7650
D0002589,O001028,P007,2,18000,0,36000
D0002590,O001028,P006,1,10500,0,10500
D0002591,O001029,P001,2,3500,0,7000
D0002592,O001029,P004,3,2500,5,7125
D0002593,O001029,P014,3,6500,0,19500
D0002594,O001030,P005,2,8500,10,15300
D0002595,O001030,P002,1,3500,0,3500
D0002596,O001031,P019,3,17000,0,51000
D0002597,O001032,P017,3,4500,10,12150
D0002598,O001033,P018,3,12000,0,36000
D0002599,O001033,P019,1,17000,0,17000
D0002600,O001033,P012,3,39500,10,106650
D0002601,O001034,P005,3,8500,0,25500
D0002602,O001034,P019,1,17000,0,17000
D0002603,O001034,P012,2,39500,5,75050
D0002604,O001034,P003,3,5500,5,15675
D0002605,O001035,P006,1,10500,0,10500
D0002606,O001035,P014,1,6500,0,6500
D0002607,O001036,P017,1,4500,0,4500
D0002608,O001036,P003,1,5500,5,5225
D0002609,O001036,P014,2,6500,5,12350
D0002610,O001036,P005,1,8500,0,8500
D0002611,O001037,P007,1,18000,0,18000
D0002612,O001037,P019,1,17000,5,16150
D0002613,O001038,P010,2,5500,0,11000
D0002614,O001038,P001,3,3500,0,10500
D0002615,O001038,P007,3,18000,5,51300
D0002616,O001039,P017,3,4500,0,13500
D0002617,O001040,P008,2,24500,0,49000
D0002618,O001040,P009,2,15000,5,28500
D0002619,O001040,P020,1,29500,0,29500
D0002620,O001041,P014,3,6500,0,19500
D0002621,O001041,P005,2,8500,10,15300
D0002622,O001042,P004,3,2500,10,6750
D0002623,O001043,P006,1,10500,0,10500
D0002624,O001043,P009,1,15000,5,14250
D0002625,O001044,P010,3,5500,0,16500
D0002626,O001045,P008,2,24500,5,46550
D0002627,O001045,P018,1,12000,0,12000
D0002628,O001045,P009,1,15000,10,13500
D0002629,O001046,P005,3,8500,0,25500
D0002630,O001047,P016,3,15500,5,44175
D0002631,O001047,P012,2,39500,10,71100
D0002632,O001048,P013,1,8500,10,7650
D0002633,O001048,P016,1,15500,0,15500
D0002634,O001049,P001,3,3500,10,9450
D0002635,O001050,P011,1,11500,0,11500
D0002636,O001051,P015,1,3000,5,2850
D0002637,O001051,P003,1,5500,5,5225
D0002638,O001051,P004,3,2500,0,7500
D0002639,O001052,P009,3,15000,10,40500
D0002640,O001052,P014,1,6500,5,6175
D0002641,O001053,P006,1,10500,0,10500
D0002642,O001053,P020,1,29500,0,29500
D0002643,O001054,P013,3,8500,10,22950
D0002644,O001054,P012,2,39500,0,79000
D0002645,O001054,P009,3,15000,10,40500
D0002646,O001055,P012,3,39500,0,118500
D0002647,O001055,P016,2,15500,0,31000
D0002648,O001055,P001,3,3500,5,9975
D0002649,O001055,P003,3,5500,5,15675
D0002650,O001056,P014,2,6500,0,13000
D0002651,O001056,P017,2,4500,0,9000
D0002652,O001056,P012,2,39500,0,79000
D0002653,O001057,P010,1,5500,0,5500
D0002654,O001058,P015,2,3000,10,5400
D0002655,O001059,P019,1,17000,10,15300
D0002656,O001059,P008,3,24500,10,66150
D0002657,O001060,P002,2,3500,10,6300
D0002658,O001060,P006,2,10500,5,19950
D0002659,O001060,P003,3,5500,10,14850
D0002660,O001060,P014,2,6500,5,12350
D0002661,O001061,P016,2,15500,0,31000
D0002662,O001061,P009,2,15000,0,30000
D0002663,O001061,P017,2,4500,10,8100
D0002664,O001062,P013,3,8500,0,25500
D0002665,O001062,P012,1,39500,10,35550
D0002666,O001062,P015,1,3000,5,2850
D0002667,O001062,P003,1,5500,0,5500
D0002668,O001063,P015,2,3000,0,6000
D0002669,O001063,P001,1,3500,5,3325
D0002670,O001063,P020,1,29500,0,29500
D0002671,O001063,P010,3,5500,0,16500
D0002672,O001064,P015,1,3000,0,3000
D0002673,O001064,P003,3,5500,5,15675
D0002674,O001064,P004,1,2500,10,2250
D0002675,O001065,P002,1,3500,5,3325
D0002676,O001066,P007,1,18000,0,18000
D0002677,O001066,P014,2,6500,5,12350
D0002678,O001067,P020,1,29500,5,28025
D0002679,O001067,P008,3,24500,10,66150
D0002680,O001067,P018,1,12000,0,12000
D0002681,O001068,P008,1,24500,5,23275
D0002682,O001068,P015,2,3000,0,6000
D0002683,O001068,P011,2,11500,5,21850
D0002684,O001069,P007,3,18000,10,48600
D0002685,O001069,P002,3,3500,10,9450
D0002686,O001070,P008,3,24500,0,73500
D0002687,O001070,P010,1,5500,0,5500
D0002688,O001071,P002,2,3500,0,7000
D0002689,O001071,P016,2,15500,5,29450
D0002690,O001071,P020,1,29500,0,29500
D0002691,O001071,P010,3,5500,10,14850
D0002692,O001072,P019,2,17000,0,34000
D0002693,O001072,P018,1,12000,0,12000
D0002694,O001072,P016,2,15500,0,31000
D0002695,O001073,P011,1,11500,0,11500
D0002696,O001073,P004,3,2500,5,7125
D0002697,O001074,P010,2,5500,0,11000
D0002698,O001074,P012,3,39500,10,106650
D0002699,O001075,P010,1,5500,10,4950
D0002700,O001075,P004,3,2500,5,7125
D0002701,O001075,P015,1,3000,0,3000
D0002702,O001076,P008,2,24500,10,44100
D0002703,O001076,P003,1,5500,0,5500
D0002704,O001077,P003,3,5500,0,16500
D0002705,O001077,P001,2,3500,5,6650
D0002706,O001077,P002,2,3500,0,7000
D0002707,O001078,P011,2,11500,5,21850
D0002708,O001078,P006,2,10500,10,18900
D0002709,O001078,P007,3,18000,5,51300
D0002710,O001079,P001,1,3500,5,3325
D0002711,O001079,P006,1,10500,5,9975
D0002712,O001079,P002,1,3500,10,3150
D0002713,O001080,P018,2,12000,0,24000
D0002714,O001080,P001,2,3500,0,7000
D0002715,O001080,P020,1,29500,10,26550
D0002716,O001080,P017,1,4500,10,4050
D0002717,O001081,P008,1,24500,0,24500
D0002718,O001081,P006,1,10500,10,9450
D0002719,O001081,P019,2,17000,0,34000
D0002720,O001081,P004,2,2500,0,5000
D0002721,O001082,P014,1,6500,0,6500
D0002722,O001082,P006,3,10500,10,28350
D0002723,O001082,P004,1,2500,10,2250
D0002724,O001082,P013,3,8500,0,25500
D0002725,O001083,P004,1,2500,10,2250
D0002726,O001084,P010,1,5500,0,5500
D0002727,O001084,P012,1,39500,10,35550
D0002728,O001085,P010,2,5500,10,9900
D0002729,O001086,P010,3,5500,5,15675
D0002730,O001086,P015,1,3000,5,2850
D0002731,O001086,P012,1,39500,10,35550
D0002732,O001086,P007,1,18000,0,18000
D0002733,O001087,P017,3,4500,5,12825
D0002734,O001087,P011,3,11500,10,31050
D0002735,O001087,P002,1,3500,0,3500
D0002736,O001088,P011,1,11500,0,11500
D0002737,O001088,P004,1,2500,0,2500
D0002738,O001088,P006,2,10500,0,21000
D0002739,O001088,P001,1,3500,0,3500
D0002740,O001089,P019,3,17000,0,51000
D0002741,O001089,P009,3,15000,0,45000
D0002742,O001089,P020,3,29500,0,88500
D0002743,O001089,P015,2,3000,0,6000
D0002744,O001090,P001,2,3500,5,6650
D0002745,O001090,P020,1,29500,0,29500
D0002746,O001090,P015,3,3000,5,8550
D0002747,O001091,P007,1,18000,10,16200
D0002748,O001091,P016,2,15500,10,27900
D0002749,O001092,P015,3,3000,5,8550
D0002750,O001092,P002,1,3500,10,3150
D0002751,O001092,P006,1,10500,5,9975
D0002752,O001093,P019,3,17000,5,48450
D0002753,O001093,P020,3,29500,5,84075
D0002754,O001093,P005,2,8500,5,16150
D0002755,O001093,P013,1,8500,0,8500
D0002756,O001094,P005,2,8500,0,17000
D0002757,O001094,P006,2,10500,0,21000
D0002758,O001095,P008,3,24500,0,73500
D0002759,O001095,P002,2,3500,10,6300
D0002760,O001095,P014,2,6500,5,12350
D0002761,O001096,P003,1,5500,10,4950
D0002762,O001097,P018,1,12000,10,10800
D0002763,O001097,P015,3,3000,0,9000
D0002764,O001097,P013,3,8500,5,24225
D0002765,O001098,P003,2,5500,0,11000
D0002766,O001098,P018,3,12000,0,36000
D0002767,O001098,P011,1,11500,0,11500
D0002768,O001098,P017,2,4500,0,9000
D0002769,O001099,P020,2,29500,0,59000
D0002770,O001099,P011,3,11500,0,34500
D0002771,O001099,P015,2,3000,0,6000
D0002772,O001099,P014,3,6500,10,17550
D0002773,O001100,P013,1,8500,0,8500
D0002774,O001100,P003,2,5500,0,11000
D0002775,O001100,P018,2,12000,0,24000
D0002776,O001101,P002,2,3500,0,7000
D0002777,O001101,P018,2,12000,5,22800
D0002778,O001102,P015,2,3000,10,5400
D0002779,O001102,P004,2,2500,10,4500
D0002780,O001103,P009,2,15000,10,27000
D0002781,O001103,P019,3,17000,0,51000
D0002782,O001104,P003,1,5500,0,5500
D0002783,O001104,P011,1,11500,5,10925
D0002784,O001104,P010,1,5500,5,5225
D0002785,O001105,P016,2,15500,0,31000
D0002786,O001105,P006,1,10500,0,10500
D0002787,O001105,P007,1,18000,0,18000
D0002788,O001105,P015,3,3000,10,8100
D0002789,O001106,P011,1,11500,10,10350
D0002790,O001106,P003,3,5500,10,14850
D0002791,O001107,P018,2,12000,0,24000
D0002792,O001107,P006,1,10500,10,9450
D0002793,O001107,P002,1,3500,0,3500
D0002794,O001108,P011,3,11500,0,34500
D0002795,O001108,P001,2,3500,10,6300
D0002796,O001109,P002,1,3500,0,3500
D0002797,O001109,P014,1,6500,0,6500
D0002798,O001109,P015,2,3000,5,5700
D0002799,O001110,P002,2,3500,5,6650
D0002800,O001110,P007,3,18000,10,48600
D0002801,O001110,P004,3,2500,0,7500
D0002802,O001111,P014,1,6500,5,6175
D0002803,O001111,P018,1,12000,10,10800
D0002804,O001111,P010,1,5500,10,4950
D0002805,O001111,P003,1,5500,10,4950
D0002806,O001112,P013,1,8500,10,7650
D0002807,O001112,P015,1,3000,10,2700
D0002808,O001113,P002,1,3500,10,3150
D0002809,O001113,P007,3,18000,0,54000
D0002810,O001113,P019,3,17000,10,45900
D0002811,O001113,P010,1,5500,10,4950
D0002812,O001114,P019,2,17000,10,30600
D0002813,O001114,P015,1,3000,5,2850
D0002814,O001115,P006,1,10500,10,9450
D0002815,O001115,P017,1,4500,0,4500
D0002816,O001115,P009,1,15000,5,14250
D0002817,O001115,P005,1,8500,0,8500
D0002818,O001116,P020,1,29500,5,28025
D0002819,O001116,P018,2,12000,5,22800
D0002820,O001116,P009,2,15000,5,28500
D0002821,O001116,P002,3,3500,10,9450
D0002822,O001117,P019,2,17000,10,30600
D0002823,O001117,P018,3,12000,0,36000
D0002824,O001117,P006,2,10500,0,21000
D0002825,O001118,P008,3,24500,5,69825
D0002826,O001118,P016,3,15500,0,46500
D0002827,O001118,P012,1,39500,10,35550
D0002828,O001118,P013,3,8500,0,25500
D0002829,O001119,P017,1,4500,0,4500
D0002830,O001119,P014,2,6500,0,13000
D0002831,O001120,P008,1,24500,0,24500
D0002832,O001120,P009,2,15000,0,30000
D0002833,O001120,P006,1,10500,0,10500
D0002834,O001120,P020,2,29500,10,53100
D0002835,O001121,P002,1,3500,0,3500
D0002836,O001121,P009,3,15000,5,42750
D0002837,O001122,P006,2,10500,0,21000
D0002838,O001122,P015,2,3000,0,6000
D0002839,O001122,P014,2,6500,5,12350
D0002840,O001123,P020,1,29500,0,29500
D0002841,O001123,P017,3,4500,0,13500
D0002842,O001123,P009,1,15000,0,15000
D0002843,O001123,P006,1,10500,5,9975
D0002844,O001124,P012,3,39500,0,118500
D0002845,O001124,P004,2,2500,0,5000
D0002846,O001124,P014,2,6500,10,11700
D0002847,O001125,P012,1,39500,10,35550
D0002848,O001125,P013,3,8500,10,22950
D0002849,O001125,P020,3,29500,10,79650
D0002850,O001125,P010,1,5500,5,5225
D0002851,O001126,P016,2,15500,0,31000
D0002852,O001126,P002,3,3500,5,9975
D0002853,O001127,P019,3,17000,5,48450
D0002854,O001127,P008,2,24500,0,49000
D0002855,O001127,P003,1,5500,5,5225
D0002856,O001128,P014,1,6500,0,6500
D0002857,O001128,P001,2,3500,0,7000
D0002858,O001128,P015,1,3000,5,2850
D0002859,O001129,P018,2,12000,0,24000
D0002860,O001129,P001,2,3500,10,6300
D0002861,O001129,P013,1,8500,0,8500
D0002862,O001130,P013,1,8500,0,8500
D0002863,O001130,P015,2,3000,10,5400
D0002864,O001130,P006,1,10500,10,9450
D0002865,O001130,P011,1,11500,0,11500
D0002866,O001131,P016,1,15500,10,13950
D0002867,O001131,P015,3,3000,5,8550
D0002868,O001132,P018,2,12000,0,24000
D0002869,O001132,P019,2,17000,10,30600
D0002870,O001132,P007,3,18000,0,54000
D0002871,O001133,P004,3,2500,10,6750
D0002872,O001134,P008,3,24500,5,69825
D0002873,O001134,P019,1,17000,0,17000
D0002874,O001134,P007,3,18000,5,51300
D0002875,O001135,P010,3,5500,0,16500
D0002876,O001135,P017,1,4500,5,4275
D0002877,O001136,P014,3,6500,0,19500
D0002878,O001136,P007,2,18000,0,36000
D0002879,O001137,P003,3,5500,5,15675
D0002880,O001137,P012,2,39500,0,79000
D0002881,O001138,P017,2,4500,5,8550
D0002882,O001139,P018,1,12000,10,10800
D0002883,O001139,P010,3,5500,0,16500
D0002884,O001140,P020,3,29500,0,88500
D0002885,O001140,P003,2,5500,10,9900
D0002886,O001140,P016,3,15500,5,44175
D0002887,O001140,P012,3,39500,0,118500
D0002888,O001141,P009,2,15000,0,30000
D0002889,O001141,P019,3,17000,10,45900
D0002890,O001141,P017,1,4500,0,4500
D0002891,O001141,P003,2,5500,0,11000
D0002892,O001142,P012,3,39500,0,118500
D0002893,O001142,P017,1,4500,5,4275
D0002894,O001142,P014,1,6500,0,6500
D0002895,O001143,P020,2,29500,10,53100
D0002896,O001143,P001,3,3500,5,9975
D0002897,O001143,P013,3,8500,10,22950
D0002898,O001144,P002,2,3500,5,6650
D0002899,O001144,P015,3,3000,5,8550
D0002900,O001144,P013,2,8500,10,15300
D0002901,O001144,P006,3,10500,0,31500
D0002902,O001145,P011,2,11500,5,21850
D0002903,O001145,P009,1,15000,5,14250
D0002904,O001145,P014,3,6500,0,19500
D0002905,O001145,P001,3,3500,10,9450
D0002906,O001146,P004,1,2500,0,2500
D0002907,O001146,P020,3,29500,0,88500
D0002908,O001146,P008,1,24500,0,24500
D0002909,O001147,P007,1,18000,10,16200
D0002910,O001147,P006,1,10500,0,10500
D0002911,O001147,P012,1,39500,0,39500
D0002912,O001148,P006,1,10500,5,9975
D0002913,O001148,P017,3,4500,5,12825
D0002914,O001148,P009,2,15000,0,30000
D0002915,O001148,P007,3,18000,0,54000
D0002916,O001149,P003,2,5500,0,11000
D0002917,O001149,P004,2,2500,10,4500
D0002918,O001149,P007,1,18000,5,17100
D0002919,O001150,P003,2,5500,10,9900
D0002920,O001151,P015,2,3000,0,6000
D0002921,O001151,P014,3,6500,5,18525
D0002922,O001152,P014,2,6500,0,13000
D0002923,O001152,P018,1,12000,5,11400
D0002924,O001152,P016,3,15500,5,44175
D0002925,O001153,P020,1,29500,0,29500
D0002926,O001153,P015,3,3000,5,8550
D0002927,O001153,P009,3,15000,10,40500
D0002928,O001154,P003,3,5500,5,15675
D0002929,O001154,P011,1,11500,5,10925
D0002930,O001155,P004,2,2500,0,5000
D0002931,O001155,P020,1,29500,10,26550
D0002932,O001156,P011,2,11500,10,20700
D0002933,O001157,P001,3,3500,5,9975
D0002934,O001157,P006,1,10500,0,10500
D0002935,O001157,P002,2,3500,0,7000
D0002936,O001157,P003,1,5500,10,4950
D0002937,O001158,P012,3,39500,0,118500
D0002938,O001158,P015,3,3000,0,9000
D0002939,O001158,P011,2,11500,0,23000
D0002940,O001158,P010,1,5500,10,4950
D0002941,O001159,P002,3,3500,0,10500
D0002942,O001160,P002,3,3500,10,9450
D0002943,O001161,P018,1,12000,5,11400
D0002944,O001161,P002,2,3500,0,7000
D0002945,O001161,P016,2,15500,10,27900
D0002946,O001161,P014,2,6500,5,12350
D0002947,O001162,P011,1,11500,0,11500
D0002948,O001162,P005,1,8500,0,8500
D0002949,O001162,P007,2,18000,0,36000
D0002950,O001163,P019,1,17000,0,17000
D0002951,O001163,P009,2,15000,5,28500
D0002952,O001164,P007,2,18000,0,36000
D0002953,O001164,P006,3,10500,5,29925
D0002954,O001164,P020,2,29500,5,56050
D0002955,O001165,P004,1,2500,0,2500
D0002956,O001165,P020,1,29500,10,26550
D0002957,O001165,P014,2,6500,10,11700
D0002958,O001165,P009,3,15000,0,45000
D0002959,O001166,P010,1,5500,0,5500
D0002960,O001166,P017,3,4500,5,12825
D0002961,O001166,P007,3,18000,0,54000
D0002962,O001166,P012,2,39500,10,71100
D0002963,O001167,P007,3,18000,5,51300
D0002964,O001167,P011,1,11500,0,11500
D0002965,O001168,P001,2,3500,10,6300
D0002966,O001169,P014,2,6500,5,12350
D0002967,O001169,P006,3,10500,0,31500
D0002968,O001169,P009,2,15000,10,27000
D0002969,O001169,P001,2,3500,10,6300
D0002970,O001170,P005,1,8500,0,8500
D0002971,O001170,P011,2,11500,0,23000
D0002972,O001171,P011,3,11500,5,32775
D0002973,O001171,P017,1,4500,5,4275
D0002974,O001172,P007,3,18000,5,51300
D0002975,O001173,P004,2,2500,5,4750
D0002976,O001174,P004,1,2500,10,2250
D0002977,O001174,P009,2,15000,10,27000
D0002978,O001174,P006,2,10500,10,18900
D0002979,O001175,P009,1,15000,0,15000
D0002980,O001175,P015,1,3000,10,2700
D0002981,O001176,P014,3,6500,0,19500
D0002982,O001176,P007,3,18000,10,48600
D0002983,O001176,P006,1,10500,5,9975
D0002984,O001176,P019,2,17000,0,34000
D0002985,O001177,P013,2,8500,10,15300
D0002986,O001177,P019,3,17000,5,48450
D0002987,O001178,P003,3,5500,5,15675
D0002988,O001178,P006,1,10500,0,10500
D0002989,O001178,P004,3,2500,0,7500
D0002990,O001178,P019,2,17000,10,30600
D0002991,O001179,P011,3,11500,0,34500
D0002992,O001179,P010,1,5500,10,4950
D0002993,O001179,P014,1,6500,5,6175
D0002994,O001179,P017,3,4500,10,12150
D0002995,O001180,P014,1,6500,5,6175
D0002996,O001180,P005,2,8500,10,15300
D0002997,O001180,P018,2,12000,5,22800
D0002998,O001181,P012,1,39500,5,37525
D0002999,O001181,P018,3,12000,0,36000
D0003000,O001181,P017,1,4500,0,4500
D0003001,O001181,P013,3,8500,0,25500
D0003002,O001182,P006,3,10500,10,28350
D0003003,O001183,P004,3,2500,5,7125
D0003004,O001183,P017,1,4500,0,4500
D0003005,O001184,P007,2,18000,5,34200
D0003006,O001184,P005,2,8500,10,15300
D0003007,O001185,P001,1,3500,5,3325
D0003008,O001185,P007,3,18000,5,51300
D0003009,O001185,P016,1,15500,0,15500
D0003010,O001186,P001,1,3500,0,3500
D0003011,O001186,P015,2,3000,0,6000
D0003012,O001187,P020,2,29500,10,53100
D0003013,O001187,P013,3,8500,0,25500
D0003014,O001187,P016,3,15500,0,46500
D0003015,O001187,P017,1,4500,10,4050
D0003016,O001188,P019,1,17000,0,17000
D0003017,O001189,P010,3,5500,5,15675
D0003018,O001189,P008,3,24500,10,66150
D0003019,O001189,P019,2,17000,0,34000
D0003020,O001190,P020,1,29500,10,26550
D0003021,O001190,P017,2,4500,10,8100
D0003022,O001190,P007,3,18000,0,54000
D0003023,O001190,P006,2,10500,0,21000
D0003024,O001191,P005,2,8500,0,17000
D0003025,O001191,P004,3,2500,0,7500
D0003026,O001191,P002,2,3500,5,6650
D0003027,O001192,P013,3,8500,5,24225
D0003028,O001193,P006,2,10500,0,21000
D0003029,O001193,P007,2,18000,10,32400
D0003030,O001193,P001,2,3500,0,7000
D0003031,O001194,P012,2,39500,0,79000
D0003032,O001194,P018,3,12000,0,36000
D0003033,O001195,P008,2,24500,10,44100
D0003034,O001196,P009,1,15000,10,13500
D0003035,O001196,P012,1,39500,0,39500
D0003036,O001196,P007,3,18000,5,51300
D0003037,O001197,P010,2,5500,10,9900
D0003038,O001197,P002,1,3500,0,3500
D0003039,O001198,P018,3,12000,10,32400
D0003040,O001198,P017,2,4500,0,9000
D0003041,O001198,P005,2,8500,0,17000
D0003042,O001198,P003,2,5500,10,9900
D0003043,O001199,P012,1,39500,10,35550
D0003044,O001199,P004,2,2500,0,5000
D0003045,O001200,P012,1,39500,0,39500
D0003046,O001201,P019,2,17000,0,34000
D0003047,O001201,P015,3,3000,0,9000
D0003048,O001201,P012,1,39500,0,39500
D0003049,O001201,P010,2,5500,0,11000
D0003050,O001202,P005,1,8500,0,8500
D0003051,O001202,P010,1,5500,5,5225
D0003052,O001203,P017,2,4500,0,9000
D0003053,O001203,P018,3,12000,0,36000
D0003054,O001203,P015,3,3000,0,9000
D0003055,O001204,P008,1,24500,10,22050
D0003056,O001204,P013,1,8500,0,8500
D0003057,O001204,P011,2,11500,10,20700
D0003058,O001205,P013,3,8500,10,22950
D0003059,O001205,P002,3,3500,0,10500
D0003060,O001205,P018,3,12000,0,36000
D0003061,O001206,P010,3,5500,0,16500
D0003062,O001207,P015,1,3000,10,2700
D0003063,O001208,P003,3,5500,0,16500
D0003064,O001208,P011,1,11500,0,11500
D0003065,O001209,P010,3,5500,0,16500
D0003066,O001209,P012,1,39500,10,35550
D0003067,O001210,P020,3,29500,0,88500
D0003068,O001210,P003,3,5500,10,14850
D0003069,O001210,P014,3,6500,0,19500
D0003070,O001210,P016,3,15500,5,44175
D0003071,O001211,P008,3,24500,0,73500
D0003072,O001211,P006,3,10500,10,28350
D0003073,O001211,P001,3,3500,0,10500
D0003074,O001212,P005,2,8500,0,17000
D0003075,O001212,P003,1,5500,0,5500
D0003076,O001212,P013,3,8500,0,25500
D0003077,O001213,P016,1,15500,10,13950
D0003078,O001213,P019,1,17000,5,16150
D0003079,O001213,P001,2,3500,0,7000
D0003080,O001213,P006,2,10500,0,21000
D0003081,O001214,P004,3,2500,10,6750
D0003082,O001214,P020,1,29500,0,29500
D0003083,O001215,P019,2,17000,0,34000
D0003084,O001216,P017,3,4500,5,12825
D0003085,O001216,P019,2,17000,0,34000
D0003086,O001217,P007,3,18000,5,51300
D0003087,O001217,P014,3,6500,10,17550
D0003088,O001218,P020,1,29500,5,28025
D0003089,O001218,P003,3,5500,10,14850
D0003090,O001218,P008,2,24500,0,49000
D0003091,O001218,P004,3,2500,0,7500
D0003092,O001219,P019,1,17000,0,17000
D0003093,O001219,P008,1,24500,5,23275
D0003094,O001220,P013,2,8500,10,15300
D0003095,O001220,P003,2,5500,10,9900
D0003096,O001221,P010,2,5500,10,9900
D0003097,O001221,P007,3,18000,0,54000
D0003098,O001221,P004,3,2500,5,7125
D0003099,O001222,P013,2,8500,10,15300
D0003100,O001222,P019,3,17000,5,48450
D0003101,O001223,P008,1,24500,10,22050
D0003102,O001223,P016,3,15500,0,46500
D0003103,O001223,P010,2,5500,0,11000
D0003104,O001224,P016,2,15500,5,29450
D0003105,O001224,P006,1,10500,10,9450
D0003106,O001224,P018,3,12000,0,36000
D0003107,O001225,P020,2,29500,0,59000
D0003108,O001225,P005,3,8500,0,25500
D0003109,O001226,P017,1,4500,5,4275
D0003110,O001226,P004,3,2500,10,6750
D0003111,O001226,P018,3,12000,0,36000
D0003112,O001226,P013,3,8500,0,25500
D0003113,O001227,P014,2,6500,5,12350
D0003114,O001227,P004,1,2500,10,2250
D0003115,O001227,P006,1,10500,5,9975
D0003116,O001227,P020,3,29500,0,88500
D0003117,O001228,P013,2,8500,5,16150
D0003118,O001228,P007,3,18000,5,51300
D0003119,O001229,P013,1,8500,0,8500
D0003120,O001229,P005,2,8500,5,16150
D0003121,O001230,P016,1,15500,10,13950
D0003122,O001230,P017,1,4500,0,4500
D0003123,O001230,P019,1,17000,5,16150
D0003124,O001230,P015,2,3000,0,6000
D0003125,O001231,P002,3,3500,0,10500
D0003126,O001232,P011,2,11500,10,20700
D0003127,O001232,P007,3,18000,10,48600
D0003128,O001232,P006,1,10500,5,9975
D0003129,O001233,P017,1,4500,0,4500
D0003130,O001233,P003,1,5500,0,5500
D0003131,O001234,P006,3,10500,0,31500
D0003132,O001234,P014,2,6500,5,12350
D0003133,O001235,P019,3,17000,0,51000
D0003134,O001235,P014,1,6500,10,5850
D0003135,O001235,P007,3,18000,5,51300
D0003136,O001236,P015,2,3000,0,6000
D0003137,O001236,P012,2,39500,5,75050
D0003138,O001236,P010,1,5500,5,5225
D0003139,O001236,P019,3,17000,5,48450
D0003140,O001237,P004,3,2500,5,7125
D0003141,O001237,P020,3,29500,0,88500
D0003142,O001237,P001,2,3500,0,7000
D0003143,O001238,P014,1,6500,0,6500
D0003144,O001238,P008,1,24500,10,22050
D0003145,O001238,P009,2,15000,0,30000
D0003146,O001239,P001,2,3500,5,6650
D0003147,O001240,P014,1,6500,5,6175
D0003148,O001240,P009,2,15000,0,30000
D0003149,O001240,P005,3,8500,0,25500
D0003150,O001240,P019,1,17000,5,16150
D0003151,O001241,P020,1,29500,0,29500
D0003152,O001241,P004,1,2500,10,2250
D0003153,O001241,P010,2,5500,5,10450
D0003154,O001241,P001,3,3500,5,9975
D0003155,O001242,P020,3,29500,5,84075
D0003156,O001242,P003,2,5500,5,10450
D0003157,O001243,P017,3,4500,10,12150
D0003158,O001244,P010,2,5500,0,11000
D0003159,O001244,P015,3,3000,10,8100
D0003160,O001244,P004,1,2500,0,2500
D0003161,O001245,P019,2,17000,5,32300
D0003162,O001245,P008,2,24500,10,44100
D0003163,O001246,P020,3,29500,0,88500
D0003164,O001246,P015,1,3000,0,3000
D0003165,O001247,P014,3,6500,5,18525
D0003166,O001248,P008,2,24500,5,46550
D0003167,O001248,P004,3,2500,10,6750
D0003168,O001249,P016,1,15500,5,14725
D0003169,O001249,P001,2,3500,0,7000
D0003170,O001249,P002,3,3500,0,10500
D0003171,O001249,P018,3,12000,0,36000
D0003172,O001250,P018,2,12000,0,24000
D0003173,O001250,P001,3,3500,0,10500
D0003174,O001251,P001,3,3500,10,9450
D0003175,O001252,P018,2,12000,5,22800
D0003176,O001252,P015,3,3000,10,8100
D0003177,O001253,P009,3,15000,5,42750
D0003178,O001253,P017,1,4500,5,4275
D0003179,O001253,P004,1,2500,0,2500
D0003180,O001253,P001,1,3500,0,3500
D0003181,O001254,P016,2,15500,0,31000
D0003182,O001255,P013,3,8500,0,25500
D0003183,O001255,P016,3,15500,10,41850
D0003184,O001255,P008,1,24500,10,22050
D0003185,O001256,P019,3,17000,0,51000
D0003186,O001257,P001,1,3500,5,3325
D0003187,O001257,P009,1,15000,0,15000
D0003188,O001257,P006,2,10500,10,18900
D0003189,O001258,P006,3,10500,5,29925
D0003190,O001258,P005,2,8500,0,17000
D0003191,O001258,P010,2,5500,0,11000
D0003192,O001259,P019,1,17000,10,15300
D0003193,O001259,P009,3,15000,0,45000
D0003194,O001260,P004,1,2500,10,2250
D0003195,O001260,P009,3,15000,10,40500
D0003196,O001260,P013,2,8500,0,17000
D0003197,O001260,P006,1,10500,0,10500
D0003198,O001261,P019,3,17000,0,51000
D0003199,O001261,P006,2,10500,0,21000
D0003200,O001262,P010,1,5500,5,5225
D0003201,O001262,P001,3,3500,0,10500
D0003202,O001262,P015,1,3000,0,3000
D0003203,O001263,P012,1,39500,5,37525
D0003204,O001263,P002,1,3500,5,3325
D0003205,O001264,P004,2,2500,0,5000
D0003206,O001264,P006,1,10500,5,9975
D0003207,O001265,P017,1,4500,5,4275
D0003208,O001265,P007,2,18000,0,36000
D0003209,O001265,P009,2,15000,0,30000
D0003210,O001266,P003,3,5500,0,16500
D0003211,O001266,P015,1,3000,5,2850
D0003212,O001266,P009,3,15000,0,45000
D0003213,O001266,P005,1,8500,0,8500
D0003214,O001267,P004,3,2500,10,6750
D0003215,O001267,P015,2,3000,0,6000
D0003216,O001267,P019,3,17000,10,45900
D0003217,O001267,P011,1,11500,0,11500
D0003218,O001268,P015,2,3000,0,6000
D0003219,O001268,P009,2,15000,5,28500
D0003220,O001268,P018,2,12000,5,22800
D0003221,O001269,P002,2,3500,10,6300
D0003222,O001269,P018,1,12000,10,10800
D0003223,O001269,P009,1,15000,5,14250
D0003224,O001270,P010,1,5500,0,5500
D0003225,O001270,P001,3,3500,10,9450
D0003226,O001270,P013,1,8500,0,8500
D0003227,O001270,P017,3,4500,0,13500
D0003228,O001271,P016,3,15500,10,41850
D0003229,O001271,P001,2,3500,5,6650
D0003230,O001271,P019,3,17000,5,48450
D0003231,O001272,P008,2,24500,0,49000
D0003232,O001272,P007,3,18000,0,54000
D0003233,O001273,P004,1,2500,5,2375
D0003234,O001273,P009,2,15000,0,30000
D0003235,O001273,P008,2,24500,10,44100
D0003236,O001274,P015,1,3000,0,3000
D0003237,O001274,P011,2,11500,0,23000
D0003238,O001274,P020,1,29500,5,28025
D0003239,O001274,P005,1,8500,0,8500
D0003240,O001275,P020,2,29500,0,59000
D0003241,O001275,P007,1,18000,5,17100
D0003242,O001275,P002,3,3500,10,9450
D0003243,O001275,P003,3,5500,10,14850
D0003244,O001276,P015,3,3000,0,9000
D0003245,O001277,P017,3,4500,0,13500
D0003246,O001277,P013,2,8500,0,17000
D0003247,O001277,P005,3,8500,5,24225
D0003248,O001278,P004,2,2500,5,4750
D0003249,O001278,P018,2,12000,10,21600
D0003250,O001279,P005,3,8500,10,22950
D0003251,O001279,P006,3,10500,10,28350
D0003252,O001279,P007,1,18000,0,18000
D0003253,O001280,P001,1,3500,5,3325
D0003254,O001280,P004,3,2500,10,6750
D0003255,O001280,P015,2,3000,5,5700
D0003256,O001280,P003,1,5500,5,5225
D0003257,O001281,P004,1,2500,5,2375
D0003258,O001281,P015,3,3000,5,8550
D0003259,O001282,P004,3,2500,0,7500
D0003260,O001282,P013,1,8500,5,8075
D0003261,O001282,P015,3,3000,0,9000
D0003262,O001282,P019,1,17000,0,17000
D0003263,O001283,P004,1,2500,5,2375
D0003264,O001284,P010,3,5500,5,15675
D0003265,O001284,P006,2,10500,0,21000
D0003266,O001284,P013,1,8500,5,8075
D0003267,O001285,P017,1,4500,10,4050
D0003268,O001285,P003,2,5500,5,10450
D0003269,O001285,P006,3,10500,0,31500
D0003270,O001286,P008,3,24500,0,73500
D0003271,O001286,P018,2,12000,0,24000
D0003272,O001286,P003,2,5500,0,11000
D0003273,O001287,P015,3,3000,0,9000
D0003274,O001287,P002,3,3500,0,10500
D0003275,O001288,P008,2,24500,0,49000
D0003276,O001288,P007,2,18000,0,36000
D0003277,O001289,P003,1,5500,5,5225
D0003278,O001289,P008,2,24500,5,46550
D0003279,O001289,P005,2,8500,5,16150
D0003280,O001290,P016,1,15500,10,13950
D0003281,O001290,P004,2,2500,5,4750
D0003282,O001290,P009,3,15000,0,45000
D0003283,O001291,P003,3,5500,0,16500
D0003284,O001292,P004,1,2500,0,2500
D0003285,O001293,P011,3,11500,0,34500
D0003286,O001293,P010,3,5500,10,14850
D0003287,O001293,P004,2,2500,10,4500
D0003288,O001293,P014,2,6500,10,11700
D0003289,O001294,P016,3,15500,0,46500
D0003290,O001295,P012,3,39500,0,118500
D0003291,O001295,P009,3,15000,0,45000
D0003292,O001295,P005,2,8500,0,17000
D0003293,O001296,P011,1,11500,10,10350
D0003294,O001296,P017,1,4500,10,4050
D0003295,O001296,P002,2,3500,5,6650
D0003296,O001297,P006,3,10500,5,29925
D0003297,O001297,P019,1,17000,10,15300
D0003298,O001298,P020,3,29500,0,88500
D0003299,O001298,P019,1,17000,10,15300
D0003300,O001298,P017,1,4500,0,4500
D0003301,O001299,P013,1,8500,0,8500
D0003302,O001300,P014,2,6500,0,13000
D0003303,O001300,P001,1,3500,0,3500
D0003304,O001300,P005,2,8500,0,17000
D0003305,O001300,P011,3,11500,0,34500
D0003306,O001301,P015,3,3000,5,8550
D0003307,O001302,P006,1,10500,0,10500
D0003308,O001302,P017,1,4500,5,4275
D0003309,O001302,P005,2,8500,5,16150
D0003310,O001303,P020,2,29500,0,59000
D0003311,O001303,P016,2,15500,0,31000
D0003312,O001303,P006,1,10500,0,10500
D0003313,O001304,P004,2,2500,0,5000
D0003314,O001304,P001,1,3500,10,3150
D0003315,O001305,P015,3,3000,10,8100
D0003316,O001306,P011,1,11500,0,11500
D0003317,O001306,P007,3,18000,10,48600
D0003318,O001306,P004,3,2500,5,7125
D0003319,O001307,P014,2,6500,10,11700
D0003320,O001307,P006,1,10500,0,10500
D0003321,O001307,P010,2,5500,0,11000
D0003322,O001308,P003,1,5500,0,5500
D0003323,O001309,P006,2,10500,0,21000
D0003324,O001309,P008,2,24500,10,44100
D0003325,O001309,P018,2,12000,10,21600
D0003326,O001310,P001,1,3500,0,3500
D0003327,O001311,P008,1,24500,5,23275
D0003328,O001311,P015,1,3000,5,2850
D0003329,O001311,P001,1,3500,10,3150
D0003330,O001311,P003,3,5500,5,15675
D0003331,O001312,P006,1,10500,0,10500
D0003332,O001312,P020,2,29500,10,53100
D0003333,O001312,P005,3,8500,0,25500
D0003334,O001312,P019,2,17000,0,34000
D0003335,O001313,P020,2,29500,10,53100
D0003336,O001313,P013,1,8500,10,7650
D0003337,O001314,P008,2,24500,0,49000
D0003338,O001314,P002,1,3500,0,3500
D0003339,O001315,P009,2,15000,10,27000
D0003340,O001315,P007,1,18000,5,17100
D0003341,O001315,P016,2,15500,5,29450
D0003342,O001316,P003,2,5500,5,10450
D0003343,O001316,P010,2,5500,10,9900
D0003344,O001316,P017,1,4500,10,4050
D0003345,O001317,P016,2,15500,5,29450
D0003346,O001317,P010,3,5500,10,14850
D0003347,O001317,P009,1,15000,0,15000
D0003348,O001317,P001,1,3500,5,3325
D0003349,O001318,P001,1,3500,10,3150
D0003350,O001319,P020,1,29500,0,29500
D0003351,O001319,P016,3,15500,0,46500
D0003352,O001319,P005,1,8500,5,8075
D0003353,O001319,P019,3,17000,10,45900
D0003354,O001320,P011,1,11500,0,11500
D0003355,O001320,P020,1,29500,0,29500
D0003356,O001320,P013,3,8500,0,25500
D0003357,O001321,P011,1,11500,5,10925
D0003358,O001321,P014,3,6500,10,17550
D0003359,O001321,P013,3,8500,10,22950
D0003360,O001322,P020,1,29500,10,26550
D0003361,O001322,P019,3,17000,0,51000
D0003362,O001322,P008,1,24500,10,22050
D0003363,O001323,P003,2,5500,10,9900
D0003364,O001323,P002,3,3500,10,9450
D0003365,O001323,P016,1,15500,10,13950
D0003366,O001323,P005,1,8500,0,8500
D0003367,O001324,P005,2,8500,0,17000
D0003368,O001325,P013,1,8500,10,7650
D0003369,O001325,P001,3,3500,0,10500
D0003370,O001325,P019,1,17000,0,17000
D0003371,O001326,P012,1,39500,0,39500
D0003372,O001327,P007,1,18000,10,16200
D0003373,O001327,P019,1,17000,10,15300
D0003374,O001327,P010,2,5500,0,11000
D0003375,O001327,P009,1,15000,0,15000
D0003376,O001328,P007,3,18000,0,54000
D0003377,O001328,P017,3,4500,0,13500
D0003378,O001329,P017,3,4500,10,12150
D0003379,O001329,P002,2,3500,10,6300
D0003380,O001329,P007,2,18000,10,32400
D0003381,O001330,P020,2,29500,0,59000
D0003382,O001330,P018,1,12000,0,12000
D0003383,O001330,P013,3,8500,0,25500
D0003384,O001330,P008,3,24500,10,66150
D0003385,O001331,P008,1,24500,5,23275
D0003386,O001331,P016,2,15500,10,27900
D0003387,O001331,P011,3,11500,0,34500
D0003388,O001332,P018,3,12000,5,34200
D0003389,O001332,P012,2,39500,10,71100
D0003390,O001332,P003,3,5500,0,16500
D0003391,O001333,P010,1,5500,10,4950
D0003392,O001333,P019,2,17000,0,34000
D0003393,O001333,P009,3,15000,5,42750
D0003394,O001333,P002,1,3500,0,3500
D0003395,O001334,P012,2,39500,0,79000
D0003396,O001335,P020,1,29500,10,26550
D0003397,O001335,P015,3,3000,0,9000
D0003398,O001335,P006,3,10500,0,31500
D0003399,O001336,P002,2,3500,5,6650
D0003400,O001336,P016,1,15500,0,15500
D0003401,O001337,P003,2,5500,5,10450
D0003402,O001337,P004,3,2500,0,7500
D0003403,O001337,P015,3,3000,0,9000
D0003404,O001337,P020,3,29500,0,88500
D0003405,O001338,P017,1,4500,5,4275
D0003406,O001339,P008,1,24500,10,22050
D0003407,O001339,P001,3,3500,0,10500
D0003408,O001339,P012,2,39500,10,71100
D0003409,O001340,P013,2,8500,10,15300
D0003410,O001340,P002,1,3500,5,3325
D0003411,O001341,P016,1,15500,0,15500
D0003412,O001341,P013,1,8500,0,8500
D0003413,O001342,P010,2,5500,5,10450
D0003414,O001342,P007,1,18000,10,16200
D0003415,O001342,P018,1,12000,5,11400
D0003416,O001343,P014,2,6500,0,13000
D0003417,O001343,P018,1,12000,0,12000
D0003418,O001343,P019,1,17000,0,17000
D0003419,O001343,P006,1,10500,0,10500
D0003420,O001344,P014,1,6500,0,6500
D0003421,O001344,P003,2,5500,5,10450
D0003422,O001344,P017,2,4500,10,8100
D0003423,O001345,P010,3,5500,5,15675
D0003424,O001346,P017,3,4500,10,12150
D0003425,O001346,P018,3,12000,0,36000
D0003426,O001347,P017,3,4500,5,12825
D0003427,O001348,P012,1,39500,0,39500
D0003428,O001349,P003,2,5500,10,9900
D0003429,O001350,P015,1,3000,0,3000
D0003430,O001350,P006,2,10500,10,18900
D0003431,O001351,P014,3,6500,5,18525
D0003432,O001351,P020,2,29500,5,56050
D0003433,O001351,P012,1,39500,0,39500
D0003434,O001351,P008,3,24500,0,73500
D0003435,O001352,P019,2,17000,10,30600
D0003436,O001352,P012,2,39500,0,79000
D0003437,O001352,P013,2,8500,5,16150
D0003438,O001353,P005,1,8500,0,8500
D0003439,O001353,P013,2,8500,0,17000
D0003440,O001353,P016,3,15500,0,46500
D0003441,O001353,P007,3,18000,0,54000
D0003442,O001354,P009,1,15000,10,13500
D0003443,O001354,P013,2,8500,0,17000
D0003444,O001355,P010,2,5500,10,9900
D0003445,O001355,P009,2,15000,5,28500
D0003446,O001355,P006,1,10500,0,10500
D0003447,O001355,P019,2,17000,10,30600
D0003448,O001356,P013,3,8500,0,25500
D0003449,O001356,P014,3,6500,0,19500
D0003450,O001357,P019,3,17000,5,48450
D0003451,O001357,P002,1,3500,0,3500
D0003452,O001357,P012,1,39500,0,39500
D0003453,O001358,P009,2,15000,10,27000
D0003454,O001358,P018,2,12000,0,24000
D0003455,O001359,P001,3,3500,0,10500
D0003456,O001359,P019,1,17000,0,17000
D0003457,O001359,P006,1,10500,0,10500
D0003458,O001360,P016,1,15500,10,13950
D0003459,O001360,P005,1,8500,5,8075
D0003460,O001360,P010,3,5500,0,16500
D0003461,O001361,P010,1,5500,0,5500
D0003462,O001362,P014,1,6500,5,6175
D0003463,O001362,P010,3,5500,0,16500
D0003464,O001362,P004,1,2500,10,2250
D0003465,O001362,P003,1,5500,10,4950
D0003466,O001363,P002,2,3500,5,6650
D0003467,O001364,P007,3,18000,0,54000
D0003468,O001364,P014,3,6500,0,19500
D0003469,O001365,P007,1,18000,10,16200
D0003470,O001365,P014,3,6500,0,19500
D0003471,O001365,P019,1,17000,10,15300
D0003472,O001366,P009,2,15000,0,30000
D0003473,O001366,P001,1,3500,0,3500
D0003474,O001367,P020,1,29500,0,29500
D0003475,O001367,P015,2,3000,5,5700
D0003476,O001368,P014,3,6500,5,18525
D0003477,O001368,P018,3,12000,0,36000
D0003478,O001369,P002,2,3500,10,6300
D0003479,O001370,P005,1,8500,10,7650
D0003480,O001370,P001,2,3500,0,7000
D0003481,O001370,P006,1,10500,0,10500
D0003482,O001371,P003,3,5500,0,16500
D0003483,O001371,P008,1,24500,10,22050
D0003484,O001371,P009,2,15000,5,28500
D0003485,O001371,P013,1,8500,5,8075
D0003486,O001372,P015,2,3000,5,5700
D0003487,O001372,P016,3,15500,0,46500
D0003488,O001373,P009,3,15000,5,42750
D0003489,O001373,P019,3,17000,0,51000
D0003490,O001374,P018,1,12000,0,12000
D0003491,O001374,P002,2,3500,0,7000
D0003492,O001375,P016,3,15500,5,44175
D0003493,O001375,P018,1,12000,5,11400
D0003494,O001375,P007,2,18000,0,36000
D0003495,O001375,P020,1,29500,0,29500
D0003496,O001376,P009,3,15000,0,45000
D0003497,O001376,P013,3,8500,5,24225
D0003498,O001376,P002,3,3500,0,10500
D0003499,O001377,P008,2,24500,5,46550
D0003500,O001377,P014,1,6500,5,6175
D0003501,O001377,P012,1,39500,0,39500
D0003502,O001378,P016,2,15500,5,29450
D0003503,O001378,P008,1,24500,10,22050
D0003504,O001379,P013,1,8500,0,8500
D0003505,O001379,P006,1,10500,10,9450
D0003506,O001380,P017,1,4500,5,4275
D0003507,O001380,P018,1,12000,10,10800
D0003508,O001380,P019,3,17000,5,48450
D0003509,O001381,P006,2,10500,0,21000
D0003510,O001381,P015,1,3000,10,2700
D0003511,O001382,P018,2,12000,5,22800
D0003512,O001382,P012,2,39500,10,71100
D0003513,O001383,P012,3,39500,0,118500
D0003514,O001383,P016,1,15500,0,15500
D0003515,O001383,P008,1,24500,5,23275
D0003516,O001384,P005,1,8500,0,8500
D0003517,O001384,P013,3,8500,10,22950
D0003518,O001385,P012,1,39500,0,39500
D0003519,O001385,P015,2,3000,0,6000
D0003520,O001386,P001,3,3500,0,10500
D0003521,O001387,P020,1,29500,0,29500
D0003522,O001388,P009,3,15000,10,40500
D0003523,O001388,P001,3,3500,0,10500
D0003524,O001388,P016,2,15500,0,31000
D0003525,O001388,P014,3,6500,0,19500
D0003526,O001389,P016,2,15500,0,31000
D0003527,O001389,P019,1,17000,10,15300
D0003528,O001389,P010,3,5500,10,14850
D0003529,O001390,P002,2,3500,5,6650
D0003530,O001390,P020,1,29500,0,29500
D0003531,O001391,P002,1,3500,10,3150
D0003532,O001391,P007,2,18000,10,32400
D0003533,O001392,P007,2,18000,0,36000
D0003534,O001392,P013,1,8500,10,7650
D0003535,O001393,P005,1,8500,5,8075
D0003536,O001393,P018,2,12000,0,24000
D0003537,O001393,P012,1,39500,0,39500
D0003538,O001393,P008,2,24500,0,49000
D0003539,O001394,P018,1,12000,0,12000
D0003540,O001395,P010,1,5500,5,5225
D0003541,O001396,P018,2,12000,0,24000
D0003542,O001396,P009,2,15000,0,30000
D0003543,O001397,P019,2,17000,5,32300
D0003544,O001398,P016,3,15500,5,44175
D0003545,O001398,P018,2,12000,5,22800
D0003546,O001399,P011,3,11500,10,31050
D0003547,O001399,P001,2,3500,0,7000
D0003548,O001399,P010,1,5500,0,5500
D0003549,O001400,P003,3,5500,0,16500
D0003550,O001400,P010,3,5500,0,16500
D0003551,O001400,P007,1,18000,10,16200
D0003552,O001400,P009,1,15000,10,13500
D0003553,O001401,P018,2,12000,5,22800
D0003554,O001402,P003,2,5500,0,11000
D0003555,O001402,P019,1,17000,0,17000
D0003556,O001402,P007,1,18000,0,18000
D0003557,O001402,P008,1,24500,0,24500
D0003558,O001403,P010,3,5500,5,15675
D0003559,O001403,P014,2,6500,10,11700
D0003560,O001403,P015,1,3000,0,3000
D0003561,O001404,P012,3,39500,10,106650
D0003562,O001404,P015,2,3000,10,5400
D0003563,O001405,P017,3,4500,10,12150
D0003564,O001405,P008,3,24500,0,73500
D0003565,O001405,P012,2,39500,0,79000
D0003566,O001405,P010,2,5500,0,11000
D0003567,O001406,P013,2,8500,0,17000
D0003568,O001407,P006,3,10500,0,31500
D0003569,O001407,P004,2,2500,0,5000
D0003570,O001407,P017,1,4500,0,4500
D0003571,O001408,P013,1,8500,5,8075
D0003572,O001409,P004,3,2500,0,7500
D0003573,O001409,P009,2,15000,0,30000
D0003574,O001410,P011,2,11500,10,20700
D0003575,O001410,P016,1,15500,5,14725
D0003576,O001411,P011,1,11500,0,11500
D0003577,O001411,P012,1,39500,5,37525
D0003578,O001411,P007,1,18000,0,18000
D0003579,O001411,P016,1,15500,0,15500
D0003580,O001412,P011,1,11500,10,10350
D0003581,O001413,P020,1,29500,0,29500
D0003582,O001413,P001,2,3500,10,6300
D0003583,O001414,P013,1,8500,0,8500
D0003584,O001415,P016,1,15500,0,15500
D0003585,O001416,P011,1,11500,0,11500
D0003586,O001416,P016,3,15500,0,46500
D0003587,O001417,P017,3,4500,0,13500
D0003588,O001418,P004,1,2500,10,2250
D0003589,O001418,P003,1,5500,0,5500
D0003590,O001418,P011,3,11500,5,32775
D0003591,O001419,P011,2,11500,10,20700
D0003592,O001420,P012,2,39500,0,79000
D0003593,O001420,P011,2,11500,0,23000
D0003594,O001421,P018,3,12000,10,32400
D0003595,O001422,P019,1,17000,10,15300
D0003596,O001423,P010,3,5500,5,15675
D0003597,O001423,P005,1,8500,5,8075
D0003598,O001423,P003,3,5500,5,15675
D0003599,O001424,P020,2,29500,0,59000
D0003600,O001424,P004,2,2500,0,5000
D0003601,O001424,P001,1,3500,0,3500
D0003602,O001424,P007,1,18000,10,16200
D0003603,O001425,P010,1,5500,0,5500
D0003604,O001426,P015,1,3000,0,3000
D0003605,O001426,P004,2,2500,5,4750
D0003606,O001427,P011,2,11500,0,23000
D0003607,O001427,P007,1,18000,10,16200
D0003608,O001427,P018,2,12000,10,21600
D0003609,O001427,P005,1,8500,0,8500
D0003610,O001428,P004,1,2500,0,2500
D0003611,O001428,P015,2,3000,10,5400
D0003612,O001428,P014,2,6500,5,12350
D0003613,O001428,P006,3,10500,10,28350
D0003614,O001429,P019,2,17000,0,34000
D0003615,O001429,P004,1,2500,10,2250
D0003616,O001429,P020,2,29500,10,53100
D0003617,O001430,P017,2,4500,0,9000
D0003618,O001430,P004,2,2500,5,4750
D0003619,O001430,P009,1,15000,10,13500
D0003620,O001430,P008,3,24500,0,73500
D0003621,O001431,P012,1,39500,0,39500
D0003622,O001432,P015,1,3000,10,2700
D0003623,O001432,P001,3,3500,0,10500
D0003624,O001432,P003,3,5500,0,16500
D0003625,O001433,P005,3,8500,0,25500
D0003626,O001434,P012,1,39500,0,39500
D0003627,O001434,P004,1,2500,0,2500
D0003628,O001434,P011,2,11500,0,23000
D0003629,O001435,P012,3,39500,5,112575
D0003630,O001435,P007,3,18000,10,48600
D0003631,O001436,P003,1,5500,5,5225
D0003632,O001436,P016,1,15500,5,14725
D0003633,O001436,P006,1,10500,0,10500
D0003634,O001437,P008,2,24500,0,49000
D0003635,O001437,P002,2,3500,0,7000
D0003636,O001438,P006,3,10500,0,31500
D0003637,O001438,P012,3,39500,0,118500
D0003638,O001439,P016,1,15500,10,13950
D0003639,O001439,P019,1,17000,5,16150
D0003640,O001440,P014,2,6500,10,11700
D0003641,O001440,P004,1,2500,0,2500
D0003642,O001440,P012,1,39500,5,37525
D0003643,O001440,P009,2,15000,0,30000
D0003644,O001441,P010,1,5500,0,5500
D0003645,O001441,P011,3,11500,0,34500
D0003646,O001441,P004,2,2500,10,4500
D0003647,O001441,P012,2,39500,0,79000
D0003648,O001442,P010,1,5500,10,4950
D0003649,O001442,P001,3,3500,5,9975
D0003650,O001442,P002,2,3500,0,7000
D0003651,O001442,P019,1,17000,5,16150
D0003652,O001443,P006,2,10500,0,21000
D0003653,O001444,P016,1,15500,0,15500
D0003654,O001444,P018,3,12000,0,36000
D0003655,O001445,P007,2,18000,0,36000
D0003656,O001445,P002,2,3500,5,6650
D0003657,O001445,P003,2,5500,0,11000
D0003658,O001446,P019,2,17000,5,32300
D0003659,O001446,P014,3,6500,0,19500
D0003660,O001446,P004,2,2500,5,4750
D0003661,O001447,P010,3,5500,5,15675
D0003662,O001447,P015,1,3000,0,3000
D0003663,O001448,P011,3,11500,5,32775
D0003664,O001448,P001,3,3500,5,9975
D0003665,O001448,P020,1,29500,0,29500
D0003666,O001448,P009,3,15000,0,45000
D0003667,O001449,P003,1,5500,0,5500
D0003668,O001449,P014,1,6500,0,6500
D0003669,O001449,P013,1,8500,5,8075
D0003670,O001450,P015,2,3000,0,6000
D0003671,O001450,P013,3,8500,5,24225
D0003672,O001450,P008,3,24500,5,69825
D0003673,O001450,P010,3,5500,0,16500
D0003674,O001451,P007,3,18000,0,54000
D0003675,O001451,P003,2,5500,0,11000
D0003676,O001451,P013,1,8500,0,8500
D0003677,O001451,P010,1,5500,0,5500
D0003678,O001452,P015,1,3000,0,3000
D0003679,O001453,P020,2,29500,10,53100
D0003680,O001453,P019,1,17000,0,17000
D0003681,O001454,P018,1,12000,0,12000
D0003682,O001454,P008,3,24500,5,69825
D0003683,O001454,P002,2,3500,10,6300
D0003684,O001455,P006,1,10500,10,9450
D0003685,O001456,P002,3,3500,0,10500
D0003686,O001456,P010,2,5500,10,9900
D0003687,O001456,P001,3,3500,10,9450
D0003688,O001457,P015,1,3000,0,3000
D0003689,O001457,P006,3,10500,5,29925
D0003690,O001457,P004,1,2500,10,2250
D0003691,O001458,P014,1,6500,10,5850
D0003692,O001458,P010,2,5500,5,10450
D0003693,O001458,P016,2,15500,0,31000
D0003694,O001458,P020,1,29500,5,28025
D0003695,O001459,P015,1,3000,0,3000
D0003696,O001459,P018,1,12000,0,12000
D0003697,O001459,P019,3,17000,10,45900
D0003698,O001459,P008,1,24500,5,23275
D0003699,O001460,P005,1,8500,10,7650
D0003700,O001460,P002,3,3500,10,9450
D0003701,O001460,P010,1,5500,0,5500
D0003702,O001461,P017,1,4500,10,4050
D0003703,O001461,P013,1,8500,0,8500
D0003704,O001461,P020,1,29500,0,29500
D0003705,O001461,P005,1,8500,0,8500
D0003706,O001462,P014,2,6500,5,12350
D0003707,O001462,P001,2,3500,10,6300
D0003708,O001463,P001,2,3500,0,7000
D0003709,O001463,P004,2,2500,0,5000
D0003710,O001463,P010,1,5500,0,5500
D0003711,O001463,P008,3,24500,0,73500
D0003712,O001464,P006,2,10500,5,19950
D0003713,O001464,P010,3,5500,0,16500
D0003714,O001464,P002,2,3500,0,7000
D0003715,O001465,P012,2,39500,0,79000
D0003716,O001465,P006,1,10500,10,9450
D0003717,O001465,P005,2,8500,5,16150
D0003718,O001466,P009,1,15000,0,15000
D0003719,O001466,P008,1,24500,0,24500
D0003720,O001466,P002,1,3500,0,3500
D0003721,O001466,P004,2,2500,0,5000
D0003722,O001467,P015,3,3000,0,9000
D0003723,O001467,P002,3,3500,10,9450
D0003724,O001468,P012,2,39500,0,79000
D0003725,O001468,P015,2,3000,10,5400
D0003726,O001469,P012,3,39500,10,106650
D0003727,O001470,P009,1,15000,0,15000
D0003728,O001470,P004,2,2500,10,4500
D0003729,O001471,P001,1,3500,5,3325
D0003730,O001471,P013,3,8500,5,24225
D0003731,O001472,P004,3,2500,0,7500
D0003732,O001472,P020,3,29500,0,88500
D0003733,O001473,P014,3,6500,5,18525
D0003734,O001474,P008,3,24500,0,73500
D0003735,O001474,P005,1,8500,5,8075
D0003736,O001475,P012,1,39500,0,39500
D0003737,O001475,P004,2,2500,10,4500
D0003738,O001475,P002,3,3500,10,9450
D0003739,O001476,P001,3,3500,10,9450
D0003740,O001476,P014,3,6500,5,18525
D0003741,O001476,P007,1,18000,5,17100
D0003742,O001476,P019,2,17000,10,30600
D0003743,O001477,P014,3,6500,10,17550
D0003744,O001477,P018,3,12000,0,36000
D0003745,O001477,P015,2,3000,10,5400
D0003746,O001478,P001,1,3500,0,3500
D0003747,O001478,P010,1,5500,0,5500
D0003748,O001478,P013,3,8500,5,24225
D0003749,O001479,P003,3,5500,0,16500
D0003750,O001480,P001,2,3500,0,7000
D0003751,O001480,P007,3,18000,10,48600
D0003752,O001481,P020,2,29500,10,53100
D0003753,O001481,P017,3,4500,0,13500
D0003754,O001482,P015,1,3000,0,3000
D0003755,O001482,P018,2,12000,10,21600
D0003756,O001482,P017,3,4500,10,12150
D0003757,O001482,P001,3,3500,0,10500
D0003758,O001483,P015,3,3000,0,9000
D0003759,O001483,P012,3,39500,5,112575
D0003760,O001483,P002,2,3500,0,7000
D0003761,O001483,P014,1,6500,0,6500
D0003762,O001484,P009,1,15000,0,15000
D0003763,O001484,P005,3,8500,5,24225
D0003764,O001484,P012,2,39500,0,79000
D0003765,O001485,P018,2,12000,10,21600
D0003766,O001485,P001,2,3500,0,7000
D0003767,O001485,P019,3,17000,5,48450
D0003768,O001485,P014,1,6500,0,6500
D0003769,O001486,P006,3,10500,0,31500
D0003770,O001486,P003,1,5500,0,5500
D0003771,O001486,P011,3,11500,0,34500
D0003772,O001487,P010,3,5500,5,15675
D0003773,O001488,P001,2,3500,5,6650
D0003774,O001488,P010,1,5500,0,5500
D0003775,O001488,P017,2,4500,0,9000
D0003776,O001489,P008,1,24500,10,22050
D0003777,O001489,P017,2,4500,5,8550
D0003778,O001490,P010,1,5500,0,5500
D0003779,O001490,P013,1,8500,0,8500
D0003780,O001491,P011,1,11500,10,10350
D0003781,O001491,P007,1,18000,10,16200
D0003782,O001491,P005,2,8500,0,17000
D0003783,O001492,P004,2,2500,10,4500
D0003784,O001492,P010,3,5500,0,16500
D0003785,O001492,P014,3,6500,5,18525
D0003786,O001492,P020,3,29500,0,88500
D0003787,O001493,P019,3,17000,0,51000
D0003788,O001493,P002,1,3500,5,3325
D0003789,O001493,P012,3,39500,10,106650
D0003790,O001494,P011,3,11500,0,34500
D0003791,O001494,P014,3,6500,5,18525
D0003792,O001494,P005,3,8500,0,25500
D0003793,O001495,P009,3,15000,0,45000
D0003794,O001495,P013,2,8500,0,17000
D0003795,O001496,P013,3,8500,10,22950
D0003796,O001496,P019,3,17000,10,45900
D0003797,O001496,P015,1,3000,0,3000
D0003798,O001496,P011,3,11500,0,34500
D0003799,O001497,P007,2,18000,0,36000
D0003800,O001497,P018,2,12000,10,21600
D0003801,O001497,P001,2,3500,10,6300
D0003802,O001497,P003,2,5500,0,11000
D0003803,O001498,P003,2,5500,0,11000
D0003804,O001498,P002,3,3500,0,10500
D0003805,O001499,P004,2,2500,10,4500
D0003806,O001499,P020,1,29500,5,28025
D0003807,O001499,P013,3,8500,0,25500
D0003808,O001499,P017,2,4500,0,9000
D0003809,O001500,P012,1,39500,5,37525
D0003810,O001500,P011,3,11500,0,34500
D0003811,O001500,P016,1,15500,5,14725
D0003812,O001500,P009,3,15000,5,42750
D0003813,O001501,P019,2,17000,0,34000
D0003814,O001501,P018,1,12000,5,11400
D0003815,O001502,P017,3,4500,0,13500
D0003816,O001503,P001,2,3500,0,7000
D0003817,O001503,P014,2,6500,5,12350
D0003818,O001503,P009,3,15000,0,45000
D0003819,O001503,P017,3,4500,0,13500
D0003820,O001504,P015,3,3000,10,8100
D0003821,O001505,P013,2,8500,0,17000
D0003822,O001506,P010,3,5500,10,14850
D0003823,O001506,P004,3,2500,0,7500
D0003824,O001506,P003,3,5500,5,15675
D0003825,O001507,P012,1,39500,0,39500
D0003826,O001507,P019,2,17000,10,30600
D0003827,O001507,P003,1,5500,10,4950
D0003828,O001507,P015,1,3000,10,2700
D0003829,O001508,P008,3,24500,0,73500
D0003830,O001508,P005,1,8500,0,8500
D0003831,O001509,P010,2,5500,5,10450
D0003832,O001509,P012,3,39500,0,118500
D0003833,O001510,P016,2,15500,5,29450
D0003834,O001510,P012,3,39500,10,106650
D0003835,O001510,P019,2,17000,0,34000
D0003836,O001510,P008,2,24500,10,44100
D0003837,O001511,P016,3,15500,10,41850
D0003838,O001511,P019,1,17000,10,15300
D0003839,O001512,P014,1,6500,0,6500
D0003840,O001513,P017,3,4500,0,13500
D0003841,O001514,P017,2,4500,5,8550
D0003842,O001514,P011,1,11500,0,11500
D0003843,O001514,P019,3,17000,10,45900
D0003844,O001515,P014,2,6500,5,12350
D0003845,O001515,P004,1,2500,0,2500
D0003846,O001516,P016,1,15500,0,15500
D0003847,O001517,P014,2,6500,5,12350
D0003848,O001518,P011,1,11500,0,11500
D0003849,O001518,P020,2,29500,5,56050
D0003850,O001518,P002,3,3500,0,10500
D0003851,O001519,P008,2,24500,0,49000
D0003852,O001519,P014,2,6500,0,13000
D0003853,O001520,P007,1,18000,0,18000
D0003854,O001521,P008,1,24500,0,24500
D0003855,O001521,P002,3,3500,0,10500
D0003856,O001522,P004,1,2500,0,2500
D0003857,O001522,P016,3,15500,10,41850
D0003858,O001522,P003,1,5500,0,5500
D0003859,O001523,P009,3,15000,0,45000
D0003860,O001523,P007,2,18000,0,36000
D0003861,O001523,P012,3,39500,5,112575
D0003862,O001523,P003,2,5500,0,11000
D0003863,O001524,P002,2,3500,10,6300
D0003864,O001525,P005,2,8500,0,17000
D0003865,O001526,P004,1,2500,0,2500
D0003866,O001527,P005,1,8500,0,8500
D0003867,O001528,P014,1,6500,10,5850
D0003868,O001528,P009,1,15000,5,14250
D0003869,O001529,P002,3,3500,5,9975
D0003870,O001529,P011,1,11500,0,11500
D0003871,O001529,P009,3,15000,0,45000
D0003872,O001529,P007,3,18000,0,54000
D0003873,O001530,P015,2,3000,0,6000
D0003874,O001530,P013,3,8500,0,25500
D0003875,O001531,P008,1,24500,0,24500
D0003876,O001531,P011,2,11500,5,21850
D0003877,O001532,P011,2,11500,5,21850
D0003878,O001533,P019,2,17000,0,34000
D0003879,O001533,P004,1,2500,5,2375
D0003880,O001533,P007,1,18000,10,16200
D0003881,O001534,P008,2,24500,10,44100
D0003882,O001534,P020,3,29500,10,79650
D0003883,O001535,P001,2,3500,10,6300
D0003884,O001535,P004,3,2500,0,7500
D0003885,O001536,P012,1,39500,0,39500
D0003886,O001536,P005,1,8500,0,8500
D0003887,O001536,P019,3,17000,0,51000
D0003888,O001537,P001,2,3500,10,6300
D0003889,O001537,P007,1,18000,5,17100
D0003890,O001537,P018,3,12000,5,34200
D0003891,O001537,P006,2,10500,5,19950
D0003892,O001538,P012,2,39500,0,79000
D0003893,O001538,P003,1,5500,0,5500
D0003894,O001538,P009,2,15000,0,30000
D0003895,O001538,P013,2,8500,10,15300
D0003896,O001539,P006,1,10500,10,9450
D0003897,O001539,P018,3,12000,0,36000
D0003898,O001540,P003,2,5500,0,11000
D0003899,O001540,P016,1,15500,0,15500
D0003900,O001540,P007,1,18000,10,16200
D0003901,O001540,P009,1,15000,10,13500
D0003902,O001541,P017,1,4500,10,4050
D0003903,O001541,P003,1,5500,0,5500
D0003904,O001541,P005,3,8500,10,22950
D0003905,O001542,P002,2,3500,0,7000
D0003906,O001542,P014,2,6500,0,13000
D0003907,O001542,P007,2,18000,10,32400
D0003908,O001542,P009,1,15000,10,13500
D0003909,O001543,P001,3,3500,10,9450
D0003910,O001544,P005,2,8500,10,15300
D0003911,O001544,P020,1,29500,5,28025
D0003912,O001544,P013,3,8500,5,24225
D0003913,O001545,P001,1,3500,0,3500
D0003914,O001545,P018,3,12000,0,36000
D0003915,O001545,P020,3,29500,10,79650
D0003916,O001545,P005,2,8500,0,17000
D0003917,O001546,P005,1,8500,5,8075
D0003918,O001546,P008,1,24500,0,24500
D0003919,O001546,P018,3,12000,0,36000
D0003920,O001547,P012,1,39500,0,39500
D0003921,O001547,P013,2,8500,0,17000
D0003922,O001547,P015,3,3000,10,8100
D0003923,O001548,P014,2,6500,0,13000
D0003924,O001548,P004,3,2500,0,7500
D0003925,O001548,P016,3,15500,0,46500
D0003926,O001549,P018,1,12000,0,12000
D0003927,O001549,P016,3,15500,0,46500
D0003928,O001549,P020,1,29500,5,28025
D0003929,O001550,P014,1,6500,0,6500
D0003930,O001550,P016,2,15500,5,29450
D0003931,O001550,P015,2,3000,5,5700
D0003932,O001550,P011,1,11500,0,11500
D0003933,O001551,P018,1,12000,0,12000
D0003934,O001551,P001,1,3500,5,3325
D0003935,O001551,P017,3,4500,0,13500
D0003936,O001551,P003,1,5500,10,4950
D0003937,O001552,P008,1,24500,0,24500
D0003938,O001553,P019,3,17000,0,51000
D0003939,O001553,P002,2,3500,10,6300
D0003940,O001553,P004,2,2500,0,5000
D0003941,O001553,P009,2,15000,0,30000
D0003942,O001554,P006,2,10500,0,21000
D0003943,O001554,P003,1,5500,0,5500
D0003944,O001555,P009,3,15000,0,45000
D0003945,O001555,P002,2,3500,5,6650
D0003946,O001555,P006,3,10500,0,31500
D0003947,O001556,P011,2,11500,5,21850
D0003948,O001556,P004,1,2500,5,2375
D0003949,O001557,P015,1,3000,0,3000
D0003950,O001557,P013,3,8500,0,25500
D0003951,O001558,P008,2,24500,0,49000
D0003952,O001558,P017,2,4500,10,8100
D0003953,O001559,P005,2,8500,0,17000
D0003954,O001559,P007,3,18000,0,54000
D0003955,O001559,P001,1,3500,5,3325
D0003956,O001560,P007,1,18000,5,17100
D0003957,O001560,P016,1,15500,10,13950
D0003958,O001561,P005,3,8500,5,24225
D0003959,O001562,P013,2,8500,5,16150
D0003960,O001563,P005,2,8500,0,17000
D0003961,O001563,P012,3,39500,5,112575
D0003962,O001563,P020,3,29500,0,88500
D0003963,O001563,P006,2,10500,0,21000
D0003964,O001564,P002,2,3500,5,6650
D0003965,O001564,P015,3,3000,5,8550
D0003966,O001564,P016,3,15500,0,46500
D0003967,O001564,P013,2,8500,0,17000
D0003968,O001565,P002,2,3500,0,7000
D0003969,O001565,P020,3,29500,0,88500
D0003970,O001565,P011,3,11500,5,32775
D0003971,O001565,P006,1,10500,0,10500
D0003972,O001566,P012,2,39500,0,79000
D0003973,O001566,P004,2,2500,0,5000
D0003974,O001566,P019,2,17000,10,30600
D0003975,O001567,P008,1,24500,10,22050
D0003976,O001567,P015,1,3000,0,3000
D0003977,O001568,P007,3,18000,10,48600
D0003978,O001569,P013,1,8500,0,8500
D0003979,O001570,P015,3,3000,5,8550
D0003980,O001570,P004,1,2500,0,2500
D0003981,O001570,P006,3,10500,10,28350
D0003982,O001570,P018,3,12000,5,34200
D0003983,O001571,P001,1,3500,0,3500
D0003984,O001571,P016,3,15500,0,46500
D0003985,O001571,P006,2,10500,0,21000
D0003986,O001572,P020,2,29500,0,59000
D0003987,O001572,P011,1,11500,10,10350
D0003988,O001573,P001,2,3500,10,6300
D0003989,O001573,P005,3,8500,0,25500
D0003990,O001573,P012,3,39500,10,106650
D0003991,O001574,P001,2,3500,5,6650
D0003992,O001574,P017,3,4500,0,13500
D0003993,O001575,P017,2,4500,10,8100
D0003994,O001576,P014,2,6500,5,12350
D0003995,O001576,P008,1,24500,0,24500
D0003996,O001576,P007,3,18000,0,54000
D0003997,O001577,P003,1,5500,0,5500
D0003998,O001577,P002,3,3500,0,10500
D0003999,O001578,P016,2,15500,10,27900
D0004000,O001578,P007,1,18000,5,17100
D0004001,O001579,P018,2,12000,5,22800
D0004002,O001580,P020,2,29500,0,59000
D0004003,O001580,P018,3,12000,0,36000
D0004004,O001580,P010,1,5500,10,4950
D0004005,O001581,P007,2,18000,5,34200
D0004006,O001581,P013,1,8500,5,8075
D0004007,O001582,P004,2,2500,0,5000
D0004008,O001582,P009,3,15000,0,45000
D0004009,O001582,P017,1,4500,10,4050
D0004010,O001582,P011,2,11500,0,23000
D0004011,O001583,P019,2,17000,5,32300
D0004012,O001584,P011,2,11500,10,20700
D0004013,O001585,P008,2,24500,10,44100
D0004014,O001586,P019,1,17000,0,17000
D0004015,O001587,P007,1,18000,0,18000
D0004016,O001587,P008,1,24500,0,24500
D0004017,O001587,P018,1,12000,5,11400
D0004018,O001588,P012,2,39500,10,71100
D0004019,O001588,P008,3,24500,0,73500
D0004020,O001588,P015,1,3000,0,3000
D0004021,O001589,P007,2,18000,10,32400
D0004022,O001589,P015,3,3000,5,8550
D0004023,O001589,P012,1,39500,0,39500
D0004024,O001590,P014,3,6500,10,17550
D0004025,O001590,P005,3,8500,0,25500
D0004026,O001591,P007,2,18000,5,34200
D0004027,O001591,P020,1,29500,5,28025
D0004028,O001591,P013,3,8500,5,24225
D0004029,O001591,P018,3,12000,0,36000
D0004030,O001592,P011,1,11500,0,11500
D0004031,O001592,P016,1,15500,5,14725
D0004032,O001592,P004,2,2500,0,5000
D0004033,O001592,P018,2,12000,5,22800
D0004034,O001593,P009,1,15000,10,13500
D0004035,O001594,P016,3,15500,10,41850
D0004036,O001594,P003,1,5500,0,5500
D0004037,O001594,P012,1,39500,5,37525
D0004038,O001594,P014,1,6500,0,6500
D0004039,O001595,P013,1,8500,5,8075
D0004040,O001595,P018,2,12000,5,22800
D0004041,O001596,P019,1,17000,0,17000
D0004042,O001596,P007,1,18000,0,18000
D0004043,O001596,P011,1,11500,0,11500
D0004044,O001596,P010,2,5500,0,11000
D0004045,O001597,P013,3,8500,10,22950
D0004046,O001598,P011,2,11500,0,23000
D0004047,O001598,P016,3,15500,0,46500
D0004048,O001598,P018,3,12000,5,34200
D0004049,O001598,P012,2,39500,10,71100
D0004050,O001599,P003,1,5500,10,4950
D0004051,O001599,P005,3,8500,10,22950
D0004052,O001600,P003,2,5500,5,10450
D0004053,O001600,P014,3,6500,0,19500
D0004054,O001600,P004,1,2500,5,2375
D0004055,O001601,P005,2,8500,0,17000
D0004056,O001601,P015,2,3000,10,5400
D0004057,O001601,P020,3,29500,0,88500
D0004058,O001601,P008,2,24500,5,46550
D0004059,O001602,P016,2,15500,5,29450
D0004060,O001602,P005,3,8500,5,24225
D0004061,O001603,P014,2,6500,0,13000
D0004062,O001603,P004,3,2500,5,7125
D0004063,O001604,P004,2,2500,10,4500
D0004064,O001604,P016,1,15500,0,15500
D0004065,O001605,P007,2,18000,0,36000
D0004066,O001605,P014,2,6500,0,13000
D0004067,O001605,P010,3,5500,10,14850
D0004068,O001606,P010,3,5500,0,16500
D0004069,O001606,P015,1,3000,5,2850
D0004070,O001607,P006,1,10500,10,9450
D0004071,O001607,P018,3,12000,0,36000
D0004072,O001607,P020,3,29500,10,79650
D0004073,O001607,P003,1,5500,5,5225
D0004074,O001608,P008,1,24500,10,22050
D0004075,O001608,P002,2,3500,5,6650
D0004076,O001608,P014,1,6500,10,5850
D0004077,O001609,P005,3,8500,10,22950
D0004078,O001609,P007,3,18000,5,51300
D0004079,O001610,P007,3,18000,0,54000
D0004080,O001610,P020,2,29500,10,53100
D0004081,O001610,P008,1,24500,0,24500
D0004082,O001610,P018,1,12000,10,10800
D0004083,O001611,P013,1,8500,0,8500
D0004084,O001611,P001,3,3500,0,10500
D0004085,O001611,P020,2,29500,10,53100
D0004086,O001611,P003,3,5500,5,15675
D0004087,O001612,P006,2,10500,10,18900
D0004088,O001612,P012,2,39500,10,71100
D0004089,O001612,P014,3,6500,10,17550
D0004090,O001613,P011,1,11500,5,10925
D0004091,O001613,P003,1,5500,5,5225
D0004092,O001613,P019,1,17000,0,17000
D0004093,O001614,P010,3,5500,0,16500
D0004094,O001615,P007,3,18000,0,54000
D0004095,O001615,P008,3,24500,10,66150
D0004096,O001615,P013,1,8500,0,8500
D0004097,O001615,P019,2,17000,10,30600
D0004098,O001616,P018,1,12000,0,12000
D0004099,O001616,P009,2,15000,5,28500
D0004100,O001617,P001,2,3500,0,7000
D0004101,O001617,P007,2,18000,5,34200
D0004102,O001617,P011,2,11500,10,20700
D0004103,O001617,P019,3,17000,0,51000
D0004104,O001618,P011,1,11500,0,11500
D0004105,O001618,P006,2,10500,5,19950
D0004106,O001618,P015,1,3000,0,3000
D0004107,O001619,P003,1,5500,0,5500
D0004108,O001619,P008,2,24500,0,49000
D0004109,O001619,P006,1,10500,10,9450
D0004110,O001619,P012,1,39500,5,37525
D0004111,O001620,P018,1,12000,5,11400
D0004112,O001620,P010,2,5500,5,10450
D0004113,O001621,P007,1,18000,0,18000
D0004114,O001621,P001,2,3500,0,7000
D0004115,O001622,P004,1,2500,0,2500
D0004116,O001623,P002,1,3500,0,3500
D0004117,O001623,P014,2,6500,0,13000
D0004118,O001624,P002,3,3500,10,9450
D0004119,O001624,P018,1,12000,5,11400
D0004120,O001624,P007,1,18000,10,16200
D0004121,O001624,P015,1,3000,0,3000
D0004122,O001625,P004,2,2500,0,5000
D0004123,O001626,P008,1,24500,5,23275
D0004124,O001627,P014,2,6500,0,13000
D0004125,O001627,P020,2,29500,5,56050
D0004126,O001627,P015,1,3000,0,3000
D0004127,O001628,P011,3,11500,10,31050
D0004128,O001628,P020,3,29500,5,84075
D0004129,O001628,P007,2,18000,0,36000
D0004130,O001629,P002,3,3500,0,10500
D0004131,O001629,P015,3,3000,10,8100
D0004132,O001629,P003,2,5500,0,11000
D0004133,O001629,P010,3,5500,10,14850
D0004134,O001630,P006,1,10500,0,10500
D0004135,O001631,P004,3,2500,10,6750
D0004136,O001631,P006,2,10500,0,21000
D0004137,O001631,P011,2,11500,5,21850
D0004138,O001631,P017,3,4500,0,13500
D0004139,O001632,P004,3,2500,5,7125
D0004140,O001632,P003,1,5500,0,5500
D0004141,O001632,P009,3,15000,0,45000
D0004142,O001632,P001,1,3500,0,3500
D0004143,O001633,P008,1,24500,10,22050
D0004144,O001633,P002,1,3500,0,3500
D0004145,O001634,P001,1,3500,0,3500
D0004146,O001635,P001,3,3500,0,10500
D0004147,O001635,P006,1,10500,5,9975
D0004148,O001635,P020,2,29500,5,56050
D0004149,O001635,P004,3,2500,0,7500
D0004150,O001636,P016,3,15500,10,41850
D0004151,O001636,P010,1,5500,0,5500
D0004152,O001637,P002,2,3500,0,7000
D0004153,O001638,P020,2,29500,0,59000
D0004154,O001638,P017,1,4500,10,4050
D0004155,O001638,P008,2,24500,0,49000
D0004156,O001639,P006,3,10500,0,31500
D0004157,O001640,P006,1,10500,0,10500
D0004158,O001640,P019,2,17000,10,30600
D0004159,O001640,P015,2,3000,5,5700
D0004160,O001640,P016,1,15500,0,15500
D0004161,O001641,P002,3,3500,10,9450
D0004162,O001641,P013,3,8500,10,22950
D0004163,O001641,P016,1,15500,10,13950
D0004164,O001642,P011,1,11500,0,11500
D0004165,O001642,P015,2,3000,0,6000
D0004166,O001642,P004,2,2500,5,4750
D0004167,O001643,P001,1,3500,0,3500
D0004168,O001643,P008,2,24500,5,46550
D0004169,O001644,P006,3,10500,5,29925
D0004170,O001644,P014,3,6500,0,19500
D0004171,O001645,P001,3,3500,0,10500
D0004172,O001645,P002,1,3500,0,3500
D0004173,O001645,P014,2,6500,5,12350
D0004174,O001645,P005,1,8500,0,8500
D0004175,O001646,P012,2,39500,10,71100
D0004176,O001646,P004,1,2500,5,2375
D0004177,O001646,P017,2,4500,5,8550
D0004178,O001646,P011,1,11500,0,11500
D0004179,O001647,P020,2,29500,0,59000
D0004180,O001647,P010,2,5500,5,10450
D0004181,O001647,P009,3,15000,5,42750
D0004182,O001648,P006,2,10500,0,21000
D0004183,O001649,P008,1,24500,0,24500
D0004184,O001649,P011,3,11500,5,32775
D0004185,O001650,P020,1,29500,0,29500
D0004186,O001651,P009,2,15000,5,28500
D0004187,O001651,P008,1,24500,5,23275
D0004188,O001651,P014,1,6500,0,6500
D0004189,O001652,P017,1,4500,5,4275
D0004190,O001652,P013,3,8500,5,24225
D0004191,O001653,P002,2,3500,0,7000
D0004192,O001654,P009,1,15000,10,13500
D0004193,O001654,P010,2,5500,10,9900
D0004194,O001654,P002,3,3500,10,9450
D0004195,O001654,P012,2,39500,0,79000
D0004196,O001655,P014,1,6500,10,5850
D0004197,O001655,P013,1,8500,10,7650
D0004198,O001656,P004,1,2500,0,2500
D0004199,O001656,P014,2,6500,5,12350
D0004200,O001656,P013,3,8500,10,22950
D0004201,O001656,P007,3,18000,0,54000
D0004202,O001657,P015,3,3000,10,8100
D0004203,O001657,P013,2,8500,5,16150
D0004204,O001657,P012,2,39500,10,71100
D0004205,O001657,P019,2,17000,10,30600
D0004206,O001658,P007,3,18000,5,51300
D0004207,O001658,P018,3,12000,0,36000
D0004208,O001658,P014,3,6500,0,19500
D0004209,O001659,P003,3,5500,0,16500
D0004210,O001660,P016,1,15500,5,14725
D0004211,O001660,P013,2,8500,0,17000
D0004212,O001660,P010,3,5500,0,16500
D0004213,O001660,P019,1,17000,0,17000
D0004214,O001661,P020,1,29500,10,26550
D0004215,O001661,P004,2,2500,5,4750
D0004216,O001661,P015,3,3000,0,9000
D0004217,O001661,P010,2,5500,0,11000
D0004218,O001662,P020,1,29500,0,29500
D0004219,O001662,P012,2,39500,0,79000
D0004220,O001662,P008,2,24500,10,44100
D0004221,O001663,P002,1,3500,10,3150
D0004222,O001663,P013,1,8500,0,8500
D0004223,O001663,P005,2,8500,5,16150
D0004224,O001663,P014,3,6500,10,17550
D0004225,O001664,P018,1,12000,0,12000
D0004226,O001665,P005,1,8500,0,8500
D0004227,O001665,P011,3,11500,10,31050
D0004228,O001665,P019,2,17000,0,34000
D0004229,O001665,P018,2,12000,10,21600
D0004230,O001666,P014,3,6500,5,18525
D0004231,O001666,P020,2,29500,0,59000
D0004232,O001666,P007,1,18000,0,18000
D0004233,O001667,P004,3,2500,0,7500
D0004234,O001667,P001,1,3500,5,3325
D0004235,O001668,P014,2,6500,0,13000
D0004236,O001668,P015,3,3000,10,8100
D0004237,O001668,P020,1,29500,5,28025
D0004238,O001669,P016,3,15500,10,41850
D0004239,O001669,P001,2,3500,0,7000
D0004240,O001669,P006,3,10500,0,31500
D0004241,O001670,P016,1,15500,10,13950
D0004242,O001670,P019,3,17000,0,51000
D0004243,O001671,P020,3,29500,5,84075
D0004244,O001671,P019,1,17000,10,15300
D0004245,O001672,P014,3,6500,0,19500
D0004246,O001672,P006,1,10500,10,9450
D0004247,O001672,P011,3,11500,0,34500
D0004248,O001673,P002,3,3500,0,10500
D0004249,O001673,P010,3,5500,0,16500
D0004250,O001673,P005,2,8500,0,17000
D0004251,O001673,P013,1,8500,5,8075
D0004252,O001674,P016,3,15500,5,44175
D0004253,O001675,P018,3,12000,10,32400
D0004254,O001676,P010,3,5500,0,16500
D0004255,O001677,P005,3,8500,0,25500
D0004256,O001677,P002,2,3500,5,6650
D0004257,O001678,P018,1,12000,0,12000
D0004258,O001678,P020,1,29500,0,29500
D0004259,O001678,P009,3,15000,0,45000
D0004260,O001679,P005,3,8500,10,22950
D0004261,O001680,P002,1,3500,10,3150
D0004262,O001680,P010,2,5500,5,10450
D0004263,O001680,P019,3,17000,5,48450
D0004264,O001681,P012,3,39500,5,112575
D0004265,O001681,P010,1,5500,10,4950
D0004266,O001681,P008,1,24500,0,24500
D0004267,O001681,P017,2,4500,5,8550
D0004268,O001682,P008,2,24500,0,49000
D0004269,O001682,P002,2,3500,0,7000
D0004270,O001682,P009,1,15000,10,13500
D0004271,O001683,P015,1,3000,0,3000
D0004272,O001683,P018,2,12000,10,21600
D0004273,O001683,P005,1,8500,0,8500
D0004274,O001683,P007,2,18000,10,32400
D0004275,O001684,P012,2,39500,0,79000
D0004276,O001684,P005,3,8500,10,22950
D0004277,O001684,P004,3,2500,10,6750
D0004278,O001684,P009,1,15000,10,13500
D0004279,O001685,P020,2,29500,0,59000
D0004280,O001686,P009,2,15000,5,28500
D0004281,O001687,P015,3,3000,0,9000
D0004282,O001687,P009,3,15000,5,42750
D0004283,O001687,P010,2,5500,0,11000
D0004284,O001688,P019,2,17000,5,32300
D0004285,O001688,P005,3,8500,0,25500
D0004286,O001689,P019,2,17000,5,32300
D0004287,O001689,P004,3,2500,5,7125
D0004288,O001690,P012,1,39500,5,37525
D0004289,O001690,P006,2,10500,0,21000
D0004290,O001691,P007,3,18000,0,54000
D0004291,O001692,P005,1,8500,5,8075
D0004292,O001693,P004,3,2500,0,7500
D0004293,O001693,P015,2,3000,5,5700
D0004294,O001693,P011,3,11500,0,34500
D0004295,O001694,P010,1,5500,0,5500
D0004296,O001694,P001,3,3500,5,9975
D0004297,O001694,P004,3,2500,0,7500
D0004298,O001695,P012,2,39500,5,75050
D0004299,O001695,P019,3,17000,10,45900
D0004300,O001696,P017,3,4500,10,12150
D0004301,O001696,P015,3,3000,0,9000
D0004302,O001697,P008,1,24500,0,24500
D0004303,O001697,P014,1,6500,0,6500
D0004304,O001697,P015,3,3000,0,9000
D0004305,O001698,P020,2,29500,0,59000
D0004306,O001698,P018,1,12000,10,10800
D0004307,O001699,P013,1,8500,0,8500
D0004308,O001699,P018,2,12000,5,22800
D0004309,O001699,P020,3,29500,5,84075
D0004310,O001700,P008,3,24500,0,73500
D0004311,O001701,P013,3,8500,10,22950
D0004312,O001702,P011,2,11500,10,20700
D0004313,O001702,P007,2,18000,10,32400
D0004314,O001702,P009,2,15000,0,30000
D0004315,O001703,P001,2,3500,10,6300
D0004316,O001703,P005,3,8500,0,25500
D0004317,O001704,P015,3,3000,0,9000
D0004318,O001704,P004,3,2500,5,7125
D0004319,O001704,P002,2,3500,5,6650
D0004320,O001704,P011,3,11500,0,34500
D0004321,O001705,P011,3,11500,0,34500
D0004322,O001705,P018,1,12000,0,12000
D0004323,O001705,P007,3,18000,0,54000
D0004324,O001706,P010,3,5500,10,14850
D0004325,O001706,P009,1,15000,0,15000
D0004326,O001706,P004,2,2500,0,5000
D0004327,O001706,P002,3,3500,0,10500
D0004328,O001707,P007,3,18000,5,51300
D0004329,O001707,P016,3,15500,0,46500
D0004330,O001707,P014,3,6500,0,19500
D0004331,O001708,P009,3,15000,0,45000
D0004332,O001709,P014,2,6500,0,13000
D0004333,O001709,P011,1,11500,5,10925
D0004334,O001709,P019,3,17000,0,51000
D0004335,O001709,P002,3,3500,10,9450
D0004336,O001710,P019,1,17000,0,17000
D0004337,O001710,P012,2,39500,10,71100
D0004338,O001710,P003,3,5500,0,16500
D0004339,O001711,P015,3,3000,0,9000
D0004340,O001711,P014,2,6500,0,13000
D0004341,O001712,P015,3,3000,5,8550
D0004342,O001712,P014,2,6500,0,13000
D0004343,O001713,P020,1,29500,10,26550
D0004344,O001713,P012,2,39500,5,75050
D0004345,O001714,P019,3,17000,0,51000
D0004346,O001714,P011,1,11500,0,11500
D0004347,O001715,P020,2,29500,0,59000
D0004348,O001716,P006,1,10500,0,10500
D0004349,O001717,P005,1,8500,0,8500
D0004350,O001718,P019,1,17000,5,16150
D0004351,O001718,P010,3,5500,0,16500
D0004352,O001718,P013,3,8500,0,25500
D0004353,O001718,P020,2,29500,0,59000
D0004354,O001719,P007,3,18000,0,54000
D0004355,O001720,P020,1,29500,10,26550
D0004356,O001720,P016,1,15500,5,14725
D0004357,O001721,P013,2,8500,10,15300
D0004358,O001722,P008,3,24500,10,66150
D0004359,O001722,P010,1,5500,5,5225
D0004360,O001722,P012,2,39500,5,75050
D0004361,O001722,P015,3,3000,10,8100
D0004362,O001723,P006,2,10500,5,19950
D0004363,O001723,P014,2,6500,5,12350
D0004364,O001724,P016,2,15500,5,29450
D0004365,O001724,P014,2,6500,5,12350
D0004366,O001724,P018,1,12000,10,10800
D0004367,O001725,P009,2,15000,0,30000
D0004368,O001725,P013,1,8500,10,7650
D0004369,O001725,P019,3,17000,10,45900
D0004370,O001726,P011,1,11500,5,10925
D0004371,O001726,P008,2,24500,0,49000
D0004372,O001726,P016,1,15500,5,14725
D0004373,O001726,P004,1,2500,0,2500
D0004374,O001727,P002,3,3500,0,10500
D0004375,O001728,P020,2,29500,0,59000
D0004376,O001728,P008,1,24500,10,22050
D0004377,O001728,P018,3,12000,10,32400
D0004378,O001728,P015,2,3000,10,5400
D0004379,O001729,P017,2,4500,10,8100
D0004380,O001729,P019,1,17000,10,15300
D0004381,O001730,P016,2,15500,0,31000
D0004382,O001731,P011,1,11500,0,11500
D0004383,O001731,P005,3,8500,10,22950
D0004384,O001731,P008,3,24500,5,69825
D0004385,O001732,P003,3,5500,10,14850
D0004386,O001732,P005,1,8500,0,8500
D0004387,O001732,P018,1,12000,0,12000
D0004388,O001733,P012,2,39500,0,79000
D0004389,O001733,P005,2,8500,5,16150
D0004390,O001734,P003,1,5500,10,4950
D0004391,O001734,P006,3,10500,10,28350
D0004392,O001734,P002,2,3500,5,6650
D0004393,O001735,P018,2,12000,0,24000
D0004394,O001735,P001,1,3500,0,3500
D0004395,O001735,P007,1,18000,10,16200
D0004396,O001736,P001,2,3500,5,6650
D0004397,O001736,P003,2,5500,0,11000
D0004398,O001736,P010,2,5500,0,11000
D0004399,O001736,P011,3,11500,10,31050
D0004400,O001737,P003,2,5500,0,11000
D0004401,O001737,P009,2,15000,10,27000
D0004402,O001737,P001,1,3500,0,3500
D0004403,O001737,P008,1,24500,0,24500
D0004404,O001738,P018,3,12000,0,36000
D0004405,O001739,P010,2,5500,10,9900
D0004406,O001739,P008,2,24500,5,46550
D0004407,O001739,P001,2,3500,10,6300
D0004408,O001739,P011,3,11500,0,34500
D0004409,O001740,P017,3,4500,0,13500
D0004410,O001740,P018,1,12000,10,10800
D0004411,O001740,P013,2,8500,0,17000
D0004412,O001740,P016,3,15500,10,41850
D0004413,O001741,P007,2,18000,5,34200
D0004414,O001741,P010,2,5500,0,11000
D0004415,O001741,P006,1,10500,0,10500
D0004416,O001742,P016,1,15500,10,13950
D0004417,O001742,P006,3,10500,5,29925
D0004418,O001742,P002,3,3500,10,9450
D0004419,O001743,P008,2,24500,5,46550
D0004420,O001743,P011,1,11500,0,11500
D0004421,O001743,P005,3,8500,0,25500
D0004422,O001743,P015,3,3000,5,8550
D0004423,O001744,P019,3,17000,5,48450
D0004424,O001744,P014,3,6500,10,17550
D0004425,O001744,P006,1,10500,5,9975
D0004426,O001744,P007,1,18000,0,18000
D0004427,O001745,P005,3,8500,5,24225
D0004428,O001745,P015,1,3000,0,3000
D0004429,O001746,P005,1,8500,10,7650
D0004430,O001746,P013,1,8500,10,7650
D0004431,O001747,P017,3,4500,10,12150
D0004432,O001748,P008,3,24500,5,69825
D0004433,O001748,P018,2,12000,5,22800
D0004434,O001748,P009,3,15000,10,40500
D0004435,O001748,P002,1,3500,5,3325
D0004436,O001749,P012,3,39500,0,118500
D0004437,O001749,P008,3,24500,10,66150
D0004438,O001749,P003,1,5500,0,5500
D0004439,O001750,P015,3,3000,0,9000
D0004440,O001751,P013,3,8500,10,22950
D0004441,O001751,P014,1,6500,0,6500
D0004442,O001751,P003,2,5500,10,9900
D0004443,O001751,P006,2,10500,0,21000
D0004444,O001752,P016,2,15500,0,31000
D0004445,O001753,P020,3,29500,5,84075
D0004446,O001754,P016,3,15500,10,41850
D0004447,O001754,P003,3,5500,5,15675
D0004448,O001755,P018,2,12000,0,24000
D0004449,O001755,P005,3,8500,0,25500
D0004450,O001755,P009,1,15000,10,13500
D0004451,O001756,P005,1,8500,5,8075
D0004452,O001756,P012,1,39500,10,35550
D0004453,O001756,P014,1,6500,10,5850
D0004454,O001757,P006,1,10500,5,9975
D0004455,O001757,P013,1,8500,0,8500
D0004456,O001757,P018,3,12000,0,36000
D0004457,O001758,P008,1,24500,0,24500
D0004458,O001759,P009,1,15000,0,15000
D0004459,O001759,P016,2,15500,0,31000
D0004460,O001759,P005,3,8500,5,24225
D0004461,O001760,P002,2,3500,0,7000
D0004462,O001760,P001,2,3500,0,7000
D0004463,O001761,P019,2,17000,0,34000
D0004464,O001761,P005,1,8500,5,8075
D0004465,O001761,P015,3,3000,0,9000
D0004466,O001761,P014,1,6500,0,6500
D0004467,O001762,P017,2,4500,5,8550
D0004468,O001762,P020,2,29500,0,59000
D0004469,O001762,P018,2,12000,0,24000
D0004470,O001763,P012,2,39500,0,79000
D0004471,O001763,P009,1,15000,0,15000
D0004472,O001763,P020,1,29500,5,28025
D0004473,O001763,P001,1,3500,5,3325
D0004474,O001764,P016,1,15500,0,15500
D0004475,O001764,P020,1,29500,10,26550
D0004476,O001764,P011,2,11500,0,23000
D0004477,O001764,P009,2,15000,0,30000
D0004478,O001765,P017,2,4500,5,8550
D0004479,O001765,P015,1,3000,5,2850
D0004480,O001765,P010,3,5500,0,16500
D0004481,O001766,P005,2,8500,10,15300
D0004482,O001766,P011,3,11500,0,34500
D0004483,O001767,P014,2,6500,5,12350
D0004484,O001767,P016,1,15500,10,13950
D0004485,O001767,P002,1,3500,10,3150
D0004486,O001767,P007,3,18000,0,54000
D0004487,O001768,P001,2,3500,10,6300
D0004488,O001768,P009,3,15000,10,40500
D0004489,O001768,P020,1,29500,10,26550
D0004490,O001768,P007,3,18000,10,48600
D0004491,O001769,P017,3,4500,5,12825
D0004492,O001770,P008,1,24500,0,24500
D0004493,O001771,P003,3,5500,0,16500
D0004494,O001771,P008,3,24500,10,66150
D0004495,O001771,P009,2,15000,10,27000
D0004496,O001772,P019,2,17000,0,34000
D0004497,O001772,P001,1,3500,0,3500
D0004498,O001772,P002,2,3500,0,7000
D0004499,O001772,P007,1,18000,10,16200
D0004500,O001773,P004,2,2500,0,5000
D0004501,O001774,P007,1,18000,0,18000
D0004502,O001774,P013,2,8500,5,16150
D0004503,O001774,P020,2,29500,10,53100
D0004504,O001774,P017,1,4500,0,4500
D0004505,O001775,P014,3,6500,0,19500
D0004506,O001775,P016,1,15500,0,15500
D0004507,O001775,P006,1,10500,10,9450
D0004508,O001776,P012,2,39500,0,79000
D0004509,O001777,P015,2,3000,0,6000
D0004510,O001778,P016,1,15500,10,13950
D0004511,O001778,P008,2,24500,10,44100
D0004512,O001779,P010,1,5500,0,5500
D0004513,O001779,P001,1,3500,5,3325
D0004514,O001779,P015,1,3000,0,3000
D0004515,O001779,P013,3,8500,10,22950
D0004516,O001780,P010,1,5500,0,5500
D0004517,O001780,P003,3,5500,10,14850
D0004518,O001781,P018,2,12000,0,24000
D0004519,O001781,P005,2,8500,5,16150
D0004520,O001782,P013,2,8500,10,15300
D0004521,O001782,P009,3,15000,0,45000
D0004522,O001782,P006,2,10500,5,19950
D0004523,O001783,P013,2,8500,5,16150
D0004524,O001784,P009,1,15000,10,13500
D0004525,O001785,P006,2,10500,0,21000
D0004526,O001785,P015,1,3000,10,2700
D0004527,O001786,P006,1,10500,0,10500
D0004528,O001786,P002,3,3500,10,9450
D0004529,O001786,P020,2,29500,10,53100
D0004530,O001786,P005,2,8500,5,16150
D0004531,O001787,P019,3,17000,0,51000
D0004532,O001787,P001,3,3500,0,10500
D0004533,O001788,P010,3,5500,0,16500
D0004534,O001789,P011,2,11500,5,21850
D0004535,O001789,P008,3,24500,0,73500
D0004536,O001789,P001,3,3500,5,9975
D0004537,O001790,P014,1,6500,5,6175
D0004538,O001790,P005,2,8500,5,16150
D0004539,O001791,P020,2,29500,0,59000
D0004540,O001792,P001,3,3500,10,9450
D0004541,O001792,P009,2,15000,5,28500
D0004542,O001793,P012,1,39500,0,39500
D0004543,O001794,P016,2,15500,10,27900
D0004544,O001794,P005,1,8500,10,7650
D0004545,O001794,P020,2,29500,10,53100
D0004546,O001794,P013,2,8500,10,15300
D0004547,O001795,P008,1,24500,0,24500
D0004548,O001795,P013,2,8500,5,16150
D0004549,O001796,P014,3,6500,5,18525
D0004550,O001797,P011,1,11500,5,10925
D0004551,O001798,P018,3,12000,10,32400
D0004552,O001798,P011,2,11500,10,20700
D0004553,O001799,P009,3,15000,0,45000
D0004554,O001799,P001,1,3500,0,3500
D0004555,O001799,P017,3,4500,0,13500
D0004556,O001799,P013,1,8500,0,8500
D0004557,O001800,P013,2,8500,0,17000
D0004558,O001800,P010,2,5500,0,11000
D0004559,O001800,P007,1,18000,0,18000
D0004560,O001801,P017,2,4500,0,9000
D0004561,O001801,P008,3,24500,0,73500
D0004562,O001801,P004,2,2500,10,4500
D0004563,O001802,P008,1,24500,0,24500
D0004564,O001802,P007,3,18000,0,54000
D0004565,O001802,P001,1,3500,10,3150
D0004566,O001803,P008,3,24500,0,73500
D0004567,O001803,P004,2,2500,5,4750
D0004568,O001803,P018,3,12000,10,32400
D0004569,O001803,P013,2,8500,0,17000
D0004570,O001804,P018,2,12000,0,24000
D0004571,O001805,P014,3,6500,0,19500
D0004572,O001805,P012,2,39500,0,79000
D0004573,O001806,P007,3,18000,5,51300
D0004574,O001806,P016,1,15500,0,15500
D0004575,O001806,P006,2,10500,5,19950
D0004576,O001806,P011,2,11500,0,23000
D0004577,O001807,P016,2,15500,10,27900
D0004578,O001807,P020,3,29500,5,84075
D0004579,O001808,P010,3,5500,10,14850
D0004580,O001809,P001,3,3500,0,10500
D0004581,O001809,P017,3,4500,10,12150
D0004582,O001809,P004,3,2500,0,7500
D0004583,O001809,P016,2,15500,0,31000
D0004584,O001810,P003,1,5500,10,4950
D0004585,O001810,P019,3,17000,0,51000
D0004586,O001810,P004,2,2500,5,4750
D0004587,O001810,P005,3,8500,0,25500
D0004588,O001811,P013,1,8500,0,8500
D0004589,O001811,P019,3,17000,10,45900
D0004590,O001811,P010,3,5500,5,15675
D0004591,O001811,P017,2,4500,10,8100
D0004592,O001812,P019,2,17000,0,34000
D0004593,O001812,P016,3,15500,0,46500
D0004594,O001813,P009,3,15000,10,40500
D0004595,O001813,P014,2,6500,5,12350
D0004596,O001814,P018,3,12000,0,36000
D0004597,O001815,P017,1,4500,0,4500
D0004598,O001815,P016,2,15500,10,27900
D0004599,O001816,P001,1,3500,5,3325
D0004600,O001817,P002,1,3500,0,3500
D0004601,O001818,P020,3,29500,0,88500
D0004602,O001818,P004,1,2500,10,2250
D0004603,O001818,P013,3,8500,0,25500
D0004604,O001819,P011,2,11500,10,20700
D0004605,O001820,P001,2,3500,5,6650
D0004606,O001820,P013,2,8500,5,16150
D0004607,O001820,P006,3,10500,0,31500
D0004608,O001820,P003,3,5500,0,16500
D0004609,O001821,P014,3,6500,10,17550
D0004610,O001821,P017,2,4500,0,9000
D0004611,O001821,P001,1,3500,0,3500
D0004612,O001822,P017,2,4500,0,9000
D0004613,O001823,P002,1,3500,0,3500
D0004614,O001824,P011,3,11500,0,34500
D0004615,O001824,P008,3,24500,5,69825
D0004616,O001825,P009,2,15000,5,28500
D0004617,O001825,P008,1,24500,0,24500
D0004618,O001826,P001,3,3500,10,9450
D0004619,O001826,P016,2,15500,5,29450
D0004620,O001826,P012,2,39500,0,79000
D0004621,O001827,P012,2,39500,10,71100
D0004622,O001827,P015,3,3000,0,9000
D0004623,O001828,P004,2,2500,5,4750
D0004624,O001828,P002,3,3500,5,9975
D0004625,O001828,P020,2,29500,10,53100
D0004626,O001828,P006,1,10500,0,10500
D0004627,O001829,P020,3,29500,10,79650
D0004628,O001830,P013,1,8500,0,8500
D0004629,O001830,P012,3,39500,10,106650
D0004630,O001830,P017,3,4500,0,13500
D0004631,O001830,P008,2,24500,10,44100
D0004632,O001831,P005,2,8500,5,16150
D0004633,O001831,P014,3,6500,10,17550
D0004634,O001832,P004,1,2500,0,2500
D0004635,O001833,P001,1,3500,5,3325
D0004636,O001833,P007,3,18000,5,51300
D0004637,O001833,P009,1,15000,5,14250
D0004638,O001833,P014,2,6500,10,11700
D0004639,O001834,P001,1,3500,10,3150
D0004640,O001834,P010,1,5500,0,5500
D0004641,O001834,P016,1,15500,0,15500
D0004642,O001835,P003,1,5500,0,5500
D0004643,O001835,P010,2,5500,0,11000
D0004644,O001835,P002,1,3500,0,3500
D0004645,O001835,P009,3,15000,0,45000
D0004646,O001836,P004,1,2500,5,2375
D0004647,O001836,P003,3,5500,0,16500
D0004648,O001837,P013,1,8500,0,8500
D0004649,O001837,P015,3,3000,5,8550
D0004650,O001837,P005,3,8500,0,25500
D0004651,O001837,P004,3,2500,5,7125
D0004652,O001838,P002,3,3500,10,9450
D0004653,O001839,P018,1,12000,10,10800
D0004654,O001839,P006,1,10500,5,9975
D0004655,O001840,P012,3,39500,0,118500
D0004656,O001841,P009,2,15000,0,30000
D0004657,O001841,P010,1,5500,5,5225
D0004658,O001841,P019,1,17000,5,16150
D0004659,O001841,P005,1,8500,10,7650
D0004660,O001842,P019,3,17000,0,51000
D0004661,O001843,P001,2,3500,5,6650
D0004662,O001843,P013,3,8500,5,24225
D0004663,O001843,P005,1,8500,0,8500
D0004664,O001843,P019,1,17000,10,15300
D0004665,O001844,P019,3,17000,10,45900
D0004666,O001844,P001,2,3500,10,6300
D0004667,O001845,P020,1,29500,0,29500
D0004668,O001845,P007,2,18000,0,36000
D0004669,O001845,P009,1,15000,0,15000
D0004670,O001846,P003,3,5500,0,16500
D0004671,O001847,P007,3,18000,10,48600
D0004672,O001847,P006,3,10500,10,28350
D0004673,O001847,P004,2,2500,5,4750
D0004674,O001848,P002,3,3500,0,10500
D0004675,O001848,P001,3,3500,5,9975
D0004676,O001848,P020,3,29500,0,88500
D0004677,O001849,P015,2,3000,0,6000
D0004678,O001850,P003,3,5500,10,14850
D0004679,O001850,P019,2,17000,0,34000
D0004680,O001850,P009,3,15000,0,45000
D0004681,O001851,P001,1,3500,0,3500
D0004682,O001851,P003,2,5500,10,9900
D0004683,O001851,P016,2,15500,5,29450
D0004684,O001851,P013,1,8500,5,8075
D0004685,O001852,P011,1,11500,0,11500
D0004686,O001852,P005,2,8500,0,17000
D0004687,O001852,P017,3,4500,5,12825
D0004688,O001852,P006,2,10500,0,21000
D0004689,O001853,P011,1,11500,10,10350
D0004690,O001853,P009,3,15000,0,45000
D0004691,O001854,P018,3,12000,10,32400
D0004692,O001854,P005,1,8500,0,8500
D0004693,O001854,P011,1,11500,0,11500
D0004694,O001855,P002,3,3500,0,10500
D0004695,O001856,P008,3,24500,0,73500
D0004696,O001856,P002,2,3500,0,7000
D0004697,O001856,P004,2,2500,0,5000
D0004698,O001856,P019,2,17000,10,30600
D0004699,O001857,P014,1,6500,5,6175
D0004700,O001857,P012,3,39500,0,118500
D0004701,O001857,P005,1,8500,0,8500
D0004702,O001858,P005,3,8500,0,25500
D0004703,O001859,P016,2,15500,0,31000
D0004704,O001860,P009,3,15000,0,45000
D0004705,O001860,P007,1,18000,10,16200
D0004706,O001861,P010,3,5500,5,15675
D0004707,O001862,P018,2,12000,5,22800
D0004708,O001862,P011,2,11500,0,23000
D0004709,O001862,P019,2,17000,0,34000
D0004710,O001863,P001,2,3500,5,6650
D0004711,O001863,P015,3,3000,0,9000
D0004712,O001863,P006,1,10500,0,10500
D0004713,O001864,P004,2,2500,0,5000
D0004714,O001864,P005,3,8500,10,22950
D0004715,O001864,P008,2,24500,0,49000
D0004716,O001865,P017,1,4500,10,4050
D0004717,O001866,P018,3,12000,10,32400
D0004718,O001866,P006,1,10500,5,9975
D0004719,O001867,P011,2,11500,10,20700
D0004720,O001867,P001,3,3500,0,10500
D0004721,O001867,P008,2,24500,0,49000
D0004722,O001868,P005,1,8500,0,8500
D0004723,O001868,P002,1,3500,0,3500
D0004724,O001869,P007,1,18000,0,18000
D0004725,O001869,P015,1,3000,0,3000
D0004726,O001869,P001,3,3500,5,9975
D0004727,O001870,P009,3,15000,0,45000
D0004728,O001870,P008,1,24500,0,24500
D0004729,O001870,P006,2,10500,10,18900
D0004730,O001871,P004,3,2500,10,6750
D0004731,O001871,P009,1,15000,0,15000
D0004732,O001871,P019,1,17000,0,17000
D0004733,O001872,P019,1,17000,5,16150
D0004734,O001872,P013,1,8500,5,8075
D0004735,O001872,P020,1,29500,0,29500
D0004736,O001872,P003,3,5500,5,15675
D0004737,O001873,P004,1,2500,0,2500
D0004738,O001873,P019,3,17000,10,45900
D0004739,O001873,P016,1,15500,0,15500
D0004740,O001874,P008,2,24500,5,46550
D0004741,O001874,P006,2,10500,10,18900
D0004742,O001875,P005,2,8500,0,17000
D0004743,O001875,P014,1,6500,5,6175
D0004744,O001875,P008,1,24500,10,22050
D0004745,O001876,P017,1,4500,10,4050
D0004746,O001876,P007,3,18000,0,54000
D0004747,O001876,P019,2,17000,0,34000
D0004748,O001877,P001,3,3500,5,9975
D0004749,O001877,P015,3,3000,5,8550
D0004750,O001878,P010,1,5500,10,4950
D0004751,O001878,P011,2,11500,0,23000
D0004752,O001879,P008,2,24500,0,49000
D0004753,O001879,P015,1,3000,10,2700
D0004754,O001880,P015,1,3000,10,2700
D0004755,O001880,P017,3,4500,10,12150
D0004756,O001880,P020,1,29500,0,29500
D0004757,O001880,P014,1,6500,10,5850
D0004758,O001881,P012,2,39500,0,79000
D0004759,O001881,P017,3,4500,0,13500
D0004760,O001882,P015,1,3000,0,3000
D0004761,O001883,P006,2,10500,5,19950
D0004762,O001883,P005,3,8500,0,25500
D0004763,O001883,P011,3,11500,0,34500
D0004764,O001883,P018,3,12000,10,32400
D0004765,O001884,P019,3,17000,5,48450
D0004766,O001884,P018,1,12000,0,12000
D0004767,O001884,P009,2,15000,0,30000
D0004768,O001885,P002,1,3500,10,3150
D0004769,O001885,P007,1,18000,0,18000
D0004770,O001885,P012,3,39500,5,112575
D0004771,O001886,P014,2,6500,5,12350
D0004772,O001886,P012,1,39500,0,39500
D0004773,O001887,P001,3,3500,0,10500
D0004774,O001888,P014,1,6500,0,6500
D0004775,O001889,P017,3,4500,5,12825
D0004776,O001890,P004,2,2500,10,4500
D0004777,O001890,P002,2,3500,0,7000
D0004778,O001890,P019,1,17000,10,15300
D0004779,O001890,P005,3,8500,0,25500
D0004780,O001891,P010,3,5500,10,14850
D0004781,O001891,P015,1,3000,0,3000
D0004782,O001891,P013,2,8500,10,15300
D0004783,O001891,P009,2,15000,0,30000
D0004784,O001892,P005,2,8500,10,15300
D0004785,O001892,P007,3,18000,0,54000
D0004786,O001893,P007,2,18000,0,36000
D0004787,O001894,P020,1,29500,5,28025
D0004788,O001894,P015,1,3000,0,3000
D0004789,O001894,P001,1,3500,5,3325
D0004790,O001895,P019,2,17000,10,30600
D0004791,O001896,P006,1,10500,0,10500
D0004792,O001897,P010,1,5500,0,5500
D0004793,O001897,P019,1,17000,0,17000
D0004794,O001897,P009,2,15000,5,28500
D0004795,O001898,P011,3,11500,5,32775
D0004796,O001899,P008,1,24500,10,22050
D0004797,O001899,P014,1,6500,0,6500
D0004798,O001900,P019,1,17000,0,17000
D0004799,O001900,P012,2,39500,10,71100
D0004800,O001900,P020,1,29500,0,29500
D0004801,O001901,P004,1,2500,5,2375
D0004802,O001901,P019,3,17000,0,51000
D0004803,O001902,P019,1,17000,0,17000
D0004804,O001902,P001,3,3500,0,10500
D0004805,O001903,P016,2,15500,0,31000
D0004806,O001903,P017,1,4500,0,4500
D0004807,O001903,P004,1,2500,5,2375
D0004808,O001903,P012,2,39500,10,71100
D0004809,O001904,P014,2,6500,0,13000
D0004810,O001904,P010,1,5500,5,5225
D0004811,O001904,P020,2,29500,10,53100
D0004812,O001905,P007,2,18000,0,36000
D0004813,O001905,P018,2,12000,0,24000
D0004814,O001906,P011,3,11500,0,34500
D0004815,O001906,P015,3,3000,10,8100
D0004816,O001907,P006,2,10500,0,21000
D0004817,O001907,P004,2,2500,0,5000
D0004818,O001908,P004,2,2500,0,5000
D0004819,O001909,P012,3,39500,10,106650
D0004820,O001909,P004,2,2500,0,5000
D0004821,O001910,P013,1,8500,10,7650
D0004822,O001910,P020,3,29500,5,84075
D0004823,O001910,P014,2,6500,5,12350
D0004824,O001911,P017,2,4500,0,9000
D0004825,O001911,P016,2,15500,0,31000
D0004826,O001911,P012,2,39500,10,71100
D0004827,O001911,P008,2,24500,0,49000
D0004828,O001912,P008,3,24500,0,73500
D0004829,O001912,P003,3,5500,0,16500
D0004830,O001912,P019,1,17000,5,16150
D0004831,O001913,P010,1,5500,10,4950
D0004832,O001914,P006,2,10500,0,21000
D0004833,O001915,P005,3,8500,5,24225
D0004834,O001915,P008,1,24500,10,22050
D0004835,O001916,P017,1,4500,10,4050
D0004836,O001916,P018,2,12000,5,22800
D0004837,O001916,P010,1,5500,10,4950
D0004838,O001917,P007,2,18000,5,34200
D0004839,O001917,P016,2,15500,0,31000
D0004840,O001917,P005,3,8500,10,22950
D0004841,O001918,P001,1,3500,10,3150
D0004842,O001918,P005,2,8500,10,15300
D0004843,O001919,P003,1,5500,10,4950
D0004844,O001919,P001,3,3500,0,10500
D0004845,O001919,P013,3,8500,0,25500
D0004846,O001920,P006,1,10500,0,10500
D0004847,O001920,P017,3,4500,0,13500
D0004848,O001920,P007,2,18000,0,36000
D0004849,O001920,P001,1,3500,5,3325
D0004850,O001921,P015,2,3000,0,6000
D0004851,O001921,P001,1,3500,0,3500
D0004852,O001921,P017,2,4500,0,9000
D0004853,O001922,P006,2,10500,5,19950
D0004854,O001923,P013,1,8500,0,8500
D0004855,O001924,P004,2,2500,10,4500
D0004856,O001925,P020,3,29500,5,84075
D0004857,O001925,P005,1,8500,10,7650
D0004858,O001925,P010,2,5500,0,11000
D0004859,O001925,P016,2,15500,0,31000
D0004860,O001926,P008,3,24500,0,73500
D0004861,O001926,P003,3,5500,5,15675
D0004862,O001926,P007,1,18000,10,16200
D0004863,O001927,P006,3,10500,5,29925
D0004864,O001927,P011,2,11500,5,21850
D0004865,O001927,P007,1,18000,0,18000
D0004866,O001928,P017,1,4500,5,4275
D0004867,O001929,P020,3,29500,10,79650
D0004868,O001929,P007,3,18000,0,54000
D0004869,O001929,P004,2,2500,0,5000
D0004870,O001930,P009,2,15000,5,28500
D0004871,O001930,P004,2,2500,0,5000
D0004872,O001930,P012,2,39500,10,71100
D0004873,O001930,P014,2,6500,0,13000
D0004874,O001931,P002,3,3500,5,9975
D0004875,O001931,P013,3,8500,5,24225
D0004876,O001931,P019,2,17000,0,34000
D0004877,O001931,P010,3,5500,5,15675
D0004878,O001932,P014,3,6500,0,19500
D0004879,O001933,P005,1,8500,5,8075
D0004880,O001933,P007,3,18000,0,54000
D0004881,O001934,P009,3,15000,5,42750
D0004882,O001934,P017,3,4500,5,12825
D0004883,O001934,P003,1,5500,5,5225
D0004884,O001935,P013,1,8500,0,8500
D0004885,O001935,P008,3,24500,10,66150
D0004886,O001935,P001,3,3500,0,10500
D0004887,O001935,P017,3,4500,5,12825
D0004888,O001936,P018,2,12000,5,22800
D0004889,O001937,P017,1,4500,0,4500
D0004890,O001938,P009,3,15000,0,45000
D0004891,O001938,P012,1,39500,5,37525
D0004892,O001938,P006,1,10500,10,9450
D0004893,O001938,P013,1,8500,10,7650
D0004894,O001939,P008,1,24500,0,24500
D0004895,O001939,P011,3,11500,0,34500
D0004896,O001940,P006,1,10500,0,10500
D0004897,O001940,P016,1,15500,0,15500
D0004898,O001940,P013,2,8500,10,15300
D0004899,O001940,P003,1,5500,10,4950
D0004900,O001941,P016,1,15500,10,13950
D0004901,O001941,P017,1,4500,0,4500
D0004902,O001941,P009,1,15000,5,14250
D0004903,O001941,P001,3,3500,0,10500
D0004904,O001942,P004,3,2500,0,7500
D0004905,O001942,P010,1,5500,5,5225
D0004906,O001942,P007,3,18000,0,54000
D0004907,O001943,P002,2,3500,10,6300
D0004908,O001943,P012,3,39500,10,106650
D0004909,O001943,P010,1,5500,0,5500
D0004910,O001944,P004,2,2500,0,5000
D0004911,O001944,P016,2,15500,0,31000
D0004912,O001944,P003,2,5500,0,11000
D0004913,O001944,P006,1,10500,10,9450
D0004914,O001945,P019,1,17000,10,15300
D0004915,O001945,P015,3,3000,5,8550
D0004916,O001945,P020,2,29500,5,56050
D0004917,O001946,P001,2,3500,0,7000
D0004918,O001946,P014,1,6500,0,6500
D0004919,O001946,P007,3,18000,10,48600
D0004920,O001947,P007,1,18000,0,18000
D0004921,O001947,P006,3,10500,0,31500
D0004922,O001948,P001,3,3500,5,9975
D0004923,O001948,P009,2,15000,0,30000
D0004924,O001948,P014,1,6500,0,6500
D0004925,O001949,P013,2,8500,0,17000
D0004926,O001949,P012,2,39500,10,71100
D0004927,O001949,P015,1,3000,5,2850
D0004928,O001949,P005,3,8500,0,25500
D0004929,O001950,P003,1,5500,5,5225
D0004930,O001950,P005,2,8500,5,16150
D0004931,O001950,P017,3,4500,5,12825
D0004932,O001951,P019,2,17000,0,34000
D0004933,O001952,P004,3,2500,0,7500
D0004934,O001953,P003,2,5500,0,11000
D0004935,O001953,P001,2,3500,10,6300
D0004936,O001953,P020,2,29500,0,59000
D0004937,O001954,P016,3,15500,0,46500
D0004938,O001954,P017,2,4500,5,8550
D0004939,O001955,P011,1,11500,10,10350
D0004940,O001955,P005,2,8500,0,17000
D0004941,O001955,P010,3,5500,5,15675
D0004942,O001956,P002,1,3500,0,3500
D0004943,O001956,P020,3,29500,5,84075
D0004944,O001956,P010,1,5500,0,5500
D0004945,O001957,P017,1,4500,10,4050
D0004946,O001957,P013,2,8500,0,17000
D0004947,O001958,P010,1,5500,10,4950
D0004948,O001958,P020,2,29500,10,53100
D0004949,O001958,P019,2,17000,0,34000
D0004950,O001959,P009,1,15000,5,14250
D0004951,O001959,P017,1,4500,0,4500
D0004952,O001960,P008,3,24500,10,66150
D0004953,O001960,P006,1,10500,10,9450
D0004954,O001961,P019,2,17000,0,34000
D0004955,O001961,P001,2,3500,0,7000
D0004956,O001961,P004,3,2500,10,6750
D0004957,O001962,P002,1,3500,10,3150
D0004958,O001962,P007,2,18000,0,36000
D0004959,O001963,P010,2,5500,5,10450
D0004960,O001963,P015,2,3000,0,6000
D0004961,O001963,P017,2,4500,0,9000
D0004962,O001964,P013,3,8500,0,25500
D0004963,O001965,P018,3,12000,10,32400
D0004964,O001965,P002,3,3500,0,10500
D0004965,O001965,P009,3,15000,5,42750
D0004966,O001966,P016,1,15500,0,15500
D0004967,O001966,P008,2,24500,5,46550
D0004968,O001966,P010,3,5500,0,16500
D0004969,O001966,P020,3,29500,10,79650
D0004970,O001967,P003,2,5500,0,11000
D0004971,O001967,P020,2,29500,0,59000
D0004972,O001967,P013,3,8500,0,25500
D0004973,O001967,P011,2,11500,0,23000
D0004974,O001968,P014,2,6500,5,12350
D0004975,O001969,P014,1,6500,10,5850
D0004976,O001969,P003,2,5500,10,9900
D0004977,O001970,P006,3,10500,0,31500
D0004978,O001970,P016,3,15500,0,46500
D0004979,O001970,P012,2,39500,0,79000
D0004980,O001971,P002,1,3500,0,3500
D0004981,O001971,P017,3,4500,10,12150
D0004982,O001972,P008,2,24500,5,46550
D0004983,O001972,P012,1,39500,5,37525
D0004984,O001972,P014,2,6500,0,13000
D0004985,O001972,P007,3,18000,0,54000
D0004986,O001973,P015,3,3000,0,9000
D0004987,O001973,P005,2,8500,10,15300
D0004988,O001973,P003,3,5500,10,14850
D0004989,O001973,P002,1,3500,0,3500
D0004990,O001974,P012,2,39500,0,79000
D0004991,O001974,P010,1,5500,0,5500
D0004992,O001974,P006,2,10500,0,21000
D0004993,O001974,P008,2,24500,0,49000
D0004994,O001975,P007,3,18000,0,54000
D0004995,O001975,P003,2,5500,5,10450
D0004996,O001975,P005,2,8500,10,15300
D0004997,O001975,P016,1,15500,0,15500
D0004998,O001976,P017,1,4500,0,4500
D0004999,O001976,P020,3,29500,0,88500
D0005000,O001976,P018,2,12000,0,24000
D0005001,O001977,P015,1,3000,5,2850
D0005002,O001977,P014,2,6500,0,13000
D0005003,O001977,P012,1,39500,10,35550
D0005004,O001978,P001,2,3500,5,6650
D0005005,O001978,P004,1,2500,0,2500
D0005006,O001978,P020,1,29500,0,29500
D0005007,O001978,P014,3,6500,0,19500
D0005008,O001979,P012,1,39500,0,39500
D0005009,O001980,P015,3,3000,10,8100
D0005010,O001980,P003,3,5500,10,14850
D0005011,O001980,P005,3,8500,0,25500
D0005012,O001981,P013,1,8500,10,7650
D0005013,O001982,P009,1,15000,10,13500
D0005014,O001983,P007,2,18000,10,32400
D0005015,O001983,P006,2,10500,10,18900
D0005016,O001983,P012,2,39500,0,79000
D0005017,O001984,P009,1,15000,0,15000
D0005018,O001984,P012,1,39500,0,39500
D0005019,O001985,P006,3,10500,0,31500
D0005020,O001986,P006,3,10500,0,31500
D0005021,O001986,P017,3,4500,0,13500
D0005022,O001987,P014,2,6500,5,12350
D0005023,O001988,P011,1,11500,0,11500
D0005024,O001988,P002,1,3500,10,3150
D0005025,O001989,P010,3,5500,0,16500
D0005026,O001989,P015,1,3000,0,3000
D0005027,O001989,P014,2,6500,0,13000
D0005028,O001990,P015,2,3000,10,5400
D0005029,O001990,P008,1,24500,5,23275
D0005030,O001990,P020,1,29500,5,28025
D0005031,O001991,P004,3,2500,5,7125
D0005032,O001991,P016,3,15500,5,44175
D0005033,O001992,P015,1,3000,0,3000
D0005034,O001992,P009,3,15000,10,40500
D0005035,O001993,P003,3,5500,0,16500
D0005036,O001993,P013,1,8500,0,8500
D0005037,O001994,P012,1,39500,5,37525
D0005038,O001994,P009,2,15000,10,27000
D0005039,O001994,P017,3,4500,0,13500
D0005040,O001994,P016,1,15500,5,14725
D0005041,O001995,P001,2,3500,10,6300
D0005042,O001995,P009,1,15000,10,13500
D0005043,O001995,P013,3,8500,10,22950
D0005044,O001995,P016,1,15500,10,13950
D0005045,O001996,P014,2,6500,0,13000
D0005046,O001996,P020,2,29500,0,59000
D0005047,O001996,P005,1,8500,5,8075
D0005048,O001997,P003,2,5500,10,9900
D0005049,O001997,P008,1,24500,5,23275
D0005050,O001997,P009,3,15000,0,45000
D0005051,O001998,P009,3,15000,5,42750
D0005052,O001998,P017,3,4500,10,12150
D0005053,O001999,P006,1,10500,5,9975
D0005054,O002000,P015,1,3000,0,3000
D0005055,O002001,P014,3,6500,0,19500
D0005056,O002001,P002,3,3500,5,9975
D0005057,O002002,P005,1,8500,0,8500
D0005058,O002003,P005,2,8500,10,15300
D0005059,O002003,P004,3,2500,10,6750
D0005060,O002003,P009,2,15000,10,27000
D0005061,O002003,P015,1,3000,10,2700
D0005062,O002004,P007,3,18000,10,48600
D0005063,O002004,P019,2,17000,5,32300
D0005064,O002005,P002,2,3500,5,6650
D0005065,O002005,P018,3,12000,0,36000
D0005066,O002005,P004,2,2500,5,4750
D0005067,O002005,P012,2,39500,0,79000
D0005068,O002006,P008,3,24500,5,69825
D0005069,O002006,P020,1,29500,0,29500
D0005070,O002006,P017,2,4500,0,9000
D0005071,O002007,P018,2,12000,0,24000
D0005072,O002007,P017,2,4500,10,8100
D0005073,O002008,P004,3,2500,0,7500
D0005074,O002008,P020,3,29500,0,88500
D0005075,O002009,P007,3,18000,5,51300
D0005076,O002009,P004,3,2500,5,7125
D0005077,O002010,P020,2,29500,0,59000
D0005078,O002010,P015,1,3000,10,2700
D0005079,O002010,P013,2,8500,0,17000
D0005080,O002011,P001,2,3500,10,6300
D0005081,O002011,P004,3,2500,0,7500
D0005082,O002011,P011,2,11500,5,21850
D0005083,O002011,P007,3,18000,0,54000
D0005084,O002012,P020,1,29500,0,29500
D0005085,O002012,P007,1,18000,5,17100
D0005086,O002012,P004,3,2500,10,6750
D0005087,O002013,P011,2,11500,0,23000
D0005088,O002014,P017,1,4500,0,4500
D0005089,O002014,P015,3,3000,0,9000
D0005090,O002014,P010,2,5500,0,11000
D0005091,O002014,P014,1,6500,0,6500
D0005092,O002015,P004,1,2500,5,2375
D0005093,O002015,P008,1,24500,10,22050
D0005094,O002015,P010,2,5500,5,10450
D0005095,O002016,P014,2,6500,0,13000
D0005096,O002017,P003,1,5500,10,4950
D0005097,O002018,P007,2,18000,10,32400
D0005098,O002018,P012,2,39500,10,71100
D0005099,O002018,P014,2,6500,10,11700
D0005100,O002019,P003,1,5500,0,5500
D0005101,O002019,P014,2,6500,0,13000
D0005102,O002020,P007,3,18000,5,51300
D0005103,O002020,P003,3,5500,10,14850
D0005104,O002021,P010,1,5500,0,5500
D0005105,O002022,P010,3,5500,10,14850
D0005106,O002022,P017,2,4500,10,8100
D0005107,O002022,P001,3,3500,0,10500
D0005108,O002023,P008,1,24500,0,24500
D0005109,O002024,P001,1,3500,10,3150
D0005110,O002024,P019,1,17000,0,17000
D0005111,O002024,P013,1,8500,0,8500
D0005112,O002025,P009,1,15000,0,15000
D0005113,O002025,P018,2,12000,0,24000
D0005114,O002026,P016,1,15500,0,15500
D0005115,O002026,P018,3,12000,10,32400
D0005116,O002026,P012,1,39500,0,39500
D0005117,O002026,P007,1,18000,0,18000
D0005118,O002027,P009,2,15000,5,28500
D0005119,O002027,P001,2,3500,10,6300
D0005120,O002027,P017,2,4500,0,9000
D0005121,O002028,P001,3,3500,0,10500
D0005122,O002028,P008,2,24500,10,44100
D0005123,O002028,P019,2,17000,0,34000
D0005124,O002029,P006,1,10500,5,9975
D0005125,O002029,P013,2,8500,0,17000
D0005126,O002030,P011,1,11500,0,11500
D0005127,O002030,P006,2,10500,10,18900
D0005128,O002030,P017,2,4500,0,9000
D0005129,O002030,P012,1,39500,5,37525
D0005130,O002031,P013,1,8500,5,8075
D0005131,O002031,P018,2,12000,0,24000
D0005132,O002031,P008,2,24500,5,46550
D0005133,O002031,P007,1,18000,0,18000
D0005134,O002032,P002,2,3500,0,7000
D0005135,O002032,P003,1,5500,5,5225
D0005136,O002033,P005,2,8500,10,15300
D0005137,O002033,P010,2,5500,5,10450
D0005138,O002034,P012,3,39500,10,106650
D0005139,O002034,P019,2,17000,0,34000
D0005140,O002035,P008,2,24500,10,44100
D0005141,O002035,P010,1,5500,0,5500
D0005142,O002035,P011,3,11500,10,31050
D0005143,O002036,P009,2,15000,10,27000
D0005144,O002037,P009,2,15000,0,30000
D0005145,O002037,P001,1,3500,5,3325
D0005146,O002037,P012,3,39500,5,112575
D0005147,O002038,P020,3,29500,5,84075
D0005148,O002038,P017,1,4500,0,4500
D0005149,O002038,P002,2,3500,0,7000
D0005150,O002039,P012,2,39500,0,79000
D0005151,O002040,P018,1,12000,0,12000
D0005152,O002040,P001,2,3500,10,6300
D0005153,O002040,P020,2,29500,10,53100
D0005154,O002040,P008,2,24500,0,49000
D0005155,O002041,P010,1,5500,0,5500
D0005156,O002042,P012,3,39500,5,112575
D0005157,O002043,P005,2,8500,10,15300
D0005158,O002043,P018,1,12000,5,11400
D0005159,O002044,P009,2,15000,10,27000
D0005160,O002044,P005,3,8500,5,24225
D0005161,O002045,P016,3,15500,0,46500
D0005162,O002046,P004,1,2500,0,2500
D0005163,O002046,P007,2,18000,0,36000
D0005164,O002046,P005,1,8500,0,8500
D0005165,O002046,P017,3,4500,10,12150
D0005166,O002047,P004,2,2500,10,4500
D0005167,O002047,P020,1,29500,0,29500
D0005168,O002047,P010,3,5500,10,14850
D0005169,O002047,P008,1,24500,10,22050
D0005170,O002048,P011,2,11500,10,20700
D0005171,O002048,P014,2,6500,5,12350
D0005172,O002048,P015,1,3000,10,2700
D0005173,O002048,P003,1,5500,0,5500
D0005174,O002049,P007,3,18000,10,48600
D0005175,O002049,P008,2,24500,5,46550
D0005176,O002050,P015,1,3000,0,3000
D0005177,O002050,P017,1,4500,10,4050
D0005178,O002050,P003,1,5500,5,5225
D0005179,O002051,P014,1,6500,0,6500
D0005180,O002052,P001,2,3500,5,6650
D0005181,O002053,P006,3,10500,10,28350
D0005182,O002053,P015,1,3000,0,3000
D0005183,O002053,P007,3,18000,10,48600
D0005184,O002054,P011,2,11500,0,23000
D0005185,O002055,P009,2,15000,0,30000
D0005186,O002055,P017,3,4500,10,12150
D0005187,O002055,P014,1,6500,5,6175
D0005188,O002055,P013,3,8500,0,25500
D0005189,O002056,P008,3,24500,10,66150
D0005190,O002057,P012,1,39500,0,39500
D0005191,O002057,P006,1,10500,0,10500
D0005192,O002058,P004,3,2500,5,7125
D0005193,O002058,P003,2,5500,0,11000
D0005194,O002059,P003,1,5500,0,5500
D0005195,O002060,P019,2,17000,0,34000
D0005196,O002060,P005,3,8500,5,24225
D0005197,O002061,P015,3,3000,0,9000
D0005198,O002061,P019,3,17000,0,51000
D0005199,O002061,P004,1,2500,0,2500
D0005200,O002061,P003,3,5500,5,15675
D0005201,O002062,P008,1,24500,5,23275
D0005202,O002062,P018,3,12000,5,34200
D0005203,O002063,P004,3,2500,10,6750
D0005204,O002064,P002,3,3500,10,9450
D0005205,O002065,P007,3,18000,10,48600
D0005206,O002065,P001,3,3500,5,9975
D0005207,O002066,P001,2,3500,10,6300
D0005208,O002066,P014,2,6500,10,11700
D0005209,O002066,P006,3,10500,0,31500
D0005210,O002067,P018,3,12000,10,32400
D0005211,O002067,P010,3,5500,0,16500
D0005212,O002067,P007,3,18000,5,51300
D0005213,O002067,P020,2,29500,5,56050
D0005214,O002068,P006,2,10500,10,18900
D0005215,O002069,P019,3,17000,0,51000
D0005216,O002069,P014,2,6500,10,11700
D0005217,O002069,P015,2,3000,0,6000
D0005218,O002069,P002,2,3500,0,7000
D0005219,O002070,P013,2,8500,5,16150
D0005220,O002070,P016,3,15500,0,46500
D0005221,O002070,P007,1,18000,10,16200
D0005222,O002070,P004,1,2500,10,2250
D0005223,O002071,P012,1,39500,5,37525
D0005224,O002071,P015,2,3000,0,6000
D0005225,O002071,P005,2,8500,5,16150
D0005226,O002072,P016,2,15500,10,27900
D0005227,O002072,P011,3,11500,5,32775
D0005228,O002072,P007,1,18000,0,18000
D0005229,O002073,P016,3,15500,10,41850
D0005230,O002073,P013,2,8500,0,17000
D0005231,O002073,P007,1,18000,0,18000
D0005232,O002073,P002,3,3500,10,9450
D0005233,O002074,P003,3,5500,10,14850
D0005234,O002075,P014,2,6500,0,13000
D0005235,O002075,P019,3,17000,5,48450
D0005236,O002075,P020,3,29500,0,88500
D0005237,O002076,P014,1,6500,10,5850
D0005238,O002076,P016,3,15500,10,41850
D0005239,O002076,P015,2,3000,0,6000
D0005240,O002076,P007,2,18000,0,36000
D0005241,O002077,P002,3,3500,0,10500
D0005242,O002077,P005,3,8500,0,25500
D0005243,O002077,P014,1,6500,0,6500
D0005244,O002077,P016,3,15500,0,46500
D0005245,O002078,P018,3,12000,0,36000
D0005246,O002078,P004,3,2500,0,7500
D0005247,O002078,P005,3,8500,5,24225
D0005248,O002078,P017,1,4500,0,4500
D0005249,O002079,P014,1,6500,10,5850
D0005250,O002079,P015,2,3000,0,6000
D0005251,O002080,P008,1,24500,5,23275
D0005252,O002081,P007,2,18000,10,32400
D0005253,O002082,P006,3,10500,0,31500
D0005254,O002082,P012,1,39500,0,39500
D0005255,O002082,P014,3,6500,0,19500
D0005256,O002083,P003,2,5500,0,11000
D0005257,O002083,P008,3,24500,10,66150
D0005258,O002083,P018,2,12000,0,24000
D0005259,O002084,P009,1,15000,5,14250
D0005260,O002084,P008,1,24500,0,24500
D0005261,O002084,P015,3,3000,0,9000
D0005262,O002084,P007,3,18000,10,48600
D0005263,O002085,P001,3,3500,0,10500
D0005264,O002085,P018,1,12000,0,12000
D0005265,O002086,P001,3,3500,0,10500
D0005266,O002087,P007,3,18000,0,54000
D0005267,O002087,P011,1,11500,0,11500
D0005268,O002088,P014,1,6500,10,5850
D0005269,O002088,P008,1,24500,5,23275
D0005270,O002088,P004,1,2500,0,2500
D0005271,O002088,P016,1,15500,5,14725
D0005272,O002089,P019,1,17000,0,17000
D0005273,O002089,P010,2,5500,0,11000
D0005274,O002089,P002,2,3500,0,7000
D0005275,O002090,P009,3,15000,0,45000
D0005276,O002090,P018,3,12000,5,34200
D0005277,O002091,P017,3,4500,0,13500
D0005278,O002092,P010,2,5500,0,11000
D0005279,O002092,P013,1,8500,0,8500
D0005280,O002092,P011,3,11500,0,34500
D0005281,O002093,P019,1,17000,5,16150
D0005282,O002093,P002,2,3500,10,6300
D0005283,O002093,P011,3,11500,5,32775
D0005284,O002093,P008,3,24500,5,69825
D0005285,O002094,P020,1,29500,5,28025
D0005286,O002094,P007,1,18000,0,18000
D0005287,O002094,P014,3,6500,10,17550
D0005288,O002094,P012,1,39500,10,35550
D0005289,O002095,P008,3,24500,10,66150
D0005290,O002095,P003,1,5500,0,5500
D0005291,O002095,P004,3,2500,0,7500
D0005292,O002096,P019,3,17000,0,51000
D0005293,O002096,P014,1,6500,0,6500
D0005294,O002096,P008,3,24500,10,66150
D0005295,O002096,P012,1,39500,5,37525
D0005296,O002097,P020,1,29500,10,26550
D0005297,O002097,P008,1,24500,5,23275
D0005298,O002097,P014,1,6500,5,6175
D0005299,O002097,P012,1,39500,10,35550
D0005300,O002098,P014,2,6500,5,12350
D0005301,O002098,P007,2,18000,0,36000
D0005302,O002099,P013,1,8500,10,7650
D0005303,O002099,P020,3,29500,0,88500
D0005304,O002099,P009,2,15000,0,30000
D0005305,O002100,P017,2,4500,5,8550
D0005306,O002100,P009,3,15000,10,40500
D0005307,O002100,P015,1,3000,0,3000
D0005308,O002101,P007,1,18000,5,17100
D0005309,O002102,P020,2,29500,0,59000
D0005310,O002103,P012,1,39500,0,39500
D0005311,O002103,P010,2,5500,0,11000
D0005312,O002103,P016,1,15500,5,14725
D0005313,O002103,P009,3,15000,0,45000
D0005314,O002104,P009,2,15000,0,30000
D0005315,O002105,P017,2,4500,0,9000
D0005316,O002105,P013,3,8500,5,24225
D0005317,O002105,P006,3,10500,10,28350
D0005318,O002106,P017,3,4500,5,12825
D0005319,O002106,P009,3,15000,10,40500
D0005320,O002106,P014,3,6500,5,18525
D0005321,O002107,P004,3,2500,0,7500
D0005322,O002107,P014,2,6500,0,13000
D0005323,O002107,P015,2,3000,0,6000
D0005324,O002108,P018,1,12000,5,11400
D0005325,O002108,P019,1,17000,5,16150
D0005326,O002108,P011,1,11500,10,10350
D0005327,O002108,P003,2,5500,5,10450
D0005328,O002109,P011,3,11500,0,34500
D0005329,O002109,P020,3,29500,0,88500
D0005330,O002109,P012,3,39500,5,112575
D0005331,O002110,P016,1,15500,5,14725
D0005332,O002110,P011,2,11500,0,23000
D0005333,O002111,P011,2,11500,5,21850
D0005334,O002111,P004,3,2500,0,7500
D0005335,O002111,P009,2,15000,5,28500
D0005336,O002111,P013,2,8500,5,16150
D0005337,O002112,P006,1,10500,0,10500
D0005338,O002112,P012,2,39500,0,79000
D0005339,O002112,P002,1,3500,10,3150
D0005340,O002113,P017,2,4500,0,9000
D0005341,O002113,P012,1,39500,0,39500
D0005342,O002113,P003,1,5500,10,4950
D0005343,O002113,P014,2,6500,0,13000
D0005344,O002114,P001,3,3500,10,9450
D0005345,O002115,P018,1,12000,0,12000
D0005346,O002115,P020,1,29500,5,28025
D0005347,O002115,P005,3,8500,0,25500
D0005348,O002116,P006,2,10500,5,19950
D0005349,O002116,P019,2,17000,5,32300
D0005350,O002116,P017,1,4500,5,4275
D0005351,O002116,P013,2,8500,0,17000
D0005352,O002117,P020,1,29500,5,28025
D0005353,O002117,P011,1,11500,0,11500
D0005354,O002117,P002,1,3500,10,3150
D0005355,O002117,P019,3,17000,10,45900
D0005356,O002118,P002,1,3500,5,3325
D0005357,O002119,P011,1,11500,5,10925
D0005358,O002119,P015,1,3000,5,2850
D0005359,O002119,P002,3,3500,0,10500
D0005360,O002120,P002,1,3500,0,3500
D0005361,O002120,P006,1,10500,0,10500
D0005362,O002121,P008,2,24500,5,46550
D0005363,O002121,P004,2,2500,10,4500
D0005364,O002122,P017,2,4500,0,9000
D0005365,O002123,P010,1,5500,5,5225
D0005366,O002123,P006,1,10500,5,9975
D0005367,O002123,P016,2,15500,0,31000
D0005368,O002123,P004,3,2500,10,6750
D0005369,O002124,P011,1,11500,5,10925
D0005370,O002124,P006,3,10500,5,29925
D0005371,O002124,P014,1,6500,0,6500
D0005372,O002124,P010,3,5500,0,16500
D0005373,O002125,P002,2,3500,5,6650
D0005374,O002125,P019,1,17000,5,16150
D0005375,O002126,P019,2,17000,10,30600
D0005376,O002126,P002,2,3500,10,6300
D0005377,O002126,P003,2,5500,5,10450
D0005378,O002127,P009,1,15000,10,13500
D0005379,O002127,P011,1,11500,0,11500
D0005380,O002127,P014,2,6500,10,11700
D0005381,O002127,P003,3,5500,0,16500
D0005382,O002128,P014,1,6500,10,5850
D0005383,O002129,P016,1,15500,0,15500
D0005384,O002129,P019,3,17000,10,45900
D0005385,O002129,P010,3,5500,0,16500
D0005386,O002129,P004,2,2500,10,4500
D0005387,O002130,P015,3,3000,5,8550
D0005388,O002131,P006,1,10500,5,9975
D0005389,O002131,P019,2,17000,0,34000
D0005390,O002131,P011,1,11500,0,11500
D0005391,O002131,P014,2,6500,0,13000
D0005392,O002132,P006,3,10500,5,29925
D0005393,O002132,P011,2,11500,10,20700
D0005394,O002132,P017,1,4500,0,4500
D0005395,O002132,P010,1,5500,0,5500
D0005396,O002133,P013,1,8500,0,8500
D0005397,O002133,P002,2,3500,0,7000
D0005398,O002133,P020,1,29500,0,29500
D0005399,O002134,P006,3,10500,0,31500
D0005400,O002135,P001,1,3500,0,3500
D0005401,O002135,P019,1,17000,5,16150
D0005402,O002135,P018,3,12000,0,36000
D0005403,O002135,P002,3,3500,0,10500
D0005404,O002136,P013,3,8500,0,25500
D0005405,O002136,P007,3,18000,5,51300
D0005406,O002136,P001,2,3500,0,7000
D0005407,O002136,P004,1,2500,0,2500
D0005408,O002137,P004,2,2500,0,5000
D0005409,O002137,P009,3,15000,10,40500
D0005410,O002137,P006,1,10500,5,9975
D0005411,O002137,P015,2,3000,10,5400
D0005412,O002138,P009,3,15000,10,40500
D0005413,O002138,P013,2,8500,5,16150
D0005414,O002138,P004,3,2500,0,7500
D0005415,O002139,P013,1,8500,0,8500
D0005416,O002139,P016,2,15500,10,27900
D0005417,O002140,P001,3,3500,10,9450
D0005418,O002141,P010,2,5500,0,11000
D0005419,O002142,P014,2,6500,10,11700
D0005420,O002142,P017,3,4500,0,13500
D0005421,O002143,P015,3,3000,10,8100
D0005422,O002143,P014,1,6500,5,6175
D0005423,O002143,P019,1,17000,5,16150
D0005424,O002144,P020,1,29500,0,29500
D0005425,O002145,P014,2,6500,0,13000
D0005426,O002145,P010,3,5500,10,14850
D0005427,O002146,P012,1,39500,0,39500
D0005428,O002146,P005,3,8500,5,24225
D0005429,O002146,P003,1,5500,0,5500
D0005430,O002147,P002,3,3500,0,10500
D0005431,O002147,P015,1,3000,0,3000
D0005432,O002147,P004,2,2500,0,5000
D0005433,O002147,P006,1,10500,5,9975
D0005434,O002148,P011,1,11500,0,11500
D0005435,O002148,P016,2,15500,0,31000
D0005436,O002149,P002,1,3500,5,3325
D0005437,O002149,P014,3,6500,5,18525
D0005438,O002149,P003,1,5500,10,4950
D0005439,O002149,P015,3,3000,5,8550
D0005440,O002150,P016,2,15500,5,29450
D0005441,O002150,P009,2,15000,5,28500
D0005442,O002150,P014,3,6500,0,19500
D0005443,O002151,P004,2,2500,0,5000
D0005444,O002151,P008,2,24500,5,46550
D0005445,O002151,P019,1,17000,0,17000
D0005446,O002152,P011,2,11500,0,23000
D0005447,O002153,P020,3,29500,0,88500
D0005448,O002153,P011,1,11500,5,10925
D0005449,O002153,P003,3,5500,0,16500
D0005450,O002154,P012,2,39500,5,75050
D0005451,O002154,P009,3,15000,0,45000
D0005452,O002155,P013,2,8500,0,17000
D0005453,O002155,P015,2,3000,0,6000
D0005454,O002155,P018,2,12000,0,24000
D0005455,O002156,P020,2,29500,0,59000
D0005456,O002157,P020,2,29500,5,56050
D0005457,O002158,P007,3,18000,0,54000
D0005458,O002158,P006,2,10500,0,21000
D0005459,O002159,P001,1,3500,0,3500
D0005460,O002159,P007,3,18000,0,54000
D0005461,O002159,P008,1,24500,5,23275
D0005462,O002159,P013,3,8500,10,22950
D0005463,O002160,P003,3,5500,10,14850
D0005464,O002160,P004,2,2500,0,5000
D0005465,O002161,P006,2,10500,0,21000
D0005466,O002161,P008,3,24500,0,73500
D0005467,O002162,P020,1,29500,0,29500
D0005468,O002163,P007,2,18000,0,36000
D0005469,O002163,P001,3,3500,0,10500
D0005470,O002163,P017,3,4500,5,12825
D0005471,O002163,P018,3,12000,10,32400
D0005472,O002164,P018,3,12000,0,36000
D0005473,O002164,P017,1,4500,5,4275
D0005474,O002164,P002,2,3500,0,7000
D0005475,O002164,P014,2,6500,5,12350
D0005476,O002165,P019,2,17000,0,34000
D0005477,O002165,P018,3,12000,0,36000
D0005478,O002165,P015,1,3000,0,3000
D0005479,O002166,P001,3,3500,10,9450
D0005480,O002166,P012,3,39500,0,118500
D0005481,O002166,P009,1,15000,0,15000
D0005482,O002166,P011,1,11500,10,10350
D0005483,O002167,P019,2,17000,10,30600
D0005484,O002168,P005,1,8500,0,8500
D0005485,O002168,P016,1,15500,0,15500
D0005486,O002168,P020,2,29500,5,56050
D0005487,O002168,P001,2,3500,0,7000
D0005488,O002169,P013,1,8500,5,8075
D0005489,O002169,P004,2,2500,5,4750
D0005490,O002169,P015,3,3000,0,9000
D0005491,O002170,P013,3,8500,0,25500
D0005492,O002171,P018,2,12000,5,22800
D0005493,O002171,P019,3,17000,0,51000
D0005494,O002172,P012,1,39500,0,39500
D0005495,O002172,P005,2,8500,5,16150
D0005496,O002172,P003,2,5500,0,11000
D0005497,O002172,P007,2,18000,5,34200
D0005498,O002173,P015,2,3000,0,6000
D0005499,O002174,P006,1,10500,10,9450
D0005500,O002174,P020,1,29500,5,28025
D0005501,O002174,P009,2,15000,10,27000
D0005502,O002175,P017,1,4500,10,4050
D0005503,O002176,P007,3,18000,10,48600
D0005504,O002176,P015,2,3000,5,5700
D0005505,O002176,P020,3,29500,5,84075
D0005506,O002176,P004,1,2500,0,2500
D0005507,O002177,P014,2,6500,0,13000
D0005508,O002177,P004,3,2500,0,7500
D0005509,O002177,P001,3,3500,0,10500
D0005510,O002178,P010,2,5500,5,10450
D0005511,O002178,P005,1,8500,0,8500
D0005512,O002178,P011,2,11500,0,23000
D0005513,O002178,P004,3,2500,5,7125
D0005514,O002179,P016,2,15500,10,27900
D0005515,O002179,P012,2,39500,0,79000
D0005516,O002179,P007,2,18000,0,36000
D0005517,O002179,P014,2,6500,0,13000
D0005518,O002180,P011,1,11500,10,10350
D0005519,O002180,P020,3,29500,0,88500
D0005520,O002181,P002,1,3500,0,3500
D0005521,O002181,P004,2,2500,10,4500
D0005522,O002181,P007,1,18000,10,16200
D0005523,O002182,P007,3,18000,5,51300
D0005524,O002182,P010,2,5500,5,10450
D0005525,O002183,P004,2,2500,0,5000
D0005526,O002183,P009,2,15000,0,30000
D0005527,O002184,P002,3,3500,5,9975
D0005528,O002184,P018,2,12000,5,22800
D0005529,O002184,P014,2,6500,0,13000
D0005530,O002185,P019,3,17000,5,48450
D0005531,O002185,P005,2,8500,0,17000
D0005532,O002185,P003,3,5500,5,15675
D0005533,O002186,P015,1,3000,5,2850
D0005534,O002186,P011,3,11500,0,34500
D0005535,O002186,P010,2,5500,0,11000
D0005536,O002187,P016,2,15500,0,31000
D0005537,O002187,P014,1,6500,0,6500
D0005538,O002187,P002,1,3500,0,3500
D0005539,O002188,P010,3,5500,5,15675
D0005540,O002188,P020,2,29500,10,53100
D0005541,O002188,P014,3,6500,0,19500
D0005542,O002188,P011,1,11500,0,11500
D0005543,O002189,P006,2,10500,0,21000
D0005544,O002189,P001,1,3500,5,3325
D0005545,O002189,P010,1,5500,5,5225
D0005546,O002190,P002,1,3500,5,3325
D0005547,O002190,P010,2,5500,5,10450
D0005548,O002190,P004,1,2500,5,2375
D0005549,O002191,P007,2,18000,0,36000
D0005550,O002191,P019,3,17000,5,48450
D0005551,O002191,P008,1,24500,10,22050
D0005552,O002192,P003,3,5500,5,15675
D0005553,O002192,P004,1,2500,0,2500
D0005554,O002193,P004,3,2500,0,7500
D0005555,O002194,P008,1,24500,0,24500
D0005556,O002194,P015,2,3000,5,5700
D0005557,O002195,P003,1,5500,10,4950
D0005558,O002195,P017,3,4500,0,13500
D0005559,O002195,P007,1,18000,0,18000
D0005560,O002195,P010,2,5500,0,11000
D0005561,O002196,P019,1,17000,0,17000
D0005562,O002196,P002,2,3500,10,6300
D0005563,O002196,P007,1,18000,0,18000
D0005564,O002196,P010,3,5500,0,16500
D0005565,O002197,P003,1,5500,0,5500
D0005566,O002197,P018,2,12000,5,22800
D0005567,O002197,P001,3,3500,0,10500
D0005568,O002198,P005,3,8500,0,25500
D0005569,O002198,P014,1,6500,5,6175
D0005570,O002199,P010,1,5500,0,5500
D0005571,O002200,P004,1,2500,10,2250
D0005572,O002200,P006,3,10500,5,29925
D0005573,O002200,P009,1,15000,10,13500
D0005574,O002201,P001,3,3500,0,10500
D0005575,O002201,P018,2,12000,10,21600
D0005576,O002202,P019,3,17000,10,45900
D0005577,O002202,P015,1,3000,0,3000
D0005578,O002203,P011,2,11500,0,23000
D0005579,O002203,P017,2,4500,5,8550
D0005580,O002203,P003,1,5500,10,4950
D0005581,O002204,P004,1,2500,10,2250
D0005582,O002204,P005,1,8500,0,8500
D0005583,O002204,P006,1,10500,10,9450
D0005584,O002204,P011,3,11500,0,34500
D0005585,O002205,P003,2,5500,10,9900
D0005586,O002205,P018,3,12000,5,34200
D0005587,O002205,P004,3,2500,0,7500
D0005588,O002205,P016,2,15500,0,31000
D0005589,O002206,P003,1,5500,0,5500
D0005590,O002207,P012,3,39500,0,118500
D0005591,O002207,P001,3,3500,0,10500
D0005592,O002207,P005,3,8500,5,24225
D0005593,O002207,P014,1,6500,10,5850
D0005594,O002208,P009,2,15000,0,30000
D0005595,O002208,P019,3,17000,0,51000
D0005596,O002208,P020,3,29500,0,88500
D0005597,O002208,P007,1,18000,10,16200
D0005598,O002209,P002,3,3500,5,9975
D0005599,O002209,P005,2,8500,0,17000
D0005600,O002210,P001,1,3500,5,3325
D0005601,O002210,P005,3,8500,5,24225
D0005602,O002210,P013,3,8500,5,24225
D0005603,O002210,P002,2,3500,5,6650
D0005604,O002211,P002,1,3500,5,3325
D0005605,O002212,P010,2,5500,0,11000
D0005606,O002212,P007,2,18000,5,34200
D0005607,O002213,P015,1,3000,10,2700
D0005608,O002213,P009,1,15000,5,14250
D0005609,O002213,P003,3,5500,0,16500
D0005610,O002214,P007,1,18000,0,18000
D0005611,O002214,P017,1,4500,10,4050
D0005612,O002214,P004,3,2500,10,6750
D0005613,O002214,P015,2,3000,5,5700
D0005614,O002215,P018,2,12000,0,24000
D0005615,O002215,P004,3,2500,0,7500
D0005616,O002215,P011,3,11500,0,34500
D0005617,O002216,P002,1,3500,10,3150
D0005618,O002216,P011,2,11500,0,23000
D0005619,O002217,P005,2,8500,5,16150
D0005620,O002218,P016,1,15500,5,14725
D0005621,O002218,P002,1,3500,0,3500
D0005622,O002218,P017,3,4500,0,13500
D0005623,O002219,P001,1,3500,5,3325
D0005624,O002219,P004,1,2500,0,2500
D0005625,O002219,P006,1,10500,5,9975
D0005626,O002220,P011,3,11500,0,34500
D0005627,O002220,P015,3,3000,5,8550
D0005628,O002221,P017,1,4500,0,4500
D0005629,O002222,P014,1,6500,5,6175
D0005630,O002222,P015,1,3000,0,3000
D0005631,O002222,P002,1,3500,0,3500
D0005632,O002223,P003,3,5500,0,16500
D0005633,O002223,P019,1,17000,10,15300
D0005634,O002223,P006,2,10500,0,21000
D0005635,O002223,P013,2,8500,0,17000
D0005636,O002224,P005,2,8500,10,15300
D0005637,O002224,P007,2,18000,0,36000
D0005638,O002224,P015,2,3000,0,6000
D0005639,O002224,P019,3,17000,0,51000
D0005640,O002225,P010,3,5500,0,16500
D0005641,O002225,P012,1,39500,10,35550
D0005642,O002225,P004,3,2500,0,7500
D0005643,O002226,P006,1,10500,0,10500
D0005644,O002226,P012,2,39500,5,75050
D0005645,O002227,P019,1,17000,0,17000
D0005646,O002227,P020,1,29500,10,26550
D0005647,O002227,P001,1,3500,0,3500
D0005648,O002228,P018,2,12000,10,21600
D0005649,O002228,P008,3,24500,10,66150
D0005650,O002228,P016,3,15500,0,46500
D0005651,O002228,P020,3,29500,5,84075
D0005652,O002229,P002,2,3500,0,7000
D0005653,O002229,P008,2,24500,5,46550
D0005654,O002229,P020,1,29500,0,29500
D0005655,O002229,P018,2,12000,0,24000
D0005656,O002230,P011,2,11500,0,23000
D0005657,O002230,P002,3,3500,0,10500
D0005658,O002230,P010,1,5500,5,5225
D0005659,O002231,P013,1,8500,0,8500
D0005660,O002231,P019,2,17000,10,30600
D0005661,O002232,P016,2,15500,0,31000
D0005662,O002233,P007,2,18000,0,36000
D0005663,O002234,P002,3,3500,0,10500
D0005664,O002234,P015,1,3000,10,2700
D0005665,O002234,P004,3,2500,10,6750
D0005666,O002234,P017,2,4500,10,8100
D0005667,O002235,P002,3,3500,0,10500
D0005668,O002235,P011,3,11500,0,34500
D0005669,O002236,P010,2,5500,5,10450
D0005670,O002236,P020,3,29500,0,88500
D0005671,O002237,P016,1,15500,0,15500
D0005672,O002237,P006,1,10500,0,10500
D0005673,O002238,P008,1,24500,10,22050
D0005674,O002238,P018,2,12000,0,24000
D0005675,O002238,P001,2,3500,0,7000
D0005676,O002239,P014,3,6500,0,19500
D0005677,O002239,P018,2,12000,10,21600
D0005678,O002239,P010,3,5500,10,14850
D0005679,O002239,P001,3,3500,10,9450
D0005680,O002240,P009,2,15000,0,30000
D0005681,O002240,P019,1,17000,10,15300
D0005682,O002240,P017,1,4500,0,4500
D0005683,O002240,P016,1,15500,0,15500
D0005684,O002241,P019,2,17000,10,30600
D0005685,O002241,P011,3,11500,0,34500
D0005686,O002242,P017,3,4500,10,12150
D0005687,O002243,P006,2,10500,5,19950
D0005688,O002243,P001,2,3500,0,7000
D0005689,O002243,P012,1,39500,5,37525
D0005690,O002243,P016,1,15500,0,15500
D0005691,O002244,P004,2,2500,5,4750
D0005692,O002244,P013,2,8500,0,17000
D0005693,O002244,P006,2,10500,0,21000
D0005694,O002244,P019,2,17000,10,30600
D0005695,O002245,P018,1,12000,0,12000
D0005696,O002245,P008,1,24500,10,22050
D0005697,O002245,P004,2,2500,5,4750
D0005698,O002245,P007,1,18000,0,18000
D0005699,O002246,P005,2,8500,5,16150
D0005700,O002247,P003,2,5500,10,9900
D0005701,O002247,P008,1,24500,10,22050
D0005702,O002248,P019,1,17000,5,16150
D0005703,O002248,P012,1,39500,10,35550
D0005704,O002248,P017,3,4500,5,12825
D0005705,O002248,P011,3,11500,0,34500
D0005706,O002249,P011,2,11500,10,20700
D0005707,O002250,P012,3,39500,0,118500
D0005708,O002251,P010,1,5500,5,5225
D0005709,O002251,P012,2,39500,5,75050
D0005710,O002251,P006,1,10500,5,9975
D0005711,O002251,P009,3,15000,10,40500
D0005712,O002252,P015,2,3000,0,6000
D0005713,O002253,P008,1,24500,10,22050
D0005714,O002254,P015,2,3000,0,6000
D0005715,O002255,P016,1,15500,0,15500
D0005716,O002255,P015,3,3000,0,9000
D0005717,O002255,P006,1,10500,10,9450
D0005718,O002255,P018,2,12000,0,24000
D0005719,O002256,P016,2,15500,5,29450
D0005720,O002256,P019,1,17000,5,16150
D0005721,O002257,P012,2,39500,5,75050
D0005722,O002257,P005,3,8500,10,22950
D0005723,O002258,P014,3,6500,5,18525
D0005724,O002258,P010,2,5500,0,11000
D0005725,O002258,P012,3,39500,0,118500
D0005726,O002258,P018,3,12000,0,36000
D0005727,O002259,P010,3,5500,0,16500
D0005728,O002260,P006,2,10500,0,21000
D0005729,O002260,P005,1,8500,0,8500
D0005730,O002261,P017,1,4500,10,4050
D0005731,O002261,P018,2,12000,0,24000
D0005732,O002262,P004,1,2500,5,2375
D0005733,O002262,P007,2,18000,0,36000
D0005734,O002262,P014,3,6500,0,19500
D0005735,O002262,P018,2,12000,10,21600
D0005736,O002263,P008,1,24500,5,23275
D0005737,O002263,P010,2,5500,5,10450
D0005738,O002263,P007,3,18000,0,54000
D0005739,O002264,P012,2,39500,10,71100
D0005740,O002264,P013,3,8500,10,22950
D0005741,O002264,P018,3,12000,0,36000
D0005742,O002265,P006,2,10500,0,21000
D0005743,O002265,P019,2,17000,0,34000
D0005744,O002266,P019,1,17000,0,17000
D0005745,O002266,P006,3,10500,0,31500
D0005746,O002266,P001,2,3500,10,6300
D0005747,O002266,P009,3,15000,5,42750
D0005748,O002267,P006,1,10500,10,9450
D0005749,O002267,P009,3,15000,10,40500
D0005750,O002267,P020,1,29500,5,28025
D0005751,O002268,P015,3,3000,10,8100
D0005752,O002268,P006,1,10500,5,9975
D0005753,O002268,P010,3,5500,0,16500
D0005754,O002268,P017,2,4500,5,8550
D0005755,O002269,P017,3,4500,0,13500
D0005756,O002269,P004,2,2500,5,4750
D0005757,O002269,P005,2,8500,0,17000
D0005758,O002270,P020,1,29500,0,29500
D0005759,O002271,P018,2,12000,0,24000
D0005760,O002271,P006,1,10500,0,10500
D0005761,O002271,P013,3,8500,0,25500
D0005762,O002272,P013,2,8500,10,15300
D0005763,O002272,P004,2,2500,5,4750
D0005764,O002272,P014,1,6500,10,5850
D0005765,O002273,P005,3,8500,10,22950
D0005766,O002274,P003,3,5500,10,14850
D0005767,O002275,P015,1,3000,5,2850
D0005768,O002276,P017,1,4500,5,4275
D0005769,O002276,P014,1,6500,10,5850
D0005770,O002276,P006,3,10500,5,29925
D0005771,O002277,P017,1,4500,0,4500
D0005772,O002278,P011,3,11500,0,34500
D0005773,O002279,P003,3,5500,0,16500
D0005774,O002279,P013,3,8500,0,25500
D0005775,O002280,P003,2,5500,0,11000
D0005776,O002280,P011,1,11500,10,10350
D0005777,O002280,P007,3,18000,0,54000
D0005778,O002281,P005,3,8500,0,25500
D0005779,O002281,P020,2,29500,0,59000
D0005780,O002282,P020,1,29500,0,29500
D0005781,O002282,P013,1,8500,0,8500
D0005782,O002282,P002,3,3500,10,9450
D0005783,O002282,P005,3,8500,0,25500
D0005784,O002283,P013,2,8500,10,15300
D0005785,O002283,P014,2,6500,0,13000
D0005786,O002284,P019,1,17000,0,17000
D0005787,O002285,P010,1,5500,5,5225
D0005788,O002285,P018,1,12000,0,12000
D0005789,O002286,P006,2,10500,0,21000
D0005790,O002286,P002,2,3500,0,7000
D0005791,O002286,P003,3,5500,0,16500
D0005792,O002286,P005,2,8500,5,16150
D0005793,O002287,P019,1,17000,0,17000
D0005794,O002287,P010,2,5500,0,11000
D0005795,O002288,P012,1,39500,0,39500
D0005796,O002288,P006,2,10500,5,19950
D0005797,O002288,P009,3,15000,0,45000
D0005798,O002288,P007,2,18000,10,32400
D0005799,O002289,P011,1,11500,5,10925
D0005800,O002289,P019,3,17000,0,51000
D0005801,O002289,P017,2,4500,0,9000
D0005802,O002290,P015,3,3000,10,8100
D0005803,O002290,P016,3,15500,0,46500
D0005804,O002290,P019,3,17000,0,51000
D0005805,O002291,P008,1,24500,0,24500
D0005806,O002291,P011,3,11500,5,32775
D0005807,O002292,P013,3,8500,5,24225
D0005808,O002292,P001,3,3500,10,9450
D0005809,O002292,P002,2,3500,10,6300
D0005810,O002292,P012,2,39500,0,79000
D0005811,O002293,P013,2,8500,5,16150
D0005812,O002293,P016,2,15500,5,29450
D0005813,O002293,P005,1,8500,0,8500
D0005814,O002293,P002,1,3500,0,3500
D0005815,O002294,P009,3,15000,0,45000
D0005816,O002295,P010,2,5500,0,11000
D0005817,O002295,P008,1,24500,5,23275
D0005818,O002295,P001,1,3500,5,3325
D0005819,O002295,P018,2,12000,0,24000
D0005820,O002296,P006,3,10500,10,28350
D0005821,O002296,P007,2,18000,0,36000
D0005822,O002296,P017,2,4500,0,9000
D0005823,O002297,P001,2,3500,5,6650
D0005824,O002298,P013,2,8500,5,16150
D0005825,O002298,P020,1,29500,10,26550
D0005826,O002298,P017,3,4500,0,13500
D0005827,O002298,P006,2,10500,0,21000
D0005828,O002299,P016,1,15500,0,15500
D0005829,O002299,P006,3,10500,0,31500
D0005830,O002299,P001,1,3500,10,3150
D0005831,O002299,P014,1,6500,0,6500
D0005832,O002300,P016,3,15500,5,44175
D0005833,O002301,P010,1,5500,10,4950
D0005834,O002301,P002,3,3500,0,10500
D0005835,O002302,P020,3,29500,5,84075
D0005836,O002303,P006,1,10500,0,10500
D0005837,O002304,P005,1,8500,0,8500
D0005838,O002304,P013,1,8500,10,7650
D0005839,O002305,P012,3,39500,0,118500
D0005840,O002305,P014,3,6500,10,17550
D0005841,O002305,P005,1,8500,0,8500
D0005842,O002306,P004,3,2500,5,7125
D0005843,O002307,P020,3,29500,0,88500
D0005844,O002307,P016,2,15500,0,31000
D0005845,O002307,P001,2,3500,5,6650
D0005846,O002308,P005,3,8500,10,22950
D0005847,O002308,P010,3,5500,5,15675
D0005848,O002309,P018,2,12000,0,24000
D0005849,O002309,P009,2,15000,5,28500
D0005850,O002310,P020,2,29500,5,56050
D0005851,O002311,P016,1,15500,0,15500
D0005852,O002311,P010,1,5500,10,4950
D0005853,O002312,P017,1,4500,0,4500
D0005854,O002313,P005,3,8500,5,24225
D0005855,O002313,P014,1,6500,0,6500
D0005856,O002313,P009,1,15000,10,13500
D0005857,O002314,P005,1,8500,10,7650
D0005858,O002314,P010,1,5500,5,5225
D0005859,O002315,P007,3,18000,5,51300
D0005860,O002316,P020,3,29500,10,79650
D0005861,O002316,P009,3,15000,5,42750
D0005862,O002317,P010,2,5500,0,11000
D0005863,O002317,P009,2,15000,0,30000
D0005864,O002317,P014,2,6500,5,12350
D0005865,O002317,P015,3,3000,5,8550
D0005866,O002318,P004,3,2500,10,6750
D0005867,O002318,P014,2,6500,10,11700
D0005868,O002318,P015,1,3000,0,3000
D0005869,O002319,P015,2,3000,0,6000
D0005870,O002319,P001,2,3500,0,7000
D0005871,O002320,P003,3,5500,5,15675
D0005872,O002320,P007,1,18000,5,17100
D0005873,O002321,P016,1,15500,0,15500
D0005874,O002321,P001,1,3500,0,3500
D0005875,O002321,P006,3,10500,5,29925
D0005876,O002321,P008,3,24500,0,73500
D0005877,O002322,P003,2,5500,0,11000
D0005878,O002322,P004,1,2500,5,2375
D0005879,O002322,P013,2,8500,0,17000
D0005880,O002322,P020,2,29500,10,53100
D0005881,O002323,P019,2,17000,0,34000
D0005882,O002323,P014,1,6500,0,6500
D0005883,O002323,P007,3,18000,10,48600
D0005884,O002324,P013,2,8500,0,17000
D0005885,O002324,P005,1,8500,0,8500
D0005886,O002324,P016,3,15500,0,46500
D0005887,O002324,P009,2,15000,0,30000
D0005888,O002325,P010,1,5500,0,5500
D0005889,O002325,P015,2,3000,5,5700
D0005890,O002325,P020,2,29500,10,53100
D0005891,O002326,P005,3,8500,0,25500
D0005892,O002326,P002,1,3500,0,3500
D0005893,O002327,P003,1,5500,10,4950
D0005894,O002327,P007,3,18000,10,48600
D0005895,O002327,P004,1,2500,5,2375
D0005896,O002328,P002,2,3500,5,6650
D0005897,O002329,P016,2,15500,5,29450
D0005898,O002330,P009,3,15000,0,45000
D0005899,O002330,P011,1,11500,5,10925
D0005900,O002331,P013,1,8500,0,8500
D0005901,O002331,P020,2,29500,0,59000
D0005902,O002331,P019,1,17000,5,16150
D0005903,O002331,P011,2,11500,0,23000
D0005904,O002332,P018,3,12000,0,36000
D0005905,O002332,P019,3,17000,0,51000
D0005906,O002332,P020,2,29500,5,56050
D0005907,O002332,P013,2,8500,10,15300
D0005908,O002333,P010,2,5500,5,10450
D0005909,O002334,P014,3,6500,0,19500
D0005910,O002334,P012,3,39500,10,106650
D0005911,O002335,P012,2,39500,0,79000
D0005912,O002335,P017,1,4500,0,4500
D0005913,O002335,P010,1,5500,0,5500
D0005914,O002336,P010,3,5500,10,14850
D0005915,O002336,P006,1,10500,5,9975
D0005916,O002337,P011,2,11500,10,20700
D0005917,O002337,P018,1,12000,0,12000
D0005918,O002337,P009,1,15000,10,13500
D0005919,O002338,P005,1,8500,0,8500
D0005920,O002338,P019,1,17000,0,17000
D0005921,O002338,P015,3,3000,10,8100
D0005922,O002338,P007,3,18000,0,54000
D0005923,O002339,P003,2,5500,5,10450
D0005924,O002339,P002,3,3500,10,9450
D0005925,O002340,P015,2,3000,0,6000
D0005926,O002341,P013,2,8500,10,15300
D0005927,O002342,P018,2,12000,0,24000
D0005928,O002342,P016,1,15500,0,15500
D0005929,O002343,P006,1,10500,5,9975
D0005930,O002344,P004,1,2500,10,2250
D0005931,O002345,P019,2,17000,0,34000
D0005932,O002346,P018,2,12000,0,24000
D0005933,O002347,P014,2,6500,5,12350
D0005934,O002348,P016,3,15500,5,44175
D0005935,O002348,P014,2,6500,5,12350
D0005936,O002348,P004,3,2500,0,7500
D0005937,O002349,P005,1,8500,5,8075
D0005938,O002350,P008,2,24500,0,49000
D0005939,O002350,P007,3,18000,0,54000
D0005940,O002350,P018,1,12000,5,11400
D0005941,O002350,P017,1,4500,0,4500
D0005942,O002351,P020,1,29500,10,26550
D0005943,O002351,P003,1,5500,10,4950
D0005944,O002351,P007,3,18000,0,54000
D0005945,O002351,P001,2,3500,0,7000
D0005946,O002352,P019,2,17000,5,32300
D0005947,O002352,P005,1,8500,0,8500
D0005948,O002353,P014,3,6500,0,19500
D0005949,O002353,P011,2,11500,10,20700
D0005950,O002354,P012,3,39500,5,112575
D0005951,O002354,P015,3,3000,0,9000
D0005952,O002354,P006,3,10500,0,31500
D0005953,O002354,P018,1,12000,0,12000
D0005954,O002355,P003,1,5500,0,5500
D0005955,O002355,P008,3,24500,5,69825
D0005956,O002355,P006,1,10500,5,9975
D0005957,O002355,P017,2,4500,10,8100
D0005958,O002356,P015,2,3000,0,6000
D0005959,O002357,P017,3,4500,0,13500
D0005960,O002357,P018,2,12000,10,21600
D0005961,O002358,P008,1,24500,5,23275
D0005962,O002358,P001,2,3500,0,7000
D0005963,O002358,P005,2,8500,10,15300
D0005964,O002358,P006,2,10500,5,19950
D0005965,O002359,P010,2,5500,10,9900
D0005966,O002359,P007,1,18000,0,18000
D0005967,O002359,P012,3,39500,0,118500
D0005968,O002360,P014,2,6500,0,13000
D0005969,O002360,P011,3,11500,10,31050
D0005970,O002360,P015,3,3000,0,9000
D0005971,O002361,P016,1,15500,10,13950
D0005972,O002361,P018,1,12000,5,11400
D0005973,O002361,P009,3,15000,10,40500
D0005974,O002362,P004,2,2500,0,5000
D0005975,O002363,P003,1,5500,10,4950
D0005976,O002364,P012,3,39500,0,118500
D0005977,O002364,P013,2,8500,0,17000
D0005978,O002364,P006,1,10500,10,9450
D0005979,O002364,P003,2,5500,0,11000
D0005980,O002365,P004,2,2500,0,5000
D0005981,O002365,P015,2,3000,0,6000
D0005982,O002365,P001,3,3500,10,9450
D0005983,O002366,P001,3,3500,5,9975
D0005984,O002367,P015,3,3000,5,8550
D0005985,O002368,P008,3,24500,10,66150
D0005986,O002368,P017,3,4500,5,12825
D0005987,O002368,P002,1,3500,5,3325
D0005988,O002369,P004,1,2500,0,2500
D0005989,O002369,P009,2,15000,0,30000
D0005990,O002369,P002,3,3500,0,10500
D0005991,O002369,P016,3,15500,10,41850
D0005992,O002370,P009,3,15000,10,40500
D0005993,O002370,P002,3,3500,5,9975
D0005994,O002370,P016,3,15500,0,46500
D0005995,O002370,P001,3,3500,5,9975
D0005996,O002371,P006,2,10500,0,21000
D0005997,O002371,P005,3,8500,0,25500
D0005998,O002371,P001,1,3500,5,3325
D0005999,O002371,P014,2,6500,0,13000
D0006000,O002372,P003,3,5500,0,16500
D0006001,O002372,P006,2,10500,0,21000
D0006002,O002372,P013,2,8500,10,15300
D0006003,O002372,P018,1,12000,0,12000
D0006004,O002373,P011,1,11500,10,10350
D0006005,O002373,P018,2,12000,0,24000
D0006006,O002374,P003,1,5500,0,5500
D0006007,O002374,P011,3,11500,0,34500
D0006008,O002374,P010,3,5500,5,15675
D0006009,O002374,P013,2,8500,5,16150
D0006010,O002375,P016,3,15500,0,46500
D0006011,O002375,P004,2,2500,0,5000
D0006012,O002375,P019,2,17000,0,34000
D0006013,O002376,P008,3,24500,0,73500
D0006014,O002376,P017,2,4500,0,9000
D0006015,O002376,P006,1,10500,10,9450
D0006016,O002377,P015,2,3000,0,6000
D0006017,O002378,P017,3,4500,5,12825
D0006018,O002378,P016,3,15500,0,46500
D0006019,O002379,P019,2,17000,0,34000
D0006020,O002379,P016,1,15500,0,15500
D0006021,O002379,P004,1,2500,0,2500
D0006022,O002380,P001,1,3500,0,3500
D0006023,O002381,P007,3,18000,0,54000
D0006024,O002382,P015,2,3000,0,6000
D0006025,O002382,P014,1,6500,5,6175
D0006026,O002382,P008,2,24500,10,44100
D0006027,O002383,P017,2,4500,5,8550
D0006028,O002383,P020,2,29500,5,56050
D0006029,O002383,P011,3,11500,5,32775
D0006030,O002383,P009,1,15000,0,15000
D0006031,O002384,P002,3,3500,0,10500
D0006032,O002384,P011,2,11500,10,20700
D0006033,O002384,P020,1,29500,10,26550
D0006034,O002385,P003,3,5500,0,16500
D0006035,O002386,P002,1,3500,0,3500
D0006036,O002386,P007,1,18000,0,18000
D0006037,O002386,P003,1,5500,0,5500
D0006038,O002386,P019,2,17000,0,34000
D0006039,O002387,P016,3,15500,10,41850
D0006040,O002387,P003,1,5500,5,5225
D0006041,O002387,P008,2,24500,0,49000
D0006042,O002387,P020,2,29500,5,56050
D0006043,O002388,P011,2,11500,0,23000
D0006044,O002388,P004,2,2500,5,4750
D0006045,O002389,P020,3,29500,0,88500
D0006046,O002389,P011,1,11500,0,11500
D0006047,O002389,P014,3,6500,10,17550
D0006048,O002389,P013,3,8500,5,24225
D0006049,O002390,P006,3,10500,5,29925
D0006050,O002390,P017,1,4500,0,4500
D0006051,O002390,P008,1,24500,10,22050
D0006052,O002391,P011,3,11500,0,34500
D0006053,O002391,P008,3,24500,0,73500
D0006054,O002391,P018,3,12000,0,36000
D0006055,O002392,P001,3,3500,5,9975
D0006056,O002393,P019,1,17000,5,16150
D0006057,O002393,P013,1,8500,5,8075
D0006058,O002393,P015,3,3000,0,9000
D0006059,O002393,P007,3,18000,5,51300
D0006060,O002394,P007,3,18000,5,51300
D0006061,O002395,P013,1,8500,0,8500
D0006062,O002395,P016,2,15500,5,29450
D0006063,O002395,P010,2,5500,0,11000
D0006064,O002395,P007,3,18000,10,48600
D0006065,O002396,P014,2,6500,0,13000
D0006066,O002396,P003,1,5500,10,4950
D0006067,O002396,P013,1,8500,10,7650
D0006068,O002396,P008,3,24500,10,66150
D0006069,O002397,P012,3,39500,10,106650
D0006070,O002397,P009,3,15000,10,40500
D0006071,O002397,P015,3,3000,0,9000
D0006072,O002398,P002,1,3500,0,3500
D0006073,O002398,P003,2,5500,5,10450
D0006074,O002398,P012,1,39500,0,39500
D0006075,O002398,P006,3,10500,0,31500
D0006076,O002399,P008,1,24500,0,24500
D0006077,O002400,P018,2,12000,10,21600
D0006078,O002400,P005,3,8500,0,25500
D0006079,O002400,P008,2,24500,10,44100
D0006080,O002401,P014,3,6500,0,19500
D0006081,O002401,P001,2,3500,0,7000
D0006082,O002401,P006,3,10500,0,31500
D0006083,O002401,P002,1,3500,10,3150
D0006084,O002402,P019,1,17000,0,17000
D0006085,O002402,P020,1,29500,0,29500
D0006086,O002403,P011,2,11500,5,21850
D0006087,O002404,P001,2,3500,0,7000
D0006088,O002405,P008,1,24500,5,23275
D0006089,O002405,P011,1,11500,0,11500
D0006090,O002405,P018,2,12000,5,22800
D0006091,O002406,P010,1,5500,5,5225
D0006092,O002406,P009,2,15000,5,28500
D0006093,O002406,P006,2,10500,0,21000
D0006094,O002407,P008,1,24500,10,22050
D0006095,O002408,P005,3,8500,10,22950
D0006096,O002408,P014,3,6500,0,19500
D0006097,O002408,P001,3,3500,10,9450
D0006098,O002409,P015,1,3000,5,2850
D0006099,O002409,P014,2,6500,0,13000
D0006100,O002409,P018,3,12000,0,36000
D0006101,O002410,P017,2,4500,0,9000
D0006102,O002410,P014,3,6500,0,19500
D0006103,O002411,P005,2,8500,5,16150
D0006104,O002411,P003,3,5500,0,16500
D0006105,O002411,P008,2,24500,0,49000
D0006106,O002411,P010,1,5500,0,5500
D0006107,O002412,P019,2,17000,0,34000
D0006108,O002412,P013,1,8500,10,7650
D0006109,O002412,P004,2,2500,0,5000
D0006110,O002412,P020,1,29500,5,28025
D0006111,O002413,P014,3,6500,0,19500
D0006112,O002413,P007,2,18000,10,32400
D0006113,O002413,P019,3,17000,0,51000
D0006114,O002413,P010,3,5500,0,16500
D0006115,O002414,P017,3,4500,10,12150
D0006116,O002414,P005,2,8500,10,15300
D0006117,O002414,P002,1,3500,0,3500
D0006118,O002415,P016,2,15500,10,27900
D0006119,O002415,P005,2,8500,0,17000
D0006120,O002415,P010,3,5500,10,14850
D0006121,O002416,P007,3,18000,10,48600
D0006122,O002417,P017,1,4500,10,4050
D0006123,O002417,P018,1,12000,0,12000
D0006124,O002417,P015,2,3000,0,6000
D0006125,O002417,P007,3,18000,0,54000
D0006126,O002418,P017,3,4500,10,12150
D0006127,O002418,P003,2,5500,10,9900
D0006128,O002418,P010,1,5500,0,5500
D0006129,O002418,P009,1,15000,0,15000
D0006130,O002419,P001,2,3500,5,6650
D0006131,O002419,P016,1,15500,0,15500
D0006132,O002420,P017,2,4500,0,9000
D0006133,O002420,P016,2,15500,0,31000
D0006134,O002420,P008,1,24500,0,24500
D0006135,O002421,P009,2,15000,10,27000
D0006136,O002422,P005,1,8500,5,8075
D0006137,O002422,P006,1,10500,10,9450
D0006138,O002422,P014,2,6500,10,11700
D0006139,O002423,P006,2,10500,5,19950
D0006140,O002423,P010,1,5500,5,5225
D0006141,O002424,P004,3,2500,5,7125
D0006142,O002425,P018,3,12000,0,36000
D0006143,O002425,P001,2,3500,10,6300
D0006144,O002425,P015,1,3000,0,3000
D0006145,O002426,P013,2,8500,10,15300
D0006146,O002426,P011,3,11500,0,34500
D0006147,O002426,P017,2,4500,0,9000
D0006148,O002426,P007,3,18000,5,51300
D0006149,O002427,P002,3,3500,5,9975
D0006150,O002427,P003,3,5500,0,16500
D0006151,O002427,P005,2,8500,10,15300
D0006152,O002428,P008,3,24500,5,69825
D0006153,O002428,P015,2,3000,5,5700
D0006154,O002429,P007,3,18000,5,51300
D0006155,O002429,P013,1,8500,0,8500
D0006156,O002430,P003,1,5500,5,5225
D0006157,O002430,P005,2,8500,0,17000
D0006158,O002431,P016,3,15500,0,46500
D0006159,O002431,P009,1,15000,10,13500
D0006160,O002431,P008,3,24500,5,69825
D0006161,O002431,P013,1,8500,0,8500
D0006162,O002432,P008,1,24500,0,24500
D0006163,O002433,P010,2,5500,0,11000
D0006164,O002433,P009,3,15000,0,45000
D0006165,O002433,P018,1,12000,0,12000
D0006166,O002433,P019,2,17000,10,30600
D0006167,O002434,P015,2,3000,10,5400
D0006168,O002434,P008,2,24500,0,49000
D0006169,O002434,P014,2,6500,5,12350
D0006170,O002435,P005,3,8500,0,25500
D0006171,O002435,P019,3,17000,5,48450
D0006172,O002435,P002,1,3500,0,3500
D0006173,O002435,P009,2,15000,0,30000
D0006174,O002436,P013,2,8500,5,16150
D0006175,O002436,P001,3,3500,0,10500
D0006176,O002436,P012,1,39500,0,39500
D0006177,O002436,P014,2,6500,0,13000
D0006178,O002437,P007,2,18000,10,32400
D0006179,O002437,P014,3,6500,10,17550
D0006180,O002437,P011,1,11500,0,11500
D0006181,O002438,P009,1,15000,10,13500
D0006182,O002438,P004,1,2500,5,2375
D0006183,O002438,P015,2,3000,0,6000
D0006184,O002438,P016,1,15500,0,15500
D0006185,O002439,P018,3,12000,0,36000
D0006186,O002439,P019,1,17000,0,17000
D0006187,O002440,P005,3,8500,5,24225
D0006188,O002440,P009,1,15000,0,15000
D0006189,O002440,P008,3,24500,0,73500
D0006190,O002440,P006,3,10500,5,29925
D0006191,O002441,P004,3,2500,0,7500
D0006192,O002441,P012,2,39500,0,79000
D0006193,O002442,P014,2,6500,10,11700
D0006194,O002442,P018,3,12000,0,36000
D0006195,O002442,P011,2,11500,10,20700
D0006196,O002443,P016,3,15500,5,44175
D0006197,O002443,P013,1,8500,0,8500
D0006198,O002443,P010,2,5500,10,9900
D0006199,O002444,P003,2,5500,10,9900
D0006200,O002444,P019,3,17000,0,51000
D0006201,O002444,P013,2,8500,0,17000
D0006202,O002445,P018,2,12000,10,21600
D0006203,O002445,P002,1,3500,0,3500
D0006204,O002446,P014,2,6500,5,12350
D0006205,O002446,P015,2,3000,0,6000
D0006206,O002446,P002,1,3500,0,3500
D0006207,O002447,P016,3,15500,5,44175
D0006208,O002447,P020,1,29500,0,29500
D0006209,O002448,P007,3,18000,5,51300
D0006210,O002448,P008,2,24500,0,49000
D0006211,O002448,P018,2,12000,0,24000
D0006212,O002449,P006,2,10500,10,18900
D0006213,O002449,P009,2,15000,0,30000
D0006214,O002449,P010,3,5500,5,15675
D0006215,O002450,P008,3,24500,10,66150
D0006216,O002451,P020,2,29500,0,59000
D0006217,O002451,P015,3,3000,10,8100
D0006218,O002452,P013,1,8500,5,8075
D0006219,O002452,P006,2,10500,0,21000
D0006220,O002452,P015,3,3000,0,9000
D0006221,O002453,P006,1,10500,10,9450
D0006222,O002454,P014,3,6500,5,18525
D0006223,O002454,P018,2,12000,0,24000
D0006224,O002454,P019,1,17000,10,15300
D0006225,O002455,P019,1,17000,10,15300
D0006226,O002455,P008,3,24500,0,73500
D0006227,O002455,P006,1,10500,10,9450
D0006228,O002456,P020,2,29500,5,56050
D0006229,O002456,P019,1,17000,0,17000
D0006230,O002457,P019,1,17000,10,15300
D0006231,O002458,P017,3,4500,0,13500
D0006232,O002458,P016,2,15500,10,27900
D0006233,O002458,P005,1,8500,0,8500
D0006234,O002459,P008,2,24500,0,49000
D0006235,O002459,P011,1,11500,10,10350
D0006236,O002460,P013,2,8500,0,17000
D0006237,O002460,P020,3,29500,5,84075
D0006238,O002460,P003,2,5500,10,9900
D0006239,O002460,P009,2,15000,10,27000
D0006240,O002461,P015,3,3000,5,8550
D0006241,O002461,P018,3,12000,0,36000
D0006242,O002462,P019,2,17000,10,30600
D0006243,O002462,P006,2,10500,0,21000
D0006244,O002463,P018,2,12000,10,21600
D0006245,O002463,P009,2,15000,0,30000
D0006246,O002463,P012,1,39500,0,39500
D0006247,O002463,P015,2,3000,0,6000
D0006248,O002464,P016,1,15500,0,15500
D0006249,O002465,P012,3,39500,10,106650
D0006250,O002465,P007,3,18000,0,54000
D0006251,O002466,P019,1,17000,0,17000
D0006252,O002467,P010,2,5500,10,9900
D0006253,O002467,P017,2,4500,10,8100
D0006254,O002467,P002,3,3500,0,10500
D0006255,O002467,P018,2,12000,0,24000
D0006256,O002468,P020,1,29500,5,28025
D0006257,O002468,P014,3,6500,5,18525
D0006258,O002468,P010,2,5500,0,11000
D0006259,O002469,P019,3,17000,0,51000
D0006260,O002469,P017,2,4500,5,8550
D0006261,O002469,P006,2,10500,10,18900
D0006262,O002469,P010,1,5500,5,5225
D0006263,O002470,P010,1,5500,0,5500
D0006264,O002470,P006,2,10500,0,21000
D0006265,O002470,P020,1,29500,0,29500
D0006266,O002471,P003,3,5500,5,15675
D0006267,O002471,P019,3,17000,0,51000
D0006268,O002471,P010,2,5500,0,11000
D0006269,O002471,P011,1,11500,0,11500
D0006270,O002472,P016,2,15500,5,29450
D0006271,O002472,P003,2,5500,0,11000
D0006272,O002472,P009,1,15000,0,15000
D0006273,O002472,P012,1,39500,0,39500
D0006274,O002473,P018,3,12000,0,36000
D0006275,O002473,P015,1,3000,5,2850
D0006276,O002473,P006,3,10500,0,31500
D0006277,O002474,P016,2,15500,5,29450
D0006278,O002474,P008,3,24500,10,66150
D0006279,O002474,P015,3,3000,0,9000
D0006280,O002474,P018,2,12000,10,21600
D0006281,O002475,P016,1,15500,0,15500
D0006282,O002475,P013,3,8500,5,24225
D0006283,O002475,P004,1,2500,0,2500
D0006284,O002475,P017,1,4500,0,4500
D0006285,O002476,P012,2,39500,5,75050
D0006286,O002477,P015,1,3000,10,2700
D0006287,O002477,P005,3,8500,10,22950
D0006288,O002478,P017,2,4500,10,8100
D0006289,O002478,P012,2,39500,5,75050
D0006290,O002478,P016,1,15500,10,13950
D0006291,O002478,P019,3,17000,0,51000
D0006292,O002479,P009,3,15000,5,42750
D0006293,O002479,P017,1,4500,0,4500
D0006294,O002480,P014,2,6500,0,13000
D0006295,O002481,P020,1,29500,10,26550
D0006296,O002481,P017,1,4500,0,4500
D0006297,O002481,P011,3,11500,5,32775
D0006298,O002482,P009,1,15000,0,15000
D0006299,O002482,P013,2,8500,5,16150
D0006300,O002482,P018,3,12000,0,36000
D0006301,O002483,P018,3,12000,5,34200
D0006302,O002483,P020,2,29500,5,56050
D0006303,O002484,P008,3,24500,5,69825
D0006304,O002485,P018,1,12000,0,12000
D0006305,O002485,P011,3,11500,5,32775
D0006306,O002486,P018,2,12000,5,22800
D0006307,O002486,P008,2,24500,0,49000
D0006308,O002486,P005,1,8500,0,8500
D0006309,O002486,P007,2,18000,5,34200
D0006310,O002487,P002,3,3500,0,10500
D0006311,O002487,P006,2,10500,0,21000
D0006312,O002487,P020,1,29500,10,26550
D0006313,O002488,P003,3,5500,5,15675
D0006314,O002488,P020,1,29500,0,29500
D0006315,O002488,P016,3,15500,10,41850
D0006316,O002488,P001,1,3500,0,3500
D0006317,O002489,P019,3,17000,0,51000
D0006318,O002489,P003,3,5500,0,16500
D0006319,O002489,P007,1,18000,0,18000
D0006320,O002490,P012,3,39500,10,106650
D0006321,O002490,P010,2,5500,10,9900
D0006322,O002490,P011,3,11500,5,32775
D0006323,O002491,P009,3,15000,0,45000
D0006324,O002491,P001,2,3500,0,7000
D0006325,O002491,P005,3,8500,10,22950
D0006326,O002491,P012,1,39500,5,37525
D0006327,O002492,P020,2,29500,0,59000
D0006328,O002493,P003,1,5500,5,5225
D0006329,O002494,P008,2,24500,0,49000
D0006330,O002495,P018,2,12000,10,21600
D0006331,O002495,P007,1,18000,0,18000
D0006332,O002496,P019,1,17000,10,15300
D0006333,O002496,P002,1,3500,0,3500
D0006334,O002497,P011,3,11500,0,34500
D0006335,O002497,P018,3,12000,5,34200
D0006336,O002497,P012,1,39500,5,37525
D0006337,O002497,P019,2,17000,10,30600
D0006338,O002498,P010,1,5500,0,5500
D0006339,O002498,P018,1,12000,10,10800
D0006340,O002498,P020,2,29500,5,56050
D0006341,O002499,P009,1,15000,10,13500
D0006342,O002499,P008,3,24500,10,66150
D0006343,O002499,P011,3,11500,0,34500
D0006344,O002500,P006,1,10500,0,10500
D0006345,O002500,P011,1,11500,5,10925
D0006346,O002501,P012,3,39500,5,112575
D0006347,O002501,P020,2,29500,10,53100
D0006348,O002501,P003,3,5500,0,16500
D0006349,O002501,P008,2,24500,0,49000
D0006350,O002502,P015,3,3000,10,8100
D0006351,O002502,P012,3,39500,10,106650
D0006352,O002503,P012,3,39500,5,112575
D0006353,O002504,P007,1,18000,0,18000
D0006354,O002505,P009,2,15000,0,30000
D0006355,O002505,P007,3,18000,5,51300
D0006356,O002505,P018,3,12000,0,36000
D0006357,O002506,P013,2,8500,0,17000
D0006358,O002506,P016,3,15500,10,41850
D0006359,O002506,P014,2,6500,0,13000
D0006360,O002506,P017,1,4500,0,4500
D0006361,O002507,P008,1,24500,0,24500
D0006362,O002507,P015,1,3000,5,2850
D0006363,O002508,P016,2,15500,5,29450
D0006364,O002509,P012,2,39500,5,75050
D0006365,O002509,P004,1,2500,0,2500
D0006366,O002510,P007,2,18000,10,32400
D0006367,O002510,P002,3,3500,5,9975
D0006368,O002510,P005,2,8500,5,16150
D0006369,O002511,P019,1,17000,0,17000
D0006370,O002511,P018,2,12000,10,21600
D0006371,O002512,P008,2,24500,0,49000
D0006372,O002512,P013,1,8500,10,7650
D0006373,O002512,P014,3,6500,10,17550
D0006374,O002512,P018,2,12000,10,21600
D0006375,O002513,P015,1,3000,0,3000
D0006376,O002513,P002,3,3500,10,9450
D0006377,O002513,P010,1,5500,10,4950
D0006378,O002513,P004,1,2500,5,2375
D0006379,O002514,P004,2,2500,0,5000
D0006380,O002514,P017,2,4500,10,8100
D0006381,O002515,P010,3,5500,10,14850
D0006382,O002516,P005,2,8500,10,15300
D0006383,O002516,P012,2,39500,0,79000
D0006384,O002517,P005,2,8500,5,16150
D0006385,O002517,P004,1,2500,5,2375
D0006386,O002518,P008,3,24500,10,66150
D0006387,O002519,P018,1,12000,0,12000
D0006388,O002519,P004,2,2500,10,4500
D0006389,O002519,P013,2,8500,0,17000
D0006390,O002520,P014,2,6500,0,13000
D0006391,O002521,P012,2,39500,10,71100
D0006392,O002521,P004,2,2500,0,5000
D0006393,O002521,P017,2,4500,0,9000
D0006394,O002521,P009,1,15000,5,14250
D0006395,O002522,P003,1,5500,0,5500
D0006396,O002522,P018,2,12000,10,21600
D0006397,O002522,P005,2,8500,0,17000
D0006398,O002522,P002,1,3500,10,3150
D0006399,O002523,P006,2,10500,5,19950
D0006400,O002523,P016,3,15500,0,46500
D0006401,O002524,P015,1,3000,10,2700
D0006402,O002524,P002,2,3500,0,7000
D0006403,O002524,P001,3,3500,10,9450
D0006404,O002524,P006,1,10500,0,10500
D0006405,O002525,P020,2,29500,0,59000
D0006406,O002525,P003,3,5500,0,16500
D0006407,O002525,P007,1,18000,5,17100
D0006408,O002526,P008,3,24500,0,73500
D0006409,O002527,P009,2,15000,0,30000
D0006410,O002527,P017,2,4500,0,9000
D0006411,O002527,P019,3,17000,0,51000
D0006412,O002528,P003,3,5500,10,14850
D0006413,O002529,P011,3,11500,0,34500
D0006414,O002530,P020,2,29500,5,56050
D0006415,O002530,P010,1,5500,5,5225
D0006416,O002530,P013,2,8500,5,16150
D0006417,O002531,P007,1,18000,10,16200
D0006418,O002532,P007,1,18000,0,18000
D0006419,O002532,P009,1,15000,0,15000
D0006420,O002533,P001,3,3500,5,9975
D0006421,O002533,P013,2,8500,5,16150
D0006422,O002534,P002,2,3500,5,6650
D0006423,O002534,P014,1,6500,0,6500
D0006424,O002534,P009,3,15000,0,45000
D0006425,O002534,P011,1,11500,0,11500
D0006426,O002535,P017,3,4500,5,12825
D0006427,O002535,P018,1,12000,5,11400
D0006428,O002535,P001,3,3500,0,10500
D0006429,O002536,P006,2,10500,10,18900
D0006430,O002537,P015,2,3000,0,6000
D0006431,O002537,P017,3,4500,5,12825
D0006432,O002538,P013,2,8500,10,15300
D0006433,O002538,P006,3,10500,5,29925
D0006434,O002539,P002,2,3500,0,7000
D0006435,O002540,P009,2,15000,0,30000
D0006436,O002540,P008,3,24500,10,66150
D0006437,O002541,P003,1,5500,10,4950
D0006438,O002541,P005,3,8500,10,22950
D0006439,O002542,P012,1,39500,5,37525
D0006440,O002543,P004,3,2500,0,7500
D0006441,O002543,P012,3,39500,5,112575
D0006442,O002543,P007,3,18000,0,54000
D0006443,O002543,P011,2,11500,10,20700
D0006444,O002544,P011,1,11500,10,10350
D0006445,O002544,P002,3,3500,0,10500
D0006446,O002544,P017,1,4500,0,4500
D0006447,O002545,P013,2,8500,5,16150
D0006448,O002545,P001,1,3500,10,3150
D0006449,O002545,P012,1,39500,0,39500
D0006450,O002545,P015,2,3000,0,6000
D0006451,O002546,P013,3,8500,0,25500
D0006452,O002546,P020,2,29500,10,53100
D0006453,O002547,P002,2,3500,10,6300
D0006454,O002547,P020,2,29500,0,59000
D0006455,O002547,P014,2,6500,10,11700
D0006456,O002548,P015,3,3000,0,9000
D0006457,O002548,P001,1,3500,0,3500
D0006458,O002548,P007,3,18000,0,54000
D0006459,O002548,P018,3,12000,5,34200
D0006460,O002549,P004,1,2500,0,2500
D0006461,O002549,P007,2,18000,10,32400
D0006462,O002549,P011,1,11500,5,10925
D0006463,O002549,P003,3,5500,10,14850
D0006464,O002550,P009,2,15000,0,30000
D0006465,O002550,P002,2,3500,0,7000
D0006466,O002551,P011,3,11500,10,31050
D0006467,O002551,P006,1,10500,0,10500
D0006468,O002551,P019,3,17000,10,45900
D0006469,O002552,P013,1,8500,0,8500
D0006470,O002552,P015,3,3000,10,8100
D0006471,O002553,P015,1,3000,10,2700
D0006472,O002553,P005,2,8500,5,16150
D0006473,O002554,P020,1,29500,0,29500
D0006474,O002554,P018,1,12000,5,11400
D0006475,O002554,P003,2,5500,5,10450
D0006476,O002554,P015,1,3000,10,2700
D0006477,O002555,P015,2,3000,0,6000
D0006478,O002556,P008,2,24500,10,44100
D0006479,O002556,P001,3,3500,5,9975
D0006480,O002556,P014,3,6500,5,18525
D0006481,O002556,P009,2,15000,0,30000
D0006482,O002557,P005,1,8500,10,7650
D0006483,O002558,P001,2,3500,10,6300
D0006484,O002559,P009,2,15000,0,30000
D0006485,O002559,P011,1,11500,0,11500
D0006486,O002560,P019,3,17000,0,51000
D0006487,O002560,P015,3,3000,10,8100
D0006488,O002560,P007,1,18000,10,16200
D0006489,O002560,P016,3,15500,0,46500
D0006490,O002561,P020,3,29500,0,88500
D0006491,O002561,P018,1,12000,5,11400
D0006492,O002562,P015,1,3000,5,2850
D0006493,O002562,P009,3,15000,10,40500
D0006494,O002562,P002,3,3500,0,10500
D0006495,O002563,P013,2,8500,0,17000
D0006496,O002564,P008,3,24500,5,69825
D0006497,O002565,P018,2,12000,10,21600
D0006498,O002565,P020,3,29500,10,79650
D0006499,O002565,P016,3,15500,0,46500
D0006500,O002565,P011,1,11500,10,10350
D0006501,O002566,P019,3,17000,0,51000
D0006502,O002567,P014,1,6500,5,6175
D0006503,O002567,P015,2,3000,10,5400
D0006504,O002567,P012,2,39500,0,79000
D0006505,O002568,P002,3,3500,10,9450
D0006506,O002569,P003,2,5500,10,9900
D0006507,O002569,P018,3,12000,0,36000
D0006508,O002569,P019,2,17000,0,34000
D0006509,O002569,P004,3,2500,0,7500
D0006510,O002570,P018,1,12000,0,12000
D0006511,O002570,P010,1,5500,10,4950
D0006512,O002570,P014,3,6500,0,19500
D0006513,O002571,P010,3,5500,10,14850
D0006514,O002572,P019,2,17000,0,34000
D0006515,O002573,P005,3,8500,5,24225
D0006516,O002573,P019,2,17000,0,34000
D0006517,O002573,P001,1,3500,0,3500
D0006518,O002574,P018,2,12000,0,24000
D0006519,O002575,P007,3,18000,0,54000
D0006520,O002575,P016,3,15500,10,41850
D0006521,O002575,P018,1,12000,0,12000
D0006522,O002575,P015,1,3000,0,3000
D0006523,O002576,P010,2,5500,10,9900
D0006524,O002576,P004,2,2500,10,4500
D0006525,O002576,P020,2,29500,0,59000
D0006526,O002577,P016,2,15500,0,31000
D0006527,O002578,P004,3,2500,10,6750
D0006528,O002578,P002,1,3500,5,3325
D0006529,O002578,P005,1,8500,0,8500
D0006530,O002579,P012,2,39500,0,79000
D0006531,O002580,P006,2,10500,0,21000
D0006532,O002580,P020,3,29500,10,79650
D0006533,O002580,P013,3,8500,0,25500
D0006534,O002580,P014,2,6500,0,13000
D0006535,O002581,P020,1,29500,0,29500
D0006536,O002581,P005,2,8500,0,17000
D0006537,O002581,P010,3,5500,5,15675
D0006538,O002581,P002,2,3500,5,6650
D0006539,O002582,P019,3,17000,5,48450
D0006540,O002583,P005,2,8500,10,15300
D0006541,O002583,P020,3,29500,0,88500
D0006542,O002583,P012,1,39500,0,39500
D0006543,O002583,P014,3,6500,0,19500
D0006544,O002584,P013,1,8500,0,8500
D0006545,O002585,P014,1,6500,0,6500
D0006546,O002585,P019,2,17000,10,30600
D0006547,O002585,P018,3,12000,5,34200
D0006548,O002586,P020,3,29500,0,88500
D0006549,O002586,P003,3,5500,5,15675
D0006550,O002586,P015,3,3000,10,8100
D0006551,O002587,P013,1,8500,0,8500
D0006552,O002587,P005,2,8500,0,17000
D0006553,O002588,P018,2,12000,0,24000
D0006554,O002588,P013,1,8500,0,8500
D0006555,O002588,P004,3,2500,10,6750
D0006556,O002588,P005,3,8500,0,25500
D0006557,O002589,P011,2,11500,0,23000
D0006558,O002589,P016,2,15500,0,31000
D0006559,O002589,P017,1,4500,10,4050
D0006560,O002589,P014,2,6500,0,13000
D0006561,O002590,P016,3,15500,10,41850
D0006562,O002590,P020,2,29500,5,56050
D0006563,O002590,P008,3,24500,0,73500
D0006564,O002591,P016,3,15500,0,46500
D0006565,O002591,P013,1,8500,10,7650
D0006566,O002591,P001,1,3500,5,3325
D0006567,O002592,P014,1,6500,10,5850
D0006568,O002592,P006,1,10500,10,9450
D0006569,O002593,P009,2,15000,5,28500
D0006570,O002593,P007,1,18000,10,16200
D0006571,O002594,P008,3,24500,0,73500
D0006572,O002595,P013,3,8500,10,22950
D0006573,O002595,P005,2,8500,5,16150
D0006574,O002596,P008,2,24500,0,49000
D0006575,O002596,P006,1,10500,10,9450
D0006576,O002596,P002,2,3500,5,6650
D0006577,O002597,P012,1,39500,0,39500
D0006578,O002598,P004,2,2500,5,4750
D0006579,O002598,P011,2,11500,10,20700
D0006580,O002598,P015,2,3000,5,5700
D0006581,O002598,P014,2,6500,0,13000
D0006582,O002599,P005,3,8500,5,24225
D0006583,O002599,P012,3,39500,0,118500
D0006584,O002600,P008,2,24500,10,44100
D0006585,O002601,P014,1,6500,0,6500
D0006586,O002601,P010,2,5500,10,9900
D0006587,O002602,P010,1,5500,0,5500
D0006588,O002602,P002,3,3500,5,9975
D0006589,O002602,P006,1,10500,0,10500
D0006590,O002603,P020,3,29500,5,84075
D0006591,O002604,P009,1,15000,0,15000
D0006592,O002604,P005,2,8500,10,15300
D0006593,O002604,P001,2,3500,0,7000
D0006594,O002604,P011,2,11500,10,20700
D0006595,O002605,P009,1,15000,5,14250
D0006596,O002605,P005,1,8500,0,8500
D0006597,O002605,P018,3,12000,0,36000
D0006598,O002606,P014,1,6500,5,6175
D0006599,O002606,P017,2,4500,10,8100
D0006600,O002606,P018,2,12000,0,24000
D0006601,O002606,P009,3,15000,0,45000
D0006602,O002607,P001,1,3500,0,3500
D0006603,O002608,P009,2,15000,0,30000
D0006604,O002609,P014,1,6500,0,6500
D0006605,O002610,P017,1,4500,5,4275
D0006606,O002611,P004,2,2500,5,4750
D0006607,O002611,P010,1,5500,0,5500
D0006608,O002611,P013,3,8500,10,22950
D0006609,O002612,P010,1,5500,10,4950
D0006610,O002612,P006,3,10500,5,29925
D0006611,O002612,P019,2,17000,0,34000
D0006612,O002613,P011,3,11500,0,34500
D0006613,O002613,P019,1,17000,0,17000
D0006614,O002613,P006,2,10500,10,18900
D0006615,O002614,P010,2,5500,0,11000
D0006616,O002614,P012,1,39500,0,39500
D0006617,O002614,P004,3,2500,0,7500
D0006618,O002614,P020,2,29500,5,56050
D0006619,O002615,P012,3,39500,0,118500
D0006620,O002615,P014,1,6500,5,6175
D0006621,O002616,P012,3,39500,0,118500
D0006622,O002617,P002,3,3500,0,10500
D0006623,O002617,P013,2,8500,5,16150
D0006624,O002617,P006,1,10500,0,10500
D0006625,O002617,P019,1,17000,0,17000
D0006626,O002618,P007,3,18000,10,48600
D0006627,O002619,P015,3,3000,10,8100
D0006628,O002619,P007,3,18000,5,51300
D0006629,O002620,P019,2,17000,0,34000
D0006630,O002621,P018,1,12000,5,11400
D0006631,O002621,P019,1,17000,5,16150
D0006632,O002621,P007,1,18000,0,18000
D0006633,O002621,P004,3,2500,10,6750
D0006634,O002622,P018,1,12000,10,10800
D0006635,O002622,P011,1,11500,10,10350
D0006636,O002622,P009,3,15000,10,40500
D0006637,O002623,P016,3,15500,0,46500
D0006638,O002623,P007,1,18000,10,16200
D0006639,O002624,P017,2,4500,10,8100
D0006640,O002624,P011,1,11500,10,10350
D0006641,O002624,P020,2,29500,5,56050
D0006642,O002625,P016,1,15500,10,13950
D0006643,O002625,P015,1,3000,10,2700
D0006644,O002625,P002,3,3500,0,10500
D0006645,O002626,P012,3,39500,0,118500
D0006646,O002627,P003,2,5500,10,9900
D0006647,O002628,P018,3,12000,0,36000
D0006648,O002628,P015,3,3000,10,8100
D0006649,O002629,P015,2,3000,10,5400
D0006650,O002629,P013,3,8500,5,24225
D0006651,O002629,P014,2,6500,0,13000
D0006652,O002630,P016,2,15500,0,31000
D0006653,O002630,P013,1,8500,0,8500
D0006654,O002630,P010,1,5500,0,5500
D0006655,O002630,P020,2,29500,0,59000
D0006656,O002631,P016,1,15500,0,15500
D0006657,O002632,P003,2,5500,0,11000
D0006658,O002632,P007,2,18000,5,34200
D0006659,O002633,P011,1,11500,10,10350
D0006660,O002633,P005,3,8500,0,25500
D0006661,O002634,P007,3,18000,0,54000
D0006662,O002635,P004,3,2500,5,7125
D0006663,O002635,P001,3,3500,0,10500
D0006664,O002636,P015,3,3000,5,8550
D0006665,O002636,P006,1,10500,0,10500
D0006666,O002637,P015,3,3000,0,9000
D0006667,O002637,P016,1,15500,5,14725
D0006668,O002638,P002,1,3500,10,3150
D0006669,O002638,P007,2,18000,0,36000
D0006670,O002638,P020,2,29500,0,59000
D0006671,O002639,P015,1,3000,0,3000
D0006672,O002639,P009,2,15000,0,30000
D0006673,O002639,P003,3,5500,5,15675
D0006674,O002640,P018,3,12000,0,36000
D0006675,O002640,P007,1,18000,5,17100
D0006676,O002640,P012,2,39500,5,75050
D0006677,O002640,P002,3,3500,10,9450
D0006678,O002641,P016,2,15500,10,27900
D0006679,O002641,P020,2,29500,10,53100
D0006680,O002641,P014,1,6500,0,6500
D0006681,O002642,P006,1,10500,5,9975
D0006682,O002643,P006,2,10500,0,21000
D0006683,O002643,P015,3,3000,0,9000
D0006684,O002643,P009,1,15000,5,14250
D0006685,O002643,P013,3,8500,0,25500
D0006686,O002644,P017,3,4500,0,13500
D0006687,O002644,P019,2,17000,10,30600
D0006688,O002645,P008,3,24500,0,73500
D0006689,O002645,P005,3,8500,0,25500
D0006690,O002645,P019,2,17000,10,30600
D0006691,O002645,P010,2,5500,5,10450
D0006692,O002646,P005,2,8500,10,15300
D0006693,O002646,P003,1,5500,0,5500
D0006694,O002647,P009,3,15000,5,42750
D0006695,O002647,P007,1,18000,0,18000
D0006696,O002647,P015,1,3000,10,2700
D0006697,O002648,P009,3,15000,0,45000
D0006698,O002649,P003,1,5500,0,5500
D0006699,O002649,P002,1,3500,0,3500
D0006700,O002650,P017,2,4500,10,8100
D0006701,O002650,P018,3,12000,0,36000
D0006702,O002650,P012,2,39500,10,71100
D0006703,O002651,P012,3,39500,10,106650
D0006704,O002651,P015,1,3000,5,2850
D0006705,O002651,P011,1,11500,0,11500
D0006706,O002651,P005,3,8500,10,22950
D0006707,O002652,P020,1,29500,5,28025
D0006708,O002652,P014,1,6500,10,5850
D0006709,O002652,P006,3,10500,5,29925
D0006710,O002653,P010,1,5500,5,5225
D0006711,O002653,P011,3,11500,10,31050
D0006712,O002653,P018,3,12000,5,34200
D0006713,O002654,P010,2,5500,0,11000
D0006714,O002654,P006,1,10500,0,10500
D0006715,O002654,P013,1,8500,5,8075
D0006716,O002655,P016,2,15500,5,29450
D0006717,O002655,P006,2,10500,0,21000
D0006718,O002655,P009,3,15000,5,42750
D0006719,O002655,P007,1,18000,5,17100
D0006720,O002656,P002,2,3500,0,7000
D0006721,O002656,P008,2,24500,10,44100
D0006722,O002656,P019,3,17000,0,51000
D0006723,O002657,P019,1,17000,5,16150
D0006724,O002657,P015,3,3000,0,9000
D0006725,O002657,P002,3,3500,10,9450
D0006726,O002657,P003,3,5500,5,15675
D0006727,O002658,P019,3,17000,0,51000
D0006728,O002658,P015,1,3000,10,2700
D0006729,O002658,P010,1,5500,5,5225
D0006730,O002658,P005,3,8500,10,22950
D0006731,O002659,P001,2,3500,0,7000
D0006732,O002660,P010,1,5500,10,4950
D0006733,O002660,P020,3,29500,10,79650
D0006734,O002660,P011,1,11500,10,10350
D0006735,O002660,P006,1,10500,0,10500
D0006736,O002661,P009,2,15000,0,30000
D0006737,O002661,P006,1,10500,10,9450
D0006738,O002661,P005,3,8500,0,25500
D0006739,O002662,P007,2,18000,0,36000
D0006740,O002662,P019,3,17000,5,48450
D0006741,O002662,P015,1,3000,0,3000
D0006742,O002663,P014,3,6500,0,19500
D0006743,O002663,P002,3,3500,5,9975
D0006744,O002663,P020,2,29500,0,59000
D0006745,O002664,P006,3,10500,10,28350
D0006746,O002664,P002,2,3500,0,7000
D0006747,O002665,P015,3,3000,0,9000
D0006748,O002665,P011,3,11500,0,34500
D0006749,O002666,P012,2,39500,0,79000
D0006750,O002666,P014,3,6500,10,17550
D0006751,O002666,P018,2,12000,5,22800
D0006752,O002667,P012,3,39500,0,118500
D0006753,O002667,P010,2,5500,0,11000
D0006754,O002667,P004,3,2500,0,7500
D0006755,O002668,P018,2,12000,5,22800
D0006756,O002669,P014,3,6500,10,17550
D0006757,O002669,P015,1,3000,0,3000
D0006758,O002669,P007,2,18000,5,34200
D0006759,O002669,P009,2,15000,5,28500
D0006760,O002670,P015,3,3000,5,8550
D0006761,O002671,P004,2,2500,0,5000
D0006762,O002671,P003,3,5500,0,16500
D0006763,O002672,P017,1,4500,0,4500
D0006764,O002673,P011,1,11500,0,11500
D0006765,O002673,P012,2,39500,5,75050
D0006766,O002673,P010,2,5500,0,11000
D0006767,O002674,P018,2,12000,0,24000
D0006768,O002674,P011,2,11500,0,23000
D0006769,O002675,P007,2,18000,0,36000
D0006770,O002676,P002,3,3500,10,9450
D0006771,O002676,P005,1,8500,10,7650
D0006772,O002677,P001,2,3500,5,6650
D0006773,O002677,P010,2,5500,0,11000
D0006774,O002677,P019,2,17000,0,34000
D0006775,O002677,P006,1,10500,10,9450
D0006776,O002678,P002,1,3500,5,3325
D0006777,O002678,P010,3,5500,10,14850
D0006778,O002678,P012,3,39500,10,106650
D0006779,O002679,P001,2,3500,5,6650
D0006780,O002680,P015,3,3000,0,9000
D0006781,O002680,P019,2,17000,10,30600
D0006782,O002680,P012,2,39500,5,75050
D0006783,O002680,P010,1,5500,10,4950
D0006784,O002681,P010,3,5500,0,16500
D0006785,O002682,P006,1,10500,10,9450
D0006786,O002682,P010,2,5500,0,11000
D0006787,O002682,P011,1,11500,5,10925
D0006788,O002682,P018,2,12000,10,21600
D0006789,O002683,P016,3,15500,5,44175
D0006790,O002683,P004,3,2500,5,7125
D0006791,O002683,P002,3,3500,5,9975
D0006792,O002684,P020,2,29500,0,59000
D0006793,O002684,P004,2,2500,0,5000
D0006794,O002685,P016,1,15500,10,13950
D0006795,O002685,P004,1,2500,0,2500
D0006796,O002685,P006,1,10500,5,9975
D0006797,O002685,P015,1,3000,5,2850
D0006798,O002686,P001,1,3500,10,3150
D0006799,O002686,P014,2,6500,10,11700
D0006800,O002686,P010,3,5500,0,16500
D0006801,O002686,P015,3,3000,0,9000
D0006802,O002687,P013,3,8500,10,22950
D0006803,O002687,P003,1,5500,5,5225
D0006804,O002688,P016,3,15500,0,46500
D0006805,O002688,P017,1,4500,0,4500
D0006806,O002688,P013,1,8500,5,8075
D0006807,O002689,P010,1,5500,10,4950
D0006808,O002689,P019,2,17000,5,32300
D0006809,O002689,P005,3,8500,5,24225
D0006810,O002689,P013,3,8500,0,25500
D0006811,O002690,P015,1,3000,0,3000
D0006812,O002690,P003,3,5500,10,14850
D0006813,O002690,P009,2,15000,0,30000
D0006814,O002691,P006,2,10500,5,19950
D0006815,O002691,P012,2,39500,5,75050
D0006816,O002692,P017,3,4500,5,12825
D0006817,O002693,P001,1,3500,5,3325
D0006818,O002693,P015,1,3000,5,2850
D0006819,O002693,P010,2,5500,0,11000
D0006820,O002694,P005,3,8500,10,22950
D0006821,O002695,P011,2,11500,0,23000
D0006822,O002695,P009,3,15000,5,42750
D0006823,O002696,P015,1,3000,10,2700
D0006824,O002696,P004,1,2500,5,2375
D0006825,O002696,P016,2,15500,10,27900
D0006826,O002697,P016,2,15500,0,31000
D0006827,O002697,P017,1,4500,10,4050
D0006828,O002697,P020,2,29500,5,56050
D0006829,O002698,P006,2,10500,0,21000
D0006830,O002698,P003,1,5500,5,5225
D0006831,O002699,P005,3,8500,10,22950
D0006832,O002699,P014,1,6500,0,6500
D0006833,O002699,P006,2,10500,0,21000
D0006834,O002700,P007,3,18000,0,54000
D0006835,O002700,P005,2,8500,5,16150
D0006836,O002701,P008,2,24500,5,46550
D0006837,O002702,P009,2,15000,5,28500
D0006838,O002702,P007,3,18000,0,54000
D0006839,O002702,P018,3,12000,10,32400
D0006840,O002702,P002,2,3500,0,7000
D0006841,O002703,P012,2,39500,0,79000
D0006842,O002703,P011,2,11500,10,20700
D0006843,O002704,P005,3,8500,0,25500
D0006844,O002704,P015,1,3000,0,3000
D0006845,O002704,P016,3,15500,0,46500
D0006846,O002704,P017,3,4500,10,12150
D0006847,O002705,P017,3,4500,10,12150
D0006848,O002705,P016,2,15500,5,29450
D0006849,O002706,P019,2,17000,10,30600
D0006850,O002707,P013,2,8500,0,17000
D0006851,O002707,P015,3,3000,5,8550
D0006852,O002708,P010,3,5500,0,16500
D0006853,O002708,P012,3,39500,0,118500
D0006854,O002708,P019,2,17000,10,30600
D0006855,O002708,P015,3,3000,0,9000
D0006856,O002709,P017,3,4500,0,13500
D0006857,O002709,P015,1,3000,10,2700
D0006858,O002709,P007,3,18000,5,51300
D0006859,O002709,P018,2,12000,0,24000
D0006860,O002710,P020,3,29500,5,84075
D0006861,O002711,P015,3,3000,5,8550
D0006862,O002711,P019,3,17000,0,51000
D0006863,O002711,P016,1,15500,10,13950
D0006864,O002711,P014,1,6500,0,6500
D0006865,O002712,P012,3,39500,10,106650
D0006866,O002712,P009,3,15000,0,45000
D0006867,O002713,P002,3,3500,5,9975
D0006868,O002713,P004,1,2500,5,2375
D0006869,O002714,P006,1,10500,10,9450
D0006870,O002714,P004,2,2500,0,5000
D0006871,O002715,P020,1,29500,5,28025
D0006872,O002715,P018,2,12000,5,22800
D0006873,O002715,P011,3,11500,5,32775
D0006874,O002716,P015,2,3000,5,5700
D0006875,O002716,P001,2,3500,5,6650
D0006876,O002716,P019,3,17000,10,45900
D0006877,O002716,P012,1,39500,0,39500
D0006878,O002717,P016,2,15500,0,31000
D0006879,O002718,P003,2,5500,5,10450
D0006880,O002718,P007,3,18000,0,54000
D0006881,O002719,P018,3,12000,5,34200
D0006882,O002719,P015,2,3000,5,5700
D0006883,O002719,P010,1,5500,0,5500
D0006884,O002719,P001,3,3500,10,9450
D0006885,O002720,P005,2,8500,5,16150
D0006886,O002721,P007,1,18000,0,18000
D0006887,O002721,P001,1,3500,10,3150
D0006888,O002721,P006,2,10500,10,18900
D0006889,O002721,P008,1,24500,5,23275
D0006890,O002722,P008,3,24500,0,73500
D0006891,O002722,P020,3,29500,0,88500
D0006892,O002723,P015,3,3000,10,8100
D0006893,O002724,P016,3,15500,0,46500
D0006894,O002724,P020,1,29500,10,26550
D0006895,O002725,P019,3,17000,10,45900
D0006896,O002726,P010,1,5500,0,5500
D0006897,O002726,P005,1,8500,10,7650
D0006898,O002726,P014,3,6500,5,18525
D0006899,O002726,P012,2,39500,0,79000
D0006900,O002727,P001,3,3500,0,10500
D0006901,O002728,P017,2,4500,5,8550
D0006902,O002729,P010,1,5500,5,5225
D0006903,O002729,P007,1,18000,10,16200
D0006904,O002729,P002,1,3500,10,3150
D0006905,O002730,P008,1,24500,5,23275
D0006906,O002730,P009,1,15000,0,15000
D0006907,O002730,P013,3,8500,5,24225
D0006908,O002731,P013,1,8500,0,8500
D0006909,O002731,P009,3,15000,10,40500
D0006910,O002732,P012,1,39500,5,37525
D0006911,O002732,P011,3,11500,0,34500
D0006912,O002733,P004,1,2500,0,2500
D0006913,O002733,P020,1,29500,0,29500
D0006914,O002733,P001,1,3500,0,3500
D0006915,O002734,P011,1,11500,10,10350
D0006916,O002734,P017,1,4500,0,4500
D0006917,O002734,P007,2,18000,0,36000
D0006918,O002734,P006,1,10500,5,9975
D0006919,O002735,P012,2,39500,10,71100
D0006920,O002735,P009,1,15000,0,15000
D0006921,O002736,P014,3,6500,10,17550
D0006922,O002736,P016,1,15500,5,14725
D0006923,O002736,P020,3,29500,5,84075
D0006924,O002737,P018,1,12000,10,10800
D0006925,O002738,P007,1,18000,0,18000
D0006926,O002738,P010,2,5500,0,11000
D0006927,O002738,P018,2,12000,10,21600
D0006928,O002738,P017,1,4500,0,4500
D0006929,O002739,P017,2,4500,10,8100
D0006930,O002739,P001,1,3500,5,3325
D0006931,O002740,P013,3,8500,0,25500
D0006932,O002740,P012,3,39500,5,112575
D0006933,O002741,P011,3,11500,0,34500
D0006934,O002741,P019,3,17000,5,48450
D0006935,O002741,P008,1,24500,10,22050
D0006936,O002741,P018,1,12000,10,10800
D0006937,O002742,P011,2,11500,0,23000
D0006938,O002743,P011,2,11500,0,23000
D0006939,O002744,P018,1,12000,0,12000
D0006940,O002744,P013,2,8500,5,16150
D0006941,O002744,P009,2,15000,5,28500
D0006942,O002744,P014,1,6500,0,6500
D0006943,O002745,P006,1,10500,10,9450
D0006944,O002745,P016,2,15500,10,27900
D0006945,O002745,P009,1,15000,10,13500
D0006946,O002745,P013,2,8500,5,16150
D0006947,O002746,P010,3,5500,0,16500
D0006948,O002746,P005,2,8500,10,15300
D0006949,O002746,P017,1,4500,10,4050
D0006950,O002746,P004,1,2500,5,2375
D0006951,O002747,P014,3,6500,10,17550
D0006952,O002747,P018,3,12000,0,36000
D0006953,O002747,P012,2,39500,0,79000
D0006954,O002747,P008,3,24500,0,73500
D0006955,O002748,P001,2,3500,10,6300
D0006956,O002748,P008,3,24500,0,73500
D0006957,O002749,P019,3,17000,0,51000
D0006958,O002749,P016,1,15500,5,14725
D0006959,O002749,P004,2,2500,0,5000
D0006960,O002750,P003,3,5500,5,15675
D0006961,O002750,P002,3,3500,0,10500
D0006962,O002750,P017,1,4500,10,4050
D0006963,O002751,P020,2,29500,0,59000
D0006964,O002751,P019,1,17000,0,17000
D0006965,O002751,P016,2,15500,5,29450
D0006966,O002752,P005,1,8500,10,7650
D0006967,O002753,P003,1,5500,0,5500
D0006968,O002753,P001,2,3500,10,6300
D0006969,O002753,P014,3,6500,10,17550
D0006970,O002754,P006,2,10500,0,21000
D0006971,O002754,P014,3,6500,0,19500
D0006972,O002754,P019,2,17000,0,34000
D0006973,O002755,P017,2,4500,0,9000
D0006974,O002755,P020,1,29500,5,28025
D0006975,O002755,P001,1,3500,0,3500
D0006976,O002755,P016,1,15500,10,13950
D0006977,O002756,P009,1,15000,10,13500
D0006978,O002756,P018,1,12000,0,12000
D0006979,O002756,P015,3,3000,10,8100
D0006980,O002756,P017,3,4500,10,12150
D0006981,O002757,P008,1,24500,0,24500
D0006982,O002757,P017,1,4500,5,4275
D0006983,O002757,P012,1,39500,10,35550
D0006984,O002757,P015,2,3000,5,5700
D0006985,O002758,P006,1,10500,5,9975
D0006986,O002758,P019,2,17000,0,34000
D0006987,O002758,P004,1,2500,5,2375
D0006988,O002758,P009,2,15000,5,28500
D0006989,O002759,P004,3,2500,0,7500
D0006990,O002760,P012,1,39500,5,37525
D0006991,O002761,P011,1,11500,5,10925
D0006992,O002761,P016,1,15500,0,15500
D0006993,O002762,P016,1,15500,5,14725
D0006994,O002763,P008,3,24500,0,73500
D0006995,O002763,P006,1,10500,5,9975
D0006996,O002763,P020,2,29500,0,59000
D0006997,O002763,P001,2,3500,10,6300
D0006998,O002764,P002,2,3500,10,6300
D0006999,O002764,P012,1,39500,0,39500
D0007000,O002764,P007,3,18000,0,54000
D0007001,O002765,P014,2,6500,5,12350
D0007002,O002765,P019,3,17000,10,45900
D0007003,O002765,P003,3,5500,5,15675
D0007004,O002766,P012,3,39500,5,112575
D0007005,O002766,P006,3,10500,5,29925
D0007006,O002766,P001,1,3500,5,3325
D0007007,O002766,P011,1,11500,5,10925
D0007008,O002767,P018,2,12000,0,24000
D0007009,O002767,P011,2,11500,10,20700
D0007010,O002767,P017,1,4500,10,4050
D0007011,O002767,P015,2,3000,0,6000
D0007012,O002768,P006,2,10500,10,18900
D0007013,O002768,P009,1,15000,10,13500
D0007014,O002769,P001,3,3500,0,10500
D0007015,O002769,P004,2,2500,0,5000
D0007016,O002769,P005,3,8500,5,24225
D0007017,O002770,P012,1,39500,5,37525
D0007018,O002770,P008,1,24500,10,22050
D0007019,O002770,P015,1,3000,5,2850
D0007020,O002770,P010,1,5500,10,4950
D0007021,O002771,P016,1,15500,10,13950
D0007022,O002772,P008,1,24500,0,24500
D0007023,O002773,P004,3,2500,0,7500
D0007024,O002773,P008,1,24500,0,24500
D0007025,O002774,P001,1,3500,10,3150
D0007026,O002774,P016,1,15500,0,15500
D0007027,O002774,P010,3,5500,5,15675
D0007028,O002775,P006,1,10500,10,9450
D0007029,O002775,P018,1,12000,5,11400
D0007030,O002775,P019,3,17000,0,51000
D0007031,O002776,P016,1,15500,5,14725
D0007032,O002776,P002,3,3500,0,10500
D0007033,O002776,P017,1,4500,0,4500
D0007034,O002776,P018,2,12000,0,24000
D0007035,O002777,P019,1,17000,0,17000
D0007036,O002777,P003,1,5500,0,5500
D0007037,O002777,P014,1,6500,5,6175
D0007038,O002777,P013,2,8500,0,17000
D0007039,O002778,P014,3,6500,0,19500
D0007040,O002778,P015,1,3000,5,2850
D0007041,O002778,P017,2,4500,10,8100
D0007042,O002779,P012,3,39500,0,118500
D0007043,O002779,P019,1,17000,10,15300
D0007044,O002779,P008,3,24500,10,66150
D0007045,O002780,P009,2,15000,0,30000
D0007046,O002780,P004,1,2500,0,2500
D0007047,O002780,P015,3,3000,10,8100
D0007048,O002780,P003,3,5500,0,16500
D0007049,O002781,P010,2,5500,10,9900
D0007050,O002781,P013,1,8500,0,8500
D0007051,O002781,P018,2,12000,0,24000
D0007052,O002781,P009,3,15000,0,45000
D0007053,O002782,P007,2,18000,0,36000
D0007054,O002783,P007,3,18000,10,48600
D0007055,O002784,P002,3,3500,10,9450
D0007056,O002785,P010,1,5500,0,5500
D0007057,O002785,P012,3,39500,0,118500
D0007058,O002785,P015,1,3000,10,2700
D0007059,O002785,P017,1,4500,5,4275
D0007060,O002786,P008,2,24500,0,49000
D0007061,O002787,P009,3,15000,0,45000
D0007062,O002787,P001,2,3500,10,6300
D0007063,O002787,P019,2,17000,10,30600
D0007064,O002788,P008,3,24500,0,73500
D0007065,O002788,P004,3,2500,0,7500
D0007066,O002788,P011,1,11500,0,11500
D0007067,O002788,P007,1,18000,0,18000
D0007068,O002789,P015,2,3000,10,5400
D0007069,O002789,P001,3,3500,0,10500
D0007070,O002789,P014,2,6500,5,12350
D0007071,O002789,P002,3,3500,5,9975
D0007072,O002790,P016,2,15500,5,29450
D0007073,O002791,P003,1,5500,5,5225
D0007074,O002792,P002,1,3500,10,3150
D0007075,O002793,P011,1,11500,10,10350
D0007076,O002794,P001,1,3500,5,3325
D0007077,O002795,P010,1,5500,0,5500
D0007078,O002795,P011,3,11500,10,31050
D0007079,O002796,P016,2,15500,0,31000
D0007080,O002796,P005,1,8500,10,7650
D0007081,O002796,P018,1,12000,5,11400
D0007082,O002796,P006,1,10500,5,9975
D0007083,O002797,P019,1,17000,10,15300
D0007084,O002797,P013,3,8500,5,24225
D0007085,O002797,P015,3,3000,5,8550
D0007086,O002798,P020,1,29500,10,26550
D0007087,O002798,P010,2,5500,0,11000
D0007088,O002798,P015,2,3000,5,5700
D0007089,O002799,P018,2,12000,5,22800
D0007090,O002799,P003,3,5500,0,16500
D0007091,O002799,P010,2,5500,5,10450
D0007092,O002800,P016,1,15500,0,15500
D0007093,O002800,P005,3,8500,10,22950
D0007094,O002801,P011,1,11500,0,11500
D0007095,O002801,P002,3,3500,0,10500
D0007096,O002802,P014,3,6500,0,19500
D0007097,O002802,P015,3,3000,0,9000
D0007098,O002802,P004,3,2500,0,7500
D0007099,O002803,P003,2,5500,10,9900
D0007100,O002803,P007,1,18000,0,18000
D0007101,O002803,P006,3,10500,0,31500
D0007102,O002804,P011,2,11500,0,23000
D0007103,O002804,P018,3,12000,0,36000
D0007104,O002805,P009,3,15000,10,40500
D0007105,O002805,P003,1,5500,0,5500
D0007106,O002805,P002,2,3500,5,6650
D0007107,O002806,P018,1,12000,5,11400
D0007108,O002806,P006,1,10500,5,9975
D0007109,O002806,P015,2,3000,5,5700
D0007110,O002806,P001,1,3500,0,3500
D0007111,O002807,P014,2,6500,5,12350
D0007112,O002807,P011,3,11500,10,31050
D0007113,O002807,P009,3,15000,10,40500
D0007114,O002808,P002,2,3500,0,7000
D0007115,O002808,P014,2,6500,0,13000
D0007116,O002808,P018,2,12000,5,22800
D0007117,O002809,P001,2,3500,0,7000
D0007118,O002810,P019,3,17000,0,51000
D0007119,O002810,P011,2,11500,0,23000
D0007120,O002810,P015,1,3000,5,2850
D0007121,O002810,P009,2,15000,0,30000
D0007122,O002811,P017,3,4500,10,12150
D0007123,O002811,P002,1,3500,0,3500
D0007124,O002812,P015,2,3000,10,5400
D0007125,O002813,P001,1,3500,10,3150
D0007126,O002813,P013,3,8500,5,24225
D0007127,O002814,P002,2,3500,10,6300
D0007128,O002814,P018,3,12000,5,34200
D0007129,O002814,P001,3,3500,5,9975
D0007130,O002814,P015,1,3000,5,2850
D0007131,O002815,P015,2,3000,0,6000
D0007132,O002816,P019,1,17000,5,16150
D0007133,O002816,P013,2,8500,0,17000
D0007134,O002816,P008,3,24500,10,66150
D0007135,O002816,P015,3,3000,5,8550
D0007136,O002817,P019,1,17000,10,15300
D0007137,O002818,P009,1,15000,10,13500
D0007138,O002819,P011,2,11500,0,23000
D0007139,O002820,P005,1,8500,0,8500
D0007140,O002820,P004,2,2500,10,4500
D0007141,O002821,P018,1,12000,5,11400
D0007142,O002821,P007,3,18000,0,54000
D0007143,O002821,P017,3,4500,0,13500
D0007144,O002821,P019,3,17000,0,51000
D0007145,O002822,P011,3,11500,0,34500
D0007146,O002823,P003,1,5500,5,5225
D0007147,O002823,P016,3,15500,5,44175
D0007148,O002823,P019,2,17000,10,30600
D0007149,O002824,P011,2,11500,10,20700
D0007150,O002824,P001,1,3500,0,3500
D0007151,O002825,P017,2,4500,5,8550
D0007152,O002825,P003,1,5500,0,5500
D0007153,O002825,P006,3,10500,5,29925
D0007154,O002825,P002,3,3500,5,9975
D0007155,O002826,P017,2,4500,0,9000
D0007156,O002826,P005,2,8500,0,17000
D0007157,O002826,P004,1,2500,10,2250
D0007158,O002826,P010,1,5500,0,5500
D0007159,O002827,P016,3,15500,0,46500
D0007160,O002827,P018,3,12000,5,34200
D0007161,O002827,P009,2,15000,0,30000
D0007162,O002827,P003,2,5500,0,11000
D0007163,O002828,P005,2,8500,10,15300
D0007164,O002829,P003,1,5500,0,5500
D0007165,O002829,P001,1,3500,10,3150
D0007166,O002829,P002,2,3500,0,7000
D0007167,O002830,P004,1,2500,10,2250
D0007168,O002830,P005,1,8500,0,8500
D0007169,O002830,P011,1,11500,5,10925
D0007170,O002831,P018,3,12000,0,36000
D0007171,O002831,P011,1,11500,0,11500
D0007172,O002831,P016,3,15500,5,44175
D0007173,O002831,P012,1,39500,0,39500
D0007174,O002832,P013,3,8500,0,25500
D0007175,O002832,P003,2,5500,5,10450
D0007176,O002833,P015,3,3000,0,9000
D0007177,O002833,P020,2,29500,0,59000
D0007178,O002833,P005,3,8500,5,24225
D0007179,O002833,P010,1,5500,5,5225
D0007180,O002834,P015,2,3000,10,5400
D0007181,O002834,P005,1,8500,5,8075
D0007182,O002834,P019,3,17000,5,48450
D0007183,O002835,P011,1,11500,10,10350
D0007184,O002835,P007,2,18000,5,34200
D0007185,O002836,P006,1,10500,5,9975
D0007186,O002836,P019,1,17000,0,17000
D0007187,O002836,P020,3,29500,0,88500
D0007188,O002837,P006,1,10500,5,9975
D0007189,O002838,P013,1,8500,5,8075
D0007190,O002838,P005,3,8500,0,25500
D0007191,O002838,P007,3,18000,0,54000
D0007192,O002838,P003,2,5500,10,9900
D0007193,O002839,P013,3,8500,0,25500
D0007194,O002839,P008,3,24500,5,69825
D0007195,O002840,P004,3,2500,0,7500
D0007196,O002840,P008,3,24500,0,73500
D0007197,O002841,P012,2,39500,0,79000
D0007198,O002841,P008,3,24500,0,73500
D0007199,O002841,P017,3,4500,10,12150
D0007200,O002841,P014,1,6500,5,6175
D0007201,O002842,P004,3,2500,5,7125
D0007202,O002843,P004,1,2500,0,2500
D0007203,O002843,P015,3,3000,5,8550
D0007204,O002844,P001,1,3500,5,3325
D0007205,O002845,P009,2,15000,5,28500
D0007206,O002846,P020,2,29500,0,59000
D0007207,O002846,P005,3,8500,5,24225
D0007208,O002847,P016,1,15500,0,15500
D0007209,O002847,P019,2,17000,0,34000
D0007210,O002847,P012,3,39500,5,112575
D0007211,O002847,P009,3,15000,10,40500
D0007212,O002848,P002,1,3500,5,3325
D0007213,O002848,P020,1,29500,0,29500
D0007214,O002848,P005,1,8500,0,8500
D0007215,O002849,P009,2,15000,10,27000
D0007216,O002849,P004,1,2500,0,2500
D0007217,O002849,P011,3,11500,0,34500
D0007218,O002850,P015,1,3000,10,2700
D0007219,O002850,P003,2,5500,5,10450
D0007220,O002850,P014,1,6500,0,6500
D0007221,O002851,P018,2,12000,0,24000
D0007222,O002851,P017,3,4500,0,13500
D0007223,O002851,P011,2,11500,5,21850
D0007224,O002852,P019,1,17000,5,16150
D0007225,O002852,P004,1,2500,10,2250
D0007226,O002852,P011,1,11500,10,10350
D0007227,O002852,P018,3,12000,0,36000
D0007228,O002853,P001,1,3500,0,3500
D0007229,O002853,P007,2,18000,10,32400
D0007230,O002853,P003,1,5500,5,5225
D0007231,O002854,P012,1,39500,0,39500
D0007232,O002854,P020,3,29500,5,84075
D0007233,O002854,P002,1,3500,5,3325
D0007234,O002855,P020,3,29500,0,88500
D0007235,O002856,P004,3,2500,0,7500
D0007236,O002856,P012,3,39500,0,118500
D0007237,O002856,P013,2,8500,10,15300
D0007238,O002857,P007,2,18000,0,36000
D0007239,O002858,P019,3,17000,5,48450
D0007240,O002858,P018,2,12000,0,24000
D0007241,O002858,P004,1,2500,0,2500
D0007242,O002858,P003,2,5500,0,11000
D0007243,O002859,P018,1,12000,0,12000
D0007244,O002859,P013,1,8500,0,8500
D0007245,O002859,P015,1,3000,5,2850
D0007246,O002860,P007,1,18000,0,18000
D0007247,O002860,P013,3,8500,0,25500
D0007248,O002860,P018,3,12000,5,34200
D0007249,O002860,P016,3,15500,0,46500
D0007250,O002861,P020,3,29500,5,84075
D0007251,O002862,P008,1,24500,0,24500
D0007252,O002862,P002,2,3500,5,6650
D0007253,O002862,P020,1,29500,0,29500
D0007254,O002862,P018,2,12000,0,24000
D0007255,O002863,P015,2,3000,5,5700
D0007256,O002863,P002,2,3500,10,6300
D0007257,O002864,P001,1,3500,0,3500
D0007258,O002864,P007,1,18000,0,18000
D0007259,O002864,P020,3,29500,0,88500
D0007260,O002864,P014,1,6500,10,5850
D0007261,O002865,P001,3,3500,0,10500
D0007262,O002865,P004,2,2500,5,4750
D0007263,O002866,P016,2,15500,0,31000
D0007264,O002867,P019,1,17000,5,16150
D0007265,O002867,P018,1,12000,10,10800
D0007266,O002867,P006,3,10500,0,31500
D0007267,O002868,P006,3,10500,0,31500
D0007268,O002868,P019,2,17000,10,30600
D0007269,O002868,P001,3,3500,10,9450
D0007270,O002868,P012,2,39500,10,71100
D0007271,O002869,P012,2,39500,5,75050
D0007272,O002869,P018,3,12000,5,34200
D0007273,O002870,P009,3,15000,0,45000
D0007274,O002871,P007,1,18000,0,18000
D0007275,O002871,P020,3,29500,5,84075
D0007276,O002871,P009,1,15000,0,15000
D0007277,O002872,P018,2,12000,0,24000
D0007278,O002872,P015,1,3000,10,2700
D0007279,O002872,P008,1,24500,10,22050
D0007280,O002872,P020,2,29500,0,59000
D0007281,O002873,P012,1,39500,10,35550
D0007282,O002873,P016,3,15500,10,41850
D0007283,O002873,P010,1,5500,5,5225
D0007284,O002874,P009,1,15000,0,15000
D0007285,O002874,P014,3,6500,5,18525
D0007286,O002874,P013,1,8500,10,7650
D0007287,O002874,P002,3,3500,5,9975
D0007288,O002875,P009,2,15000,0,30000
D0007289,O002876,P018,1,12000,0,12000
D0007290,O002876,P002,3,3500,5,9975
D0007291,O002876,P020,1,29500,0,29500
D0007292,O002877,P001,3,3500,0,10500
D0007293,O002877,P013,3,8500,0,25500
D0007294,O002878,P015,3,3000,0,9000
D0007295,O002878,P002,1,3500,5,3325
D0007296,O002878,P011,3,11500,5,32775
D0007297,O002878,P001,1,3500,5,3325
D0007298,O002879,P017,3,4500,5,12825
D0007299,O002879,P016,3,15500,0,46500
D0007300,O002879,P007,1,18000,0,18000
D0007301,O002879,P015,1,3000,0,3000
D0007302,O002880,P003,3,5500,0,16500
D0007303,O002880,P009,2,15000,0,30000
D0007304,O002880,P020,1,29500,0,29500
D0007305,O002880,P013,2,8500,5,16150
D0007306,O002881,P006,2,10500,0,21000
D0007307,O002882,P010,2,5500,0,11000
D0007308,O002883,P016,1,15500,10,13950
D0007309,O002883,P012,3,39500,0,118500
D0007310,O002884,P016,3,15500,0,46500
D0007311,O002885,P004,2,2500,0,5000
D0007312,O002885,P009,2,15000,0,30000
D0007313,O002885,P014,3,6500,10,17550
D0007314,O002885,P018,2,12000,10,21600
D0007315,O002886,P016,3,15500,0,46500
D0007316,O002886,P004,2,2500,0,5000
D0007317,O002886,P011,3,11500,5,32775
D0007318,O002886,P017,3,4500,0,13500
D0007319,O002887,P001,1,3500,0,3500
D0007320,O002887,P015,2,3000,0,6000
D0007321,O002887,P012,1,39500,10,35550
D0007322,O002888,P020,3,29500,0,88500
D0007323,O002889,P011,2,11500,0,23000
D0007324,O002890,P018,2,12000,0,24000
D0007325,O002890,P011,3,11500,0,34500
D0007326,O002890,P020,2,29500,0,59000
D0007327,O002890,P008,3,24500,5,69825
D0007328,O002891,P017,1,4500,0,4500
D0007329,O002892,P003,2,5500,0,11000
D0007330,O002892,P013,3,8500,0,25500
D0007331,O002892,P010,2,5500,0,11000
D0007332,O002893,P007,1,18000,0,18000
D0007333,O002894,P001,1,3500,0,3500
D0007334,O002894,P006,3,10500,5,29925
D0007335,O002895,P015,3,3000,10,8100
D0007336,O002895,P013,1,8500,0,8500
D0007337,O002895,P001,2,3500,0,7000
D0007338,O002895,P019,3,17000,0,51000
D0007339,O002896,P003,3,5500,10,14850
D0007340,O002896,P006,1,10500,10,9450
D0007341,O002896,P007,1,18000,0,18000
D0007342,O002897,P010,1,5500,0,5500
D0007343,O002897,P008,2,24500,10,44100
D0007344,O002897,P020,2,29500,5,56050
D0007345,O002897,P009,1,15000,10,13500
D0007346,O002898,P004,1,2500,0,2500
D0007347,O002898,P006,1,10500,10,9450
D0007348,O002898,P019,1,17000,5,16150
D0007349,O002899,P010,2,5500,0,11000
D0007350,O002899,P013,2,8500,5,16150
D0007351,O002899,P008,2,24500,10,44100
D0007352,O002900,P019,3,17000,5,48450
D0007353,O002900,P004,2,2500,10,4500
D0007354,O002900,P009,3,15000,0,45000
D0007355,O002900,P002,1,3500,10,3150
D0007356,O002901,P013,3,8500,5,24225
D0007357,O002901,P018,1,12000,0,12000
D0007358,O002901,P015,2,3000,10,5400
D0007359,O002902,P017,1,4500,10,4050
D0007360,O002902,P003,3,5500,0,16500
D0007361,O002903,P008,2,24500,5,46550
D0007362,O002904,P001,2,3500,0,7000
D0007363,O002904,P002,1,3500,0,3500
D0007364,O002905,P013,1,8500,5,8075
D0007365,O002905,P003,3,5500,0,16500
D0007366,O002905,P004,1,2500,10,2250
D0007367,O002905,P018,1,12000,10,10800
D0007368,O002906,P008,2,24500,5,46550
D0007369,O002906,P016,3,15500,0,46500
D0007370,O002907,P015,3,3000,5,8550
D0007371,O002907,P019,1,17000,0,17000
D0007372,O002907,P016,3,15500,5,44175
D0007373,O002907,P018,1,12000,0,12000
D0007374,O002908,P020,3,29500,5,84075
D0007375,O002908,P005,3,8500,0,25500
D0007376,O002908,P003,2,5500,10,9900
D0007377,O002909,P016,3,15500,0,46500
D0007378,O002909,P004,1,2500,0,2500
D0007379,O002909,P019,3,17000,0,51000
D0007380,O002910,P011,3,11500,5,32775
D0007381,O002910,P002,3,3500,0,10500
D0007382,O002910,P001,3,3500,0,10500
D0007383,O002911,P010,2,5500,10,9900
D0007384,O002911,P003,2,5500,10,9900
D0007385,O002911,P011,2,11500,10,20700
D0007386,O002912,P009,2,15000,0,30000
D0007387,O002912,P002,1,3500,0,3500
D0007388,O002912,P017,2,4500,10,8100
D0007389,O002913,P005,2,8500,0,17000
D0007390,O002914,P012,2,39500,5,75050
D0007391,O002914,P019,3,17000,0,51000
D0007392,O002914,P009,2,15000,0,30000
D0007393,O002915,P003,3,5500,5,15675
D0007394,O002915,P020,1,29500,5,28025
D0007395,O002915,P006,1,10500,0,10500
D0007396,O002916,P003,2,5500,5,10450
D0007397,O002917,P008,3,24500,0,73500
D0007398,O002917,P020,3,29500,5,84075
D0007399,O002917,P019,3,17000,0,51000
D0007400,O002917,P013,2,8500,5,16150
D0007401,O002918,P019,3,17000,5,48450
D0007402,O002918,P008,3,24500,0,73500
D0007403,O002919,P001,2,3500,10,6300
D0007404,O002920,P012,2,39500,5,75050
D0007405,O002921,P002,3,3500,0,10500
D0007406,O002921,P011,2,11500,10,20700
D0007407,O002921,P004,1,2500,10,2250
D0007408,O002921,P015,2,3000,10,5400
D0007409,O002922,P020,3,29500,0,88500
D0007410,O002923,P008,2,24500,5,46550
D0007411,O002923,P010,2,5500,0,11000
D0007412,O002924,P008,3,24500,0,73500
D0007413,O002925,P019,1,17000,0,17000
D0007414,O002926,P018,1,12000,5,11400
D0007415,O002926,P014,3,6500,0,19500
D0007416,O002927,P009,2,15000,10,27000
D0007417,O002927,P003,1,5500,0,5500
D0007418,O002927,P005,3,8500,5,24225
D0007419,O002928,P012,2,39500,10,71100
D0007420,O002928,P003,1,5500,5,5225
D0007421,O002928,P001,3,3500,0,10500
D0007422,O002928,P009,1,15000,5,14250
D0007423,O002929,P006,1,10500,5,9975
D0007424,O002929,P002,3,3500,10,9450
D0007425,O002929,P009,2,15000,10,27000
D0007426,O002929,P004,1,2500,10,2250
D0007427,O002930,P006,2,10500,0,21000
D0007428,O002931,P013,2,8500,10,15300
D0007429,O002931,P011,3,11500,0,34500
D0007430,O002932,P004,3,2500,0,7500
D0007431,O002932,P013,3,8500,0,25500
D0007432,O002932,P002,2,3500,5,6650
D0007433,O002932,P011,3,11500,5,32775
D0007434,O002933,P015,2,3000,5,5700
D0007435,O002933,P002,3,3500,0,10500
D0007436,O002933,P011,3,11500,0,34500
D0007437,O002933,P001,2,3500,5,6650
D0007438,O002934,P005,3,8500,10,22950
D0007439,O002934,P009,1,15000,5,14250
D0007440,O002934,P013,1,8500,5,8075
D0007441,O002935,P012,3,39500,10,106650
D0007442,O002935,P009,3,15000,5,42750
D0007443,O002935,P020,3,29500,10,79650
D0007444,O002935,P014,1,6500,0,6500
D0007445,O002936,P005,3,8500,10,22950
D0007446,O002936,P010,3,5500,5,15675
D0007447,O002936,P009,3,15000,5,42750
D0007448,O002937,P017,2,4500,10,8100
D0007449,O002938,P007,2,18000,0,36000
D0007450,O002938,P014,2,6500,10,11700
D0007451,O002938,P010,3,5500,0,16500
D0007452,O002939,P020,1,29500,0,29500
D0007453,O002939,P013,1,8500,10,7650
D0007454,O002939,P002,1,3500,0,3500
D0007455,O002940,P017,3,4500,10,12150
D0007456,O002940,P010,3,5500,5,15675
D0007457,O002940,P008,2,24500,0,49000
D0007458,O002941,P005,2,8500,0,17000
D0007459,O002941,P014,1,6500,0,6500
D0007460,O002941,P019,3,17000,5,48450
D0007461,O002942,P002,1,3500,0,3500
D0007462,O002943,P010,2,5500,0,11000
D0007463,O002944,P010,3,5500,0,16500
D0007464,O002944,P001,1,3500,10,3150
D0007465,O002944,P015,3,3000,10,8100
D0007466,O002945,P002,3,3500,10,9450
D0007467,O002945,P012,1,39500,5,37525
D0007468,O002945,P006,2,10500,0,21000
D0007469,O002946,P016,1,15500,0,15500
D0007470,O002946,P003,1,5500,10,4950
D0007471,O002946,P007,1,18000,10,16200
D0007472,O002947,P010,2,5500,5,10450
D0007473,O002947,P016,2,15500,0,31000
D0007474,O002947,P013,2,8500,0,17000
D0007475,O002948,P017,3,4500,10,12150
D0007476,O002949,P010,1,5500,10,4950
D0007477,O002949,P002,2,3500,5,6650
D0007478,O002949,P012,2,39500,5,75050
D0007479,O002949,P016,3,15500,10,41850
D0007480,O002950,P018,3,12000,10,32400
D0007481,O002950,P015,2,3000,5,5700
D0007482,O002951,P015,2,3000,5,5700
D0007483,O002952,P002,3,3500,5,9975
D0007484,O002952,P011,3,11500,0,34500
D0007485,O002953,P005,3,8500,10,22950
D0007486,O002953,P019,3,17000,5,48450
D0007487,O002953,P015,1,3000,10,2700
D0007488,O002953,P013,1,8500,0,8500
D0007489,O002954,P014,3,6500,0,19500
D0007490,O002954,P018,2,12000,0,24000
D0007491,O002954,P012,3,39500,10,106650
D0007492,O002954,P019,1,17000,0,17000
D0007493,O002955,P010,2,5500,0,11000
D0007494,O002955,P007,1,18000,0,18000
D0007495,O002955,P017,1,4500,0,4500
D0007496,O002956,P007,1,18000,5,17100
D0007497,O002956,P019,3,17000,5,48450
D0007498,O002957,P002,3,3500,0,10500
D0007499,O002957,P009,3,15000,10,40500
D0007500,O002958,P020,3,29500,5,84075
D0007501,O002958,P006,3,10500,0,31500
D0007502,O002959,P017,2,4500,10,8100
D0007503,O002959,P011,3,11500,5,32775
D0007504,O002959,P004,1,2500,5,2375
D0007505,O002959,P007,3,18000,5,51300
D0007506,O002960,P010,2,5500,0,11000
D0007507,O002960,P017,2,4500,0,9000
D0007508,O002960,P015,1,3000,0,3000
D0007509,O002961,P007,3,18000,0,54000
D0007510,O002961,P006,2,10500,0,21000
D0007511,O002962,P013,1,8500,0,8500
D0007512,O002963,P018,3,12000,0,36000
D0007513,O002963,P005,3,8500,10,22950
D0007514,O002963,P019,1,17000,0,17000
D0007515,O002963,P001,2,3500,10,6300
D0007516,O002964,P018,1,12000,10,10800
D0007517,O002964,P011,2,11500,5,21850
D0007518,O002964,P012,1,39500,0,39500
D0007519,O002965,P009,1,15000,10,13500
D0007520,O002965,P016,2,15500,10,27900
D0007521,O002965,P002,3,3500,10,9450
D0007522,O002966,P007,2,18000,10,32400
D0007523,O002967,P010,3,5500,5,15675
D0007524,O002967,P005,3,8500,10,22950
D0007525,O002968,P019,2,17000,0,34000
D0007526,O002968,P016,3,15500,0,46500
D0007527,O002968,P015,2,3000,10,5400
D0007528,O002969,P005,2,8500,0,17000
D0007529,O002970,P012,2,39500,5,75050
D0007530,O002970,P004,3,2500,0,7500
D0007531,O002971,P012,1,39500,5,37525
D0007532,O002971,P004,2,2500,10,4500
D0007533,O002971,P019,3,17000,5,48450
D0007534,O002971,P013,3,8500,10,22950
D0007535,O002972,P012,3,39500,5,112575
D0007536,O002973,P003,1,5500,10,4950
D0007537,O002974,P019,1,17000,5,16150
D0007538,O002975,P010,1,5500,10,4950
D0007539,O002975,P012,3,39500,10,106650
D0007540,O002975,P016,2,15500,5,29450
D0007541,O002976,P004,1,2500,10,2250
D0007542,O002976,P001,2,3500,5,6650
D0007543,O002977,P004,2,2500,10,4500
D0007544,O002977,P020,3,29500,0,88500
D0007545,O002977,P014,3,6500,0,19500
D0007546,O002978,P020,1,29500,5,28025
D0007547,O002978,P010,2,5500,10,9900
D0007548,O002978,P008,3,24500,0,73500
D0007549,O002978,P018,2,12000,0,24000
D0007550,O002979,P010,1,5500,5,5225
D0007551,O002980,P016,1,15500,0,15500
D0007552,O002980,P012,2,39500,0,79000
D0007553,O002981,P016,3,15500,0,46500
D0007554,O002982,P002,1,3500,0,3500
D0007555,O002982,P014,1,6500,5,6175
D0007556,O002983,P002,3,3500,5,9975
D0007557,O002983,P007,2,18000,5,34200
D0007558,O002983,P015,1,3000,0,3000
D0007559,O002984,P019,3,17000,0,51000
D0007560,O002984,P008,3,24500,0,73500
D0007561,O002985,P018,2,12000,0,24000
D0007562,O002985,P017,1,4500,5,4275
D0007563,O002985,P011,1,11500,0,11500
D0007564,O002985,P016,3,15500,10,41850
D0007565,O002986,P020,1,29500,0,29500
D0007566,O002986,P012,3,39500,0,118500
D0007567,O002986,P018,1,12000,0,12000
D0007568,O002987,P001,3,3500,10,9450
D0007569,O002987,P018,2,12000,10,21600
D0007570,O002987,P005,1,8500,0,8500
D0007571,O002988,P020,3,29500,0,88500
D0007572,O002988,P002,1,3500,0,3500
D0007573,O002988,P007,3,18000,5,51300
D0007574,O002989,P010,3,5500,10,14850
D0007575,O002989,P014,2,6500,10,11700
D0007576,O002989,P009,3,15000,0,45000
D0007577,O002990,P017,2,4500,0,9000
D0007578,O002990,P008,1,24500,5,23275
D0007579,O002990,P004,1,2500,0,2500
D0007580,O002991,P009,2,15000,0,30000
D0007581,O002991,P004,1,2500,0,2500
D0007582,O002991,P001,3,3500,0,10500
D0007583,O002991,P008,1,24500,10,22050
D0007584,O002992,P004,3,2500,0,7500
D0007585,O002992,P016,2,15500,5,29450
D0007586,O002993,P002,1,3500,10,3150
D0007587,O002993,P014,1,6500,10,5850
D0007588,O002993,P004,2,2500,5,4750
D0007589,O002994,P017,3,4500,10,12150
D0007590,O002994,P002,3,3500,5,9975
D0007591,O002995,P004,1,2500,0,2500
D0007592,O002995,P019,1,17000,0,17000
D0007593,O002996,P009,1,15000,5,14250
D0007594,O002997,P010,1,5500,0,5500
D0007595,O002997,P004,3,2500,0,7500
D0007596,O002998,P018,3,12000,0,36000
D0007597,O002998,P010,2,5500,5,10450
D0007598,O002998,P006,2,10500,0,21000
D0007599,O002998,P003,1,5500,0,5500
D0007600,O002999,P018,3,12000,0,36000
D0007601,O003000,P002,3,3500,0,10500
