order_id,order_date,customer_id,geography_id,payment_method,total_amount
O000001,2025-10-25,C0045,G004,QRIS,34350
O000002,2025-04-03,C0002,G008,Transfer,66850
O000003,2025-07-24,C0042,G005,QRIS,7650
O000004,2025-03-14,C0076,G007,Cash,156450
O000005,2025-07-19,C0002,G009,Transfer,85500
O000006,2025-06-25,C0087,G002,QRIS,29950
O000007,2025-05-12,C0058,G006,QRIS,123175
O000008,2025-05-01,C0098,G010,Transfer,66325
O000009,2025-09-19,C0030,G004,E-Wallet,55300
O000010,2025-08-31,C0008,G010,QRIS,109500
O000011,2025-10-24,C0028,G004,E-Wallet,60725
O000012,2025-05-06,C0087,G005,E-Wallet,30000
O000013,2025-02-04,C0023,G002,E-Wallet,18725
O000014,2025-02-26,C0021,G008,Transfer,8075
O000015,2025-04-04,C0006,G005,Cash,48150
O000016,2025-01-30,C0033,G006,Cash,83825
O000017,2025-08-03,C0067,G001,E-Wallet,88000
O000018,2025-01-26,C0082,G007,Transfer,36750
O000019,2025-03-13,C0097,G001,QRIS,27950
O000020,2025-10-06,C0092,G010,E-Wallet,17500
O000021,2025-06-11,C0088,G001,Transfer,15875
O000022,2025-10-14,C0073,G008,QRIS,78125
O000023,2025-02-01,C0092,G008,Cash,47275
O000024,2025-06-30,C0060,G010,QRIS,30000
O000025,2025-02-09,C0021,G002,QRIS,70450
O000026,2025-08-15,C0044,G003,E-Wallet,31000
O000027,2025-03-08,C0054,G010,E-Wallet,99150
O000028,2025-10-11,C0085,G004,QRIS,41325
O000029,2025-07-30,C0095,G006,QRIS,2850
O000030,2025-05-04,C0008,G003,QRIS,50150
O000031,2025-01-12,C0013,G006,Cash,51625
O000032,2025-09-21,C0057,G005,E-Wallet,19500
O000033,2025-11-16,C0099,G010,Cash,35625
O000034,2025-06-24,C0097,G005,Cash,47250
O000035,2025-03-05,C0070,G006,E-Wallet,134500
O000036,2025-08-06,C0007,G008,E-Wallet,33600
O000037,2025-10-30,C0009,G009,Transfer,4950
O000038,2025-04-28,C0008,G004,Transfer,89650
O000039,2025-11-04,C0048,G004,E-Wallet,17000
O000040,2025-04-29,C0066,G008,E-Wallet,54850
O000041,2025-03-09,C0095,G004,E-Wallet,39900
O000042,2025-08-22,C0052,G001,QRIS,91750
O000043,2025-05-21,C0093,G006,QRIS,79950
O000044,2025-04-24,C0035,G002,Transfer,32700
O000045,2025-06-23,C0089,G002,QRIS,25275
O000046,2025-11-09,C0048,G009,E-Wallet,13500
O000047,2025-08-04,C0059,G008,QRIS,12650
O000048,2025-04-01,C0024,G008,E-Wallet,64500
O000049,2025-08-01,C0001,G010,Cash,7125
O000050,2025-05-04,C0067,G004,Cash,17000
O000051,2025-09-02,C0021,G004,Transfer,137250
O000052,2025-10-14,C0079,G008,E-Wallet,81425
O000053,2025-04-22,C0098,G004,Cash,38550
O000054,2025-11-08,C0055,G004,Cash,98775
O000055,2025-08-21,C0015,G007,Transfer,49550
O000056,2025-10-09,C0001,G006,E-Wallet,146575
O000057,2025-03-30,C0010,G009,Cash,65500
O000058,2025-07-14,C0087,G003,QRIS,86100
O000059,2025-06-30,C0035,G001,E-Wallet,153325
O000060,2025-03-12,C0099,G010,E-Wallet,13300
O000061,2025-01-28,C0004,G009,Cash,24000
O000062,2025-10-04,C0028,G008,Cash,47700
O000063,2025-12-22,C0065,G002,Transfer,39300
O000064,2025-04-12,C0095,G002,E-Wallet,59700
O000065,2025-03-02,C0052,G008,E-Wallet,9000
O000066,2025-07-21,C0062,G005,E-Wallet,71650
O000067,2025-05-05,C0003,G005,Cash,46500
O000068,2025-06-17,C0001,G006,E-Wallet,7000
O000069,2025-06-20,C0026,G002,QRIS,53175
O000070,2025-07-31,C0092,G007,E-Wallet,80950
O000071,2025-07-15,C0036,G009,Cash,36500
O000072,2025-03-06,C0099,G008,E-Wallet,63725
O000073,2025-05-23,C0076,G010,E-Wallet,12150
O000074,2025-10-25,C0007,G007,E-Wallet,19950
O000075,2025-12-12,C0080,G004,QRIS,23275
O000076,2025-10-12,C0087,G006,Cash,22125
O000077,2025-02-08,C0023,G004,Cash,27375
O000078,2025-11-28,C0034,G005,Cash,83400
O000079,2025-01-02,C0057,G004,QRIS,9450
O000080,2025-04-15,C0066,G005,Transfer,55950
O000081,2025-10-17,C0077,G007,Cash,48075
O000082,2025-04-25,C0028,G008,QRIS,120050
O000083,2025-07-08,C0010,G001,Transfer,37250
O000084,2025-09-08,C0091,G009,Transfer,46500
O000085,2025-10-15,C0087,G010,QRIS,3500
O000086,2025-10-22,C0091,G008,Cash,34000
O000087,2025-04-22,C0092,G007,QRIS,54950
O000088,2025-09-18,C0023,G007,Transfer,109150
O000089,2025-10-11,C0046,G002,E-Wallet,95025
O000090,2025-10-27,C0067,G009,Transfer,45450
O000091,2025-12-15,C0014,G003,QRIS,150500
O000092,2025-04-18,C0042,G002,E-Wallet,48800
O000093,2025-11-08,C0028,G005,Cash,9975
O000094,2025-01-12,C0070,G008,Transfer,58525
O000095,2025-07-29,C0059,G006,E-Wallet,25100
O000096,2025-02-14,C0017,G009,E-Wallet,36150
O000097,2025-09-21,C0007,G002,Cash,67825
O000098,2025-01-14,C0006,G003,Transfer,60450
O000099,2025-02-24,C0012,G004,E-Wallet,64525
O000100,2025-09-30,C0010,G003,Cash,51100
O000101,2025-11-10,C0075,G001,QRIS,196500
O000102,2025-03-02,C0063,G004,E-Wallet,19500
O000103,2025-12-27,C0098,G009,Cash,12825
O000104,2025-07-07,C0027,G001,Cash,22950
O000105,2025-03-29,C0085,G002,Cash,104025
O000106,2025-10-29,C0084,G005,Transfer,37650
O000107,2025-05-16,C0041,G008,E-Wallet,84550
O000108,2025-11-27,C0099,G009,QRIS,20075
O000109,2025-09-01,C0030,G001,QRIS,8100
O000110,2025-12-17,C0086,G007,E-Wallet,19500
O000111,2025-01-15,C0006,G010,Cash,129625
O000112,2025-08-12,C0080,G001,Cash,71725
O000113,2025-12-13,C0020,G009,E-Wallet,25500
O000114,2025-04-06,C0033,G001,QRIS,93075
O000115,2025-11-15,C0051,G002,QRIS,5225
O000116,2025-11-19,C0085,G003,Transfer,63000
O000117,2025-10-19,C0083,G006,E-Wallet,144375
O000118,2025-02-18,C0058,G008,Transfer,25725
O000119,2025-09-03,C0069,G010,E-Wallet,26725
O000120,2025-10-01,C0013,G006,Cash,21750
O000121,2025-06-14,C0074,G009,QRIS,74200
O000122,2025-09-03,C0013,G002,QRIS,22050
O000123,2025-06-27,C0029,G002,Transfer,29825
O000124,2025-11-11,C0099,G007,Transfer,100075
O000125,2025-07-20,C0010,G003,QRIS,13500
O000126,2025-04-15,C0015,G002,Transfer,67475
O000127,2025-05-15,C0067,G010,E-Wallet,21000
O000128,2025-07-17,C0057,G003,QRIS,32150
O000129,2025-02-23,C0063,G005,QRIS,111550
O000130,2025-12-17,C0043,G002,Transfer,148425
O000131,2025-10-03,C0049,G004,E-Wallet,44100
O000132,2025-08-28,C0019,G002,Cash,27200
O000133,2025-01-29,C0009,G009,QRIS,166950
O000134,2025-06-13,C0017,G010,QRIS,102650
O000135,2025-10-04,C0015,G007,E-Wallet,19350
O000136,2025-11-05,C0084,G006,Cash,117550
O000137,2025-08-09,C0081,G007,QRIS,93750
O000138,2025-02-15,C0020,G005,Transfer,46225
O000139,2025-04-21,C0011,G005,E-Wallet,7725
O000140,2025-02-07,C0076,G002,Transfer,127500
O000141,2025-10-30,C0081,G005,E-Wallet,52400
O000142,2025-09-22,C0064,G010,Transfer,37725
O000143,2025-05-02,C0007,G009,Transfer,45200
O000144,2025-11-09,C0071,G001,Cash,3500
O000145,2025-03-01,C0019,G001,QRIS,144650
O000146,2025-01-19,C0072,G009,Transfer,96825
O000147,2025-06-20,C0022,G003,E-Wallet,4500
O000148,2025-03-27,C0004,G006,Cash,62550
O000149,2025-10-10,C0100,G009,Cash,144250
O000150,2025-06-27,C0013,G004,Transfer,144125
O000151,2025-05-25,C0071,G001,QRIS,145200
O000152,2025-08-07,C0060,G005,Transfer,42975
O000153,2025-07-06,C0025,G006,E-Wallet,65500
O000154,2025-10-01,C0082,G004,Transfer,54125
O000155,2025-09-02,C0049,G009,E-Wallet,66000
O000156,2025-09-15,C0057,G002,QRIS,24950
O000157,2025-03-03,C0027,G004,Cash,28750
O000158,2025-08-28,C0068,G008,QRIS,97375
O000159,2025-03-25,C0004,G008,Transfer,20000
O000160,2025-10-17,C0096,G003,Transfer,120450
O000161,2025-03-03,C0050,G004,QRIS,63450
O000162,2025-05-23,C0083,G009,Cash,38700
O000163,2025-12-09,C0048,G002,QRIS,118500
O000164,2025-05-19,C0024,G002,Cash,79000
O000165,2025-12-17,C0006,G001,E-Wallet,32225
O000166,2025-07-08,C0097,G001,QRIS,48600
O000167,2025-05-20,C0041,G006,Cash,97900
O000168,2025-06-25,C0092,G005,Cash,39750
O000169,2025-11-18,C0015,G008,E-Wallet,65550
O000170,2025-10-19,C0014,G010,E-Wallet,23175
O000171,2025-03-30,C0036,G001,QRIS,18000
O000172,2025-03-12,C0084,G010,QRIS,99200
O000173,2025-10-09,C0088,G004,Transfer,56550
O000174,2025-06-02,C0066,G002,Cash,114050
O000175,2025-03-18,C0009,G008,Cash,59225
O000176,2025-03-24,C0024,G007,Cash,60525
O000177,2025-05-28,C0009,G002,Cash,11600
O000178,2025-07-18,C0032,G007,QRIS,5225
O000179,2025-03-20,C0073,G001,QRIS,39400
O000180,2025-01-08,C0059,G004,Cash,38025
O000181,2025-04-19,C0074,G008,QRIS,35775
O000182,2025-08-21,C0027,G009,Transfer,37200
O000183,2025-03-06,C0098,G003,QRIS,76600
O000184,2025-03-02,C0040,G005,E-Wallet,10350
O000185,2025-03-02,C0001,G009,QRIS,30450
O000186,2025-05-15,C0010,G009,E-Wallet,20225
O000187,2025-09-27,C0076,G009,QRIS,58500
O000188,2025-07-04,C0058,G004,Transfer,46800
O000189,2025-07-15,C0035,G007,Cash,26000
O000190,2025-03-06,C0043,G009,E-Wallet,37525
O000191,2025-09-28,C0036,G009,Cash,19150
O000192,2025-08-10,C0082,G008,E-Wallet,49800
O000193,2025-12-28,C0087,G009,Cash,47500
O000194,2025-09-22,C0038,G009,E-Wallet,37000
O000195,2025-04-06,C0044,G006,Cash,128850
O000196,2025-10-07,C0062,G010,Transfer,36275
O000197,2025-11-02,C0063,G002,Transfer,88350
O000198,2025-07-22,C0007,G001,Cash,73500
O000199,2025-05-22,C0069,G009,QRIS,25500
O000200,2025-02-01,C0079,G002,E-Wallet,81375
O000201,2025-09-17,C0087,G001,Cash,98550
O000202,2025-08-11,C0039,G006,E-Wallet,91350
O000203,2025-12-31,C0047,G010,QRIS,52550
O000204,2025-09-09,C0005,G010,Transfer,94925
O000205,2025-04-29,C0091,G010,E-Wallet,6500
O000206,2025-07-11,C0048,G008,E-Wallet,66600
O000207,2025-02-17,C0019,G007,Cash,48600
O000208,2025-05-15,C0095,G003,Cash,23750
O000209,2025-12-18,C0075,G001,Transfer,56900
O000210,2025-02-02,C0055,G010,QRIS,10925
O000211,2025-09-02,C0098,G003,Cash,31500
O000212,2025-12-25,C0074,G008,E-Wallet,19800
O000213,2025-06-07,C0002,G010,E-Wallet,6175
O000214,2025-09-20,C0058,G009,Transfer,50000
O000215,2025-08-02,C0035,G008,E-Wallet,10450
O000216,2025-10-27,C0073,G004,Cash,34500
O000217,2025-05-25,C0026,G006,E-Wallet,88550
O000218,2025-07-08,C0027,G003,Cash,82450
O000219,2025-05-29,C0065,G007,Transfer,52300
O000220,2025-07-09,C0039,G008,QRIS,107600
O000221,2025-09-04,C0043,G007,E-Wallet,65250
O000222,2025-12-02,C0055,G005,E-Wallet,156600
O000223,2025-02-23,C0032,G009,E-Wallet,12350
O000224,2025-06-14,C0058,G008,E-Wallet,25500
O000225,2025-05-22,C0037,G003,Transfer,164000
O000226,2025-12-10,C0078,G009,Cash,71550
O000227,2025-07-27,C0078,G006,E-Wallet,12825
O000228,2025-03-24,C0030,G001,E-Wallet,75000
O000229,2025-04-20,C0093,G008,Cash,8100
O000230,2025-10-11,C0051,G004,E-Wallet,54800
O000231,2025-05-01,C0034,G003,E-Wallet,137275
O000232,2025-06-13,C0079,G003,Transfer,7500
O000233,2025-12-05,C0079,G007,QRIS,3150
O000234,2025-12-03,C0074,G001,E-Wallet,36225
O000235,2025-12-27,C0023,G010,Cash,118500
O000236,2025-07-06,C0071,G009,Cash,39000
O000237,2025-03-31,C0098,G003,QRIS,45900
O000238,2025-09-22,C0093,G004,Transfer,84725
O000239,2025-09-26,C0045,G007,E-Wallet,85600
O000240,2025-12-15,C0082,G010,E-Wallet,17000
O000241,2025-10-20,C0077,G002,QRIS,97500
O000242,2025-06-18,C0077,G007,QRIS,117025
O000243,2025-08-12,C0086,G003,E-Wallet,3500
O000244,2025-09-15,C0060,G007,QRIS,124500
O000245,2025-01-22,C0017,G001,E-Wallet,31000
O000246,2025-10-27,C0055,G010,Transfer,34500
O000247,2025-01-24,C0074,G007,QRIS,104025
O000248,2025-11-18,C0075,G010,QRIS,70900
O000249,2025-03-14,C0088,G004,QRIS,15500
O000250,2025-09-01,C0015,G003,Cash,74500
O000251,2025-11-21,C0021,G007,Cash,38000
O000252,2025-10-04,C0064,G007,Transfer,91600
O000253,2025-06-19,C0047,G005,QRIS,24000
O000254,2025-04-04,C0062,G006,QRIS,89550
O000255,2025-08-23,C0032,G008,E-Wallet,41500
O000256,2025-07-25,C0058,G005,E-Wallet,28450
O000257,2025-08-08,C0009,G009,QRIS,161000
O000258,2025-04-25,C0040,G007,Cash,118500
O000259,2025-09-13,C0003,G001,Transfer,57850
O000260,2025-01-28,C0094,G005,Cash,21500
O000261,2025-03-21,C0058,G004,Transfer,8500
O000262,2025-04-18,C0017,G002,Transfer,39500
O000263,2025-12-29,C0025,G002,QRIS,82500
O000264,2025-07-06,C0002,G005,QRIS,88075
O000265,2025-03-29,C0063,G008,E-Wallet,3000
O000266,2025-10-15,C0050,G002,E-Wallet,44075
O000267,2025-04-17,C0017,G009,Cash,14850
O000268,2025-06-24,C0018,G004,QRIS,106025
O000269,2025-01-31,C0002,G008,Transfer,101700
O000270,2025-11-07,C0085,G004,E-Wallet,12825
O000271,2025-01-24,C0055,G002,Transfer,97000
O000272,2025-06-17,C0001,G006,Transfer,14200
O000273,2025-03-28,C0032,G006,Cash,25750
O000274,2025-07-15,C0007,G002,E-Wallet,102275
O000275,2025-10-19,C0040,G004,Cash,7500
O000276,2025-01-19,C0035,G010,Cash,3325
O000277,2025-08-02,C0099,G006,Transfer,17100
O000278,2025-07-03,C0039,G003,Cash,125925
O000279,2025-07-10,C0048,G009,Transfer,53550
O000280,2025-12-27,C0059,G002,E-Wallet,83900
O000281,2025-10-18,C0029,G004,E-Wallet,7500
O000282,2025-05-28,C0044,G002,E-Wallet,88150
O000283,2025-07-12,C0046,G004,Cash,67500
O000284,2025-07-04,C0044,G010,QRIS,24000
O000285,2025-06-30,C0091,G005,Transfer,23550
O000286,2025-01-22,C0017,G009,Cash,34500
O000287,2025-05-30,C0026,G004,E-Wallet,61725
O000288,2025-11-19,C0025,G002,Cash,110850
O000289,2025-12-29,C0029,G006,QRIS,17875
O000290,2025-10-24,C0020,G001,QRIS,4050
O000291,2025-08-04,C0003,G004,Cash,6650
O000292,2025-07-16,C0086,G010,E-Wallet,75325
O000293,2025-06-26,C0010,G001,E-Wallet,25000
O000294,2025-01-06,C0005,G001,E-Wallet,34500
O000295,2025-05-03,C0047,G005,QRIS,12225
O000296,2025-02-24,C0091,G009,QRIS,48700
O000297,2025-03-15,C0028,G003,QRIS,105000
O000298,2025-02-05,C0054,G002,E-Wallet,118500
O000299,2025-02-03,C0073,G010,Cash,24175
O000300,2025-06-10,C0072,G005,Transfer,59000
O000301,2025-07-17,C0029,G003,E-Wallet,42600
O000302,2025-03-19,C0061,G003,QRIS,8500
O000303,2025-07-06,C0097,G003,Cash,28000
O000304,2025-08-12,C0040,G002,Cash,115575
O000305,2025-02-13,C0053,G006,QRIS,11700
O000306,2025-08-26,C0073,G002,QRIS,219675
O000307,2025-02-23,C0039,G004,E-Wallet,61550
O000308,2025-05-23,C0080,G005,Cash,34500
O000309,2025-08-19,C0006,G004,Transfer,107125
O000310,2025-05-11,C0023,G006,E-Wallet,12825
O000311,2025-08-13,C0088,G006,QRIS,63500
O000312,2025-03-28,C0038,G005,E-Wallet,72600
O000313,2025-09-07,C0080,G009,Transfer,120550
O000314,2025-03-04,C0018,G008,Cash,79825
O000315,2025-02-15,C0052,G002,E-Wallet,44000
O000316,2025-10-04,C0062,G006,E-Wallet,80250
O000317,2025-09-08,C0017,G010,E-Wallet,9000
O000318,2025-09-21,C0061,G009,Cash,51950
O000319,2025-01-07,C0056,G005,QRIS,77325
O000320,2025-07-21,C0095,G006,Cash,14250
O000321,2025-09-09,C0040,G004,E-Wallet,39100
O000322,2025-03-27,C0031,G003,E-Wallet,102225
O000323,2025-05-24,C0057,G001,Cash,7500
O000324,2025-05-09,C0094,G007,Cash,47875
O000325,2025-08-10,C0005,G002,Transfer,58425
O000326,2025-04-23,C0065,G003,Transfer,52550
O000327,2025-02-13,C0093,G001,Transfer,94400
O000328,2025-05-24,C0009,G003,QRIS,36175
O000329,2025-12-09,C0067,G005,E-Wallet,24225
O000330,2025-11-10,C0084,G003,QRIS,62050
O000331,2025-02-06,C0037,G001,QRIS,10500
O000332,2025-05-11,C0078,G007,Cash,162375
O000333,2025-02-27,C0077,G004,Cash,39100
O000334,2025-11-02,C0031,G005,QRIS,71925
O000335,2025-08-14,C0025,G010,E-Wallet,36825
O000336,2025-10-29,C0026,G010,Transfer,68000
O000337,2025-06-17,C0089,G007,Transfer,13000
O000338,2025-10-09,C0036,G008,Cash,60550
O000339,2025-09-07,C0089,G005,QRIS,105300
O000340,2025-09-08,C0004,G003,Transfer,48450
O000341,2025-10-11,C0017,G002,Cash,29500
O000342,2025-07-29,C0016,G007,Transfer,10925
O000343,2025-03-26,C0047,G003,QRIS,36000
O000344,2025-12-19,C0052,G005,E-Wallet,21000
O000345,2025-06-01,C0008,G007,Transfer,79650
O000346,2025-06-13,C0082,G008,QRIS,128950
O000347,2025-09-20,C0063,G008,E-Wallet,15300
O000348,2025-04-14,C0090,G007,Transfer,63450
O000349,2025-02-11,C0018,G006,E-Wallet,44000
O000350,2025-07-22,C0056,G006,QRIS,69825
O000351,2025-11-17,C0072,G003,E-Wallet,109150
O000352,2025-08-28,C0095,G005,Transfer,7650
O000353,2025-12-26,C0075,G008,E-Wallet,45000
O000354,2025-05-30,C0084,G005,QRIS,12150
O000355,2025-03-19,C0052,G004,Cash,54000
O000356,2025-07-19,C0070,G010,Transfer,121650
O000357,2025-02-14,C0071,G005,Cash,94200
O000358,2025-11-17,C0021,G006,Transfer,6000
O000359,2025-11-15,C0084,G002,Cash,25500
O000360,2025-03-01,C0002,G009,Transfer,80775
O000361,2025-11-07,C0076,G006,Cash,20700
O000362,2025-05-20,C0011,G001,Transfer,9975
O000363,2025-06-19,C0016,G004,QRIS,22800
O000364,2025-10-13,C0081,G010,Transfer,8100
O000365,2025-10-25,C0074,G008,E-Wallet,25500
O000366,2025-12-11,C0007,G008,QRIS,36350
O000367,2025-05-16,C0010,G004,Transfer,29925
O000368,2025-02-08,C0069,G002,Cash,46875
O000369,2025-08-06,C0086,G010,E-Wallet,66900
O000370,2025-10-29,C0085,G006,Transfer,32400
O000371,2025-05-09,C0052,G007,Transfer,12150
O000372,2025-02-20,C0072,G006,QRIS,19500
O000373,2025-01-06,C0064,G006,Cash,73250
O000374,2025-06-15,C0087,G010,Transfer,99450
O000375,2025-05-08,C0035,G006,Transfer,12100
O000376,2025-06-10,C0009,G003,E-Wallet,41400
O000377,2025-12-08,C0028,G009,Cash,19500
O000378,2025-08-17,C0066,G001,Cash,76800
O000379,2025-12-12,C0056,G009,Transfer,4500
O000380,2025-11-08,C0024,G006,QRIS,74825
O000381,2025-11-13,C0029,G008,QRIS,104475
O000382,2025-08-02,C0070,G009,Cash,105500
O000383,2025-07-01,C0047,G007,Transfer,48175
O000384,2025-08-28,C0003,G004,Transfer,14850
O000385,2025-03-31,C0062,G010,Cash,23400
O000386,2025-03-26,C0013,G003,Cash,40050
O000387,2025-01-08,C0075,G005,QRIS,43350
O000388,2025-12-10,C0059,G008,Cash,68300
O000389,2025-05-04,C0069,G010,QRIS,71350
O000390,2025-05-28,C0029,G003,Transfer,26150
O000391,2025-01-06,C0068,G005,E-Wallet,84000
O000392,2025-12-25,C0078,G004,Transfer,31000
O000393,2025-05-07,C0025,G005,QRIS,131075
O000394,2025-12-23,C0075,G010,E-Wallet,12150
O000395,2025-05-23,C0038,G010,Transfer,28500
O000396,2025-11-29,C0080,G008,E-Wallet,38500
O000397,2025-05-22,C0001,G009,E-Wallet,82200
O000398,2025-06-07,C0039,G006,E-Wallet,34500
O000399,2025-12-11,C0042,G001,QRIS,125000
O000400,2025-10-11,C0011,G005,E-Wallet,64325
O000401,2025-08-11,C0008,G001,Transfer,48000
O000402,2025-07-27,C0025,G001,Transfer,34550
O000403,2025-01-23,C0038,G010,Transfer,55700
O000404,2025-11-12,C0098,G005,Transfer,9000
O000405,2025-02-27,C0094,G007,QRIS,78150
O000406,2025-08-03,C0040,G004,E-Wallet,96500
O000407,2025-09-15,C0088,G004,Cash,55200
O000408,2025-02-01,C0023,G010,Cash,25000
O000409,2025-12-31,C0038,G002,E-Wallet,6000
O000410,2025-10-02,C0003,G002,Transfer,149575
O000411,2025-06-20,C0015,G010,QRIS,67000
O000412,2025-06-13,C0070,G008,Cash,36375
O000413,2025-04-09,C0062,G003,Transfer,9975
O000414,2025-11-29,C0095,G004,Cash,37000
O000415,2025-06-08,C0002,G002,Cash,33250
O000416,2025-12-22,C0022,G010,E-Wallet,16500
O000417,2025-06-25,C0048,G005,QRIS,73525
O000418,2025-08-20,C0098,G004,E-Wallet,73850
O000419,2025-12-09,C0032,G007,E-Wallet,42150
O000420,2025-01-06,C0004,G006,Cash,63675
O000421,2025-01-11,C0079,G010,Cash,12400
O000422,2025-05-19,C0027,G005,Cash,121600
O000423,2025-04-02,C0041,G001,Cash,62725
O000424,2025-04-27,C0025,G002,Transfer,48925
O000425,2025-10-19,C0095,G006,E-Wallet,6500
O000426,2025-10-24,C0044,G007,Cash,50050
O000427,2025-02-04,C0066,G003,Cash,126000
O000428,2025-04-23,C0071,G001,QRIS,46650
O000429,2025-02-16,C0065,G002,Transfer,73650
O000430,2025-10-06,C0098,G010,QRIS,87175
O000431,2025-01-30,C0028,G008,Cash,74100
O000432,2025-06-02,C0064,G003,Cash,53000
O000433,2025-04-20,C0079,G007,Cash,34500
O000434,2025-06-26,C0093,G001,Cash,137000
O000435,2025-03-27,C0038,G010,E-Wallet,96150
O000436,2025-06-11,C0090,G007,E-Wallet,36000
O000437,2025-04-07,C0021,G007,E-Wallet,2500
O000438,2025-05-08,C0034,G010,E-Wallet,33700
O000439,2025-12-12,C0066,G004,Cash,31050
O000440,2025-08-22,C0025,G001,Transfer,39500
O000441,2025-04-15,C0086,G002,Transfer,95275
O000442,2025-09-21,C0063,G002,QRIS,45950
O000443,2025-02-16,C0097,G003,QRIS,127950
O000444,2025-05-09,C0076,G006,E-Wallet,54000
O000445,2025-04-14,C0002,G010,QRIS,50050
O000446,2025-04-08,C0007,G005,QRIS,40850
O000447,2025-06-17,C0077,G010,E-Wallet,30900
O000448,2025-10-16,C0023,G001,QRIS,141750
O000449,2025-01-06,C0032,G004,E-Wallet,79650
O000450,2025-12-23,C0099,G005,Cash,47875
O000451,2025-06-14,C0062,G007,Cash,44550
O000452,2025-03-04,C0071,G004,QRIS,47175
O000453,2025-01-16,C0094,G007,Transfer,78950
O000454,2025-03-23,C0022,G004,QRIS,61025
O000455,2025-10-12,C0017,G009,Cash,29050
O000456,2025-03-15,C0057,G010,QRIS,5225
O000457,2025-12-07,C0021,G008,Transfer,41425
O000458,2025-06-09,C0095,G010,QRIS,36000
O000459,2025-06-24,C0096,G002,Cash,40300
O000460,2025-01-21,C0013,G009,Transfer,57525
O000461,2025-12-29,C0069,G005,E-Wallet,94875
O000462,2025-03-03,C0026,G007,Cash,161000
O000463,2025-09-29,C0004,G001,Cash,45525
O000464,2025-05-09,C0035,G003,QRIS,16150
O000465,2025-04-09,C0034,G001,E-Wallet,16500
O000466,2025-12-18,C0081,G007,E-Wallet,59450
O000467,2025-10-15,C0068,G009,E-Wallet,117475
O000468,2025-05-17,C0005,G005,Transfer,49550
O000469,2025-07-28,C0022,G002,Cash,34000
O000470,2025-07-29,C0073,G004,Transfer,71950
O000471,2025-02-25,C0072,G010,QRIS,38000
O000472,2025-04-22,C0098,G009,E-Wallet,7550
O000473,2025-11-13,C0009,G006,Cash,55200
O000474,2025-02-26,C0010,G004,Cash,130625
O000475,2025-12-19,C0022,G005,E-Wallet,24300
O000476,2025-07-09,C0092,G002,QRIS,166575
O000477,2025-07-06,C0057,G006,Cash,42750
O000478,2025-03-26,C0012,G006,E-Wallet,40675
O000479,2025-11-24,C0033,G003,QRIS,63975
O000480,2025-01-05,C0038,G002,Transfer,8100
O000481,2025-11-19,C0086,G002,Cash,128475
O000482,2025-04-19,C0027,G004,Cash,48700
O000483,2025-12-15,C0042,G010,Cash,17000
O000484,2025-08-20,C0021,G007,QRIS,68150
O000485,2025-02-23,C0085,G008,QRIS,17000
O000486,2025-09-30,C0054,G006,QRIS,62975
O000487,2025-03-07,C0009,G010,E-Wallet,134600
O000488,2025-04-04,C0073,G007,Cash,56025
O000489,2025-11-21,C0099,G010,Cash,16500
O000490,2025-08-20,C0098,G001,Cash,84450
O000491,2025-08-24,C0081,G006,Cash,159250
O000492,2025-06-25,C0029,G002,E-Wallet,159000
O000493,2025-06-30,C0062,G003,Transfer,140225
O000494,2025-07-15,C0069,G004,E-Wallet,96650
O000495,2025-11-18,C0098,G008,Cash,133700
O000496,2025-03-18,C0038,G004,QRIS,13725
O000497,2025-05-04,C0063,G008,E-Wallet,43000
O000498,2025-01-03,C0046,G001,E-Wallet,61500
O000499,2025-02-10,C0042,G008,Transfer,86600
O000500,2025-07-01,C0007,G008,E-Wallet,22350
O000501,2025-12-05,C0099,G002,Transfer,2850
O000502,2025-04-23,C0066,G007,E-Wallet,71950
O000503,2025-07-02,C0044,G004,Cash,3150
O000504,2025-01-21,C0003,G003,QRIS,2250
O000505,2025-02-22,C0018,G004,QRIS,16150
O000506,2025-08-20,C0058,G006,QRIS,3150
O000507,2025-09-20,C0085,G008,E-Wallet,14850
O000508,2025-09-29,C0066,G006,Cash,29950
O000509,2025-12-09,C0061,G004,QRIS,8500
O000510,2025-07-07,C0070,G009,Cash,22350
O000511,2025-02-21,C0090,G005,Transfer,44175
O000512,2025-04-17,C0013,G008,QRIS,74125
O000513,2025-03-09,C0005,G007,Cash,10450
O000514,2025-02-26,C0027,G008,QRIS,32775
O000515,2025-07-30,C0062,G006,QRIS,129225
O000516,2025-12-01,C0011,G009,QRIS,36250
O000517,2025-11-15,C0014,G006,QRIS,48000
O000518,2025-05-14,C0029,G006,Transfer,24200
O000519,2025-12-13,C0058,G004,E-Wallet,21850
O000520,2025-05-30,C0065,G008,QRIS,44775
O000521,2025-09-17,C0059,G002,QRIS,120650
O000522,2025-08-05,C0030,G007,QRIS,18000
O000523,2025-02-07,C0007,G005,E-Wallet,5400
O000524,2025-02-17,C0077,G002,Transfer,11950
O000525,2025-03-26,C0013,G009,QRIS,77850
O000526,2025-06-11,C0062,G005,QRIS,24375
O000527,2025-05-01,C0088,G005,Transfer,16150
O000528,2025-09-23,C0077,G006,Cash,37700
O000529,2025-02-17,C0072,G004,Cash,31950
O000530,2025-10-05,C0047,G010,Cash,12000
O000531,2025-02-20,C0029,G008,QRIS,3500
O000532,2025-05-19,C0024,G006,QRIS,6300
O000533,2025-05-17,C0016,G010,Cash,167275
O000534,2025-09-15,C0079,G001,E-Wallet,22050
O000535,2025-02-01,C0063,G008,Cash,108900
O000536,2025-06-27,C0035,G001,Transfer,6650
O000537,2025-09-20,C0025,G010,Transfer,8550
O000538,2025-08-17,C0034,G010,QRIS,81325
O000539,2025-10-24,C0078,G001,QRIS,68000
O000540,2025-07-20,C0091,G003,Transfer,74525
O000541,2025-09-19,C0051,G010,Cash,105500
O000542,2025-09-08,C0087,G007,Cash,62100
O000543,2025-05-19,C0093,G001,E-Wallet,165250
O000544,2025-11-12,C0079,G001,Cash,64000
O000545,2025-09-13,C0060,G002,QRIS,75500
O000546,2025-08-24,C0014,G010,Transfer,88475
O000547,2025-03-19,C0047,G007,QRIS,84275
O000548,2025-01-14,C0071,G009,Cash,15675
O000549,2025-01-05,C0095,G006,QRIS,51150
O000550,2025-04-21,C0003,G002,QRIS,65700
O000551,2025-01-30,C0057,G007,E-Wallet,34000
O000552,2025-10-01,C0064,G002,Cash,63000
O000553,2025-02-18,C0065,G006,Cash,18700
O000554,2025-03-06,C0043,G001,Transfer,140500
O000555,2025-07-17,C0084,G001,Cash,9000
O000556,2025-01-04,C0014,G006,QRIS,102750
O000557,2025-06-15,C0012,G007,Cash,56000
O000558,2025-09-11,C0045,G003,E-Wallet,102000
O000559,2025-08-11,C0022,G002,Transfer,27650
O000560,2025-12-13,C0027,G007,E-Wallet,90750
O000561,2025-06-07,C0035,G002,Transfer,117075
O000562,2025-08-04,C0047,G010,Cash,8075
O000563,2025-05-31,C0053,G008,Transfer,10500
O000564,2025-12-16,C0002,G009,Transfer,126000
O000565,2025-11-24,C0100,G006,Cash,109800
O000566,2025-04-02,C0092,G008,Transfer,67475
O000567,2025-03-27,C0067,G009,Cash,136200
O000568,2025-07-16,C0046,G010,Cash,22050
O000569,2025-11-24,C0019,G008,Transfer,16325
O000570,2025-04-26,C0090,G008,Cash,72675
O000571,2025-02-20,C0070,G002,Transfer,49500
O000572,2025-04-25,C0097,G007,E-Wallet,12150
O000573,2025-09-05,C0069,G005,Cash,61000
O000574,2025-04-12,C0004,G008,QRIS,3000
O000575,2025-04-26,C0054,G010,QRIS,12150
O000576,2025-02-19,C0074,G009,E-Wallet,91725
O000577,2025-12-22,C0027,G005,Transfer,45000
O000578,2025-12-07,C0011,G010,Transfer,63450
O000579,2025-09-24,C0099,G001,QRIS,98500
O000580,2025-05-14,C0037,G008,E-Wallet,77550
O000581,2025-10-08,C0078,G007,Transfer,91500
O000582,2025-02-01,C0090,G002,E-Wallet,5000
O000583,2025-08-31,C0058,G005,E-Wallet,31500
O000584,2025-01-24,C0067,G010,QRIS,83700
O000585,2025-10-08,C0023,G006,Cash,30600
O000586,2025-05-16,C0099,G002,QRIS,26700
O000587,2025-07-25,C0058,G002,E-Wallet,56450
O000588,2025-10-17,C0017,G004,E-Wallet,81300
O000589,2025-01-23,C0012,G007,QRIS,86575
O000590,2025-06-13,C0039,G002,QRIS,16450
O000591,2025-05-14,C0098,G008,Transfer,27075
O000592,2025-10-04,C0085,G006,Cash,33700
O000593,2025-04-16,C0072,G004,Cash,66475
O000594,2025-10-21,C0040,G006,Transfer,114500
O000595,2025-12-01,C0088,G007,E-Wallet,97400
O000596,2025-07-23,C0075,G010,Cash,131000
O000597,2025-08-16,C0072,G008,E-Wallet,20700
O000598,2025-10-04,C0006,G008,Cash,57050
O000599,2025-10-12,C0026,G010,Transfer,98500
O000600,2025-07-07,C0020,G007,E-Wallet,61800
O000601,2025-10-05,C0075,G002,Cash,109800
O000602,2025-08-25,C0048,G002,Cash,20700
O000603,2025-03-17,C0052,G001,Transfer,6500
O000604,2025-12-11,C0034,G001,Cash,35000
O000605,2025-02-09,C0045,G008,E-Wallet,3500
O000606,2025-04-28,C0052,G008,QRIS,3325
O000607,2025-05-26,C0087,G009,Cash,70800
O000608,2025-08-06,C0047,G006,Cash,2250
O000609,2025-05-25,C0066,G010,QRIS,2500
O000610,2025-02-10,C0067,G002,E-Wallet,25175
O000611,2025-10-25,C0001,G009,Transfer,63875
O000612,2025-11-24,C0017,G003,E-Wallet,2500
O000613,2025-05-24,C0035,G007,Cash,31000
O000614,2025-03-03,C0035,G010,Cash,66900
O000615,2025-01-21,C0060,G007,QRIS,47025
O000616,2025-12-25,C0010,G005,Cash,50325
O000617,2025-12-07,C0081,G008,QRIS,38525
O000618,2025-04-03,C0042,G008,QRIS,69350
O000619,2025-11-07,C0001,G010,QRIS,28050
O000620,2025-01-02,C0059,G003,QRIS,6650
O000621,2025-01-04,C0026,G004,Cash,58000
O000622,2025-08-11,C0079,G004,E-Wallet,41500
O000623,2025-01-07,C0015,G010,Transfer,17950
O000624,2025-04-26,C0073,G001,QRIS,16500
O000625,2025-02-15,C0005,G010,E-Wallet,37400
O000626,2025-09-16,C0073,G008,E-Wallet,86900
O000627,2025-04-15,C0078,G006,Transfer,13075
O000628,2025-07-24,C0059,G006,E-Wallet,14850
O000629,2025-03-15,C0065,G010,E-Wallet,29225
O000630,2025-07-17,C0024,G001,QRIS,29500
O000631,2025-03-07,C0066,G005,E-Wallet,6300
O000632,2025-01-03,C0091,G007,Cash,95250
O000633,2025-08-30,C0094,G007,Cash,32500
O000634,2025-12-13,C0007,G009,E-Wallet,42600
O000635,2025-05-27,C0050,G001,Transfer,119900
O000636,2025-01-14,C0016,G007,Transfer,19000
O000637,2025-10-13,C0053,G008,E-Wallet,9975
O000638,2025-06-29,C0083,G006,Transfer,83700
O000639,2025-05-16,C0085,G005,QRIS,92025
O000640,2025-09-20,C0067,G005,Transfer,36000
O000641,2025-11-03,C0030,G003,E-Wallet,16150
O000642,2025-08-18,C0092,G005,E-Wallet,72650
O000643,2025-04-15,C0003,G010,QRIS,79000
O000644,2025-04-22,C0067,G003,QRIS,9450
O000645,2025-07-21,C0059,G004,Cash,80050
O000646,2025-08-01,C0021,G002,QRIS,85000
O000647,2025-12-12,C0073,G002,Transfer,32450
O000648,2025-01-06,C0100,G008,QRIS,83500
O000649,2025-09-05,C0005,G009,E-Wallet,166200
O000650,2025-10-05,C0055,G001,E-Wallet,38875
O000651,2025-12-12,C0012,G003,E-Wallet,60000
O000652,2025-05-11,C0034,G002,E-Wallet,127325
O000653,2025-07-25,C0077,G004,Transfer,22950
O000654,2025-05-03,C0043,G007,Cash,155150
O000655,2025-12-09,C0062,G010,Transfer,18000
O000656,2025-03-25,C0055,G004,Transfer,41700
O000657,2025-06-29,C0091,G010,Transfer,67525
O000658,2025-02-27,C0059,G006,E-Wallet,29500
O000659,2025-06-04,C0078,G004,QRIS,52100
O000660,2025-05-13,C0035,G002,QRIS,48000
O000661,2025-11-02,C0030,G002,E-Wallet,6500
O000662,2025-02-25,C0089,G001,E-Wallet,13000
O000663,2025-11-08,C0089,G005,QRIS,72775
O000664,2025-02-24,C0003,G006,QRIS,129350
O000665,2025-07-22,C0097,G006,E-Wallet,43975
O000666,2025-11-15,C0044,G002,E-Wallet,18825
O000667,2025-08-03,C0057,G001,QRIS,56675
O000668,2025-03-22,C0049,G007,E-Wallet,52150
O000669,2025-06-15,C0020,G004,E-Wallet,46550
O000670,2025-02-14,C0072,G004,Cash,91100
O000671,2025-01-15,C0033,G001,QRIS,8550
O000672,2025-05-25,C0008,G001,E-Wallet,63300
O000673,2025-07-05,C0100,G004,Cash,119000
O000674,2025-11-18,C0082,G003,E-Wallet,16200
O000675,2025-04-02,C0020,G001,Cash,35125
O000676,2025-09-26,C0032,G003,Transfer,17000
O000677,2025-08-08,C0090,G010,Cash,104750
O000678,2025-07-10,C0049,G008,QRIS,83050
O000679,2025-12-13,C0050,G006,Transfer,53675
O000680,2025-09-15,C0095,G009,Cash,102325
O000681,2025-01-21,C0062,G001,E-Wallet,54500
O000682,2025-08-25,C0067,G006,QRIS,79650
O000683,2025-08-10,C0010,G004,QRIS,66175
O000684,2025-10-28,C0075,G007,Cash,4950
O000685,2025-10-17,C0028,G006,Cash,31500
O000686,2025-08-02,C0095,G010,QRIS,21150
O000687,2025-06-29,C0077,G002,QRIS,87700
O000688,2025-12-07,C0073,G002,Cash,82800
O000689,2025-12-12,C0044,G005,QRIS,12000
O000690,2025-05-07,C0037,G009,Cash,30600
O000691,2025-06-28,C0093,G004,E-Wallet,34550
O000692,2025-09-02,C0089,G003,QRIS,128150
O000693,2025-12-09,C0047,G005,Transfer,83125
O000694,2025-01-09,C0034,G007,E-Wallet,49800
O000695,2025-07-18,C0058,G006,QRIS,65975
O000696,2025-02-19,C0036,G006,QRIS,79275
O000697,2025-06-17,C0034,G002,Transfer,59175
O000698,2025-06-22,C0046,G002,Transfer,15675
O000699,2025-09-16,C0052,G001,Transfer,70150
O000700,2025-01-11,C0071,G009,E-Wallet,100900
O000701,2025-09-24,C0093,G004,Transfer,98450
O000702,2025-08-26,C0088,G002,Cash,89950
O000703,2025-02-11,C0037,G005,E-Wallet,19950
O000704,2025-12-22,C0041,G010,Cash,56050
O000705,2025-01-22,C0013,G005,E-Wallet,85400
O000706,2025-09-30,C0094,G002,Cash,90725
O000707,2025-01-06,C0005,G004,Cash,83525
O000708,2025-08-18,C0076,G004,E-Wallet,38700
O000709,2025-11-05,C0078,G006,Cash,6650
O000710,2025-05-09,C0099,G003,Cash,71550
O000711,2025-07-08,C0069,G004,QRIS,91950
O000712,2025-02-06,C0050,G001,Cash,70200
O000713,2025-07-09,C0079,G009,Transfer,21375
O000714,2025-06-06,C0067,G005,QRIS,87875
O000715,2025-04-19,C0095,G002,QRIS,2700
O000716,2025-04-03,C0047,G006,QRIS,23675
O000717,2025-12-09,C0091,G010,Cash,56225
O000718,2025-05-24,C0019,G001,Cash,21000
O000719,2025-10-03,C0080,G007,Transfer,97200
O000720,2025-06-20,C0024,G005,E-Wallet,4500
O000721,2025-05-20,C0092,G006,Transfer,10925
O000722,2025-10-30,C0066,G003,QRIS,44100
O000723,2025-01-02,C0025,G010,Transfer,65450
O000724,2025-07-10,C0081,G001,Cash,25825
O000725,2025-04-18,C0065,G008,Cash,146100
O000726,2025-01-13,C0038,G003,E-Wallet,94425
O000727,2025-11-08,C0097,G009,Cash,104500
O000728,2025-04-27,C0052,G003,QRIS,148100
O000729,2025-04-19,C0009,G006,Cash,69400
O000730,2025-08-13,C0011,G010,Transfer,68825
O000731,2025-02-16,C0021,G006,QRIS,9000
O000732,2025-11-09,C0004,G007,Cash,14850
O000733,2025-06-13,C0071,G007,Cash,49500
O000734,2025-05-23,C0024,G007,E-Wallet,106125
O000735,2025-02-06,C0079,G005,E-Wallet,4750
O000736,2025-06-27,C0099,G008,Transfer,80800
O000737,2025-03-08,C0051,G006,QRIS,49750
O000738,2025-01-06,C0015,G002,E-Wallet,31575
O000739,2025-02-14,C0084,G002,Cash,51075
O000740,2025-08-31,C0016,G004,Cash,83150
O000741,2025-02-28,C0003,G007,Cash,14775
O000742,2025-11-13,C0062,G009,E-Wallet,28350
O000743,2025-12-30,C0060,G002,Transfer,34475
O000744,2025-11-07,C0076,G008,Cash,39500
O000745,2025-05-12,C0056,G002,Cash,93350
O000746,2025-08-26,C0051,G003,Cash,186025
O000747,2025-08-21,C0081,G006,Transfer,88350
O000748,2025-10-18,C0005,G004,Transfer,59175
O000749,2025-03-09,C0069,G007,Cash,93575
O000750,2025-11-25,C0079,G004,E-Wallet,15300
O000751,2025-02-14,C0061,G007,QRIS,25400
O000752,2025-12-16,C0083,G007,QRIS,106025
O000753,2025-04-09,C0074,G006,E-Wallet,74600
O000754,2025-09-14,C0065,G001,Transfer,67475
O000755,2025-10-25,C0015,G002,Cash,98400
O000756,2025-02-22,C0093,G002,E-Wallet,131500
O000757,2025-08-26,C0082,G007,Cash,11400
O000758,2025-12-20,C0075,G009,Cash,80150
O000759,2025-09-19,C0061,G002,QRIS,29500
O000760,2025-07-16,C0049,G009,QRIS,58500
O000761,2025-01-17,C0096,G005,Cash,46500
O000762,2025-07-29,C0072,G001,E-Wallet,173025
O000763,2025-07-24,C0021,G002,Cash,72000
O000764,2025-01-07,C0042,G009,Transfer,73350
O000765,2025-08-09,C0098,G005,Cash,122000
O000766,2025-03-30,C0066,G004,Transfer,26725
O000767,2025-02-21,C0075,G001,QRIS,65475
O000768,2025-08-12,C0025,G008,Cash,141500
O000769,2025-02-11,C0088,G005,Transfer,2375
O000770,2025-07-21,C0098,G003,QRIS,38125
O000771,2025-12-10,C0075,G008,Transfer,181650
O000772,2025-08-09,C0037,G004,Cash,9700
O000773,2025-08-04,C0050,G002,Transfer,27150
O000774,2025-03-19,C0019,G008,Transfer,62575
O000775,2025-09-30,C0096,G008,E-Wallet,88500
O000776,2025-03-09,C0023,G005,Cash,63200
O000777,2025-11-04,C0088,G008,QRIS,111150
O000778,2025-01-23,C0063,G010,Cash,103000
O000779,2025-04-25,C0047,G008,E-Wallet,72025
O000780,2025-06-03,C0038,G004,Cash,3000
O000781,2025-01-10,C0027,G010,Transfer,79000
O000782,2025-01-21,C0026,G005,Transfer,95000
O000783,2025-03-18,C0100,G007,Transfer,47225
O000784,2025-05-23,C0065,G009,Transfer,63300
O000785,2025-08-07,C0024,G008,Cash,40500
O000786,2025-04-01,C0008,G009,QRIS,68800
O000787,2025-02-27,C0060,G001,E-Wallet,91650
O000788,2025-07-24,C0099,G007,QRIS,169050
O000789,2025-12-30,C0076,G002,QRIS,13500
O000790,2025-05-08,C0010,G001,Transfer,10775
O000791,2025-12-02,C0069,G005,Cash,16500
O000792,2025-01-08,C0062,G008,Transfer,36900
O000793,2025-08-30,C0075,G002,QRIS,125400
O000794,2025-01-30,C0031,G008,E-Wallet,51300
O000795,2025-06-03,C0036,G003,Cash,60450
O000796,2025-01-04,C0046,G001,QRIS,48300
O000797,2025-06-22,C0073,G007,Transfer,23450
O000798,2025-07-21,C0031,G004,Cash,37050
O000799,2025-06-27,C0029,G009,E-Wallet,91600
O000800,2025-07-20,C0020,G004,Transfer,57550
O000801,2025-04-10,C0051,G008,E-Wallet,9450
O000802,2025-09-15,C0045,G010,E-Wallet,79625
O000803,2025-05-17,C0085,G004,Transfer,61825
O000804,2025-07-30,C0091,G005,E-Wallet,5225
O000805,2025-01-19,C0065,G008,QRIS,4500
O000806,2025-07-09,C0009,G006,Transfer,112250
O000807,2025-10-12,C0077,G009,Cash,10500
O000808,2025-07-06,C0034,G001,E-Wallet,15500
O000809,2025-12-04,C0032,G006,E-Wallet,31050
O000810,2025-05-17,C0064,G003,E-Wallet,10450
O000811,2025-03-25,C0086,G005,E-Wallet,21000
O000812,2025-06-15,C0084,G001,Cash,132150
O000813,2025-07-13,C0031,G009,Transfer,57075
O000814,2025-04-03,C0057,G009,E-Wallet,57000
O000815,2025-12-23,C0076,G005,QRIS,93000
O000816,2025-11-28,C0058,G007,QRIS,136250
O000817,2025-04-30,C0081,G009,Cash,54900
O000818,2025-05-14,C0067,G005,Cash,62175
O000819,2025-08-03,C0043,G010,QRIS,31500
O000820,2025-09-25,C0040,G001,QRIS,106450
O000821,2025-09-13,C0070,G007,Cash,34050
O000822,2025-02-25,C0046,G010,E-Wallet,5000
O000823,2025-12-22,C0080,G002,QRIS,86850
O000824,2025-05-31,C0018,G005,QRIS,31650
O000825,2025-06-24,C0041,G003,Cash,13600
O000826,2025-05-17,C0033,G008,Cash,35150
O000827,2025-05-04,C0074,G006,QRIS,64350
O000828,2025-11-19,C0047,G006,Cash,34100
O000829,2025-04-29,C0060,G002,E-Wallet,43200
O000830,2025-01-16,C0057,G005,Transfer,92650
O000831,2025-02-19,C0046,G010,QRIS,90200
O000832,2025-06-22,C0094,G004,Transfer,25500
O000833,2025-06-04,C0086,G001,Transfer,86275
O000834,2025-02-04,C0015,G002,E-Wallet,63350
O000835,2025-07-22,C0044,G009,Cash,53075
O000836,2025-11-09,C0079,G008,QRIS,60850
O000837,2025-01-10,C0069,G010,Cash,50175
O000838,2025-03-21,C0042,G004,E-Wallet,167450
O000839,2025-12-10,C0051,G006,Cash,52550
O000840,2025-11-09,C0018,G008,QRIS,49050
O000841,2025-08-31,C0080,G008,Cash,41250
O000842,2025-11-11,C0099,G001,QRIS,154350
O000843,2025-04-03,C0087,G010,QRIS,56975
O000844,2025-07-13,C0054,G002,E-Wallet,39500
O000845,2025-01-13,C0047,G010,Cash,47575
O000846,2025-04-06,C0027,G007,QRIS,147275
O000847,2025-09-08,C0010,G009,E-Wallet,30075
O000848,2025-04-02,C0045,G006,E-Wallet,86850
O000849,2025-04-13,C0038,G009,E-Wallet,11400
O000850,2025-01-23,C0056,G009,Cash,16200
O000851,2025-08-11,C0070,G005,QRIS,97000
O000852,2025-12-30,C0029,G007,QRIS,4950
O000853,2025-09-11,C0098,G006,E-Wallet,22375
O000854,2025-11-29,C0022,G007,QRIS,118500
O000855,2025-07-18,C0028,G001,Transfer,148025
O000856,2025-06-24,C0049,G005,QRIS,60225
O000857,2025-11-09,C0014,G008,QRIS,83275
O000858,2025-06-02,C0062,G010,QRIS,118875
O000859,2025-02-12,C0054,G005,E-Wallet,104575
O000860,2025-12-20,C0099,G003,Transfer,78300
O000861,2025-02-11,C0061,G009,E-Wallet,76000
O000862,2025-10-29,C0055,G006,Transfer,48250
O000863,2025-05-05,C0079,G009,E-Wallet,19725
O000864,2025-06-15,C0100,G010,Cash,104100
O000865,2025-12-28,C0041,G010,E-Wallet,59900
O000866,2025-11-21,C0031,G010,Transfer,61975
O000867,2025-02-13,C0083,G004,Transfer,30150
O000868,2025-11-04,C0006,G004,Transfer,141325
O000869,2025-06-21,C0015,G008,E-Wallet,75100
O000870,2025-03-03,C0094,G006,Transfer,122400
O000871,2025-10-09,C0035,G002,E-Wallet,65775
O000872,2025-10-30,C0093,G003,E-Wallet,69825
O000873,2025-12-19,C0053,G008,Cash,108900
O000874,2025-12-09,C0028,G004,Cash,17000
O000875,2025-06-16,C0054,G003,Transfer,63300
O000876,2025-06-27,C0063,G010,Transfer,112250
O000877,2025-05-01,C0019,G008,Transfer,40500
O000878,2025-04-13,C0033,G007,Transfer,28500
O000879,2025-05-22,C0034,G008,Transfer,16500
O000880,2025-12-05,C0097,G009,E-Wallet,8500
O000881,2025-06-20,C0027,G006,Transfer,21600
O000882,2025-11-05,C0086,G005,QRIS,31625
O000883,2025-02-11,C0037,G005,Transfer,67425
O000884,2025-10-09,C0035,G006,QRIS,17500
O000885,2025-01-12,C0039,G010,E-Wallet,7500
O000886,2025-01-20,C0023,G003,Cash,39075
O000887,2025-02-19,C0087,G006,Transfer,125350
O000888,2025-04-05,C0095,G008,Transfer,12150
O000889,2025-11-25,C0020,G003,Transfer,76250
O000890,2025-08-30,C0032,G010,QRIS,56200
O000891,2025-04-27,C0044,G010,E-Wallet,109525
O000892,2025-06-04,C0045,G006,Cash,85900
O000893,2025-02-04,C0024,G001,Transfer,35350
O000894,2025-02-28,C0028,G006,Transfer,61750
O000895,2025-08-16,C0079,G010,QRIS,83800
O000896,2025-06-17,C0099,G009,Cash,36750
O000897,2025-11-12,C0034,G010,Cash,51000
O000898,2025-08-19,C0073,G001,Cash,24650
O000899,2025-12-03,C0038,G007,E-Wallet,110050
O000900,2025-11-27,C0092,G007,Transfer,143450
O000901,2025-02-21,C0098,G005,Transfer,89950
O000902,2025-11-03,C0084,G006,E-Wallet,28000
O000903,2025-12-03,C0055,G006,QRIS,28225
O000904,2025-01-05,C0043,G005,QRIS,61175
O000905,2025-07-14,C0053,G010,E-Wallet,123875
O000906,2025-01-28,C0011,G009,Transfer,53525
O000907,2025-05-11,C0061,G001,QRIS,44175
O000908,2025-06-26,C0071,G008,Transfer,89550
O000909,2025-07-17,C0055,G009,E-Wallet,57100
O000910,2025-04-01,C0100,G004,QRIS,13500
O000911,2025-04-23,C0016,G007,QRIS,68950
O000912,2025-10-19,C0017,G007,E-Wallet,22050
O000913,2025-03-25,C0044,G007,QRIS,18000
O000914,2025-11-02,C0056,G006,E-Wallet,124900
O000915,2025-11-14,C0052,G009,QRIS,93775
O000916,2025-07-27,C0096,G003,Cash,37200
O000917,2025-06-27,C0045,G001,Transfer,89000
O000918,2025-02-09,C0089,G010,Transfer,3500
O000919,2025-04-01,C0071,G007,Transfer,116650
O000920,2025-03-03,C0090,G005,Cash,39400
O000921,2025-10-28,C0030,G010,E-Wallet,8075
O000922,2025-06-13,C0081,G001,Cash,43000
O000923,2025-08-10,C0001,G009,Cash,54000
O000924,2025-10-23,C0038,G010,E-Wallet,28500
O000925,2025-03-18,C0077,G001,Transfer,59275
O000926,2025-12-24,C0038,G006,Cash,51950
O000927,2025-02-05,C0008,G004,Transfer,56300
O000928,2025-09-23,C0087,G005,QRIS,96000
O000929,2025-01-06,C0082,G001,QRIS,102200
O000930,2025-07-07,C0098,G001,Transfer,25525
O000931,2025-10-29,C0076,G008,Cash,71050
O000932,2025-11-01,C0066,G001,QRIS,49175
O000933,2025-11-26,C0097,G002,QRIS,33300
O000934,2025-09-12,C0031,G009,Cash,10925
O000935,2025-09-28,C0074,G002,QRIS,29625
O000936,2025-11-03,C0007,G001,E-Wallet,78775
O000937,2025-06-04,C0012,G005,Transfer,28325
O000938,2025-08-01,C0063,G006,Transfer,36150
O000939,2025-05-03,C0064,G003,Transfer,56900
O000940,2025-12-15,C0092,G008,QRIS,105550
O000941,2025-04-05,C0005,G007,E-Wallet,27400
O000942,2025-07-25,C0021,G001,E-Wallet,45500
O000943,2025-12-29,C0074,G001,Transfer,5500
O000944,2025-01-10,C0005,G008,QRIS,105050
O000945,2025-11-05,C0056,G007,E-Wallet,41000
O000946,2025-07-08,C0059,G002,E-Wallet,25000
O000947,2025-08-27,C0079,G008,Cash,113475
O000948,2025-02-19,C0097,G001,QRIS,125850
O000949,2025-03-30,C0033,G004,E-Wallet,15300
O000950,2025-07-11,C0005,G006,E-Wallet,40600
O000951,2025-05-11,C0024,G007,Cash,46650
O000952,2025-06-29,C0093,G001,Transfer,36675
O000953,2025-09-12,C0020,G008,QRIS,37525
O000954,2025-05-24,C0090,G006,E-Wallet,58225
O000955,2025-04-11,C0007,G007,Cash,5225
O000956,2025-02-04,C0015,G004,Cash,67000
O000957,2025-02-03,C0071,G002,Transfer,35675
O000958,2025-05-05,C0052,G008,Transfer,76600
O000959,2025-07-25,C0047,G007,QRIS,11000
O000960,2025-01-08,C0052,G009,Transfer,67525
O000961,2025-08-18,C0077,G003,Transfer,54900
O000962,2025-07-05,C0067,G005,E-Wallet,21850
O000963,2025-12-09,C0012,G006,QRIS,13500
O000964,2025-07-05,C0098,G010,QRIS,128400
O000965,2025-04-16,C0007,G004,Transfer,11400
O000966,2025-10-31,C0046,G004,E-Wallet,175825
O000967,2025-03-17,C0023,G006,Cash,70275
O000968,2025-02-12,C0012,G010,Transfer,21150
O000969,2025-08-04,C0020,G002,E-Wallet,64775
O000970,2025-01-15,C0067,G008,Cash,82550
O000971,2025-06-01,C0067,G001,QRIS,38350
O000972,2025-07-27,C0075,G006,E-Wallet,35000
O000973,2025-01-18,C0013,G005,Cash,6175
O000974,2025-06-04,C0023,G008,Transfer,6000
O000975,2025-10-22,C0079,G010,Transfer,105500
O000976,2025-07-17,C0075,G007,Cash,96900
O000977,2025-10-04,C0016,G009,QRIS,155850
O000978,2025-01-24,C0058,G001,Cash,95200
O000979,2025-09-22,C0097,G006,QRIS,168725
O000980,2025-12-14,C0083,G010,E-Wallet,26550
O000981,2025-04-10,C0055,G002,Cash,95025
O000982,2025-08-06,C0004,G010,QRIS,122550
O000983,2025-09-29,C0037,G005,Transfer,45225
O000984,2025-06-11,C0062,G006,QRIS,10925
O000985,2025-02-10,C0052,G010,Cash,15000
O000986,2025-04-21,C0010,G004,E-Wallet,124600
O000987,2025-03-27,C0051,G003,QRIS,87100
O000988,2025-09-23,C0079,G010,E-Wallet,83025
O000989,2025-02-13,C0073,G010,Transfer,47975
O000990,2025-06-02,C0072,G005,E-Wallet,22025
O000991,2025-01-21,C0054,G007,Cash,23275
O000992,2025-09-27,C0047,G002,Transfer,130500
O000993,2025-04-23,C0075,G010,E-Wallet,204175
O000994,2025-04-03,C0046,G003,E-Wallet,7325
O000995,2025-07-12,C0099,G002,E-Wallet,115100
O000996,2025-08-30,C0029,G003,Transfer,129150
O000997,2025-03-06,C0040,G001,E-Wallet,5700
O000998,2025-06-14,C0096,G008,QRIS,101950
O000999,2025-04-20,C0099,G010,E-Wallet,67825
O001000,2025-01-21,C0013,G007,QRIS,16200
O001001,2025-07-15,C0061,G010,QRIS,44000
O001002,2025-02-23,C0027,G002,QRIS,66025
O001003,2025-08-24,C0024,G005,QRIS,113050
O001004,2025-08-04,C0081,G002,Transfer,10000
O001005,2025-07-28,C0068,G004,Cash,9450
O001006,2025-12-03,C0037,G008,E-Wallet,44175
O001007,2025-01-14,C0074,G004,E-Wallet,42925
O001008,2025-06-10,C0021,G009,E-Wallet,37500
O001009,2025-11-25,C0037,G003,Cash,33500
O001010,2025-04-10,C0025,G010,Transfer,95500
O001011,2025-12-28,C0022,G010,Cash,175900
O001012,2025-12-20,C0041,G008,Cash,75075
O001013,2025-08-23,C0023,G006,Cash,129825
O001014,2025-09-24,C0052,G001,Transfer,38625
O001015,2025-05-02,C0097,G008,QRIS,23000
O001016,2025-08-15,C0078,G006,E-Wallet,71400
O001017,2025-12-30,C0035,G002,QRIS,19425
O001018,2025-12-23,C0076,G001,Cash,138350
O001019,2025-12-17,C0042,G008,QRIS,124450
O001020,2025-05-30,C0062,G009,Transfer,12000
O001021,2025-11-26,C0089,G006,Cash,22950
O001022,2025-10-12,C0070,G004,QRIS,76000
O001023,2025-11-24,C0056,G007,Cash,33100
O001024,2025-11-15,C0011,G005,E-Wallet,26900
O001025,2025-10-25,C0031,G010,E-Wallet,78375
O001026,2025-07-27,C0042,G001,Cash,67600
O001027,2025-08-17,C0098,G008,Cash,96950
O001028,2025-03-24,C0003,G002,Transfer,98250
O001029,2025-06-16,C0079,G009,Transfer,33625
O001030,2025-09-06,C0035,G003,QRIS,18800
O001031,2025-06-10,C0066,G001,Transfer,51000
O001032,2025-05-10,C0080,G003,Cash,12150
O001033,2025-03-30,C0054,G003,QRIS,159650
O001034,2025-01-18,C0010,G009,QRIS,133225
O001035,2025-05-08,C0053,G005,QRIS,17000
O001036,2025-04-05,C0005,G008,E-Wallet,30575
O001037,2025-09-01,C0022,G002,Transfer,34150
O001038,2025-11-06,C0098,G001,E-Wallet,72800
O001039,2025-08-22,C0097,G008,Transfer,13500
O001040,2025-05-03,C0013,G010,Transfer,107000
O001041,2025-05-03,C0012,G003,QRIS,34800
O001042,2025-05-26,C0089,G009,Cash,6750
O001043,2025-06-24,C0079,G002,QRIS,24750
O001044,2025-01-09,C0046,G001,Transfer,16500
O001045,2025-05-27,C0014,G007,E-Wallet,72050
O001046,2025-03-02,C0013,G002,Transfer,25500
O001047,2025-07-09,C0058,G003,QRIS,115275
O001048,2025-07-09,C0027,G009,E-Wallet,23150
O001049,2025-03-28,C0004,G003,Transfer,9450
O001050,2025-11-10,C0097,G001,Cash,11500
O001051,2025-08-31,C0034,G008,QRIS,15575
O001052,2025-04-19,C0097,G001,Cash,46675
O001053,2025-10-06,C0045,G010,E-Wallet,40000
O001054,2025-06-11,C0027,G004,Cash,142450
O001055,2025-09-20,C0025,G007,Transfer,175150
O001056,2025-01-02,C0051,G004,QRIS,101000
O001057,2025-02-20,C0039,G003,Transfer,5500
O001058,2025-05-14,C0093,G002,Cash,5400
O001059,2025-07-11,C0073,G007,Transfer,81450
O001060,2025-01-20,C0003,G009,Cash,53450
O001061,2025-10-17,C0033,G002,Transfer,69100
O001062,2025-12-13,C0084,G002,QRIS,69400
O001063,2025-10-17,C0036,G003,E-Wallet,55325
O001064,2025-09-03,C0071,G010,E-Wallet,20925
O001065,2025-04-17,C0035,G008,Transfer,3325
O001066,2025-04-01,C0060,G007,QRIS,30350
O001067,2025-05-26,C0090,G001,Transfer,106175
O001068,2025-01-20,C0094,G002,E-Wallet,51125
O001069,2025-01-21,C0094,G010,QRIS,58050
O001070,2025-03-28,C0020,G006,QRIS,79000
O001071,2025-09-30,C0002,G009,Transfer,80800
O001072,2025-12-08,C0096,G010,E-Wallet,77000
O001073,2025-04-12,C0057,G007,Transfer,18625
O001074,2025-10-14,C0100,G007,Transfer,117650
O001075,2025-10-16,C0088,G004,Transfer,15075
O001076,2025-08-20,C0093,G004,Cash,49600
O001077,2025-09-18,C0013,G010,QRIS,30150
O001078,2025-04-19,C0037,G006,E-Wallet,92050
O001079,2025-07-23,C0010,G001,E-Wallet,16450
O001080,2025-12-25,C0094,G008,Transfer,61600
O001081,2025-04-19,C0054,G001,QRIS,72950
O001082,2025-01-06,C0090,G008,Transfer,62600
O001083,2025-08-30,C0056,G007,Cash,2250
O001084,2025-07-18,C0089,G008,Transfer,41050
O001085,2025-06-21,C0092,G007,Transfer,9900
O001086,2025-11-18,C0025,G010,E-Wallet,72075
O001087,2025-11-16,C0035,G008,Cash,47375
O001088,2025-12-28,C0077,G008,QRIS,38500
O001089,2025-02-25,C0071,G007,QRIS,190500
O001090,2025-03-09,C0100,G002,Cash,44700
O001091,2025-04-18,C0027,G004,QRIS,44100
O001092,2025-09-27,C0033,G002,QRIS,21675
O001093,2025-10-30,C0088,G006,Cash,157175
O001094,2025-02-23,C0044,G009,E-Wallet,38000
O001095,2025-06-24,C0098,G008,QRIS,92150
O001096,2025-02-17,C0067,G005,Transfer,4950
O001097,2025-06-06,C0003,G007,Cash,44025
O001098,2025-01-25,C0032,G007,Cash,67500
O001099,2025-05-18,C0010,G003,QRIS,117050
O001100,2025-11-19,C0006,G010,E-Wallet,43500
O001101,2025-04-12,C0011,G003,QRIS,29800
O001102,2025-03-14,C0064,G001,QRIS,9900
O001103,2025-06-14,C0034,G006,Transfer,78000
O001104,2025-09-27,C0084,G004,E-Wallet,21650
O001105,2025-01-19,C0052,G007,E-Wallet,67600
O001106,2025-08-22,C0079,G001,E-Wallet,25200
O001107,2025-12-18,C0092,G010,Cash,36950
O001108,2025-10-29,C0060,G009,Cash,40800
O001109,2025-12-25,C0097,G001,Transfer,15700
O001110,2025-02-13,C0037,G001,Cash,62750
O001111,2025-05-10,C0064,G005,E-Wallet,26875
O001112,2025-04-02,C0086,G004,Cash,10350
O001113,2025-12-21,C0014,G008,Cash,108000
O001114,2025-01-06,C0022,G003,E-Wallet,33450
O001115,2025-05-08,C0089,G006,Transfer,36700
O001116,2025-12-20,C0051,G008,Cash,88775
O001117,2025-12-31,C0087,G006,E-Wallet,87600
O001118,2025-03-12,C0001,G002,QRIS,177375
O001119,2025-01-16,C0088,G010,Transfer,17500
O001120,2025-07-12,C0052,G001,E-Wallet,118100
O001121,2025-12-27,C0062,G009,E-Wallet,46250
O001122,2025-05-04,C0035,G006,Cash,39350
O001123,2025-11-15,C0090,G008,E-Wallet,67975
O001124,2025-08-11,C0012,G010,QRIS,135200
O001125,2025-11-03,C0057,G002,Transfer,143375
O001126,2025-07-02,C0028,G006,QRIS,40975
O001127,2025-09-04,C0011,G009,Cash,102675
O001128,2025-12-14,C0027,G005,Cash,16350
O001129,2025-06-08,C0037,G003,Cash,38800
O001130,2025-09-27,C0008,G008,Transfer,34850
O001131,2025-03-24,C0080,G002,Transfer,22500
O001132,2025-04-12,C0022,G002,QRIS,108600
O001133,2025-05-14,C0021,G009,QRIS,6750
O001134,2025-08-05,C0056,G005,Transfer,138125
O001135,2025-10-01,C0063,G003,QRIS,20775
O001136,2025-04-14,C0091,G009,Transfer,55500
O001137,2025-08-25,C0074,G003,E-Wallet,94675
O001138,2025-11-02,C0007,G009,QRIS,8550
O001139,2025-06-06,C0014,G010,Cash,27300
O001140,2025-02-26,C0048,G010,QRIS,261075
O001141,2025-02-19,C0054,G005,Cash,91400
O001142,2025-09-14,C0038,G010,E-Wallet,129275
O001143,2025-02-02,C0096,G006,E-Wallet,86025
O001144,2025-05-13,C0092,G008,QRIS,62000
O001145,2025-09-29,C0009,G009,QRIS,65050
O001146,2025-06-24,C0007,G009,Cash,115500
O001147,2025-02-22,C0042,G008,Cash,66200
O001148,2025-09-09,C0076,G004,Cash,106800
O001149,2025-02-25,C0076,G003,Cash,32600
O001150,2025-03-29,C0071,G008,Transfer,9900
O001151,2025-02-02,C0060,G004,E-Wallet,24525
O001152,2025-09-07,C0006,G005,E-Wallet,68575
O001153,2025-12-05,C0094,G003,Transfer,78550
O001154,2025-03-15,C0068,G006,Cash,26600
O001155,2025-04-24,C0062,G007,Transfer,31550
O001156,2025-03-31,C0060,G005,QRIS,20700
O001157,2025-03-26,C0060,G004,E-Wallet,32425
O001158,2025-06-03,C0093,G003,Cash,155450
O001159,2025-03-20,C0095,G007,E-Wallet,10500
O001160,2025-12-02,C0009,G006,Cash,9450
O001161,2025-10-16,C0032,G010,Transfer,58650
O001162,2025-09-13,C0016,G006,Cash,56000
O001163,2025-11-25,C0096,G005,QRIS,45500
O001164,2025-09-01,C0065,G003,QRIS,121975
O001165,2025-01-31,C0004,G004,E-Wallet,85750
O001166,2025-07-08,C0088,G006,QRIS,143425
O001167,2025-04-24,C0098,G005,E-Wallet,62800
O001168,2025-04-20,C0007,G003,Transfer,6300
O001169,2025-08-24,C0064,G001,QRIS,77150
O001170,2025-09-17,C0021,G003,Cash,31500
O001171,2025-08-22,C0039,G005,E-Wallet,37050
O001172,2025-08-12,C0067,G002,Cash,51300
O001173,2025-02-16,C0025,G010,Transfer,4750
O001174,2025-02-06,C0028,G006,QRIS,48150
O001175,2025-05-08,C0068,G002,E-Wallet,17700
O001176,2025-02-15,C0087,G005,E-Wallet,112075
O001177,2025-03-14,C0003,G004,E-Wallet,63750
O001178,2025-03-17,C0055,G003,Transfer,64275
O001179,2025-06-10,C0089,G010,Cash,57775
O001180,2025-02-08,C0007,G007,Transfer,44275
O001181,2025-06-19,C0079,G001,Transfer,103525
O001182,2025-07-06,C0053,G001,E-Wallet,28350
O001183,2025-10-12,C0036,G008,E-Wallet,11625
O001184,2025-05-13,C0018,G006,E-Wallet,49500
O001185,2025-08-05,C0079,G004,Cash,70125
O001186,2025-07-31,C0053,G001,Cash,9500
O001187,2025-05-09,C0071,G001,Transfer,129150
O001188,2025-05-13,C0047,G006,E-Wallet,17000
O001189,2025-06-21,C0095,G004,QRIS,115825
O001190,2025-01-14,C0076,G002,QRIS,109650
O001191,2025-11-07,C0087,G006,Transfer,31150
O001192,2025-10-10,C0007,G001,Transfer,24225
O001193,2025-09-26,C0060,G010,Transfer,60400
O001194,2025-09-10,C0033,G010,Cash,115000
O001195,2025-12-13,C0056,G005,E-Wallet,44100
O001196,2025-03-01,C0021,G010,E-Wallet,104300
O001197,2025-03-04,C0004,G003,E-Wallet,13400
O001198,2025-11-20,C0005,G009,QRIS,68300
O001199,2025-04-15,C0093,G001,Cash,40550
O001200,2025-11-25,C0038,G007,E-Wallet,39500
O001201,2025-03-10,C0065,G002,Transfer,93500
O001202,2025-10-26,C0028,G008,Cash,13725
O001203,2025-09-27,C0030,G001,E-Wallet,54000
O001204,2025-11-05,C0018,G006,Transfer,51250
O001205,2025-12-27,C0019,G007,Transfer,69450
O001206,2025-10-31,C0092,G005,Cash,16500
O001207,2025-12-08,C0061,G005,Cash,2700
O001208,2025-10-25,C0026,G003,QRIS,28000
O001209,2025-08-21,C0059,G004,Transfer,52050
O001210,2025-03-12,C0067,G004,E-Wallet,167025
O001211,2025-03-19,C0073,G010,QRIS,112350
O001212,2025-10-22,C0066,G010,Transfer,48000
O001213,2025-08-06,C0072,G007,Cash,58100
O001214,2025-05-04,C0090,G009,E-Wallet,36250
O001215,2025-12-29,C0092,G002,Transfer,34000
O001216,2025-05-04,C0074,G003,Cash,46825
O001217,2025-07-29,C0087,G003,E-Wallet,68850
O001218,2025-04-08,C0100,G002,Transfer,99375
O001219,2025-08-15,C0039,G004,QRIS,40275
O001220,2025-10-20,C0055,G007,E-Wallet,25200
O001221,2025-08-23,C0003,G004,QRIS,71025
O001222,2025-06-25,C0015,G002,QRIS,63750
O001223,2025-10-03,C0030,G010,QRIS,79550
O001224,2025-06-24,C0039,G005,Cash,74900
O001225,2025-05-03,C0035,G002,Transfer,84500
O001226,2025-06-03,C0079,G001,Transfer,72525
O001227,2025-09-19,C0045,G003,Transfer,113075
O001228,2025-03-24,C0068,G004,QRIS,67450
O001229,2025-11-24,C0084,G003,QRIS,24650
O001230,2025-12-10,C0025,G009,E-Wallet,40600
O001231,2025-06-06,C0057,G007,E-Wallet,10500
O001232,2025-12-17,C0028,G004,Cash,79275
O001233,2025-11-06,C0047,G006,Transfer,10000
O001234,2025-03-03,C0068,G004,Transfer,43850
O001235,2025-02-27,C0015,G002,E-Wallet,108150
O001236,2025-11-06,C0015,G002,QRIS,134725
O001237,2025-07-07,C0071,G009,E-Wallet,102625
O001238,2025-06-07,C0041,G007,E-Wallet,58550
O001239,2025-09-25,C0059,G006,QRIS,6650
O001240,2025-08-17,C0098,G004,Cash,77825
O001241,2025-10-01,C0100,G007,QRIS,52175
O001242,2025-06-25,C0079,G002,Transfer,94525
O001243,2025-03-12,C0089,G001,QRIS,12150
O001244,2025-11-04,C0090,G002,QRIS,21600
O001245,2025-10-31,C0036,G008,QRIS,76400
O001246,2025-07-28,C0086,G010,E-Wallet,91500
O001247,2025-04-14,C0036,G004,Transfer,18525
O001248,2025-08-22,C0038,G004,Transfer,53300
O001249,2025-08-25,C0071,G007,Cash,68225
O001250,2025-02-04,C0029,G003,E-Wallet,34500
O001251,2025-01-02,C0028,G001,E-Wallet,9450
O001252,2025-05-26,C0052,G005,Transfer,30900
O001253,2025-10-29,C0002,G006,Cash,53025
O001254,2025-10-22,C0092,G007,Transfer,31000
O001255,2025-12-27,C0089,G009,E-Wallet,89400
O001256,2025-10-18,C0094,G004,Cash,51000
O001257,2025-06-26,C0037,G006,Cash,37225
O001258,2025-05-31,C0096,G010,QRIS,57925
O001259,2025-09-16,C0084,G006,E-Wallet,60300
O001260,2025-06-26,C0076,G004,QRIS,70250
O001261,2025-04-12,C0046,G006,E-Wallet,72000
O001262,2025-05-16,C0056,G005,E-Wallet,18725
O001263,2025-01-28,C0044,G010,Cash,40850
O001264,2025-01-03,C0032,G004,QRIS,14975
O001265,2025-12-24,C0051,G005,QRIS,70275
O001266,2025-06-30,C0046,G007,E-Wallet,72850
O001267,2025-08-21,C0056,G006,E-Wallet,70150
O001268,2025-08-19,C0051,G010,Cash,57300
O001269,2025-10-24,C0019,G005,QRIS,31350
O001270,2025-02-12,C0075,G010,QRIS,36950
O001271,2025-01-14,C0069,G004,QRIS,96950
O001272,2025-02-15,C0038,G010,Transfer,103000
O001273,2025-02-01,C0070,G005,Cash,76475
O001274,2025-03-04,C0017,G006,QRIS,62525
O001275,2025-11-13,C0029,G008,E-Wallet,100400
O001276,2025-08-19,C0069,G001,Cash,9000
O001277,2025-08-22,C0069,G005,Cash,54725
O001278,2025-07-19,C0074,G006,Transfer,26350
O001279,2025-02-26,C0081,G002,Cash,69300
O001280,2025-08-30,C0037,G003,Transfer,21000
O001281,2025-05-05,C0097,G003,QRIS,10925
O001282,2025-03-11,C0008,G003,E-Wallet,41575
O001283,2025-01-16,C0002,G010,Transfer,2375
O001284,2025-10-28,C0079,G004,Transfer,44750
O001285,2025-03-24,C0094,G010,QRIS,46000
O001286,2025-06-13,C0035,G009,QRIS,108500
O001287,2025-06-19,C0055,G001,Transfer,19500
O001288,2025-08-25,C0072,G004,QRIS,85000
O001289,2025-04-12,C0067,G010,Cash,67925
O001290,2025-06-11,C0021,G007,QRIS,63700
O001291,2025-01-15,C0049,G004,QRIS,16500
O001292,2025-12-29,C0096,G009,Cash,2500
O001293,2025-05-13,C0069,G007,QRIS,65550
O001294,2025-11-03,C0023,G009,E-Wallet,46500
O001295,2025-10-25,C0049,G004,E-Wallet,180500
O001296,2025-09-29,C0044,G004,Transfer,21050
O001297,2025-10-04,C0072,G007,QRIS,45225
O001298,2025-01-29,C0038,G005,Cash,108300
O001299,2025-10-23,C0076,G004,QRIS,8500
O001300,2025-05-22,C0073,G009,Transfer,68000
O001301,2025-11-12,C0076,G004,E-Wallet,8550
O001302,2025-09-04,C0099,G009,Cash,30925
O001303,2025-08-23,C0034,G008,E-Wallet,100500
O001304,2025-11-22,C0089,G003,E-Wallet,8150
O001305,2025-09-22,C0049,G003,Cash,8100
O001306,2025-03-04,C0068,G009,QRIS,67225
O001307,2025-02-02,C0040,G008,Transfer,33200
O001308,2025-10-07,C0057,G008,Transfer,5500
O001309,2025-03-23,C0042,G005,E-Wallet,86700
O001310,2025-09-19,C0085,G007,QRIS,3500
O001311,2025-01-07,C0080,G009,E-Wallet,44950
O001312,2025-04-27,C0046,G006,QRIS,123100
O001313,2025-05-05,C0029,G007,QRIS,60750
O001314,2025-05-19,C0028,G002,Cash,52500
O001315,2025-09-28,C0095,G008,Transfer,73550
O001316,2025-03-21,C0055,G004,E-Wallet,24400
O001317,2025-02-20,C0075,G005,Cash,62625
O001318,2025-05-26,C0067,G007,Transfer,3150
O001319,2025-01-07,C0041,G001,Transfer,129975
O001320,2025-04-10,C0096,G004,E-Wallet,66500
O001321,2025-01-21,C0089,G010,Cash,51425
O001322,2025-10-12,C0016,G007,E-Wallet,99600
O001323,2025-06-01,C0004,G006,Transfer,41800
O001324,2025-05-21,C0047,G001,Transfer,17000
O001325,2025-11-13,C0038,G002,QRIS,35150
O001326,2025-06-18,C0005,G003,E-Wallet,39500
O001327,2025-08-21,C0088,G003,Transfer,57500
O001328,2025-08-04,C0088,G009,Cash,67500
O001329,2025-05-22,C0080,G005,QRIS,50850
O001330,2025-05-13,C0063,G005,Cash,162650
O001331,2025-04-25,C0100,G007,Transfer,85675
O001332,2025-09-02,C0007,G002,Transfer,121800
O001333,2025-10-08,C0043,G008,Cash,85200
O001334,2025-02-09,C0082,G002,Transfer,79000
O001335,2025-10-02,C0093,G003,Transfer,67050
O001336,2025-08-05,C0029,G001,QRIS,22150
O001337,2025-04-27,C0099,G008,QRIS,115450
O001338,2025-03-26,C0083,G004,QRIS,4275
O001339,2025-05-13,C0022,G004,QRIS,103650
O001340,2025-05-29,C0100,G005,QRIS,18625
O001341,2025-07-30,C0012,G006,Transfer,24000
O001342,2025-08-05,C0060,G008,Transfer,38050
O001343,2025-11-05,C0027,G006,Cash,52500
O001344,2025-09-21,C0023,G001,E-Wallet,25050
O001345,2025-05-18,C0048,G007,Cash,15675
O001346,2025-07-10,C0032,G002,Transfer,48150
O001347,2025-12-16,C0014,G005,QRIS,12825
O001348,2025-11-03,C0056,G006,Cash,39500
O001349,2025-08-09,C0087,G010,E-Wallet,9900
O001350,2025-11-04,C0057,G004,QRIS,21900
O001351,2025-07-06,C0023,G005,QRIS,187575
O001352,2025-05-26,C0079,G001,Transfer,125750
O001353,2025-07-22,C0098,G009,Cash,126000
O001354,2025-09-14,C0045,G003,QRIS,30500
O001355,2025-07-10,C0054,G003,E-Wallet,79500
O001356,2025-08-02,C0068,G005,Transfer,45000
O001357,2025-10-10,C0040,G005,Cash,91450
O001358,2025-01-29,C0056,G006,Transfer,51000
O001359,2025-08-10,C0012,G002,E-Wallet,38000
O001360,2025-04-26,C0021,G008,E-Wallet,38525
O001361,2025-07-02,C0005,G003,QRIS,5500
O001362,2025-05-01,C0066,G010,Transfer,29875
O001363,2025-04-01,C0080,G008,Transfer,6650
O001364,2025-03-09,C0003,G003,QRIS,73500
O001365,2025-07-23,C0013,G005,Cash,51000
O001366,2025-05-02,C0098,G002,E-Wallet,33500
O001367,2025-07-12,C0076,G003,Cash,35200
O001368,2025-10-31,C0091,G005,QRIS,54525
O001369,2025-10-22,C0036,G008,Cash,6300
O001370,2025-09-09,C0059,G001,E-Wallet,25150
O001371,2025-11-26,C0080,G010,E-Wallet,75125
O001372,2025-07-14,C0072,G003,E-Wallet,52200
O001373,2025-07-27,C0006,G002,Cash,93750
O001374,2025-09-10,C0072,G005,E-Wallet,19000
O001375,2025-09-24,C0064,G007,Cash,121075
O001376,2025-06-17,C0029,G003,E-Wallet,79725
O001377,2025-06-22,C0067,G006,Transfer,92225
O001378,2025-03-20,C0080,G002,E-Wallet,51500
O001379,2025-06-10,C0030,G007,E-Wallet,17950
O001380,2025-10-15,C0046,G004,QRIS,63525
O001381,2025-01-02,C0090,G002,E-Wallet,23700
O001382,2025-05-04,C0012,G002,QRIS,93900
O001383,2025-06-12,C0052,G002,QRIS,157275
O001384,2025-01-22,C0076,G008,E-Wallet,31450
O001385,2025-12-11,C0035,G003,Cash,45500
O001386,2025-02-20,C0059,G009,QRIS,10500
O001387,2025-10-23,C0085,G009,E-Wallet,29500
O001388,2025-04-22,C0032,G007,QRIS,101500
O001389,2025-06-28,C0100,G006,E-Wallet,61150
O001390,2025-01-28,C0026,G008,Cash,36150
O001391,2025-08-21,C0060,G004,E-Wallet,35550
O001392,2025-02-03,C0081,G009,QRIS,43650
O001393,2025-01-15,C0014,G008,E-Wallet,120575
O001394,2025-09-28,C0064,G005,Cash,12000
O001395,2025-08-03,C0011,G001,Cash,5225
O001396,2025-08-26,C0044,G005,Transfer,54000
O001397,2025-02-02,C0005,G009,QRIS,32300
O001398,2025-10-27,C0086,G009,E-Wallet,66975
O001399,2025-08-03,C0020,G005,Transfer,43550
O001400,2025-07-14,C0078,G001,Cash,62700
O001401,2025-09-30,C0089,G009,E-Wallet,22800
O001402,2025-07-28,C0022,G003,Transfer,70500
O001403,2025-09-18,C0055,G007,E-Wallet,30375
O001404,2025-01-18,C0076,G010,QRIS,112050
O001405,2025-09-23,C0065,G010,E-Wallet,175650
O001406,2025-05-10,C0020,G002,QRIS,17000
O001407,2025-01-29,C0042,G006,E-Wallet,41000
O001408,2025-06-30,C0029,G005,Cash,8075
O001409,2025-07-19,C0020,G010,E-Wallet,37500
O001410,2025-08-20,C0039,G001,E-Wallet,35425
O001411,2025-09-03,C0056,G007,QRIS,82525
O001412,2025-04-16,C0054,G003,QRIS,10350
O001413,2025-01-21,C0085,G007,E-Wallet,35800
O001414,2025-09-21,C0024,G010,E-Wallet,8500
O001415,2025-09-23,C0042,G008,Transfer,15500
O001416,2025-06-28,C0057,G004,Transfer,58000
O001417,2025-12-02,C0067,G003,E-Wallet,13500
O001418,2025-06-19,C0026,G001,Cash,40525
O001419,2025-12-22,C0099,G003,Cash,20700
O001420,2025-02-17,C0063,G008,QRIS,102000
O001421,2025-04-11,C0080,G008,E-Wallet,32400
O001422,2025-10-05,C0064,G006,Cash,15300
O001423,2025-06-02,C0017,G010,E-Wallet,39425
O001424,2025-05-15,C0090,G007,QRIS,83700
O001425,2025-07-24,C0035,G001,E-Wallet,5500
O001426,2025-03-15,C0062,G006,QRIS,7750
O001427,2025-02-22,C0010,G004,E-Wallet,69300
O001428,2025-02-19,C0006,G001,Transfer,48600
O001429,2025-02-09,C0025,G006,Cash,89350
O001430,2025-04-02,C0098,G005,E-Wallet,100750
O001431,2025-02-08,C0001,G005,QRIS,39500
O001432,2025-06-21,C0042,G004,E-Wallet,29700
O001433,2025-09-21,C0099,G007,E-Wallet,25500
O001434,2025-07-19,C0021,G006,E-Wallet,65000
O001435,2025-05-27,C0057,G007,Transfer,161175
O001436,2025-08-12,C0022,G006,E-Wallet,30450
O001437,2025-07-28,C0047,G007,Transfer,56000
O001438,2025-10-24,C0094,G003,QRIS,150000
O001439,2025-04-12,C0010,G006,QRIS,30100
O001440,2025-09-18,C0007,G004,E-Wallet,81725
O001441,2025-10-14,C0062,G006,Transfer,123500
O001442,2025-01-29,C0004,G006,E-Wallet,38075
O001443,2025-02-14,C0019,G003,E-Wallet,21000
O001444,2025-11-21,C0046,G004,E-Wallet,51500
O001445,2025-03-20,C0074,G003,Transfer,53650
O001446,2025-05-14,C0072,G006,Cash,56550
O001447,2025-01-08,C0099,G005,Cash,18675
O001448,2025-05-23,C0007,G005,E-Wallet,117250
O001449,2025-12-16,C0088,G008,QRIS,20075
O001450,2025-01-02,C0087,G001,QRIS,116550
O001451,2025-06-30,C0079,G003,Cash,79000
O001452,2025-02-03,C0075,G007,QRIS,3000
O001453,2025-09-22,C0034,G008,QRIS,70100
O001454,2025-03-14,C0073,G003,Transfer,88125
O001455,2025-01-10,C0001,G006,E-Wallet,9450
O001456,2025-05-01,C0012,G003,E-Wallet,29850
O001457,2025-11-29,C0046,G005,QRIS,35175
O001458,2025-05-31,C0052,G003,E-Wallet,75325
O001459,2025-06-24,C0012,G006,Transfer,84175
O001460,2025-06-21,C0007,G009,Transfer,22600
O001461,2025-03-04,C0033,G005,Cash,50550
O001462,2025-12-28,C0085,G001,E-Wallet,18650
O001463,2025-06-28,C0041,G003,E-Wallet,91000
O001464,2025-08-26,C0025,G010,E-Wallet,43450
O001465,2025-06-02,C0001,G002,E-Wallet,104600
O001466,2025-01-21,C0025,G008,E-Wallet,48000
O001467,2025-02-27,C0082,G002,QRIS,18450
O001468,2025-11-19,C0090,G009,Transfer,84400
O001469,2025-03-25,C0059,G005,QRIS,106650
O001470,2025-02-16,C0067,G008,QRIS,19500
O001471,2025-12-18,C0089,G006,QRIS,27550
O001472,2025-08-28,C0027,G009,QRIS,96000
O001473,2025-06-25,C0090,G005,QRIS,18525
O001474,2025-02-22,C0083,G008,QRIS,81575
O001475,2025-04-20,C0047,G009,Transfer,53450
O001476,2025-04-26,C0017,G001,Cash,75675
O001477,2025-12-24,C0087,G006,E-Wallet,58950
O001478,2025-04-28,C0062,G006,Cash,33225
O001479,2025-10-08,C0048,G007,QRIS,16500
O001480,2025-11-22,C0020,G002,QRIS,55600
O001481,2025-08-26,C0039,G003,QRIS,66600
O001482,2025-08-21,C0062,G009,Cash,47250
O001483,2025-05-08,C0006,G008,E-Wallet,135075
O001484,2025-06-04,C0027,G009,Transfer,118225
O001485,2025-06-14,C0078,G009,Cash,83550
O001486,2025-12-12,C0097,G003,Transfer,71500
O001487,2025-01-09,C0078,G001,E-Wallet,15675
O001488,2025-03-23,C0042,G007,E-Wallet,21150
O001489,2025-05-09,C0047,G002,Cash,30600
O001490,2025-12-20,C0077,G009,E-Wallet,14000
O001491,2025-08-07,C0090,G008,E-Wallet,43550
O001492,2025-09-27,C0078,G002,E-Wallet,128025
O001493,2025-06-08,C0072,G005,Transfer,160975
O001494,2025-09-17,C0057,G004,Transfer,78525
O001495,2025-02-03,C0071,G007,E-Wallet,62000
O001496,2025-07-10,C0055,G005,Transfer,106350
O001497,2025-09-20,C0009,G003,Cash,74900
O001498,2025-07-25,C0097,G009,Cash,21500
O001499,2025-10-30,C0008,G006,E-Wallet,67025
O001500,2025-01-20,C0045,G008,Cash,129500
O001501,2025-04-07,C0079,G003,E-Wallet,45400
O001502,2025-06-20,C0096,G006,Cash,13500
O001503,2025-02-20,C0070,G005,E-Wallet,77850
O001504,2025-12-26,C0031,G005,E-Wallet,8100
O001505,2025-12-03,C0013,G009,Transfer,17000
O001506,2025-02-11,C0018,G002,Transfer,38025
O001507,2025-04-25,C0087,G003,Transfer,77750
O001508,2025-07-09,C0041,G006,E-Wallet,82000
O001509,2025-12-28,C0094,G008,Cash,128950
O001510,2025-09-13,C0071,G006,Cash,214200
O001511,2025-01-16,C0057,G005,Transfer,57150
O001512,2025-12-02,C0002,G001,E-Wallet,6500
O001513,2025-01-29,C0024,G008,Transfer,13500
O001514,2025-05-17,C0056,G009,Cash,65950
O001515,2025-09-27,C0003,G001,E-Wallet,14850
O001516,2025-07-08,C0048,G002,Transfer,15500
O001517,2025-02-08,C0095,G003,QRIS,12350
O001518,2025-09-07,C0038,G001,QRIS,78050
O001519,2025-03-28,C0094,G010,Transfer,62000
O001520,2025-12-03,C0002,G007,Transfer,18000
O001521,2025-03-08,C0020,G007,Transfer,35000
O001522,2025-08-31,C0074,G009,Cash,49850
O001523,2025-11-12,C0052,G008,Transfer,204575
O001524,2025-09-28,C0014,G006,Transfer,6300
O001525,2025-08-18,C0030,G007,QRIS,17000
O001526,2025-03-15,C0092,G009,QRIS,2500
O001527,2025-11-10,C0096,G006,E-Wallet,8500
O001528,2025-01-28,C0016,G003,Transfer,20100
O001529,2025-07-29,C0051,G007,Cash,120475
O001530,2025-11-07,C0077,G002,Transfer,31500
O001531,2025-04-09,C0078,G009,QRIS,46350
O001532,2025-03-20,C0075,G003,E-Wallet,21850
O001533,2025-10-23,C0004,G008,Cash,52575
O001534,2025-04-17,C0036,G006,Transfer,123750
O001535,2025-07-07,C0096,G010,Cash,13800
O001536,2025-04-26,C0006,G006,Transfer,99000
O001537,2025-09-28,C0007,G002,Cash,77550
O001538,2025-07-13,C0082,G006,Cash,129800
O001539,2025-10-03,C0023,G010,Transfer,45450
O001540,2025-04-27,C0050,G003,Cash,56200
O001541,2025-04-02,C0029,G005,Transfer,32500
O001542,2025-07-05,C0044,G001,E-Wallet,65900
O001543,2025-08-22,C0047,G002,Transfer,9450
O001544,2025-03-26,C0078,G002,Transfer,67550
O001545,2025-03-06,C0082,G004,Transfer,136150
O001546,2025-05-09,C0092,G004,Cash,68575
O001547,2025-02-09,C0022,G004,Cash,64600
O001548,2025-01-15,C0001,G009,Transfer,67000
O001549,2025-04-07,C0027,G002,Cash,86525
O001550,2025-04-29,C0041,G002,QRIS,53150
O001551,2025-01-16,C0041,G010,QRIS,33775
O001552,2025-07-03,C0035,G007,E-Wallet,24500
O001553,2025-11-29,C0043,G008,QRIS,92300
O001554,2025-04-13,C0094,G007,E-Wallet,26500
O001555,2025-12-03,C0002,G001,Cash,83150
O001556,2025-10-24,C0089,G002,QRIS,24225
O001557,2025-12-05,C0023,G007,Transfer,28500
O001558,2025-08-04,C0004,G001,Cash,57100
O001559,2025-05-21,C0039,G002,E-Wallet,74325
O001560,2025-01-11,C0066,G008,Transfer,31050
O001561,2025-08-05,C0073,G010,E-Wallet,24225
O001562,2025-05-12,C0077,G008,Transfer,16150
O001563,2025-02-23,C0100,G003,Cash,239075
O001564,2025-03-28,C0018,G007,Transfer,78700
O001565,2025-01-11,C0054,G009,Cash,138775
O001566,2025-01-27,C0093,G007,E-Wallet,114600
O001567,2025-08-21,C0004,G007,Cash,25050
O001568,2025-02-07,C0026,G004,Cash,48600
O001569,2025-01-25,C0033,G001,Cash,8500
O001570,2025-04-03,C0030,G001,Cash,73600
O001571,2025-05-13,C0033,G008,Transfer,71000
O001572,2025-05-15,C0080,G009,Cash,69350
O001573,2025-08-31,C0067,G008,E-Wallet,138450
O001574,2025-12-18,C0041,G004,QRIS,20150
O001575,2025-12-01,C0047,G001,QRIS,8100
O001576,2025-06-13,C0089,G009,Transfer,90850
O001577,2025-04-16,C0023,G006,Cash,16000
O001578,2025-01-02,C0087,G008,Transfer,45000
O001579,2025-05-16,C0095,G001,Transfer,22800
O001580,2025-05-01,C0012,G001,E-Wallet,99950
O001581,2025-01-12,C0083,G010,E-Wallet,42275
O001582,2025-01-15,C0046,G002,E-Wallet,77050
O001583,2025-02-27,C0092,G006,Transfer,32300
O001584,2025-05-26,C0081,G004,Transfer,20700
O001585,2025-08-12,C0020,G009,QRIS,44100
O001586,2025-12-03,C0018,G003,Cash,17000
O001587,2025-04-22,C0079,G009,Transfer,53900
O001588,2025-09-13,C0023,G006,QRIS,147600
O001589,2025-11-28,C0027,G009,Cash,80450
O001590,2025-07-22,C0001,G005,QRIS,43050
O001591,2025-06-04,C0078,G010,Transfer,122450
O001592,2025-08-10,C0051,G007,Cash,54025
O001593,2025-12-24,C0067,G009,Transfer,13500
O001594,2025-01-18,C0023,G008,Transfer,91375
O001595,2025-10-26,C0064,G008,Cash,30875
O001596,2025-08-02,C0049,G006,Transfer,57500
O001597,2025-03-27,C0063,G007,Cash,22950
O001598,2025-07-25,C0091,G008,Transfer,174800
O001599,2025-12-30,C0005,G002,Cash,27900
O001600,2025-11-25,C0020,G010,E-Wallet,32325
O001601,2025-10-10,C0070,G004,Cash,157450
O001602,2025-07-11,C0036,G002,E-Wallet,53675
O001603,2025-09-08,C0089,G005,QRIS,20125
O001604,2025-09-20,C0047,G005,Transfer,20000
O001605,2025-04-21,C0041,G006,Cash,63850
O001606,2025-09-05,C0097,G001,QRIS,19350
O001607,2025-05-20,C0065,G007,QRIS,130325
O001608,2025-02-19,C0075,G006,E-Wallet,34550
O001609,2025-04-16,C0044,G003,E-Wallet,74250
O001610,2025-06-19,C0060,G010,QRIS,142400
O001611,2025-03-03,C0012,G003,Transfer,87775
O001612,2025-12-06,C0084,G005,QRIS,107550
O001613,2025-01-21,C0034,G010,E-Wallet,33150
O001614,2025-01-30,C0046,G010,QRIS,16500
O001615,2025-11-23,C0033,G005,Transfer,159250
O001616,2025-06-05,C0032,G004,Cash,40500
O001617,2025-12-22,C0021,G005,Transfer,112900
O001618,2025-01-03,C0052,G006,E-Wallet,34450
O001619,2025-04-29,C0088,G003,Cash,101475
O001620,2025-05-20,C0074,G003,E-Wallet,21850
O001621,2025-08-31,C0092,G006,E-Wallet,25000
O001622,2025-01-17,C0093,G010,E-Wallet,2500
O001623,2025-05-08,C0031,G006,E-Wallet,16500
O001624,2025-10-16,C0057,G004,E-Wallet,40050
O001625,2025-01-09,C0036,G008,QRIS,5000
O001626,2025-02-04,C0006,G004,E-Wallet,23275
O001627,2025-09-01,C0038,G006,Transfer,72050
O001628,2025-03-01,C0077,G002,QRIS,151125
O001629,2025-11-01,C0056,G003,Cash,44450
O001630,2025-07-30,C0055,G005,E-Wallet,10500
O001631,2025-07-16,C0024,G001,QRIS,63100
O001632,2025-02-14,C0056,G001,QRIS,61125
O001633,2025-05-21,C0011,G008,E-Wallet,25550
O001634,2025-01-14,C0051,G002,Transfer,3500
O001635,2025-01-23,C0020,G006,E-Wallet,84025
O001636,2025-10-13,C0072,G005,Cash,47350
O001637,2025-07-20,C0050,G002,E-Wallet,7000
O001638,2025-08-02,C0034,G001,E-Wallet,112050
O001639,2025-08-24,C0062,G003,E-Wallet,31500
O001640,2025-01-18,C0032,G008,E-Wallet,62300
O001641,2025-10-29,C0086,G002,Cash,46350
O001642,2025-02-25,C0055,G008,Cash,22250
O001643,2025-10-26,C0037,G008,QRIS,50050
O001644,2025-03-09,C0016,G004,Cash,49425
O001645,2025-03-10,C0100,G004,Transfer,34850
O001646,2025-01-04,C0001,G009,Cash,93525
O001647,2025-07-12,C0066,G009,QRIS,112200
O001648,2025-08-05,C0100,G003,Cash,21000
O001649,2025-08-27,C0063,G009,Transfer,57275
O001650,2025-11-14,C0100,G002,E-Wallet,29500
O001651,2025-07-08,C0021,G003,QRIS,58275
O001652,2025-04-17,C0043,G007,QRIS,28500
O001653,2025-05-31,C0043,G006,E-Wallet,7000
O001654,2025-04-12,C0061,G010,E-Wallet,111850
O001655,2025-02-20,C0081,G007,QRIS,13500
O001656,2025-01-11,C0096,G008,E-Wallet,91800
O001657,2025-02-06,C0009,G002,E-Wallet,125950
O001658,2025-07-06,C0041,G009,QRIS,106800
O001659,2025-04-10,C0006,G003,E-Wallet,16500
O001660,2025-04-23,C0060,G007,E-Wallet,65225
O001661,2025-07-24,C0100,G004,Transfer,51300
O001662,2025-03-15,C0054,G005,E-Wallet,152600
O001663,2025-10-23,C0005,G010,QRIS,45350
O001664,2025-07-10,C0018,G008,QRIS,12000
O001665,2025-06-04,C0039,G003,E-Wallet,95150
O001666,2025-04-15,C0093,G001,Transfer,95525
O001667,2025-09-23,C0025,G004,Cash,10825
O001668,2025-08-04,C0089,G002,Cash,49125
O001669,2025-02-06,C0061,G007,QRIS,80350
O001670,2025-10-19,C0032,G004,Cash,64950
O001671,2025-01-11,C0047,G010,Cash,99375
O001672,2025-03-03,C0094,G009,E-Wallet,63450
O001673,2025-12-03,C0069,G002,E-Wallet,52075
O001674,2025-04-23,C0025,G003,Cash,44175
O001675,2025-04-14,C0054,G006,QRIS,32400
O001676,2025-12-17,C0098,G003,Transfer,16500
O001677,2025-06-28,C0013,G007,Transfer,32150
O001678,2025-08-15,C0067,G002,Transfer,86500
O001679,2025-12-16,C0096,G002,E-Wallet,22950
O001680,2025-05-23,C0017,G008,Transfer,62050
O001681,2025-01-13,C0057,G009,Cash,150575
O001682,2025-05-10,C0092,G002,QRIS,69500
O001683,2025-04-12,C0023,G010,Transfer,65500
O001684,2025-03-05,C0044,G006,Cash,122200
O001685,2025-03-05,C0043,G005,Cash,59000
O001686,2025-10-06,C0055,G004,Transfer,28500
O001687,2025-02-09,C0055,G003,Transfer,62750
O001688,2025-08-17,C0015,G009,E-Wallet,57800
O001689,2025-11-12,C0085,G005,Cash,39425
O001690,2025-04-28,C0057,G005,E-Wallet,58525
O001691,2025-10-26,C0021,G010,Transfer,54000
O001692,2025-09-02,C0079,G001,QRIS,8075
O001693,2025-05-04,C0084,G008,Transfer,47700
O001694,2025-09-27,C0051,G001,E-Wallet,22975
O001695,2025-01-03,C0012,G006,Cash,120950
O001696,2025-02-09,C0041,G006,Transfer,21150
O001697,2025-09-28,C0079,G005,Transfer,40000
O001698,2025-08-12,C0011,G004,Transfer,69800
O001699,2025-09-28,C0082,G010,QRIS,115375
O001700,2025-05-03,C0080,G003,Transfer,73500
O001701,2025-05-21,C0099,G004,Transfer,22950
O001702,2025-07-07,C0021,G007,QRIS,83100
O001703,2025-01-16,C0095,G004,QRIS,31800
O001704,2025-11-04,C0089,G010,QRIS,57275
O001705,2025-07-30,C0041,G008,QRIS,100500
O001706,2025-02-22,C0042,G008,Cash,45350
O001707,2025-06-30,C0015,G005,E-Wallet,117300
O001708,2025-01-11,C0096,G009,Cash,45000
O001709,2025-04-10,C0082,G005,E-Wallet,84375
O001710,2025-06-19,C0082,G010,Cash,104600
O001711,2025-12-31,C0094,G010,E-Wallet,22000
O001712,2025-11-26,C0022,G009,QRIS,21550
O001713,2025-12-29,C0051,G002,Cash,101600
O001714,2025-10-16,C0017,G008,QRIS,62500
O001715,2025-11-22,C0055,G004,Cash,59000
O001716,2025-09-30,C0027,G007,QRIS,10500
O001717,2025-02-05,C0089,G007,E-Wallet,8500
O001718,2025-03-05,C0057,G009,E-Wallet,117150
O001719,2025-05-07,C0081,G001,Transfer,54000
O001720,2025-10-22,C0059,G003,Cash,41275
O001721,2025-01-09,C0036,G010,E-Wallet,15300
O001722,2025-03-28,C0059,G003,E-Wallet,154525
O001723,2025-05-05,C0017,G009,Cash,32300
O001724,2025-11-08,C0051,G009,Transfer,52600
O001725,2025-04-16,C0094,G006,Cash,83550
O001726,2025-06-17,C0098,G001,Cash,77150
O001727,2025-03-09,C0061,G004,Cash,10500
O001728,2025-09-22,C0093,G010,Cash,118850
O001729,2025-08-19,C0076,G008,E-Wallet,23400
O001730,2025-06-28,C0027,G009,Transfer,31000
O001731,2025-02-25,C0055,G005,Transfer,104275
O001732,2025-04-16,C0047,G008,QRIS,35350
O001733,2025-08-11,C0100,G004,Transfer,95150
O001734,2025-08-23,C0030,G008,E-Wallet,39950
O001735,2025-07-22,C0039,G006,Cash,43700
O001736,2025-09-23,C0031,G009,QRIS,59700
O001737,2025-06-01,C0070,G009,Transfer,66000
O001738,2025-02-08,C0012,G009,QRIS,36000
O001739,2025-09-29,C0033,G003,QRIS,97250
O001740,2025-01-29,C0004,G008,E-Wallet,83150
O001741,2025-12-30,C0030,G004,Cash,55700
O001742,2025-11-24,C0085,G002,Transfer,53325
O001743,2025-10-11,C0096,G005,Transfer,92100
O001744,2025-12-16,C0082,G004,E-Wallet,93975
O001745,2025-06-11,C0090,G010,E-Wallet,27225
O001746,2025-03-18,C0040,G008,E-Wallet,15300
O001747,2025-02-15,C0027,G007,E-Wallet,12150
O001748,2025-12-03,C0010,G010,E-Wallet,136450
O001749,2025-03-24,C0063,G005,Transfer,190150
O001750,2025-02-21,C0031,G009,QRIS,9000
O001751,2025-10-11,C0017,G006,Transfer,60350
O001752,2025-08-12,C0021,G003,Transfer,31000
O001753,2025-11-05,C0080,G001,QRIS,84075
O001754,2025-08-01,C0083,G008,E-Wallet,57525
O001755,2025-10-17,C0069,G003,Transfer,63000
O001756,2025-03-08,C0019,G010,Transfer,49475
O001757,2025-09-23,C0090,G002,QRIS,54475
O001758,2025-06-27,C0080,G008,Cash,24500
O001759,2025-07-07,C0040,G008,Transfer,70225
O001760,2025-05-03,C0071,G001,Transfer,14000
O001761,2025-03-24,C0048,G009,Cash,57575
O001762,2025-03-08,C0055,G002,Cash,91550
O001763,2025-08-06,C0014,G010,Cash,125350
O001764,2025-06-10,C0026,G007,Cash,95050
O001765,2025-11-27,C0093,G009,E-Wallet,27900
O001766,2025-07-15,C0081,G006,Transfer,49800
O001767,2025-08-13,C0094,G010,QRIS,83450
O001768,2025-06-29,C0079,G004,QRIS,121950
O001769,2025-04-26,C0082,G010,E-Wallet,12825
O001770,2025-06-21,C0080,G002,QRIS,24500
O001771,2025-06-12,C0024,G002,Cash,109650
O001772,2025-06-10,C0100,G009,QRIS,60700
O001773,2025-01-13,C0034,G004,E-Wallet,5000
O001774,2025-02-13,C0066,G006,Transfer,91750
O001775,2025-07-13,C0028,G008,E-Wallet,44450
O001776,2025-11-22,C0053,G009,QRIS,79000
O001777,2025-12-03,C0015,G010,Transfer,6000
O001778,2025-05-26,C0069,G003,E-Wallet,58050
O001779,2025-11-04,C0010,G010,QRIS,34775
O001780,2025-04-29,C0041,G001,QRIS,20350
O001781,2025-01-01,C0052,G002,Cash,40150
O001782,2025-08-28,C0076,G003,Transfer,80250
O001783,2025-07-04,C0016,G007,Transfer,16150
O001784,2025-12-07,C0051,G001,E-Wallet,13500
O001785,2025-08-02,C0016,G003,E-Wallet,23700
O001786,2025-02-20,C0045,G005,Cash,89200
O001787,2025-11-02,C0061,G007,E-Wallet,61500
O001788,2025-02-06,C0090,G009,Transfer,16500
O001789,2025-02-13,C0023,G009,Cash,105325
O001790,2025-01-23,C0077,G005,QRIS,22325
O001791,2025-04-21,C0075,G001,Transfer,59000
O001792,2025-03-14,C0009,G004,Cash,37950
O001793,2025-01-03,C0065,G009,Cash,39500
O001794,2025-11-13,C0006,G003,QRIS,103950
O001795,2025-09-11,C0012,G005,Transfer,40650
O001796,2025-08-03,C0071,G001,Transfer,18525
O001797,2025-05-30,C0087,G008,E-Wallet,10925
O001798,2025-06-07,C0057,G010,QRIS,53100
O001799,2025-06-03,C0084,G010,E-Wallet,70500
O001800,2025-05-16,C0008,G008,Cash,46000
O001801,2025-03-25,C0039,G008,E-Wallet,87000
O001802,2025-05-07,C0093,G008,Cash,81650
O001803,2025-06-29,C0012,G009,QRIS,127650
O001804,2025-04-24,C0096,G007,QRIS,24000
O001805,2025-01-12,C0025,G005,Cash,98500
O001806,2025-03-26,C0024,G002,Transfer,109750
O001807,2025-12-13,C0055,G010,Cash,111975
O001808,2025-09-11,C0067,G003,Cash,14850
O001809,2025-03-31,C0069,G009,E-Wallet,61150
O001810,2025-09-30,C0084,G009,Transfer,86200
O001811,2025-10-08,C0033,G008,QRIS,78175
O001812,2025-09-21,C0028,G006,QRIS,80500
O001813,2025-04-30,C0083,G007,Transfer,52850
O001814,2025-01-20,C0050,G005,QRIS,36000
O001815,2025-10-12,C0036,G007,Transfer,32400
O001816,2025-04-02,C0035,G008,Cash,3325
O001817,2025-04-11,C0071,G003,E-Wallet,3500
O001818,2025-09-05,C0100,G006,Transfer,116250
O001819,2025-08-26,C0045,G006,E-Wallet,20700
O001820,2025-10-28,C0055,G010,QRIS,70800
O001821,2025-03-07,C0026,G006,QRIS,30050
O001822,2025-06-29,C0091,G007,QRIS,9000
O001823,2025-09-01,C0030,G009,E-Wallet,3500
O001824,2025-09-18,C0062,G009,QRIS,104325
O001825,2025-07-13,C0078,G007,QRIS,53000
O001826,2025-08-08,C0024,G005,E-Wallet,117900
O001827,2025-11-09,C0092,G006,QRIS,80100
O001828,2025-12-30,C0001,G008,E-Wallet,78325
O001829,2025-01-27,C0004,G009,Transfer,79650
O001830,2025-01-02,C0053,G002,E-Wallet,172750
O001831,2025-04-25,C0071,G003,Transfer,33700
O001832,2025-10-15,C0069,G006,QRIS,2500
O001833,2025-10-05,C0056,G002,E-Wallet,80575
O001834,2025-06-18,C0090,G008,Transfer,24150
O001835,2025-10-31,C0011,G002,QRIS,65000
O001836,2025-01-05,C0027,G006,QRIS,18875
O001837,2025-11-21,C0007,G009,Cash,49675
O001838,2025-08-12,C0099,G009,Transfer,9450
O001839,2025-06-01,C0037,G008,Transfer,20775
O001840,2025-03-15,C0020,G003,Transfer,118500
O001841,2025-12-08,C0035,G003,QRIS,59025
O001842,2025-05-18,C0098,G006,Cash,51000
O001843,2025-03-15,C0084,G005,Transfer,54675
O001844,2025-11-24,C0070,G008,QRIS,52200
O001845,2025-05-24,C0084,G008,Transfer,80500
O001846,2025-03-16,C0012,G002,Transfer,16500
O001847,2025-06-12,C0036,G003,E-Wallet,81700
O001848,2025-11-27,C0070,G008,E-Wallet,108975
O001849,2025-02-14,C0081,G008,QRIS,6000
O001850,2025-12-27,C0012,G004,QRIS,93850
O001851,2025-03-16,C0017,G003,Transfer,50925
O001852,2025-08-17,C0025,G005,Transfer,62325
O001853,2025-03-04,C0084,G009,E-Wallet,55350
O001854,2025-10-21,C0028,G001,Transfer,52400
O001855,2025-07-05,C0057,G002,Transfer,10500
O001856,2025-04-04,C0064,G004,Cash,116100
O001857,2025-07-11,C0040,G010,QRIS,133175
O001858,2025-10-31,C0078,G004,Cash,25500
O001859,2025-11-22,C0078,G006,Cash,31000
O001860,2025-12-13,C0049,G009,Cash,61200
O001861,2025-12-09,C0015,G009,Cash,15675
O001862,2025-08-05,C0005,G003,QRIS,79800
O001863,2025-12-24,C0061,G005,Cash,26150
O001864,2025-05-24,C0016,G006,Cash,76950
O001865,2025-03-07,C0038,G008,Transfer,4050
O001866,2025-10-12,C0006,G009,Cash,42375
O001867,2025-03-02,C0039,G001,E-Wallet,80200
O001868,2025-08-06,C0042,G010,Cash,12000
O001869,2025-11-27,C0001,G001,Transfer,30975
O001870,2025-05-17,C0027,G007,Cash,88400
O001871,2025-04-01,C0075,G002,QRIS,38750
O001872,2025-01-26,C0095,G007,E-Wallet,69400
O001873,2025-03-14,C0078,G001,Cash,63900
O001874,2025-09-22,C0012,G004,Transfer,65450
O001875,2025-11-02,C0094,G009,E-Wallet,45225
O001876,2025-12-22,C0053,G008,Transfer,92050
O001877,2025-02-10,C0098,G010,Transfer,18525
O001878,2025-11-21,C0021,G010,E-Wallet,27950
O001879,2025-06-16,C0089,G009,Cash,51700
O001880,2025-09-21,C0038,G004,QRIS,50200
O001881,2025-12-01,C0058,G010,Transfer,92500
O001882,2025-04-07,C0011,G005,Cash,3000
O001883,2025-11-04,C0084,G008,E-Wallet,112350
O001884,2025-03-09,C0048,G009,Transfer,90450
O001885,2025-07-28,C0075,G008,Transfer,133725
O001886,2025-12-29,C0093,G005,QRIS,51850
O001887,2025-02-27,C0003,G007,Cash,10500
O001888,2025-01-04,C0032,G001,E-Wallet,6500
O001889,2025-01-20,C0046,G008,Transfer,12825
O001890,2025-03-26,C0025,G002,E-Wallet,52300
O001891,2025-08-24,C0075,G003,Transfer,63150
O001892,2025-12-18,C0034,G008,E-Wallet,69300
O001893,2025-03-16,C0053,G008,Cash,36000
O001894,2025-09-04,C0022,G008,Cash,34350
O001895,2025-12-21,C0056,G008,Transfer,30600
O001896,2025-10-28,C0072,G004,Cash,10500
O001897,2025-09-21,C0041,G003,QRIS,51000
O001898,2025-04-06,C0046,G002,QRIS,32775
O001899,2025-07-11,C0038,G010,Cash,28550
O001900,2025-10-05,C0075,G006,Cash,117600
O001901,2025-06-09,C0004,G010,Transfer,53375
O001902,2025-09-01,C0006,G005,Cash,27500
O001903,2025-11-09,C0092,G006,Cash,108975
O001904,2025-11-13,C0036,G005,QRIS,71325
O001905,2025-02-20,C0034,G008,QRIS,60000
O001906,2025-06-14,C0046,G009,Cash,42600
O001907,2025-12-15,C0019,G003,E-Wallet,26000
O001908,2025-05-03,C0018,G004,E-Wallet,5000
O001909,2025-07-21,C0005,G007,E-Wallet,111650
O001910,2025-10-20,C0097,G001,E-Wallet,104075
O001911,2025-04-11,C0078,G010,E-Wallet,160100
O001912,2025-10-22,C0048,G005,QRIS,106150
O001913,2025-06-20,C0081,G006,QRIS,4950
O001914,2025-06-21,C0097,G007,QRIS,21000
O001915,2025-08-16,C0067,G007,Cash,46275
O001916,2025-01-03,C0072,G004,E-Wallet,31800
O001917,2025-04-17,C0011,G003,Cash,88150
O001918,2025-07-31,C0004,G010,Cash,18450
O001919,2025-03-14,C0071,G006,Transfer,40950
O001920,2025-07-03,C0027,G001,E-Wallet,63325
O001921,2025-06-08,C0016,G008,QRIS,18500
O001922,2025-11-18,C0040,G002,Transfer,19950
O001923,2025-06-20,C0057,G008,QRIS,8500
O001924,2025-02-13,C0069,G001,Cash,4500
O001925,2025-12-08,C0021,G006,Transfer,133725
O001926,2025-07-26,C0085,G002,Transfer,105375
O001927,2025-06-29,C0064,G006,E-Wallet,69775
O001928,2025-02-14,C0035,G001,E-Wallet,4275
O001929,2025-04-22,C0035,G004,Cash,138650
O001930,2025-04-05,C0090,G003,QRIS,117600
O001931,2025-08-27,C0021,G003,Transfer,83875
O001932,2025-10-06,C0068,G003,E-Wallet,19500
O001933,2025-01-18,C0073,G010,QRIS,62075
O001934,2025-05-19,C0023,G008,Cash,60800
O001935,2025-08-20,C0006,G002,E-Wallet,97975
O001936,2025-05-22,C0080,G009,E-Wallet,22800
O001937,2025-09-27,C0047,G010,Transfer,4500
O001938,2025-12-15,C0052,G009,E-Wallet,99625
O001939,2025-08-25,C0009,G002,QRIS,59000
O001940,2025-01-01,C0069,G006,Transfer,46250
O001941,2025-12-04,C0010,G010,Transfer,43200
O001942,2025-08-16,C0028,G003,Cash,66725
O001943,2025-10-03,C0012,G001,Cash,118450
O001944,2025-03-10,C0052,G004,E-Wallet,56450
O001945,2025-07-16,C0082,G009,QRIS,79900
O001946,2025-04-14,C0023,G009,E-Wallet,62100
O001947,2025-03-21,C0062,G003,QRIS,49500
O001948,2025-10-25,C0018,G005,Cash,46475
O001949,2025-02-25,C0077,G004,E-Wallet,116450
O001950,2025-03-16,C0042,G002,QRIS,34200
O001951,2025-11-23,C0075,G010,Transfer,34000
O001952,2025-08-28,C0050,G007,E-Wallet,7500
O001953,2025-01-05,C0035,G005,QRIS,76300
O001954,2025-02-11,C0036,G009,QRIS,55050
O001955,2025-07-21,C0009,G002,E-Wallet,43025
O001956,2025-08-13,C0095,G005,Cash,93075
O001957,2025-03-03,C0027,G009,Cash,21050
O001958,2025-06-22,C0017,G007,Cash,92050
O001959,2025-12-17,C0091,G001,Cash,18750
O001960,2025-12-13,C0063,G001,QRIS,75600
O001961,2025-09-26,C0076,G006,E-Wallet,47750
O001962,2025-12-30,C0026,G006,Transfer,39150
O001963,2025-09-15,C0064,G006,Transfer,25450
O001964,2025-09-20,C0092,G010,E-Wallet,25500
O001965,2025-03-12,C0084,G007,QRIS,85650
O001966,2025-03-30,C0010,G009,E-Wallet,158200
O001967,2025-06-06,C0049,G004,E-Wallet,118500
O001968,2025-04-24,C0072,G006,Transfer,12350
O001969,2025-04-13,C0070,G002,Transfer,15750
O001970,2025-10-08,C0075,G009,QRIS,157000
O001971,2025-12-17,C0010,G002,Cash,15650
O001972,2025-07-02,C0009,G003,Transfer,151075
O001973,2025-10-26,C0019,G008,QRIS,42650
O001974,2025-03-08,C0077,G009,E-Wallet,154500
O001975,2025-05-08,C0044,G002,QRIS,95250
O001976,2025-08-25,C0012,G006,QRIS,117000
O001977,2025-03-06,C0050,G002,QRIS,51400
O001978,2025-10-14,C0085,G009,Cash,58150
O001979,2025-11-28,C0062,G006,E-Wallet,39500
O001980,2025-01-20,C0042,G001,Cash,48450
O001981,2025-01-09,C0017,G005,Transfer,7650
O001982,2025-01-21,C0078,G004,Cash,13500
O001983,2025-08-26,C0068,G007,E-Wallet,130300
O001984,2025-08-09,C0069,G010,QRIS,54500
O001985,2025-07-02,C0053,G001,Cash,31500
O001986,2025-05-25,C0027,G008,Cash,45000
O001987,2025-08-24,C0095,G005,E-Wallet,12350
O001988,2025-03-06,C0051,G006,Cash,14650
O001989,2025-01-30,C0033,G008,Cash,32500
O001990,2025-02-18,C0056,G006,E-Wallet,56700
O001991,2025-06-22,C0029,G003,Cash,51300
O001992,2025-01-24,C0080,G006,Cash,43500
O001993,2025-02-21,C0060,G007,Cash,25000
O001994,2025-04-18,C0092,G009,E-Wallet,92750
O001995,2025-03-30,C0012,G005,QRIS,56700
O001996,2025-04-20,C0095,G002,Transfer,80075
O001997,2025-04-03,C0024,G007,QRIS,78175
O001998,2025-10-21,C0003,G003,E-Wallet,54900
O001999,2025-03-11,C0066,G001,QRIS,9975
O002000,2025-03-09,C0019,G005,Transfer,3000
O002001,2025-09-14,C0090,G009,QRIS,29475
O002002,2025-06-19,C0061,G007,QRIS,8500
O002003,2025-09-27,C0031,G006,Cash,51750
O002004,2025-12-31,C0006,G002,Cash,80900
O002005,2025-05-09,C0049,G005,QRIS,126400
O002006,2025-12-25,C0045,G004,Cash,108325
O002007,2025-06-11,C0017,G009,Cash,32100
O002008,2025-02-04,C0079,G002,Transfer,96000
O002009,2025-12-04,C0006,G004,QRIS,58425
O002010,2025-02-06,C0003,G004,QRIS,78700
O002011,2025-05-28,C0090,G005,Cash,89650
O002012,2025-02-02,C0042,G006,Cash,53350
O002013,2025-09-05,C0082,G002,QRIS,23000
O002014,2025-06-09,C0065,G006,E-Wallet,31000
O002015,2025-09-17,C0049,G004,Transfer,34875
O002016,2025-05-15,C0077,G003,Transfer,13000
O002017,2025-07-10,C0034,G001,Cash,4950
O002018,2025-02-01,C0099,G009,Transfer,115200
O002019,2025-01-19,C0088,G004,Cash,18500
O002020,2025-10-25,C0030,G009,Cash,66150
O002021,2025-12-01,C0094,G008,QRIS,5500
O002022,2025-12-06,C0077,G008,E-Wallet,33450
O002023,2025-08-19,C0033,G004,Transfer,24500
O002024,2025-09-30,C0014,G010,QRIS,28650
O002025,2025-03-25,C0012,G002,E-Wallet,39000
O002026,2025-12-28,C0087,G006,Cash,105400
O002027,2025-01-08,C0057,G002,Cash,43800
O002028,2025-10-13,C0046,G003,QRIS,88600
O002029,2025-11-05,C0074,G002,E-Wallet,26975
O002030,2025-04-13,C0097,G001,Cash,76925
O002031,2025-09-24,C0043,G009,E-Wallet,96625
O002032,2025-10-19,C0059,G006,E-Wallet,12225
O002033,2025-04-20,C0024,G009,Transfer,25750
O002034,2025-06-13,C0046,G006,Cash,140650
O002035,2025-02-04,C0026,G007,Cash,80650
O002036,2025-12-16,C0082,G003,E-Wallet,27000
O002037,2025-12-11,C0011,G004,Cash,145900
O002038,2025-09-26,C0093,G008,Cash,95575
O002039,2025-08-31,C0066,G004,Cash,79000
O002040,2025-05-16,C0088,G006,Transfer,120400
O002041,2025-05-06,C0033,G005,Transfer,5500
O002042,2025-11-18,C0035,G004,E-Wallet,112575
O002043,2025-10-21,C0046,G005,Cash,26700
O002044,2025-05-14,C0072,G001,E-Wallet,51225
O002045,2025-01-21,C0042,G003,QRIS,46500
O002046,2025-09-04,C0016,G001,QRIS,59150
O002047,2025-09-29,C0093,G010,Transfer,70900
O002048,2025-05-26,C0025,G008,Transfer,41250
O002049,2025-03-18,C0038,G008,Cash,95150
O002050,2025-11-04,C0029,G003,Transfer,12275
O002051,2025-07-10,C0091,G002,Transfer,6500
O002052,2025-05-28,C0007,G003,Transfer,6650
O002053,2025-04-05,C0053,G004,Cash,79950
O002054,2025-02-17,C0086,G006,Cash,23000
O002055,2025-04-04,C0044,G003,Transfer,73825
O002056,2025-01-22,C0100,G003,E-Wallet,66150
O002057,2025-05-22,C0024,G008,E-Wallet,50000
O002058,2025-06-30,C0035,G001,E-Wallet,18125
O002059,2025-09-29,C0077,G007,Transfer,5500
O002060,2025-09-24,C0071,G006,Transfer,58225
O002061,2025-06-08,C0005,G003,Transfer,78175
O002062,2025-11-27,C0074,G004,E-Wallet,57475
O002063,2025-08-25,C0076,G001,Cash,6750
O002064,2025-05-31,C0060,G002,E-Wallet,9450
O002065,2025-04-02,C0092,G001,Cash,58575
O002066,2025-03-07,C0079,G006,Transfer,49500
O002067,2025-08-27,C0018,G007,E-Wallet,156250
O002068,2025-04-11,C0037,G007,QRIS,18900
O002069,2025-05-04,C0007,G002,Cash,75700
O002070,2025-08-27,C0032,G003,Cash,81100
O002071,2025-03-15,C0069,G004,E-Wallet,59675
O002072,2025-06-23,C0056,G008,Cash,78675
O002073,2025-01-30,C0015,G010,E-Wallet,86300
O002074,2025-03-14,C0040,G006,Cash,14850
O002075,2025-04-04,C0078,G008,Transfer,149950
O002076,2025-10-21,C0033,G006,Cash,89700
O002077,2025-03-18,C0059,G004,Cash,89000
O002078,2025-06-11,C0073,G008,E-Wallet,72225
O002079,2025-04-16,C0062,G006,QRIS,11850
O002080,2025-10-01,C0055,G008,E-Wallet,23275
O002081,2025-03-29,C0073,G008,Transfer,32400
O002082,2025-11-19,C0008,G003,Cash,90500
O002083,2025-03-30,C0034,G007,Cash,101150
O002084,2025-02-16,C0015,G002,Cash,96350
O002085,2025-04-30,C0037,G001,E-Wallet,22500
O002086,2025-12-24,C0066,G007,QRIS,10500
O002087,2025-08-09,C0028,G003,Transfer,65500
O002088,2025-12-07,C0030,G002,E-Wallet,46350
O002089,2025-04-26,C0030,G006,Transfer,35000
O002090,2025-03-29,C0010,G005,E-Wallet,79200
O002091,2025-01-31,C0048,G007,E-Wallet,13500
O002092,2025-08-24,C0041,G003,E-Wallet,54000
O002093,2025-02-24,C0030,G008,QRIS,125050
O002094,2025-04-26,C0023,G010,Cash,99125
O002095,2025-07-14,C0043,G007,E-Wallet,79150
O002096,2025-10-01,C0092,G010,E-Wallet,161175
O002097,2025-03-04,C0045,G001,Cash,91550
O002098,2025-05-14,C0089,G003,QRIS,48350
O002099,2025-11-03,C0077,G010,E-Wallet,126150
O002100,2025-02-27,C0087,G007,Cash,52050
O002101,2025-09-26,C0024,G009,E-Wallet,17100
O002102,2025-01-24,C0076,G007,QRIS,59000
O002103,2025-05-15,C0087,G006,QRIS,110225
O002104,2025-04-04,C0069,G001,Cash,30000
O002105,2025-10-23,C0046,G005,E-Wallet,61575
O002106,2025-10-29,C0036,G008,Cash,71850
O002107,2025-09-01,C0078,G009,E-Wallet,26500
O002108,2025-02-20,C0098,G004,E-Wallet,48350
O002109,2025-09-16,C0009,G010,QRIS,235575
O002110,2025-11-16,C0078,G005,E-Wallet,37725
O002111,2025-07-17,C0027,G007,QRIS,74000
O002112,2025-09-03,C0013,G010,Transfer,92650
O002113,2025-03-13,C0046,G003,E-Wallet,66450
O002114,2025-05-23,C0089,G003,QRIS,9450
O002115,2025-06-24,C0044,G005,Cash,65525
O002116,2025-10-05,C0017,G008,Cash,73525
O002117,2025-09-16,C0013,G009,Transfer,88575
O002118,2025-11-23,C0041,G004,Transfer,3325
O002119,2025-10-07,C0076,G002,Transfer,24275
O002120,2025-01-22,C0013,G008,QRIS,14000
O002121,2025-02-07,C0024,G009,Transfer,51050
O002122,2025-11-07,C0007,G010,Cash,9000
O002123,2025-04-12,C0060,G004,Transfer,52950
O002124,2025-07-19,C0034,G005,QRIS,63850
O002125,2025-09-28,C0017,G008,Transfer,22800
O002126,2025-06-17,C0093,G003,E-Wallet,47350
O002127,2025-08-16,C0006,G009,Cash,53200
O002128,2025-12-03,C0072,G005,Cash,5850
O002129,2025-06-04,C0019,G002,E-Wallet,82400
O002130,2025-08-10,C0092,G003,Cash,8550
O002131,2025-09-08,C0003,G007,Transfer,68475
O002132,2025-07-05,C0048,G008,Transfer,60625
O002133,2025-02-19,C0067,G009,E-Wallet,45000
O002134,2025-09-16,C0022,G010,QRIS,31500
O002135,2025-04-18,C0082,G005,Transfer,66150
O002136,2025-07-23,C0073,G003,QRIS,86300
O002137,2025-03-10,C0086,G001,Transfer,60875
O002138,2025-09-26,C0068,G008,QRIS,64150
O002139,2025-05-10,C0049,G006,QRIS,36400
O002140,2025-09-18,C0037,G001,Cash,9450
O002141,2025-01-07,C0049,G003,QRIS,11000
O002142,2025-01-12,C0098,G006,QRIS,25200
O002143,2025-01-22,C0007,G003,Transfer,30425
O002144,2025-06-10,C0035,G003,Transfer,29500
O002145,2025-10-12,C0013,G003,QRIS,27850
O002146,2025-10-27,C0057,G005,Cash,69225
O002147,2025-03-23,C0034,G001,QRIS,28475
O002148,2025-10-22,C0029,G005,Cash,42500
O002149,2025-01-31,C0047,G009,Transfer,35350
O002150,2025-06-04,C0031,G005,Transfer,77450
O002151,2025-02-10,C0013,G010,Cash,68550
O002152,2025-08-24,C0012,G003,Transfer,23000
O002153,2025-07-13,C0013,G006,QRIS,115925
O002154,2025-01-03,C0048,G010,QRIS,120050
O002155,2025-07-30,C0006,G005,Cash,47000
O002156,2025-06-14,C0096,G005,QRIS,59000
O002157,2025-08-29,C0048,G003,Cash,56050
O002158,2025-08-10,C0050,G005,Cash,75000
O002159,2025-10-25,C0100,G002,Cash,103725
O002160,2025-03-19,C0001,G001,E-Wallet,19850
O002161,2025-07-29,C0036,G008,Transfer,94500
O002162,2025-03-12,C0099,G010,E-Wallet,29500
O002163,2025-08-10,C0019,G007,E-Wallet,91725
O002164,2025-11-06,C0038,G010,QRIS,59625
O002165,2025-04-19,C0073,G006,Transfer,73000
O002166,2025-01-05,C0013,G009,Cash,153300
O002167,2025-04-24,C0043,G003,Cash,30600
O002168,2025-09-19,C0050,G010,Transfer,87050
O002169,2025-04-05,C0071,G005,Transfer,21825
O002170,2025-10-26,C0094,G010,QRIS,25500
O002171,2025-04-16,C0013,G006,Cash,73800
O002172,2025-08-11,C0013,G009,QRIS,100850
O002173,2025-08-15,C0011,G004,QRIS,6000
O002174,2025-08-31,C0062,G001,Cash,64475
O002175,2025-09-24,C0016,G010,Cash,4050
O002176,2025-09-01,C0068,G008,QRIS,140875
O002177,2025-10-29,C0011,G006,Cash,31000
O002178,2025-04-13,C0017,G008,QRIS,49075
O002179,2025-04-13,C0025,G002,QRIS,155900
O002180,2025-01-04,C0054,G001,Transfer,98850
O002181,2025-11-25,C0045,G002,Cash,24200
O002182,2025-05-02,C0067,G009,E-Wallet,61750
O002183,2025-01-12,C0005,G001,E-Wallet,35000
O002184,2025-02-07,C0003,G008,Transfer,45775
O002185,2025-05-23,C0047,G001,E-Wallet,81125
O002186,2025-08-11,C0092,G002,QRIS,48350
O002187,2025-09-01,C0038,G009,E-Wallet,41000
O002188,2025-09-28,C0047,G009,Transfer,99775
O002189,2025-10-04,C0004,G008,Transfer,29550
O002190,2025-02-26,C0078,G004,E-Wallet,16150
O002191,2025-05-27,C0029,G008,Cash,106500
O002192,2025-07-10,C0058,G010,QRIS,18175
O002193,2025-09-16,C0060,G004,Transfer,7500
O002194,2025-06-05,C0061,G004,E-Wallet,30200
O002195,2025-03-05,C0098,G003,E-Wallet,47450
O002196,2025-01-19,C0093,G010,Cash,57800
O002197,2025-08-21,C0005,G002,Cash,38800
O002198,2025-06-20,C0028,G008,Cash,31675
O002199,2025-04-29,C0001,G008,Cash,5500
O002200,2025-07-06,C0093,G001,E-Wallet,45675
O002201,2025-12-26,C0064,G006,QRIS,32100
O002202,2025-07-02,C0018,G008,E-Wallet,48900
O002203,2025-08-16,C0096,G006,QRIS,36500
O002204,2025-11-05,C0015,G009,Transfer,54700
O002205,2025-06-01,C0039,G010,QRIS,82600
O002206,2025-05-04,C0089,G001,E-Wallet,5500
O002207,2025-06-27,C0068,G003,Cash,159075
O002208,2025-10-14,C0061,G005,Transfer,185700
O002209,2025-08-10,C0090,G003,Cash,26975
O002210,2025-02-07,C0100,G006,Transfer,58425
O002211,2025-01-11,C0009,G006,QRIS,3325
O002212,2025-08-25,C0077,G003,E-Wallet,45200
O002213,2025-08-31,C0076,G006,QRIS,33450
O002214,2025-02-15,C0060,G007,QRIS,34500
O002215,2025-10-30,C0015,G004,QRIS,66000
O002216,2025-03-24,C0099,G006,QRIS,26150
O002217,2025-06-19,C0048,G009,Cash,16150
O002218,2025-05-09,C0042,G008,Cash,31725
O002219,2025-06-06,C0022,G003,E-Wallet,15800
O002220,2025-03-31,C0001,G004,Cash,43050
O002221,2025-12-08,C0051,G002,QRIS,4500
O002222,2025-06-20,C0016,G007,QRIS,12675
O002223,2025-09-08,C0054,G004,Cash,69800
O002224,2025-12-19,C0028,G005,Cash,108300
O002225,2025-07-29,C0089,G003,Transfer,59550
O002226,2025-04-18,C0034,G002,Cash,85550
O002227,2025-11-17,C0095,G004,Transfer,47050
O002228,2025-08-21,C0072,G006,E-Wallet,218325
O002229,2025-09-04,C0019,G007,Transfer,107050
O002230,2025-10-22,C0005,G010,QRIS,38725
O002231,2025-04-13,C0079,G003,Transfer,39100
O002232,2025-04-09,C0076,G006,Transfer,31000
O002233,2025-04-01,C0036,G006,Cash,36000
O002234,2025-07-28,C0095,G006,Transfer,28050
O002235,2025-10-12,C0063,G008,QRIS,45000
O002236,2025-10-17,C0032,G006,Transfer,98950
O002237,2025-09-03,C0007,G006,Cash,26000
O002238,2025-09-27,C0041,G005,Cash,53050
O002239,2025-04-26,C0071,G005,E-Wallet,65400
O002240,2025-04-26,C0064,G009,E-Wallet,65300
O002241,2025-05-16,C0015,G005,QRIS,65100
O002242,2025-10-25,C0073,G008,Transfer,12150
O002243,2025-07-10,C0070,G008,QRIS,79975
O002244,2025-02-20,C0013,G008,Cash,73350
O002245,2025-04-25,C0060,G006,E-Wallet,56800
O002246,2025-09-19,C0028,G004,E-Wallet,16150
O002247,2025-07-14,C0051,G002,E-Wallet,31950
O002248,2025-06-30,C0038,G003,Cash,99025
O002249,2025-05-30,C0003,G002,Transfer,20700
O002250,2025-07-03,C0076,G003,QRIS,118500
O002251,2025-02-01,C0038,G003,Cash,130750
O002252,2025-03-14,C0053,G007,E-Wallet,6000
O002253,2025-02-22,C0062,G007,Transfer,22050
O002254,2025-11-15,C0012,G007,E-Wallet,6000
O002255,2025-01-23,C0083,G005,E-Wallet,57950
O002256,2025-05-29,C0061,G001,E-Wallet,45600
O002257,2025-03-24,C0062,G009,E-Wallet,98000
O002258,2025-11-23,C0062,G001,Transfer,184025
O002259,2025-01-17,C0092,G008,E-Wallet,16500
O002260,2025-07-27,C0089,G008,Transfer,29500
O002261,2025-09-07,C0080,G008,E-Wallet,28050
O002262,2025-12-08,C0085,G004,E-Wallet,79475
O002263,2025-05-04,C0001,G006,QRIS,87725
O002264,2025-06-24,C0080,G006,QRIS,130050
O002265,2025-04-08,C0089,G008,Cash,55000
O002266,2025-06-18,C0085,G008,Transfer,97550
O002267,2025-01-08,C0028,G008,Transfer,77975
O002268,2025-05-11,C0073,G010,Transfer,43125
O002269,2025-11-17,C0059,G010,Cash,35250
O002270,2025-04-29,C0053,G006,Cash,29500
O002271,2025-06-23,C0035,G009,Transfer,60000
O002272,2025-06-05,C0026,G010,Cash,25900
O002273,2025-01-19,C0073,G010,QRIS,22950
O002274,2025-03-15,C0064,G003,QRIS,14850
O002275,2025-10-07,C0073,G009,Transfer,2850
O002276,2025-09-09,C0020,G005,Transfer,40050
O002277,2025-07-06,C0006,G003,Transfer,4500
O002278,2025-04-30,C0012,G003,Transfer,34500
O002279,2025-12-10,C0046,G010,E-Wallet,42000
O002280,2025-08-05,C0003,G009,E-Wallet,75350
O002281,2025-08-17,C0075,G001,QRIS,84500
O002282,2025-09-03,C0100,G007,E-Wallet,72950
O002283,2025-11-09,C0075,G010,Cash,28300
O002284,2025-07-28,C0017,G002,QRIS,17000
O002285,2025-06-02,C0097,G007,Transfer,17225
O002286,2025-08-24,C0080,G004,Cash,60650
O002287,2025-09-12,C0017,G003,E-Wallet,28000
O002288,2025-12-17,C0078,G010,E-Wallet,136850
O002289,2025-12-23,C0043,G010,QRIS,70925
O002290,2025-01-09,C0013,G009,QRIS,105600
O002291,2025-11-09,C0021,G001,QRIS,57275
O002292,2025-05-20,C0042,G004,E-Wallet,118975
O002293,2025-02-03,C0082,G008,Cash,57600
O002294,2025-02-14,C0047,G008,Transfer,45000
O002295,2025-02-23,C0007,G004,Cash,61600
O002296,2025-12-28,C0002,G006,QRIS,73350
O002297,2025-08-27,C0026,G006,QRIS,6650
O002298,2025-10-23,C0068,G004,QRIS,77200
O002299,2025-03-29,C0089,G010,E-Wallet,56650
O002300,2025-10-24,C0027,G003,QRIS,44175
O002301,2025-10-11,C0020,G003,Cash,15450
O002302,2025-05-31,C0054,G005,E-Wallet,84075
O002303,2025-11-19,C0005,G005,E-Wallet,10500
O002304,2025-11-07,C0090,G005,QRIS,16150
O002305,2025-10-24,C0093,G002,E-Wallet,144550
O002306,2025-04-12,C0022,G007,E-Wallet,7125
O002307,2025-04-11,C0091,G005,QRIS,126150
O002308,2025-11-06,C0033,G010,QRIS,38625
O002309,2025-12-01,C0073,G003,QRIS,52500
O002310,2025-08-07,C0097,G002,Cash,56050
O002311,2025-11-20,C0061,G008,E-Wallet,20450
O002312,2025-06-22,C0033,G010,Cash,4500
O002313,2025-08-23,C0091,G003,Cash,44225
O002314,2025-11-29,C0032,G001,Cash,12875
O002315,2025-11-20,C0059,G004,Transfer,51300
O002316,2025-06-05,C0022,G007,QRIS,122400
O002317,2025-02-04,C0079,G008,Transfer,61900
O002318,2025-09-13,C0091,G001,Transfer,21450
O002319,2025-05-27,C0065,G004,Transfer,13000
O002320,2025-02-21,C0079,G007,E-Wallet,32775
O002321,2025-01-27,C0031,G008,E-Wallet,122425
O002322,2025-08-31,C0080,G005,Cash,83475
O002323,2025-11-25,C0029,G010,QRIS,89100
O002324,2025-04-04,C0029,G004,Cash,102000
O002325,2025-08-14,C0031,G004,E-Wallet,64300
O002326,2025-07-17,C0053,G002,Cash,29000
O002327,2025-05-16,C0086,G010,QRIS,55925
O002328,2025-09-01,C0095,G010,E-Wallet,6650
O002329,2025-12-09,C0014,G007,Transfer,29450
O002330,2025-06-17,C0043,G004,E-Wallet,55925
O002331,2025-04-21,C0033,G003,Cash,106650
O002332,2025-09-19,C0035,G006,E-Wallet,158350
O002333,2025-07-08,C0041,G005,Cash,10450
O002334,2025-11-05,C0058,G005,QRIS,126150
O002335,2025-11-24,C0004,G003,QRIS,89000
O002336,2025-11-15,C0057,G010,Transfer,24825
O002337,2025-03-22,C0016,G005,QRIS,46200
O002338,2025-04-19,C0005,G001,Cash,87600
O002339,2025-11-03,C0079,G007,E-Wallet,19900
O002340,2025-01-18,C0055,G007,E-Wallet,6000
O002341,2025-08-09,C0085,G010,Cash,15300
O002342,2025-06-22,C0074,G007,QRIS,39500
O002343,2025-12-21,C0038,G003,Cash,9975
O002344,2025-03-06,C0017,G008,E-Wallet,2250
O002345,2025-06-21,C0040,G003,QRIS,34000
O002346,2025-02-28,C0083,G009,Transfer,24000
O002347,2025-03-11,C0038,G009,E-Wallet,12350
O002348,2025-02-28,C0042,G003,E-Wallet,64025
O002349,2025-10-30,C0074,G002,Transfer,8075
O002350,2025-09-13,C0003,G010,Transfer,118900
O002351,2025-06-27,C0032,G004,QRIS,92500
O002352,2025-02-04,C0071,G004,Cash,40800
O002353,2025-03-16,C0004,G008,Transfer,40200
O002354,2025-12-14,C0062,G001,Cash,165075
O002355,2025-08-21,C0082,G005,QRIS,93400
O002356,2025-02-02,C0055,G008,E-Wallet,6000
O002357,2025-01-08,C0002,G009,Transfer,35100
O002358,2025-05-09,C0074,G007,E-Wallet,65525
O002359,2025-04-26,C0009,G001,QRIS,146400
O002360,2025-08-07,C0058,G010,Transfer,53050
O002361,2025-07-28,C0086,G001,QRIS,65850
O002362,2025-11-01,C0086,G001,Transfer,5000
O002363,2025-10-16,C0056,G004,Transfer,4950
O002364,2025-01-29,C0017,G001,QRIS,155950
O002365,2025-04-19,C0080,G001,Cash,20450
O002366,2025-09-10,C0091,G009,E-Wallet,9975
O002367,2025-08-18,C0044,G003,Transfer,8550
O002368,2025-03-04,C0059,G009,Cash,82300
O002369,2025-05-16,C0003,G010,Transfer,84850
O002370,2025-04-06,C0069,G010,Cash,106950
O002371,2025-11-30,C0049,G010,QRIS,62825
O002372,2025-01-08,C0012,G005,E-Wallet,64800
O002373,2025-03-25,C0077,G006,E-Wallet,34350
O002374,2025-12-18,C0006,G005,Cash,71825
O002375,2025-03-04,C0028,G001,Transfer,85500
O002376,2025-06-09,C0047,G005,Transfer,91950
O002377,2025-09-29,C0070,G009,E-Wallet,6000
O002378,2025-11-14,C0083,G005,E-Wallet,59325
O002379,2025-03-12,C0100,G005,E-Wallet,52000
O002380,2025-04-11,C0082,G010,Cash,3500
O002381,2025-02-19,C0008,G010,Transfer,54000
O002382,2025-02-19,C0079,G008,E-Wallet,56275
O002383,2025-08-22,C0018,G003,Transfer,112375
O002384,2025-05-02,C0084,G006,Cash,57750
O002385,2025-06-29,C0074,G006,Transfer,16500
O002386,2025-07-07,C0094,G010,QRIS,61000
O002387,2025-10-12,C0050,G004,E-Wallet,152125
O002388,2025-01-22,C0032,G010,QRIS,27750
O002389,2025-11-19,C0052,G006,Cash,141775
O002390,2025-05-20,C0019,G007,E-Wallet,56475
O002391,2025-08-08,C0091,G005,QRIS,144000
O002392,2025-02-14,C0012,G005,Cash,9975
O002393,2025-08-21,C0026,G007,E-Wallet,84525
O002394,2025-12-17,C0026,G002,QRIS,51300
O002395,2025-06-27,C0073,G005,QRIS,97550
O002396,2025-04-26,C0016,G010,Transfer,91750
O002397,2025-09-23,C0033,G006,Transfer,156150
O002398,2025-12-15,C0011,G005,Cash,84950
O002399,2025-09-16,C0004,G005,Cash,24500
O002400,2025-09-10,C0066,G009,E-Wallet,91200
O002401,2025-02-20,C0100,G001,Cash,61150
O002402,2025-12-02,C0046,G009,Cash,46500
O002403,2025-06-14,C0067,G007,Transfer,21850
O002404,2025-05-17,C0017,G002,Transfer,7000
O002405,2025-12-09,C0015,G009,QRIS,57575
O002406,2025-09-26,C0018,G003,E-Wallet,54725
O002407,2025-06-19,C0040,G009,E-Wallet,22050
O002408,2025-01-07,C0029,G002,Transfer,51900
O002409,2025-01-30,C0041,G005,E-Wallet,51850
O002410,2025-09-01,C0032,G006,Cash,28500
O002411,2025-05-18,C0024,G004,E-Wallet,87150
O002412,2025-12-23,C0011,G009,E-Wallet,74675
O002413,2025-03-25,C0054,G010,QRIS,119400
O002414,2025-07-22,C0063,G010,E-Wallet,30950
O002415,2025-11-18,C0024,G006,Cash,59750
O002416,2025-07-10,C0014,G008,E-Wallet,48600
O002417,2025-06-30,C0011,G008,Transfer,76050
O002418,2025-09-25,C0042,G007,Transfer,42550
O002419,2025-08-14,C0056,G008,Transfer,22150
O002420,2025-08-22,C0047,G010,Cash,64500
O002421,2025-08-29,C0069,G005,QRIS,27000
O002422,2025-04-12,C0038,G009,Transfer,29225
O002423,2025-10-19,C0003,G003,E-Wallet,25175
O002424,2025-03-11,C0082,G007,E-Wallet,7125
O002425,2025-12-26,C0054,G002,QRIS,45300
O002426,2025-08-24,C0077,G003,Transfer,110100
O002427,2025-03-19,C0034,G006,E-Wallet,41775
O002428,2025-02-20,C0094,G010,QRIS,75525
O002429,2025-12-05,C0028,G008,Cash,59800
O002430,2025-05-30,C0071,G005,Transfer,22225
O002431,2025-09-10,C0040,G008,QRIS,138325
O002432,2025-01-29,C0009,G010,Cash,24500
O002433,2025-06-05,C0014,G004,Cash,98600
O002434,2025-01-08,C0040,G003,E-Wallet,66750
O002435,2025-09-06,C0042,G010,Cash,107450
O002436,2025-06-03,C0012,G005,QRIS,79150
O002437,2025-02-10,C0035,G002,Cash,61450
O002438,2025-08-21,C0024,G003,E-Wallet,37375
O002439,2025-04-04,C0053,G006,Transfer,53000
O002440,2025-01-02,C0004,G008,QRIS,142650
O002441,2025-04-25,C0062,G008,Transfer,86500
O002442,2025-06-14,C0038,G008,Cash,68400
O002443,2025-01-23,C0013,G007,E-Wallet,62575
O002444,2025-11-08,C0001,G005,Transfer,77900
O002445,2025-07-07,C0024,G004,Transfer,25100
O002446,2025-12-27,C0064,G004,QRIS,21850
O002447,2025-11-25,C0015,G007,E-Wallet,73675
O002448,2025-10-05,C0090,G007,QRIS,124300
O002449,2025-04-13,C0025,G007,Cash,64575
O002450,2025-10-19,C0072,G004,QRIS,66150
O002451,2025-09-27,C0032,G001,E-Wallet,67100
O002452,2025-07-24,C0003,G002,QRIS,38075
O002453,2025-10-16,C0026,G003,QRIS,9450
O002454,2025-05-19,C0057,G007,QRIS,57825
O002455,2025-12-09,C0074,G005,Transfer,98250
O002456,2025-08-31,C0100,G007,QRIS,73050
O002457,2025-09-22,C0018,G005,Cash,15300
O002458,2025-12-06,C0047,G006,E-Wallet,49900
O002459,2025-10-24,C0008,G007,QRIS,59350
O002460,2025-05-25,C0010,G004,QRIS,137975
O002461,2025-06-02,C0091,G005,Cash,44550
O002462,2025-05-19,C0094,G004,Cash,51600
O002463,2025-03-26,C0044,G004,Cash,97100
O002464,2025-09-06,C0031,G008,QRIS,15500
O002465,2025-11-03,C0001,G003,QRIS,160650
O002466,2025-05-09,C0064,G005,QRIS,17000
O002467,2025-09-24,C0058,G005,Cash,52500
O002468,2025-01-21,C0088,G008,Cash,57550
O002469,2025-10-16,C0083,G002,E-Wallet,83675
O002470,2025-05-09,C0043,G003,QRIS,56000
O002471,2025-07-07,C0012,G005,Cash,89175
O002472,2025-01-23,C0099,G001,Transfer,94950
O002473,2025-09-09,C0033,G006,E-Wallet,70350
O002474,2025-01-30,C0040,G002,E-Wallet,126200
O002475,2025-04-07,C0082,G002,E-Wallet,46725
O002476,2025-01-21,C0065,G010,Cash,75050
O002477,2025-12-17,C0041,G006,E-Wallet,25650
O002478,2025-04-21,C0100,G005,Cash,148100
O002479,2025-01-08,C0076,G004,QRIS,47250
O002480,2025-11-02,C0053,G009,Transfer,13000
O002481,2025-03-18,C0002,G003,E-Wallet,63825
O002482,2025-06-24,C0090,G009,Cash,67150
O002483,2025-03-07,C0003,G007,Cash,90250
O002484,2025-08-01,C0028,G004,Transfer,69825
O002485,2025-02-16,C0078,G001,Cash,44775
O002486,2025-03-31,C0024,G002,E-Wallet,114500
O002487,2025-12-23,C0091,G007,Transfer,58050
O002488,2025-02-10,C0019,G006,QRIS,90525
O002489,2025-05-19,C0026,G002,Transfer,85500
O002490,2025-11-10,C0005,G001,Cash,149325
O002491,2025-11-26,C0077,G006,Cash,112475
O002492,2025-06-19,C0077,G006,Transfer,59000
O002493,2025-05-15,C0096,G004,E-Wallet,5225
O002494,2025-11-12,C0029,G008,Transfer,49000
O002495,2025-04-02,C0019,G006,E-Wallet,39600
O002496,2025-01-30,C0006,G009,E-Wallet,18800
O002497,2025-02-20,C0073,G007,Cash,136825
O002498,2025-03-05,C0060,G003,Cash,72350
O002499,2025-03-03,C0025,G008,Cash,114150
O002500,2025-04-22,C0061,G002,Cash,21425
O002501,2025-04-09,C0081,G001,Transfer,231175
O002502,2025-08-16,C0071,G002,Transfer,114750
O002503,2025-04-03,C0015,G009,Cash,112575
O002504,2025-12-16,C0085,G005,Cash,18000
O002505,2025-10-08,C0088,G004,QRIS,117300
O002506,2025-07-16,C0071,G003,Cash,76350
O002507,2025-04-28,C0028,G004,E-Wallet,27350
O002508,2025-09-26,C0088,G004,QRIS,29450
O002509,2025-09-19,C0035,G003,E-Wallet,77550
O002510,2025-08-09,C0017,G005,Cash,58525
O002511,2025-07-02,C0096,G004,Cash,38600
O002512,2025-02-08,C0096,G010,Cash,95800
O002513,2025-10-30,C0082,G008,Transfer,19775
O002514,2025-11-21,C0038,G001,Transfer,13100
O002515,2025-03-21,C0076,G008,E-Wallet,14850
O002516,2025-06-27,C0094,G007,Transfer,94300
O002517,2025-03-25,C0022,G008,Transfer,18525
O002518,2025-06-09,C0082,G009,Cash,66150
O002519,2025-08-23,C0044,G004,Transfer,33500
O002520,2025-11-10,C0039,G010,E-Wallet,13000
O002521,2025-08-01,C0058,G003,QRIS,99350
O002522,2025-11-19,C0090,G009,Cash,47250
O002523,2025-03-22,C0045,G001,Cash,66450
O002524,2025-07-14,C0051,G001,Transfer,29650
O002525,2025-12-19,C0012,G003,Transfer,92600
O002526,2025-11-13,C0071,G002,QRIS,73500
O002527,2025-09-13,C0018,G001,Transfer,90000
O002528,2025-11-09,C0034,G001,Transfer,14850
O002529,2025-04-29,C0087,G003,QRIS,34500
O002530,2025-03-11,C0049,G006,Cash,77425
O002531,2025-07-22,C0066,G010,E-Wallet,16200
O002532,2025-11-15,C0059,G008,QRIS,33000
O002533,2025-04-02,C0054,G007,E-Wallet,26125
O002534,2025-06-18,C0018,G007,E-Wallet,69650
O002535,2025-07-17,C0021,G004,QRIS,34725
O002536,2025-08-10,C0070,G002,QRIS,18900
O002537,2025-09-15,C0037,G008,Cash,18825
O002538,2025-06-27,C0019,G001,E-Wallet,45225
O002539,2025-09-14,C0095,G007,Cash,7000
O002540,2025-08-31,C0074,G005,QRIS,96150
O002541,2025-10-15,C0081,G008,Cash,27900
O002542,2025-04-09,C0057,G006,QRIS,37525
O002543,2025-05-27,C0065,G001,E-Wallet,194775
O002544,2025-12-14,C0084,G002,Transfer,25350
O002545,2025-03-21,C0007,G002,E-Wallet,64800
O002546,2025-07-04,C0016,G009,QRIS,78600
O002547,2025-01-02,C0092,G004,E-Wallet,77000
O002548,2025-05-21,C0088,G005,Transfer,100700
O002549,2025-10-25,C0015,G010,Cash,60675
O002550,2025-10-17,C0081,G007,E-Wallet,37000
O002551,2025-08-12,C0088,G005,QRIS,87450
O002552,2025-11-30,C0069,G005,QRIS,16600
O002553,2025-05-10,C0035,G010,Cash,18850
O002554,2025-02-07,C0014,G010,Cash,54050
O002555,2025-07-18,C0068,G005,E-Wallet,6000
O002556,2025-04-16,C0040,G001,QRIS,102600
O002557,2025-03-05,C0016,G002,QRIS,7650
O002558,2025-01-22,C0092,G007,Transfer,6300
O002559,2025-06-06,C0048,G006,Cash,41500
O002560,2025-01-14,C0098,G002,Cash,121800
O002561,2025-02-13,C0074,G007,QRIS,99900
O002562,2025-02-19,C0038,G001,QRIS,53850
O002563,2025-01-09,C0080,G008,E-Wallet,17000
O002564,2025-08-05,C0026,G005,Cash,69825
O002565,2025-12-24,C0008,G003,Cash,158100
O002566,2025-06-04,C0084,G004,Cash,51000
O002567,2025-06-21,C0030,G009,QRIS,90575
O002568,2025-01-16,C0039,G002,E-Wallet,9450
O002569,2025-04-11,C0027,G010,Transfer,87400
O002570,2025-03-26,C0056,G005,Cash,36450
O002571,2025-02-16,C0041,G006,Cash,14850
O002572,2025-07-19,C0013,G007,QRIS,34000
O002573,2025-12-08,C0042,G005,Transfer,61725
O002574,2025-12-07,C0078,G004,QRIS,24000
O002575,2025-06-04,C0018,G004,Cash,110850
O002576,2025-05-23,C0017,G001,Transfer,73400
O002577,2025-11-11,C0019,G001,QRIS,31000
O002578,2025-07-22,C0014,G008,E-Wallet,18575
O002579,2025-07-28,C0066,G007,Cash,79000
O002580,2025-06-16,C0059,G001,QRIS,139150
O002581,2025-02-19,C0041,G002,Cash,68825
O002582,2025-06-21,C0095,G007,Cash,48450
O002583,2025-05-15,C0030,G007,Transfer,162800
O002584,2025-01-03,C0028,G008,Cash,8500
O002585,2025-11-19,C0066,G007,QRIS,71300
O002586,2025-09-07,C0044,G008,Cash,112275
O002587,2025-07-12,C0027,G006,Cash,25500
O002588,2025-06-15,C0036,G008,Cash,64750
O002589,2025-12-29,C0051,G004,Cash,71050
O002590,2025-09-22,C0021,G005,QRIS,171400
O002591,2025-10-09,C0086,G002,Cash,57475
O002592,2025-05-15,C0075,G001,QRIS,15300
O002593,2025-05-07,C0100,G010,Transfer,44700
O002594,2025-09-27,C0080,G005,Cash,73500
O002595,2025-06-09,C0059,G009,Cash,39100
O002596,2025-10-30,C0065,G004,E-Wallet,65100
O002597,2025-10-01,C0063,G003,Cash,39500
O002598,2025-08-04,C0016,G001,Cash,44150
O002599,2025-09-18,C0008,G001,Cash,142725
O002600,2025-08-15,C0034,G010,QRIS,44100
O002601,2025-06-19,C0093,G005,Cash,16400
O002602,2025-09-04,C0090,G009,Transfer,25975
O002603,2025-01-22,C0013,G001,QRIS,84075
O002604,2025-08-25,C0064,G010,Transfer,58000
O002605,2025-04-27,C0018,G003,E-Wallet,58750
O002606,2025-12-05,C0100,G008,Cash,83275
O002607,2025-10-31,C0006,G008,E-Wallet,3500
O002608,2025-07-19,C0027,G003,E-Wallet,30000
O002609,2025-04-20,C0015,G009,Cash,6500
O002610,2025-04-12,C0036,G005,E-Wallet,4275
O002611,2025-03-21,C0054,G009,E-Wallet,33200
O002612,2025-08-16,C0053,G006,QRIS,68875
O002613,2025-08-25,C0082,G004,QRIS,70400
O002614,2025-12-21,C0005,G009,Cash,114050
O002615,2025-08-19,C0005,G006,Cash,124675
O002616,2025-09-24,C0002,G005,Transfer,118500
O002617,2025-12-17,C0078,G005,E-Wallet,54150
O002618,2025-03-28,C0012,G005,Transfer,48600
O002619,2025-05-10,C0082,G010,QRIS,59400
O002620,2025-12-15,C0019,G008,E-Wallet,34000
O002621,2025-09-02,C0059,G005,Transfer,52300
O002622,2025-09-02,C0007,G008,E-Wallet,61650
O002623,2025-01-09,C0062,G004,Transfer,62700
O002624,2025-06-02,C0027,G008,QRIS,74500
O002625,2025-06-07,C0057,G008,QRIS,27150
O002626,2025-06-16,C0058,G009,Transfer,118500
O002627,2025-10-30,C0004,G004,Transfer,9900
O002628,2025-09-09,C0060,G001,Cash,44100
O002629,2025-04-29,C0013,G007,QRIS,42625
O002630,2025-12-24,C0069,G009,Transfer,104000
O002631,2025-09-25,C0062,G010,QRIS,15500
O002632,2025-03-12,C0013,G008,QRIS,45200
O002633,2025-01-31,C0088,G003,Cash,35850
O002634,2025-09-23,C0011,G003,QRIS,54000
O002635,2025-12-24,C0004,G001,Transfer,17625
O002636,2025-11-09,C0019,G008,E-Wallet,19050
O002637,2025-12-01,C0059,G009,QRIS,23725
O002638,2025-11-29,C0069,G005,Cash,98150
O002639,2025-04-11,C0026,G008,E-Wallet,48675
O002640,2025-01-29,C0026,G008,QRIS,137600
O002641,2025-02-09,C0022,G010,QRIS,87500
O002642,2025-07-12,C0006,G008,Transfer,9975
O002643,2025-03-28,C0063,G002,Cash,69750
O002644,2025-11-05,C0003,G007,Cash,44100
O002645,2025-05-04,C0062,G003,Transfer,140050
O002646,2025-10-31,C0096,G003,E-Wallet,20800
O002647,2025-10-18,C0100,G005,E-Wallet,63450
O002648,2025-05-10,C0092,G005,Transfer,45000
O002649,2025-08-09,C0087,G009,Cash,9000
O002650,2025-10-24,C0004,G006,E-Wallet,115200
O002651,2025-06-20,C0018,G001,Cash,143950
O002652,2025-05-31,C0040,G005,Transfer,63800
O002653,2025-02-27,C0069,G005,Cash,70475
O002654,2025-04-03,C0050,G005,Transfer,29575
O002655,2025-12-17,C0075,G009,E-Wallet,110300
O002656,2025-11-03,C0077,G009,Transfer,102100
O002657,2025-03-18,C0092,G010,Transfer,50275
O002658,2025-06-10,C0032,G007,Cash,81875
O002659,2025-10-13,C0014,G003,QRIS,7000
O002660,2025-05-22,C0031,G010,Cash,105450
O002661,2025-11-04,C0081,G008,E-Wallet,64950
O002662,2025-03-31,C0077,G009,QRIS,87450
O002663,2025-07-30,C0033,G009,QRIS,88475
O002664,2025-09-23,C0061,G002,Transfer,35350
O002665,2025-11-12,C0079,G008,Transfer,43500
O002666,2025-09-24,C0017,G010,QRIS,119350
O002667,2025-04-02,C0068,G003,Cash,137000
O002668,2025-01-28,C0002,G008,QRIS,22800
O002669,2025-12-13,C0045,G005,Cash,83250
O002670,2025-12-08,C0027,G004,Transfer,8550
O002671,2025-01-18,C0025,G006,QRIS,21500
O002672,2025-12-20,C0094,G010,Transfer,4500
O002673,2025-10-22,C0003,G004,QRIS,97550
O002674,2025-06-05,C0012,G009,E-Wallet,47000
O002675,2025-08-16,C0064,G006,QRIS,36000
O002676,2025-08-19,C0074,G007,Cash,17100
O002677,2025-04-03,C0004,G001,Transfer,61100
O002678,2025-08-17,C0039,G001,Cash,124825
O002679,2025-04-27,C0028,G004,Cash,6650
O002680,2025-01-28,C0076,G004,E-Wallet,119600
O002681,2025-06-11,C0050,G009,E-Wallet,16500
O002682,2025-01-18,C0026,G006,Transfer,52975
O002683,2025-12-02,C0051,G010,Cash,61275
O002684,2025-01-16,C0082,G006,Transfer,64000
O002685,2025-03-16,C0087,G008,E-Wallet,29275
O002686,2025-04-28,C0080,G006,QRIS,40350
O002687,2025-03-01,C0038,G001,QRIS,28175
O002688,2025-06-04,C0053,G005,Cash,59075
O002689,2025-03-21,C0013,G010,E-Wallet,86975
O002690,2025-11-01,C0015,G010,E-Wallet,47850
O002691,2025-01-15,C0040,G008,QRIS,95000
O002692,2025-09-13,C0026,G004,Cash,12825
O002693,2025-10-23,C0092,G004,E-Wallet,17175
O002694,2025-03-05,C0100,G004,QRIS,22950
O002695,2025-03-13,C0078,G006,Cash,65750
O002696,2025-11-01,C0087,G010,QRIS,32975
O002697,2025-06-27,C0055,G006,Cash,91100
O002698,2025-10-22,C0063,G004,E-Wallet,26225
O002699,2025-09-25,C0075,G004,Transfer,50450
O002700,2025-03-22,C0090,G002,Transfer,70150
O002701,2025-02-18,C0023,G008,E-Wallet,46550
O002702,2025-07-29,C0059,G004,Transfer,121900
O002703,2025-01-23,C0042,G002,Cash,99700
O002704,2025-03-01,C0071,G010,Transfer,87150
O002705,2025-09-08,C0063,G005,QRIS,41600
O002706,2025-05-12,C0052,G006,QRIS,30600
O002707,2025-04-20,C0044,G004,E-Wallet,25550
O002708,2025-03-27,C0067,G003,Transfer,174600
O002709,2025-07-26,C0089,G007,E-Wallet,91500
O002710,2025-07-12,C0090,G009,Transfer,84075
O002711,2025-02-20,C0036,G001,E-Wallet,80000
O002712,2025-04-30,C0005,G010,Transfer,151650
O002713,2025-08-01,C0047,G009,E-Wallet,12350
O002714,2025-03-14,C0002,G006,E-Wallet,14450
O002715,2025-08-08,C0025,G001,Transfer,83600
O002716,2025-12-30,C0069,G001,Cash,97750
O002717,2025-07-20,C0024,G008,QRIS,31000
O002718,2025-04-24,C0067,G005,E-Wallet,64450
O002719,2025-11-05,C0087,G004,E-Wallet,54850
O002720,2025-07-05,C0009,G010,E-Wallet,16150
O002721,2025-10-08,C0029,G010,E-Wallet,63325
O002722,2025-05-01,C0023,G002,QRIS,162000
O002723,2025-09-06,C0023,G008,QRIS,8100
O002724,2025-07-13,C0009,G002,E-Wallet,73050
O002725,2025-07-07,C0036,G006,QRIS,45900
O002726,2025-10-25,C0030,G005,Cash,110675
O002727,2025-02-20,C0045,G007,E-Wallet,10500
O002728,2025-08-12,C0006,G004,Cash,8550
O002729,2025-01-05,C0068,G006,Cash,24575
O002730,2025-06-22,C0024,G004,E-Wallet,62500
O002731,2025-03-12,C0041,G007,QRIS,49000
O002732,2025-03-11,C0062,G003,QRIS,72025
O002733,2025-05-04,C0020,G002,Transfer,35500
O002734,2025-01-24,C0052,G009,Cash,60825
O002735,2025-01-07,C0007,G008,QRIS,86100
O002736,2025-03-25,C0036,G006,E-Wallet,116350
O002737,2025-07-11,C0063,G004,Cash,10800
O002738,2025-11-15,C0086,G010,Transfer,55100
O002739,2025-11-06,C0066,G005,Transfer,11425
O002740,2025-06-25,C0055,G004,Cash,138075
O002741,2025-01-14,C0065,G001,QRIS,115800
O002742,2025-03-19,C0064,G003,E-Wallet,23000
O002743,2025-09-21,C0007,G003,Transfer,23000
O002744,2025-02-06,C0083,G004,Cash,63150
O002745,2025-06-27,C0037,G001,Transfer,67000
O002746,2025-10-09,C0073,G009,Transfer,38225
O002747,2025-02-24,C0092,G010,Cash,206050
O002748,2025-07-13,C0033,G003,Cash,79800
O002749,2025-10-01,C0016,G001,E-Wallet,70725
O002750,2025-06-02,C0003,G009,E-Wallet,30225
O002751,2025-01-19,C0088,G002,Transfer,105450
O002752,2025-10-19,C0051,G007,E-Wallet,7650
O002753,2025-11-23,C0006,G008,Transfer,29350
O002754,2025-07-14,C0032,G008,QRIS,74500
O002755,2025-06-22,C0015,G005,QRIS,54475
O002756,2025-02-17,C0039,G004,QRIS,45750
O002757,2025-04-08,C0097,G004,Transfer,70025
O002758,2025-10-22,C0035,G006,QRIS,74850
O002759,2025-05-02,C0081,G009,E-Wallet,7500
O002760,2025-11-24,C0075,G005,Cash,37525
O002761,2025-10-16,C0007,G002,Cash,26425
O002762,2025-03-28,C0041,G002,Cash,14725
O002763,2025-09-27,C0099,G006,QRIS,148775
O002764,2025-05-01,C0015,G009,E-Wallet,99800
O002765,2025-12-27,C0021,G002,Transfer,73925
O002766,2025-10-08,C0011,G008,Cash,156750
O002767,2025-04-27,C0032,G004,Transfer,54750
O002768,2025-09-21,C0054,G005,QRIS,32400
O002769,2025-12-08,C0049,G007,E-Wallet,39725
O002770,2025-11-09,C0066,G005,E-Wallet,67375
O002771,2025-06-27,C0066,G008,Cash,13950
O002772,2025-08-04,C0053,G001,Cash,24500
O002773,2025-05-27,C0024,G008,Cash,32000
O002774,2025-08-25,C0079,G006,E-Wallet,34325
O002775,2025-10-23,C0024,G006,Cash,71850
O002776,2025-06-02,C0003,G010,E-Wallet,53725
O002777,2025-04-27,C0039,G006,Transfer,45675
O002778,2025-08-06,C0036,G009,QRIS,30450
O002779,2025-08-22,C0094,G008,QRIS,199950
O002780,2025-09-13,C0043,G005,E-Wallet,57100
O002781,2025-08-30,C0054,G009,Transfer,87400
O002782,2025-11-17,C0074,G007,Transfer,36000
O002783,2025-09-21,C0046,G010,Cash,48600
O002784,2025-12-03,C0057,G005,QRIS,9450
O002785,2025-03-20,C0067,G009,E-Wallet,130975
O002786,2025-05-18,C0070,G006,Cash,49000
O002787,2025-02-04,C0054,G002,E-Wallet,81900
O002788,2025-03-20,C0060,G006,Cash,110500
O002789,2025-07-14,C0053,G010,E-Wallet,38225
O002790,2025-07-22,C0062,G005,E-Wallet,29450
O002791,2025-09-18,C0051,G001,Cash,5225
O002792,2025-12-25,C0068,G001,Transfer,3150
O002793,2025-10-07,C0032,G004,Cash,10350
O002794,2025-04-04,C0039,G006,QRIS,3325
O002795,2025-02-24,C0034,G004,QRIS,36550
O002796,2025-03-04,C0055,G009,Transfer,60025
O002797,2025-12-05,C0042,G002,Cash,48075
O002798,2025-10-05,C0031,G003,QRIS,43250
O002799,2025-06-20,C0060,G008,E-Wallet,49750
O002800,2025-11-12,C0070,G005,E-Wallet,38450
O002801,2025-10-17,C0076,G002,E-Wallet,22000
O002802,2025-10-25,C0090,G005,E-Wallet,36000
O002803,2025-12-21,C0006,G008,Cash,59400
O002804,2025-01-18,C0012,G008,Cash,59000
O002805,2025-04-04,C0027,G003,E-Wallet,52650
O002806,2025-01-24,C0096,G008,E-Wallet,30575
O002807,2025-04-21,C0023,G009,QRIS,83900
O002808,2025-01-18,C0026,G010,Cash,42800
O002809,2025-11-29,C0060,G003,QRIS,7000
O002810,2025-03-20,C0042,G010,Transfer,106850
O002811,2025-12-06,C0061,G008,Transfer,15650
O002812,2025-04-21,C0018,G008,Transfer,5400
O002813,2025-12-23,C0026,G006,E-Wallet,27375
O002814,2025-07-07,C0040,G001,E-Wallet,53325
O002815,2025-01-22,C0046,G008,E-Wallet,6000
O002816,2025-03-24,C0063,G006,Cash,107850
O002817,2025-01-22,C0005,G003,Transfer,15300
O002818,2025-04-07,C0092,G008,QRIS,13500
O002819,2025-04-04,C0025,G005,QRIS,23000
O002820,2025-12-16,C0020,G003,QRIS,13000
O002821,2025-09-06,C0099,G007,E-Wallet,129900
O002822,2025-02-05,C0001,G010,QRIS,34500
O002823,2025-01-24,C0078,G009,Transfer,80000
O002824,2025-02-24,C0003,G005,Transfer,24200
O002825,2025-08-25,C0070,G005,QRIS,53950
O002826,2025-11-25,C0079,G009,E-Wallet,33750
O002827,2025-12-01,C0017,G003,QRIS,121700
O002828,2025-01-01,C0055,G009,Cash,15300
O002829,2025-09-28,C0060,G009,E-Wallet,15650
O002830,2025-01-06,C0009,G009,QRIS,21675
O002831,2025-10-09,C0017,G008,QRIS,131175
O002832,2025-07-02,C0077,G002,Cash,35950
O002833,2025-07-06,C0011,G004,QRIS,97450
O002834,2025-03-16,C0051,G010,Cash,61925
O002835,2025-02-21,C0046,G003,Cash,44550
O002836,2025-03-05,C0091,G003,Cash,115475
O002837,2025-12-20,C0096,G003,Transfer,9975
O002838,2025-01-13,C0049,G001,E-Wallet,97475
O002839,2025-09-03,C0002,G006,Cash,95325
O002840,2025-02-01,C0010,G006,Transfer,81000
O002841,2025-01-09,C0047,G002,Cash,170825
O002842,2025-03-28,C0051,G007,QRIS,7125
O002843,2025-11-16,C0005,G005,QRIS,11050
O002844,2025-09-21,C0067,G007,Cash,3325
O002845,2025-04-05,C0080,G006,QRIS,28500
O002846,2025-09-01,C0048,G010,QRIS,83225
O002847,2025-01-30,C0097,G007,Transfer,202575
O002848,2025-04-04,C0094,G010,E-Wallet,41325
O002849,2025-06-16,C0064,G002,E-Wallet,64000
O002850,2025-07-21,C0079,G008,Transfer,19650
O002851,2025-07-22,C0002,G005,Transfer,59350
O002852,2025-04-26,C0047,G003,Cash,64750
O002853,2025-10-18,C0069,G005,Cash,41125
O002854,2025-12-30,C0025,G004,E-Wallet,126900
O002855,2025-03-10,C0040,G010,E-Wallet,88500
O002856,2025-06-16,C0099,G007,E-Wallet,141300
O002857,2025-04-10,C0004,G002,QRIS,36000
O002858,2025-05-27,C0027,G002,E-Wallet,85950
O002859,2025-07-09,C0042,G009,Cash,23350
O002860,2025-03-09,C0094,G005,QRIS,124200
O002861,2025-02-17,C0086,G010,Transfer,84075
O002862,2025-04-01,C0012,G002,E-Wallet,84650
O002863,2025-08-30,C0100,G006,QRIS,12000
O002864,2025-08-22,C0097,G001,QRIS,115850
O002865,2025-03-25,C0057,G005,E-Wallet,15250
O002866,2025-09-04,C0069,G007,QRIS,31000
O002867,2025-10-26,C0044,G006,Cash,58450
O002868,2025-02-05,C0035,G004,E-Wallet,142650
O002869,2025-12-13,C0002,G003,E-Wallet,109250
O002870,2025-08-08,C0009,G002,Transfer,45000
O002871,2025-07-28,C0084,G002,Cash,117075
O002872,2025-07-12,C0029,G006,E-Wallet,107750
O002873,2025-08-31,C0048,G007,Transfer,82625
O002874,2025-09-01,C0036,G002,Transfer,51150
O002875,2025-01-02,C0019,G008,E-Wallet,30000
O002876,2025-07-29,C0023,G006,Transfer,51475
O002877,2025-05-02,C0073,G010,QRIS,36000
O002878,2025-04-18,C0046,G007,E-Wallet,48425
O002879,2025-07-19,C0068,G010,Cash,80325
O002880,2025-04-24,C0026,G006,QRIS,92150
O002881,2025-04-22,C0082,G004,Transfer,21000
O002882,2025-09-26,C0087,G008,Cash,11000
O002883,2025-06-15,C0017,G002,E-Wallet,132450
O002884,2025-06-19,C0066,G002,Cash,46500
O002885,2025-07-18,C0012,G004,Transfer,74150
O002886,2025-09-25,C0029,G008,QRIS,97775
O002887,2025-08-21,C0049,G003,Cash,45050
O002888,2025-07-20,C0022,G001,QRIS,88500
O002889,2025-04-18,C0046,G007,E-Wallet,23000
O002890,2025-10-23,C0039,G005,Cash,187325
O002891,2025-02-28,C0030,G007,Transfer,4500
O002892,2025-11-13,C0058,G006,QRIS,47500
O002893,2025-06-13,C0071,G001,Transfer,18000
O002894,2025-09-09,C0026,G004,Cash,33425
O002895,2025-10-09,C0094,G009,E-Wallet,74600
O002896,2025-09-21,C0054,G008,E-Wallet,42300
O002897,2025-03-01,C0093,G004,Cash,119150
O002898,2025-04-09,C0088,G009,Transfer,28100
O002899,2025-03-15,C0069,G010,E-Wallet,71250
O002900,2025-07-26,C0043,G003,Transfer,101100
O002901,2025-04-15,C0096,G005,E-Wallet,41625
O002902,2025-10-12,C0094,G004,QRIS,20550
O002903,2025-08-03,C0095,G009,QRIS,46550
O002904,2025-03-07,C0068,G006,QRIS,10500
O002905,2025-09-27,C0084,G003,Transfer,37625
O002906,2025-01-15,C0073,G001,Transfer,93050
O002907,2025-05-12,C0098,G008,E-Wallet,81725
O002908,2025-01-02,C0004,G009,QRIS,119475
O002909,2025-04-30,C0031,G007,Transfer,100000
O002910,2025-03-23,C0089,G010,Cash,53775
O002911,2025-02-26,C0002,G006,QRIS,40500
O002912,2025-10-22,C0040,G009,E-Wallet,41600
O002913,2025-01-29,C0096,G009,QRIS,17000
O002914,2025-12-03,C0056,G001,Transfer,156050
O002915,2025-07-01,C0003,G009,E-Wallet,54200
O002916,2025-08-24,C0061,G008,E-Wallet,10450
O002917,2025-11-14,C0077,G004,QRIS,224725
O002918,2025-03-19,C0080,G005,E-Wallet,121950
O002919,2025-11-25,C0020,G005,Cash,6300
O002920,2025-04-01,C0085,G005,E-Wallet,75050
O002921,2025-06-26,C0081,G005,Cash,38850
O002922,2025-12-20,C0007,G010,E-Wallet,88500
O002923,2025-07-08,C0060,G001,Transfer,57550
O002924,2025-08-30,C0071,G004,QRIS,73500
O002925,2025-02-13,C0033,G010,E-Wallet,17000
O002926,2025-07-01,C0015,G008,Cash,30900
O002927,2025-11-10,C0001,G004,Cash,56725
O002928,2025-11-22,C0038,G006,QRIS,101075
O002929,2025-11-21,C0086,G004,QRIS,48675
O002930,2025-08-13,C0078,G004,Cash,21000
O002931,2025-03-10,C0010,G003,Cash,49800
O002932,2025-06-05,C0052,G007,Cash,72425
O002933,2025-04-11,C0014,G006,E-Wallet,57350
O002934,2025-06-25,C0089,G005,E-Wallet,45275
O002935,2025-06-06,C0008,G001,Transfer,235550
O002936,2025-01-24,C0067,G003,E-Wallet,81375
O002937,2025-08-05,C0095,G001,Transfer,8100
O002938,2025-04-02,C0002,G007,Cash,64200
O002939,2025-03-04,C0019,G001,QRIS,40650
O002940,2025-05-08,C0020,G009,E-Wallet,76825
O002941,2025-08-07,C0060,G009,E-Wallet,71950
O002942,2025-07-25,C0089,G001,E-Wallet,3500
O002943,2025-12-18,C0074,G010,QRIS,11000
O002944,2025-05-31,C0038,G006,E-Wallet,27750
O002945,2025-11-22,C0089,G010,QRIS,67975
O002946,2025-08-26,C0100,G006,QRIS,36650
O002947,2025-02-14,C0096,G001,QRIS,58450
O002948,2025-10-12,C0094,G006,Transfer,12150
O002949,2025-04-08,C0029,G008,Transfer,128500
O002950,2025-07-28,C0059,G008,E-Wallet,38100
O002951,2025-03-30,C0011,G004,E-Wallet,5700
O002952,2025-07-04,C0062,G006,Transfer,44475
O002953,2025-05-24,C0023,G006,Cash,82600
O002954,2025-07-09,C0068,G004,Transfer,167150
O002955,2025-03-20,C0024,G008,QRIS,33500
O002956,2025-04-18,C0072,G004,Transfer,65550
O002957,2025-08-31,C0057,G010,Cash,51000
O002958,2025-04-05,C0060,G010,E-Wallet,115575
O002959,2025-02-13,C0003,G001,Cash,94550
O002960,2025-11-28,C0090,G003,E-Wallet,23000
O002961,2025-09-23,C0033,G002,QRIS,75000
O002962,2025-08-28,C0064,G001,Cash,8500
O002963,2025-02-27,C0088,G007,Transfer,82250
O002964,2025-11-09,C0027,G001,Cash,72150
O002965,2025-08-29,C0051,G001,Transfer,50850
O002966,2025-12-28,C0041,G008,QRIS,32400
O002967,2025-03-23,C0034,G003,QRIS,38625
O002968,2025-09-03,C0058,G003,Transfer,85900
O002969,2025-08-09,C0079,G002,E-Wallet,17000
O002970,2025-05-06,C0040,G005,Cash,82550
O002971,2025-01-06,C0029,G008,E-Wallet,113425
O002972,2025-01-22,C0025,G003,Transfer,112575
O002973,2025-04-03,C0081,G002,E-Wallet,4950
O002974,2025-08-24,C0014,G002,QRIS,16150
O002975,2025-05-09,C0082,G007,E-Wallet,141050
O002976,2025-04-16,C0072,G004,Transfer,8900
O002977,2025-03-26,C0031,G009,E-Wallet,112500
O002978,2025-01-26,C0011,G010,QRIS,135425
O002979,2025-11-11,C0091,G002,Cash,5225
O002980,2025-03-06,C0049,G009,Cash,94500
O002981,2025-02-07,C0020,G010,Cash,46500
O002982,2025-01-13,C0011,G003,Transfer,9675
O002983,2025-03-17,C0074,G003,QRIS,47175
O002984,2025-05-16,C0094,G006,QRIS,124500
O002985,2025-10-06,C0050,G010,E-Wallet,81625
O002986,2025-03-08,C0088,G003,Transfer,160000
O002987,2025-01-01,C0071,G007,Transfer,39550
O002988,2025-05-31,C0019,G008,Transfer,143300
O002989,2025-09-17,C0086,G007,E-Wallet,71550
O002990,2025-12-28,C0085,G010,Transfer,34775
O002991,2025-09-27,C0049,G005,E-Wallet,65050
O002992,2025-07-27,C0027,G002,Transfer,36950
O002993,2025-10-01,C0014,G006,Transfer,13750
O002994,2025-01-16,C0063,G008,Transfer,22125
O002995,2025-12-27,C0012,G006,E-Wallet,19500
O002996,2025-12-24,C0085,G004,E-Wallet,14250
O002997,2025-01-27,C0095,G002,QRIS,13000
O002998,2025-02-28,C0048,G008,QRIS,72950
O002999,2025-08-01,C0019,G003,Cash,36000
O003000,2025-08-01,C0035,G001,QRIS,10500
